"3352","40D2E883AF32D84EAAD8E5D4215DF94BB5A1FE23","0000-00-00",5376,9250865496,660930904,2387371011,3
"40D2E883AF32D84EAAD8E5D4215DF94BB5A1FE23","baselib.dll",418840,418840,190173,0
"40D2E883AF32D84EAAD8E5D4215DF94BB5A1FE23","crashUploader.exe",4547768,4547768,1777883,1
"40D2E883AF32D84EAAD8E5D4215DF94BB5A1FE23","dbdata.dll",413256,413256,154356,2
"40D2E883AF32D84EAAD8E5D4215DF94BB5A1FE23","GameAssembly.dll",471755448,471755448,259084122,3
"40D2E883AF32D84EAAD8E5D4215DF94BB5A1FE23","UnityPlayer.dll",30618032,30618032,11063407,4
"40D2E883AF32D84EAAD8E5D4215DF94BB5A1FE23","UNO.exe",681656,681656,304936,5
"40D2E883AF32D84EAAD8E5D4215DF94BB5A1FE23","bin_plus\baselib.dll",418840,418840,190173,6
"40D2E883AF32D84EAAD8E5D4215DF94BB5A1FE23","bin_plus\crashUploader.exe",4547768,4547768,1777887,7
"40D2E883AF32D84EAAD8E5D4215DF94BB5A1FE23","bin_plus\dbdata.dll",413256,413256,154356,8
"40D2E883AF32D84EAAD8E5D4215DF94BB5A1FE23","bin_plus\GameAssembly.dll",510095544,510095544,281550902,9
"40D2E883AF32D84EAAD8E5D4215DF94BB5A1FE23","bin_plus\UnityPlayer.dll",30618032,30618032,11063407,10
"40D2E883AF32D84EAAD8E5D4215DF94BB5A1FE23","bin_plus\UNO.exe",681656,681656,304936,11
"40D2E883AF32D84EAAD8E5D4215DF94BB5A1FE23","bin_plus\Support\EULA\de-DE.html",29091,29091,10543,12
"40D2E883AF32D84EAAD8E5D4215DF94BB5A1FE23","bin_plus\Support\EULA\en-CA.html",25495,25495,9206,13
"40D2E883AF32D84EAAD8E5D4215DF94BB5A1FE23","bin_plus\Support\EULA\en-GB.html",25318,25318,9130,14
"40D2E883AF32D84EAAD8E5D4215DF94BB5A1FE23","bin_plus\Support\EULA\en-US.html",29067,29067,10365,15
"40D2E883AF32D84EAAD8E5D4215DF94BB5A1FE23","bin_plus\Support\EULA\es-ES.html",28907,28907,10121,16
"40D2E883AF32D84EAAD8E5D4215DF94BB5A1FE23","bin_plus\Support\EULA\fr-CA.html",30679,30679,10501,17
"40D2E883AF32D84EAAD8E5D4215DF94BB5A1FE23","bin_plus\Support\EULA\fr-FR.html",30596,30596,10430,18
"40D2E883AF32D84EAAD8E5D4215DF94BB5A1FE23","bin_plus\Support\EULA\it-IT.html",28776,28776,9728,19
"40D2E883AF32D84EAAD8E5D4215DF94BB5A1FE23","bin_plus\Support\EULA\ja-JP.html",33804,33804,9447,20
"40D2E883AF32D84EAAD8E5D4215DF94BB5A1FE23","bin_plus\Support\EULA\nl-NL.html",30053,30053,10232,21
"40D2E883AF32D84EAAD8E5D4215DF94BB5A1FE23","bin_plus\Support\EULA\pt-BR.html",28092,28092,9987,22
"40D2E883AF32D84EAAD8E5D4215DF94BB5A1FE23","bin_plus\Support\EULA\ru-RU.html",52248,52248,12133,23
"40D2E883AF32D84EAAD8E5D4215DF94BB5A1FE23","bin_plus\Support\EULA\zh-CN.html",20608,20608,7882,24
"40D2E883AF32D84EAAD8E5D4215DF94BB5A1FE23","bin_plus\Support\EULA\zh-TW.html",28417,28417,10230,25
"40D2E883AF32D84EAAD8E5D4215DF94BB5A1FE23","bin_plus\Support\ReadMe\LICENSES.txt",50161,50161,7225,26
"40D2E883AF32D84EAAD8E5D4215DF94BB5A1FE23","bin_plus\Support\ReadMe\Brazilian\ReadMe.txt",9016,9016,3297,27
"40D2E883AF32D84EAAD8E5D4215DF94BB5A1FE23","bin_plus\Support\ReadMe\Dutch\ReadMe.txt",8142,8142,3016,28
"40D2E883AF32D84EAAD8E5D4215DF94BB5A1FE23","bin_plus\Support\ReadMe\English\Readme.txt",8335,8335,3131,29
"40D2E883AF32D84EAAD8E5D4215DF94BB5A1FE23","bin_plus\Support\ReadMe\French\ReadMe.txt",9084,9084,3253,30
"40D2E883AF32D84EAAD8E5D4215DF94BB5A1FE23","bin_plus\Support\ReadMe\German\ReadMe.txt",8563,8563,3320,31
"40D2E883AF32D84EAAD8E5D4215DF94BB5A1FE23","bin_plus\Support\ReadMe\Italian\ReadMe.txt",8537,8537,3133,32
"40D2E883AF32D84EAAD8E5D4215DF94BB5A1FE23","bin_plus\Support\ReadMe\Japanese\ReadMe.txt",9537,9537,3431,33
"40D2E883AF32D84EAAD8E5D4215DF94BB5A1FE23","bin_plus\Support\ReadMe\Polish\Readme.txt",9265,9265,3586,34
"40D2E883AF32D84EAAD8E5D4215DF94BB5A1FE23","bin_plus\Support\ReadMe\Russian\ReadMe.txt",14705,14705,4055,35
"40D2E883AF32D84EAAD8E5D4215DF94BB5A1FE23","bin_plus\Support\ReadMe\SimplifiedChinese\ReadMe.txt",7208,7208,3256,36
"40D2E883AF32D84EAAD8E5D4215DF94BB5A1FE23","bin_plus\Support\ReadMe\Spanish\ReadMe.txt",8691,8691,3128,37
"40D2E883AF32D84EAAD8E5D4215DF94BB5A1FE23","bin_plus\Support\ReadMe\TraditionalChinese\ReadMe.txt",7472,7472,3244,38
"40D2E883AF32D84EAAD8E5D4215DF94BB5A1FE23","bin_plus\Support\redist\UbisoftConnectInstaller.exe",237440152,237440152,236924745,39
"40D2E883AF32D84EAAD8E5D4215DF94BB5A1FE23","bin_plus\Support\redist\directX\Apr2005_d3dx9_25_x64.cab",1347354,1347354,1344743,40
"40D2E883AF32D84EAAD8E5D4215DF94BB5A1FE23","bin_plus\Support\redist\directX\Apr2005_d3dx9_25_x86.cab",1078962,1078962,1073855,41
"40D2E883AF32D84EAAD8E5D4215DF94BB5A1FE23","bin_plus\Support\redist\directX\Apr2006_d3dx9_30_x64.cab",1397830,1397830,1395153,42
"40D2E883AF32D84EAAD8E5D4215DF94BB5A1FE23","bin_plus\Support\redist\directX\Apr2006_d3dx9_30_x86.cab",1115221,1115221,1110388,43
"40D2E883AF32D84EAAD8E5D4215DF94BB5A1FE23","bin_plus\Support\redist\directX\Apr2006_MDX1_x86.cab",916430,916430,909712,44
"40D2E883AF32D84EAAD8E5D4215DF94BB5A1FE23","bin_plus\Support\redist\directX\Apr2006_MDX1_x86_Archive.cab",4162630,4162630,4152811,45
"40D2E883AF32D84EAAD8E5D4215DF94BB5A1FE23","bin_plus\Support\redist\directX\Apr2006_XACT_x64.cab",179133,179133,177074,46
"40D2E883AF32D84EAAD8E5D4215DF94BB5A1FE23","bin_plus\Support\redist\directX\Apr2006_XACT_x86.cab",133103,133103,130857,47
"40D2E883AF32D84EAAD8E5D4215DF94BB5A1FE23","bin_plus\Support\redist\directX\Apr2006_xinput_x64.cab",87101,87101,84983,48
"40D2E883AF32D84EAAD8E5D4215DF94BB5A1FE23","bin_plus\Support\redist\directX\Apr2006_xinput_x86.cab",46010,46010,43856,49
"40D2E883AF32D84EAAD8E5D4215DF94BB5A1FE23","bin_plus\Support\redist\directX\APR2007_d3dx10_33_x64.cab",698612,698612,696489,50
"40D2E883AF32D84EAAD8E5D4215DF94BB5A1FE23","bin_plus\Support\redist\directX\APR2007_d3dx10_33_x86.cab",695865,695865,693776,51
"40D2E883AF32D84EAAD8E5D4215DF94BB5A1FE23","bin_plus\Support\redist\directX\APR2007_d3dx9_33_x64.cab",1607358,1607358,1604459,52
"40D2E883AF32D84EAAD8E5D4215DF94BB5A1FE23","bin_plus\Support\redist\directX\APR2007_d3dx9_33_x86.cab",1606039,1606039,1600898,53
"40D2E883AF32D84EAAD8E5D4215DF94BB5A1FE23","bin_plus\Support\redist\directX\APR2007_XACT_x64.cab",195766,195766,193696,54
"40D2E883AF32D84EAAD8E5D4215DF94BB5A1FE23","bin_plus\Support\redist\directX\APR2007_XACT_x86.cab",151225,151225,149126,55
"40D2E883AF32D84EAAD8E5D4215DF94BB5A1FE23","bin_plus\Support\redist\directX\APR2007_xinput_x64.cab",96817,96817,94650,56
"40D2E883AF32D84EAAD8E5D4215DF94BB5A1FE23","bin_plus\Support\redist\directX\APR2007_xinput_x86.cab",53302,53302,51111,57
"40D2E883AF32D84EAAD8E5D4215DF94BB5A1FE23","bin_plus\Support\redist\directX\Aug2005_d3dx9_27_x64.cab",1350542,1350542,1348487,58
"40D2E883AF32D84EAAD8E5D4215DF94BB5A1FE23","bin_plus\Support\redist\directX\Aug2005_d3dx9_27_x86.cab",1077644,1077644,1072829,59
"40D2E883AF32D84EAAD8E5D4215DF94BB5A1FE23","bin_plus\Support\redist\directX\AUG2006_XACT_x64.cab",182903,182903,180849,60
"40D2E883AF32D84EAAD8E5D4215DF94BB5A1FE23","bin_plus\Support\redist\directX\AUG2006_XACT_x86.cab",137235,137235,135125,61
"40D2E883AF32D84EAAD8E5D4215DF94BB5A1FE23","bin_plus\Support\redist\directX\AUG2006_xinput_x64.cab",87142,87142,85003,62
"40D2E883AF32D84EAAD8E5D4215DF94BB5A1FE23","bin_plus\Support\redist\directX\AUG2006_xinput_x86.cab",46058,46058,43898,63
"40D2E883AF32D84EAAD8E5D4215DF94BB5A1FE23","bin_plus\Support\redist\directX\AUG2007_d3dx10_35_x64.cab",852286,852286,850191,64
"40D2E883AF32D84EAAD8E5D4215DF94BB5A1FE23","bin_plus\Support\redist\directX\AUG2007_d3dx10_35_x86.cab",796867,796867,794261,65
"40D2E883AF32D84EAAD8E5D4215DF94BB5A1FE23","bin_plus\Support\redist\directX\AUG2007_d3dx9_35_x64.cab",1800160,1800160,1797966,66
"40D2E883AF32D84EAAD8E5D4215DF94BB5A1FE23","bin_plus\Support\redist\directX\AUG2007_d3dx9_35_x86.cab",1708152,1708152,1703093,67
"40D2E883AF32D84EAAD8E5D4215DF94BB5A1FE23","bin_plus\Support\redist\directX\AUG2007_XACT_x64.cab",198096,198096,196036,68
"40D2E883AF32D84EAAD8E5D4215DF94BB5A1FE23","bin_plus\Support\redist\directX\AUG2007_XACT_x86.cab",153012,153012,150926,69
"40D2E883AF32D84EAAD8E5D4215DF94BB5A1FE23","bin_plus\Support\redist\directX\Aug2008_d3dx10_39_x64.cab",867612,867612,864799,70
"40D2E883AF32D84EAAD8E5D4215DF94BB5A1FE23","bin_plus\Support\redist\directX\Aug2008_d3dx10_39_x86.cab",849167,849167,846363,71
"40D2E883AF32D84EAAD8E5D4215DF94BB5A1FE23","bin_plus\Support\redist\directX\Aug2008_d3dx9_39_x64.cab",1794084,1794084,1790641,72
"40D2E883AF32D84EAAD8E5D4215DF94BB5A1FE23","bin_plus\Support\redist\directX\Aug2008_d3dx9_39_x86.cab",1464672,1464672,1462596,73
"40D2E883AF32D84EAAD8E5D4215DF94BB5A1FE23","bin_plus\Support\redist\directX\Aug2008_XACT_x64.cab",121772,121772,119651,74
"40D2E883AF32D84EAAD8E5D4215DF94BB5A1FE23","bin_plus\Support\redist\directX\Aug2008_XACT_x86.cab",92996,92996,90824,75
"40D2E883AF32D84EAAD8E5D4215DF94BB5A1FE23","bin_plus\Support\redist\directX\Aug2008_XAudio_x64.cab",271412,271412,269314,76
"40D2E883AF32D84EAAD8E5D4215DF94BB5A1FE23","bin_plus\Support\redist\directX\Aug2008_XAudio_x86.cab",271038,271038,268891,77
"40D2E883AF32D84EAAD8E5D4215DF94BB5A1FE23","bin_plus\Support\redist\directX\Aug2009_D3DCompiler_42_x64.cab",919044,919044,911897,78
"40D2E883AF32D84EAAD8E5D4215DF94BB5A1FE23","bin_plus\Support\redist\directX\Aug2009_D3DCompiler_42_x86.cab",900598,900598,895301,79
"40D2E883AF32D84EAAD8E5D4215DF94BB5A1FE23","bin_plus\Support\redist\directX\Aug2009_d3dcsx_42_x64.cab",3112111,3112111,3109982,80
"40D2E883AF32D84EAAD8E5D4215DF94BB5A1FE23","bin_plus\Support\redist\directX\Aug2009_d3dcsx_42_x86.cab",3319740,3319740,3315656,81
"40D2E883AF32D84EAAD8E5D4215DF94BB5A1FE23","bin_plus\Support\redist\directX\Aug2009_d3dx10_42_x64.cab",232635,232635,230581,82
"40D2E883AF32D84EAAD8E5D4215DF94BB5A1FE23","bin_plus\Support\redist\directX\Aug2009_d3dx10_42_x86.cab",192131,192131,190003,83
"40D2E883AF32D84EAAD8E5D4215DF94BB5A1FE23","bin_plus\Support\redist\directX\Aug2009_d3dx11_42_x64.cab",136301,136301,134308,84
"40D2E883AF32D84EAAD8E5D4215DF94BB5A1FE23","bin_plus\Support\redist\directX\Aug2009_d3dx11_42_x86.cab",105044,105044,102815,85
"40D2E883AF32D84EAAD8E5D4215DF94BB5A1FE23","bin_plus\Support\redist\directX\Aug2009_d3dx9_42_x64.cab",930116,930116,927088,86
"40D2E883AF32D84EAAD8E5D4215DF94BB5A1FE23","bin_plus\Support\redist\directX\Aug2009_d3dx9_42_x86.cab",728456,728456,725096,87
"40D2E883AF32D84EAAD8E5D4215DF94BB5A1FE23","bin_plus\Support\redist\directX\Aug2009_XACT_x64.cab",122408,122408,120284,88
"40D2E883AF32D84EAAD8E5D4215DF94BB5A1FE23","bin_plus\Support\redist\directX\Aug2009_XACT_x86.cab",93106,93106,90971,89
"40D2E883AF32D84EAAD8E5D4215DF94BB5A1FE23","bin_plus\Support\redist\directX\Aug2009_XAudio_x64.cab",273264,273264,271171,90
"40D2E883AF32D84EAAD8E5D4215DF94BB5A1FE23","bin_plus\Support\redist\directX\Aug2009_XAudio_x86.cab",272642,272642,270536,91
"40D2E883AF32D84EAAD8E5D4215DF94BB5A1FE23","bin_plus\Support\redist\directX\Dec2005_d3dx9_28_x64.cab",1357976,1357976,1355322,92
"40D2E883AF32D84EAAD8E5D4215DF94BB5A1FE23","bin_plus\Support\redist\directX\Dec2005_d3dx9_28_x86.cab",1079456,1079456,1074608,93
"40D2E883AF32D84EAAD8E5D4215DF94BB5A1FE23","bin_plus\Support\redist\directX\DEC2006_d3dx10_00_x64.cab",212807,212807,210722,94
"40D2E883AF32D84EAAD8E5D4215DF94BB5A1FE23","bin_plus\Support\redist\directX\DEC2006_d3dx10_00_x86.cab",191720,191720,189577,95
"40D2E883AF32D84EAAD8E5D4215DF94BB5A1FE23","bin_plus\Support\redist\directX\DEC2006_d3dx9_32_x64.cab",1571154,1571154,1568399,96
"40D2E883AF32D84EAAD8E5D4215DF94BB5A1FE23","bin_plus\Support\redist\directX\DEC2006_d3dx9_32_x86.cab",1574376,1574376,1569491,97
"40D2E883AF32D84EAAD8E5D4215DF94BB5A1FE23","bin_plus\Support\redist\directX\DEC2006_XACT_x64.cab",192475,192475,190396,98
"40D2E883AF32D84EAAD8E5D4215DF94BB5A1FE23","bin_plus\Support\redist\directX\DEC2006_XACT_x86.cab",145599,145599,143505,99
"40D2E883AF32D84EAAD8E5D4215DF94BB5A1FE23","bin_plus\Support\redist\directX\DSETUP.dll",95576,95576,47074,100
"40D2E883AF32D84EAAD8E5D4215DF94BB5A1FE23","bin_plus\Support\redist\directX\dsetup32.dll",1566040,1566040,115892,101
"40D2E883AF32D84EAAD8E5D4215DF94BB5A1FE23","bin_plus\Support\redist\directX\dxdllreg_x86.cab",44624,44624,42482,102
"40D2E883AF32D84EAAD8E5D4215DF94BB5A1FE23","bin_plus\Support\redist\directX\DXSETUP.exe",517976,517976,101701,103
"40D2E883AF32D84EAAD8E5D4215DF94BB5A1FE23","bin_plus\Support\redist\directX\dxupdate.cab",97152,97152,94901,104
"40D2E883AF32D84EAAD8E5D4215DF94BB5A1FE23","bin_plus\Support\redist\directX\Feb2005_d3dx9_24_x64.cab",1247499,1247499,1244922,105
"40D2E883AF32D84EAAD8E5D4215DF94BB5A1FE23","bin_plus\Support\redist\directX\Feb2005_d3dx9_24_x86.cab",1013225,1013225,1008342,106
"40D2E883AF32D84EAAD8E5D4215DF94BB5A1FE23","bin_plus\Support\redist\directX\Feb2006_d3dx9_29_x64.cab",1362796,1362796,1360185,107
"40D2E883AF32D84EAAD8E5D4215DF94BB5A1FE23","bin_plus\Support\redist\directX\Feb2006_d3dx9_29_x86.cab",1084720,1084720,1079685,108
"40D2E883AF32D84EAAD8E5D4215DF94BB5A1FE23","bin_plus\Support\redist\directX\Feb2006_XACT_x64.cab",178359,178359,176285,109
"40D2E883AF32D84EAAD8E5D4215DF94BB5A1FE23","bin_plus\Support\redist\directX\Feb2006_XACT_x86.cab",132409,132409,130142,110
"40D2E883AF32D84EAAD8E5D4215DF94BB5A1FE23","bin_plus\Support\redist\directX\FEB2007_XACT_x64.cab",194675,194675,192610,111
"40D2E883AF32D84EAAD8E5D4215DF94BB5A1FE23","bin_plus\Support\redist\directX\FEB2007_XACT_x86.cab",147983,147983,145887,112
"40D2E883AF32D84EAAD8E5D4215DF94BB5A1FE23","bin_plus\Support\redist\directX\Feb2010_X3DAudio_x64.cab",54678,54678,52477,113
"40D2E883AF32D84EAAD8E5D4215DF94BB5A1FE23","bin_plus\Support\redist\directX\Feb2010_X3DAudio_x86.cab",20713,20713,18464,114
"40D2E883AF32D84EAAD8E5D4215DF94BB5A1FE23","bin_plus\Support\redist\directX\Feb2010_XACT_x64.cab",122446,122446,120323,115
"40D2E883AF32D84EAAD8E5D4215DF94BB5A1FE23","bin_plus\Support\redist\directX\Feb2010_XACT_x86.cab",93180,93180,91043,116
"40D2E883AF32D84EAAD8E5D4215DF94BB5A1FE23","bin_plus\Support\redist\directX\Feb2010_XAudio_x64.cab",276960,276960,274871,117
"40D2E883AF32D84EAAD8E5D4215DF94BB5A1FE23","bin_plus\Support\redist\directX\Feb2010_XAudio_x86.cab",277191,277191,275079,118
"40D2E883AF32D84EAAD8E5D4215DF94BB5A1FE23","bin_plus\Support\redist\directX\Jun2005_d3dx9_26_x64.cab",1336002,1336002,1333316,119
"40D2E883AF32D84EAAD8E5D4215DF94BB5A1FE23","bin_plus\Support\redist\directX\Jun2005_d3dx9_26_x86.cab",1064925,1064925,1059886,120
"40D2E883AF32D84EAAD8E5D4215DF94BB5A1FE23","bin_plus\Support\redist\directX\JUN2006_XACT_x64.cab",180785,180785,178734,121
"40D2E883AF32D84EAAD8E5D4215DF94BB5A1FE23","bin_plus\Support\redist\directX\JUN2006_XACT_x86.cab",133671,133671,131426,122
"40D2E883AF32D84EAAD8E5D4215DF94BB5A1FE23","bin_plus\Support\redist\directX\JUN2007_d3dx10_34_x64.cab",699044,699044,696968,123
"40D2E883AF32D84EAAD8E5D4215DF94BB5A1FE23","bin_plus\Support\redist\directX\JUN2007_d3dx10_34_x86.cab",698472,698472,696399,124
"40D2E883AF32D84EAAD8E5D4215DF94BB5A1FE23","bin_plus\Support\redist\directX\JUN2007_d3dx9_34_x64.cab",1607774,1607774,1605070,125
"40D2E883AF32D84EAAD8E5D4215DF94BB5A1FE23","bin_plus\Support\redist\directX\JUN2007_d3dx9_34_x86.cab",1607286,1607286,1602095,126
"40D2E883AF32D84EAAD8E5D4215DF94BB5A1FE23","bin_plus\Support\redist\directX\JUN2007_XACT_x64.cab",197122,197122,195038,127
"40D2E883AF32D84EAAD8E5D4215DF94BB5A1FE23","bin_plus\Support\redist\directX\JUN2007_XACT_x86.cab",152909,152909,150823,128
"40D2E883AF32D84EAAD8E5D4215DF94BB5A1FE23","bin_plus\Support\redist\directX\JUN2008_d3dx10_38_x64.cab",867828,867828,865090,129
"40D2E883AF32D84EAAD8E5D4215DF94BB5A1FE23","bin_plus\Support\redist\directX\JUN2008_d3dx10_38_x86.cab",849919,849919,847157,130
"40D2E883AF32D84EAAD8E5D4215DF94BB5A1FE23","bin_plus\Support\redist\directX\JUN2008_d3dx9_38_x64.cab",1792608,1792608,1789141,131
"40D2E883AF32D84EAAD8E5D4215DF94BB5A1FE23","bin_plus\Support\redist\directX\JUN2008_d3dx9_38_x86.cab",1463878,1463878,1460619,132
"40D2E883AF32D84EAAD8E5D4215DF94BB5A1FE23","bin_plus\Support\redist\directX\JUN2008_X3DAudio_x64.cab",55154,55154,52952,133
"40D2E883AF32D84EAAD8E5D4215DF94BB5A1FE23","bin_plus\Support\redist\directX\JUN2008_X3DAudio_x86.cab",21905,21905,19681,134
"40D2E883AF32D84EAAD8E5D4215DF94BB5A1FE23","bin_plus\Support\redist\directX\JUN2008_XACT_x64.cab",121054,121054,118920,135
"40D2E883AF32D84EAAD8E5D4215DF94BB5A1FE23","bin_plus\Support\redist\directX\JUN2008_XACT_x86.cab",93128,93128,90976,136
"40D2E883AF32D84EAAD8E5D4215DF94BB5A1FE23","bin_plus\Support\redist\directX\JUN2008_XAudio_x64.cab",269628,269628,267524,137
"40D2E883AF32D84EAAD8E5D4215DF94BB5A1FE23","bin_plus\Support\redist\directX\JUN2008_XAudio_x86.cab",269024,269024,266917,138
"40D2E883AF32D84EAAD8E5D4215DF94BB5A1FE23","bin_plus\Support\redist\directX\Jun2010_D3DCompiler_43_x64.cab",944460,944460,942381,139
"40D2E883AF32D84EAAD8E5D4215DF94BB5A1FE23","bin_plus\Support\redist\directX\Jun2010_D3DCompiler_43_x86.cab",931471,931471,928562,140
"40D2E883AF32D84EAAD8E5D4215DF94BB5A1FE23","bin_plus\Support\redist\directX\Jun2010_d3dcsx_43_x64.cab",752783,752783,748290,141
"40D2E883AF32D84EAAD8E5D4215DF94BB5A1FE23","bin_plus\Support\redist\directX\Jun2010_d3dcsx_43_x86.cab",762188,762188,752535,142
"40D2E883AF32D84EAAD8E5D4215DF94BB5A1FE23","bin_plus\Support\redist\directX\Jun2010_d3dx10_43_x64.cab",235955,235955,233866,143
"40D2E883AF32D84EAAD8E5D4215DF94BB5A1FE23","bin_plus\Support\redist\directX\Jun2010_d3dx10_43_x86.cab",197283,197283,195103,144
"40D2E883AF32D84EAAD8E5D4215DF94BB5A1FE23","bin_plus\Support\redist\directX\Jun2010_d3dx11_43_x64.cab",138205,138205,136096,145
"40D2E883AF32D84EAAD8E5D4215DF94BB5A1FE23","bin_plus\Support\redist\directX\Jun2010_d3dx11_43_x86.cab",109445,109445,107204,146
"40D2E883AF32D84EAAD8E5D4215DF94BB5A1FE23","bin_plus\Support\redist\directX\Jun2010_d3dx9_43_x64.cab",937246,937246,934422,147
"40D2E883AF32D84EAAD8E5D4215DF94BB5A1FE23","bin_plus\Support\redist\directX\Jun2010_d3dx9_43_x86.cab",768036,768036,764920,148
"40D2E883AF32D84EAAD8E5D4215DF94BB5A1FE23","bin_plus\Support\redist\directX\Jun2010_XACT_x64.cab",124596,124596,122473,149
"40D2E883AF32D84EAAD8E5D4215DF94BB5A1FE23","bin_plus\Support\redist\directX\Jun2010_XACT_x86.cab",93686,93686,91545,150
"40D2E883AF32D84EAAD8E5D4215DF94BB5A1FE23","bin_plus\Support\redist\directX\Jun2010_XAudio_x64.cab",277338,277338,275253,151
"40D2E883AF32D84EAAD8E5D4215DF94BB5A1FE23","bin_plus\Support\redist\directX\Jun2010_XAudio_x86.cab",278060,278060,275939,152
"40D2E883AF32D84EAAD8E5D4215DF94BB5A1FE23","bin_plus\Support\redist\directX\Mar2008_d3dx10_37_x64.cab",844884,844884,842194,153
"40D2E883AF32D84EAAD8E5D4215DF94BB5A1FE23","bin_plus\Support\redist\directX\Mar2008_d3dx10_37_x86.cab",818260,818260,815183,154
"40D2E883AF32D84EAAD8E5D4215DF94BB5A1FE23","bin_plus\Support\redist\directX\Mar2008_d3dx9_37_x64.cab",1769862,1769862,1766187,155
"40D2E883AF32D84EAAD8E5D4215DF94BB5A1FE23","bin_plus\Support\redist\directX\Mar2008_d3dx9_37_x86.cab",1443282,1443282,1439864,156
"40D2E883AF32D84EAAD8E5D4215DF94BB5A1FE23","bin_plus\Support\redist\directX\Mar2008_X3DAudio_x64.cab",55058,55058,52851,157
"40D2E883AF32D84EAAD8E5D4215DF94BB5A1FE23","bin_plus\Support\redist\directX\Mar2008_X3DAudio_x86.cab",21867,21867,19616,158
"40D2E883AF32D84EAAD8E5D4215DF94BB5A1FE23","bin_plus\Support\redist\directX\Mar2008_XACT_x64.cab",122336,122336,120202,159
"40D2E883AF32D84EAAD8E5D4215DF94BB5A1FE23","bin_plus\Support\redist\directX\Mar2008_XACT_x86.cab",93734,93734,91589,160
"40D2E883AF32D84EAAD8E5D4215DF94BB5A1FE23","bin_plus\Support\redist\directX\Mar2008_XAudio_x64.cab",251194,251194,249162,161
"40D2E883AF32D84EAAD8E5D4215DF94BB5A1FE23","bin_plus\Support\redist\directX\Mar2008_XAudio_x86.cab",226250,226250,224152,162
"40D2E883AF32D84EAAD8E5D4215DF94BB5A1FE23","bin_plus\Support\redist\directX\Mar2009_d3dx10_41_x64.cab",1067160,1067160,1060563,163
"40D2E883AF32D84EAAD8E5D4215DF94BB5A1FE23","bin_plus\Support\redist\directX\Mar2009_d3dx10_41_x86.cab",1040745,1040745,1035703,164
"40D2E883AF32D84EAAD8E5D4215DF94BB5A1FE23","bin_plus\Support\redist\directX\Mar2009_d3dx9_41_x64.cab",1973702,1973702,1966092,165
"40D2E883AF32D84EAAD8E5D4215DF94BB5A1FE23","bin_plus\Support\redist\directX\Mar2009_d3dx9_41_x86.cab",1612446,1612446,1607990,166
"40D2E883AF32D84EAAD8E5D4215DF94BB5A1FE23","bin_plus\Support\redist\directX\Mar2009_X3DAudio_x64.cab",54600,54600,52391,167
"40D2E883AF32D84EAAD8E5D4215DF94BB5A1FE23","bin_plus\Support\redist\directX\Mar2009_X3DAudio_x86.cab",21298,21298,19078,168
"40D2E883AF32D84EAAD8E5D4215DF94BB5A1FE23","bin_plus\Support\redist\directX\Mar2009_XACT_x64.cab",121506,121506,119420,169
"40D2E883AF32D84EAAD8E5D4215DF94BB5A1FE23","bin_plus\Support\redist\directX\Mar2009_XACT_x86.cab",92740,92740,90591,170
"40D2E883AF32D84EAAD8E5D4215DF94BB5A1FE23","bin_plus\Support\redist\directX\Mar2009_XAudio_x64.cab",275044,275044,272953,171
"40D2E883AF32D84EAAD8E5D4215DF94BB5A1FE23","bin_plus\Support\redist\directX\Mar2009_XAudio_x86.cab",273018,273018,270882,172
"40D2E883AF32D84EAAD8E5D4215DF94BB5A1FE23","bin_plus\Support\redist\directX\Nov2007_d3dx10_36_x64.cab",864600,864600,862545,173
"40D2E883AF32D84EAAD8E5D4215DF94BB5A1FE23","bin_plus\Support\redist\directX\Nov2007_d3dx10_36_x86.cab",803884,803884,801800,174
"40D2E883AF32D84EAAD8E5D4215DF94BB5A1FE23","bin_plus\Support\redist\directX\Nov2007_d3dx9_36_x64.cab",1802058,1802058,1799814,175
"40D2E883AF32D84EAAD8E5D4215DF94BB5A1FE23","bin_plus\Support\redist\directX\Nov2007_d3dx9_36_x86.cab",1709360,1709360,1704019,176
"40D2E883AF32D84EAAD8E5D4215DF94BB5A1FE23","bin_plus\Support\redist\directX\NOV2007_X3DAudio_x64.cab",46144,46144,43941,177
"40D2E883AF32D84EAAD8E5D4215DF94BB5A1FE23","bin_plus\Support\redist\directX\NOV2007_X3DAudio_x86.cab",18496,18496,16258,178
"40D2E883AF32D84EAAD8E5D4215DF94BB5A1FE23","bin_plus\Support\redist\directX\NOV2007_XACT_x64.cab",196762,196762,194700,179
"40D2E883AF32D84EAAD8E5D4215DF94BB5A1FE23","bin_plus\Support\redist\directX\NOV2007_XACT_x86.cab",148264,148264,146169,180
"40D2E883AF32D84EAAD8E5D4215DF94BB5A1FE23","bin_plus\Support\redist\directX\Nov2008_d3dx10_40_x64.cab",994154,994154,988636,181
"40D2E883AF32D84EAAD8E5D4215DF94BB5A1FE23","bin_plus\Support\redist\directX\Nov2008_d3dx10_40_x86.cab",965421,965421,961167,182
"40D2E883AF32D84EAAD8E5D4215DF94BB5A1FE23","bin_plus\Support\redist\directX\Nov2008_d3dx9_40_x64.cab",1906878,1906878,1900499,183
"40D2E883AF32D84EAAD8E5D4215DF94BB5A1FE23","bin_plus\Support\redist\directX\Nov2008_d3dx9_40_x86.cab",1550796,1550796,1546785,184
"40D2E883AF32D84EAAD8E5D4215DF94BB5A1FE23","bin_plus\Support\redist\directX\Nov2008_X3DAudio_x64.cab",54522,54522,52317,185
"40D2E883AF32D84EAAD8E5D4215DF94BB5A1FE23","bin_plus\Support\redist\directX\Nov2008_X3DAudio_x86.cab",21851,21851,19598,186
"40D2E883AF32D84EAAD8E5D4215DF94BB5A1FE23","bin_plus\Support\redist\directX\Nov2008_XACT_x64.cab",121794,121794,119696,187
"40D2E883AF32D84EAAD8E5D4215DF94BB5A1FE23","bin_plus\Support\redist\directX\Nov2008_XACT_x86.cab",92684,92684,90518,188
"40D2E883AF32D84EAAD8E5D4215DF94BB5A1FE23","bin_plus\Support\redist\directX\Nov2008_XAudio_x64.cab",273960,273960,271856,189
"40D2E883AF32D84EAAD8E5D4215DF94BB5A1FE23","bin_plus\Support\redist\directX\Nov2008_XAudio_x86.cab",272611,272611,270502,190
"40D2E883AF32D84EAAD8E5D4215DF94BB5A1FE23","bin_plus\Support\redist\directX\Oct2005_xinput_x64.cab",86037,86037,83861,191
"40D2E883AF32D84EAAD8E5D4215DF94BB5A1FE23","bin_plus\Support\redist\directX\Oct2005_xinput_x86.cab",45359,45359,43194,192
"40D2E883AF32D84EAAD8E5D4215DF94BB5A1FE23","bin_plus\Support\redist\directX\OCT2006_d3dx9_31_x64.cab",1412902,1412902,1410210,193
"40D2E883AF32D84EAAD8E5D4215DF94BB5A1FE23","bin_plus\Support\redist\directX\OCT2006_d3dx9_31_x86.cab",1127217,1127217,1122040,194
"40D2E883AF32D84EAAD8E5D4215DF94BB5A1FE23","bin_plus\Support\redist\directX\OCT2006_XACT_x64.cab",182361,182361,180283,195
"40D2E883AF32D84EAAD8E5D4215DF94BB5A1FE23","bin_plus\Support\redist\directX\OCT2006_XACT_x86.cab",138017,138017,135912,196
"40D2E883AF32D84EAAD8E5D4215DF94BB5A1FE23","bin_plus\Support\redist\vsredist\vcredist120_x64.exe",7194312,7194312,6957248,197
"40D2E883AF32D84EAAD8E5D4215DF94BB5A1FE23","bin_plus\Support\redist\vsredist\vcredist_x64.exe",7188144,7188144,6975229,198
"40D2E883AF32D84EAAD8E5D4215DF94BB5A1FE23","bin_plus\Support\redist\vsredist\VC_redist.x64.exe",25234792,25234792,24579518,199
"40D2E883AF32D84EAAD8E5D4215DF94BB5A1FE23","bin_plus\UNO_Data\app.info",14,14,23,200
"40D2E883AF32D84EAAD8E5D4215DF94BB5A1FE23","bin_plus\UNO_Data\boot.config",181,181,136,201
"40D2E883AF32D84EAAD8E5D4215DF94BB5A1FE23","bin_plus\UNO_Data\globalgamemanagers",2260352,2260352,437584,202
"40D2E883AF32D84EAAD8E5D4215DF94BB5A1FE23","bin_plus\UNO_Data\globalgamemanagers.assets",454756,454756,78110,203
"40D2E883AF32D84EAAD8E5D4215DF94BB5A1FE23","bin_plus\UNO_Data\globalgamemanagers.assets.resS",6220800,6220800,726480,204
"40D2E883AF32D84EAAD8E5D4215DF94BB5A1FE23","bin_plus\UNO_Data\level0",185428,185428,21893,205
"40D2E883AF32D84EAAD8E5D4215DF94BB5A1FE23","bin_plus\UNO_Data\level1",17332,17332,3837,206
"40D2E883AF32D84EAAD8E5D4215DF94BB5A1FE23","bin_plus\UNO_Data\level2",553436,553436,49125,207
"40D2E883AF32D84EAAD8E5D4215DF94BB5A1FE23","bin_plus\UNO_Data\level3",51764,51764,10019,208
"40D2E883AF32D84EAAD8E5D4215DF94BB5A1FE23","bin_plus\UNO_Data\level4",11884,11884,3126,209
"40D2E883AF32D84EAAD8E5D4215DF94BB5A1FE23","bin_plus\UNO_Data\level5",34292,34292,7230,210
"40D2E883AF32D84EAAD8E5D4215DF94BB5A1FE23","bin_plus\UNO_Data\level6",34852,34852,7566,211
"40D2E883AF32D84EAAD8E5D4215DF94BB5A1FE23","bin_plus\UNO_Data\level7",323876,323876,24874,212
"40D2E883AF32D84EAAD8E5D4215DF94BB5A1FE23","bin_plus\UNO_Data\level8",65028,65028,11634,213
"40D2E883AF32D84EAAD8E5D4215DF94BB5A1FE23","bin_plus\UNO_Data\resources.assets",29048956,29048956,3821061,214
"40D2E883AF32D84EAAD8E5D4215DF94BB5A1FE23","bin_plus\UNO_Data\resources.assets.resS",460945680,460945680,74583221,215
"40D2E883AF32D84EAAD8E5D4215DF94BB5A1FE23","bin_plus\UNO_Data\resources.resource",30241945,30241945,29527887,216
"40D2E883AF32D84EAAD8E5D4215DF94BB5A1FE23","bin_plus\UNO_Data\RuntimeInitializeOnLoads.json",1021,1021,315,217
"40D2E883AF32D84EAAD8E5D4215DF94BB5A1FE23","bin_plus\UNO_Data\ScriptingAssemblies.json",3792,3792,953,218
"40D2E883AF32D84EAAD8E5D4215DF94BB5A1FE23","bin_plus\UNO_Data\sharedassets0.assets",58224572,58224572,41477310,219
"40D2E883AF32D84EAAD8E5D4215DF94BB5A1FE23","bin_plus\UNO_Data\sharedassets0.assets.resS",108642544,108642544,18608965,220
"40D2E883AF32D84EAAD8E5D4215DF94BB5A1FE23","bin_plus\UNO_Data\sharedassets0.resource",11446282,11446282,10843953,221
"40D2E883AF32D84EAAD8E5D4215DF94BB5A1FE23","bin_plus\UNO_Data\sharedassets1.assets",11676,11676,4615,222
"40D2E883AF32D84EAAD8E5D4215DF94BB5A1FE23","bin_plus\UNO_Data\sharedassets1.assets.resS",13282000,13282000,766455,223
"40D2E883AF32D84EAAD8E5D4215DF94BB5A1FE23","bin_plus\UNO_Data\sharedassets2.assets",1296652,1296652,529460,224
"40D2E883AF32D84EAAD8E5D4215DF94BB5A1FE23","bin_plus\UNO_Data\sharedassets2.assets.resS",51220896,51220896,7879598,225
"40D2E883AF32D84EAAD8E5D4215DF94BB5A1FE23","bin_plus\UNO_Data\sharedassets3.assets",1055516,1055516,276360,226
"40D2E883AF32D84EAAD8E5D4215DF94BB5A1FE23","bin_plus\UNO_Data\sharedassets3.assets.resS",10857232,10857232,2164283,227
"40D2E883AF32D84EAAD8E5D4215DF94BB5A1FE23","bin_plus\UNO_Data\sharedassets4.assets",8952,8952,4026,228
"40D2E883AF32D84EAAD8E5D4215DF94BB5A1FE23","bin_plus\UNO_Data\sharedassets4.assets.resS",1122064,1122064,86896,229
"40D2E883AF32D84EAAD8E5D4215DF94BB5A1FE23","bin_plus\UNO_Data\sharedassets5.assets",10332,10332,2915,230
"40D2E883AF32D84EAAD8E5D4215DF94BB5A1FE23","bin_plus\UNO_Data\sharedassets5.assets.resS",8508224,8508224,2380989,231
"40D2E883AF32D84EAAD8E5D4215DF94BB5A1FE23","bin_plus\UNO_Data\sharedassets6.assets",4736,4736,829,232
"40D2E883AF32D84EAAD8E5D4215DF94BB5A1FE23","bin_plus\UNO_Data\sharedassets7.assets",182524,182524,23728,233
"40D2E883AF32D84EAAD8E5D4215DF94BB5A1FE23","bin_plus\UNO_Data\sharedassets7.assets.resS",17011008,17011008,312784,234
"40D2E883AF32D84EAAD8E5D4215DF94BB5A1FE23","bin_plus\UNO_Data\sharedassets8.assets",248052,248052,44571,235
"40D2E883AF32D84EAAD8E5D4215DF94BB5A1FE23","bin_plus\UNO_Data\sharedassets8.assets.resS",44970912,44970912,2772775,236
"40D2E883AF32D84EAAD8E5D4215DF94BB5A1FE23","bin_plus\UNO_Data\il2cpp_data\Metadata\global-metadata.dat",14766108,14766108,3368891,237
"40D2E883AF32D84EAAD8E5D4215DF94BB5A1FE23","bin_plus\UNO_Data\il2cpp_data\Resources\Coffee.UIParticle.R.dll-resources.dat",17,17,26,238
"40D2E883AF32D84EAAD8E5D4215DF94BB5A1FE23","bin_plus\UNO_Data\il2cpp_data\Resources\mscorlib.dll-resources.dat",337563,337563,123146,239
"40D2E883AF32D84EAAD8E5D4215DF94BB5A1FE23","bin_plus\UNO_Data\il2cpp_data\Resources\System.Data.dll-resources.dat",93718,93718,7291,240
"40D2E883AF32D84EAAD8E5D4215DF94BB5A1FE23","bin_plus\UNO_Data\Plugins\Steamworks.NET.txt",240,240,159,241
"40D2E883AF32D84EAAD8E5D4215DF94BB5A1FE23","bin_plus\UNO_Data\Plugins\x86_64\AkSoundEngine.dll",2913280,2913280,1250589,242
"40D2E883AF32D84EAAD8E5D4215DF94BB5A1FE23","bin_plus\UNO_Data\Plugins\x86_64\bloomberg_cpp.dll",946352,946352,393471,243
"40D2E883AF32D84EAAD8E5D4215DF94BB5A1FE23","bin_plus\UNO_Data\Plugins\x86_64\CSteamworks.dll",141824,141824,51798,244
"40D2E883AF32D84EAAD8E5D4215DF94BB5A1FE23","bin_plus\UNO_Data\Plugins\x86_64\HookUnityPlugin.dll",125104,125104,56908,245
"40D2E883AF32D84EAAD8E5D4215DF94BB5A1FE23","bin_plus\UNO_Data\Plugins\x86_64\opencv_world310.dll",45193904,45193904,10013930,246
"40D2E883AF32D84EAAD8E5D4215DF94BB5A1FE23","bin_plus\UNO_Data\Plugins\x86_64\opencv_wrapper.dll",33464,33464,17017,247
"40D2E883AF32D84EAAD8E5D4215DF94BB5A1FE23","bin_plus\UNO_Data\Plugins\x86_64\steam_api.dll",263080,263080,114820,248
"40D2E883AF32D84EAAD8E5D4215DF94BB5A1FE23","bin_plus\UNO_Data\Plugins\x86_64\steam_api64.dll",295336,295336,127413,249
"40D2E883AF32D84EAAD8E5D4215DF94BB5A1FE23","bin_plus\UNO_Data\Plugins\x86_64\Storm.dll",12830904,12830904,3288462,250
"40D2E883AF32D84EAAD8E5D4215DF94BB5A1FE23","bin_plus\UNO_Data\Plugins\x86_64\ubiservices.dll",21723832,21723832,18937257,251
"40D2E883AF32D84EAAD8E5D4215DF94BB5A1FE23","bin_plus\UNO_Data\Plugins\x86_64\upc_r2_loader64.dll",151736,151736,71185,252
"40D2E883AF32D84EAAD8E5D4215DF94BB5A1FE23","bin_plus\UNO_Data\Plugins\x86_64\uprofile.dll",482480,482480,191905,253
"40D2E883AF32D84EAAD8E5D4215DF94BB5A1FE23","bin_plus\UNO_Data\Plugins\x86_64\vpx.dll",1581752,1581752,626275,254
"40D2E883AF32D84EAAD8E5D4215DF94BB5A1FE23","bin_plus\UNO_Data\Plugins\x86_64\WindowsUtilsImpl.dll",10240,10240,4624,255
"40D2E883AF32D84EAAD8E5D4215DF94BB5A1FE23","bin_plus\UNO_Data\Plugins\x86_64\XInputInterface.dll",68608,68608,33407,256
"40D2E883AF32D84EAAD8E5D4215DF94BB5A1FE23","bin_plus\UNO_Data\Resources\unity default resources",1548488,1548488,213948,257
"40D2E883AF32D84EAAD8E5D4215DF94BB5A1FE23","bin_plus\UNO_Data\Resources\unity_builtin_extra",400180,400180,62895,258
"40D2E883AF32D84EAAD8E5D4215DF94BB5A1FE23","bin_plus\UNO_Data\StreamingAssets\defaultKeyBindings.json",21855,21855,792,259
"40D2E883AF32D84EAAD8E5D4215DF94BB5A1FE23","bin_plus\UNO_Data\StreamingAssets\desc.txt",253,253,184,260
"40D2E883AF32D84EAAD8E5D4215DF94BB5A1FE23","bin_plus\UNO_Data\StreamingAssets\log.cfg",2381,2381,599,261
"40D2E883AF32D84EAAD8E5D4215DF94BB5A1FE23","bin_plus\UNO_Data\StreamingAssets\SaveIcon.png",44880,44880,44627,262
"40D2E883AF32D84EAAD8E5D4215DF94BB5A1FE23","bin_plus\UNO_Data\StreamingAssets\version.info",18,18,27,263
"40D2E883AF32D84EAAD8E5D4215DF94BB5A1FE23","bin_plus\UNO_Data\StreamingAssets\Audio\UNO\GeneratedSoundBanks\Windows\ACV_Theme.pck",49825981,49825981,49583272,264
"40D2E883AF32D84EAAD8E5D4215DF94BB5A1FE23","bin_plus\UNO_Data\StreamingAssets\Audio\UNO\GeneratedSoundBanks\Windows\FC6_Theme.pck",46941376,46941376,46347365,265
"40D2E883AF32D84EAAD8E5D4215DF94BB5A1FE23","bin_plus\UNO_Data\StreamingAssets\Audio\UNO\GeneratedSoundBanks\Windows\Fifth_Anniversary_Theme.pck",32959276,32959276,32269505,266
"40D2E883AF32D84EAAD8E5D4215DF94BB5A1FE23","bin_plus\UNO_Data\StreamingAssets\Audio\UNO\GeneratedSoundBanks\Windows\Flip_Theme.pck",24259574,24259574,24043851,267
"40D2E883AF32D84EAAD8E5D4215DF94BB5A1FE23","bin_plus\UNO_Data\StreamingAssets\Audio\UNO\GeneratedSoundBanks\Windows\GodMonster_Theme.pck",41911378,41911378,41453470,268
"40D2E883AF32D84EAAD8E5D4215DF94BB5A1FE23","bin_plus\UNO_Data\StreamingAssets\Audio\UNO\GeneratedSoundBanks\Windows\Init.pck",2595,2595,937,269
"40D2E883AF32D84EAAD8E5D4215DF94BB5A1FE23","bin_plus\UNO_Data\StreamingAssets\Audio\UNO\GeneratedSoundBanks\Windows\JD_Theme.pck",33839607,33839607,33683244,270
"40D2E883AF32D84EAAD8E5D4215DF94BB5A1FE23","bin_plus\UNO_Data\StreamingAssets\Audio\UNO\GeneratedSoundBanks\Windows\Party_Theme.pck",40691411,40691411,40366274,271
"40D2E883AF32D84EAAD8E5D4215DF94BB5A1FE23","bin_plus\UNO_Data\StreamingAssets\Audio\UNO\GeneratedSoundBanks\Windows\PlatformInfo.xml",1510,1510,567,272
"40D2E883AF32D84EAAD8E5D4215DF94BB5A1FE23","bin_plus\UNO_Data\StreamingAssets\Audio\UNO\GeneratedSoundBanks\Windows\PluginInfo.xml",943,943,404,273
"40D2E883AF32D84EAAD8E5D4215DF94BB5A1FE23","bin_plus\UNO_Data\StreamingAssets\Audio\UNO\GeneratedSoundBanks\Windows\Rabbids_Theme.pck",20216475,20216475,20077606,274
"40D2E883AF32D84EAAD8E5D4215DF94BB5A1FE23","bin_plus\UNO_Data\StreamingAssets\Audio\UNO\GeneratedSoundBanks\Windows\Rayman_Theme.pck",48914987,48914987,48639967,275
"40D2E883AF32D84EAAD8E5D4215DF94BB5A1FE23","bin_plus\UNO_Data\StreamingAssets\Audio\UNO\GeneratedSoundBanks\Windows\SoundbanksInfo.xml",461037,461037,37535,276
"40D2E883AF32D84EAAD8E5D4215DF94BB5A1FE23","bin_plus\UNO_Data\StreamingAssets\Audio\UNO\GeneratedSoundBanks\Windows\Teaser.pck",3162688,3162688,3142428,277
"40D2E883AF32D84EAAD8E5D4215DF94BB5A1FE23","bin_plus\UNO_Data\StreamingAssets\Audio\UNO\GeneratedSoundBanks\Windows\UNO_ALL.pck",137860457,137860457,136664813,278
"40D2E883AF32D84EAAD8E5D4215DF94BB5A1FE23","bin_plus\UNO_Data\StreamingAssets\Audio\UNO\GeneratedSoundBanks\Windows\UNO_Live_Theme.pck",325786111,325786111,323013475,279
"40D2E883AF32D84EAAD8E5D4215DF94BB5A1FE23","bin_plus\UNO_Data\StreamingAssets\Images\invitation_image_0000.jpg",116488,116488,105109,280
"40D2E883AF32D84EAAD8E5D4215DF94BB5A1FE23","bin_plus\UNO_Data\StreamingAssets\Images\Newsbarbackgroud.png",271659,271659,2934,281
"40D2E883AF32D84EAAD8E5D4215DF94BB5A1FE23","bin_plus\UNO_Data\StreamingAssets\Movies\intro\BlackScreen.mp4",10841,10841,6331,282
"40D2E883AF32D84EAAD8E5D4215DF94BB5A1FE23","bin_plus\UNO_Data\StreamingAssets\preinstall\debug.b",1192,1192,957,283
"40D2E883AF32D84EAAD8E5D4215DF94BB5A1FE23","bin_plus\UNO_Data\StreamingAssets\preinstall\fonts.b",74125974,74125974,66074834,284
"40D2E883AF32D84EAAD8E5D4215DF94BB5A1FE23","bin_plus\UNO_Data\StreamingAssets\preinstall\loading.b",2508118,2508118,2207246,285
"40D2E883AF32D84EAAD8E5D4215DF94BB5A1FE23","bin_plus\UNO_Data\StreamingAssets\preinstall\localization.b",13328,13328,11685,286
"40D2E883AF32D84EAAD8E5D4215DF94BB5A1FE23","bin_plus\UNO_Data\StreamingAssets\preinstall\menu.b",2501,2501,1954,287
"40D2E883AF32D84EAAD8E5D4215DF94BB5A1FE23","bin_plus\UNO_Data\StreamingAssets\preinstall\notificationsystem.b",22092,22092,15730,288
"40D2E883AF32D84EAAD8E5D4215DF94BB5A1FE23","bin_plus\UNO_Data\StreamingAssets\preinstall\outside.b",52089552,52089552,44989896,289
"40D2E883AF32D84EAAD8E5D4215DF94BB5A1FE23","bin_plus\UNO_Data\StreamingAssets\preinstall\shaders.b",528353,528353,378866,290
"40D2E883AF32D84EAAD8E5D4215DF94BB5A1FE23","bin_plus\UNO_Data\StreamingAssets\preinstall\_menu.b",4963,4963,3833,291
"40D2E883AF32D84EAAD8E5D4215DF94BB5A1FE23","bin_plus\UNO_Data\StreamingAssets\preinstall\fonts\helveticaloutlined.b",777862,777862,646071,292
"40D2E883AF32D84EAAD8E5D4215DF94BB5A1FE23","bin_plus\UNO_Data\StreamingAssets\preinstall\initial\assetbundleusage.b",214505,214505,160298,293
"40D2E883AF32D84EAAD8E5D4215DF94BB5A1FE23","bin_plus\UNO_Data\StreamingAssets\preinstall\livefeature\06_music.b",2928,2928,2325,294
"40D2E883AF32D84EAAD8E5D4215DF94BB5A1FE23","bin_plus\UNO_Data\StreamingAssets\preinstall\livefeature\07_audio.b",2065,2065,1619,295
"40D2E883AF32D84EAAD8E5D4215DF94BB5A1FE23","bin_plus\UNO_Data\StreamingAssets\preinstall\livefeature\00_board\item_board_abstractgraphic\arrow.b",432421,432421,375400,296
"40D2E883AF32D84EAAD8E5D4215DF94BB5A1FE23","bin_plus\UNO_Data\StreamingAssets\preinstall\livefeature\00_board\item_board_abstractgraphic\background.b",662402,662402,551311,297
"40D2E883AF32D84EAAD8E5D4215DF94BB5A1FE23","bin_plus\UNO_Data\StreamingAssets\preinstall\livefeature\00_board\item_board_abstractgraphic\vfx.b",2346509,2346509,1829354,298
"40D2E883AF32D84EAAD8E5D4215DF94BB5A1FE23","bin_plus\UNO_Data\StreamingAssets\preinstall\livefeature\00_board\item_board_ac15\arrow.b",553024,553024,467899,299
"40D2E883AF32D84EAAD8E5D4215DF94BB5A1FE23","bin_plus\UNO_Data\StreamingAssets\preinstall\livefeature\00_board\item_board_ac15\background.b",997550,997550,849005,300
"40D2E883AF32D84EAAD8E5D4215DF94BB5A1FE23","bin_plus\UNO_Data\StreamingAssets\preinstall\livefeature\00_board\item_board_ac15\vfx.b",3860274,3860274,3178467,301
"40D2E883AF32D84EAAD8E5D4215DF94BB5A1FE23","bin_plus\UNO_Data\StreamingAssets\preinstall\livefeature\00_board\item_board_ac15event\arrow.b",2659,2659,2098,302
"40D2E883AF32D84EAAD8E5D4215DF94BB5A1FE23","bin_plus\UNO_Data\StreamingAssets\preinstall\livefeature\00_board\item_board_ac15event\background.b",1208232,1208232,1018150,303
"40D2E883AF32D84EAAD8E5D4215DF94BB5A1FE23","bin_plus\UNO_Data\StreamingAssets\preinstall\livefeature\00_board\item_board_ac15event\vfx.b",2107428,2107428,1714487,304
"40D2E883AF32D84EAAD8E5D4215DF94BB5A1FE23","bin_plus\UNO_Data\StreamingAssets\preinstall\livefeature\00_board\item_board_animecatcafe\arrow.b",544129,544129,481753,305
"40D2E883AF32D84EAAD8E5D4215DF94BB5A1FE23","bin_plus\UNO_Data\StreamingAssets\preinstall\livefeature\00_board\item_board_animecatcafe\background.b",1024321,1024321,871544,306
"40D2E883AF32D84EAAD8E5D4215DF94BB5A1FE23","bin_plus\UNO_Data\StreamingAssets\preinstall\livefeature\00_board\item_board_animecatcafe\vfx.b",12885,12885,10226,307
"40D2E883AF32D84EAAD8E5D4215DF94BB5A1FE23","bin_plus\UNO_Data\StreamingAssets\preinstall\livefeature\00_board\item_board_brawlhalla\vfx.b",1104054,1104054,838729,308
"40D2E883AF32D84EAAD8E5D4215DF94BB5A1FE23","bin_plus\UNO_Data\StreamingAssets\preinstall\livefeature\00_board\item_board_candyworld\arrow.b",271126,271126,226260,309
"40D2E883AF32D84EAAD8E5D4215DF94BB5A1FE23","bin_plus\UNO_Data\StreamingAssets\preinstall\livefeature\00_board\item_board_candyworld\background.b",4398741,4398741,3730663,310
"40D2E883AF32D84EAAD8E5D4215DF94BB5A1FE23","bin_plus\UNO_Data\StreamingAssets\preinstall\livefeature\00_board\item_board_cosy\arrow.b",764909,764909,565411,311
"40D2E883AF32D84EAAD8E5D4215DF94BB5A1FE23","bin_plus\UNO_Data\StreamingAssets\preinstall\livefeature\00_board\item_board_cosy\background.b",3232765,3232765,2718341,312
"40D2E883AF32D84EAAD8E5D4215DF94BB5A1FE23","bin_plus\UNO_Data\StreamingAssets\preinstall\livefeature\00_board\item_board_cosy\vfx.b",2685372,2685372,2215350,313
"40D2E883AF32D84EAAD8E5D4215DF94BB5A1FE23","bin_plus\UNO_Data\StreamingAssets\preinstall\livefeature\00_board\item_board_cube\arrow.b",502863,502863,434765,314
"40D2E883AF32D84EAAD8E5D4215DF94BB5A1FE23","bin_plus\UNO_Data\StreamingAssets\preinstall\livefeature\00_board\item_board_cube\background.b",910803,910803,756028,315
"40D2E883AF32D84EAAD8E5D4215DF94BB5A1FE23","bin_plus\UNO_Data\StreamingAssets\preinstall\livefeature\00_board\item_board_cube\vfx.b",6950167,6950167,5725046,316
"40D2E883AF32D84EAAD8E5D4215DF94BB5A1FE23","bin_plus\UNO_Data\StreamingAssets\preinstall\livefeature\00_board\item_board_drawroom\arrow.b",626946,626946,537538,317
"40D2E883AF32D84EAAD8E5D4215DF94BB5A1FE23","bin_plus\UNO_Data\StreamingAssets\preinstall\livefeature\00_board\item_board_drawroom\background.b",4895545,4895545,4220323,318
"40D2E883AF32D84EAAD8E5D4215DF94BB5A1FE23","bin_plus\UNO_Data\StreamingAssets\preinstall\livefeature\00_board\item_board_drawroom\vfx.b",18975,18975,10264,319
"40D2E883AF32D84EAAD8E5D4215DF94BB5A1FE23","bin_plus\UNO_Data\StreamingAssets\preinstall\livefeature\00_board\item_board_fairytalecastle\arrow.b",471672,471672,398734,320
"40D2E883AF32D84EAAD8E5D4215DF94BB5A1FE23","bin_plus\UNO_Data\StreamingAssets\preinstall\livefeature\00_board\item_board_fairytalecastle\background.b",9846031,9846031,8559086,321
"40D2E883AF32D84EAAD8E5D4215DF94BB5A1FE23","bin_plus\UNO_Data\StreamingAssets\preinstall\livefeature\00_board\item_board_fairytalecastle\vfx.b",12878,12878,10216,322
"40D2E883AF32D84EAAD8E5D4215DF94BB5A1FE23","bin_plus\UNO_Data\StreamingAssets\preinstall\livefeature\00_board\item_board_flowers\arrow.b",549139,549139,463684,323
"40D2E883AF32D84EAAD8E5D4215DF94BB5A1FE23","bin_plus\UNO_Data\StreamingAssets\preinstall\livefeature\00_board\item_board_flowers\background.b",781973,781973,645576,324
"40D2E883AF32D84EAAD8E5D4215DF94BB5A1FE23","bin_plus\UNO_Data\StreamingAssets\preinstall\livefeature\00_board\item_board_flowers\vfx.b",3313591,3313591,2677666,325
"40D2E883AF32D84EAAD8E5D4215DF94BB5A1FE23","bin_plus\UNO_Data\StreamingAssets\preinstall\livefeature\00_board\item_board_flowers\vfx_new.b",3790069,3790069,2925578,326
"40D2E883AF32D84EAAD8E5D4215DF94BB5A1FE23","bin_plus\UNO_Data\StreamingAssets\preinstall\livefeature\00_board\item_board_lapool\arrow.b",273808,273808,223132,327
"40D2E883AF32D84EAAD8E5D4215DF94BB5A1FE23","bin_plus\UNO_Data\StreamingAssets\preinstall\livefeature\00_board\item_board_lapool\background.b",1158478,1158478,1055717,328
"40D2E883AF32D84EAAD8E5D4215DF94BB5A1FE23","bin_plus\UNO_Data\StreamingAssets\preinstall\livefeature\00_board\item_board_lapool\vfx.b",2296951,2296951,1909996,329
"40D2E883AF32D84EAAD8E5D4215DF94BB5A1FE23","bin_plus\UNO_Data\StreamingAssets\preinstall\livefeature\00_board\item_board_lny\arrow.b",438462,438462,386499,330
"40D2E883AF32D84EAAD8E5D4215DF94BB5A1FE23","bin_plus\UNO_Data\StreamingAssets\preinstall\livefeature\00_board\item_board_lny\environment.b",7435013,7435013,6301769,331
"40D2E883AF32D84EAAD8E5D4215DF94BB5A1FE23","bin_plus\UNO_Data\StreamingAssets\preinstall\livefeature\00_board\item_board_lny\materials.b",344290,344290,278470,332
"40D2E883AF32D84EAAD8E5D4215DF94BB5A1FE23","bin_plus\UNO_Data\StreamingAssets\preinstall\livefeature\00_board\item_board_lny\models.b",11750804,11750804,6698962,333
"40D2E883AF32D84EAAD8E5D4215DF94BB5A1FE23","bin_plus\UNO_Data\StreamingAssets\preinstall\livefeature\00_board\item_board_lny\skybox.b",482990,482990,394036,334
"40D2E883AF32D84EAAD8E5D4215DF94BB5A1FE23","bin_plus\UNO_Data\StreamingAssets\preinstall\livefeature\00_board\item_board_lny\stylizeddynamictree.b",66387461,66387461,60457531,335
"40D2E883AF32D84EAAD8E5D4215DF94BB5A1FE23","bin_plus\UNO_Data\StreamingAssets\preinstall\livefeature\00_board\item_board_lny\textures.b",85329400,85329400,76034379,336
"40D2E883AF32D84EAAD8E5D4215DF94BB5A1FE23","bin_plus\UNO_Data\StreamingAssets\preinstall\livefeature\00_board\item_board_lny\treefbx.b",3338957,3338957,2457962,337
"40D2E883AF32D84EAAD8E5D4215DF94BB5A1FE23","bin_plus\UNO_Data\StreamingAssets\preinstall\livefeature\00_board\item_board_lny\treeprefabs.b",67208,67208,60367,338
"40D2E883AF32D84EAAD8E5D4215DF94BB5A1FE23","bin_plus\UNO_Data\StreamingAssets\preinstall\livefeature\00_board\item_board_lny\treetextures.b",62608445,62608445,54346704,339
"40D2E883AF32D84EAAD8E5D4215DF94BB5A1FE23","bin_plus\UNO_Data\StreamingAssets\preinstall\livefeature\00_board\item_board_lny\water.b",1720707,1720707,1284966,340
"40D2E883AF32D84EAAD8E5D4215DF94BB5A1FE23","bin_plus\UNO_Data\StreamingAssets\preinstall\livefeature\00_board\item_board_luminescentstars\arrow.b",791310,791310,707502,341
"40D2E883AF32D84EAAD8E5D4215DF94BB5A1FE23","bin_plus\UNO_Data\StreamingAssets\preinstall\livefeature\00_board\item_board_luminescentstars\background.b",536083,536083,448276,342
"40D2E883AF32D84EAAD8E5D4215DF94BB5A1FE23","bin_plus\UNO_Data\StreamingAssets\preinstall\livefeature\00_board\item_board_luminescentstars\vfx.b",4095677,4095677,3563456,343
"40D2E883AF32D84EAAD8E5D4215DF94BB5A1FE23","bin_plus\UNO_Data\StreamingAssets\preinstall\livefeature\00_board\item_board_oasis\arrow.b",1398843,1398843,1238497,344
"40D2E883AF32D84EAAD8E5D4215DF94BB5A1FE23","bin_plus\UNO_Data\StreamingAssets\preinstall\livefeature\00_board\item_board_oasis\background.b",4295200,4295200,3651752,345
"40D2E883AF32D84EAAD8E5D4215DF94BB5A1FE23","bin_plus\UNO_Data\StreamingAssets\preinstall\livefeature\00_board\item_board_oasis\vfx.b",5141926,5141926,4509171,346
"40D2E883AF32D84EAAD8E5D4215DF94BB5A1FE23","bin_plus\UNO_Data\StreamingAssets\preinstall\livefeature\00_board\item_board_origami\arrow.b",435794,435794,368128,347
"40D2E883AF32D84EAAD8E5D4215DF94BB5A1FE23","bin_plus\UNO_Data\StreamingAssets\preinstall\livefeature\00_board\item_board_origami\background.b",6511916,6511916,5291328,348
"40D2E883AF32D84EAAD8E5D4215DF94BB5A1FE23","bin_plus\UNO_Data\StreamingAssets\preinstall\livefeature\00_board\item_board_origami\vfx.b",4711,4711,3866,349
"40D2E883AF32D84EAAD8E5D4215DF94BB5A1FE23","bin_plus\UNO_Data\StreamingAssets\preinstall\livefeature\00_board\item_board_painterworkshop\arrow.b",884765,884765,791707,350
"40D2E883AF32D84EAAD8E5D4215DF94BB5A1FE23","bin_plus\UNO_Data\StreamingAssets\preinstall\livefeature\00_board\item_board_painterworkshop\background.b",5412043,5412043,4645653,351
"40D2E883AF32D84EAAD8E5D4215DF94BB5A1FE23","bin_plus\UNO_Data\StreamingAssets\preinstall\livefeature\00_board\item_board_party\arrow.b",193520,193520,165393,352
"40D2E883AF32D84EAAD8E5D4215DF94BB5A1FE23","bin_plus\UNO_Data\StreamingAssets\preinstall\livefeature\00_board\item_board_party\vfx.b",1922726,1922726,1535829,353
"40D2E883AF32D84EAAD8E5D4215DF94BB5A1FE23","bin_plus\UNO_Data\StreamingAssets\preinstall\livefeature\00_board\item_board_retroautumn\arrow.b",425628,425628,355646,354
"40D2E883AF32D84EAAD8E5D4215DF94BB5A1FE23","bin_plus\UNO_Data\StreamingAssets\preinstall\livefeature\00_board\item_board_retroautumn\background.b",1104490,1104490,954997,355
"40D2E883AF32D84EAAD8E5D4215DF94BB5A1FE23","bin_plus\UNO_Data\StreamingAssets\preinstall\livefeature\00_board\item_board_retroautumn\vfx.b",12865,12865,10206,356
"40D2E883AF32D84EAAD8E5D4215DF94BB5A1FE23","bin_plus\UNO_Data\StreamingAssets\preinstall\livefeature\00_board\item_board_steampunkcity\arrow.b",676607,676607,583304,357
"40D2E883AF32D84EAAD8E5D4215DF94BB5A1FE23","bin_plus\UNO_Data\StreamingAssets\preinstall\livefeature\00_board\item_board_steampunkcity\background.b",1211748,1211748,1080381,358
"40D2E883AF32D84EAAD8E5D4215DF94BB5A1FE23","bin_plus\UNO_Data\StreamingAssets\preinstall\livefeature\00_board\item_board_steampunkcity\vfx.b",12895,12895,10231,359
"40D2E883AF32D84EAAD8E5D4215DF94BB5A1FE23","bin_plus\UNO_Data\StreamingAssets\preinstall\livefeature\00_board\item_board_triangles\arrow.b",551913,551913,471173,360
"40D2E883AF32D84EAAD8E5D4215DF94BB5A1FE23","bin_plus\UNO_Data\StreamingAssets\preinstall\livefeature\00_board\item_board_triangles\background.b",760414,760414,635716,361
"40D2E883AF32D84EAAD8E5D4215DF94BB5A1FE23","bin_plus\UNO_Data\StreamingAssets\preinstall\livefeature\00_board\item_board_triangles\vfx.b",1376804,1376804,1045139,362
"40D2E883AF32D84EAAD8E5D4215DF94BB5A1FE23","bin_plus\UNO_Data\StreamingAssets\preinstall\livefeature\00_board\item_board_underwaterbio\arrow.b",306498,306498,263405,363
"40D2E883AF32D84EAAD8E5D4215DF94BB5A1FE23","bin_plus\UNO_Data\StreamingAssets\preinstall\livefeature\00_board\item_board_underwaterbio\background.b",2042302,2042302,1202215,364
"40D2E883AF32D84EAAD8E5D4215DF94BB5A1FE23","bin_plus\UNO_Data\StreamingAssets\preinstall\livefeature\00_board\item_board_universe\arrow.b",579763,579763,503160,365
"40D2E883AF32D84EAAD8E5D4215DF94BB5A1FE23","bin_plus\UNO_Data\StreamingAssets\preinstall\livefeature\00_board\item_board_universe\background.b",8460142,8460142,7038456,366
"40D2E883AF32D84EAAD8E5D4215DF94BB5A1FE23","bin_plus\UNO_Data\StreamingAssets\preinstall\livefeature\00_board\item_board_universe\vfx.b",3497,3497,2816,367
"40D2E883AF32D84EAAD8E5D4215DF94BB5A1FE23","bin_plus\UNO_Data\StreamingAssets\preinstall\livefeature\00_board\item_board_wizard\arrow.b",537934,537934,462390,368
"40D2E883AF32D84EAAD8E5D4215DF94BB5A1FE23","bin_plus\UNO_Data\StreamingAssets\preinstall\livefeature\00_board\item_board_wizard\background.b",5610843,5610843,4847425,369
"40D2E883AF32D84EAAD8E5D4215DF94BB5A1FE23","bin_plus\UNO_Data\StreamingAssets\preinstall\livefeature\00_board\item_board_wizard\vfx.b",933485,933485,812225,370
"40D2E883AF32D84EAAD8E5D4215DF94BB5A1FE23","bin_plus\UNO_Data\StreamingAssets\preinstall\livefeature\00_board\item_board_zenroom\arrow.b",524728,524728,458736,371
"40D2E883AF32D84EAAD8E5D4215DF94BB5A1FE23","bin_plus\UNO_Data\StreamingAssets\preinstall\livefeature\00_board\item_board_zenroom\background.b",3651599,3651599,3174455,372
"40D2E883AF32D84EAAD8E5D4215DF94BB5A1FE23","bin_plus\UNO_Data\StreamingAssets\preinstall\livefeature\00_board\item_board_zenroom\vfx.b",2870756,2870756,2456899,373
"40D2E883AF32D84EAAD8E5D4215DF94BB5A1FE23","bin_plus\UNO_Data\StreamingAssets\preinstall\livefeature\01_cardtheme\item_cards_abstracta\cards.b",2106264,2106264,1998080,374
"40D2E883AF32D84EAAD8E5D4215DF94BB5A1FE23","bin_plus\UNO_Data\StreamingAssets\preinstall\livefeature\01_cardtheme\item_cards_abstracta\colorchangeeffect.b",796427,796427,599747,375
"40D2E883AF32D84EAAD8E5D4215DF94BB5A1FE23","bin_plus\UNO_Data\StreamingAssets\preinstall\livefeature\01_cardtheme\item_cards_abstractb\cards.b",1868447,1868447,1748982,376
"40D2E883AF32D84EAAD8E5D4215DF94BB5A1FE23","bin_plus\UNO_Data\StreamingAssets\preinstall\livefeature\01_cardtheme\item_cards_abstractb\colorchangeeffect.b",630652,630652,522787,377
"40D2E883AF32D84EAAD8E5D4215DF94BB5A1FE23","bin_plus\UNO_Data\StreamingAssets\preinstall\livefeature\01_cardtheme\item_cards_abstractc\cards.b",1888659,1888659,1755321,378
"40D2E883AF32D84EAAD8E5D4215DF94BB5A1FE23","bin_plus\UNO_Data\StreamingAssets\preinstall\livefeature\01_cardtheme\item_cards_abstractc\colorchangeeffect.b",678049,678049,441404,379
"40D2E883AF32D84EAAD8E5D4215DF94BB5A1FE23","bin_plus\UNO_Data\StreamingAssets\preinstall\livefeature\01_cardtheme\item_cards_ac15\cards.b",1954827,1954827,1849789,380
"40D2E883AF32D84EAAD8E5D4215DF94BB5A1FE23","bin_plus\UNO_Data\StreamingAssets\preinstall\livefeature\01_cardtheme\item_cards_ac15\colorchangeeffect.b",746721,746721,220358,381
"40D2E883AF32D84EAAD8E5D4215DF94BB5A1FE23","bin_plus\UNO_Data\StreamingAssets\preinstall\livefeature\01_cardtheme\item_cards_ac15event\cards.b",2295270,2295270,2170497,382
"40D2E883AF32D84EAAD8E5D4215DF94BB5A1FE23","bin_plus\UNO_Data\StreamingAssets\preinstall\livefeature\01_cardtheme\item_cards_ac15event\colorchangeeffect.b",990615,990615,266344,383
"40D2E883AF32D84EAAD8E5D4215DF94BB5A1FE23","bin_plus\UNO_Data\StreamingAssets\preinstall\livefeature\01_cardtheme\item_cards_animecatcafe\cards.b",1959583,1959583,1707147,384
"40D2E883AF32D84EAAD8E5D4215DF94BB5A1FE23","bin_plus\UNO_Data\StreamingAssets\preinstall\livefeature\01_cardtheme\item_cards_animecatcafe\colorchangeeffect.b",580348,580348,328689,385
"40D2E883AF32D84EAAD8E5D4215DF94BB5A1FE23","bin_plus\UNO_Data\StreamingAssets\preinstall\livefeature\01_cardtheme\item_cards_balloon\cards.b",2005187,2005187,1886072,386
"40D2E883AF32D84EAAD8E5D4215DF94BB5A1FE23","bin_plus\UNO_Data\StreamingAssets\preinstall\livefeature\01_cardtheme\item_cards_balloon\colorchangeeffect.b",755306,755306,301636,387
"40D2E883AF32D84EAAD8E5D4215DF94BB5A1FE23","bin_plus\UNO_Data\StreamingAssets\preinstall\livefeature\01_cardtheme\item_cards_brawlhalla\colorchangeeffect.b",758364,758364,631454,388
"40D2E883AF32D84EAAD8E5D4215DF94BB5A1FE23","bin_plus\UNO_Data\StreamingAssets\preinstall\livefeature\01_cardtheme\item_cards_candy\cards.b",2069377,2069377,1980921,389
"40D2E883AF32D84EAAD8E5D4215DF94BB5A1FE23","bin_plus\UNO_Data\StreamingAssets\preinstall\livefeature\01_cardtheme\item_cards_candy\colorchangeeffect.b",855250,855250,563464,390
"40D2E883AF32D84EAAD8E5D4215DF94BB5A1FE23","bin_plus\UNO_Data\StreamingAssets\preinstall\livefeature\01_cardtheme\item_cards_clay\cards.b",2099310,2099310,2003789,391
"40D2E883AF32D84EAAD8E5D4215DF94BB5A1FE23","bin_plus\UNO_Data\StreamingAssets\preinstall\livefeature\01_cardtheme\item_cards_clay\colorchangeeffect.b",821845,821845,554377,392
"40D2E883AF32D84EAAD8E5D4215DF94BB5A1FE23","bin_plus\UNO_Data\StreamingAssets\preinstall\livefeature\01_cardtheme\item_cards_cosy\cards.b",4065710,4065710,3789726,393
"40D2E883AF32D84EAAD8E5D4215DF94BB5A1FE23","bin_plus\UNO_Data\StreamingAssets\preinstall\livefeature\01_cardtheme\item_cards_cosy\colorchangeeffect.b",742599,742599,503770,394
"40D2E883AF32D84EAAD8E5D4215DF94BB5A1FE23","bin_plus\UNO_Data\StreamingAssets\preinstall\livefeature\01_cardtheme\item_cards_decupdate1\cards.b",1807400,1807400,1563345,395
"40D2E883AF32D84EAAD8E5D4215DF94BB5A1FE23","bin_plus\UNO_Data\StreamingAssets\preinstall\livefeature\01_cardtheme\item_cards_decupdate1\colorchangeeffect.b",411005,411005,228423,396
"40D2E883AF32D84EAAD8E5D4215DF94BB5A1FE23","bin_plus\UNO_Data\StreamingAssets\preinstall\livefeature\01_cardtheme\item_cards_decupdate2\cards.b",2988116,2988116,2800669,397
"40D2E883AF32D84EAAD8E5D4215DF94BB5A1FE23","bin_plus\UNO_Data\StreamingAssets\preinstall\livefeature\01_cardtheme\item_cards_decupdate2\colorchangeeffect.b",682948,682948,501386,398
"40D2E883AF32D84EAAD8E5D4215DF94BB5A1FE23","bin_plus\UNO_Data\StreamingAssets\preinstall\livefeature\01_cardtheme\item_cards_fabric\cards.b",2137386,2137386,2048940,399
"40D2E883AF32D84EAAD8E5D4215DF94BB5A1FE23","bin_plus\UNO_Data\StreamingAssets\preinstall\livefeature\01_cardtheme\item_cards_fabric\colorchangeeffect.b",891540,891540,512482,400
"40D2E883AF32D84EAAD8E5D4215DF94BB5A1FE23","bin_plus\UNO_Data\StreamingAssets\preinstall\livefeature\01_cardtheme\item_cards_feather\cards.b",1840715,1840715,1730672,401
"40D2E883AF32D84EAAD8E5D4215DF94BB5A1FE23","bin_plus\UNO_Data\StreamingAssets\preinstall\livefeature\01_cardtheme\item_cards_feather\colorchangeeffect.b",746169,746169,401235,402
"40D2E883AF32D84EAAD8E5D4215DF94BB5A1FE23","bin_plus\UNO_Data\StreamingAssets\preinstall\livefeature\01_cardtheme\item_cards_flowers\cards.b",2348775,2348775,2271324,403
"40D2E883AF32D84EAAD8E5D4215DF94BB5A1FE23","bin_plus\UNO_Data\StreamingAssets\preinstall\livefeature\01_cardtheme\item_cards_flowers\colorchangeeffect.b",855189,855189,775803,404
"40D2E883AF32D84EAAD8E5D4215DF94BB5A1FE23","bin_plus\UNO_Data\StreamingAssets\preinstall\livefeature\01_cardtheme\item_cards_gems\cards.b",1967745,1967745,1869177,405
"40D2E883AF32D84EAAD8E5D4215DF94BB5A1FE23","bin_plus\UNO_Data\StreamingAssets\preinstall\livefeature\01_cardtheme\item_cards_gems\colorchangeeffect.b",713701,713701,425213,406
"40D2E883AF32D84EAAD8E5D4215DF94BB5A1FE23","bin_plus\UNO_Data\StreamingAssets\preinstall\livefeature\01_cardtheme\item_cards_gold\cards.b",1955136,1955136,1837763,407
"40D2E883AF32D84EAAD8E5D4215DF94BB5A1FE23","bin_plus\UNO_Data\StreamingAssets\preinstall\livefeature\01_cardtheme\item_cards_gold\colorchangeeffect.b",757428,757428,408397,408
"40D2E883AF32D84EAAD8E5D4215DF94BB5A1FE23","bin_plus\UNO_Data\StreamingAssets\preinstall\livefeature\01_cardtheme\item_cards_hologram\cards.b",1816315,1816315,1686439,409
"40D2E883AF32D84EAAD8E5D4215DF94BB5A1FE23","bin_plus\UNO_Data\StreamingAssets\preinstall\livefeature\01_cardtheme\item_cards_hologram\colorchangeeffect.b",716258,716258,472454,410
"40D2E883AF32D84EAAD8E5D4215DF94BB5A1FE23","bin_plus\UNO_Data\StreamingAssets\preinstall\livefeature\01_cardtheme\item_cards_lapool\cards.b",1243468,1243468,1122978,411
"40D2E883AF32D84EAAD8E5D4215DF94BB5A1FE23","bin_plus\UNO_Data\StreamingAssets\preinstall\livefeature\01_cardtheme\item_cards_lapool\colorchangeeffect.b",980280,980280,666702,412
"40D2E883AF32D84EAAD8E5D4215DF94BB5A1FE23","bin_plus\UNO_Data\StreamingAssets\preinstall\livefeature\01_cardtheme\item_cards_lny\cards.b",2418441,2418441,2293064,413
"40D2E883AF32D84EAAD8E5D4215DF94BB5A1FE23","bin_plus\UNO_Data\StreamingAssets\preinstall\livefeature\01_cardtheme\item_cards_lny\colorchangeeffect.b",1000512,1000512,427350,414
"40D2E883AF32D84EAAD8E5D4215DF94BB5A1FE23","bin_plus\UNO_Data\StreamingAssets\preinstall\livefeature\01_cardtheme\item_cards_origami\cards.b",1800491,1800491,1673377,415
"40D2E883AF32D84EAAD8E5D4215DF94BB5A1FE23","bin_plus\UNO_Data\StreamingAssets\preinstall\livefeature\01_cardtheme\item_cards_origami\colorchangeeffect.b",707762,707762,481369,416
"40D2E883AF32D84EAAD8E5D4215DF94BB5A1FE23","bin_plus\UNO_Data\StreamingAssets\preinstall\livefeature\01_cardtheme\item_cards_pets\cards.b",2128382,2128382,2035677,417
"40D2E883AF32D84EAAD8E5D4215DF94BB5A1FE23","bin_plus\UNO_Data\StreamingAssets\preinstall\livefeature\01_cardtheme\item_cards_pets\colorchangeeffect.b",869537,869537,455581,418
"40D2E883AF32D84EAAD8E5D4215DF94BB5A1FE23","bin_plus\UNO_Data\StreamingAssets\preinstall\livefeature\01_cardtheme\item_cards_planets\cards.b",1981514,1981514,1861875,419
"40D2E883AF32D84EAAD8E5D4215DF94BB5A1FE23","bin_plus\UNO_Data\StreamingAssets\preinstall\livefeature\01_cardtheme\item_cards_planets\colorchangeeffect.b",749980,749980,459236,420
"40D2E883AF32D84EAAD8E5D4215DF94BB5A1FE23","bin_plus\UNO_Data\StreamingAssets\preinstall\livefeature\01_cardtheme\item_cards_popart\cards.b",1777347,1777347,1612026,421
"40D2E883AF32D84EAAD8E5D4215DF94BB5A1FE23","bin_plus\UNO_Data\StreamingAssets\preinstall\livefeature\01_cardtheme\item_cards_popart\colorchangeeffect.b",552940,552940,313752,422
"40D2E883AF32D84EAAD8E5D4215DF94BB5A1FE23","bin_plus\UNO_Data\StreamingAssets\preinstall\livefeature\01_cardtheme\item_cards_retroautumn\cards.b",819117,819117,712574,423
"40D2E883AF32D84EAAD8E5D4215DF94BB5A1FE23","bin_plus\UNO_Data\StreamingAssets\preinstall\livefeature\01_cardtheme\item_cards_retroautumn\colorchangeeffect.b",388727,388727,180803,424
"40D2E883AF32D84EAAD8E5D4215DF94BB5A1FE23","bin_plus\UNO_Data\StreamingAssets\preinstall\livefeature\01_cardtheme\item_cards_seashells\cards.b",2019335,2019335,1940998,425
"40D2E883AF32D84EAAD8E5D4215DF94BB5A1FE23","bin_plus\UNO_Data\StreamingAssets\preinstall\livefeature\01_cardtheme\item_cards_seashells\colorchangeeffect.b",823790,823790,443966,426
"40D2E883AF32D84EAAD8E5D4215DF94BB5A1FE23","bin_plus\UNO_Data\StreamingAssets\preinstall\livefeature\01_cardtheme\item_cards_silver\cards.b",1928393,1928393,1800150,427
"40D2E883AF32D84EAAD8E5D4215DF94BB5A1FE23","bin_plus\UNO_Data\StreamingAssets\preinstall\livefeature\01_cardtheme\item_cards_silver\colorchangeeffect.b",759440,759440,444761,428
"40D2E883AF32D84EAAD8E5D4215DF94BB5A1FE23","bin_plus\UNO_Data\StreamingAssets\preinstall\livefeature\01_cardtheme\item_cards_steampunkcity\cards.b",1109193,1109193,988694,429
"40D2E883AF32D84EAAD8E5D4215DF94BB5A1FE23","bin_plus\UNO_Data\StreamingAssets\preinstall\livefeature\01_cardtheme\item_cards_steampunkcity\colorchangeeffect.b",712763,712763,620333,430
"40D2E883AF32D84EAAD8E5D4215DF94BB5A1FE23","bin_plus\UNO_Data\StreamingAssets\preinstall\livefeature\01_cardtheme\item_cards_underwaterbio\cards.b",745448,745448,625772,431
"40D2E883AF32D84EAAD8E5D4215DF94BB5A1FE23","bin_plus\UNO_Data\StreamingAssets\preinstall\livefeature\01_cardtheme\item_cards_underwaterbio\colorchangeeffect.b",792516,792516,576059,432
"40D2E883AF32D84EAAD8E5D4215DF94BB5A1FE23","bin_plus\UNO_Data\StreamingAssets\preinstall\livefeature\02_cardvfx\anim.b",10123,10123,7419,433
"40D2E883AF32D84EAAD8E5D4215DF94BB5A1FE23","bin_plus\UNO_Data\StreamingAssets\preinstall\livefeature\02_cardvfx\material.b",84788,84788,65162,434
"40D2E883AF32D84EAAD8E5D4215DF94BB5A1FE23","bin_plus\UNO_Data\StreamingAssets\preinstall\livefeature\02_cardvfx\mesh.b",206492,206492,152907,435
"40D2E883AF32D84EAAD8E5D4215DF94BB5A1FE23","bin_plus\UNO_Data\StreamingAssets\preinstall\livefeature\02_cardvfx\texture.b",15595099,15595099,13047309,436
"40D2E883AF32D84EAAD8E5D4215DF94BB5A1FE23","bin_plus\UNO_Data\StreamingAssets\preinstall\livefeature\05_cardanimation\item_vfx_cosy.b",78326,78326,60930,437
"40D2E883AF32D84EAAD8E5D4215DF94BB5A1FE23","bin_plus\UNO_Data\StreamingAssets\preinstall\livefeature\08_hero\00_addon.b",20246063,20246063,18468528,438
"40D2E883AF32D84EAAD8E5D4215DF94BB5A1FE23","bin_plus\UNO_Data\StreamingAssets\preinstall\livefeature\08_hero\06_music.b",2794211,2794211,2101392,439
"40D2E883AF32D84EAAD8E5D4215DF94BB5A1FE23","bin_plus\UNO_Data\StreamingAssets\preinstall\livefeature\08_hero\07_vo.b",476940,476940,261735,440
"40D2E883AF32D84EAAD8E5D4215DF94BB5A1FE23","bin_plus\UNO_Data\StreamingAssets\preinstall\livefeature\08_store\00_addon.b",5655855,5655855,5162026,441
"40D2E883AF32D84EAAD8E5D4215DF94BB5A1FE23","bin_plus\UNO_Data\StreamingAssets\preinstall\livefeature\08_store\01_bundle.b",605807,605807,536262,442
"40D2E883AF32D84EAAD8E5D4215DF94BB5A1FE23","bin_plus\UNO_Data\StreamingAssets\preinstall\livefeature\08_store\03_board.b",17536092,17536092,16366422,443
"40D2E883AF32D84EAAD8E5D4215DF94BB5A1FE23","bin_plus\UNO_Data\StreamingAssets\preinstall\livefeature\08_store\04_cards.b",18324800,18324800,16790860,444
"40D2E883AF32D84EAAD8E5D4215DF94BB5A1FE23","bin_plus\UNO_Data\StreamingAssets\preinstall\livefeature\08_store\05_vfx.b",6779183,6779183,6018026,445
"40D2E883AF32D84EAAD8E5D4215DF94BB5A1FE23","bin_plus\UNO_Data\StreamingAssets\preinstall\livefeature\08_store\06_music.b",6173297,6173297,5477528,446
"40D2E883AF32D84EAAD8E5D4215DF94BB5A1FE23","bin_plus\UNO_Data\StreamingAssets\preinstall\livefeature\08_store\07_vo.b",1658298,1658298,1292550,447
"40D2E883AF32D84EAAD8E5D4215DF94BB5A1FE23","bin_plus\UNO_Data\StreamingAssets\preinstall\livefeature\08_store\08_avatar.b",25126797,25126797,16975501,448
"40D2E883AF32D84EAAD8E5D4215DF94BB5A1FE23","bin_plus\UNO_Data\StreamingAssets\preinstall\livefeature\08_store\09_frame.b",9215988,9215988,5204141,449
"40D2E883AF32D84EAAD8E5D4215DF94BB5A1FE23","bin_plus\UNO_Data\StreamingAssets\preinstall\livefeature\08_store\10_framelight.b",2765399,2765399,2351344,450
"40D2E883AF32D84EAAD8E5D4215DF94BB5A1FE23","bin_plus\UNO_Data\StreamingAssets\preinstall\livefeature\08_store\00_addon\preview.b",21772975,21772975,18849538,451
"40D2E883AF32D84EAAD8E5D4215DF94BB5A1FE23","bin_plus\UNO_Data\StreamingAssets\preinstall\livefeature\08_store\05_vfx\preview.b",271893,271893,246898,452
"40D2E883AF32D84EAAD8E5D4215DF94BB5A1FE23","bin_plus\UNO_Data\StreamingAssets\preinstall\livefeature\08_thumbnail\00_addon.b",4469171,4469171,3949084,453
"40D2E883AF32D84EAAD8E5D4215DF94BB5A1FE23","bin_plus\UNO_Data\StreamingAssets\preinstall\livefeature\08_thumbnail\01_bundle.b",605923,605923,535099,454
"40D2E883AF32D84EAAD8E5D4215DF94BB5A1FE23","bin_plus\UNO_Data\StreamingAssets\preinstall\livefeature\08_thumbnail\03_board.b",16446636,16446636,15343107,455
"40D2E883AF32D84EAAD8E5D4215DF94BB5A1FE23","bin_plus\UNO_Data\StreamingAssets\preinstall\livefeature\08_thumbnail\04_cards.b",14411380,14411380,13402105,456
"40D2E883AF32D84EAAD8E5D4215DF94BB5A1FE23","bin_plus\UNO_Data\StreamingAssets\preinstall\livefeature\08_thumbnail\05_vfx.b",5751199,5751199,5229398,457
"40D2E883AF32D84EAAD8E5D4215DF94BB5A1FE23","bin_plus\UNO_Data\StreamingAssets\preinstall\livefeature\08_thumbnail\06_music.b",2588926,2588926,2082747,458
"40D2E883AF32D84EAAD8E5D4215DF94BB5A1FE23","bin_plus\UNO_Data\StreamingAssets\preinstall\livefeature\08_thumbnail\07_vo.b",729484,729484,572989,459
"40D2E883AF32D84EAAD8E5D4215DF94BB5A1FE23","bin_plus\UNO_Data\StreamingAssets\preinstall\livefeature\08_thumbnail\08_avatar.b",49228143,49228143,45179789,460
"40D2E883AF32D84EAAD8E5D4215DF94BB5A1FE23","bin_plus\UNO_Data\StreamingAssets\preinstall\livefeature\08_thumbnail\09_frame.b",16738224,16738224,14657626,461
"40D2E883AF32D84EAAD8E5D4215DF94BB5A1FE23","bin_plus\UNO_Data\StreamingAssets\preinstall\livefeature\08_thumbnail\10_framelight.b",5133230,5133230,4015131,462
"40D2E883AF32D84EAAD8E5D4215DF94BB5A1FE23","bin_plus\UNO_Data\StreamingAssets\preinstall\livefeature\08_thumbnail\11_bundle.b",4672712,4672712,4322482,463
"40D2E883AF32D84EAAD8E5D4215DF94BB5A1FE23","bin_plus\UNO_Data\StreamingAssets\preinstall\livefeature\08_thumbnail\00_addon\preview.b",48502776,48502776,42501665,464
"40D2E883AF32D84EAAD8E5D4215DF94BB5A1FE23","bin_plus\UNO_Data\StreamingAssets\preinstall\livefeature\08_thumbnail\05_vfx\preview.b",271905,271905,246877,465
"40D2E883AF32D84EAAD8E5D4215DF94BB5A1FE23","bin_plus\UNO_Data\StreamingAssets\preinstall\livefeature\08_thumbnail\08_avatar\materials.b",257796,257796,225929,466
"40D2E883AF32D84EAAD8E5D4215DF94BB5A1FE23","bin_plus\UNO_Data\StreamingAssets\preinstall\livefeature\boardcommon\cards.b",2898,2898,2308,467
"40D2E883AF32D84EAAD8E5D4215DF94BB5A1FE23","bin_plus\UNO_Data\StreamingAssets\preinstall\livefeature\boardcommon\themecards.b",707257,707257,601321,468
"40D2E883AF32D84EAAD8E5D4215DF94BB5A1FE23","bin_plus\UNO_Data\StreamingAssets\preinstall\livefeature\boardcommon\animation\active_player.b",7858,7858,5650,469
"40D2E883AF32D84EAAD8E5D4215DF94BB5A1FE23","bin_plus\UNO_Data\StreamingAssets\preinstall\livefeature\boardcommon\animation\arrows.b",21314,21314,16791,470
"40D2E883AF32D84EAAD8E5D4215DF94BB5A1FE23","bin_plus\UNO_Data\StreamingAssets\preinstall\livefeature\boardcommon\animation\avater.b",9657,9657,7213,471
"40D2E883AF32D84EAAD8E5D4215DF94BB5A1FE23","bin_plus\UNO_Data\StreamingAssets\preinstall\livefeature\boardcommon\animation\board_circle.b",6483,6483,4557,472
"40D2E883AF32D84EAAD8E5D4215DF94BB5A1FE23","bin_plus\UNO_Data\StreamingAssets\preinstall\livefeature\boardcommon\animation\button_glow.b",245373,245373,206658,473
"40D2E883AF32D84EAAD8E5D4215DF94BB5A1FE23","bin_plus\UNO_Data\StreamingAssets\preinstall\livefeature\boardcommon\animation\call_uno.b",22089,22089,19171,474
"40D2E883AF32D84EAAD8E5D4215DF94BB5A1FE23","bin_plus\UNO_Data\StreamingAssets\preinstall\livefeature\boardcommon\animation\challenge_wilddraw4.b",10989,10989,8351,475
"40D2E883AF32D84EAAD8E5D4215DF94BB5A1FE23","bin_plus\UNO_Data\StreamingAssets\preinstall\livefeature\boardcommon\animation\deck_sfx.b",6612,6612,4691,476
"40D2E883AF32D84EAAD8E5D4215DF94BB5A1FE23","bin_plus\UNO_Data\StreamingAssets\preinstall\livefeature\boardcommon\animation\didnt_calluno.b",6540,6540,4673,477
"40D2E883AF32D84EAAD8E5D4215DF94BB5A1FE23","bin_plus\UNO_Data\StreamingAssets\preinstall\livefeature\boardcommon\animation\drawcard.b",6603,6603,4752,478
"40D2E883AF32D84EAAD8E5D4215DF94BB5A1FE23","bin_plus\UNO_Data\StreamingAssets\preinstall\livefeature\boardcommon\animation\drawtwo.b",19366,19366,13513,479
"40D2E883AF32D84EAAD8E5D4215DF94BB5A1FE23","bin_plus\UNO_Data\StreamingAssets\preinstall\livefeature\boardcommon\animation\joker.b",231534,231534,193694,480
"40D2E883AF32D84EAAD8E5D4215DF94BB5A1FE23","bin_plus\UNO_Data\StreamingAssets\preinstall\livefeature\boardcommon\animation\jump_in.b",50709,50709,43029,481
"40D2E883AF32D84EAAD8E5D4215DF94BB5A1FE23","bin_plus\UNO_Data\StreamingAssets\preinstall\livefeature\boardcommon\animation\particle_cardglow.b",6113,6113,4309,482
"40D2E883AF32D84EAAD8E5D4215DF94BB5A1FE23","bin_plus\UNO_Data\StreamingAssets\preinstall\livefeature\boardcommon\animation\preparecalluno.b",6969,6969,5078,483
"40D2E883AF32D84EAAD8E5D4215DF94BB5A1FE23","bin_plus\UNO_Data\StreamingAssets\preinstall\livefeature\boardcommon\animation\ps4_cross_button.b",112295,112295,87688,484
"40D2E883AF32D84EAAD8E5D4215DF94BB5A1FE23","bin_plus\UNO_Data\StreamingAssets\preinstall\livefeature\boardcommon\animation\reverse.b",8292,8292,6290,485
"40D2E883AF32D84EAAD8E5D4215DF94BB5A1FE23","bin_plus\UNO_Data\StreamingAssets\preinstall\livefeature\boardcommon\animation\sevenzero.b",31860,31860,19957,486
"40D2E883AF32D84EAAD8E5D4215DF94BB5A1FE23","bin_plus\UNO_Data\StreamingAssets\preinstall\livefeature\boardcommon\animation\single_card.b",6204,6204,4378,487
"40D2E883AF32D84EAAD8E5D4215DF94BB5A1FE23","bin_plus\UNO_Data\StreamingAssets\preinstall\livefeature\boardcommon\animation\skip.b",10676,10676,8200,488
"40D2E883AF32D84EAAD8E5D4215DF94BB5A1FE23","bin_plus\UNO_Data\StreamingAssets\preinstall\livefeature\boardcommon\animation\stacking.b",10915,10915,8713,489
"40D2E883AF32D84EAAD8E5D4215DF94BB5A1FE23","bin_plus\UNO_Data\StreamingAssets\preinstall\livefeature\boardcommon\animation\touch_screen.b",6524,6524,4635,490
"40D2E883AF32D84EAAD8E5D4215DF94BB5A1FE23","bin_plus\UNO_Data\StreamingAssets\preinstall\livefeature\boardcommon\animation\tutorial_arrow.b",6160,6160,4347,491
"40D2E883AF32D84EAAD8E5D4215DF94BB5A1FE23","bin_plus\UNO_Data\StreamingAssets\preinstall\livefeature\boardcommon\animation\voice_chat.b",7364,7364,5410,492
"40D2E883AF32D84EAAD8E5D4215DF94BB5A1FE23","bin_plus\UNO_Data\StreamingAssets\preinstall\livefeature\boardcommon\animation\wild.b",533415,533415,449120,493
"40D2E883AF32D84EAAD8E5D4215DF94BB5A1FE23","bin_plus\UNO_Data\StreamingAssets\preinstall\livefeature\boardcommon\animation\wild_ps4_cross_button.b",2782,2782,1670,494
"40D2E883AF32D84EAAD8E5D4215DF94BB5A1FE23","bin_plus\UNO_Data\StreamingAssets\preinstall\livefeature\boardcommon\animation\xbox1_cross_button.b",11777,11777,8980,495
"40D2E883AF32D84EAAD8E5D4215DF94BB5A1FE23","bin_plus\UNO_Data\StreamingAssets\preinstall\livefeature\boardcommon\animation\active_player\anicontroller.b",6818,6818,5508,496
"40D2E883AF32D84EAAD8E5D4215DF94BB5A1FE23","bin_plus\UNO_Data\StreamingAssets\preinstall\livefeature\boardcommon\animation\arrows\anicontroller.b",5244,5244,4132,497
"40D2E883AF32D84EAAD8E5D4215DF94BB5A1FE23","bin_plus\UNO_Data\StreamingAssets\preinstall\livefeature\boardcommon\animation\arrows\materials.b",2681,2681,2110,498
"40D2E883AF32D84EAAD8E5D4215DF94BB5A1FE23","bin_plus\UNO_Data\StreamingAssets\preinstall\livefeature\boardcommon\animation\arrows\texture.b",459529,459529,393547,499
"40D2E883AF32D84EAAD8E5D4215DF94BB5A1FE23","bin_plus\UNO_Data\StreamingAssets\preinstall\livefeature\boardcommon\animation\avater\anicontroller.b",5594,5594,4465,500
"40D2E883AF32D84EAAD8E5D4215DF94BB5A1FE23","bin_plus\UNO_Data\StreamingAssets\preinstall\livefeature\boardcommon\animation\board_circle\anicontroller.b",4714,4714,3687,501
"40D2E883AF32D84EAAD8E5D4215DF94BB5A1FE23","bin_plus\UNO_Data\StreamingAssets\preinstall\livefeature\boardcommon\animation\button_glow\anicontroller.b",5062,5062,3995,502
"40D2E883AF32D84EAAD8E5D4215DF94BB5A1FE23","bin_plus\UNO_Data\StreamingAssets\preinstall\livefeature\boardcommon\animation\button_glow\materials.b",42634,42634,30647,503
"40D2E883AF32D84EAAD8E5D4215DF94BB5A1FE23","bin_plus\UNO_Data\StreamingAssets\preinstall\livefeature\boardcommon\animation\call_uno\anicontroller.b",4711,4711,3649,504
"40D2E883AF32D84EAAD8E5D4215DF94BB5A1FE23","bin_plus\UNO_Data\StreamingAssets\preinstall\livefeature\boardcommon\animation\challenge_wilddraw4\anicontroller.b",6582,6582,5288,505
"40D2E883AF32D84EAAD8E5D4215DF94BB5A1FE23","bin_plus\UNO_Data\StreamingAssets\preinstall\livefeature\boardcommon\animation\challenge_wilddraw4\materials.b",2804,2804,2228,506
"40D2E883AF32D84EAAD8E5D4215DF94BB5A1FE23","bin_plus\UNO_Data\StreamingAssets\preinstall\livefeature\boardcommon\animation\challenge_wilddraw4\mesh.b",46540,46540,33435,507
"40D2E883AF32D84EAAD8E5D4215DF94BB5A1FE23","bin_plus\UNO_Data\StreamingAssets\preinstall\livefeature\boardcommon\animation\challenge_wilddraw4\texture.b",635879,635879,552060,508
"40D2E883AF32D84EAAD8E5D4215DF94BB5A1FE23","bin_plus\UNO_Data\StreamingAssets\preinstall\livefeature\boardcommon\animation\deck_sfx\anicontroller.b",4698,4698,3642,509
"40D2E883AF32D84EAAD8E5D4215DF94BB5A1FE23","bin_plus\UNO_Data\StreamingAssets\preinstall\livefeature\boardcommon\animation\didnt_calluno\anicontroller.b",4707,4707,3670,510
"40D2E883AF32D84EAAD8E5D4215DF94BB5A1FE23","bin_plus\UNO_Data\StreamingAssets\preinstall\livefeature\boardcommon\animation\didnt_calluno\materials.b",2628,2628,2064,511
"40D2E883AF32D84EAAD8E5D4215DF94BB5A1FE23","bin_plus\UNO_Data\StreamingAssets\preinstall\livefeature\boardcommon\animation\didnt_calluno\mesh.b",53332,53332,38251,512
"40D2E883AF32D84EAAD8E5D4215DF94BB5A1FE23","bin_plus\UNO_Data\StreamingAssets\preinstall\livefeature\boardcommon\animation\didnt_calluno\texture.b",11379,11379,9241,513
"40D2E883AF32D84EAAD8E5D4215DF94BB5A1FE23","bin_plus\UNO_Data\StreamingAssets\preinstall\livefeature\boardcommon\animation\drawcard\anicontroller.b",4949,4949,3891,514
"40D2E883AF32D84EAAD8E5D4215DF94BB5A1FE23","bin_plus\UNO_Data\StreamingAssets\preinstall\livefeature\boardcommon\animation\drawcard\materials.b",2864,2864,2282,515
"40D2E883AF32D84EAAD8E5D4215DF94BB5A1FE23","bin_plus\UNO_Data\StreamingAssets\preinstall\livefeature\boardcommon\animation\drawcard\mesh.b",47693,47693,34317,516
"40D2E883AF32D84EAAD8E5D4215DF94BB5A1FE23","bin_plus\UNO_Data\StreamingAssets\preinstall\livefeature\boardcommon\animation\drawcard\texture.b",178643,178643,149865,517
"40D2E883AF32D84EAAD8E5D4215DF94BB5A1FE23","bin_plus\UNO_Data\StreamingAssets\preinstall\livefeature\boardcommon\animation\drawtwo\anicontroller.b",11392,11392,9546,518
"40D2E883AF32D84EAAD8E5D4215DF94BB5A1FE23","bin_plus\UNO_Data\StreamingAssets\preinstall\livefeature\boardcommon\animation\drawtwo\choosebottomplaceholder.b",10354,10354,7613,519
"40D2E883AF32D84EAAD8E5D4215DF94BB5A1FE23","bin_plus\UNO_Data\StreamingAssets\preinstall\livefeature\boardcommon\animation\joker\anicontroller.b",6214,6214,4944,520
"40D2E883AF32D84EAAD8E5D4215DF94BB5A1FE23","bin_plus\UNO_Data\StreamingAssets\preinstall\livefeature\boardcommon\animation\jump_in\anicontroller.b",5633,5633,4498,521
"40D2E883AF32D84EAAD8E5D4215DF94BB5A1FE23","bin_plus\UNO_Data\StreamingAssets\preinstall\livefeature\boardcommon\animation\jump_in\materials.b",2913,2913,2326,522
"40D2E883AF32D84EAAD8E5D4215DF94BB5A1FE23","bin_plus\UNO_Data\StreamingAssets\preinstall\livefeature\boardcommon\animation\jump_in\mesh.b",55845,55845,41525,523
"40D2E883AF32D84EAAD8E5D4215DF94BB5A1FE23","bin_plus\UNO_Data\StreamingAssets\preinstall\livefeature\boardcommon\animation\jump_in\texture.b",142482,142482,110405,524
"40D2E883AF32D84EAAD8E5D4215DF94BB5A1FE23","bin_plus\UNO_Data\StreamingAssets\preinstall\livefeature\boardcommon\animation\particle_cardglow\anicontroller.b",4719,4719,3686,525
"40D2E883AF32D84EAAD8E5D4215DF94BB5A1FE23","bin_plus\UNO_Data\StreamingAssets\preinstall\livefeature\boardcommon\animation\preparecalluno\anicontroller.b",5096,5096,4022,526
"40D2E883AF32D84EAAD8E5D4215DF94BB5A1FE23","bin_plus\UNO_Data\StreamingAssets\preinstall\livefeature\boardcommon\animation\ps4_cross_button\anicontroller.b",5205,5205,4098,527
"40D2E883AF32D84EAAD8E5D4215DF94BB5A1FE23","bin_plus\UNO_Data\StreamingAssets\preinstall\livefeature\boardcommon\animation\reverse\anicontroller.b",5151,5151,4071,528
"40D2E883AF32D84EAAD8E5D4215DF94BB5A1FE23","bin_plus\UNO_Data\StreamingAssets\preinstall\livefeature\boardcommon\animation\sevenzero\anicontroller.b",14485,14485,12252,529
"40D2E883AF32D84EAAD8E5D4215DF94BB5A1FE23","bin_plus\UNO_Data\StreamingAssets\preinstall\livefeature\boardcommon\animation\sevenzero\materials.b",2697,2697,2123,530
"40D2E883AF32D84EAAD8E5D4215DF94BB5A1FE23","bin_plus\UNO_Data\StreamingAssets\preinstall\livefeature\boardcommon\animation\single_card\anicontroller.b",4753,4753,3713,531
"40D2E883AF32D84EAAD8E5D4215DF94BB5A1FE23","bin_plus\UNO_Data\StreamingAssets\preinstall\livefeature\boardcommon\animation\skip\anicontroller.b",7509,7509,6131,532
"40D2E883AF32D84EAAD8E5D4215DF94BB5A1FE23","bin_plus\UNO_Data\StreamingAssets\preinstall\livefeature\boardcommon\animation\stacking\anicontroller.b",5934,5934,4762,533
"40D2E883AF32D84EAAD8E5D4215DF94BB5A1FE23","bin_plus\UNO_Data\StreamingAssets\preinstall\livefeature\boardcommon\animation\stacking\materials.b",2852,2852,2264,534
"40D2E883AF32D84EAAD8E5D4215DF94BB5A1FE23","bin_plus\UNO_Data\StreamingAssets\preinstall\livefeature\boardcommon\animation\stacking\texture.b",247891,247891,211525,535
"40D2E883AF32D84EAAD8E5D4215DF94BB5A1FE23","bin_plus\UNO_Data\StreamingAssets\preinstall\livefeature\boardcommon\animation\touch_screen\anicontroller.b",4942,4942,3877,536
"40D2E883AF32D84EAAD8E5D4215DF94BB5A1FE23","bin_plus\UNO_Data\StreamingAssets\preinstall\livefeature\boardcommon\animation\tutorial_arrow\anicontroller.b",4715,4715,3688,537
"40D2E883AF32D84EAAD8E5D4215DF94BB5A1FE23","bin_plus\UNO_Data\StreamingAssets\preinstall\livefeature\boardcommon\animation\tutorial_arrow\materials.b",19907,19907,11104,538
"40D2E883AF32D84EAAD8E5D4215DF94BB5A1FE23","bin_plus\UNO_Data\StreamingAssets\preinstall\livefeature\boardcommon\animation\tutorial_arrow\texture.b",43139,43139,38327,539
"40D2E883AF32D84EAAD8E5D4215DF94BB5A1FE23","bin_plus\UNO_Data\StreamingAssets\preinstall\livefeature\boardcommon\animation\voice_chat\anicontroller.b",4703,4703,3644,540
"40D2E883AF32D84EAAD8E5D4215DF94BB5A1FE23","bin_plus\UNO_Data\StreamingAssets\preinstall\livefeature\boardcommon\animation\voice_chat\materials.b",2738,2738,2166,541
"40D2E883AF32D84EAAD8E5D4215DF94BB5A1FE23","bin_plus\UNO_Data\StreamingAssets\preinstall\livefeature\boardcommon\animation\voice_chat\texture.b",25969,25969,23348,542
"40D2E883AF32D84EAAD8E5D4215DF94BB5A1FE23","bin_plus\UNO_Data\StreamingAssets\preinstall\livefeature\boardcommon\animation\wild\anicontroller.b",6204,6204,4981,543
"40D2E883AF32D84EAAD8E5D4215DF94BB5A1FE23","bin_plus\UNO_Data\StreamingAssets\preinstall\livefeature\boardcommon\animation\wild_ps4_cross_button\materials.b",44062,44062,31919,544
"40D2E883AF32D84EAAD8E5D4215DF94BB5A1FE23","bin_plus\UNO_Data\StreamingAssets\preinstall\livefeature\boardcommon\animation\xbox1_cross_button\anicontroller.b",5628,5628,4493,545
"40D2E883AF32D84EAAD8E5D4215DF94BB5A1FE23","bin_plus\UNO_Data\StreamingAssets\preinstall\livefeature\boardcommon\animation\xbox1_cross_button\materials.b",2635,2635,2061,546
"40D2E883AF32D84EAAD8E5D4215DF94BB5A1FE23","bin_plus\UNO_Data\StreamingAssets\preinstall\livefeature\boardcommon\animation\xbox1_cross_button\mesh.b",66477,66477,50201,547
"40D2E883AF32D84EAAD8E5D4215DF94BB5A1FE23","bin_plus\UNO_Data\StreamingAssets\preinstall\livefeature\boardcommon\animation\xbox1_cross_button\texture.b",2259,2259,1685,548
"40D2E883AF32D84EAAD8E5D4215DF94BB5A1FE23","bin_plus\UNO_Data\StreamingAssets\preinstall\livefeature\boardcommon\cardanimation\sevenzero.b",6424,6424,4559,549
"40D2E883AF32D84EAAD8E5D4215DF94BB5A1FE23","bin_plus\UNO_Data\StreamingAssets\preinstall\livefeature\boardcommon\cardcoveringeffect\colorchangeeffect.b",183483,183483,141528,550
"40D2E883AF32D84EAAD8E5D4215DF94BB5A1FE23","bin_plus\UNO_Data\StreamingAssets\preinstall\livefeature\boardcommon\classic_board\board_circle.b",352828,352828,271694,551
"40D2E883AF32D84EAAD8E5D4215DF94BB5A1FE23","bin_plus\UNO_Data\StreamingAssets\preinstall\livefeature\boardcommon\classic_board\board_glow.b",249565,249565,218692,552
"40D2E883AF32D84EAAD8E5D4215DF94BB5A1FE23","bin_plus\UNO_Data\StreamingAssets\preinstall\livefeature\boardcommon\classic_board\board_red.b",129417,129417,108074,553
"40D2E883AF32D84EAAD8E5D4215DF94BB5A1FE23","bin_plus\UNO_Data\StreamingAssets\preinstall\livefeature\boardcommon\classic_board\board_yellow.b",619847,619847,534951,554
"40D2E883AF32D84EAAD8E5D4215DF94BB5A1FE23","bin_plus\UNO_Data\StreamingAssets\preinstall\livefeature\boardcommon\classic_board\card_deck.b",80887,80887,63003,555
"40D2E883AF32D84EAAD8E5D4215DF94BB5A1FE23","bin_plus\UNO_Data\StreamingAssets\preinstall\livefeature\boardcommon\gfx\card_shadow.b",47213,47213,34006,556
"40D2E883AF32D84EAAD8E5D4215DF94BB5A1FE23","bin_plus\UNO_Data\StreamingAssets\preinstall\livefeature\boardcommon\gfx\active_player\materials.b",2654,2654,2084,557
"40D2E883AF32D84EAAD8E5D4215DF94BB5A1FE23","bin_plus\UNO_Data\StreamingAssets\preinstall\livefeature\boardcommon\gfx\active_player\mesh.b",54410,54410,40389,558
"40D2E883AF32D84EAAD8E5D4215DF94BB5A1FE23","bin_plus\UNO_Data\StreamingAssets\preinstall\livefeature\boardcommon\gfx\active_player\texture.b",27164,27164,24706,559
"40D2E883AF32D84EAAD8E5D4215DF94BB5A1FE23","bin_plus\UNO_Data\StreamingAssets\preinstall\livefeature\boardcommon\gfx\avater\materials.b",4338,4338,3554,560
"40D2E883AF32D84EAAD8E5D4215DF94BB5A1FE23","bin_plus\UNO_Data\StreamingAssets\preinstall\livefeature\boardcommon\gfx\avater\mesh.b",46439,46439,33320,561
"40D2E883AF32D84EAAD8E5D4215DF94BB5A1FE23","bin_plus\UNO_Data\StreamingAssets\preinstall\livefeature\boardcommon\gfx\avater\texture.b",390976,390976,308665,562
"40D2E883AF32D84EAAD8E5D4215DF94BB5A1FE23","bin_plus\UNO_Data\StreamingAssets\preinstall\livefeature\boardcommon\gfx\background_sphere\materials.b",2928,2928,2332,563
"40D2E883AF32D84EAAD8E5D4215DF94BB5A1FE23","bin_plus\UNO_Data\StreamingAssets\preinstall\livefeature\boardcommon\gfx\background_sphere\mesh.b",61186,61186,46722,564
"40D2E883AF32D84EAAD8E5D4215DF94BB5A1FE23","bin_plus\UNO_Data\StreamingAssets\preinstall\livefeature\boardcommon\gfx\background_sphere\texture.b",104008,104008,75422,565
"40D2E883AF32D84EAAD8E5D4215DF94BB5A1FE23","bin_plus\UNO_Data\StreamingAssets\preinstall\livefeature\boardcommon\gfx\call_uno\materials.b",3397,3397,2769,566
"40D2E883AF32D84EAAD8E5D4215DF94BB5A1FE23","bin_plus\UNO_Data\StreamingAssets\preinstall\livefeature\boardcommon\gfx\call_uno\mesh.b",72898,72898,53454,567
"40D2E883AF32D84EAAD8E5D4215DF94BB5A1FE23","bin_plus\UNO_Data\StreamingAssets\preinstall\livefeature\boardcommon\gfx\call_uno\texture.b",903138,903138,567228,568
"40D2E883AF32D84EAAD8E5D4215DF94BB5A1FE23","bin_plus\UNO_Data\StreamingAssets\preinstall\livefeature\boardcommon\gfx\card_shadow\texture.b",17806,17806,12704,569
"40D2E883AF32D84EAAD8E5D4215DF94BB5A1FE23","bin_plus\UNO_Data\StreamingAssets\preinstall\livefeature\boardcommon\gfx\cursor\materials.b",3269,3269,2635,570
"40D2E883AF32D84EAAD8E5D4215DF94BB5A1FE23","bin_plus\UNO_Data\StreamingAssets\preinstall\livefeature\boardcommon\gfx\cursor\mesh.b",61423,61423,46291,571
"40D2E883AF32D84EAAD8E5D4215DF94BB5A1FE23","bin_plus\UNO_Data\StreamingAssets\preinstall\livefeature\boardcommon\gfx\cursor\texture.b",96042,96042,44013,572
"40D2E883AF32D84EAAD8E5D4215DF94BB5A1FE23","bin_plus\UNO_Data\StreamingAssets\preinstall\livefeature\boardcommon\gfx\drawfour\materials.b",2828,2828,2245,573
"40D2E883AF32D84EAAD8E5D4215DF94BB5A1FE23","bin_plus\UNO_Data\StreamingAssets\preinstall\livefeature\boardcommon\gfx\drawfour\texture.b",362666,362666,320139,574
"40D2E883AF32D84EAAD8E5D4215DF94BB5A1FE23","bin_plus\UNO_Data\StreamingAssets\preinstall\livefeature\boardcommon\gfx\drawtwo\materials.b",2979,2979,2377,575
"40D2E883AF32D84EAAD8E5D4215DF94BB5A1FE23","bin_plus\UNO_Data\StreamingAssets\preinstall\livefeature\boardcommon\gfx\drawtwo\mesh.b",59358,59358,45366,576
"40D2E883AF32D84EAAD8E5D4215DF94BB5A1FE23","bin_plus\UNO_Data\StreamingAssets\preinstall\livefeature\boardcommon\gfx\drawtwo\texture.b",448897,448897,254767,577
"40D2E883AF32D84EAAD8E5D4215DF94BB5A1FE23","bin_plus\UNO_Data\StreamingAssets\preinstall\livefeature\boardcommon\gfx\particle_cardglow\materials.b",3483,3483,2823,578
"40D2E883AF32D84EAAD8E5D4215DF94BB5A1FE23","bin_plus\UNO_Data\StreamingAssets\preinstall\livefeature\boardcommon\gfx\particle_cardglow\mesh.b",50799,50799,37156,579
"40D2E883AF32D84EAAD8E5D4215DF94BB5A1FE23","bin_plus\UNO_Data\StreamingAssets\preinstall\livefeature\boardcommon\gfx\particle_cardglow\texture.b",309390,309390,249724,580
"40D2E883AF32D84EAAD8E5D4215DF94BB5A1FE23","bin_plus\UNO_Data\StreamingAssets\preinstall\livefeature\boardcommon\gfx\reverse\materials.b",3388,3388,2761,581
"40D2E883AF32D84EAAD8E5D4215DF94BB5A1FE23","bin_plus\UNO_Data\StreamingAssets\preinstall\livefeature\boardcommon\gfx\reverse\mesh.b",85099,85099,67010,582
"40D2E883AF32D84EAAD8E5D4215DF94BB5A1FE23","bin_plus\UNO_Data\StreamingAssets\preinstall\livefeature\boardcommon\gfx\reverse\texture.b",444696,444696,310553,583
"40D2E883AF32D84EAAD8E5D4215DF94BB5A1FE23","bin_plus\UNO_Data\StreamingAssets\preinstall\livefeature\boardcommon\gfx\sevenzero\materials.b",3423,3423,2784,584
"40D2E883AF32D84EAAD8E5D4215DF94BB5A1FE23","bin_plus\UNO_Data\StreamingAssets\preinstall\livefeature\boardcommon\gfx\sevenzero\mesh.b",64246,64246,49591,585
"40D2E883AF32D84EAAD8E5D4215DF94BB5A1FE23","bin_plus\UNO_Data\StreamingAssets\preinstall\livefeature\boardcommon\gfx\sevenzero\texture.b",779039,779039,501638,586
"40D2E883AF32D84EAAD8E5D4215DF94BB5A1FE23","bin_plus\UNO_Data\StreamingAssets\preinstall\livefeature\boardcommon\gfx\single_card\materials.b",2825,2825,2245,587
"40D2E883AF32D84EAAD8E5D4215DF94BB5A1FE23","bin_plus\UNO_Data\StreamingAssets\preinstall\livefeature\boardcommon\gfx\single_card\texture.b",67982,67982,59155,588
"40D2E883AF32D84EAAD8E5D4215DF94BB5A1FE23","bin_plus\UNO_Data\StreamingAssets\preinstall\livefeature\boardcommon\gfx\skip\materials.b",3367,3367,2729,589
"40D2E883AF32D84EAAD8E5D4215DF94BB5A1FE23","bin_plus\UNO_Data\StreamingAssets\preinstall\livefeature\boardcommon\gfx\skip\mesh.b",81922,81922,61025,590
"40D2E883AF32D84EAAD8E5D4215DF94BB5A1FE23","bin_plus\UNO_Data\StreamingAssets\preinstall\livefeature\boardcommon\gfx\skip\texture.b",555244,555244,443264,591
"40D2E883AF32D84EAAD8E5D4215DF94BB5A1FE23","bin_plus\UNO_Data\StreamingAssets\preinstall\livefeature\boardcommon\gfx\touch_screen\materials.b",2678,2678,2096,592
"40D2E883AF32D84EAAD8E5D4215DF94BB5A1FE23","bin_plus\UNO_Data\StreamingAssets\preinstall\livefeature\boardcommon\gfx\touch_screen\texture.b",14915,14915,13107,593
"40D2E883AF32D84EAAD8E5D4215DF94BB5A1FE23","bin_plus\UNO_Data\StreamingAssets\preinstall\livefeature\boardcommon\skybox\materials.b",2709,2709,2137,594
"40D2E883AF32D84EAAD8E5D4215DF94BB5A1FE23","bin_plus\UNO_Data\StreamingAssets\preinstall\livefeature\boardcommon\skybox\texture.b",161550,161550,130870,595
"40D2E883AF32D84EAAD8E5D4215DF94BB5A1FE23","bin_plus\UNO_Data\StreamingAssets\preinstall\livefeature\boardcommon\texturebackground\screenshotmat.b",2418240,2418240,2042207,596
"40D2E883AF32D84EAAD8E5D4215DF94BB5A1FE23","bin_plus\UNO_Data\StreamingAssets\preinstall\menu\uimask.b",2161,2161,1674,597
"40D2E883AF32D84EAAD8E5D4215DF94BB5A1FE23","bin_plus\UNO_Data\StreamingAssets\preinstall\menu\2d_assets\blob.b",22984710,22984710,19901314,598
"40D2E883AF32D84EAAD8E5D4215DF94BB5A1FE23","bin_plus\UNO_Data\StreamingAssets\preinstall\menu\2d_assets\common.b",1248984,1248984,894397,599
"40D2E883AF32D84EAAD8E5D4215DF94BB5A1FE23","bin_plus\UNO_Data\StreamingAssets\preinstall\menu\2d_assets\movie.b",29187,29187,18630,600
"40D2E883AF32D84EAAD8E5D4215DF94BB5A1FE23","bin_plus\UNO_Data\StreamingAssets\preinstall\menu\2d_assets\common\dlc.b",51035024,51035024,42484235,601
"40D2E883AF32D84EAAD8E5D4215DF94BB5A1FE23","bin_plus\UNO_Data\StreamingAssets\preinstall\menu\2d_assets\common\helpandoptions.b",3573208,3573208,2609223,602
"40D2E883AF32D84EAAD8E5D4215DF94BB5A1FE23","bin_plus\UNO_Data\StreamingAssets\preinstall\menu\3d_assets\helpandoptions.b",11210,11210,8303,603
"40D2E883AF32D84EAAD8E5D4215DF94BB5A1FE23","bin_plus\UNO_Data\StreamingAssets\preinstall\menu\3d_assets\menu_itemmaterial.b",200379,200379,181915,604
"40D2E883AF32D84EAAD8E5D4215DF94BB5A1FE23","bin_plus\UNO_Data\StreamingAssets\preinstall\menu\3d_assets\menu_itemtexture.b",4684836,4684836,4281047,605
"40D2E883AF32D84EAAD8E5D4215DF94BB5A1FE23","bin_plus\UNO_Data\StreamingAssets\preinstall\menu\3d_assets\menu_themepicker.b",906446,906446,721178,606
"40D2E883AF32D84EAAD8E5D4215DF94BB5A1FE23","bin_plus\UNO_Data\StreamingAssets\preinstall\menu\3d_assets\menu_background\materials.b",41808,41808,29943,607
"40D2E883AF32D84EAAD8E5D4215DF94BB5A1FE23","bin_plus\UNO_Data\StreamingAssets\preinstall\menu\3d_assets\menu_themepicker\animation.b",13744,13744,10926,608
"40D2E883AF32D84EAAD8E5D4215DF94BB5A1FE23","bin_plus\UNO_Data\StreamingAssets\preinstall\menu\3d_assets\menu_themepicker\spawnedprefabs.b",39056,39056,34090,609
"40D2E883AF32D84EAAD8E5D4215DF94BB5A1FE23","bin_plus\UNO_Data\StreamingAssets\preinstall\prefab\fonts.b",4242,4242,3485,610
"40D2E883AF32D84EAAD8E5D4215DF94BB5A1FE23","bin_plus\UNO_Data\StreamingAssets\preinstall\prefab\leaderboard.b",28214,28214,23451,611
"40D2E883AF32D84EAAD8E5D4215DF94BB5A1FE23","bin_plus\UNO_Data\StreamingAssets\preinstall\prefab\loading.b",6943,6943,5800,612
"40D2E883AF32D84EAAD8E5D4215DF94BB5A1FE23","bin_plus\UNO_Data\StreamingAssets\preinstall\prefab\localization.b",3552,3552,2941,613
"40D2E883AF32D84EAAD8E5D4215DF94BB5A1FE23","bin_plus\UNO_Data\StreamingAssets\preinstall\prefab\menu.b",1015226,1015226,913601,614
"40D2E883AF32D84EAAD8E5D4215DF94BB5A1FE23","bin_plus\UNO_Data\StreamingAssets\preinstall\prefab\missions.b",13939,13939,11078,615
"40D2E883AF32D84EAAD8E5D4215DF94BB5A1FE23","bin_plus\UNO_Data\StreamingAssets\preinstall\prefab\notificationsystem.b",9478,9478,7796,616
"40D2E883AF32D84EAAD8E5D4215DF94BB5A1FE23","bin_plus\UNO_Data\StreamingAssets\preinstall\prefab\prefabs.b",4007170,4007170,3395710,617
"40D2E883AF32D84EAAD8E5D4215DF94BB5A1FE23","bin_plus\UNO_Data\StreamingAssets\preinstall\prefab\treeuiresources.b",8752,8752,7310,618
"40D2E883AF32D84EAAD8E5D4215DF94BB5A1FE23","bin_plus\UNO_Data\StreamingAssets\preinstall\prefab\watermark.b",8242,8242,6753,619
"40D2E883AF32D84EAAD8E5D4215DF94BB5A1FE23","bin_plus\UNO_Data\StreamingAssets\preinstall\prefab\_campaign.b",2799,2799,2268,620
"40D2E883AF32D84EAAD8E5D4215DF94BB5A1FE23","bin_plus\UNO_Data\StreamingAssets\preinstall\prefab\assets\bundleassets.b",12329,12329,9478,621
"40D2E883AF32D84EAAD8E5D4215DF94BB5A1FE23","bin_plus\UNO_Data\StreamingAssets\preinstall\prefab\fonts\helveticaloutlined.b",8320,8320,6519,622
"40D2E883AF32D84EAAD8E5D4215DF94BB5A1FE23","bin_plus\UNO_Data\StreamingAssets\preinstall\prefab\livefeature\00_board\item_board_brawlhalla.b",29381,29381,13991,623
"40D2E883AF32D84EAAD8E5D4215DF94BB5A1FE23","bin_plus\UNO_Data\StreamingAssets\preinstall\prefab\livefeature\00_board\item_board_abstractgraphic\arrow.b",3742,3742,3098,624
"40D2E883AF32D84EAAD8E5D4215DF94BB5A1FE23","bin_plus\UNO_Data\StreamingAssets\preinstall\prefab\livefeature\00_board\item_board_abstractgraphic\background.b",44913,44913,26026,625
"40D2E883AF32D84EAAD8E5D4215DF94BB5A1FE23","bin_plus\UNO_Data\StreamingAssets\preinstall\prefab\livefeature\00_board\item_board_abstractgraphic\vfx.b",36410,36410,19085,626
"40D2E883AF32D84EAAD8E5D4215DF94BB5A1FE23","bin_plus\UNO_Data\StreamingAssets\preinstall\prefab\livefeature\00_board\item_board_ac15\arrow.b",3738,3738,3059,627
"40D2E883AF32D84EAAD8E5D4215DF94BB5A1FE23","bin_plus\UNO_Data\StreamingAssets\preinstall\prefab\livefeature\00_board\item_board_ac15\background.b",54701,54701,33643,628
"40D2E883AF32D84EAAD8E5D4215DF94BB5A1FE23","bin_plus\UNO_Data\StreamingAssets\preinstall\prefab\livefeature\00_board\item_board_ac15\vfx.b",35791,35791,19127,629
"40D2E883AF32D84EAAD8E5D4215DF94BB5A1FE23","bin_plus\UNO_Data\StreamingAssets\preinstall\prefab\livefeature\00_board\item_board_ac15event\arrow.b",3729,3729,3082,630
"40D2E883AF32D84EAAD8E5D4215DF94BB5A1FE23","bin_plus\UNO_Data\StreamingAssets\preinstall\prefab\livefeature\00_board\item_board_ac15event\background.b",71017,71017,45723,631
"40D2E883AF32D84EAAD8E5D4215DF94BB5A1FE23","bin_plus\UNO_Data\StreamingAssets\preinstall\prefab\livefeature\00_board\item_board_ac15event\vfx.b",30506,30506,14520,632
"40D2E883AF32D84EAAD8E5D4215DF94BB5A1FE23","bin_plus\UNO_Data\StreamingAssets\preinstall\prefab\livefeature\00_board\item_board_animecatcafe\arrow.b",3738,3738,3101,633
"40D2E883AF32D84EAAD8E5D4215DF94BB5A1FE23","bin_plus\UNO_Data\StreamingAssets\preinstall\prefab\livefeature\00_board\item_board_animecatcafe\background.b",68270,68270,40914,634
"40D2E883AF32D84EAAD8E5D4215DF94BB5A1FE23","bin_plus\UNO_Data\StreamingAssets\preinstall\prefab\livefeature\00_board\item_board_animecatcafe\vfx.b",59309,59309,33085,635
"40D2E883AF32D84EAAD8E5D4215DF94BB5A1FE23","bin_plus\UNO_Data\StreamingAssets\preinstall\prefab\livefeature\00_board\item_board_candyworld\arrow.b",3746,3746,3102,636
"40D2E883AF32D84EAAD8E5D4215DF94BB5A1FE23","bin_plus\UNO_Data\StreamingAssets\preinstall\prefab\livefeature\00_board\item_board_candyworld\background.b",9478,9478,7925,637
"40D2E883AF32D84EAAD8E5D4215DF94BB5A1FE23","bin_plus\UNO_Data\StreamingAssets\preinstall\prefab\livefeature\00_board\item_board_cosy\arrow.b",3752,3752,3112,638
"40D2E883AF32D84EAAD8E5D4215DF94BB5A1FE23","bin_plus\UNO_Data\StreamingAssets\preinstall\prefab\livefeature\00_board\item_board_cosy\background.b",9728,9728,8158,639
"40D2E883AF32D84EAAD8E5D4215DF94BB5A1FE23","bin_plus\UNO_Data\StreamingAssets\preinstall\prefab\livefeature\00_board\item_board_cosy\vfx.b",133110,133110,76660,640
"40D2E883AF32D84EAAD8E5D4215DF94BB5A1FE23","bin_plus\UNO_Data\StreamingAssets\preinstall\prefab\livefeature\00_board\item_board_cube\arrow.b",3750,3750,3084,641
"40D2E883AF32D84EAAD8E5D4215DF94BB5A1FE23","bin_plus\UNO_Data\StreamingAssets\preinstall\prefab\livefeature\00_board\item_board_cube\background.b",41564,41564,23669,642
"40D2E883AF32D84EAAD8E5D4215DF94BB5A1FE23","bin_plus\UNO_Data\StreamingAssets\preinstall\prefab\livefeature\00_board\item_board_cube\vfx.b",34784,34784,17548,643
"40D2E883AF32D84EAAD8E5D4215DF94BB5A1FE23","bin_plus\UNO_Data\StreamingAssets\preinstall\prefab\livefeature\00_board\item_board_drawroom\arrow.b",3731,3731,3086,644
"40D2E883AF32D84EAAD8E5D4215DF94BB5A1FE23","bin_plus\UNO_Data\StreamingAssets\preinstall\prefab\livefeature\00_board\item_board_drawroom\background.b",35819,35819,19040,645
"40D2E883AF32D84EAAD8E5D4215DF94BB5A1FE23","bin_plus\UNO_Data\StreamingAssets\preinstall\prefab\livefeature\00_board\item_board_fairytalecastle\arrow.b",3743,3743,3086,646
"40D2E883AF32D84EAAD8E5D4215DF94BB5A1FE23","bin_plus\UNO_Data\StreamingAssets\preinstall\prefab\livefeature\00_board\item_board_fairytalecastle\background.b",68974,68974,41141,647
"40D2E883AF32D84EAAD8E5D4215DF94BB5A1FE23","bin_plus\UNO_Data\StreamingAssets\preinstall\prefab\livefeature\00_board\item_board_fairytalecastle\vfx.b",59010,59010,33491,648
"40D2E883AF32D84EAAD8E5D4215DF94BB5A1FE23","bin_plus\UNO_Data\StreamingAssets\preinstall\prefab\livefeature\00_board\item_board_flowers\arrow.b",3723,3723,3085,649
"40D2E883AF32D84EAAD8E5D4215DF94BB5A1FE23","bin_plus\UNO_Data\StreamingAssets\preinstall\prefab\livefeature\00_board\item_board_flowers\background.b",56500,56500,33024,650
"40D2E883AF32D84EAAD8E5D4215DF94BB5A1FE23","bin_plus\UNO_Data\StreamingAssets\preinstall\prefab\livefeature\00_board\item_board_flowers\vfx.b",47768,47768,25637,651
"40D2E883AF32D84EAAD8E5D4215DF94BB5A1FE23","bin_plus\UNO_Data\StreamingAssets\preinstall\prefab\livefeature\00_board\item_board_lapool\arrow.b",3727,3727,3085,652
"40D2E883AF32D84EAAD8E5D4215DF94BB5A1FE23","bin_plus\UNO_Data\StreamingAssets\preinstall\prefab\livefeature\00_board\item_board_lapool\background.b",9499,9499,7915,653
"40D2E883AF32D84EAAD8E5D4215DF94BB5A1FE23","bin_plus\UNO_Data\StreamingAssets\preinstall\prefab\livefeature\00_board\item_board_lny\arrow.b",3755,3755,3121,654
"40D2E883AF32D84EAAD8E5D4215DF94BB5A1FE23","bin_plus\UNO_Data\StreamingAssets\preinstall\prefab\livefeature\00_board\item_board_lny\background.b",10230,10230,8580,655
"40D2E883AF32D84EAAD8E5D4215DF94BB5A1FE23","bin_plus\UNO_Data\StreamingAssets\preinstall\prefab\livefeature\00_board\item_board_lny\environment.b",80006,80006,57075,656
"40D2E883AF32D84EAAD8E5D4215DF94BB5A1FE23","bin_plus\UNO_Data\StreamingAssets\preinstall\prefab\livefeature\00_board\item_board_lny\stylized dynamic tree.b",5362,5362,4599,657
"40D2E883AF32D84EAAD8E5D4215DF94BB5A1FE23","bin_plus\UNO_Data\StreamingAssets\preinstall\prefab\livefeature\00_board\item_board_lny\tree prefabs.b",6425,6425,5586,658
"40D2E883AF32D84EAAD8E5D4215DF94BB5A1FE23","bin_plus\UNO_Data\StreamingAssets\preinstall\prefab\livefeature\00_board\item_board_luminescentstars\arrow.b",3744,3744,3078,659
"40D2E883AF32D84EAAD8E5D4215DF94BB5A1FE23","bin_plus\UNO_Data\StreamingAssets\preinstall\prefab\livefeature\00_board\item_board_luminescentstars\background.b",39017,39017,22445,660
"40D2E883AF32D84EAAD8E5D4215DF94BB5A1FE23","bin_plus\UNO_Data\StreamingAssets\preinstall\prefab\livefeature\00_board\item_board_luminescentstars\vfx.b",29029,29029,13346,661
"40D2E883AF32D84EAAD8E5D4215DF94BB5A1FE23","bin_plus\UNO_Data\StreamingAssets\preinstall\prefab\livefeature\00_board\item_board_oasis\arrow.b",3765,3765,3111,662
"40D2E883AF32D84EAAD8E5D4215DF94BB5A1FE23","bin_plus\UNO_Data\StreamingAssets\preinstall\prefab\livefeature\00_board\item_board_oasis\background.b",38550,38550,22082,663
"40D2E883AF32D84EAAD8E5D4215DF94BB5A1FE23","bin_plus\UNO_Data\StreamingAssets\preinstall\prefab\livefeature\00_board\item_board_origami\arrow.b",3751,3751,3115,664
"40D2E883AF32D84EAAD8E5D4215DF94BB5A1FE23","bin_plus\UNO_Data\StreamingAssets\preinstall\prefab\livefeature\00_board\item_board_origami\background.b",17668,17668,15607,665
"40D2E883AF32D84EAAD8E5D4215DF94BB5A1FE23","bin_plus\UNO_Data\StreamingAssets\preinstall\prefab\livefeature\00_board\item_board_painterworkshop\arrow.b",3764,3764,3134,666
"40D2E883AF32D84EAAD8E5D4215DF94BB5A1FE23","bin_plus\UNO_Data\StreamingAssets\preinstall\prefab\livefeature\00_board\item_board_painterworkshop\background.b",35631,35631,19342,667
"40D2E883AF32D84EAAD8E5D4215DF94BB5A1FE23","bin_plus\UNO_Data\StreamingAssets\preinstall\prefab\livefeature\00_board\item_board_party\arrow.b",3766,3766,3109,668
"40D2E883AF32D84EAAD8E5D4215DF94BB5A1FE23","bin_plus\UNO_Data\StreamingAssets\preinstall\prefab\livefeature\00_board\item_board_party\background.b",44214,44214,25627,669
"40D2E883AF32D84EAAD8E5D4215DF94BB5A1FE23","bin_plus\UNO_Data\StreamingAssets\preinstall\prefab\livefeature\00_board\item_board_party\vfx.b",35898,35898,18495,670
"40D2E883AF32D84EAAD8E5D4215DF94BB5A1FE23","bin_plus\UNO_Data\StreamingAssets\preinstall\prefab\livefeature\00_board\item_board_retroautumn\arrow.b",3753,3753,3100,671
"40D2E883AF32D84EAAD8E5D4215DF94BB5A1FE23","bin_plus\UNO_Data\StreamingAssets\preinstall\prefab\livefeature\00_board\item_board_retroautumn\background.b",9655,9655,8088,672
"40D2E883AF32D84EAAD8E5D4215DF94BB5A1FE23","bin_plus\UNO_Data\StreamingAssets\preinstall\prefab\livefeature\00_board\item_board_retroautumn\vfx.b",58848,58848,32810,673
"40D2E883AF32D84EAAD8E5D4215DF94BB5A1FE23","bin_plus\UNO_Data\StreamingAssets\preinstall\prefab\livefeature\00_board\item_board_steampunkcity\arrow.b",3741,3741,3083,674
"40D2E883AF32D84EAAD8E5D4215DF94BB5A1FE23","bin_plus\UNO_Data\StreamingAssets\preinstall\prefab\livefeature\00_board\item_board_steampunkcity\background.b",9502,9502,7979,675
"40D2E883AF32D84EAAD8E5D4215DF94BB5A1FE23","bin_plus\UNO_Data\StreamingAssets\preinstall\prefab\livefeature\00_board\item_board_steampunkcity\vfx.b",59052,59052,32916,676
"40D2E883AF32D84EAAD8E5D4215DF94BB5A1FE23","bin_plus\UNO_Data\StreamingAssets\preinstall\prefab\livefeature\00_board\item_board_triangles\arrow.b",3744,3744,3082,677
"40D2E883AF32D84EAAD8E5D4215DF94BB5A1FE23","bin_plus\UNO_Data\StreamingAssets\preinstall\prefab\livefeature\00_board\item_board_triangles\background.b",41132,41132,23562,678
"40D2E883AF32D84EAAD8E5D4215DF94BB5A1FE23","bin_plus\UNO_Data\StreamingAssets\preinstall\prefab\livefeature\00_board\item_board_triangles\vfx.b",33979,33979,16874,679
"40D2E883AF32D84EAAD8E5D4215DF94BB5A1FE23","bin_plus\UNO_Data\StreamingAssets\preinstall\prefab\livefeature\00_board\item_board_underwaterbio\arrow.b",3739,3739,3080,680
"40D2E883AF32D84EAAD8E5D4215DF94BB5A1FE23","bin_plus\UNO_Data\StreamingAssets\preinstall\prefab\livefeature\00_board\item_board_underwaterbio\background.b",9631,9631,8100,681
"40D2E883AF32D84EAAD8E5D4215DF94BB5A1FE23","bin_plus\UNO_Data\StreamingAssets\preinstall\prefab\livefeature\00_board\item_board_universe\arrow.b",3752,3752,3104,682
"40D2E883AF32D84EAAD8E5D4215DF94BB5A1FE23","bin_plus\UNO_Data\StreamingAssets\preinstall\prefab\livefeature\00_board\item_board_universe\background.b",12438,12438,10636,683
"40D2E883AF32D84EAAD8E5D4215DF94BB5A1FE23","bin_plus\UNO_Data\StreamingAssets\preinstall\prefab\livefeature\00_board\item_board_wizard\arrow.b",3719,3719,3076,684
"40D2E883AF32D84EAAD8E5D4215DF94BB5A1FE23","bin_plus\UNO_Data\StreamingAssets\preinstall\prefab\livefeature\00_board\item_board_wizard\background.b",38247,38247,21770,685
"40D2E883AF32D84EAAD8E5D4215DF94BB5A1FE23","bin_plus\UNO_Data\StreamingAssets\preinstall\prefab\livefeature\00_board\item_board_zenroom\arrow.b",3733,3733,3095,686
"40D2E883AF32D84EAAD8E5D4215DF94BB5A1FE23","bin_plus\UNO_Data\StreamingAssets\preinstall\prefab\livefeature\00_board\item_board_zenroom\background.b",37374,37374,20742,687
"40D2E883AF32D84EAAD8E5D4215DF94BB5A1FE23","bin_plus\UNO_Data\StreamingAssets\preinstall\prefab\livefeature\00_board\item_board_zenroom\vfx.b",29192,29192,13553,688
"40D2E883AF32D84EAAD8E5D4215DF94BB5A1FE23","bin_plus\UNO_Data\StreamingAssets\preinstall\prefab\livefeature\02_cardvfx\prefab.b",895397,895397,534165,689
"40D2E883AF32D84EAAD8E5D4215DF94BB5A1FE23","bin_plus\UNO_Data\StreamingAssets\preinstall\prefab\livefeature\02_cardvfx\texture.b",82132,82132,50485,690
"40D2E883AF32D84EAAD8E5D4215DF94BB5A1FE23","bin_plus\UNO_Data\StreamingAssets\preinstall\prefab\livefeature\05_cardanimation\brawlhalla.b",65279,65279,41075,691
"40D2E883AF32D84EAAD8E5D4215DF94BB5A1FE23","bin_plus\UNO_Data\StreamingAssets\preinstall\prefab\livefeature\05_cardanimation\item_vfx_ac15.b",102727,102727,62441,692
"40D2E883AF32D84EAAD8E5D4215DF94BB5A1FE23","bin_plus\UNO_Data\StreamingAssets\preinstall\prefab\livefeature\05_cardanimation\item_vfx_animecatcafe.b",79137,79137,48718,693
"40D2E883AF32D84EAAD8E5D4215DF94BB5A1FE23","bin_plus\UNO_Data\StreamingAssets\preinstall\prefab\livefeature\05_cardanimation\item_vfx_bubbles.b",84325,84325,50687,694
"40D2E883AF32D84EAAD8E5D4215DF94BB5A1FE23","bin_plus\UNO_Data\StreamingAssets\preinstall\prefab\livefeature\05_cardanimation\item_vfx_butterfly.b",124573,124573,77376,695
"40D2E883AF32D84EAAD8E5D4215DF94BB5A1FE23","bin_plus\UNO_Data\StreamingAssets\preinstall\prefab\livefeature\05_cardanimation\item_vfx_confettis.b",104739,104739,66072,696
"40D2E883AF32D84EAAD8E5D4215DF94BB5A1FE23","bin_plus\UNO_Data\StreamingAssets\preinstall\prefab\livefeature\05_cardanimation\item_vfx_cosy.b",114821,114821,72160,697
"40D2E883AF32D84EAAD8E5D4215DF94BB5A1FE23","bin_plus\UNO_Data\StreamingAssets\preinstall\prefab\livefeature\05_cardanimation\item_vfx_electric.b",97730,97730,61793,698
"40D2E883AF32D84EAAD8E5D4215DF94BB5A1FE23","bin_plus\UNO_Data\StreamingAssets\preinstall\prefab\livefeature\05_cardanimation\item_vfx_fireworks.b",185878,185878,111923,699
"40D2E883AF32D84EAAD8E5D4215DF94BB5A1FE23","bin_plus\UNO_Data\StreamingAssets\preinstall\prefab\livefeature\05_cardanimation\item_vfx_flowers.b",86520,86520,53355,700
"40D2E883AF32D84EAAD8E5D4215DF94BB5A1FE23","bin_plus\UNO_Data\StreamingAssets\preinstall\prefab\livefeature\05_cardanimation\item_vfx_galaxy.b",129295,129295,79804,701
"40D2E883AF32D84EAAD8E5D4215DF94BB5A1FE23","bin_plus\UNO_Data\StreamingAssets\preinstall\prefab\livefeature\05_cardanimation\item_vfx_glitter.b",88273,88273,53603,702
"40D2E883AF32D84EAAD8E5D4215DF94BB5A1FE23","bin_plus\UNO_Data\StreamingAssets\preinstall\prefab\livefeature\05_cardanimation\item_vfx_goldcoin.b",102026,102026,65562,703
"40D2E883AF32D84EAAD8E5D4215DF94BB5A1FE23","bin_plus\UNO_Data\StreamingAssets\preinstall\prefab\livefeature\05_cardanimation\item_vfx_hightech.b",94417,94417,56118,704
"40D2E883AF32D84EAAD8E5D4215DF94BB5A1FE23","bin_plus\UNO_Data\StreamingAssets\preinstall\prefab\livefeature\05_cardanimation\item_vfx_lapool.b",24245,24245,21379,705
"40D2E883AF32D84EAAD8E5D4215DF94BB5A1FE23","bin_plus\UNO_Data\StreamingAssets\preinstall\prefab\livefeature\05_cardanimation\item_vfx_lightarcs.b",132309,132309,77915,706
"40D2E883AF32D84EAAD8E5D4215DF94BB5A1FE23","bin_plus\UNO_Data\StreamingAssets\preinstall\prefab\livefeature\05_cardanimation\item_vfx_lightspots.b",111618,111618,69512,707
"40D2E883AF32D84EAAD8E5D4215DF94BB5A1FE23","bin_plus\UNO_Data\StreamingAssets\preinstall\prefab\livefeature\05_cardanimation\item_vfx_lny.b",160396,160396,102323,708
"40D2E883AF32D84EAAD8E5D4215DF94BB5A1FE23","bin_plus\UNO_Data\StreamingAssets\preinstall\prefab\livefeature\05_cardanimation\item_vfx_retroautumn.b",55266,55266,36036,709
"40D2E883AF32D84EAAD8E5D4215DF94BB5A1FE23","bin_plus\UNO_Data\StreamingAssets\preinstall\prefab\livefeature\05_cardanimation\item_vfx_snowflake.b",121849,121849,76471,710
"40D2E883AF32D84EAAD8E5D4215DF94BB5A1FE23","bin_plus\UNO_Data\StreamingAssets\preinstall\prefab\livefeature\05_cardanimation\item_vfx_sparks.b",95723,95723,61610,711
"40D2E883AF32D84EAAD8E5D4215DF94BB5A1FE23","bin_plus\UNO_Data\StreamingAssets\preinstall\prefab\livefeature\05_cardanimation\item_vfx_stagelight.b",106703,106703,64549,712
"40D2E883AF32D84EAAD8E5D4215DF94BB5A1FE23","bin_plus\UNO_Data\StreamingAssets\preinstall\prefab\livefeature\05_cardanimation\item_vfx_stars.b",94378,94378,59359,713
"40D2E883AF32D84EAAD8E5D4215DF94BB5A1FE23","bin_plus\UNO_Data\StreamingAssets\preinstall\prefab\livefeature\05_cardanimation\item_vfx_steampunkcity.b",74473,74473,48720,714
"40D2E883AF32D84EAAD8E5D4215DF94BB5A1FE23","bin_plus\UNO_Data\StreamingAssets\preinstall\prefab\livefeature\05_cardanimation\item_vfx_underwaterbio.b",1678263,1678263,950873,715
"40D2E883AF32D84EAAD8E5D4215DF94BB5A1FE23","bin_plus\UNO_Data\StreamingAssets\preinstall\prefab\livefeature\boardcommon\active_player.b",5011,5011,4250,716
"40D2E883AF32D84EAAD8E5D4215DF94BB5A1FE23","bin_plus\UNO_Data\StreamingAssets\preinstall\prefab\livefeature\boardcommon\arrow.b",3737,3737,3089,717
"40D2E883AF32D84EAAD8E5D4215DF94BB5A1FE23","bin_plus\UNO_Data\StreamingAssets\preinstall\prefab\livefeature\boardcommon\background.b",39855,39855,22984,718
"40D2E883AF32D84EAAD8E5D4215DF94BB5A1FE23","bin_plus\UNO_Data\StreamingAssets\preinstall\prefab\livefeature\boardcommon\calluno.b",31750,31750,15703,719
"40D2E883AF32D84EAAD8E5D4215DF94BB5A1FE23","bin_plus\UNO_Data\StreamingAssets\preinstall\prefab\livefeature\boardcommon\cardanimation.b",49929,49929,32097,720
"40D2E883AF32D84EAAD8E5D4215DF94BB5A1FE23","bin_plus\UNO_Data\StreamingAssets\preinstall\prefab\livefeature\boardcommon\carddeck.b",5034,5034,4178,721
"40D2E883AF32D84EAAD8E5D4215DF94BB5A1FE23","bin_plus\UNO_Data\StreamingAssets\preinstall\prefab\livefeature\boardcommon\challenge_wilddraw4.b",3658,3658,3018,722
"40D2E883AF32D84EAAD8E5D4215DF94BB5A1FE23","bin_plus\UNO_Data\StreamingAssets\preinstall\prefab\livefeature\boardcommon\deck_sfx.b",30056,30056,14303,723
"40D2E883AF32D84EAAD8E5D4215DF94BB5A1FE23","bin_plus\UNO_Data\StreamingAssets\preinstall\prefab\livefeature\boardcommon\drawcards_animation.b",7086,7086,5926,724
"40D2E883AF32D84EAAD8E5D4215DF94BB5A1FE23","bin_plus\UNO_Data\StreamingAssets\preinstall\prefab\livefeature\boardcommon\gfx.b",32154,32154,15735,725
"40D2E883AF32D84EAAD8E5D4215DF94BB5A1FE23","bin_plus\UNO_Data\StreamingAssets\preinstall\prefab\livefeature\boardcommon\jump_in.b",12783,12783,10586,726
"40D2E883AF32D84EAAD8E5D4215DF94BB5A1FE23","bin_plus\UNO_Data\StreamingAssets\preinstall\prefab\livefeature\boardcommon\popup.b",24153,24153,20744,727
"40D2E883AF32D84EAAD8E5D4215DF94BB5A1FE23","bin_plus\UNO_Data\StreamingAssets\preinstall\prefab\livefeature\boardcommon\stacking.b",30159,30159,14407,728
"40D2E883AF32D84EAAD8E5D4215DF94BB5A1FE23","bin_plus\UNO_Data\StreamingAssets\preinstall\prefab\livefeature\boardcommon\texturebackground.b",8770,8770,7382,729
"40D2E883AF32D84EAAD8E5D4215DF94BB5A1FE23","bin_plus\UNO_Data\StreamingAssets\preinstall\prefab\livefeature\boardcommon\tutorial_arrow.b",3419,3419,2790,730
"40D2E883AF32D84EAAD8E5D4215DF94BB5A1FE23","bin_plus\UNO_Data\StreamingAssets\preinstall\prefab\livefeature\boardcommon\voice_chat.b",4923,4923,4172,731
"40D2E883AF32D84EAAD8E5D4215DF94BB5A1FE23","bin_plus\UNO_Data\StreamingAssets\preinstall\prefab\livefeature\boardcommon\cardanimation\draw2.b",4834,4834,4082,732
"40D2E883AF32D84EAAD8E5D4215DF94BB5A1FE23","bin_plus\UNO_Data\StreamingAssets\preinstall\prefab\livefeature\boardcommon\cardanimation\joker.b",29183,29183,13488,733
"40D2E883AF32D84EAAD8E5D4215DF94BB5A1FE23","bin_plus\UNO_Data\StreamingAssets\preinstall\prefab\livefeature\boardcommon\cardanimation\reverse.b",36575,36575,19407,734
"40D2E883AF32D84EAAD8E5D4215DF94BB5A1FE23","bin_plus\UNO_Data\StreamingAssets\preinstall\prefab\livefeature\boardcommon\cardanimation\sevenzero.b",13889,13889,11826,735
"40D2E883AF32D84EAAD8E5D4215DF94BB5A1FE23","bin_plus\UNO_Data\StreamingAssets\preinstall\prefab\livefeature\boardcommon\cardanimation\skip.b",4867,4867,4120,736
"40D2E883AF32D84EAAD8E5D4215DF94BB5A1FE23","bin_plus\UNO_Data\StreamingAssets\preinstall\prefab\livefeature\boardcommon\classic_board\board_circle.b",4223,4223,3538,737
"40D2E883AF32D84EAAD8E5D4215DF94BB5A1FE23","bin_plus\UNO_Data\StreamingAssets\preinstall\prefab\livefeature\boardcommon\classic_board\board_light.b",3104,3104,2435,738
"40D2E883AF32D84EAAD8E5D4215DF94BB5A1FE23","bin_plus\UNO_Data\StreamingAssets\preinstall\prefab\livefeature\boardcommon\gfx\avater.b",31106,31106,15344,739
"40D2E883AF32D84EAAD8E5D4215DF94BB5A1FE23","bin_plus\UNO_Data\StreamingAssets\preinstall\prefab\livefeature\boardcommon\texturebackground\screenshotmat.b",3248,3248,2665,740
"40D2E883AF32D84EAAD8E5D4215DF94BB5A1FE23","bin_plus\UNO_Data\StreamingAssets\preinstall\prefab\menu\multiplayer_avatar.b",13084,13084,11282,741
"40D2E883AF32D84EAAD8E5D4215DF94BB5A1FE23","bin_plus\UNO_Data\StreamingAssets\preinstall\prefab\menu\2d_assets\blob.b",8212,8212,6812,742
"40D2E883AF32D84EAAD8E5D4215DF94BB5A1FE23","bin_plus\UNO_Data\StreamingAssets\preinstall\prefab\menu\2d_assets\prefabs.b",9332,9332,7798,743
"40D2E883AF32D84EAAD8E5D4215DF94BB5A1FE23","bin_plus\UNO_Data\StreamingAssets\preinstall\prefab\menu\3d_assets\buttons.b",8660,8660,7292,744
"40D2E883AF32D84EAAD8E5D4215DF94BB5A1FE23","bin_plus\UNO_Data\StreamingAssets\preinstall\prefab\menu\3d_assets\dlc.b",41441,41441,24200,745
"40D2E883AF32D84EAAD8E5D4215DF94BB5A1FE23","bin_plus\UNO_Data\StreamingAssets\preinstall\prefab\menu\3d_assets\gameresult.b",28644,28644,13443,746
"40D2E883AF32D84EAAD8E5D4215DF94BB5A1FE23","bin_plus\UNO_Data\StreamingAssets\preinstall\prefab\menu\3d_assets\helpandoptions.b",372661,372661,258197,747
"40D2E883AF32D84EAAD8E5D4215DF94BB5A1FE23","bin_plus\UNO_Data\StreamingAssets\preinstall\prefab\menu\3d_assets\leaderboard.b",106885,106885,68546,748
"40D2E883AF32D84EAAD8E5D4215DF94BB5A1FE23","bin_plus\UNO_Data\StreamingAssets\preinstall\prefab\menu\3d_assets\lobby.b",6333,6333,5090,749
"40D2E883AF32D84EAAD8E5D4215DF94BB5A1FE23","bin_plus\UNO_Data\StreamingAssets\preinstall\prefab\menu\3d_assets\medalsystem.b",21772,21772,18347,750
"40D2E883AF32D84EAAD8E5D4215DF94BB5A1FE23","bin_plus\UNO_Data\StreamingAssets\preinstall\prefab\menu\3d_assets\menu_cart.b",2335,2335,1859,751
"40D2E883AF32D84EAAD8E5D4215DF94BB5A1FE23","bin_plus\UNO_Data\StreamingAssets\preinstall\prefab\menu\3d_assets\menu_item.b",41011,41011,34944,752
"40D2E883AF32D84EAAD8E5D4215DF94BB5A1FE23","bin_plus\UNO_Data\StreamingAssets\preinstall\prefab\menu\3d_assets\menu_matchsetup_v2.b",78900,78900,62003,753
"40D2E883AF32D84EAAD8E5D4215DF94BB5A1FE23","bin_plus\UNO_Data\StreamingAssets\preinstall\prefab\menu\3d_assets\menu_twitch.b",2333,2333,1858,754
"40D2E883AF32D84EAAD8E5D4215DF94BB5A1FE23","bin_plus\UNO_Data\StreamingAssets\preinstall\prefab\menu\3d_assets\titlemission.b",118349,118349,86779,755
"40D2E883AF32D84EAAD8E5D4215DF94BB5A1FE23","bin_plus\UNO_Data\StreamingAssets\preinstall\prefab\menu\3d_assets\dlc\effect.b",34557,34557,18048,756
"40D2E883AF32D84EAAD8E5D4215DF94BB5A1FE23","bin_plus\UNO_Data\StreamingAssets\preinstall\prefab\menu\3d_assets\menucomponents\generalarrowswitcher.b",6075,6075,4950,757
"40D2E883AF32D84EAAD8E5D4215DF94BB5A1FE23","bin_plus\UNO_Data\StreamingAssets\preinstall\prefab\menu\3d_assets\menucomponents\progressbar.b",6201,6201,5045,758
"40D2E883AF32D84EAAD8E5D4215DF94BB5A1FE23","bin_plus\UNO_Data\StreamingAssets\preinstall\prefab\menu\3d_assets\menu_matchsetup_v2\mslegendprefabs.b",12518,12518,10823,759
"40D2E883AF32D84EAAD8E5D4215DF94BB5A1FE23","bin_plus\UNO_Data\StreamingAssets\preinstall\prefab\menu\3d_assets\menu_matchsetup_v2\reowrk.b",721470,721470,483306,760
"40D2E883AF32D84EAAD8E5D4215DF94BB5A1FE23","bin_plus\UNO_Data\StreamingAssets\preinstall\prefab\menu\3d_assets\menu_themepicker\prefabs.b",5773,5773,4682,761
"40D2E883AF32D84EAAD8E5D4215DF94BB5A1FE23","bin_plus\UNO_Data\StreamingAssets\preinstall\prefab\menu\3d_assets\menu_themepicker\spawnedprefabs.b",8570,8570,7330,762
"40D2E883AF32D84EAAD8E5D4215DF94BB5A1FE23","bin_plus\UNO_Data\StreamingAssets\preinstall\prefab\prefabs\cheatcontent.b",77650,77650,59856,763
"40D2E883AF32D84EAAD8E5D4215DF94BB5A1FE23","bin_plus\UNO_Data\StreamingAssets\preinstall\prefab\prefabs\gamescene.b",596726,596726,410718,764
"40D2E883AF32D84EAAD8E5D4215DF94BB5A1FE23","bin_plus\UNO_Data\StreamingAssets\preinstall\prefab\prefabs\playlink.b",19532,19532,17312,765
"40D2E883AF32D84EAAD8E5D4215DF94BB5A1FE23","bin_plus\UNO_Data\StreamingAssets\preinstall\prefab\prefabs\teaser.b",6836,6836,5568,766
"40D2E883AF32D84EAAD8E5D4215DF94BB5A1FE23","bin_plus\UNO_Data\StreamingAssets\preinstall\prefab\prefabs\gamescene\gamescene.b",202365,202365,144633,767
"40D2E883AF32D84EAAD8E5D4215DF94BB5A1FE23","bin_plus\UNO_Data\StreamingAssets\preinstall\prefab\texture\emoteicons.b",3051,3051,2406,768
"40D2E883AF32D84EAAD8E5D4215DF94BB5A1FE23","bin_plus\UNO_Data\StreamingAssets\preinstall\prefab\texture\hovl studio.b",67067,67067,40236,769
"40D2E883AF32D84EAAD8E5D4215DF94BB5A1FE23","bin_plus\UNO_Data\StreamingAssets\preinstall\prefab\texture\hud.b",5529,5529,4474,770
"40D2E883AF32D84EAAD8E5D4215DF94BB5A1FE23","bin_plus\UNO_Data\StreamingAssets\preinstall\prefab\texture\leaderboard.b",3582,3582,2835,771
"40D2E883AF32D84EAAD8E5D4215DF94BB5A1FE23","bin_plus\UNO_Data\StreamingAssets\preinstall\prefab\texture\leaderboard_v2.b",3381,3381,2669,772
"40D2E883AF32D84EAAD8E5D4215DF94BB5A1FE23","bin_plus\UNO_Data\StreamingAssets\preinstall\prefab\texture\matchend.b",3324,3324,2603,773
"40D2E883AF32D84EAAD8E5D4215DF94BB5A1FE23","bin_plus\UNO_Data\StreamingAssets\preinstall\prefab\texture\matchinfo.b",3866,3866,3042,774
"40D2E883AF32D84EAAD8E5D4215DF94BB5A1FE23","bin_plus\UNO_Data\StreamingAssets\preinstall\prefab\texture\medalsystem.b",3366,3366,2665,775
"40D2E883AF32D84EAAD8E5D4215DF94BB5A1FE23","bin_plus\UNO_Data\StreamingAssets\preinstall\prefab\texture\missions.b",3459,3459,2754,776
"40D2E883AF32D84EAAD8E5D4215DF94BB5A1FE23","bin_plus\UNO_Data\StreamingAssets\preinstall\prefab\texture\newpausemenu.b",3241,3241,2557,777
"40D2E883AF32D84EAAD8E5D4215DF94BB5A1FE23","bin_plus\UNO_Data\StreamingAssets\preinstall\prefab\texture\pausemenu.b",7818,7818,6301,778
"40D2E883AF32D84EAAD8E5D4215DF94BB5A1FE23","bin_plus\UNO_Data\StreamingAssets\preinstall\prefab\texture\popup.b",3080,3080,2424,779
"40D2E883AF32D84EAAD8E5D4215DF94BB5A1FE23","bin_plus\UNO_Data\StreamingAssets\preinstall\prefab\texture\roundend.b",3192,3192,2517,780
"40D2E883AF32D84EAAD8E5D4215DF94BB5A1FE23","bin_plus\UNO_Data\StreamingAssets\preinstall\prefab\texture\teaserpopuppage.b",3251,3251,2546,781
"40D2E883AF32D84EAAD8E5D4215DF94BB5A1FE23","bin_plus\UNO_Data\StreamingAssets\preinstall\prefab\texture\themecarddescriptions.b",3828,3828,2986,782
"40D2E883AF32D84EAAD8E5D4215DF94BB5A1FE23","bin_plus\UNO_Data\StreamingAssets\preinstall\prefab\texture\themecardexplainpopup.b",3197,3197,2509,783
"40D2E883AF32D84EAAD8E5D4215DF94BB5A1FE23","bin_plus\UNO_Data\StreamingAssets\preinstall\prefab\texture\titlescreen.b",3116,3116,2444,784
"40D2E883AF32D84EAAD8E5D4215DF94BB5A1FE23","bin_plus\UNO_Data\StreamingAssets\preinstall\prefab\texture\titlescreen_playlink.b",3424,3424,2703,785
"40D2E883AF32D84EAAD8E5D4215DF94BB5A1FE23","bin_plus\UNO_Data\StreamingAssets\preinstall\prefab\texture\tutorial.b",3363,3363,2632,786
"40D2E883AF32D84EAAD8E5D4215DF94BB5A1FE23","bin_plus\UNO_Data\StreamingAssets\preinstall\prefab\texture\tvtsplash.b",3291,3291,2591,787
"40D2E883AF32D84EAAD8E5D4215DF94BB5A1FE23","bin_plus\UNO_Data\StreamingAssets\preinstall\prefab\theme\common.b",82506,82506,51987,788
"40D2E883AF32D84EAAD8E5D4215DF94BB5A1FE23","bin_plus\UNO_Data\StreamingAssets\preinstall\prefab\theme\flip.b",2894,2894,2350,789
"40D2E883AF32D84EAAD8E5D4215DF94BB5A1FE23","bin_plus\UNO_Data\StreamingAssets\preinstall\prefab\theme\brawlhalla\active_player.b",4989,4989,4241,790
"40D2E883AF32D84EAAD8E5D4215DF94BB5A1FE23","bin_plus\UNO_Data\StreamingAssets\preinstall\prefab\theme\brawlhalla\arrow.b",4772,4772,3948,791
"40D2E883AF32D84EAAD8E5D4215DF94BB5A1FE23","bin_plus\UNO_Data\StreamingAssets\preinstall\prefab\theme\brawlhalla\background.b",9792,9792,8198,792
"40D2E883AF32D84EAAD8E5D4215DF94BB5A1FE23","bin_plus\UNO_Data\StreamingAssets\preinstall\prefab\theme\brawlhalla\calluno.b",31259,31259,15489,793
"40D2E883AF32D84EAAD8E5D4215DF94BB5A1FE23","bin_plus\UNO_Data\StreamingAssets\preinstall\prefab\theme\brawlhalla\cardanimation.b",62193,62193,40861,794
"40D2E883AF32D84EAAD8E5D4215DF94BB5A1FE23","bin_plus\UNO_Data\StreamingAssets\preinstall\prefab\theme\brawlhalla\carddeck.b",5013,5013,4161,795
"40D2E883AF32D84EAAD8E5D4215DF94BB5A1FE23","bin_plus\UNO_Data\StreamingAssets\preinstall\prefab\theme\brawlhalla\challenge_wilddraw4.b",3624,3624,2970,796
"40D2E883AF32D84EAAD8E5D4215DF94BB5A1FE23","bin_plus\UNO_Data\StreamingAssets\preinstall\prefab\theme\brawlhalla\deck_sfx.b",30643,30643,14414,797
"40D2E883AF32D84EAAD8E5D4215DF94BB5A1FE23","bin_plus\UNO_Data\StreamingAssets\preinstall\prefab\theme\brawlhalla\drawcards_animation.b",7036,7036,5890,798
"40D2E883AF32D84EAAD8E5D4215DF94BB5A1FE23","bin_plus\UNO_Data\StreamingAssets\preinstall\prefab\theme\brawlhalla\gfx.b",84514,84514,52338,799
"40D2E883AF32D84EAAD8E5D4215DF94BB5A1FE23","bin_plus\UNO_Data\StreamingAssets\preinstall\prefab\theme\brawlhalla\jump_in.b",17688,17688,14707,800
"40D2E883AF32D84EAAD8E5D4215DF94BB5A1FE23","bin_plus\UNO_Data\StreamingAssets\preinstall\prefab\theme\brawlhalla\popup.b",80036,80036,62669,801
"40D2E883AF32D84EAAD8E5D4215DF94BB5A1FE23","bin_plus\UNO_Data\StreamingAssets\preinstall\prefab\theme\brawlhalla\stacking.b",30758,30758,14682,802
"40D2E883AF32D84EAAD8E5D4215DF94BB5A1FE23","bin_plus\UNO_Data\StreamingAssets\preinstall\prefab\theme\brawlhalla\tutorial_arrow.b",3402,3402,2799,803
"40D2E883AF32D84EAAD8E5D4215DF94BB5A1FE23","bin_plus\UNO_Data\StreamingAssets\preinstall\prefab\theme\brawlhalla\voice_chat.b",4922,4922,4171,804
"40D2E883AF32D84EAAD8E5D4215DF94BB5A1FE23","bin_plus\UNO_Data\StreamingAssets\preinstall\prefab\theme\brawlhalla\cardanimation\draw2.b",32300,32300,16288,805
"40D2E883AF32D84EAAD8E5D4215DF94BB5A1FE23","bin_plus\UNO_Data\StreamingAssets\preinstall\prefab\theme\brawlhalla\cardanimation\joker.b",29096,29096,13455,806
"40D2E883AF32D84EAAD8E5D4215DF94BB5A1FE23","bin_plus\UNO_Data\StreamingAssets\preinstall\prefab\theme\brawlhalla\cardanimation\reverse.b",38752,38752,21231,807
"40D2E883AF32D84EAAD8E5D4215DF94BB5A1FE23","bin_plus\UNO_Data\StreamingAssets\preinstall\prefab\theme\brawlhalla\cardanimation\sevenzero.b",42662,42662,25457,808
"40D2E883AF32D84EAAD8E5D4215DF94BB5A1FE23","bin_plus\UNO_Data\StreamingAssets\preinstall\prefab\theme\brawlhalla\cardanimation\skip.b",32423,32423,16285,809
"40D2E883AF32D84EAAD8E5D4215DF94BB5A1FE23","bin_plus\UNO_Data\StreamingAssets\preinstall\prefab\theme\brawlhalla\classic_board\board_circle.b",4265,4265,3583,810
"40D2E883AF32D84EAAD8E5D4215DF94BB5A1FE23","bin_plus\UNO_Data\StreamingAssets\preinstall\prefab\theme\brawlhalla\classic_board\board_light.b",3107,3107,2477,811
"40D2E883AF32D84EAAD8E5D4215DF94BB5A1FE23","bin_plus\UNO_Data\StreamingAssets\preinstall\prefab\theme\brawlhalla\gfx\avater.b",31207,31207,15417,812
"40D2E883AF32D84EAAD8E5D4215DF94BB5A1FE23","bin_plus\UNO_Data\StreamingAssets\preinstall\prefab\theme\classic\active_player.b",4977,4977,4218,813
"40D2E883AF32D84EAAD8E5D4215DF94BB5A1FE23","bin_plus\UNO_Data\StreamingAssets\preinstall\prefab\theme\classic\arrow.b",3715,3715,3059,814
"40D2E883AF32D84EAAD8E5D4215DF94BB5A1FE23","bin_plus\UNO_Data\StreamingAssets\preinstall\prefab\theme\classic\background.b",39838,39838,22946,815
"40D2E883AF32D84EAAD8E5D4215DF94BB5A1FE23","bin_plus\UNO_Data\StreamingAssets\preinstall\prefab\theme\classic\calluno.b",31823,31823,15675,816
"40D2E883AF32D84EAAD8E5D4215DF94BB5A1FE23","bin_plus\UNO_Data\StreamingAssets\preinstall\prefab\theme\classic\cardanimation.b",58583,58583,38063,817
"40D2E883AF32D84EAAD8E5D4215DF94BB5A1FE23","bin_plus\UNO_Data\StreamingAssets\preinstall\prefab\theme\classic\carddeck.b",4986,4986,4124,818
"40D2E883AF32D84EAAD8E5D4215DF94BB5A1FE23","bin_plus\UNO_Data\StreamingAssets\preinstall\prefab\theme\classic\challenge_wilddraw4.b",3624,3624,2982,819
"40D2E883AF32D84EAAD8E5D4215DF94BB5A1FE23","bin_plus\UNO_Data\StreamingAssets\preinstall\prefab\theme\classic\deck_sfx.b",30025,30025,14276,820
"40D2E883AF32D84EAAD8E5D4215DF94BB5A1FE23","bin_plus\UNO_Data\StreamingAssets\preinstall\prefab\theme\classic\drawcards_animation.b",6992,6992,5869,821
"40D2E883AF32D84EAAD8E5D4215DF94BB5A1FE23","bin_plus\UNO_Data\StreamingAssets\preinstall\prefab\theme\classic\gfx.b",85250,85250,52274,822
"40D2E883AF32D84EAAD8E5D4215DF94BB5A1FE23","bin_plus\UNO_Data\StreamingAssets\preinstall\prefab\theme\classic\jump_in.b",20452,20452,17245,823
"40D2E883AF32D84EAAD8E5D4215DF94BB5A1FE23","bin_plus\UNO_Data\StreamingAssets\preinstall\prefab\theme\classic\popup.b",80697,80697,62776,824
"40D2E883AF32D84EAAD8E5D4215DF94BB5A1FE23","bin_plus\UNO_Data\StreamingAssets\preinstall\prefab\theme\classic\stacking.b",30669,30669,14668,825
"40D2E883AF32D84EAAD8E5D4215DF94BB5A1FE23","bin_plus\UNO_Data\StreamingAssets\preinstall\prefab\theme\classic\tutorial_arrow.b",3405,3405,2770,826
"40D2E883AF32D84EAAD8E5D4215DF94BB5A1FE23","bin_plus\UNO_Data\StreamingAssets\preinstall\prefab\theme\classic\voice_chat.b",4913,4913,4166,827
"40D2E883AF32D84EAAD8E5D4215DF94BB5A1FE23","bin_plus\UNO_Data\StreamingAssets\preinstall\prefab\theme\classic\wildweeks.b",29682,29682,14255,828
"40D2E883AF32D84EAAD8E5D4215DF94BB5A1FE23","bin_plus\UNO_Data\StreamingAssets\preinstall\prefab\theme\classic\wildweeks_arrows.b",3716,3716,3058,829
"40D2E883AF32D84EAAD8E5D4215DF94BB5A1FE23","bin_plus\UNO_Data\StreamingAssets\preinstall\prefab\theme\classic\wildweeks_background.b",40878,40878,23842,830
"40D2E883AF32D84EAAD8E5D4215DF94BB5A1FE23","bin_plus\UNO_Data\StreamingAssets\preinstall\prefab\theme\classic\cardanimation\draw2.b",4816,4816,4075,831
"40D2E883AF32D84EAAD8E5D4215DF94BB5A1FE23","bin_plus\UNO_Data\StreamingAssets\preinstall\prefab\theme\classic\cardanimation\joker.b",29023,29023,13443,832
"40D2E883AF32D84EAAD8E5D4215DF94BB5A1FE23","bin_plus\UNO_Data\StreamingAssets\preinstall\prefab\theme\classic\cardanimation\reverse.b",35834,35834,19088,833
"40D2E883AF32D84EAAD8E5D4215DF94BB5A1FE23","bin_plus\UNO_Data\StreamingAssets\preinstall\prefab\theme\classic\cardanimation\sevenzero.b",13891,13891,11807,834
"40D2E883AF32D84EAAD8E5D4215DF94BB5A1FE23","bin_plus\UNO_Data\StreamingAssets\preinstall\prefab\theme\classic\cardanimation\skip.b",4851,4851,4108,835
"40D2E883AF32D84EAAD8E5D4215DF94BB5A1FE23","bin_plus\UNO_Data\StreamingAssets\preinstall\prefab\theme\classic\classic_board\board_circle.b",4236,4236,3554,836
"40D2E883AF32D84EAAD8E5D4215DF94BB5A1FE23","bin_plus\UNO_Data\StreamingAssets\preinstall\prefab\theme\classic\classic_board\board_light.b",3099,3099,2466,837
"40D2E883AF32D84EAAD8E5D4215DF94BB5A1FE23","bin_plus\UNO_Data\StreamingAssets\preinstall\prefab\theme\classic\gfx\avater.b",31700,31700,15479,838
"40D2E883AF32D84EAAD8E5D4215DF94BB5A1FE23","bin_plus\UNO_Data\StreamingAssets\preinstall\prefab\theme\classic\wildweeks_background\board_circle.b",4227,4227,3545,839
"40D2E883AF32D84EAAD8E5D4215DF94BB5A1FE23","bin_plus\UNO_Data\StreamingAssets\preinstall\prefab\theme\classic\wildweeks_background\board_light.b",3098,3098,2450,840
"40D2E883AF32D84EAAD8E5D4215DF94BB5A1FE23","bin_plus\UNO_Data\StreamingAssets\preinstall\prefab\theme\common\buttons.b",13421,13421,11140,841
"40D2E883AF32D84EAAD8E5D4215DF94BB5A1FE23","bin_plus\UNO_Data\StreamingAssets\preinstall\prefab\theme\common\cards.b",52248,52248,37915,842
"40D2E883AF32D84EAAD8E5D4215DF94BB5A1FE23","bin_plus\UNO_Data\StreamingAssets\preinstall\prefab\theme\common\colorblind.b",4342,4342,3531,843
"40D2E883AF32D84EAAD8E5D4215DF94BB5A1FE23","bin_plus\UNO_Data\StreamingAssets\preinstall\prefab\theme\common\gfx.b",33246,33246,17265,844
"40D2E883AF32D84EAAD8E5D4215DF94BB5A1FE23","bin_plus\UNO_Data\StreamingAssets\preinstall\prefab\theme\common\menu_bg_sfx.b",29472,29472,14053,845
"40D2E883AF32D84EAAD8E5D4215DF94BB5A1FE23","bin_plus\UNO_Data\StreamingAssets\preinstall\prefab\theme\common\preparecalluno.b",4246,4246,3465,846
"40D2E883AF32D84EAAD8E5D4215DF94BB5A1FE23","bin_plus\UNO_Data\StreamingAssets\preinstall\prefab\theme\common\touch_screen.b",5114,5114,4270,847
"40D2E883AF32D84EAAD8E5D4215DF94BB5A1FE23","bin_plus\UNO_Data\StreamingAssets\preinstall\prefab\theme\common\animation\loading.b",3504,3504,2880,848
"40D2E883AF32D84EAAD8E5D4215DF94BB5A1FE23","bin_plus\UNO_Data\StreamingAssets\preinstall\prefab\theme\common\animation\match_end.b",3857,3857,3195,849
"40D2E883AF32D84EAAD8E5D4215DF94BB5A1FE23","bin_plus\UNO_Data\StreamingAssets\preinstall\prefab\theme\common\animation\menu_bg.b",3393,3393,2782,850
"40D2E883AF32D84EAAD8E5D4215DF94BB5A1FE23","bin_plus\UNO_Data\StreamingAssets\preinstall\prefab\theme\common\animation\timer.b",3405,3405,2782,851
"40D2E883AF32D84EAAD8E5D4215DF94BB5A1FE23","bin_plus\UNO_Data\StreamingAssets\preinstall\prefab\theme\common\cardcoveringeffect\colorchangeeffect.b",31123,31123,15306,852
"40D2E883AF32D84EAAD8E5D4215DF94BB5A1FE23","bin_plus\UNO_Data\StreamingAssets\preinstall\prefab\theme\common\cardcoveringeffect\flashlighteffect.b",3010,3010,2465,853
"40D2E883AF32D84EAAD8E5D4215DF94BB5A1FE23","bin_plus\UNO_Data\StreamingAssets\preinstall\prefab\theme\common\cardcoveringeffect\lineartransitioneffect.b",3368,3368,2739,854
"40D2E883AF32D84EAAD8E5D4215DF94BB5A1FE23","bin_plus\UNO_Data\StreamingAssets\preinstall\prefab\theme\common\colorblind\materials.b",4371,4371,3568,855
"40D2E883AF32D84EAAD8E5D4215DF94BB5A1FE23","bin_plus\UNO_Data\StreamingAssets\preinstall\prefab\theme\common\gfx\unlocking_theme.b",37769,37769,21243,856
"40D2E883AF32D84EAAD8E5D4215DF94BB5A1FE23","bin_plus\UNO_Data\StreamingAssets\preinstall\prefab\theme\common\gfx\unlocking_titles.b",29169,29169,13516,857
"40D2E883AF32D84EAAD8E5D4215DF94BB5A1FE23","bin_plus\UNO_Data\StreamingAssets\preinstall\prefab\theme\common\gfx\visualenhance.b",80752,80752,49644,858
"40D2E883AF32D84EAAD8E5D4215DF94BB5A1FE23","bin_plus\UNO_Data\StreamingAssets\preinstall\prefab\theme\common\mesh\mirror.b",3901,3901,2980,859
"40D2E883AF32D84EAAD8E5D4215DF94BB5A1FE23","bin_plus\UNO_Data\StreamingAssets\preinstall\prefab\theme\farcry\active_player.b",4984,4984,4206,860
"40D2E883AF32D84EAAD8E5D4215DF94BB5A1FE23","bin_plus\UNO_Data\StreamingAssets\preinstall\prefab\theme\farcry\arrow.b",3751,3751,3106,861
"40D2E883AF32D84EAAD8E5D4215DF94BB5A1FE23","bin_plus\UNO_Data\StreamingAssets\preinstall\prefab\theme\farcry\background.b",59913,59913,39359,862
"40D2E883AF32D84EAAD8E5D4215DF94BB5A1FE23","bin_plus\UNO_Data\StreamingAssets\preinstall\prefab\theme\farcry\calluno.b",35850,35850,19719,863
"40D2E883AF32D84EAAD8E5D4215DF94BB5A1FE23","bin_plus\UNO_Data\StreamingAssets\preinstall\prefab\theme\farcry\cardanimation.b",49557,49557,31971,864
"40D2E883AF32D84EAAD8E5D4215DF94BB5A1FE23","bin_plus\UNO_Data\StreamingAssets\preinstall\prefab\theme\farcry\carddeck.b",4992,4992,4138,865
"40D2E883AF32D84EAAD8E5D4215DF94BB5A1FE23","bin_plus\UNO_Data\StreamingAssets\preinstall\prefab\theme\farcry\challenge_wilddraw4.b",3653,3653,3002,866
"40D2E883AF32D84EAAD8E5D4215DF94BB5A1FE23","bin_plus\UNO_Data\StreamingAssets\preinstall\prefab\theme\farcry\deck_sfx.b",30654,30654,14528,867
"40D2E883AF32D84EAAD8E5D4215DF94BB5A1FE23","bin_plus\UNO_Data\StreamingAssets\preinstall\prefab\theme\farcry\drawcards_animation.b",4832,4832,4088,868
"40D2E883AF32D84EAAD8E5D4215DF94BB5A1FE23","bin_plus\UNO_Data\StreamingAssets\preinstall\prefab\theme\farcry\gfx.b",39479,39479,22852,869
"40D2E883AF32D84EAAD8E5D4215DF94BB5A1FE23","bin_plus\UNO_Data\StreamingAssets\preinstall\prefab\theme\farcry\jump_in.b",17132,17132,14185,870
"40D2E883AF32D84EAAD8E5D4215DF94BB5A1FE23","bin_plus\UNO_Data\StreamingAssets\preinstall\prefab\theme\farcry\popup.b",34486,34486,28871,871
"40D2E883AF32D84EAAD8E5D4215DF94BB5A1FE23","bin_plus\UNO_Data\StreamingAssets\preinstall\prefab\theme\farcry\stacking.b",30654,30654,14586,872
"40D2E883AF32D84EAAD8E5D4215DF94BB5A1FE23","bin_plus\UNO_Data\StreamingAssets\preinstall\prefab\theme\farcry\tutorial_arrow.b",3405,3405,2808,873
"40D2E883AF32D84EAAD8E5D4215DF94BB5A1FE23","bin_plus\UNO_Data\StreamingAssets\preinstall\prefab\theme\farcry\voice_chat.b",4917,4917,4162,874
"40D2E883AF32D84EAAD8E5D4215DF94BB5A1FE23","bin_plus\UNO_Data\StreamingAssets\preinstall\prefab\theme\farcry\cardanimation\draw2.b",4829,4829,4078,875
"40D2E883AF32D84EAAD8E5D4215DF94BB5A1FE23","bin_plus\UNO_Data\StreamingAssets\preinstall\prefab\theme\farcry\cardanimation\joker.b",29195,29195,13525,876
"40D2E883AF32D84EAAD8E5D4215DF94BB5A1FE23","bin_plus\UNO_Data\StreamingAssets\preinstall\prefab\theme\farcry\cardanimation\reverse.b",35891,35891,19156,877
"40D2E883AF32D84EAAD8E5D4215DF94BB5A1FE23","bin_plus\UNO_Data\StreamingAssets\preinstall\prefab\theme\farcry\cardanimation\sevenzero.b",13869,13869,11795,878
"40D2E883AF32D84EAAD8E5D4215DF94BB5A1FE23","bin_plus\UNO_Data\StreamingAssets\preinstall\prefab\theme\farcry\cardanimation\skip.b",4831,4831,4103,879
"40D2E883AF32D84EAAD8E5D4215DF94BB5A1FE23","bin_plus\UNO_Data\StreamingAssets\preinstall\prefab\theme\farcry\cardanimation\themecard_sfx.b",43884,43884,26762,880
"40D2E883AF32D84EAAD8E5D4215DF94BB5A1FE23","bin_plus\UNO_Data\StreamingAssets\preinstall\prefab\theme\farcry\farcry_board\phone.b",3348,3348,2753,881
"40D2E883AF32D84EAAD8E5D4215DF94BB5A1FE23","bin_plus\UNO_Data\StreamingAssets\preinstall\prefab\theme\farcry\popup\texture.b",3851,3851,3068,882
"40D2E883AF32D84EAAD8E5D4215DF94BB5A1FE23","bin_plus\UNO_Data\StreamingAssets\preinstall\prefab\theme\fiftyanniversary\active_player.b",5023,5023,4264,883
"40D2E883AF32D84EAAD8E5D4215DF94BB5A1FE23","bin_plus\UNO_Data\StreamingAssets\preinstall\prefab\theme\fiftyanniversary\arrow.b",3736,3736,3082,884
"40D2E883AF32D84EAAD8E5D4215DF94BB5A1FE23","bin_plus\UNO_Data\StreamingAssets\preinstall\prefab\theme\fiftyanniversary\background.b",81587,81587,54809,885
"40D2E883AF32D84EAAD8E5D4215DF94BB5A1FE23","bin_plus\UNO_Data\StreamingAssets\preinstall\prefab\theme\fiftyanniversary\calluno.b",31834,31834,15727,886
"40D2E883AF32D84EAAD8E5D4215DF94BB5A1FE23","bin_plus\UNO_Data\StreamingAssets\preinstall\prefab\theme\fiftyanniversary\cardanimation.b",49856,49856,31971,887
"40D2E883AF32D84EAAD8E5D4215DF94BB5A1FE23","bin_plus\UNO_Data\StreamingAssets\preinstall\prefab\theme\fiftyanniversary\carddeck.b",5008,5008,4154,888
"40D2E883AF32D84EAAD8E5D4215DF94BB5A1FE23","bin_plus\UNO_Data\StreamingAssets\preinstall\prefab\theme\fiftyanniversary\challenge_wilddraw4.b",8002,8002,6617,889
"40D2E883AF32D84EAAD8E5D4215DF94BB5A1FE23","bin_plus\UNO_Data\StreamingAssets\preinstall\prefab\theme\fiftyanniversary\deck_sfx.b",30659,30659,14470,890
"40D2E883AF32D84EAAD8E5D4215DF94BB5A1FE23","bin_plus\UNO_Data\StreamingAssets\preinstall\prefab\theme\fiftyanniversary\drawcards_animation.b",4836,4836,4094,891
"40D2E883AF32D84EAAD8E5D4215DF94BB5A1FE23","bin_plus\UNO_Data\StreamingAssets\preinstall\prefab\theme\fiftyanniversary\gfx.b",53556,53556,32205,892
"40D2E883AF32D84EAAD8E5D4215DF94BB5A1FE23","bin_plus\UNO_Data\StreamingAssets\preinstall\prefab\theme\fiftyanniversary\ingametextures.b",3078,3078,2434,893
"40D2E883AF32D84EAAD8E5D4215DF94BB5A1FE23","bin_plus\UNO_Data\StreamingAssets\preinstall\prefab\theme\fiftyanniversary\jump_in.b",17161,17161,14254,894
"40D2E883AF32D84EAAD8E5D4215DF94BB5A1FE23","bin_plus\UNO_Data\StreamingAssets\preinstall\prefab\theme\fiftyanniversary\popup.b",38335,38335,31859,895
"40D2E883AF32D84EAAD8E5D4215DF94BB5A1FE23","bin_plus\UNO_Data\StreamingAssets\preinstall\prefab\theme\fiftyanniversary\stacking.b",30144,30144,14427,896
"40D2E883AF32D84EAAD8E5D4215DF94BB5A1FE23","bin_plus\UNO_Data\StreamingAssets\preinstall\prefab\theme\fiftyanniversary\animation\theme_picker.b",30927,30927,15134,897
"40D2E883AF32D84EAAD8E5D4215DF94BB5A1FE23","bin_plus\UNO_Data\StreamingAssets\preinstall\prefab\theme\fiftyanniversary\cardanimation\draw2.b",4884,4884,4108,898
"40D2E883AF32D84EAAD8E5D4215DF94BB5A1FE23","bin_plus\UNO_Data\StreamingAssets\preinstall\prefab\theme\fiftyanniversary\cardanimation\joker.b",29211,29211,13834,899
"40D2E883AF32D84EAAD8E5D4215DF94BB5A1FE23","bin_plus\UNO_Data\StreamingAssets\preinstall\prefab\theme\fiftyanniversary\cardanimation\reverse.b",36117,36117,19147,900
"40D2E883AF32D84EAAD8E5D4215DF94BB5A1FE23","bin_plus\UNO_Data\StreamingAssets\preinstall\prefab\theme\fiftyanniversary\cardanimation\sevenzero.b",13897,13897,11820,901
"40D2E883AF32D84EAAD8E5D4215DF94BB5A1FE23","bin_plus\UNO_Data\StreamingAssets\preinstall\prefab\theme\fiftyanniversary\cardanimation\skip.b",4920,4920,4169,902
"40D2E883AF32D84EAAD8E5D4215DF94BB5A1FE23","bin_plus\UNO_Data\StreamingAssets\preinstall\prefab\theme\fiftyanniversary\cardanimation\themecard_sfx.b",49422,49422,30499,903
"40D2E883AF32D84EAAD8E5D4215DF94BB5A1FE23","bin_plus\UNO_Data\StreamingAssets\preinstall\prefab\theme\fiftyanniversary\fx\fx_anim.b",3401,3401,2789,904
"40D2E883AF32D84EAAD8E5D4215DF94BB5A1FE23","bin_plus\UNO_Data\StreamingAssets\preinstall\prefab\theme\fiftyanniversary\popup\texture.b",3277,3277,2587,905
"40D2E883AF32D84EAAD8E5D4215DF94BB5A1FE23","bin_plus\UNO_Data\StreamingAssets\preinstall\prefab\theme\flip\active_player.b",4970,4970,4230,906
"40D2E883AF32D84EAAD8E5D4215DF94BB5A1FE23","bin_plus\UNO_Data\StreamingAssets\preinstall\prefab\theme\flip\altboard.b",41427,41427,24266,907
"40D2E883AF32D84EAAD8E5D4215DF94BB5A1FE23","bin_plus\UNO_Data\StreamingAssets\preinstall\prefab\theme\flip\arrow.b",3730,3730,3069,908
"40D2E883AF32D84EAAD8E5D4215DF94BB5A1FE23","bin_plus\UNO_Data\StreamingAssets\preinstall\prefab\theme\flip\background.b",46323,46323,27151,909
"40D2E883AF32D84EAAD8E5D4215DF94BB5A1FE23","bin_plus\UNO_Data\StreamingAssets\preinstall\prefab\theme\flip\calluno.b",31657,31657,15564,910
"40D2E883AF32D84EAAD8E5D4215DF94BB5A1FE23","bin_plus\UNO_Data\StreamingAssets\preinstall\prefab\theme\flip\cardanimation.b",51410,51410,32931,911
"40D2E883AF32D84EAAD8E5D4215DF94BB5A1FE23","bin_plus\UNO_Data\StreamingAssets\preinstall\prefab\theme\flip\carddeck.b",4997,4997,4144,912
"40D2E883AF32D84EAAD8E5D4215DF94BB5A1FE23","bin_plus\UNO_Data\StreamingAssets\preinstall\prefab\theme\flip\cards.b",8670,8670,7011,913
"40D2E883AF32D84EAAD8E5D4215DF94BB5A1FE23","bin_plus\UNO_Data\StreamingAssets\preinstall\prefab\theme\flip\challenge_wilddraw4.b",3672,3672,3021,914
"40D2E883AF32D84EAAD8E5D4215DF94BB5A1FE23","bin_plus\UNO_Data\StreamingAssets\preinstall\prefab\theme\flip\deck_sfx.b",30128,30128,14314,915
"40D2E883AF32D84EAAD8E5D4215DF94BB5A1FE23","bin_plus\UNO_Data\StreamingAssets\preinstall\prefab\theme\flip\drawcards_animation.b",4487,4487,3765,916
"40D2E883AF32D84EAAD8E5D4215DF94BB5A1FE23","bin_plus\UNO_Data\StreamingAssets\preinstall\prefab\theme\flip\gfx.b",31793,31793,15756,917
"40D2E883AF32D84EAAD8E5D4215DF94BB5A1FE23","bin_plus\UNO_Data\StreamingAssets\preinstall\prefab\theme\flip\jump_in.b",17138,17138,14293,918
"40D2E883AF32D84EAAD8E5D4215DF94BB5A1FE23","bin_plus\UNO_Data\StreamingAssets\preinstall\prefab\theme\flip\popup.b",24163,24163,20645,919
"40D2E883AF32D84EAAD8E5D4215DF94BB5A1FE23","bin_plus\UNO_Data\StreamingAssets\preinstall\prefab\theme\flip\stacking.b",30162,30162,14404,920
"40D2E883AF32D84EAAD8E5D4215DF94BB5A1FE23","bin_plus\UNO_Data\StreamingAssets\preinstall\prefab\theme\flip\voice_chat.b",4921,4921,4164,921
"40D2E883AF32D84EAAD8E5D4215DF94BB5A1FE23","bin_plus\UNO_Data\StreamingAssets\preinstall\prefab\theme\flip\altboard\background.b",13087,13087,11014,922
"40D2E883AF32D84EAAD8E5D4215DF94BB5A1FE23","bin_plus\UNO_Data\StreamingAssets\preinstall\prefab\theme\flip\animation\theme_picker.b",33356,33356,16419,923
"40D2E883AF32D84EAAD8E5D4215DF94BB5A1FE23","bin_plus\UNO_Data\StreamingAssets\preinstall\prefab\theme\flip\cardanimation\draw2.b",5206,5206,4410,924
"40D2E883AF32D84EAAD8E5D4215DF94BB5A1FE23","bin_plus\UNO_Data\StreamingAssets\preinstall\prefab\theme\flip\cardanimation\joker.b",29207,29207,13568,925
"40D2E883AF32D84EAAD8E5D4215DF94BB5A1FE23","bin_plus\UNO_Data\StreamingAssets\preinstall\prefab\theme\flip\cardanimation\reverse.b",35278,35278,18938,926
"40D2E883AF32D84EAAD8E5D4215DF94BB5A1FE23","bin_plus\UNO_Data\StreamingAssets\preinstall\prefab\theme\flip\cardanimation\sevenzero.b",10479,10479,8922,927
"40D2E883AF32D84EAAD8E5D4215DF94BB5A1FE23","bin_plus\UNO_Data\StreamingAssets\preinstall\prefab\theme\flip\cardanimation\skip.b",5597,5597,4767,928
"40D2E883AF32D84EAAD8E5D4215DF94BB5A1FE23","bin_plus\UNO_Data\StreamingAssets\preinstall\prefab\theme\godmonster\active_player.b",35222,35222,18412,929
"40D2E883AF32D84EAAD8E5D4215DF94BB5A1FE23","bin_plus\UNO_Data\StreamingAssets\preinstall\prefab\theme\godmonster\arrow.b",3712,3712,3070,930
"40D2E883AF32D84EAAD8E5D4215DF94BB5A1FE23","bin_plus\UNO_Data\StreamingAssets\preinstall\prefab\theme\godmonster\background.b",113457,113457,74023,931
"40D2E883AF32D84EAAD8E5D4215DF94BB5A1FE23","bin_plus\UNO_Data\StreamingAssets\preinstall\prefab\theme\godmonster\calluno.b",31223,31223,15461,932
"40D2E883AF32D84EAAD8E5D4215DF94BB5A1FE23","bin_plus\UNO_Data\StreamingAssets\preinstall\prefab\theme\godmonster\cardanimation.b",49529,49529,31304,933
"40D2E883AF32D84EAAD8E5D4215DF94BB5A1FE23","bin_plus\UNO_Data\StreamingAssets\preinstall\prefab\theme\godmonster\carddeck.b",5003,5003,4143,934
"40D2E883AF32D84EAAD8E5D4215DF94BB5A1FE23","bin_plus\UNO_Data\StreamingAssets\preinstall\prefab\theme\godmonster\challenge_wilddraw4.b",4042,4042,3378,935
"40D2E883AF32D84EAAD8E5D4215DF94BB5A1FE23","bin_plus\UNO_Data\StreamingAssets\preinstall\prefab\theme\godmonster\deck_sfx.b",30067,30067,14300,936
"40D2E883AF32D84EAAD8E5D4215DF94BB5A1FE23","bin_plus\UNO_Data\StreamingAssets\preinstall\prefab\theme\godmonster\didnt_calluno.b",3639,3639,2997,937
"40D2E883AF32D84EAAD8E5D4215DF94BB5A1FE23","bin_plus\UNO_Data\StreamingAssets\preinstall\prefab\theme\godmonster\drawcards_animation.b",4517,4517,3804,938
"40D2E883AF32D84EAAD8E5D4215DF94BB5A1FE23","bin_plus\UNO_Data\StreamingAssets\preinstall\prefab\theme\godmonster\gfx.b",110041,110041,68507,939
"40D2E883AF32D84EAAD8E5D4215DF94BB5A1FE23","bin_plus\UNO_Data\StreamingAssets\preinstall\prefab\theme\godmonster\ingametextures.b",4109,4109,3261,940
"40D2E883AF32D84EAAD8E5D4215DF94BB5A1FE23","bin_plus\UNO_Data\StreamingAssets\preinstall\prefab\theme\godmonster\jump_in.b",17157,17157,14339,941
"40D2E883AF32D84EAAD8E5D4215DF94BB5A1FE23","bin_plus\UNO_Data\StreamingAssets\preinstall\prefab\theme\godmonster\popup.b",122860,122860,83667,942
"40D2E883AF32D84EAAD8E5D4215DF94BB5A1FE23","bin_plus\UNO_Data\StreamingAssets\preinstall\prefab\theme\godmonster\stacking.b",30811,30811,14673,943
"40D2E883AF32D84EAAD8E5D4215DF94BB5A1FE23","bin_plus\UNO_Data\StreamingAssets\preinstall\prefab\theme\godmonster\themepicker.b",30567,30567,14815,944
"40D2E883AF32D84EAAD8E5D4215DF94BB5A1FE23","bin_plus\UNO_Data\StreamingAssets\preinstall\prefab\theme\godmonster\tutorial_arrow.b",3408,3408,2795,945
"40D2E883AF32D84EAAD8E5D4215DF94BB5A1FE23","bin_plus\UNO_Data\StreamingAssets\preinstall\prefab\theme\godmonster\voice_chat.b",4866,4866,4116,946
"40D2E883AF32D84EAAD8E5D4215DF94BB5A1FE23","bin_plus\UNO_Data\StreamingAssets\preinstall\prefab\theme\godmonster\animation\theme_picker.b",30617,30617,14845,947
"40D2E883AF32D84EAAD8E5D4215DF94BB5A1FE23","bin_plus\UNO_Data\StreamingAssets\preinstall\prefab\theme\godmonster\cardanimation\draw2.b",4821,4821,4081,948
"40D2E883AF32D84EAAD8E5D4215DF94BB5A1FE23","bin_plus\UNO_Data\StreamingAssets\preinstall\prefab\theme\godmonster\cardanimation\joker.b",29150,29150,13448,949
"40D2E883AF32D84EAAD8E5D4215DF94BB5A1FE23","bin_plus\UNO_Data\StreamingAssets\preinstall\prefab\theme\godmonster\cardanimation\reverse.b",35677,35677,18651,950
"40D2E883AF32D84EAAD8E5D4215DF94BB5A1FE23","bin_plus\UNO_Data\StreamingAssets\preinstall\prefab\theme\godmonster\cardanimation\sevenzero.b",13874,13874,11772,951
"40D2E883AF32D84EAAD8E5D4215DF94BB5A1FE23","bin_plus\UNO_Data\StreamingAssets\preinstall\prefab\theme\godmonster\cardanimation\skip.b",4838,4838,4113,952
"40D2E883AF32D84EAAD8E5D4215DF94BB5A1FE23","bin_plus\UNO_Data\StreamingAssets\preinstall\prefab\theme\godmonster\cardanimation\themecard_sfx.b",49989,49989,30330,953
"40D2E883AF32D84EAAD8E5D4215DF94BB5A1FE23","bin_plus\UNO_Data\StreamingAssets\preinstall\prefab\theme\godmonster\fx\animation.b",4612,4612,3899,954
"40D2E883AF32D84EAAD8E5D4215DF94BB5A1FE23","bin_plus\UNO_Data\StreamingAssets\preinstall\prefab\theme\godmonster\godmonster_board\botanyatlas.b",5115,5115,4410,955
"40D2E883AF32D84EAAD8E5D4215DF94BB5A1FE23","bin_plus\UNO_Data\StreamingAssets\preinstall\prefab\theme\godmonster\godmonster_board\crystal.b",2861,2861,2322,956
"40D2E883AF32D84EAAD8E5D4215DF94BB5A1FE23","bin_plus\UNO_Data\StreamingAssets\preinstall\prefab\theme\godmonster\godmonster_board\flower.b",3256,3256,2674,957
"40D2E883AF32D84EAAD8E5D4215DF94BB5A1FE23","bin_plus\UNO_Data\StreamingAssets\preinstall\prefab\theme\godmonster\godmonster_board\godmonsterarena.b",3621,3621,3022,958
"40D2E883AF32D84EAAD8E5D4215DF94BB5A1FE23","bin_plus\UNO_Data\StreamingAssets\preinstall\prefab\theme\godmonster\godmonster_board\grass.b",2950,2950,2408,959
"40D2E883AF32D84EAAD8E5D4215DF94BB5A1FE23","bin_plus\UNO_Data\StreamingAssets\preinstall\prefab\theme\godmonster\godmonster_board\leaves.b",2883,2883,2349,960
"40D2E883AF32D84EAAD8E5D4215DF94BB5A1FE23","bin_plus\UNO_Data\StreamingAssets\preinstall\prefab\theme\godmonster\godmonster_board\mushroom.b",58982,58982,32504,961
"40D2E883AF32D84EAAD8E5D4215DF94BB5A1FE23","bin_plus\UNO_Data\StreamingAssets\preinstall\prefab\theme\godmonster\godmonster_board\templeruins.b",3251,3251,2682,962
"40D2E883AF32D84EAAD8E5D4215DF94BB5A1FE23","bin_plus\UNO_Data\StreamingAssets\preinstall\prefab\theme\justdance\arrow.b",3716,3716,3077,963
"40D2E883AF32D84EAAD8E5D4215DF94BB5A1FE23","bin_plus\UNO_Data\StreamingAssets\preinstall\prefab\theme\justdance\background.b",49016,49016,31105,964
"40D2E883AF32D84EAAD8E5D4215DF94BB5A1FE23","bin_plus\UNO_Data\StreamingAssets\preinstall\prefab\theme\justdance\calluno.b",31224,31224,15475,965
"40D2E883AF32D84EAAD8E5D4215DF94BB5A1FE23","bin_plus\UNO_Data\StreamingAssets\preinstall\prefab\theme\justdance\cardanimation.b",49107,49107,30994,966
"40D2E883AF32D84EAAD8E5D4215DF94BB5A1FE23","bin_plus\UNO_Data\StreamingAssets\preinstall\prefab\theme\justdance\carddeck.b",5020,5020,4144,967
"40D2E883AF32D84EAAD8E5D4215DF94BB5A1FE23","bin_plus\UNO_Data\StreamingAssets\preinstall\prefab\theme\justdance\challenge_wilddraw4.b",4043,4043,3362,968
"40D2E883AF32D84EAAD8E5D4215DF94BB5A1FE23","bin_plus\UNO_Data\StreamingAssets\preinstall\prefab\theme\justdance\deck_sfx.b",30762,30762,14961,969
"40D2E883AF32D84EAAD8E5D4215DF94BB5A1FE23","bin_plus\UNO_Data\StreamingAssets\preinstall\prefab\theme\justdance\didnt_calluno.b",3608,3608,2993,970
"40D2E883AF32D84EAAD8E5D4215DF94BB5A1FE23","bin_plus\UNO_Data\StreamingAssets\preinstall\prefab\theme\justdance\drawcards_animation.b",4504,4504,3798,971
"40D2E883AF32D84EAAD8E5D4215DF94BB5A1FE23","bin_plus\UNO_Data\StreamingAssets\preinstall\prefab\theme\justdance\gfx.b",31616,31616,15500,972
"40D2E883AF32D84EAAD8E5D4215DF94BB5A1FE23","bin_plus\UNO_Data\StreamingAssets\preinstall\prefab\theme\justdance\jump_in.b",17674,17674,14682,973
"40D2E883AF32D84EAAD8E5D4215DF94BB5A1FE23","bin_plus\UNO_Data\StreamingAssets\preinstall\prefab\theme\justdance\popup.b",24118,24118,20743,974
"40D2E883AF32D84EAAD8E5D4215DF94BB5A1FE23","bin_plus\UNO_Data\StreamingAssets\preinstall\prefab\theme\justdance\stacking.b",30818,30818,14724,975
"40D2E883AF32D84EAAD8E5D4215DF94BB5A1FE23","bin_plus\UNO_Data\StreamingAssets\preinstall\prefab\theme\justdance\tutorial_arrow.b",3451,3451,2825,976
"40D2E883AF32D84EAAD8E5D4215DF94BB5A1FE23","bin_plus\UNO_Data\StreamingAssets\preinstall\prefab\theme\justdance\voice_chat.b",4852,4852,4104,977
"40D2E883AF32D84EAAD8E5D4215DF94BB5A1FE23","bin_plus\UNO_Data\StreamingAssets\preinstall\prefab\theme\justdance\animation\theme_picker.b",31159,31159,15326,978
"40D2E883AF32D84EAAD8E5D4215DF94BB5A1FE23","bin_plus\UNO_Data\StreamingAssets\preinstall\prefab\theme\justdance\cardanimation\crossfade.b",28024,28024,12988,979
"40D2E883AF32D84EAAD8E5D4215DF94BB5A1FE23","bin_plus\UNO_Data\StreamingAssets\preinstall\prefab\theme\justdance\cardanimation\draw2.b",4843,4843,4089,980
"40D2E883AF32D84EAAD8E5D4215DF94BB5A1FE23","bin_plus\UNO_Data\StreamingAssets\preinstall\prefab\theme\justdance\cardanimation\getdown.b",4617,4617,3703,981
"40D2E883AF32D84EAAD8E5D4215DF94BB5A1FE23","bin_plus\UNO_Data\StreamingAssets\preinstall\prefab\theme\justdance\cardanimation\hotnumber.b",32491,32491,16322,982
"40D2E883AF32D84EAAD8E5D4215DF94BB5A1FE23","bin_plus\UNO_Data\StreamingAssets\preinstall\prefab\theme\justdance\cardanimation\invader's_experiment.b",4596,4596,3694,983
"40D2E883AF32D84EAAD8E5D4215DF94BB5A1FE23","bin_plus\UNO_Data\StreamingAssets\preinstall\prefab\theme\justdance\cardanimation\joker.b",29120,29120,13434,984
"40D2E883AF32D84EAAD8E5D4215DF94BB5A1FE23","bin_plus\UNO_Data\StreamingAssets\preinstall\prefab\theme\justdance\cardanimation\reverse.b",35910,35910,19147,985
"40D2E883AF32D84EAAD8E5D4215DF94BB5A1FE23","bin_plus\UNO_Data\StreamingAssets\preinstall\prefab\theme\justdance\cardanimation\sevenzero.b",14065,14065,12016,986
"40D2E883AF32D84EAAD8E5D4215DF94BB5A1FE23","bin_plus\UNO_Data\StreamingAssets\preinstall\prefab\theme\justdance\cardanimation\skip.b",4863,4863,4105,987
"40D2E883AF32D84EAAD8E5D4215DF94BB5A1FE23","bin_plus\UNO_Data\StreamingAssets\preinstall\prefab\theme\justdance\cardanimation\themecard_sfx.b",33556,33556,17535,988
"40D2E883AF32D84EAAD8E5D4215DF94BB5A1FE23","bin_plus\UNO_Data\StreamingAssets\preinstall\prefab\theme\livefeature\active_player.b",4992,4992,4234,989
"40D2E883AF32D84EAAD8E5D4215DF94BB5A1FE23","bin_plus\UNO_Data\StreamingAssets\preinstall\prefab\theme\livefeature\arrow.b",3709,3709,3065,990
"40D2E883AF32D84EAAD8E5D4215DF94BB5A1FE23","bin_plus\UNO_Data\StreamingAssets\preinstall\prefab\theme\livefeature\background.b",40087,40087,23258,991
"40D2E883AF32D84EAAD8E5D4215DF94BB5A1FE23","bin_plus\UNO_Data\StreamingAssets\preinstall\prefab\theme\livefeature\calluno.b",31203,31203,15456,992
"40D2E883AF32D84EAAD8E5D4215DF94BB5A1FE23","bin_plus\UNO_Data\StreamingAssets\preinstall\prefab\theme\livefeature\cardanimation.b",49830,49830,31972,993
"40D2E883AF32D84EAAD8E5D4215DF94BB5A1FE23","bin_plus\UNO_Data\StreamingAssets\preinstall\prefab\theme\livefeature\carddeck.b",4996,4996,4149,994
"40D2E883AF32D84EAAD8E5D4215DF94BB5A1FE23","bin_plus\UNO_Data\StreamingAssets\preinstall\prefab\theme\livefeature\challenge_wilddraw4.b",3643,3643,2998,995
"40D2E883AF32D84EAAD8E5D4215DF94BB5A1FE23","bin_plus\UNO_Data\StreamingAssets\preinstall\prefab\theme\livefeature\deck_sfx.b",30047,30047,14278,996
"40D2E883AF32D84EAAD8E5D4215DF94BB5A1FE23","bin_plus\UNO_Data\StreamingAssets\preinstall\prefab\theme\livefeature\drawcards_animation.b",7045,7045,5914,997
"40D2E883AF32D84EAAD8E5D4215DF94BB5A1FE23","bin_plus\UNO_Data\StreamingAssets\preinstall\prefab\theme\livefeature\jump_in.b",17652,17652,14670,998
"40D2E883AF32D84EAAD8E5D4215DF94BB5A1FE23","bin_plus\UNO_Data\StreamingAssets\preinstall\prefab\theme\livefeature\popup.b",24108,24108,20547,999
"40D2E883AF32D84EAAD8E5D4215DF94BB5A1FE23","bin_plus\UNO_Data\StreamingAssets\preinstall\prefab\theme\livefeature\stacking.b",30674,30674,14685,1000
"40D2E883AF32D84EAAD8E5D4215DF94BB5A1FE23","bin_plus\UNO_Data\StreamingAssets\preinstall\prefab\theme\livefeature\tutorial_arrow.b",3416,3416,2802,1001
"40D2E883AF32D84EAAD8E5D4215DF94BB5A1FE23","bin_plus\UNO_Data\StreamingAssets\preinstall\prefab\theme\livefeature\voice_chat.b",4935,4935,4199,1002
"40D2E883AF32D84EAAD8E5D4215DF94BB5A1FE23","bin_plus\UNO_Data\StreamingAssets\preinstall\prefab\theme\livefeature\cardanimation\draw2.b",4838,4838,4080,1003
"40D2E883AF32D84EAAD8E5D4215DF94BB5A1FE23","bin_plus\UNO_Data\StreamingAssets\preinstall\prefab\theme\livefeature\cardanimation\joker.b",29187,29187,13867,1004
"40D2E883AF32D84EAAD8E5D4215DF94BB5A1FE23","bin_plus\UNO_Data\StreamingAssets\preinstall\prefab\theme\livefeature\cardanimation\reverse.b",36558,36558,19418,1005
"40D2E883AF32D84EAAD8E5D4215DF94BB5A1FE23","bin_plus\UNO_Data\StreamingAssets\preinstall\prefab\theme\livefeature\cardanimation\sevenzero.b",13877,13877,11867,1006
"40D2E883AF32D84EAAD8E5D4215DF94BB5A1FE23","bin_plus\UNO_Data\StreamingAssets\preinstall\prefab\theme\livefeature\cardanimation\skip.b",4838,4838,4100,1007
"40D2E883AF32D84EAAD8E5D4215DF94BB5A1FE23","bin_plus\UNO_Data\StreamingAssets\preinstall\prefab\theme\livefeature\classic_board\board_circle.b",4241,4241,3562,1008
"40D2E883AF32D84EAAD8E5D4215DF94BB5A1FE23","bin_plus\UNO_Data\StreamingAssets\preinstall\prefab\theme\livefeature\classic_board\board_light.b",3106,3106,2458,1009
"40D2E883AF32D84EAAD8E5D4215DF94BB5A1FE23","bin_plus\UNO_Data\StreamingAssets\preinstall\prefab\theme\livefeature\gfx\avater.b",31770,31770,15625,1010
"40D2E883AF32D84EAAD8E5D4215DF94BB5A1FE23","bin_plus\UNO_Data\StreamingAssets\preinstall\prefab\theme\memphis\active_player.b",4997,4997,4241,1011
"40D2E883AF32D84EAAD8E5D4215DF94BB5A1FE23","bin_plus\UNO_Data\StreamingAssets\preinstall\prefab\theme\memphis\arrow.b",3736,3736,3090,1012
"40D2E883AF32D84EAAD8E5D4215DF94BB5A1FE23","bin_plus\UNO_Data\StreamingAssets\preinstall\prefab\theme\memphis\background.b",49703,49703,29135,1013
"40D2E883AF32D84EAAD8E5D4215DF94BB5A1FE23","bin_plus\UNO_Data\StreamingAssets\preinstall\prefab\theme\memphis\calluno.b",31813,31813,15576,1014
"40D2E883AF32D84EAAD8E5D4215DF94BB5A1FE23","bin_plus\UNO_Data\StreamingAssets\preinstall\prefab\theme\memphis\cardanimation.b",70115,70115,47238,1015
"40D2E883AF32D84EAAD8E5D4215DF94BB5A1FE23","bin_plus\UNO_Data\StreamingAssets\preinstall\prefab\theme\memphis\carddeck.b",5009,5009,4144,1016
"40D2E883AF32D84EAAD8E5D4215DF94BB5A1FE23","bin_plus\UNO_Data\StreamingAssets\preinstall\prefab\theme\memphis\challenge_wilddraw4.b",3639,3639,2995,1017
"40D2E883AF32D84EAAD8E5D4215DF94BB5A1FE23","bin_plus\UNO_Data\StreamingAssets\preinstall\prefab\theme\memphis\deck_sfx.b",30133,30133,14303,1018
"40D2E883AF32D84EAAD8E5D4215DF94BB5A1FE23","bin_plus\UNO_Data\StreamingAssets\preinstall\prefab\theme\memphis\drawcards_animation.b",7036,7036,5893,1019
"40D2E883AF32D84EAAD8E5D4215DF94BB5A1FE23","bin_plus\UNO_Data\StreamingAssets\preinstall\prefab\theme\memphis\gfx.b",33350,33350,17261,1020
"40D2E883AF32D84EAAD8E5D4215DF94BB5A1FE23","bin_plus\UNO_Data\StreamingAssets\preinstall\prefab\theme\memphis\jump_in.b",17636,17636,14752,1021
"40D2E883AF32D84EAAD8E5D4215DF94BB5A1FE23","bin_plus\UNO_Data\StreamingAssets\preinstall\prefab\theme\memphis\popup.b",35664,35664,29965,1022
"40D2E883AF32D84EAAD8E5D4215DF94BB5A1FE23","bin_plus\UNO_Data\StreamingAssets\preinstall\prefab\theme\memphis\prefabs.b",163982,163982,112318,1023
"40D2E883AF32D84EAAD8E5D4215DF94BB5A1FE23","bin_plus\UNO_Data\StreamingAssets\preinstall\prefab\theme\memphis\speed_play.b",12233,12233,10150,1024
"40D2E883AF32D84EAAD8E5D4215DF94BB5A1FE23","bin_plus\UNO_Data\StreamingAssets\preinstall\prefab\theme\memphis\stacking.b",30161,30161,14447,1025
"40D2E883AF32D84EAAD8E5D4215DF94BB5A1FE23","bin_plus\UNO_Data\StreamingAssets\preinstall\prefab\theme\memphis\themepicker.b",2931,2931,2385,1026
"40D2E883AF32D84EAAD8E5D4215DF94BB5A1FE23","bin_plus\UNO_Data\StreamingAssets\preinstall\prefab\theme\memphis\tutorial_arrow.b",3412,3412,2789,1027
"40D2E883AF32D84EAAD8E5D4215DF94BB5A1FE23","bin_plus\UNO_Data\StreamingAssets\preinstall\prefab\theme\memphis\voice_chat.b",4909,4909,4158,1028
"40D2E883AF32D84EAAD8E5D4215DF94BB5A1FE23","bin_plus\UNO_Data\StreamingAssets\preinstall\prefab\theme\memphis\animation\theme_picker.b",1759,1759,1423,1029
"40D2E883AF32D84EAAD8E5D4215DF94BB5A1FE23","bin_plus\UNO_Data\StreamingAssets\preinstall\prefab\theme\memphis\background\vfx.b",35861,35861,18539,1030
"40D2E883AF32D84EAAD8E5D4215DF94BB5A1FE23","bin_plus\UNO_Data\StreamingAssets\preinstall\prefab\theme\memphis\cardanimation\draw2.b",4810,4810,4065,1031
"40D2E883AF32D84EAAD8E5D4215DF94BB5A1FE23","bin_plus\UNO_Data\StreamingAssets\preinstall\prefab\theme\memphis\cardanimation\joker.b",29031,29031,13429,1032
"40D2E883AF32D84EAAD8E5D4215DF94BB5A1FE23","bin_plus\UNO_Data\StreamingAssets\preinstall\prefab\theme\memphis\cardanimation\reverse.b",36169,36169,19219,1033
"40D2E883AF32D84EAAD8E5D4215DF94BB5A1FE23","bin_plus\UNO_Data\StreamingAssets\preinstall\prefab\theme\memphis\cardanimation\sevenzero.b",13907,13907,11920,1034
"40D2E883AF32D84EAAD8E5D4215DF94BB5A1FE23","bin_plus\UNO_Data\StreamingAssets\preinstall\prefab\theme\memphis\cardanimation\skip.b",4846,4846,4106,1035
"40D2E883AF32D84EAAD8E5D4215DF94BB5A1FE23","bin_plus\UNO_Data\StreamingAssets\preinstall\prefab\theme\memphis\cardanimation\themecards_gfx.b",66157,66157,38096,1036
"40D2E883AF32D84EAAD8E5D4215DF94BB5A1FE23","bin_plus\UNO_Data\StreamingAssets\preinstall\prefab\theme\memphis\classic_board\board_circle.b",4215,4215,3539,1037
"40D2E883AF32D84EAAD8E5D4215DF94BB5A1FE23","bin_plus\UNO_Data\StreamingAssets\preinstall\prefab\theme\memphis\classic_board\board_light.b",3105,3105,2456,1038
"40D2E883AF32D84EAAD8E5D4215DF94BB5A1FE23","bin_plus\UNO_Data\StreamingAssets\preinstall\prefab\theme\memphis\gfx\avater.b",31100,31100,15336,1039
"40D2E883AF32D84EAAD8E5D4215DF94BB5A1FE23","bin_plus\UNO_Data\StreamingAssets\preinstall\prefab\theme\memphis\gfx\pointtaken.b",82945,82945,48349,1040
"40D2E883AF32D84EAAD8E5D4215DF94BB5A1FE23","bin_plus\UNO_Data\StreamingAssets\preinstall\prefab\theme\memphis\gfx_fx\linkrainbow.b",71909,71909,38876,1041
"40D2E883AF32D84EAAD8E5D4215DF94BB5A1FE23","bin_plus\UNO_Data\StreamingAssets\preinstall\prefab\theme\memphis\gfx_fx\pileupedgeglow.b",30025,30025,14521,1042
"40D2E883AF32D84EAAD8E5D4215DF94BB5A1FE23","bin_plus\UNO_Data\StreamingAssets\preinstall\prefab\theme\memphis\gfx_fx\prefab.b",107576,107576,65191,1043
"40D2E883AF32D84EAAD8E5D4215DF94BB5A1FE23","bin_plus\UNO_Data\StreamingAssets\preinstall\prefab\theme\memphis\popup\texture.b",3674,3674,2898,1044
"40D2E883AF32D84EAAD8E5D4215DF94BB5A1FE23","bin_plus\UNO_Data\StreamingAssets\preinstall\prefab\theme\memphis\prefabs\linkrainbowrenamed.b",74200,74200,41106,1045
"40D2E883AF32D84EAAD8E5D4215DF94BB5A1FE23","bin_plus\UNO_Data\StreamingAssets\preinstall\prefab\theme\nomercy\active_player.b",4997,4997,4245,1046
"40D2E883AF32D84EAAD8E5D4215DF94BB5A1FE23","bin_plus\UNO_Data\StreamingAssets\preinstall\prefab\theme\nomercy\arrow.b",4292,4292,3599,1047
"40D2E883AF32D84EAAD8E5D4215DF94BB5A1FE23","bin_plus\UNO_Data\StreamingAssets\preinstall\prefab\theme\nomercy\background.b",9929,9929,8304,1048
"40D2E883AF32D84EAAD8E5D4215DF94BB5A1FE23","bin_plus\UNO_Data\StreamingAssets\preinstall\prefab\theme\nomercy\calluno.b",31716,31716,15728,1049
"40D2E883AF32D84EAAD8E5D4215DF94BB5A1FE23","bin_plus\UNO_Data\StreamingAssets\preinstall\prefab\theme\nomercy\cardanimation.b",120499,120499,82838,1050
"40D2E883AF32D84EAAD8E5D4215DF94BB5A1FE23","bin_plus\UNO_Data\StreamingAssets\preinstall\prefab\theme\nomercy\carddeck.b",5009,5009,4178,1051
"40D2E883AF32D84EAAD8E5D4215DF94BB5A1FE23","bin_plus\UNO_Data\StreamingAssets\preinstall\prefab\theme\nomercy\deck_sfx.b",30064,30064,14316,1052
"40D2E883AF32D84EAAD8E5D4215DF94BB5A1FE23","bin_plus\UNO_Data\StreamingAssets\preinstall\prefab\theme\nomercy\drawcards_animation.b",7010,7010,5871,1053
"40D2E883AF32D84EAAD8E5D4215DF94BB5A1FE23","bin_plus\UNO_Data\StreamingAssets\preinstall\prefab\theme\nomercy\gfx.b",35423,35423,18591,1054
"40D2E883AF32D84EAAD8E5D4215DF94BB5A1FE23","bin_plus\UNO_Data\StreamingAssets\preinstall\prefab\theme\nomercy\jump_in.b",17638,17638,14619,1055
"40D2E883AF32D84EAAD8E5D4215DF94BB5A1FE23","bin_plus\UNO_Data\StreamingAssets\preinstall\prefab\theme\nomercy\popup.b",30035,30035,25931,1056
"40D2E883AF32D84EAAD8E5D4215DF94BB5A1FE23","bin_plus\UNO_Data\StreamingAssets\preinstall\prefab\theme\nomercy\prefabs.b",378060,378060,263933,1057
"40D2E883AF32D84EAAD8E5D4215DF94BB5A1FE23","bin_plus\UNO_Data\StreamingAssets\preinstall\prefab\theme\nomercy\stacking.b",30178,30178,14411,1058
"40D2E883AF32D84EAAD8E5D4215DF94BB5A1FE23","bin_plus\UNO_Data\StreamingAssets\preinstall\prefab\theme\nomercy\tutorial_arrow.b",3411,3411,2808,1059
"40D2E883AF32D84EAAD8E5D4215DF94BB5A1FE23","bin_plus\UNO_Data\StreamingAssets\preinstall\prefab\theme\nomercy\vfx.b",135213,135213,92209,1060
"40D2E883AF32D84EAAD8E5D4215DF94BB5A1FE23","bin_plus\UNO_Data\StreamingAssets\preinstall\prefab\theme\nomercy\voice_chat.b",4909,4909,4190,1061
"40D2E883AF32D84EAAD8E5D4215DF94BB5A1FE23","bin_plus\UNO_Data\StreamingAssets\preinstall\prefab\theme\nomercy\animation\theme_picker.b",33553,33553,17379,1062
"40D2E883AF32D84EAAD8E5D4215DF94BB5A1FE23","bin_plus\UNO_Data\StreamingAssets\preinstall\prefab\theme\nomercy\cardanimation\draw2.b",5242,5242,4351,1063
"40D2E883AF32D84EAAD8E5D4215DF94BB5A1FE23","bin_plus\UNO_Data\StreamingAssets\preinstall\prefab\theme\nomercy\cardanimation\draw4.b",4720,4720,3983,1064
"40D2E883AF32D84EAAD8E5D4215DF94BB5A1FE23","bin_plus\UNO_Data\StreamingAssets\preinstall\prefab\theme\nomercy\cardanimation\joker.b",28902,28902,13424,1065
"40D2E883AF32D84EAAD8E5D4215DF94BB5A1FE23","bin_plus\UNO_Data\StreamingAssets\preinstall\prefab\theme\nomercy\cardanimation\reverse.b",36075,36075,19139,1066
"40D2E883AF32D84EAAD8E5D4215DF94BB5A1FE23","bin_plus\UNO_Data\StreamingAssets\preinstall\prefab\theme\nomercy\cardanimation\sevenzero.b",14084,14084,12047,1067
"40D2E883AF32D84EAAD8E5D4215DF94BB5A1FE23","bin_plus\UNO_Data\StreamingAssets\preinstall\prefab\theme\nomercy\cardanimation\skip.b",5893,5893,5075,1068
"40D2E883AF32D84EAAD8E5D4215DF94BB5A1FE23","bin_plus\UNO_Data\StreamingAssets\preinstall\prefab\theme\nomercy\cardanimation\themecards_gfx.b",66926,66926,38481,1069
"40D2E883AF32D84EAAD8E5D4215DF94BB5A1FE23","bin_plus\UNO_Data\StreamingAssets\preinstall\prefab\theme\nomercy\classic_board\board_circle.b",4251,4251,3556,1070
"40D2E883AF32D84EAAD8E5D4215DF94BB5A1FE23","bin_plus\UNO_Data\StreamingAssets\preinstall\prefab\theme\nomercy\classic_board\board_light.b",3126,3126,2473,1071
"40D2E883AF32D84EAAD8E5D4215DF94BB5A1FE23","bin_plus\UNO_Data\StreamingAssets\preinstall\prefab\theme\nomercy\gfx\avater.b",31611,31611,15526,1072
"40D2E883AF32D84EAAD8E5D4215DF94BB5A1FE23","bin_plus\UNO_Data\StreamingAssets\preinstall\prefab\theme\nomercy\popup\texture - new.b",4091,4091,3227,1073
"40D2E883AF32D84EAAD8E5D4215DF94BB5A1FE23","bin_plus\UNO_Data\StreamingAssets\preinstall\prefab\theme\nomercy\vfx\actioncards.b",3087,3087,2550,1074
"40D2E883AF32D84EAAD8E5D4215DF94BB5A1FE23","bin_plus\UNO_Data\StreamingAssets\preinstall\prefab\theme\nomercy\vfx\ash pile.b",30925,30925,14919,1075
"40D2E883AF32D84EAAD8E5D4215DF94BB5A1FE23","bin_plus\UNO_Data\StreamingAssets\preinstall\prefab\theme\nomercy\vfx\card splash.b",254883,254883,136172,1076
"40D2E883AF32D84EAAD8E5D4215DF94BB5A1FE23","bin_plus\UNO_Data\StreamingAssets\preinstall\prefab\theme\nomercy\vfx\draw lightning.b",48716,48716,27903,1077
"40D2E883AF32D84EAAD8E5D4215DF94BB5A1FE23","bin_plus\UNO_Data\StreamingAssets\preinstall\prefab\theme\nomercy\vfx\mercy knockout.b",78325,78325,48220,1078
"40D2E883AF32D84EAAD8E5D4215DF94BB5A1FE23","bin_plus\UNO_Data\StreamingAssets\preinstall\prefab\theme\nomercy\vfx\victory.b",82279,82279,49890,1079
"40D2E883AF32D84EAAD8E5D4215DF94BB5A1FE23","bin_plus\UNO_Data\StreamingAssets\preinstall\prefab\theme\party\active_player.b",4994,4994,4232,1080
"40D2E883AF32D84EAAD8E5D4215DF94BB5A1FE23","bin_plus\UNO_Data\StreamingAssets\preinstall\prefab\theme\party\arrow.b",3724,3724,3072,1081
"40D2E883AF32D84EAAD8E5D4215DF94BB5A1FE23","bin_plus\UNO_Data\StreamingAssets\preinstall\prefab\theme\party\background.b",24119213,24119213,22457327,1082
"40D2E883AF32D84EAAD8E5D4215DF94BB5A1FE23","bin_plus\UNO_Data\StreamingAssets\preinstall\prefab\theme\party\calluno.b",31732,31732,15701,1083
"40D2E883AF32D84EAAD8E5D4215DF94BB5A1FE23","bin_plus\UNO_Data\StreamingAssets\preinstall\prefab\theme\party\cardanimation.b",70853,70853,47099,1084
"40D2E883AF32D84EAAD8E5D4215DF94BB5A1FE23","bin_plus\UNO_Data\StreamingAssets\preinstall\prefab\theme\party\carddeck.b",5036,5036,4164,1085
"40D2E883AF32D84EAAD8E5D4215DF94BB5A1FE23","bin_plus\UNO_Data\StreamingAssets\preinstall\prefab\theme\party\challenge_wilddraw4.b",3644,3644,2977,1086
"40D2E883AF32D84EAAD8E5D4215DF94BB5A1FE23","bin_plus\UNO_Data\StreamingAssets\preinstall\prefab\theme\party\deck_sfx.b",30117,30117,14322,1087
"40D2E883AF32D84EAAD8E5D4215DF94BB5A1FE23","bin_plus\UNO_Data\StreamingAssets\preinstall\prefab\theme\party\drawcards_animation.b",7032,7032,5882,1088
"40D2E883AF32D84EAAD8E5D4215DF94BB5A1FE23","bin_plus\UNO_Data\StreamingAssets\preinstall\prefab\theme\party\gfx.b",33321,33321,16801,1089
"40D2E883AF32D84EAAD8E5D4215DF94BB5A1FE23","bin_plus\UNO_Data\StreamingAssets\preinstall\prefab\theme\party\jump_in.b",17688,17688,14839,1090
"40D2E883AF32D84EAAD8E5D4215DF94BB5A1FE23","bin_plus\UNO_Data\StreamingAssets\preinstall\prefab\theme\party\musicnotes.b",28035,28035,12511,1091
"40D2E883AF32D84EAAD8E5D4215DF94BB5A1FE23","bin_plus\UNO_Data\StreamingAssets\preinstall\prefab\theme\party\popup.b",125178,125178,48407,1092
"40D2E883AF32D84EAAD8E5D4215DF94BB5A1FE23","bin_plus\UNO_Data\StreamingAssets\preinstall\prefab\theme\party\prefabs.b",800644,800644,545375,1093
"40D2E883AF32D84EAAD8E5D4215DF94BB5A1FE23","bin_plus\UNO_Data\StreamingAssets\preinstall\prefab\theme\party\speed_play.b",12207,12207,10119,1094
"40D2E883AF32D84EAAD8E5D4215DF94BB5A1FE23","bin_plus\UNO_Data\StreamingAssets\preinstall\prefab\theme\party\stacking.b",30167,30167,14418,1095
"40D2E883AF32D84EAAD8E5D4215DF94BB5A1FE23","bin_plus\UNO_Data\StreamingAssets\preinstall\prefab\theme\party\themepicker.b",2914,2914,2386,1096
"40D2E883AF32D84EAAD8E5D4215DF94BB5A1FE23","bin_plus\UNO_Data\StreamingAssets\preinstall\prefab\theme\party\tutorial_arrow.b",3400,3400,2761,1097
"40D2E883AF32D84EAAD8E5D4215DF94BB5A1FE23","bin_plus\UNO_Data\StreamingAssets\preinstall\prefab\theme\party\voice_chat.b",4936,4936,4173,1098
"40D2E883AF32D84EAAD8E5D4215DF94BB5A1FE23","bin_plus\UNO_Data\StreamingAssets\preinstall\prefab\theme\party\animation\theme_picker.b",32895,32895,16203,1099
"40D2E883AF32D84EAAD8E5D4215DF94BB5A1FE23","bin_plus\UNO_Data\StreamingAssets\preinstall\prefab\theme\party\background\vfx.b",36272,36272,18600,1100
"40D2E883AF32D84EAAD8E5D4215DF94BB5A1FE23","bin_plus\UNO_Data\StreamingAssets\preinstall\prefab\theme\party\cardanimation\draw2.b",4831,4831,4091,1101
"40D2E883AF32D84EAAD8E5D4215DF94BB5A1FE23","bin_plus\UNO_Data\StreamingAssets\preinstall\prefab\theme\party\cardanimation\joker.b",29232,29232,13877,1102
"40D2E883AF32D84EAAD8E5D4215DF94BB5A1FE23","bin_plus\UNO_Data\StreamingAssets\preinstall\prefab\theme\party\cardanimation\reverse.b",35551,35551,19024,1103
"40D2E883AF32D84EAAD8E5D4215DF94BB5A1FE23","bin_plus\UNO_Data\StreamingAssets\preinstall\prefab\theme\party\cardanimation\sevenzero.b",13875,13875,11759,1104
"40D2E883AF32D84EAAD8E5D4215DF94BB5A1FE23","bin_plus\UNO_Data\StreamingAssets\preinstall\prefab\theme\party\cardanimation\skip.b",4850,4850,4101,1105
"40D2E883AF32D84EAAD8E5D4215DF94BB5A1FE23","bin_plus\UNO_Data\StreamingAssets\preinstall\prefab\theme\party\cardanimation\themecards_gfx.b",66993,66993,38556,1106
"40D2E883AF32D84EAAD8E5D4215DF94BB5A1FE23","bin_plus\UNO_Data\StreamingAssets\preinstall\prefab\theme\party\classic_board\board_circle.b",4225,4225,3556,1107
"40D2E883AF32D84EAAD8E5D4215DF94BB5A1FE23","bin_plus\UNO_Data\StreamingAssets\preinstall\prefab\theme\party\classic_board\board_light.b",3081,3081,2438,1108
"40D2E883AF32D84EAAD8E5D4215DF94BB5A1FE23","bin_plus\UNO_Data\StreamingAssets\preinstall\prefab\theme\party\gfx\avater.b",31601,31601,15586,1109
"40D2E883AF32D84EAAD8E5D4215DF94BB5A1FE23","bin_plus\UNO_Data\StreamingAssets\preinstall\prefab\theme\party\gfx\pointtaken.b",5558,5558,4337,1110
"40D2E883AF32D84EAAD8E5D4215DF94BB5A1FE23","bin_plus\UNO_Data\StreamingAssets\preinstall\prefab\theme\party\gfx_fx\linkrainbow.b",72635,72635,39356,1111
"40D2E883AF32D84EAAD8E5D4215DF94BB5A1FE23","bin_plus\UNO_Data\StreamingAssets\preinstall\prefab\theme\party\gfx_fx\pileupedgeglow.b",29973,29973,14196,1112
"40D2E883AF32D84EAAD8E5D4215DF94BB5A1FE23","bin_plus\UNO_Data\StreamingAssets\preinstall\prefab\theme\party\gfx_fx\prefab.b",107105,107105,65447,1113
"40D2E883AF32D84EAAD8E5D4215DF94BB5A1FE23","bin_plus\UNO_Data\StreamingAssets\preinstall\prefab\theme\party\popup\texture - new.b",4085,4085,3227,1114
"40D2E883AF32D84EAAD8E5D4215DF94BB5A1FE23","bin_plus\UNO_Data\StreamingAssets\preinstall\prefab\theme\party\popup\texture.b",3668,3668,2894,1115
"40D2E883AF32D84EAAD8E5D4215DF94BB5A1FE23","bin_plus\UNO_Data\StreamingAssets\preinstall\prefab\theme\party\prefabs\linkrainbowrenamed.b",75494,75494,41139,1116
"40D2E883AF32D84EAAD8E5D4215DF94BB5A1FE23","bin_plus\UNO_Data\StreamingAssets\preinstall\prefab\theme\rabbids\active_player.b",4989,4989,4239,1117
"40D2E883AF32D84EAAD8E5D4215DF94BB5A1FE23","bin_plus\UNO_Data\StreamingAssets\preinstall\prefab\theme\rabbids\arrow.b",3732,3732,3088,1118
"40D2E883AF32D84EAAD8E5D4215DF94BB5A1FE23","bin_plus\UNO_Data\StreamingAssets\preinstall\prefab\theme\rabbids\background.b",41297,41297,23997,1119
"40D2E883AF32D84EAAD8E5D4215DF94BB5A1FE23","bin_plus\UNO_Data\StreamingAssets\preinstall\prefab\theme\rabbids\calluno.b",31278,31278,15517,1120
"40D2E883AF32D84EAAD8E5D4215DF94BB5A1FE23","bin_plus\UNO_Data\StreamingAssets\preinstall\prefab\theme\rabbids\cardanimation.b",50084,50084,32576,1121
"40D2E883AF32D84EAAD8E5D4215DF94BB5A1FE23","bin_plus\UNO_Data\StreamingAssets\preinstall\prefab\theme\rabbids\carddeck.b",5012,5012,4154,1122
"40D2E883AF32D84EAAD8E5D4215DF94BB5A1FE23","bin_plus\UNO_Data\StreamingAssets\preinstall\prefab\theme\rabbids\challenge_wilddraw4.b",3642,3642,3000,1123
"40D2E883AF32D84EAAD8E5D4215DF94BB5A1FE23","bin_plus\UNO_Data\StreamingAssets\preinstall\prefab\theme\rabbids\deck_sfx.b",30568,30568,14323,1124
"40D2E883AF32D84EAAD8E5D4215DF94BB5A1FE23","bin_plus\UNO_Data\StreamingAssets\preinstall\prefab\theme\rabbids\drawcards_animation.b",3726,3726,3088,1125
"40D2E883AF32D84EAAD8E5D4215DF94BB5A1FE23","bin_plus\UNO_Data\StreamingAssets\preinstall\prefab\theme\rabbids\gfx.b",31438,31438,15533,1126
"40D2E883AF32D84EAAD8E5D4215DF94BB5A1FE23","bin_plus\UNO_Data\StreamingAssets\preinstall\prefab\theme\rabbids\jump_in.b",15477,15477,13096,1127
"40D2E883AF32D84EAAD8E5D4215DF94BB5A1FE23","bin_plus\UNO_Data\StreamingAssets\preinstall\prefab\theme\rabbids\popup.b",24094,24094,20525,1128
"40D2E883AF32D84EAAD8E5D4215DF94BB5A1FE23","bin_plus\UNO_Data\StreamingAssets\preinstall\prefab\theme\rabbids\rabbids_board.b",3556,3556,2931,1129
"40D2E883AF32D84EAAD8E5D4215DF94BB5A1FE23","bin_plus\UNO_Data\StreamingAssets\preinstall\prefab\theme\rabbids\stacking.b",30847,30847,14720,1130
"40D2E883AF32D84EAAD8E5D4215DF94BB5A1FE23","bin_plus\UNO_Data\StreamingAssets\preinstall\prefab\theme\rabbids\themeanimation.b",71855,71855,50443,1131
"40D2E883AF32D84EAAD8E5D4215DF94BB5A1FE23","bin_plus\UNO_Data\StreamingAssets\preinstall\prefab\theme\rabbids\animation\explosion.b",29470,29470,13803,1132
"40D2E883AF32D84EAAD8E5D4215DF94BB5A1FE23","bin_plus\UNO_Data\StreamingAssets\preinstall\prefab\theme\rabbids\animation\theme_picker.b",30979,30979,14880,1133
"40D2E883AF32D84EAAD8E5D4215DF94BB5A1FE23","bin_plus\UNO_Data\StreamingAssets\preinstall\prefab\theme\rabbids\cardanimation\draw2.b",4836,4836,4078,1134
"40D2E883AF32D84EAAD8E5D4215DF94BB5A1FE23","bin_plus\UNO_Data\StreamingAssets\preinstall\prefab\theme\rabbids\cardanimation\joker.b",29119,29119,13500,1135
"40D2E883AF32D84EAAD8E5D4215DF94BB5A1FE23","bin_plus\UNO_Data\StreamingAssets\preinstall\prefab\theme\rabbids\cardanimation\reverse.b",36206,36206,19151,1136
"40D2E883AF32D84EAAD8E5D4215DF94BB5A1FE23","bin_plus\UNO_Data\StreamingAssets\preinstall\prefab\theme\rabbids\cardanimation\sevenzero.b",13783,13783,11741,1137
"40D2E883AF32D84EAAD8E5D4215DF94BB5A1FE23","bin_plus\UNO_Data\StreamingAssets\preinstall\prefab\theme\rabbids\cardanimation\skip.b",4864,4864,4121,1138
"40D2E883AF32D84EAAD8E5D4215DF94BB5A1FE23","bin_plus\UNO_Data\StreamingAssets\preinstall\prefab\theme\rabbids\cardanimation\themecard_sfx.b",31044,31044,15058,1139
"40D2E883AF32D84EAAD8E5D4215DF94BB5A1FE23","bin_plus\UNO_Data\StreamingAssets\preinstall\prefab\theme\rabbids\themeanimation\comingthrough.b",3922,3922,3287,1140
"40D2E883AF32D84EAAD8E5D4215DF94BB5A1FE23","bin_plus\UNO_Data\StreamingAssets\preinstall\prefab\theme\rabbids\themeanimation\wildblueyonder.b",4131,4131,3446,1141
"40D2E883AF32D84EAAD8E5D4215DF94BB5A1FE23","bin_plus\UNO_Data\StreamingAssets\preinstall\prefab\theme\rayman\active_player.b",34111,34111,17763,1142
"40D2E883AF32D84EAAD8E5D4215DF94BB5A1FE23","bin_plus\UNO_Data\StreamingAssets\preinstall\prefab\theme\rayman\arrow.b",3707,3707,3066,1143
"40D2E883AF32D84EAAD8E5D4215DF94BB5A1FE23","bin_plus\UNO_Data\StreamingAssets\preinstall\prefab\theme\rayman\background.b",77085,77085,51029,1144
"40D2E883AF32D84EAAD8E5D4215DF94BB5A1FE23","bin_plus\UNO_Data\StreamingAssets\preinstall\prefab\theme\rayman\calluno.b",31910,31910,15519,1145
"40D2E883AF32D84EAAD8E5D4215DF94BB5A1FE23","bin_plus\UNO_Data\StreamingAssets\preinstall\prefab\theme\rayman\cardanimation.b",48880,48880,30887,1146
"40D2E883AF32D84EAAD8E5D4215DF94BB5A1FE23","bin_plus\UNO_Data\StreamingAssets\preinstall\prefab\theme\rayman\carddeck.b",4994,4994,4137,1147
"40D2E883AF32D84EAAD8E5D4215DF94BB5A1FE23","bin_plus\UNO_Data\StreamingAssets\preinstall\prefab\theme\rayman\challenge_wilddraw4.b",4035,4035,3367,1148
"40D2E883AF32D84EAAD8E5D4215DF94BB5A1FE23","bin_plus\UNO_Data\StreamingAssets\preinstall\prefab\theme\rayman\deck_sfx.b",30389,30389,14498,1149
"40D2E883AF32D84EAAD8E5D4215DF94BB5A1FE23","bin_plus\UNO_Data\StreamingAssets\preinstall\prefab\theme\rayman\didnt_calluno.b",3616,3616,2996,1150
"40D2E883AF32D84EAAD8E5D4215DF94BB5A1FE23","bin_plus\UNO_Data\StreamingAssets\preinstall\prefab\theme\rayman\drawcards_animation.b",4506,4506,3783,1151
"40D2E883AF32D84EAAD8E5D4215DF94BB5A1FE23","bin_plus\UNO_Data\StreamingAssets\preinstall\prefab\theme\rayman\gfx.b",32294,32294,16402,1152
"40D2E883AF32D84EAAD8E5D4215DF94BB5A1FE23","bin_plus\UNO_Data\StreamingAssets\preinstall\prefab\theme\rayman\jump_in.b",17671,17671,14646,1153
"40D2E883AF32D84EAAD8E5D4215DF94BB5A1FE23","bin_plus\UNO_Data\StreamingAssets\preinstall\prefab\theme\rayman\popup.b",24066,24066,20553,1154
"40D2E883AF32D84EAAD8E5D4215DF94BB5A1FE23","bin_plus\UNO_Data\StreamingAssets\preinstall\prefab\theme\rayman\stacking.b",30142,30142,14386,1155
"40D2E883AF32D84EAAD8E5D4215DF94BB5A1FE23","bin_plus\UNO_Data\StreamingAssets\preinstall\prefab\theme\rayman\themeanimation.b",29267,29267,26678,1156
"40D2E883AF32D84EAAD8E5D4215DF94BB5A1FE23","bin_plus\UNO_Data\StreamingAssets\preinstall\prefab\theme\rayman\tutorial_arrow.b",3431,3431,2820,1157
"40D2E883AF32D84EAAD8E5D4215DF94BB5A1FE23","bin_plus\UNO_Data\StreamingAssets\preinstall\prefab\theme\rayman\voice_chat.b",4865,4865,4127,1158
"40D2E883AF32D84EAAD8E5D4215DF94BB5A1FE23","bin_plus\UNO_Data\StreamingAssets\preinstall\prefab\theme\rayman\animation\theme_picker.b",31185,31185,15057,1159
"40D2E883AF32D84EAAD8E5D4215DF94BB5A1FE23","bin_plus\UNO_Data\StreamingAssets\preinstall\prefab\theme\rayman\cardanimation\dragon.b",32488,32488,16695,1160
"40D2E883AF32D84EAAD8E5D4215DF94BB5A1FE23","bin_plus\UNO_Data\StreamingAssets\preinstall\prefab\theme\rayman\cardanimation\draw2.b",4805,4805,4056,1161
"40D2E883AF32D84EAAD8E5D4215DF94BB5A1FE23","bin_plus\UNO_Data\StreamingAssets\preinstall\prefab\theme\rayman\cardanimation\escape.b",30663,30663,14713,1162
"40D2E883AF32D84EAAD8E5D4215DF94BB5A1FE23","bin_plus\UNO_Data\StreamingAssets\preinstall\prefab\theme\rayman\cardanimation\joker.b",29193,29193,14066,1163
"40D2E883AF32D84EAAD8E5D4215DF94BB5A1FE23","bin_plus\UNO_Data\StreamingAssets\preinstall\prefab\theme\rayman\cardanimation\mirror.b",30934,30934,15079,1164
"40D2E883AF32D84EAAD8E5D4215DF94BB5A1FE23","bin_plus\UNO_Data\StreamingAssets\preinstall\prefab\theme\rayman\cardanimation\punching.b",28742,28742,13119,1165
"40D2E883AF32D84EAAD8E5D4215DF94BB5A1FE23","bin_plus\UNO_Data\StreamingAssets\preinstall\prefab\theme\rayman\cardanimation\reverse.b",35939,35939,19169,1166
"40D2E883AF32D84EAAD8E5D4215DF94BB5A1FE23","bin_plus\UNO_Data\StreamingAssets\preinstall\prefab\theme\rayman\cardanimation\sevenzero.b",13846,13846,11861,1167
"40D2E883AF32D84EAAD8E5D4215DF94BB5A1FE23","bin_plus\UNO_Data\StreamingAssets\preinstall\prefab\theme\rayman\cardanimation\skip.b",4849,4849,4096,1168
"40D2E883AF32D84EAAD8E5D4215DF94BB5A1FE23","bin_plus\UNO_Data\StreamingAssets\preinstall\prefab\theme\rayman\cardanimation\themecard_sfx.b",39685,39685,22957,1169
"40D2E883AF32D84EAAD8E5D4215DF94BB5A1FE23","bin_plus\UNO_Data\StreamingAssets\preinstall\prefab\theme\rayman\sceneresourcesbackgroundelements\lums.b",6567,6567,5666,1170
"40D2E883AF32D84EAAD8E5D4215DF94BB5A1FE23","bin_plus\UNO_Data\StreamingAssets\preinstall\prefab\theme\rayman\themecards\escape.b",10323,10323,9203,1171
"40D2E883AF32D84EAAD8E5D4215DF94BB5A1FE23","bin_plus\UNO_Data\StreamingAssets\preinstall\prefab\theme\valhalla\active_player.b",5001,5001,4237,1172
"40D2E883AF32D84EAAD8E5D4215DF94BB5A1FE23","bin_plus\UNO_Data\StreamingAssets\preinstall\prefab\theme\valhalla\arrow.b",3706,3706,3060,1173
"40D2E883AF32D84EAAD8E5D4215DF94BB5A1FE23","bin_plus\UNO_Data\StreamingAssets\preinstall\prefab\theme\valhalla\background.b",147516,147516,95976,1174
"40D2E883AF32D84EAAD8E5D4215DF94BB5A1FE23","bin_plus\UNO_Data\StreamingAssets\preinstall\prefab\theme\valhalla\battlepanel.b",8547,8547,7162,1175
"40D2E883AF32D84EAAD8E5D4215DF94BB5A1FE23","bin_plus\UNO_Data\StreamingAssets\preinstall\prefab\theme\valhalla\calluno.b",31832,31832,15634,1176
"40D2E883AF32D84EAAD8E5D4215DF94BB5A1FE23","bin_plus\UNO_Data\StreamingAssets\preinstall\prefab\theme\valhalla\cardanimation.b",49777,49777,31605,1177
"40D2E883AF32D84EAAD8E5D4215DF94BB5A1FE23","bin_plus\UNO_Data\StreamingAssets\preinstall\prefab\theme\valhalla\carddeck.b",4992,4992,4125,1178
"40D2E883AF32D84EAAD8E5D4215DF94BB5A1FE23","bin_plus\UNO_Data\StreamingAssets\preinstall\prefab\theme\valhalla\cards.b",49851,49851,36140,1179
"40D2E883AF32D84EAAD8E5D4215DF94BB5A1FE23","bin_plus\UNO_Data\StreamingAssets\preinstall\prefab\theme\valhalla\challenge_wilddraw4.b",3630,3630,2992,1180
"40D2E883AF32D84EAAD8E5D4215DF94BB5A1FE23","bin_plus\UNO_Data\StreamingAssets\preinstall\prefab\theme\valhalla\deck_sfx.b",30584,30584,14454,1181
"40D2E883AF32D84EAAD8E5D4215DF94BB5A1FE23","bin_plus\UNO_Data\StreamingAssets\preinstall\prefab\theme\valhalla\drawcards_animation.b",4832,4832,4074,1182
"40D2E883AF32D84EAAD8E5D4215DF94BB5A1FE23","bin_plus\UNO_Data\StreamingAssets\preinstall\prefab\theme\valhalla\fx_camera.b",5052,5052,4064,1183
"40D2E883AF32D84EAAD8E5D4215DF94BB5A1FE23","bin_plus\UNO_Data\StreamingAssets\preinstall\prefab\theme\valhalla\gfx.b",97115,97115,60835,1184
"40D2E883AF32D84EAAD8E5D4215DF94BB5A1FE23","bin_plus\UNO_Data\StreamingAssets\preinstall\prefab\theme\valhalla\gfx_avater.b",31092,31092,15322,1185
"40D2E883AF32D84EAAD8E5D4215DF94BB5A1FE23","bin_plus\UNO_Data\StreamingAssets\preinstall\prefab\theme\valhalla\jump_in.b",17176,17176,14224,1186
"40D2E883AF32D84EAAD8E5D4215DF94BB5A1FE23","bin_plus\UNO_Data\StreamingAssets\preinstall\prefab\theme\valhalla\map.b",67648,67648,39559,1187
"40D2E883AF32D84EAAD8E5D4215DF94BB5A1FE23","bin_plus\UNO_Data\StreamingAssets\preinstall\prefab\theme\valhalla\popup.b",31151,31151,26514,1188
"40D2E883AF32D84EAAD8E5D4215DF94BB5A1FE23","bin_plus\UNO_Data\StreamingAssets\preinstall\prefab\theme\valhalla\stacking.b",30178,30178,14439,1189
"40D2E883AF32D84EAAD8E5D4215DF94BB5A1FE23","bin_plus\UNO_Data\StreamingAssets\preinstall\prefab\theme\valhalla\themepicker.b",2913,2913,2368,1190
"40D2E883AF32D84EAAD8E5D4215DF94BB5A1FE23","bin_plus\UNO_Data\StreamingAssets\preinstall\prefab\theme\valhalla\tutorial_arrow.b",3396,3396,2767,1191
"40D2E883AF32D84EAAD8E5D4215DF94BB5A1FE23","bin_plus\UNO_Data\StreamingAssets\preinstall\prefab\theme\valhalla\voice_chat.b",4919,4919,4187,1192
"40D2E883AF32D84EAAD8E5D4215DF94BB5A1FE23","bin_plus\UNO_Data\StreamingAssets\preinstall\prefab\theme\valhalla\cardanimation\draw2.b",4832,4832,4061,1193
"40D2E883AF32D84EAAD8E5D4215DF94BB5A1FE23","bin_plus\UNO_Data\StreamingAssets\preinstall\prefab\theme\valhalla\cardanimation\joker.b",29258,29258,13857,1194
"40D2E883AF32D84EAAD8E5D4215DF94BB5A1FE23","bin_plus\UNO_Data\StreamingAssets\preinstall\prefab\theme\valhalla\cardanimation\reverse.b",35329,35329,18853,1195
"40D2E883AF32D84EAAD8E5D4215DF94BB5A1FE23","bin_plus\UNO_Data\StreamingAssets\preinstall\prefab\theme\valhalla\cardanimation\sevenzero.b",13862,13862,11788,1196
"40D2E883AF32D84EAAD8E5D4215DF94BB5A1FE23","bin_plus\UNO_Data\StreamingAssets\preinstall\prefab\theme\valhalla\cardanimation\skip.b",4842,4842,4089,1197
"40D2E883AF32D84EAAD8E5D4215DF94BB5A1FE23","bin_plus\UNO_Data\StreamingAssets\preinstall\prefab\theme\valhalla\cardanimation\themecard_sfx.b",11836,11836,10122,1198
"40D2E883AF32D84EAAD8E5D4215DF94BB5A1FE23","bin_plus\UNO_Data\StreamingAssets\preinstall\prefab\theme\valhalla\classic_board\board_circle.b",4247,4247,3542,1199
"40D2E883AF32D84EAAD8E5D4215DF94BB5A1FE23","bin_plus\UNO_Data\StreamingAssets\preinstall\prefab\theme\valhalla\classic_board\board_light.b",3090,3090,2441,1200
"40D2E883AF32D84EAAD8E5D4215DF94BB5A1FE23","bin_plus\UNO_Data\StreamingAssets\preinstall\prefab\theme\valhalla\gfx_fx\prefab.b",98380,98380,59331,1201
"40D2E883AF32D84EAAD8E5D4215DF94BB5A1FE23","bin_plus\UNO_Data\StreamingAssets\preinstall\prefab\theme\valhalla\popup\texture.b",3419,3419,2715,1202
"40D2E883AF32D84EAAD8E5D4215DF94BB5A1FE23","bin_plus\UNO_Data\StreamingAssets\preinstall\prefab\theme\winter\active_player.b",4993,4993,4244,1203
"40D2E883AF32D84EAAD8E5D4215DF94BB5A1FE23","bin_plus\UNO_Data\StreamingAssets\preinstall\prefab\theme\winter\arrow.b",3709,3709,3064,1204
"40D2E883AF32D84EAAD8E5D4215DF94BB5A1FE23","bin_plus\UNO_Data\StreamingAssets\preinstall\prefab\theme\winter\background.b",69244,69244,40734,1205
"40D2E883AF32D84EAAD8E5D4215DF94BB5A1FE23","bin_plus\UNO_Data\StreamingAssets\preinstall\prefab\theme\winter\calluno.b",31706,31706,15718,1206
"40D2E883AF32D84EAAD8E5D4215DF94BB5A1FE23","bin_plus\UNO_Data\StreamingAssets\preinstall\prefab\theme\winter\cardanimation.b",50959,50959,32689,1207
"40D2E883AF32D84EAAD8E5D4215DF94BB5A1FE23","bin_plus\UNO_Data\StreamingAssets\preinstall\prefab\theme\winter\carddeck.b",4988,4988,4134,1208
"40D2E883AF32D84EAAD8E5D4215DF94BB5A1FE23","bin_plus\UNO_Data\StreamingAssets\preinstall\prefab\theme\winter\challenge_wilddraw4.b",3641,3641,2996,1209
"40D2E883AF32D84EAAD8E5D4215DF94BB5A1FE23","bin_plus\UNO_Data\StreamingAssets\preinstall\prefab\theme\winter\deck_sfx.b",30676,30676,14491,1210
"40D2E883AF32D84EAAD8E5D4215DF94BB5A1FE23","bin_plus\UNO_Data\StreamingAssets\preinstall\prefab\theme\winter\drawcards_animation.b",4512,4512,3815,1211
"40D2E883AF32D84EAAD8E5D4215DF94BB5A1FE23","bin_plus\UNO_Data\StreamingAssets\preinstall\prefab\theme\winter\gfx.b",31611,31611,15674,1212
"40D2E883AF32D84EAAD8E5D4215DF94BB5A1FE23","bin_plus\UNO_Data\StreamingAssets\preinstall\prefab\theme\winter\jump_in.b",17667,17667,14726,1213
"40D2E883AF32D84EAAD8E5D4215DF94BB5A1FE23","bin_plus\UNO_Data\StreamingAssets\preinstall\prefab\theme\winter\popup.b",24139,24139,20542,1214
"40D2E883AF32D84EAAD8E5D4215DF94BB5A1FE23","bin_plus\UNO_Data\StreamingAssets\preinstall\prefab\theme\winter\stacking.b",30177,30177,14407,1215
"40D2E883AF32D84EAAD8E5D4215DF94BB5A1FE23","bin_plus\UNO_Data\StreamingAssets\preinstall\prefab\theme\winter\tutorial_arrow.b",3432,3432,2814,1216
"40D2E883AF32D84EAAD8E5D4215DF94BB5A1FE23","bin_plus\UNO_Data\StreamingAssets\preinstall\prefab\theme\winter\voice_chat.b",4898,4898,4167,1217
"40D2E883AF32D84EAAD8E5D4215DF94BB5A1FE23","bin_plus\UNO_Data\StreamingAssets\preinstall\prefab\theme\winter\animation\theme_picker.b",30979,30979,15107,1218
"40D2E883AF32D84EAAD8E5D4215DF94BB5A1FE23","bin_plus\UNO_Data\StreamingAssets\preinstall\prefab\theme\winter\cardanimation\draw2.b",4814,4814,4079,1219
"40D2E883AF32D84EAAD8E5D4215DF94BB5A1FE23","bin_plus\UNO_Data\StreamingAssets\preinstall\prefab\theme\winter\cardanimation\joker.b",31633,31633,16022,1220
"40D2E883AF32D84EAAD8E5D4215DF94BB5A1FE23","bin_plus\UNO_Data\StreamingAssets\preinstall\prefab\theme\winter\cardanimation\reverse.b",35469,35469,18633,1221
"40D2E883AF32D84EAAD8E5D4215DF94BB5A1FE23","bin_plus\UNO_Data\StreamingAssets\preinstall\prefab\theme\winter\cardanimation\sevenzero.b",13903,13903,11837,1222
"40D2E883AF32D84EAAD8E5D4215DF94BB5A1FE23","bin_plus\UNO_Data\StreamingAssets\preinstall\prefab\theme\winter\cardanimation\skip.b",4833,4833,4086,1223
"40D2E883AF32D84EAAD8E5D4215DF94BB5A1FE23","bin_plus\UNO_Data\StreamingAssets\preinstall\prefab\themecommonassetsb\theme\common\touch_screen.b",4751,4751,3952,1224
"40D2E883AF32D84EAAD8E5D4215DF94BB5A1FE23","bin_plus\UNO_Data\StreamingAssets\preinstall\prefab\treeuiresources\uielements.b",3811,3811,3046,1225
"40D2E883AF32D84EAAD8E5D4215DF94BB5A1FE23","bin_plus\UNO_Data\StreamingAssets\preinstall\prefab\treeuiresources\uipanels\common.b",22935,22935,16646,1226
"40D2E883AF32D84EAAD8E5D4215DF94BB5A1FE23","bin_plus\UNO_Data\StreamingAssets\preinstall\prefab\treeuiresources\uipanels\farcry.b",126918,126918,95906,1227
"40D2E883AF32D84EAAD8E5D4215DF94BB5A1FE23","bin_plus\UNO_Data\StreamingAssets\preinstall\prefab\treeuiresources\uipanels\valhalla.b",102949,102949,66369,1228
"40D2E883AF32D84EAAD8E5D4215DF94BB5A1FE23","bin_plus\UNO_Data\StreamingAssets\preinstall\prefab\_campaign\ac15anniversary.b",28509,28509,13206,1229
"40D2E883AF32D84EAAD8E5D4215DF94BB5A1FE23","bin_plus\UNO_Data\StreamingAssets\preinstall\prefab\_menu\events.b",70262,70262,47092,1230
"40D2E883AF32D84EAAD8E5D4215DF94BB5A1FE23","bin_plus\UNO_Data\StreamingAssets\preinstall\prefab\_menu\common\prefabs.b",73045,73045,43620,1231
"40D2E883AF32D84EAAD8E5D4215DF94BB5A1FE23","bin_plus\UNO_Data\StreamingAssets\preinstall\prefab\_menu\common\buttonlegend\sprites.b",5808,5808,4628,1232
"40D2E883AF32D84EAAD8E5D4215DF94BB5A1FE23","bin_plus\UNO_Data\StreamingAssets\preinstall\prefab\_menu\customization\prefabs.b",366580,366580,254227,1233
"40D2E883AF32D84EAAD8E5D4215DF94BB5A1FE23","bin_plus\UNO_Data\StreamingAssets\preinstall\prefab\_menu\customization\prefabs\rework.b",202715,202715,145517,1234
"40D2E883AF32D84EAAD8E5D4215DF94BB5A1FE23","bin_plus\UNO_Data\StreamingAssets\preinstall\prefab\_menu\dlcmenu\prefabs.b",103634,103634,73039,1235
"40D2E883AF32D84EAAD8E5D4215DF94BB5A1FE23","bin_plus\UNO_Data\StreamingAssets\preinstall\prefab\_menu\events\prefabs.b",113694,113694,78611,1236
"40D2E883AF32D84EAAD8E5D4215DF94BB5A1FE23","bin_plus\UNO_Data\StreamingAssets\preinstall\prefab\_menu\news\prefabs.b",1541373,1541373,1349303,1237
"40D2E883AF32D84EAAD8E5D4215DF94BB5A1FE23","bin_plus\UNO_Data\StreamingAssets\preinstall\prefab\_menu\optionsmenu\prefabs.b",999229,999229,646613,1238
"40D2E883AF32D84EAAD8E5D4215DF94BB5A1FE23","bin_plus\UNO_Data\StreamingAssets\preinstall\prefab\_menu\optionsmenu\animations\prefabs.b",17651,17651,15568,1239
"40D2E883AF32D84EAAD8E5D4215DF94BB5A1FE23","bin_plus\UNO_Data\StreamingAssets\preinstall\prefab\_menu\optionsmenu\prefabs\tutorials.b",38170,38170,21284,1240
"40D2E883AF32D84EAAD8E5D4215DF94BB5A1FE23","bin_plus\UNO_Data\StreamingAssets\preinstall\prefab\_menu\optionsmenu\prefabs\widgets.b",47181,47181,28882,1241
"40D2E883AF32D84EAAD8E5D4215DF94BB5A1FE23","bin_plus\UNO_Data\StreamingAssets\preinstall\prefab\_menu\profile\prefabs.b",249418,249418,181286,1242
"40D2E883AF32D84EAAD8E5D4215DF94BB5A1FE23","bin_plus\UNO_Data\StreamingAssets\preinstall\prefab\_menu\store\prefabs.b",7665444,7665444,6856551,1243
"40D2E883AF32D84EAAD8E5D4215DF94BB5A1FE23","bin_plus\UNO_Data\StreamingAssets\preinstall\prefab\_menu\twitch\prefabs.b",22172,22172,18584,1244
"40D2E883AF32D84EAAD8E5D4215DF94BB5A1FE23","bin_plus\UNO_Data\StreamingAssets\preinstall\prefabs\animation.b",27955,27955,22376,1245
"40D2E883AF32D84EAAD8E5D4215DF94BB5A1FE23","bin_plus\UNO_Data\StreamingAssets\preinstall\scenes\ki auras demo.b",80991,80991,48158,1246
"40D2E883AF32D84EAAD8E5D4215DF94BB5A1FE23","bin_plus\UNO_Data\StreamingAssets\preinstall\scenes\testfont.b",50136,50136,37026,1247
"40D2E883AF32D84EAAD8E5D4215DF94BB5A1FE23","bin_plus\UNO_Data\StreamingAssets\preinstall\scenes\vfxtesting.b",136410,136410,89164,1248
"40D2E883AF32D84EAAD8E5D4215DF94BB5A1FE23","bin_plus\UNO_Data\StreamingAssets\preinstall\texture\buttonicons.b",172538,172538,137405,1249
"40D2E883AF32D84EAAD8E5D4215DF94BB5A1FE23","bin_plus\UNO_Data\StreamingAssets\preinstall\texture\dropinout.b",10869,10869,9480,1250
"40D2E883AF32D84EAAD8E5D4215DF94BB5A1FE23","bin_plus\UNO_Data\StreamingAssets\preinstall\texture\emoteicons.b",831509,831509,535091,1251
"40D2E883AF32D84EAAD8E5D4215DF94BB5A1FE23","bin_plus\UNO_Data\StreamingAssets\preinstall\texture\footer.b",65245,65245,52062,1252
"40D2E883AF32D84EAAD8E5D4215DF94BB5A1FE23","bin_plus\UNO_Data\StreamingAssets\preinstall\texture\hovlstudio.b",13489444,13489444,11836024,1253
"40D2E883AF32D84EAAD8E5D4215DF94BB5A1FE23","bin_plus\UNO_Data\StreamingAssets\preinstall\texture\hud.b",3097149,3097149,2726773,1254
"40D2E883AF32D84EAAD8E5D4215DF94BB5A1FE23","bin_plus\UNO_Data\StreamingAssets\preinstall\texture\leaderboard.b",580384,580384,465376,1255
"40D2E883AF32D84EAAD8E5D4215DF94BB5A1FE23","bin_plus\UNO_Data\StreamingAssets\preinstall\texture\leaderboard_v2.b",1335914,1335914,1111560,1256
"40D2E883AF32D84EAAD8E5D4215DF94BB5A1FE23","bin_plus\UNO_Data\StreamingAssets\preinstall\texture\matchend.b",962841,962841,817898,1257
"40D2E883AF32D84EAAD8E5D4215DF94BB5A1FE23","bin_plus\UNO_Data\StreamingAssets\preinstall\texture\matchinfo.b",4055590,4055590,3145217,1258
"40D2E883AF32D84EAAD8E5D4215DF94BB5A1FE23","bin_plus\UNO_Data\StreamingAssets\preinstall\texture\medalsystem.b",360970,360970,284550,1259
"40D2E883AF32D84EAAD8E5D4215DF94BB5A1FE23","bin_plus\UNO_Data\StreamingAssets\preinstall\texture\missions.b",220029,220029,171266,1260
"40D2E883AF32D84EAAD8E5D4215DF94BB5A1FE23","bin_plus\UNO_Data\StreamingAssets\preinstall\texture\newpausemenu.b",5416407,5416407,4700213,1261
"40D2E883AF32D84EAAD8E5D4215DF94BB5A1FE23","bin_plus\UNO_Data\StreamingAssets\preinstall\texture\pausemenu.b",8035566,8035566,6209597,1262
"40D2E883AF32D84EAAD8E5D4215DF94BB5A1FE23","bin_plus\UNO_Data\StreamingAssets\preinstall\texture\popup.b",128372,128372,99472,1263
"40D2E883AF32D84EAAD8E5D4215DF94BB5A1FE23","bin_plus\UNO_Data\StreamingAssets\preinstall\texture\roundend.b",92612,92612,80567,1264
"40D2E883AF32D84EAAD8E5D4215DF94BB5A1FE23","bin_plus\UNO_Data\StreamingAssets\preinstall\texture\screensizeadjust.b",3088579,3088579,2511592,1265
"40D2E883AF32D84EAAD8E5D4215DF94BB5A1FE23","bin_plus\UNO_Data\StreamingAssets\preinstall\texture\softtimer.b",155311,155311,127017,1266
"40D2E883AF32D84EAAD8E5D4215DF94BB5A1FE23","bin_plus\UNO_Data\StreamingAssets\preinstall\texture\teaserpopuppage.b",3329183,3329183,2821347,1267
"40D2E883AF32D84EAAD8E5D4215DF94BB5A1FE23","bin_plus\UNO_Data\StreamingAssets\preinstall\texture\themecarddescriptions.b",38235595,38235595,28885038,1268
"40D2E883AF32D84EAAD8E5D4215DF94BB5A1FE23","bin_plus\UNO_Data\StreamingAssets\preinstall\texture\themecardexplainpopup.b",1135489,1135489,924264,1269
"40D2E883AF32D84EAAD8E5D4215DF94BB5A1FE23","bin_plus\UNO_Data\StreamingAssets\preinstall\texture\titlescreen.b",872918,872918,681208,1270
"40D2E883AF32D84EAAD8E5D4215DF94BB5A1FE23","bin_plus\UNO_Data\StreamingAssets\preinstall\texture\titlescreen_playlink.b",267602,267602,208321,1271
"40D2E883AF32D84EAAD8E5D4215DF94BB5A1FE23","bin_plus\UNO_Data\StreamingAssets\preinstall\texture\topbar.b",7806135,7806135,5988746,1272
"40D2E883AF32D84EAAD8E5D4215DF94BB5A1FE23","bin_plus\UNO_Data\StreamingAssets\preinstall\texture\tutorial.b",641688,641688,531877,1273
"40D2E883AF32D84EAAD8E5D4215DF94BB5A1FE23","bin_plus\UNO_Data\StreamingAssets\preinstall\texture\tvtsplash.b",6484494,6484494,4595975,1274
"40D2E883AF32D84EAAD8E5D4215DF94BB5A1FE23","bin_plus\UNO_Data\StreamingAssets\preinstall\texture\uplay.b",116242,116242,95069,1275
"40D2E883AF32D84EAAD8E5D4215DF94BB5A1FE23","bin_plus\UNO_Data\StreamingAssets\preinstall\texture\cursor\arrowturncycle.b",7951,7951,6720,1276
"40D2E883AF32D84EAAD8E5D4215DF94BB5A1FE23","bin_plus\UNO_Data\StreamingAssets\preinstall\texture\cursor\cursorarrow.b",3787,3787,3122,1277
"40D2E883AF32D84EAAD8E5D4215DF94BB5A1FE23","bin_plus\UNO_Data\StreamingAssets\preinstall\texture\cursor\cursorhand.b",6557,6557,5597,1278
"40D2E883AF32D84EAAD8E5D4215DF94BB5A1FE23","bin_plus\UNO_Data\StreamingAssets\preinstall\texture\ingamepopup\challenge.b",266448,266448,169013,1279
"40D2E883AF32D84EAAD8E5D4215DF94BB5A1FE23","bin_plus\UNO_Data\StreamingAssets\preinstall\texture\ingamepopup\challenge_50th.b",605458,605458,400703,1280
"40D2E883AF32D84EAAD8E5D4215DF94BB5A1FE23","bin_plus\UNO_Data\StreamingAssets\preinstall\texture\ingamepopup\challenge_farcry6.b",128950,128950,58040,1281
"40D2E883AF32D84EAAD8E5D4215DF94BB5A1FE23","bin_plus\UNO_Data\StreamingAssets\preinstall\texture\ingamepopup\draworplay.b",255079,255079,159354,1282
"40D2E883AF32D84EAAD8E5D4215DF94BB5A1FE23","bin_plus\UNO_Data\StreamingAssets\preinstall\texture\ingamepopup\draworplay_50th.b",191370,191370,91222,1283
"40D2E883AF32D84EAAD8E5D4215DF94BB5A1FE23","bin_plus\UNO_Data\StreamingAssets\preinstall\texture\ingamepopup\draworplay_farcry6.b",243089,243089,134335,1284
"40D2E883AF32D84EAAD8E5D4215DF94BB5A1FE23","bin_plus\UNO_Data\StreamingAssets\preinstall\texture\matchinfo\newui.b",7698,7698,6620,1285
"40D2E883AF32D84EAAD8E5D4215DF94BB5A1FE23","bin_plus\UNO_Data\StreamingAssets\preinstall\texture\matchinfo\rework.b",1600794,1600794,1263473,1286
"40D2E883AF32D84EAAD8E5D4215DF94BB5A1FE23","bin_plus\UNO_Data\StreamingAssets\preinstall\texture\matchinfo\newui\blackandwhite.b",665213,665213,490784,1287
"40D2E883AF32D84EAAD8E5D4215DF94BB5A1FE23","bin_plus\UNO_Data\StreamingAssets\preinstall\texture\matchinfo\newui\blackandwhite_glow.b",952538,952538,636905,1288
"40D2E883AF32D84EAAD8E5D4215DF94BB5A1FE23","bin_plus\UNO_Data\StreamingAssets\preinstall\texture\matchinfo\newui\checkmark.b",4799,4799,3977,1289
"40D2E883AF32D84EAAD8E5D4215DF94BB5A1FE23","bin_plus\UNO_Data\StreamingAssets\preinstall\texture\matchinfo\newui\descriptionbackground1200x160.b",10059,10059,3273,1290
"40D2E883AF32D84EAAD8E5D4215DF94BB5A1FE23","bin_plus\UNO_Data\StreamingAssets\preinstall\texture\matchinfo\newui\glow.b",1103024,1103024,820859,1291
"40D2E883AF32D84EAAD8E5D4215DF94BB5A1FE23","bin_plus\UNO_Data\StreamingAssets\preinstall\texture\matchinfo\newui\scorelimitbackground700x80.b",24157,24157,16387,1292
"40D2E883AF32D84EAAD8E5D4215DF94BB5A1FE23","bin_plus\UNO_Data\StreamingAssets\preinstall\texture\matchinfo\newui\uplaybackground540x160.b",28552,28552,23931,1293
"40D2E883AF32D84EAAD8E5D4215DF94BB5A1FE23","bin_plus\UNO_Data\StreamingAssets\preinstall\texture\matchinfo\rework\mydesign.b",240179,240179,170740,1294
"40D2E883AF32D84EAAD8E5D4215DF94BB5A1FE23","bin_plus\UNO_Data\StreamingAssets\preinstall\texture\matchinfo\rework\twitch.b",24456,24456,18317,1295
"40D2E883AF32D84EAAD8E5D4215DF94BB5A1FE23","bin_plus\UNO_Data\StreamingAssets\preinstall\texture\missions\type\common.b",6355,6355,5146,1296
"40D2E883AF32D84EAAD8E5D4215DF94BB5A1FE23","bin_plus\UNO_Data\StreamingAssets\preinstall\texture\missions\type\classic\calculator.b",407271,407271,338384,1297
"40D2E883AF32D84EAAD8E5D4215DF94BB5A1FE23","bin_plus\UNO_Data\StreamingAssets\preinstall\texture\missions\type\classic\pointguard.b",429168,429168,357392,1298
"40D2E883AF32D84EAAD8E5D4215DF94BB5A1FE23","bin_plus\UNO_Data\StreamingAssets\preinstall\texture\missions\type\classic\recruit.b",417752,417752,338436,1299
"40D2E883AF32D84EAAD8E5D4215DF94BB5A1FE23","bin_plus\UNO_Data\StreamingAssets\preinstall\texture\missions\type\classic\referee.b",435082,435082,359695,1300
"40D2E883AF32D84EAAD8E5D4215DF94BB5A1FE23","bin_plus\UNO_Data\StreamingAssets\preinstall\texture\missions\type\classic\speaker.b",458666,458666,377697,1301
"40D2E883AF32D84EAAD8E5D4215DF94BB5A1FE23","bin_plus\UNO_Data\StreamingAssets\preinstall\texture\missions\type\fun\cardshark.b",438109,438109,367641,1302
"40D2E883AF32D84EAAD8E5D4215DF94BB5A1FE23","bin_plus\UNO_Data\StreamingAssets\preinstall\texture\missions\type\fun\gladiator.b",443247,443247,368660,1303
"40D2E883AF32D84EAAD8E5D4215DF94BB5A1FE23","bin_plus\UNO_Data\StreamingAssets\preinstall\texture\missions\type\fun\ruler.b",447065,447065,373723,1304
"40D2E883AF32D84EAAD8E5D4215DF94BB5A1FE23","bin_plus\UNO_Data\StreamingAssets\preinstall\texture\missions\type\fun\thunder.b",439352,439352,364162,1305
"40D2E883AF32D84EAAD8E5D4215DF94BB5A1FE23","bin_plus\UNO_Data\StreamingAssets\preinstall\texture\missions\type\fun\troublemaker.b",444036,444036,371564,1306
"40D2E883AF32D84EAAD8E5D4215DF94BB5A1FE23","bin_plus\UNO_Data\StreamingAssets\preinstall\texture\missions\type\social\bwahh.b",139811,139811,121581,1307
"40D2E883AF32D84EAAD8E5D4215DF94BB5A1FE23","bin_plus\UNO_Data\StreamingAssets\preinstall\texture\missions\type\social\celebrity.b",451759,451759,378067,1308
"40D2E883AF32D84EAAD8E5D4215DF94BB5A1FE23","bin_plus\UNO_Data\StreamingAssets\preinstall\texture\missions\type\social\competitor.b",446823,446823,375149,1309
"40D2E883AF32D84EAAD8E5D4215DF94BB5A1FE23","bin_plus\UNO_Data\StreamingAssets\preinstall\texture\missions\type\social\heartbreaker.b",418855,418855,349952,1310
"40D2E883AF32D84EAAD8E5D4215DF94BB5A1FE23","bin_plus\UNO_Data\StreamingAssets\preinstall\texture\missions\type\social\kingofthejungle.b",441643,441643,368825,1311
"40D2E883AF32D84EAAD8E5D4215DF94BB5A1FE23","bin_plus\UNO_Data\StreamingAssets\preinstall\texture\missions\type\social\teamplayer.b",539068,539068,421605,1312
"40D2E883AF32D84EAAD8E5D4215DF94BB5A1FE23","bin_plus\UNO_Data\StreamingAssets\preinstall\texture\missions\type\social\wheelman.b",397292,397292,330073,1313
"40D2E883AF32D84EAAD8E5D4215DF94BB5A1FE23","bin_plus\UNO_Data\StreamingAssets\preinstall\texture\topbar\canvas.b",2034470,2034470,1425050,1314
"40D2E883AF32D84EAAD8E5D4215DF94BB5A1FE23","bin_plus\UNO_Data\StreamingAssets\preinstall\texture\tutorial\happyhour.b",241724,241724,193066,1315
"40D2E883AF32D84EAAD8E5D4215DF94BB5A1FE23","bin_plus\UNO_Data\StreamingAssets\preinstall\texture\tutorial\twitch.b",25078,25078,21399,1316
"40D2E883AF32D84EAAD8E5D4215DF94BB5A1FE23","bin_plus\UNO_Data\StreamingAssets\preinstall\texture\tutorial\twitchchaos.b",2895825,2895825,2281709,1317
"40D2E883AF32D84EAAD8E5D4215DF94BB5A1FE23","bin_plus\UNO_Data\StreamingAssets\preinstall\theme\common.b",936035,936035,791348,1318
"40D2E883AF32D84EAAD8E5D4215DF94BB5A1FE23","bin_plus\UNO_Data\StreamingAssets\preinstall\theme\brawlhalla\arrow.b",1448938,1448938,941639,1319
"40D2E883AF32D84EAAD8E5D4215DF94BB5A1FE23","bin_plus\UNO_Data\StreamingAssets\preinstall\theme\brawlhalla\background.b",5268502,5268502,4330823,1320
"40D2E883AF32D84EAAD8E5D4215DF94BB5A1FE23","bin_plus\UNO_Data\StreamingAssets\preinstall\theme\brawlhalla\cards.b",1272374,1272374,1151200,1321
"40D2E883AF32D84EAAD8E5D4215DF94BB5A1FE23","bin_plus\UNO_Data\StreamingAssets\preinstall\theme\brawlhalla\gfx.b",55528,55528,37319,1322
"40D2E883AF32D84EAAD8E5D4215DF94BB5A1FE23","bin_plus\UNO_Data\StreamingAssets\preinstall\theme\brawlhalla\themecards.b",707248,707248,601305,1323
"40D2E883AF32D84EAAD8E5D4215DF94BB5A1FE23","bin_plus\UNO_Data\StreamingAssets\preinstall\theme\brawlhalla\animation\active_player.b",7847,7847,5642,1324
"40D2E883AF32D84EAAD8E5D4215DF94BB5A1FE23","bin_plus\UNO_Data\StreamingAssets\preinstall\theme\brawlhalla\animation\arrows.b",21489,21489,17014,1325
"40D2E883AF32D84EAAD8E5D4215DF94BB5A1FE23","bin_plus\UNO_Data\StreamingAssets\preinstall\theme\brawlhalla\animation\avater.b",9659,9659,7194,1326
"40D2E883AF32D84EAAD8E5D4215DF94BB5A1FE23","bin_plus\UNO_Data\StreamingAssets\preinstall\theme\brawlhalla\animation\board_circle.b",6477,6477,4555,1327
"40D2E883AF32D84EAAD8E5D4215DF94BB5A1FE23","bin_plus\UNO_Data\StreamingAssets\preinstall\theme\brawlhalla\animation\button_glow.b",153313,153313,129869,1328
"40D2E883AF32D84EAAD8E5D4215DF94BB5A1FE23","bin_plus\UNO_Data\StreamingAssets\preinstall\theme\brawlhalla\animation\call_uno.b",22075,22075,19163,1329
"40D2E883AF32D84EAAD8E5D4215DF94BB5A1FE23","bin_plus\UNO_Data\StreamingAssets\preinstall\theme\brawlhalla\animation\challenge_wilddraw4.b",11064,11064,8469,1330
"40D2E883AF32D84EAAD8E5D4215DF94BB5A1FE23","bin_plus\UNO_Data\StreamingAssets\preinstall\theme\brawlhalla\animation\deck_sfx.b",6595,6595,4672,1331
"40D2E883AF32D84EAAD8E5D4215DF94BB5A1FE23","bin_plus\UNO_Data\StreamingAssets\preinstall\theme\brawlhalla\animation\didnt_calluno.b",6534,6534,4670,1332
"40D2E883AF32D84EAAD8E5D4215DF94BB5A1FE23","bin_plus\UNO_Data\StreamingAssets\preinstall\theme\brawlhalla\animation\drawcard.b",6586,6586,4743,1333
"40D2E883AF32D84EAAD8E5D4215DF94BB5A1FE23","bin_plus\UNO_Data\StreamingAssets\preinstall\theme\brawlhalla\animation\drawtwo.b",19293,19293,13759,1334
"40D2E883AF32D84EAAD8E5D4215DF94BB5A1FE23","bin_plus\UNO_Data\StreamingAssets\preinstall\theme\brawlhalla\animation\joker.b",235313,235313,195943,1335
"40D2E883AF32D84EAAD8E5D4215DF94BB5A1FE23","bin_plus\UNO_Data\StreamingAssets\preinstall\theme\brawlhalla\animation\jump_in.b",79549,79549,61012,1336
"40D2E883AF32D84EAAD8E5D4215DF94BB5A1FE23","bin_plus\UNO_Data\StreamingAssets\preinstall\theme\brawlhalla\animation\particle_cardglow.b",6117,6117,4298,1337
"40D2E883AF32D84EAAD8E5D4215DF94BB5A1FE23","bin_plus\UNO_Data\StreamingAssets\preinstall\theme\brawlhalla\animation\preparecalluno.b",6971,6971,5066,1338
"40D2E883AF32D84EAAD8E5D4215DF94BB5A1FE23","bin_plus\UNO_Data\StreamingAssets\preinstall\theme\brawlhalla\animation\ps4_cross_button.b",114868,114868,90474,1339
"40D2E883AF32D84EAAD8E5D4215DF94BB5A1FE23","bin_plus\UNO_Data\StreamingAssets\preinstall\theme\brawlhalla\animation\reverse.b",8265,8265,6269,1340
"40D2E883AF32D84EAAD8E5D4215DF94BB5A1FE23","bin_plus\UNO_Data\StreamingAssets\preinstall\theme\brawlhalla\animation\sevenzero.b",31997,31997,19931,1341
"40D2E883AF32D84EAAD8E5D4215DF94BB5A1FE23","bin_plus\UNO_Data\StreamingAssets\preinstall\theme\brawlhalla\animation\single_card.b",6195,6195,4367,1342
"40D2E883AF32D84EAAD8E5D4215DF94BB5A1FE23","bin_plus\UNO_Data\StreamingAssets\preinstall\theme\brawlhalla\animation\skip.b",10642,10642,8237,1343
"40D2E883AF32D84EAAD8E5D4215DF94BB5A1FE23","bin_plus\UNO_Data\StreamingAssets\preinstall\theme\brawlhalla\animation\stacking.b",11065,11065,8802,1344
"40D2E883AF32D84EAAD8E5D4215DF94BB5A1FE23","bin_plus\UNO_Data\StreamingAssets\preinstall\theme\brawlhalla\animation\touch_screen.b",6519,6519,4632,1345
"40D2E883AF32D84EAAD8E5D4215DF94BB5A1FE23","bin_plus\UNO_Data\StreamingAssets\preinstall\theme\brawlhalla\animation\tutorial_arrow.b",6142,6142,4338,1346
"40D2E883AF32D84EAAD8E5D4215DF94BB5A1FE23","bin_plus\UNO_Data\StreamingAssets\preinstall\theme\brawlhalla\animation\voice_chat.b",7350,7350,5413,1347
"40D2E883AF32D84EAAD8E5D4215DF94BB5A1FE23","bin_plus\UNO_Data\StreamingAssets\preinstall\theme\brawlhalla\animation\wild.b",241684,241684,201351,1348
"40D2E883AF32D84EAAD8E5D4215DF94BB5A1FE23","bin_plus\UNO_Data\StreamingAssets\preinstall\theme\brawlhalla\animation\wild_ps4_cross_button.b",2775,2775,1667,1349
"40D2E883AF32D84EAAD8E5D4215DF94BB5A1FE23","bin_plus\UNO_Data\StreamingAssets\preinstall\theme\brawlhalla\animation\xbox1_cross_button.b",11763,11763,8954,1350
"40D2E883AF32D84EAAD8E5D4215DF94BB5A1FE23","bin_plus\UNO_Data\StreamingAssets\preinstall\theme\brawlhalla\animation\active_player\anicontroller.b",6803,6803,5479,1351
"40D2E883AF32D84EAAD8E5D4215DF94BB5A1FE23","bin_plus\UNO_Data\StreamingAssets\preinstall\theme\brawlhalla\animation\arrows\anicontroller.b",5248,5248,4165,1352
"40D2E883AF32D84EAAD8E5D4215DF94BB5A1FE23","bin_plus\UNO_Data\StreamingAssets\preinstall\theme\brawlhalla\animation\arrows\materials.b",2726,2726,2156,1353
"40D2E883AF32D84EAAD8E5D4215DF94BB5A1FE23","bin_plus\UNO_Data\StreamingAssets\preinstall\theme\brawlhalla\animation\arrows\texture.b",347559,347559,301827,1354
"40D2E883AF32D84EAAD8E5D4215DF94BB5A1FE23","bin_plus\UNO_Data\StreamingAssets\preinstall\theme\brawlhalla\animation\avater\anicontroller.b",5583,5583,4459,1355
"40D2E883AF32D84EAAD8E5D4215DF94BB5A1FE23","bin_plus\UNO_Data\StreamingAssets\preinstall\theme\brawlhalla\animation\board_circle\anicontroller.b",4706,4706,3677,1356
"40D2E883AF32D84EAAD8E5D4215DF94BB5A1FE23","bin_plus\UNO_Data\StreamingAssets\preinstall\theme\brawlhalla\animation\button_glow\anicontroller.b",5050,5050,3981,1357
"40D2E883AF32D84EAAD8E5D4215DF94BB5A1FE23","bin_plus\UNO_Data\StreamingAssets\preinstall\theme\brawlhalla\animation\button_glow\materials.b",42352,42352,30436,1358
"40D2E883AF32D84EAAD8E5D4215DF94BB5A1FE23","bin_plus\UNO_Data\StreamingAssets\preinstall\theme\brawlhalla\animation\call_uno\anicontroller.b",4701,4701,3641,1359
"40D2E883AF32D84EAAD8E5D4215DF94BB5A1FE23","bin_plus\UNO_Data\StreamingAssets\preinstall\theme\brawlhalla\animation\challenge_wilddraw4\anicontroller.b",6565,6565,5256,1360
"40D2E883AF32D84EAAD8E5D4215DF94BB5A1FE23","bin_plus\UNO_Data\StreamingAssets\preinstall\theme\brawlhalla\animation\challenge_wilddraw4\materials.b",2813,2813,2232,1361
"40D2E883AF32D84EAAD8E5D4215DF94BB5A1FE23","bin_plus\UNO_Data\StreamingAssets\preinstall\theme\brawlhalla\animation\challenge_wilddraw4\mesh.b",46795,46795,33565,1362
"40D2E883AF32D84EAAD8E5D4215DF94BB5A1FE23","bin_plus\UNO_Data\StreamingAssets\preinstall\theme\brawlhalla\animation\challenge_wilddraw4\texture.b",588178,588178,506839,1363
"40D2E883AF32D84EAAD8E5D4215DF94BB5A1FE23","bin_plus\UNO_Data\StreamingAssets\preinstall\theme\brawlhalla\animation\deck_sfx\anicontroller.b",4697,4697,3669,1364
"40D2E883AF32D84EAAD8E5D4215DF94BB5A1FE23","bin_plus\UNO_Data\StreamingAssets\preinstall\theme\brawlhalla\animation\didnt_calluno\anicontroller.b",4701,4701,3663,1365
"40D2E883AF32D84EAAD8E5D4215DF94BB5A1FE23","bin_plus\UNO_Data\StreamingAssets\preinstall\theme\brawlhalla\animation\didnt_calluno\materials.b",2585,2585,2035,1366
"40D2E883AF32D84EAAD8E5D4215DF94BB5A1FE23","bin_plus\UNO_Data\StreamingAssets\preinstall\theme\brawlhalla\animation\didnt_calluno\mesh.b",53449,53449,38486,1367
"40D2E883AF32D84EAAD8E5D4215DF94BB5A1FE23","bin_plus\UNO_Data\StreamingAssets\preinstall\theme\brawlhalla\animation\didnt_calluno\texture.b",11380,11380,9238,1368
"40D2E883AF32D84EAAD8E5D4215DF94BB5A1FE23","bin_plus\UNO_Data\StreamingAssets\preinstall\theme\brawlhalla\animation\drawcard\anicontroller.b",4937,4937,3879,1369
"40D2E883AF32D84EAAD8E5D4215DF94BB5A1FE23","bin_plus\UNO_Data\StreamingAssets\preinstall\theme\brawlhalla\animation\drawcard\materials.b",2849,2849,2269,1370
"40D2E883AF32D84EAAD8E5D4215DF94BB5A1FE23","bin_plus\UNO_Data\StreamingAssets\preinstall\theme\brawlhalla\animation\drawcard\mesh.b",47494,47494,34166,1371
"40D2E883AF32D84EAAD8E5D4215DF94BB5A1FE23","bin_plus\UNO_Data\StreamingAssets\preinstall\theme\brawlhalla\animation\drawcard\texture.b",133895,133895,107272,1372
"40D2E883AF32D84EAAD8E5D4215DF94BB5A1FE23","bin_plus\UNO_Data\StreamingAssets\preinstall\theme\brawlhalla\animation\drawtwo\anicontroller.b",12046,12046,10103,1373
"40D2E883AF32D84EAAD8E5D4215DF94BB5A1FE23","bin_plus\UNO_Data\StreamingAssets\preinstall\theme\brawlhalla\animation\drawtwo\choosebottomplaceholder.b",10559,10559,7793,1374
"40D2E883AF32D84EAAD8E5D4215DF94BB5A1FE23","bin_plus\UNO_Data\StreamingAssets\preinstall\theme\brawlhalla\animation\joker\anicontroller.b",6206,6206,4940,1375
"40D2E883AF32D84EAAD8E5D4215DF94BB5A1FE23","bin_plus\UNO_Data\StreamingAssets\preinstall\theme\brawlhalla\animation\jump_in\anicontroller.b",5627,5627,4499,1376
"40D2E883AF32D84EAAD8E5D4215DF94BB5A1FE23","bin_plus\UNO_Data\StreamingAssets\preinstall\theme\brawlhalla\animation\jump_in\materials.b",2906,2906,2327,1377
"40D2E883AF32D84EAAD8E5D4215DF94BB5A1FE23","bin_plus\UNO_Data\StreamingAssets\preinstall\theme\brawlhalla\animation\jump_in\mesh.b",59443,59443,44176,1378
"40D2E883AF32D84EAAD8E5D4215DF94BB5A1FE23","bin_plus\UNO_Data\StreamingAssets\preinstall\theme\brawlhalla\animation\jump_in\texture.b",142780,142780,115168,1379
"40D2E883AF32D84EAAD8E5D4215DF94BB5A1FE23","bin_plus\UNO_Data\StreamingAssets\preinstall\theme\brawlhalla\animation\particle_cardglow\anicontroller.b",4710,4710,3680,1380
"40D2E883AF32D84EAAD8E5D4215DF94BB5A1FE23","bin_plus\UNO_Data\StreamingAssets\preinstall\theme\brawlhalla\animation\preparecalluno\anicontroller.b",5086,5086,4015,1381
"40D2E883AF32D84EAAD8E5D4215DF94BB5A1FE23","bin_plus\UNO_Data\StreamingAssets\preinstall\theme\brawlhalla\animation\ps4_cross_button\anicontroller.b",5197,5197,4091,1382
"40D2E883AF32D84EAAD8E5D4215DF94BB5A1FE23","bin_plus\UNO_Data\StreamingAssets\preinstall\theme\brawlhalla\animation\reverse\anicontroller.b",5139,5139,4036,1383
"40D2E883AF32D84EAAD8E5D4215DF94BB5A1FE23","bin_plus\UNO_Data\StreamingAssets\preinstall\theme\brawlhalla\animation\sevenzero\anicontroller.b",14464,14464,12210,1384
"40D2E883AF32D84EAAD8E5D4215DF94BB5A1FE23","bin_plus\UNO_Data\StreamingAssets\preinstall\theme\brawlhalla\animation\sevenzero\materials.b",2711,2711,2137,1385
"40D2E883AF32D84EAAD8E5D4215DF94BB5A1FE23","bin_plus\UNO_Data\StreamingAssets\preinstall\theme\brawlhalla\animation\single_card\anicontroller.b",4739,4739,3702,1386
"40D2E883AF32D84EAAD8E5D4215DF94BB5A1FE23","bin_plus\UNO_Data\StreamingAssets\preinstall\theme\brawlhalla\animation\skip\anicontroller.b",7496,7496,6107,1387
"40D2E883AF32D84EAAD8E5D4215DF94BB5A1FE23","bin_plus\UNO_Data\StreamingAssets\preinstall\theme\brawlhalla\animation\stacking\anicontroller.b",5936,5936,4716,1388
"40D2E883AF32D84EAAD8E5D4215DF94BB5A1FE23","bin_plus\UNO_Data\StreamingAssets\preinstall\theme\brawlhalla\animation\stacking\materials.b",2842,2842,2253,1389
"40D2E883AF32D84EAAD8E5D4215DF94BB5A1FE23","bin_plus\UNO_Data\StreamingAssets\preinstall\theme\brawlhalla\animation\stacking\texture.b",248102,248102,211898,1390
"40D2E883AF32D84EAAD8E5D4215DF94BB5A1FE23","bin_plus\UNO_Data\StreamingAssets\preinstall\theme\brawlhalla\animation\touch_screen\anicontroller.b",4925,4925,3838,1391
"40D2E883AF32D84EAAD8E5D4215DF94BB5A1FE23","bin_plus\UNO_Data\StreamingAssets\preinstall\theme\brawlhalla\animation\tutorial_arrow\anicontroller.b",4702,4702,3645,1392
"40D2E883AF32D84EAAD8E5D4215DF94BB5A1FE23","bin_plus\UNO_Data\StreamingAssets\preinstall\theme\brawlhalla\animation\tutorial_arrow\materials.b",19883,19883,11055,1393
"40D2E883AF32D84EAAD8E5D4215DF94BB5A1FE23","bin_plus\UNO_Data\StreamingAssets\preinstall\theme\brawlhalla\animation\tutorial_arrow\texture.b",43091,43091,38269,1394
"40D2E883AF32D84EAAD8E5D4215DF94BB5A1FE23","bin_plus\UNO_Data\StreamingAssets\preinstall\theme\brawlhalla\animation\voice_chat\anicontroller.b",4692,4692,3632,1395
"40D2E883AF32D84EAAD8E5D4215DF94BB5A1FE23","bin_plus\UNO_Data\StreamingAssets\preinstall\theme\brawlhalla\animation\voice_chat\materials.b",2728,2728,2155,1396
"40D2E883AF32D84EAAD8E5D4215DF94BB5A1FE23","bin_plus\UNO_Data\StreamingAssets\preinstall\theme\brawlhalla\animation\voice_chat\texture.b",26136,26136,23508,1397
"40D2E883AF32D84EAAD8E5D4215DF94BB5A1FE23","bin_plus\UNO_Data\StreamingAssets\preinstall\theme\brawlhalla\animation\wild\anicontroller.b",6195,6195,4970,1398
"40D2E883AF32D84EAAD8E5D4215DF94BB5A1FE23","bin_plus\UNO_Data\StreamingAssets\preinstall\theme\brawlhalla\animation\wild_ps4_cross_button\materials.b",44049,44049,31902,1399
"40D2E883AF32D84EAAD8E5D4215DF94BB5A1FE23","bin_plus\UNO_Data\StreamingAssets\preinstall\theme\brawlhalla\animation\xbox1_cross_button\anicontroller.b",5614,5614,4485,1400
"40D2E883AF32D84EAAD8E5D4215DF94BB5A1FE23","bin_plus\UNO_Data\StreamingAssets\preinstall\theme\brawlhalla\animation\xbox1_cross_button\materials.b",2660,2660,2089,1401
"40D2E883AF32D84EAAD8E5D4215DF94BB5A1FE23","bin_plus\UNO_Data\StreamingAssets\preinstall\theme\brawlhalla\animation\xbox1_cross_button\mesh.b",61850,61850,47133,1402
"40D2E883AF32D84EAAD8E5D4215DF94BB5A1FE23","bin_plus\UNO_Data\StreamingAssets\preinstall\theme\brawlhalla\animation\xbox1_cross_button\texture.b",2251,2251,1657,1403
"40D2E883AF32D84EAAD8E5D4215DF94BB5A1FE23","bin_plus\UNO_Data\StreamingAssets\preinstall\theme\brawlhalla\background\vfx.b",1124887,1124887,583654,1404
"40D2E883AF32D84EAAD8E5D4215DF94BB5A1FE23","bin_plus\UNO_Data\StreamingAssets\preinstall\theme\brawlhalla\cardanimation\sevenzero.b",6415,6415,4550,1405
"40D2E883AF32D84EAAD8E5D4215DF94BB5A1FE23","bin_plus\UNO_Data\StreamingAssets\preinstall\theme\brawlhalla\cardcoveringeffect\colorchangeeffect.b",645076,645076,539042,1406
"40D2E883AF32D84EAAD8E5D4215DF94BB5A1FE23","bin_plus\UNO_Data\StreamingAssets\preinstall\theme\brawlhalla\classic_board\board_circle.b",366614,366614,283908,1407
"40D2E883AF32D84EAAD8E5D4215DF94BB5A1FE23","bin_plus\UNO_Data\StreamingAssets\preinstall\theme\brawlhalla\classic_board\board_glow.b",253895,253895,222026,1408
"40D2E883AF32D84EAAD8E5D4215DF94BB5A1FE23","bin_plus\UNO_Data\StreamingAssets\preinstall\theme\brawlhalla\classic_board\board_red.b",135628,135628,112897,1409
"40D2E883AF32D84EAAD8E5D4215DF94BB5A1FE23","bin_plus\UNO_Data\StreamingAssets\preinstall\theme\brawlhalla\classic_board\board_yellow.b",451477,451477,383456,1410
"40D2E883AF32D84EAAD8E5D4215DF94BB5A1FE23","bin_plus\UNO_Data\StreamingAssets\preinstall\theme\brawlhalla\classic_board\card_deck.b",122500,122500,99489,1411
"40D2E883AF32D84EAAD8E5D4215DF94BB5A1FE23","bin_plus\UNO_Data\StreamingAssets\preinstall\theme\brawlhalla\gfx\card_shadow.b",52239,52239,37638,1412
"40D2E883AF32D84EAAD8E5D4215DF94BB5A1FE23","bin_plus\UNO_Data\StreamingAssets\preinstall\theme\brawlhalla\gfx\mats.b",946242,946242,735450,1413
"40D2E883AF32D84EAAD8E5D4215DF94BB5A1FE23","bin_plus\UNO_Data\StreamingAssets\preinstall\theme\brawlhalla\gfx\active_player\materials.b",2672,2672,2099,1414
"40D2E883AF32D84EAAD8E5D4215DF94BB5A1FE23","bin_plus\UNO_Data\StreamingAssets\preinstall\theme\brawlhalla\gfx\active_player\mesh.b",54318,54318,40353,1415
"40D2E883AF32D84EAAD8E5D4215DF94BB5A1FE23","bin_plus\UNO_Data\StreamingAssets\preinstall\theme\brawlhalla\gfx\active_player\texture.b",27157,27157,24697,1416
"40D2E883AF32D84EAAD8E5D4215DF94BB5A1FE23","bin_plus\UNO_Data\StreamingAssets\preinstall\theme\brawlhalla\gfx\avater\materials.b",4334,4334,3510,1417
"40D2E883AF32D84EAAD8E5D4215DF94BB5A1FE23","bin_plus\UNO_Data\StreamingAssets\preinstall\theme\brawlhalla\gfx\avater\mesh.b",46508,46508,33355,1418
"40D2E883AF32D84EAAD8E5D4215DF94BB5A1FE23","bin_plus\UNO_Data\StreamingAssets\preinstall\theme\brawlhalla\gfx\avater\texture.b",445636,445636,353703,1419
"40D2E883AF32D84EAAD8E5D4215DF94BB5A1FE23","bin_plus\UNO_Data\StreamingAssets\preinstall\theme\brawlhalla\gfx\background_sphere\materials.b",2921,2921,2327,1420
"40D2E883AF32D84EAAD8E5D4215DF94BB5A1FE23","bin_plus\UNO_Data\StreamingAssets\preinstall\theme\brawlhalla\gfx\background_sphere\mesh.b",66083,66083,50157,1421
"40D2E883AF32D84EAAD8E5D4215DF94BB5A1FE23","bin_plus\UNO_Data\StreamingAssets\preinstall\theme\brawlhalla\gfx\background_sphere\texture.b",104738,104738,75873,1422
"40D2E883AF32D84EAAD8E5D4215DF94BB5A1FE23","bin_plus\UNO_Data\StreamingAssets\preinstall\theme\brawlhalla\gfx\call_uno\materials.b",3360,3360,2742,1423
"40D2E883AF32D84EAAD8E5D4215DF94BB5A1FE23","bin_plus\UNO_Data\StreamingAssets\preinstall\theme\brawlhalla\gfx\call_uno\mesh.b",78810,78810,58351,1424
"40D2E883AF32D84EAAD8E5D4215DF94BB5A1FE23","bin_plus\UNO_Data\StreamingAssets\preinstall\theme\brawlhalla\gfx\call_uno\texture.b",910285,910285,571281,1425
"40D2E883AF32D84EAAD8E5D4215DF94BB5A1FE23","bin_plus\UNO_Data\StreamingAssets\preinstall\theme\brawlhalla\gfx\card_shadow\texture.b",17797,17797,12718,1426
"40D2E883AF32D84EAAD8E5D4215DF94BB5A1FE23","bin_plus\UNO_Data\StreamingAssets\preinstall\theme\brawlhalla\gfx\cursor\materials.b",3268,3268,2630,1427
"40D2E883AF32D84EAAD8E5D4215DF94BB5A1FE23","bin_plus\UNO_Data\StreamingAssets\preinstall\theme\brawlhalla\gfx\cursor\mesh.b",68590,68590,53419,1428
"40D2E883AF32D84EAAD8E5D4215DF94BB5A1FE23","bin_plus\UNO_Data\StreamingAssets\preinstall\theme\brawlhalla\gfx\cursor\texture.b",95184,95184,42799,1429
"40D2E883AF32D84EAAD8E5D4215DF94BB5A1FE23","bin_plus\UNO_Data\StreamingAssets\preinstall\theme\brawlhalla\gfx\drawfour\materials.b",2824,2824,2242,1430
"40D2E883AF32D84EAAD8E5D4215DF94BB5A1FE23","bin_plus\UNO_Data\StreamingAssets\preinstall\theme\brawlhalla\gfx\drawfour\texture.b",376722,376722,330558,1431
"40D2E883AF32D84EAAD8E5D4215DF94BB5A1FE23","bin_plus\UNO_Data\StreamingAssets\preinstall\theme\brawlhalla\gfx\drawtwo\materials.b",2977,2977,2382,1432
"40D2E883AF32D84EAAD8E5D4215DF94BB5A1FE23","bin_plus\UNO_Data\StreamingAssets\preinstall\theme\brawlhalla\gfx\drawtwo\mesh.b",59211,59211,45392,1433
"40D2E883AF32D84EAAD8E5D4215DF94BB5A1FE23","bin_plus\UNO_Data\StreamingAssets\preinstall\theme\brawlhalla\gfx\drawtwo\texture.b",454841,454841,256759,1434
"40D2E883AF32D84EAAD8E5D4215DF94BB5A1FE23","bin_plus\UNO_Data\StreamingAssets\preinstall\theme\brawlhalla\gfx\particle_cardglow\materials.b",3478,3478,2821,1435
"40D2E883AF32D84EAAD8E5D4215DF94BB5A1FE23","bin_plus\UNO_Data\StreamingAssets\preinstall\theme\brawlhalla\gfx\particle_cardglow\mesh.b",53570,53570,39736,1436
"40D2E883AF32D84EAAD8E5D4215DF94BB5A1FE23","bin_plus\UNO_Data\StreamingAssets\preinstall\theme\brawlhalla\gfx\particle_cardglow\texture.b",311330,311330,249962,1437
"40D2E883AF32D84EAAD8E5D4215DF94BB5A1FE23","bin_plus\UNO_Data\StreamingAssets\preinstall\theme\brawlhalla\gfx\reverse\materials.b",3374,3374,2748,1438
"40D2E883AF32D84EAAD8E5D4215DF94BB5A1FE23","bin_plus\UNO_Data\StreamingAssets\preinstall\theme\brawlhalla\gfx\reverse\mesh.b",79451,79451,62253,1439
"40D2E883AF32D84EAAD8E5D4215DF94BB5A1FE23","bin_plus\UNO_Data\StreamingAssets\preinstall\theme\brawlhalla\gfx\reverse\texture.b",532944,532944,358063,1440
"40D2E883AF32D84EAAD8E5D4215DF94BB5A1FE23","bin_plus\UNO_Data\StreamingAssets\preinstall\theme\brawlhalla\gfx\sevenzero\materials.b",3409,3409,2775,1441
"40D2E883AF32D84EAAD8E5D4215DF94BB5A1FE23","bin_plus\UNO_Data\StreamingAssets\preinstall\theme\brawlhalla\gfx\sevenzero\mesh.b",155546,155546,106659,1442
"40D2E883AF32D84EAAD8E5D4215DF94BB5A1FE23","bin_plus\UNO_Data\StreamingAssets\preinstall\theme\brawlhalla\gfx\sevenzero\texture.b",899350,899350,562950,1443
"40D2E883AF32D84EAAD8E5D4215DF94BB5A1FE23","bin_plus\UNO_Data\StreamingAssets\preinstall\theme\brawlhalla\gfx\single_card\materials.b",2784,2784,2210,1444
"40D2E883AF32D84EAAD8E5D4215DF94BB5A1FE23","bin_plus\UNO_Data\StreamingAssets\preinstall\theme\brawlhalla\gfx\single_card\texture.b",162360,162360,137329,1445
"40D2E883AF32D84EAAD8E5D4215DF94BB5A1FE23","bin_plus\UNO_Data\StreamingAssets\preinstall\theme\brawlhalla\gfx\skip\materials.b",3361,3361,2728,1446
"40D2E883AF32D84EAAD8E5D4215DF94BB5A1FE23","bin_plus\UNO_Data\StreamingAssets\preinstall\theme\brawlhalla\gfx\skip\mesh.b",83785,83785,63137,1447
"40D2E883AF32D84EAAD8E5D4215DF94BB5A1FE23","bin_plus\UNO_Data\StreamingAssets\preinstall\theme\brawlhalla\gfx\skip\texture.b",619684,619684,469051,1448
"40D2E883AF32D84EAAD8E5D4215DF94BB5A1FE23","bin_plus\UNO_Data\StreamingAssets\preinstall\theme\brawlhalla\gfx\touch_screen\materials.b",2664,2664,2087,1449
"40D2E883AF32D84EAAD8E5D4215DF94BB5A1FE23","bin_plus\UNO_Data\StreamingAssets\preinstall\theme\brawlhalla\gfx\touch_screen\texture.b",14067,14067,12362,1450
"40D2E883AF32D84EAAD8E5D4215DF94BB5A1FE23","bin_plus\UNO_Data\StreamingAssets\preinstall\theme\brawlhalla\skybox\materials.b",2713,2713,2149,1451
"40D2E883AF32D84EAAD8E5D4215DF94BB5A1FE23","bin_plus\UNO_Data\StreamingAssets\preinstall\theme\brawlhalla\skybox\texture.b",161552,161552,130206,1452
"40D2E883AF32D84EAAD8E5D4215DF94BB5A1FE23","bin_plus\UNO_Data\StreamingAssets\preinstall\theme\classic\cards.b",2861,2861,2272,1453
"40D2E883AF32D84EAAD8E5D4215DF94BB5A1FE23","bin_plus\UNO_Data\StreamingAssets\preinstall\theme\classic\gfx.b",55733,55733,37015,1454
"40D2E883AF32D84EAAD8E5D4215DF94BB5A1FE23","bin_plus\UNO_Data\StreamingAssets\preinstall\theme\classic\themecards.b",707340,707340,601345,1455
"40D2E883AF32D84EAAD8E5D4215DF94BB5A1FE23","bin_plus\UNO_Data\StreamingAssets\preinstall\theme\classic\wildweeks_arrows.b",2734,2734,2163,1456
"40D2E883AF32D84EAAD8E5D4215DF94BB5A1FE23","bin_plus\UNO_Data\StreamingAssets\preinstall\theme\classic\wildweeks_background.b",2528,2528,1972,1457
"40D2E883AF32D84EAAD8E5D4215DF94BB5A1FE23","bin_plus\UNO_Data\StreamingAssets\preinstall\theme\classic\animation\active_player.b",7840,7840,5636,1458
"40D2E883AF32D84EAAD8E5D4215DF94BB5A1FE23","bin_plus\UNO_Data\StreamingAssets\preinstall\theme\classic\animation\arrows.b",21510,21510,17137,1459
"40D2E883AF32D84EAAD8E5D4215DF94BB5A1FE23","bin_plus\UNO_Data\StreamingAssets\preinstall\theme\classic\animation\avater.b",9632,9632,7163,1460
"40D2E883AF32D84EAAD8E5D4215DF94BB5A1FE23","bin_plus\UNO_Data\StreamingAssets\preinstall\theme\classic\animation\board_circle.b",6470,6470,4541,1461
"40D2E883AF32D84EAAD8E5D4215DF94BB5A1FE23","bin_plus\UNO_Data\StreamingAssets\preinstall\theme\classic\animation\button_glow.b",154314,154314,130256,1462
"40D2E883AF32D84EAAD8E5D4215DF94BB5A1FE23","bin_plus\UNO_Data\StreamingAssets\preinstall\theme\classic\animation\call_uno.b",22067,22067,19158,1463
"40D2E883AF32D84EAAD8E5D4215DF94BB5A1FE23","bin_plus\UNO_Data\StreamingAssets\preinstall\theme\classic\animation\challenge_wilddraw4.b",10894,10894,8300,1464
"40D2E883AF32D84EAAD8E5D4215DF94BB5A1FE23","bin_plus\UNO_Data\StreamingAssets\preinstall\theme\classic\animation\deck_sfx.b",6588,6588,4665,1465
"40D2E883AF32D84EAAD8E5D4215DF94BB5A1FE23","bin_plus\UNO_Data\StreamingAssets\preinstall\theme\classic\animation\didnt_calluno.b",6515,6515,4661,1466
"40D2E883AF32D84EAAD8E5D4215DF94BB5A1FE23","bin_plus\UNO_Data\StreamingAssets\preinstall\theme\classic\animation\drawcard.b",6599,6599,4740,1467
"40D2E883AF32D84EAAD8E5D4215DF94BB5A1FE23","bin_plus\UNO_Data\StreamingAssets\preinstall\theme\classic\animation\drawtwo.b",19671,19671,13566,1468
"40D2E883AF32D84EAAD8E5D4215DF94BB5A1FE23","bin_plus\UNO_Data\StreamingAssets\preinstall\theme\classic\animation\joker.b",235689,235689,196294,1469
"40D2E883AF32D84EAAD8E5D4215DF94BB5A1FE23","bin_plus\UNO_Data\StreamingAssets\preinstall\theme\classic\animation\jump_in.b",79546,79546,60983,1470
"40D2E883AF32D84EAAD8E5D4215DF94BB5A1FE23","bin_plus\UNO_Data\StreamingAssets\preinstall\theme\classic\animation\particle_cardglow.b",6112,6112,4303,1471
"40D2E883AF32D84EAAD8E5D4215DF94BB5A1FE23","bin_plus\UNO_Data\StreamingAssets\preinstall\theme\classic\animation\preparecalluno.b",6959,6959,5065,1472
"40D2E883AF32D84EAAD8E5D4215DF94BB5A1FE23","bin_plus\UNO_Data\StreamingAssets\preinstall\theme\classic\animation\ps4_cross_button.b",115026,115026,91982,1473
"40D2E883AF32D84EAAD8E5D4215DF94BB5A1FE23","bin_plus\UNO_Data\StreamingAssets\preinstall\theme\classic\animation\reverse.b",8251,8251,6265,1474
"40D2E883AF32D84EAAD8E5D4215DF94BB5A1FE23","bin_plus\UNO_Data\StreamingAssets\preinstall\theme\classic\animation\sevenzero.b",30977,30977,19724,1475
"40D2E883AF32D84EAAD8E5D4215DF94BB5A1FE23","bin_plus\UNO_Data\StreamingAssets\preinstall\theme\classic\animation\single_card.b",6201,6201,4368,1476
"40D2E883AF32D84EAAD8E5D4215DF94BB5A1FE23","bin_plus\UNO_Data\StreamingAssets\preinstall\theme\classic\animation\skip.b",10737,10737,8240,1477
"40D2E883AF32D84EAAD8E5D4215DF94BB5A1FE23","bin_plus\UNO_Data\StreamingAssets\preinstall\theme\classic\animation\stacking.b",11085,11085,8812,1478
"40D2E883AF32D84EAAD8E5D4215DF94BB5A1FE23","bin_plus\UNO_Data\StreamingAssets\preinstall\theme\classic\animation\touch_screen.b",6507,6507,4616,1479
"40D2E883AF32D84EAAD8E5D4215DF94BB5A1FE23","bin_plus\UNO_Data\StreamingAssets\preinstall\theme\classic\animation\tutorial_arrow.b",6137,6137,4336,1480
"40D2E883AF32D84EAAD8E5D4215DF94BB5A1FE23","bin_plus\UNO_Data\StreamingAssets\preinstall\theme\classic\animation\voice_chat.b",7342,7342,5401,1481
"40D2E883AF32D84EAAD8E5D4215DF94BB5A1FE23","bin_plus\UNO_Data\StreamingAssets\preinstall\theme\classic\animation\wild.b",241667,241667,201199,1482
"40D2E883AF32D84EAAD8E5D4215DF94BB5A1FE23","bin_plus\UNO_Data\StreamingAssets\preinstall\theme\classic\animation\wild_ps4_cross_button.b",2767,2767,1702,1483
"40D2E883AF32D84EAAD8E5D4215DF94BB5A1FE23","bin_plus\UNO_Data\StreamingAssets\preinstall\theme\classic\animation\xbox1_cross_button.b",11807,11807,9008,1484
"40D2E883AF32D84EAAD8E5D4215DF94BB5A1FE23","bin_plus\UNO_Data\StreamingAssets\preinstall\theme\classic\animation\active_player\anicontroller.b",6794,6794,5476,1485
"40D2E883AF32D84EAAD8E5D4215DF94BB5A1FE23","bin_plus\UNO_Data\StreamingAssets\preinstall\theme\classic\animation\arrows\anicontroller.b",5226,5226,4141,1486
"40D2E883AF32D84EAAD8E5D4215DF94BB5A1FE23","bin_plus\UNO_Data\StreamingAssets\preinstall\theme\classic\animation\arrows\materials.b",2687,2687,2122,1487
"40D2E883AF32D84EAAD8E5D4215DF94BB5A1FE23","bin_plus\UNO_Data\StreamingAssets\preinstall\theme\classic\animation\arrows\texture.b",347563,347563,301841,1488
"40D2E883AF32D84EAAD8E5D4215DF94BB5A1FE23","bin_plus\UNO_Data\StreamingAssets\preinstall\theme\classic\animation\avater\anicontroller.b",5574,5574,4449,1489
"40D2E883AF32D84EAAD8E5D4215DF94BB5A1FE23","bin_plus\UNO_Data\StreamingAssets\preinstall\theme\classic\animation\board_circle\anicontroller.b",4693,4693,3669,1490
"40D2E883AF32D84EAAD8E5D4215DF94BB5A1FE23","bin_plus\UNO_Data\StreamingAssets\preinstall\theme\classic\animation\button_glow\anicontroller.b",5038,5038,3972,1491
"40D2E883AF32D84EAAD8E5D4215DF94BB5A1FE23","bin_plus\UNO_Data\StreamingAssets\preinstall\theme\classic\animation\button_glow\materials.b",42322,42322,30413,1492
"40D2E883AF32D84EAAD8E5D4215DF94BB5A1FE23","bin_plus\UNO_Data\StreamingAssets\preinstall\theme\classic\animation\call_uno\anicontroller.b",4687,4687,3628,1493
"40D2E883AF32D84EAAD8E5D4215DF94BB5A1FE23","bin_plus\UNO_Data\StreamingAssets\preinstall\theme\classic\animation\challenge_wilddraw4\anicontroller.b",6555,6555,5250,1494
"40D2E883AF32D84EAAD8E5D4215DF94BB5A1FE23","bin_plus\UNO_Data\StreamingAssets\preinstall\theme\classic\animation\challenge_wilddraw4\materials.b",2803,2803,2222,1495
"40D2E883AF32D84EAAD8E5D4215DF94BB5A1FE23","bin_plus\UNO_Data\StreamingAssets\preinstall\theme\classic\animation\challenge_wilddraw4\mesh.b",46569,46569,33357,1496
"40D2E883AF32D84EAAD8E5D4215DF94BB5A1FE23","bin_plus\UNO_Data\StreamingAssets\preinstall\theme\classic\animation\challenge_wilddraw4\texture.b",588175,588175,506822,1497
"40D2E883AF32D84EAAD8E5D4215DF94BB5A1FE23","bin_plus\UNO_Data\StreamingAssets\preinstall\theme\classic\animation\deck_sfx\anicontroller.b",4671,4671,3619,1498
"40D2E883AF32D84EAAD8E5D4215DF94BB5A1FE23","bin_plus\UNO_Data\StreamingAssets\preinstall\theme\classic\animation\didnt_calluno\anicontroller.b",4685,4685,3628,1499
"40D2E883AF32D84EAAD8E5D4215DF94BB5A1FE23","bin_plus\UNO_Data\StreamingAssets\preinstall\theme\classic\animation\didnt_calluno\materials.b",2576,2576,2024,1500
"40D2E883AF32D84EAAD8E5D4215DF94BB5A1FE23","bin_plus\UNO_Data\StreamingAssets\preinstall\theme\classic\animation\didnt_calluno\mesh.b",53556,53556,38544,1501
"40D2E883AF32D84EAAD8E5D4215DF94BB5A1FE23","bin_plus\UNO_Data\StreamingAssets\preinstall\theme\classic\animation\didnt_calluno\texture.b",11378,11378,9236,1502
"40D2E883AF32D84EAAD8E5D4215DF94BB5A1FE23","bin_plus\UNO_Data\StreamingAssets\preinstall\theme\classic\animation\drawcard\anicontroller.b",4925,4925,3869,1503
"40D2E883AF32D84EAAD8E5D4215DF94BB5A1FE23","bin_plus\UNO_Data\StreamingAssets\preinstall\theme\classic\animation\drawcard\materials.b",2840,2840,2257,1504
"40D2E883AF32D84EAAD8E5D4215DF94BB5A1FE23","bin_plus\UNO_Data\StreamingAssets\preinstall\theme\classic\animation\drawcard\mesh.b",47280,47280,34079,1505
"40D2E883AF32D84EAAD8E5D4215DF94BB5A1FE23","bin_plus\UNO_Data\StreamingAssets\preinstall\theme\classic\animation\drawcard\texture.b",134406,134406,107545,1506
"40D2E883AF32D84EAAD8E5D4215DF94BB5A1FE23","bin_plus\UNO_Data\StreamingAssets\preinstall\theme\classic\animation\drawtwo\anicontroller.b",12018,12018,10104,1507
"40D2E883AF32D84EAAD8E5D4215DF94BB5A1FE23","bin_plus\UNO_Data\StreamingAssets\preinstall\theme\classic\animation\drawtwo\choosebottomplaceholder.b",10610,10610,7776,1508
"40D2E883AF32D84EAAD8E5D4215DF94BB5A1FE23","bin_plus\UNO_Data\StreamingAssets\preinstall\theme\classic\animation\joker\anicontroller.b",6192,6192,4923,1509
"40D2E883AF32D84EAAD8E5D4215DF94BB5A1FE23","bin_plus\UNO_Data\StreamingAssets\preinstall\theme\classic\animation\jump_in\anicontroller.b",5621,5621,4482,1510
"40D2E883AF32D84EAAD8E5D4215DF94BB5A1FE23","bin_plus\UNO_Data\StreamingAssets\preinstall\theme\classic\animation\jump_in\materials.b",2892,2892,2309,1511
"40D2E883AF32D84EAAD8E5D4215DF94BB5A1FE23","bin_plus\UNO_Data\StreamingAssets\preinstall\theme\classic\animation\jump_in\mesh.b",59301,59301,44016,1512
"40D2E883AF32D84EAAD8E5D4215DF94BB5A1FE23","bin_plus\UNO_Data\StreamingAssets\preinstall\theme\classic\animation\jump_in\texture.b",143943,143943,112147,1513
"40D2E883AF32D84EAAD8E5D4215DF94BB5A1FE23","bin_plus\UNO_Data\StreamingAssets\preinstall\theme\classic\animation\particle_cardglow\anicontroller.b",4693,4693,3664,1514
"40D2E883AF32D84EAAD8E5D4215DF94BB5A1FE23","bin_plus\UNO_Data\StreamingAssets\preinstall\theme\classic\animation\preparecalluno\anicontroller.b",5074,5074,3998,1515
"40D2E883AF32D84EAAD8E5D4215DF94BB5A1FE23","bin_plus\UNO_Data\StreamingAssets\preinstall\theme\classic\animation\ps4_cross_button\anicontroller.b",5183,5183,4101,1516
"40D2E883AF32D84EAAD8E5D4215DF94BB5A1FE23","bin_plus\UNO_Data\StreamingAssets\preinstall\theme\classic\animation\reverse\anicontroller.b",5132,5132,4052,1517
"40D2E883AF32D84EAAD8E5D4215DF94BB5A1FE23","bin_plus\UNO_Data\StreamingAssets\preinstall\theme\classic\animation\sevenzero\anicontroller.b",14443,14443,12190,1518
"40D2E883AF32D84EAAD8E5D4215DF94BB5A1FE23","bin_plus\UNO_Data\StreamingAssets\preinstall\theme\classic\animation\sevenzero\materials.b",2672,2672,2102,1519
"40D2E883AF32D84EAAD8E5D4215DF94BB5A1FE23","bin_plus\UNO_Data\StreamingAssets\preinstall\theme\classic\animation\single_card\anicontroller.b",4720,4720,3654,1520
"40D2E883AF32D84EAAD8E5D4215DF94BB5A1FE23","bin_plus\UNO_Data\StreamingAssets\preinstall\theme\classic\animation\skip\anicontroller.b",7487,7487,6115,1521
"40D2E883AF32D84EAAD8E5D4215DF94BB5A1FE23","bin_plus\UNO_Data\StreamingAssets\preinstall\theme\classic\animation\stacking\anicontroller.b",5907,5907,4710,1522
"40D2E883AF32D84EAAD8E5D4215DF94BB5A1FE23","bin_plus\UNO_Data\StreamingAssets\preinstall\theme\classic\animation\stacking\materials.b",2827,2827,2250,1523
"40D2E883AF32D84EAAD8E5D4215DF94BB5A1FE23","bin_plus\UNO_Data\StreamingAssets\preinstall\theme\classic\animation\stacking\texture.b",247938,247938,211705,1524
"40D2E883AF32D84EAAD8E5D4215DF94BB5A1FE23","bin_plus\UNO_Data\StreamingAssets\preinstall\theme\classic\animation\touch_screen\anicontroller.b",4920,4920,3857,1525
"40D2E883AF32D84EAAD8E5D4215DF94BB5A1FE23","bin_plus\UNO_Data\StreamingAssets\preinstall\theme\classic\animation\tutorial_arrow\anicontroller.b",4692,4692,3664,1526
"40D2E883AF32D84EAAD8E5D4215DF94BB5A1FE23","bin_plus\UNO_Data\StreamingAssets\preinstall\theme\classic\animation\tutorial_arrow\materials.b",19859,19859,11041,1527
"40D2E883AF32D84EAAD8E5D4215DF94BB5A1FE23","bin_plus\UNO_Data\StreamingAssets\preinstall\theme\classic\animation\tutorial_arrow\texture.b",43088,43088,38252,1528
"40D2E883AF32D84EAAD8E5D4215DF94BB5A1FE23","bin_plus\UNO_Data\StreamingAssets\preinstall\theme\classic\animation\voice_chat\anicontroller.b",4680,4680,3619,1529
"40D2E883AF32D84EAAD8E5D4215DF94BB5A1FE23","bin_plus\UNO_Data\StreamingAssets\preinstall\theme\classic\animation\voice_chat\materials.b",2716,2716,2149,1530
"40D2E883AF32D84EAAD8E5D4215DF94BB5A1FE23","bin_plus\UNO_Data\StreamingAssets\preinstall\theme\classic\animation\voice_chat\texture.b",26129,26129,23505,1531
"40D2E883AF32D84EAAD8E5D4215DF94BB5A1FE23","bin_plus\UNO_Data\StreamingAssets\preinstall\theme\classic\animation\wild\anicontroller.b",6182,6182,4962,1532
"40D2E883AF32D84EAAD8E5D4215DF94BB5A1FE23","bin_plus\UNO_Data\StreamingAssets\preinstall\theme\classic\animation\wild_ps4_cross_button\materials.b",44009,44009,31861,1533
"40D2E883AF32D84EAAD8E5D4215DF94BB5A1FE23","bin_plus\UNO_Data\StreamingAssets\preinstall\theme\classic\animation\xbox1_cross_button\anicontroller.b",5597,5597,4469,1534
"40D2E883AF32D84EAAD8E5D4215DF94BB5A1FE23","bin_plus\UNO_Data\StreamingAssets\preinstall\theme\classic\animation\xbox1_cross_button\materials.b",2626,2626,2057,1535
"40D2E883AF32D84EAAD8E5D4215DF94BB5A1FE23","bin_plus\UNO_Data\StreamingAssets\preinstall\theme\classic\animation\xbox1_cross_button\mesh.b",61710,61710,47015,1536
"40D2E883AF32D84EAAD8E5D4215DF94BB5A1FE23","bin_plus\UNO_Data\StreamingAssets\preinstall\theme\classic\animation\xbox1_cross_button\texture.b",2242,2242,1692,1537
"40D2E883AF32D84EAAD8E5D4215DF94BB5A1FE23","bin_plus\UNO_Data\StreamingAssets\preinstall\theme\classic\cardanimation\sevenzero.b",6401,6401,4539,1538
"40D2E883AF32D84EAAD8E5D4215DF94BB5A1FE23","bin_plus\UNO_Data\StreamingAssets\preinstall\theme\classic\cardcoveringeffect\colorchangeeffect.b",183450,183450,140182,1539
"40D2E883AF32D84EAAD8E5D4215DF94BB5A1FE23","bin_plus\UNO_Data\StreamingAssets\preinstall\theme\classic\classic_board\board_circle.b",366472,366472,283533,1540
"40D2E883AF32D84EAAD8E5D4215DF94BB5A1FE23","bin_plus\UNO_Data\StreamingAssets\preinstall\theme\classic\classic_board\board_glow.b",204676,204676,184355,1541
"40D2E883AF32D84EAAD8E5D4215DF94BB5A1FE23","bin_plus\UNO_Data\StreamingAssets\preinstall\theme\classic\classic_board\board_red.b",86030,86030,74968,1542
"40D2E883AF32D84EAAD8E5D4215DF94BB5A1FE23","bin_plus\UNO_Data\StreamingAssets\preinstall\theme\classic\classic_board\board_yellow.b",402252,402252,345774,1543
"40D2E883AF32D84EAAD8E5D4215DF94BB5A1FE23","bin_plus\UNO_Data\StreamingAssets\preinstall\theme\classic\classic_board\card_deck.b",73723,73723,62371,1544
"40D2E883AF32D84EAAD8E5D4215DF94BB5A1FE23","bin_plus\UNO_Data\StreamingAssets\preinstall\theme\classic\gfx\card_shadow.b",11011,11011,8496,1545
"40D2E883AF32D84EAAD8E5D4215DF94BB5A1FE23","bin_plus\UNO_Data\StreamingAssets\preinstall\theme\classic\gfx\mats.b",947805,947805,737144,1546
"40D2E883AF32D84EAAD8E5D4215DF94BB5A1FE23","bin_plus\UNO_Data\StreamingAssets\preinstall\theme\classic\gfx\active_player\materials.b",2661,2661,2090,1547
"40D2E883AF32D84EAAD8E5D4215DF94BB5A1FE23","bin_plus\UNO_Data\StreamingAssets\preinstall\theme\classic\gfx\active_player\mesh.b",54409,54409,40407,1548
"40D2E883AF32D84EAAD8E5D4215DF94BB5A1FE23","bin_plus\UNO_Data\StreamingAssets\preinstall\theme\classic\gfx\active_player\texture.b",27151,27151,24706,1549
"40D2E883AF32D84EAAD8E5D4215DF94BB5A1FE23","bin_plus\UNO_Data\StreamingAssets\preinstall\theme\classic\gfx\avater\materials.b",4336,4336,3522,1550
"40D2E883AF32D84EAAD8E5D4215DF94BB5A1FE23","bin_plus\UNO_Data\StreamingAssets\preinstall\theme\classic\gfx\avater\mesh.b",46625,46625,33444,1551
"40D2E883AF32D84EAAD8E5D4215DF94BB5A1FE23","bin_plus\UNO_Data\StreamingAssets\preinstall\theme\classic\gfx\avater\texture.b",445720,445720,353122,1552
"40D2E883AF32D84EAAD8E5D4215DF94BB5A1FE23","bin_plus\UNO_Data\StreamingAssets\preinstall\theme\classic\gfx\background_sphere\materials.b",2913,2913,2323,1553
"40D2E883AF32D84EAAD8E5D4215DF94BB5A1FE23","bin_plus\UNO_Data\StreamingAssets\preinstall\theme\classic\gfx\background_sphere\mesh.b",65643,65643,50113,1554
"40D2E883AF32D84EAAD8E5D4215DF94BB5A1FE23","bin_plus\UNO_Data\StreamingAssets\preinstall\theme\classic\gfx\background_sphere\texture.b",104563,104563,75575,1555
"40D2E883AF32D84EAAD8E5D4215DF94BB5A1FE23","bin_plus\UNO_Data\StreamingAssets\preinstall\theme\classic\gfx\call_uno\materials.b",3374,3374,2752,1556
"40D2E883AF32D84EAAD8E5D4215DF94BB5A1FE23","bin_plus\UNO_Data\StreamingAssets\preinstall\theme\classic\gfx\call_uno\mesh.b",79173,79173,58923,1557
"40D2E883AF32D84EAAD8E5D4215DF94BB5A1FE23","bin_plus\UNO_Data\StreamingAssets\preinstall\theme\classic\gfx\call_uno\texture.b",910616,910616,573058,1558
"40D2E883AF32D84EAAD8E5D4215DF94BB5A1FE23","bin_plus\UNO_Data\StreamingAssets\preinstall\theme\classic\gfx\card_shadow\texture.b",17877,17877,12730,1559
"40D2E883AF32D84EAAD8E5D4215DF94BB5A1FE23","bin_plus\UNO_Data\StreamingAssets\preinstall\theme\classic\gfx\cursor\materials.b",3259,3259,2619,1560
"40D2E883AF32D84EAAD8E5D4215DF94BB5A1FE23","bin_plus\UNO_Data\StreamingAssets\preinstall\theme\classic\gfx\cursor\mesh.b",68710,68710,53396,1561
"40D2E883AF32D84EAAD8E5D4215DF94BB5A1FE23","bin_plus\UNO_Data\StreamingAssets\preinstall\theme\classic\gfx\cursor\texture.b",95547,95547,42540,1562
"40D2E883AF32D84EAAD8E5D4215DF94BB5A1FE23","bin_plus\UNO_Data\StreamingAssets\preinstall\theme\classic\gfx\drawfour\materials.b",2812,2812,2233,1563
"40D2E883AF32D84EAAD8E5D4215DF94BB5A1FE23","bin_plus\UNO_Data\StreamingAssets\preinstall\theme\classic\gfx\drawfour\texture.b",376493,376493,330769,1564
"40D2E883AF32D84EAAD8E5D4215DF94BB5A1FE23","bin_plus\UNO_Data\StreamingAssets\preinstall\theme\classic\gfx\drawtwo\materials.b",2961,2961,2359,1565
"40D2E883AF32D84EAAD8E5D4215DF94BB5A1FE23","bin_plus\UNO_Data\StreamingAssets\preinstall\theme\classic\gfx\drawtwo\mesh.b",59222,59222,45414,1566
"40D2E883AF32D84EAAD8E5D4215DF94BB5A1FE23","bin_plus\UNO_Data\StreamingAssets\preinstall\theme\classic\gfx\drawtwo\texture.b",454936,454936,257606,1567
"40D2E883AF32D84EAAD8E5D4215DF94BB5A1FE23","bin_plus\UNO_Data\StreamingAssets\preinstall\theme\classic\gfx\particle_cardglow\materials.b",3475,3475,2811,1568
"40D2E883AF32D84EAAD8E5D4215DF94BB5A1FE23","bin_plus\UNO_Data\StreamingAssets\preinstall\theme\classic\gfx\particle_cardglow\mesh.b",53213,53213,39374,1569
"40D2E883AF32D84EAAD8E5D4215DF94BB5A1FE23","bin_plus\UNO_Data\StreamingAssets\preinstall\theme\classic\gfx\particle_cardglow\texture.b",310647,310647,251040,1570
"40D2E883AF32D84EAAD8E5D4215DF94BB5A1FE23","bin_plus\UNO_Data\StreamingAssets\preinstall\theme\classic\gfx\reverse\materials.b",3360,3360,2733,1571
"40D2E883AF32D84EAAD8E5D4215DF94BB5A1FE23","bin_plus\UNO_Data\StreamingAssets\preinstall\theme\classic\gfx\reverse\mesh.b",79838,79838,62613,1572
"40D2E883AF32D84EAAD8E5D4215DF94BB5A1FE23","bin_plus\UNO_Data\StreamingAssets\preinstall\theme\classic\gfx\reverse\texture.b",532868,532868,362532,1573
"40D2E883AF32D84EAAD8E5D4215DF94BB5A1FE23","bin_plus\UNO_Data\StreamingAssets\preinstall\theme\classic\gfx\sevenzero\materials.b",3416,3416,2776,1574
"40D2E883AF32D84EAAD8E5D4215DF94BB5A1FE23","bin_plus\UNO_Data\StreamingAssets\preinstall\theme\classic\gfx\sevenzero\mesh.b",153453,153453,106289,1575
"40D2E883AF32D84EAAD8E5D4215DF94BB5A1FE23","bin_plus\UNO_Data\StreamingAssets\preinstall\theme\classic\gfx\sevenzero\texture.b",897792,897792,570056,1576
"40D2E883AF32D84EAAD8E5D4215DF94BB5A1FE23","bin_plus\UNO_Data\StreamingAssets\preinstall\theme\classic\gfx\single_card\materials.b",2802,2802,2218,1577
"40D2E883AF32D84EAAD8E5D4215DF94BB5A1FE23","bin_plus\UNO_Data\StreamingAssets\preinstall\theme\classic\gfx\single_card\texture.b",162289,162289,138074,1578
"40D2E883AF32D84EAAD8E5D4215DF94BB5A1FE23","bin_plus\UNO_Data\StreamingAssets\preinstall\theme\classic\gfx\skip\materials.b",3334,3334,2710,1579
"40D2E883AF32D84EAAD8E5D4215DF94BB5A1FE23","bin_plus\UNO_Data\StreamingAssets\preinstall\theme\classic\gfx\skip\mesh.b",82621,82621,62927,1580
"40D2E883AF32D84EAAD8E5D4215DF94BB5A1FE23","bin_plus\UNO_Data\StreamingAssets\preinstall\theme\classic\gfx\skip\texture.b",620086,620086,467216,1581
"40D2E883AF32D84EAAD8E5D4215DF94BB5A1FE23","bin_plus\UNO_Data\StreamingAssets\preinstall\theme\classic\gfx\touch_screen\materials.b",2658,2658,2078,1582
"40D2E883AF32D84EAAD8E5D4215DF94BB5A1FE23","bin_plus\UNO_Data\StreamingAssets\preinstall\theme\classic\gfx\touch_screen\texture.b",14069,14069,12381,1583
"40D2E883AF32D84EAAD8E5D4215DF94BB5A1FE23","bin_plus\UNO_Data\StreamingAssets\preinstall\theme\classic\skybox\materials.b",2702,2702,2141,1584
"40D2E883AF32D84EAAD8E5D4215DF94BB5A1FE23","bin_plus\UNO_Data\StreamingAssets\preinstall\theme\classic\skybox\texture.b",158592,158592,129186,1585
"40D2E883AF32D84EAAD8E5D4215DF94BB5A1FE23","bin_plus\UNO_Data\StreamingAssets\preinstall\theme\classic\wildweeks_background\board_circle.b",367893,367893,284895,1586
"40D2E883AF32D84EAAD8E5D4215DF94BB5A1FE23","bin_plus\UNO_Data\StreamingAssets\preinstall\theme\classic\wildweeks_background\board_glow.b",361517,361517,273893,1587
"40D2E883AF32D84EAAD8E5D4215DF94BB5A1FE23","bin_plus\UNO_Data\StreamingAssets\preinstall\theme\classic\wildweeks_background\board_red.b",178646,178646,102567,1588
"40D2E883AF32D84EAAD8E5D4215DF94BB5A1FE23","bin_plus\UNO_Data\StreamingAssets\preinstall\theme\classic\wildweeks_background\board_yellow.b",1000999,1000999,560142,1589
"40D2E883AF32D84EAAD8E5D4215DF94BB5A1FE23","bin_plus\UNO_Data\StreamingAssets\preinstall\theme\classic\wildweeks_background\card_deck.b",73534,73534,62340,1590
"40D2E883AF32D84EAAD8E5D4215DF94BB5A1FE23","bin_plus\UNO_Data\StreamingAssets\preinstall\theme\common\cardcoveringeffect.b",54298,54298,39377,1591
"40D2E883AF32D84EAAD8E5D4215DF94BB5A1FE23","bin_plus\UNO_Data\StreamingAssets\preinstall\theme\common\cards.b",828976,828976,617895,1592
"40D2E883AF32D84EAAD8E5D4215DF94BB5A1FE23","bin_plus\UNO_Data\StreamingAssets\preinstall\theme\common\colorblind.b",1206522,1206522,927646,1593
"40D2E883AF32D84EAAD8E5D4215DF94BB5A1FE23","bin_plus\UNO_Data\StreamingAssets\preinstall\theme\common\jump_in.b",2673,2673,2097,1594
"40D2E883AF32D84EAAD8E5D4215DF94BB5A1FE23","bin_plus\UNO_Data\StreamingAssets\preinstall\theme\common\number.b",178482,178482,146277,1595
"40D2E883AF32D84EAAD8E5D4215DF94BB5A1FE23","bin_plus\UNO_Data\StreamingAssets\preinstall\theme\common\themehint.b",2647529,2647529,2108796,1596
"40D2E883AF32D84EAAD8E5D4215DF94BB5A1FE23","bin_plus\UNO_Data\StreamingAssets\preinstall\theme\common\animation\2v2tips.b",9821,9821,7217,1597
"40D2E883AF32D84EAAD8E5D4215DF94BB5A1FE23","bin_plus\UNO_Data\StreamingAssets\preinstall\theme\common\animation\cardsaniamtion.b",279956,279956,194091,1598
"40D2E883AF32D84EAAD8E5D4215DF94BB5A1FE23","bin_plus\UNO_Data\StreamingAssets\preinstall\theme\common\animation\dlc_party.b",15953,15953,12378,1599
"40D2E883AF32D84EAAD8E5D4215DF94BB5A1FE23","bin_plus\UNO_Data\StreamingAssets\preinstall\theme\common\animation\fx_remake_portrait_glowlight.b",12481,12481,9850,1600
"40D2E883AF32D84EAAD8E5D4215DF94BB5A1FE23","bin_plus\UNO_Data\StreamingAssets\preinstall\theme\common\animation\loading.b",12936,12936,10373,1601
"40D2E883AF32D84EAAD8E5D4215DF94BB5A1FE23","bin_plus\UNO_Data\StreamingAssets\preinstall\theme\common\animation\menu_bg.b",938783,938783,802902,1602
"40D2E883AF32D84EAAD8E5D4215DF94BB5A1FE23","bin_plus\UNO_Data\StreamingAssets\preinstall\theme\common\animation\number.b",9404,9404,7297,1603
"40D2E883AF32D84EAAD8E5D4215DF94BB5A1FE23","bin_plus\UNO_Data\StreamingAssets\preinstall\theme\common\animation\timer.b",6579,6579,4688,1604
"40D2E883AF32D84EAAD8E5D4215DF94BB5A1FE23","bin_plus\UNO_Data\StreamingAssets\preinstall\theme\common\animation\wifi.b",9834,9834,7366,1605
"40D2E883AF32D84EAAD8E5D4215DF94BB5A1FE23","bin_plus\UNO_Data\StreamingAssets\preinstall\theme\common\animation\cardsaniamtion\playcards.b",226183,226183,154498,1606
"40D2E883AF32D84EAAD8E5D4215DF94BB5A1FE23","bin_plus\UNO_Data\StreamingAssets\preinstall\theme\common\animation\loading\anicontroller.b",4668,4668,3612,1607
"40D2E883AF32D84EAAD8E5D4215DF94BB5A1FE23","bin_plus\UNO_Data\StreamingAssets\preinstall\theme\common\animation\loading\materials.b",2672,2672,2111,1608
"40D2E883AF32D84EAAD8E5D4215DF94BB5A1FE23","bin_plus\UNO_Data\StreamingAssets\preinstall\theme\common\animation\loading\texture.b",32199,32199,24648,1609
"40D2E883AF32D84EAAD8E5D4215DF94BB5A1FE23","bin_plus\UNO_Data\StreamingAssets\preinstall\theme\common\animation\menu_bg\anicontroller.b",4816,4816,3777,1610
"40D2E883AF32D84EAAD8E5D4215DF94BB5A1FE23","bin_plus\UNO_Data\StreamingAssets\preinstall\theme\common\animation\menu_bg\texture.b",385387,385387,310844,1611
"40D2E883AF32D84EAAD8E5D4215DF94BB5A1FE23","bin_plus\UNO_Data\StreamingAssets\preinstall\theme\common\animation\number\anicontroller.b",5257,5257,4124,1612
"40D2E883AF32D84EAAD8E5D4215DF94BB5A1FE23","bin_plus\UNO_Data\StreamingAssets\preinstall\theme\common\animation\timer\anicontroller.b",4664,4664,3609,1613
"40D2E883AF32D84EAAD8E5D4215DF94BB5A1FE23","bin_plus\UNO_Data\StreamingAssets\preinstall\theme\common\animation\timer\marterials.b",2888,2888,2275,1614
"40D2E883AF32D84EAAD8E5D4215DF94BB5A1FE23","bin_plus\UNO_Data\StreamingAssets\preinstall\theme\common\animation\timer\texture.b",85395,85395,69114,1615
"40D2E883AF32D84EAAD8E5D4215DF94BB5A1FE23","bin_plus\UNO_Data\StreamingAssets\preinstall\theme\common\animation\title_screen_mesh\materials.b",41815,41815,29952,1616
"40D2E883AF32D84EAAD8E5D4215DF94BB5A1FE23","bin_plus\UNO_Data\StreamingAssets\preinstall\theme\common\buttons\anicontroller.b",9634,9634,7120,1617
"40D2E883AF32D84EAAD8E5D4215DF94BB5A1FE23","bin_plus\UNO_Data\StreamingAssets\preinstall\theme\common\buttons\materials.b",5899,5899,5058,1618
"40D2E883AF32D84EAAD8E5D4215DF94BB5A1FE23","bin_plus\UNO_Data\StreamingAssets\preinstall\theme\common\buttons\texture.b",446602,446602,311323,1619
"40D2E883AF32D84EAAD8E5D4215DF94BB5A1FE23","bin_plus\UNO_Data\StreamingAssets\preinstall\theme\common\cardcoveringeffect\colorchangeeffect.b",11575,11575,8721,1620
"40D2E883AF32D84EAAD8E5D4215DF94BB5A1FE23","bin_plus\UNO_Data\StreamingAssets\preinstall\theme\common\cardcoveringeffect\flashlighteffect.b",10768,10768,8094,1621
"40D2E883AF32D84EAAD8E5D4215DF94BB5A1FE23","bin_plus\UNO_Data\StreamingAssets\preinstall\theme\common\cardcoveringeffect\lineartransitioneffect.b",22238,22238,17269,1622
"40D2E883AF32D84EAAD8E5D4215DF94BB5A1FE23","bin_plus\UNO_Data\StreamingAssets\preinstall\theme\common\cardcoveringeffect\colorchangeeffect\materials.b",2683,2683,2111,1623
"40D2E883AF32D84EAAD8E5D4215DF94BB5A1FE23","bin_plus\UNO_Data\StreamingAssets\preinstall\theme\common\cardcoveringeffect\colorchangeeffect\texture.b",43351,43351,37343,1624
"40D2E883AF32D84EAAD8E5D4215DF94BB5A1FE23","bin_plus\UNO_Data\StreamingAssets\preinstall\theme\common\choicetip\valhalla.b",1507242,1507242,1053411,1625
"40D2E883AF32D84EAAD8E5D4215DF94BB5A1FE23","bin_plus\UNO_Data\StreamingAssets\preinstall\theme\common\colorblind\materials.b",42289,42289,30196,1626
"40D2E883AF32D84EAAD8E5D4215DF94BB5A1FE23","bin_plus\UNO_Data\StreamingAssets\preinstall\theme\common\gfx\unlocking_theme.b",11957,11957,9455,1627
"40D2E883AF32D84EAAD8E5D4215DF94BB5A1FE23","bin_plus\UNO_Data\StreamingAssets\preinstall\theme\common\gfx\visualenhance.b",58684,58684,48680,1628
"40D2E883AF32D84EAAD8E5D4215DF94BB5A1FE23","bin_plus\UNO_Data\StreamingAssets\preinstall\theme\common\gfx\shadow\carddeck.b",43702,43702,30898,1629
"40D2E883AF32D84EAAD8E5D4215DF94BB5A1FE23","bin_plus\UNO_Data\StreamingAssets\preinstall\theme\common\gfx\unlocking_theme\anicontroller.b",5145,5145,4045,1630
"40D2E883AF32D84EAAD8E5D4215DF94BB5A1FE23","bin_plus\UNO_Data\StreamingAssets\preinstall\theme\common\gfx\unlocking_theme\materials.b",4229,4229,3522,1631
"40D2E883AF32D84EAAD8E5D4215DF94BB5A1FE23","bin_plus\UNO_Data\StreamingAssets\preinstall\theme\common\gfx\unlocking_theme\mesh.b",127597,127597,101135,1632
"40D2E883AF32D84EAAD8E5D4215DF94BB5A1FE23","bin_plus\UNO_Data\StreamingAssets\preinstall\theme\common\gfx\unlocking_theme\texture.b",2366642,2366642,1964479,1633
"40D2E883AF32D84EAAD8E5D4215DF94BB5A1FE23","bin_plus\UNO_Data\StreamingAssets\preinstall\theme\common\gfx\unlocking_titles\materials.b",2730,2730,2167,1634
"40D2E883AF32D84EAAD8E5D4215DF94BB5A1FE23","bin_plus\UNO_Data\StreamingAssets\preinstall\theme\common\gfx\unlocking_titles\texture.b",65048,65048,56349,1635
"40D2E883AF32D84EAAD8E5D4215DF94BB5A1FE23","bin_plus\UNO_Data\StreamingAssets\preinstall\theme\common\gfx\wifi\material.b",3147,3147,2545,1636
"40D2E883AF32D84EAAD8E5D4215DF94BB5A1FE23","bin_plus\UNO_Data\StreamingAssets\preinstall\theme\common\gfx\wifi\texture.b",228801,228801,182683,1637
"40D2E883AF32D84EAAD8E5D4215DF94BB5A1FE23","bin_plus\UNO_Data\StreamingAssets\preinstall\theme\common\menu_bg_sfx\materials.b",44194,44194,32022,1638
"40D2E883AF32D84EAAD8E5D4215DF94BB5A1FE23","bin_plus\UNO_Data\StreamingAssets\preinstall\theme\common\menu_bg_sfx\texture.b",690287,690287,525516,1639
"40D2E883AF32D84EAAD8E5D4215DF94BB5A1FE23","bin_plus\UNO_Data\StreamingAssets\preinstall\theme\common\mesh\card.b",58061,58061,41735,1640
"40D2E883AF32D84EAAD8E5D4215DF94BB5A1FE23","bin_plus\UNO_Data\StreamingAssets\preinstall\theme\common\mesh\card_deck.b",65439,65439,49272,1641
"40D2E883AF32D84EAAD8E5D4215DF94BB5A1FE23","bin_plus\UNO_Data\StreamingAssets\preinstall\theme\common\mesh\mirror.b",10197,10197,7792,1642
"40D2E883AF32D84EAAD8E5D4215DF94BB5A1FE23","bin_plus\UNO_Data\StreamingAssets\preinstall\theme\common\numbers\materials.b",41787,41787,29929,1643
"40D2E883AF32D84EAAD8E5D4215DF94BB5A1FE23","bin_plus\UNO_Data\StreamingAssets\preinstall\theme\farcry\cards.b",86184,86184,50461,1644
"40D2E883AF32D84EAAD8E5D4215DF94BB5A1FE23","bin_plus\UNO_Data\StreamingAssets\preinstall\theme\farcry\common.b",118017,118017,100037,1645
"40D2E883AF32D84EAAD8E5D4215DF94BB5A1FE23","bin_plus\UNO_Data\StreamingAssets\preinstall\theme\farcry\eventcard.b",3282729,3282729,2726499,1646
"40D2E883AF32D84EAAD8E5D4215DF94BB5A1FE23","bin_plus\UNO_Data\StreamingAssets\preinstall\theme\farcry\farcryhud.b",636762,636762,411954,1647
"40D2E883AF32D84EAAD8E5D4215DF94BB5A1FE23","bin_plus\UNO_Data\StreamingAssets\preinstall\theme\farcry\fx.b",271540,271540,198471,1648
"40D2E883AF32D84EAAD8E5D4215DF94BB5A1FE23","bin_plus\UNO_Data\StreamingAssets\preinstall\theme\farcry\services.b",1857869,1857869,1585867,1649
"40D2E883AF32D84EAAD8E5D4215DF94BB5A1FE23","bin_plus\UNO_Data\StreamingAssets\preinstall\theme\farcry\serviceshop.b",4872688,4872688,3977279,1650
"40D2E883AF32D84EAAD8E5D4215DF94BB5A1FE23","bin_plus\UNO_Data\StreamingAssets\preinstall\theme\farcry\themecards.b",2035704,2035704,1949078,1651
"40D2E883AF32D84EAAD8E5D4215DF94BB5A1FE23","bin_plus\UNO_Data\StreamingAssets\preinstall\theme\farcry\animation\arrows\materials.b",2665,2665,2092,1652
"40D2E883AF32D84EAAD8E5D4215DF94BB5A1FE23","bin_plus\UNO_Data\StreamingAssets\preinstall\theme\farcry\animation\arrows\texture.b",312796,312796,264388,1653
"40D2E883AF32D84EAAD8E5D4215DF94BB5A1FE23","bin_plus\UNO_Data\StreamingAssets\preinstall\theme\farcry\cardanimation\sevenzero.b",6407,6407,4544,1654
"40D2E883AF32D84EAAD8E5D4215DF94BB5A1FE23","bin_plus\UNO_Data\StreamingAssets\preinstall\theme\farcry\cardcoveringeffect\colorchangeeffect.b",1206292,1206292,759356,1655
"40D2E883AF32D84EAAD8E5D4215DF94BB5A1FE23","bin_plus\UNO_Data\StreamingAssets\preinstall\theme\farcry\challenge_wilddraw4\material.b",2555,2555,2002,1656
"40D2E883AF32D84EAAD8E5D4215DF94BB5A1FE23","bin_plus\UNO_Data\StreamingAssets\preinstall\theme\farcry\challenge_wilddraw4\texture.b",179986,179986,136602,1657
"40D2E883AF32D84EAAD8E5D4215DF94BB5A1FE23","bin_plus\UNO_Data\StreamingAssets\preinstall\theme\farcry\drawcard\materials.b",2572,2572,2012,1658
"40D2E883AF32D84EAAD8E5D4215DF94BB5A1FE23","bin_plus\UNO_Data\StreamingAssets\preinstall\theme\farcry\drawcard\texture.b",520535,520535,390928,1659
"40D2E883AF32D84EAAD8E5D4215DF94BB5A1FE23","bin_plus\UNO_Data\StreamingAssets\preinstall\theme\farcry\farcry_board\bananas.b",1380014,1380014,1253843,1660
"40D2E883AF32D84EAAD8E5D4215DF94BB5A1FE23","bin_plus\UNO_Data\StreamingAssets\preinstall\theme\farcry\farcry_board\board_glow.b",2961,2961,2356,1661
"40D2E883AF32D84EAAD8E5D4215DF94BB5A1FE23","bin_plus\UNO_Data\StreamingAssets\preinstall\theme\farcry\farcry_board\car.b",1268058,1268058,1095883,1662
"40D2E883AF32D84EAAD8E5D4215DF94BB5A1FE23","bin_plus\UNO_Data\StreamingAssets\preinstall\theme\farcry\farcry_board\coins.b",328729,328729,297844,1663
"40D2E883AF32D84EAAD8E5D4215DF94BB5A1FE23","bin_plus\UNO_Data\StreamingAssets\preinstall\theme\farcry\farcry_board\leaf.b",5016883,5016883,4516195,1664
"40D2E883AF32D84EAAD8E5D4215DF94BB5A1FE23","bin_plus\UNO_Data\StreamingAssets\preinstall\theme\farcry\farcry_board\mango.b",87214,87214,70435,1665
"40D2E883AF32D84EAAD8E5D4215DF94BB5A1FE23","bin_plus\UNO_Data\StreamingAssets\preinstall\theme\farcry\farcry_board\phone.b",781558,781558,691221,1666
"40D2E883AF32D84EAAD8E5D4215DF94BB5A1FE23","bin_plus\UNO_Data\StreamingAssets\preinstall\theme\farcry\farcry_board\photos.b",1477925,1477925,1282953,1667
"40D2E883AF32D84EAAD8E5D4215DF94BB5A1FE23","bin_plus\UNO_Data\StreamingAssets\preinstall\theme\farcry\farcry_board\remake.b",3450189,3450189,3031006,1668
"40D2E883AF32D84EAAD8E5D4215DF94BB5A1FE23","bin_plus\UNO_Data\StreamingAssets\preinstall\theme\farcry\farcry_board\table.b",4940822,4940822,4461584,1669
"40D2E883AF32D84EAAD8E5D4215DF94BB5A1FE23","bin_plus\UNO_Data\StreamingAssets\preinstall\theme\farcry\farcry_board\volta.b",1721526,1721526,1372469,1670
"40D2E883AF32D84EAAD8E5D4215DF94BB5A1FE23","bin_plus\UNO_Data\StreamingAssets\preinstall\theme\farcry\fx\material.b",4634,4634,3888,1671
"40D2E883AF32D84EAAD8E5D4215DF94BB5A1FE23","bin_plus\UNO_Data\StreamingAssets\preinstall\theme\farcry\fx\mesh.b",50040,50040,36409,1672
"40D2E883AF32D84EAAD8E5D4215DF94BB5A1FE23","bin_plus\UNO_Data\StreamingAssets\preinstall\theme\farcry\fx\texture.b",1520932,1520932,1328080,1673
"40D2E883AF32D84EAAD8E5D4215DF94BB5A1FE23","bin_plus\UNO_Data\StreamingAssets\preinstall\theme\farcry\popup\animation.b",14173,14173,10922,1674
"40D2E883AF32D84EAAD8E5D4215DF94BB5A1FE23","bin_plus\UNO_Data\StreamingAssets\preinstall\theme\farcry\popup\texture.b",6946991,6946991,5609747,1675
"40D2E883AF32D84EAAD8E5D4215DF94BB5A1FE23","bin_plus\UNO_Data\StreamingAssets\preinstall\theme\farcry\sceneresources\carddeck.b",28452,28452,25673,1676
"40D2E883AF32D84EAAD8E5D4215DF94BB5A1FE23","bin_plus\UNO_Data\StreamingAssets\preinstall\theme\farcry\sceneresources\fronteffect.b",200602,200602,165735,1677
"40D2E883AF32D84EAAD8E5D4215DF94BB5A1FE23","bin_plus\UNO_Data\StreamingAssets\preinstall\theme\farcry\sceneresources\shader.b",632519,632519,559439,1678
"40D2E883AF32D84EAAD8E5D4215DF94BB5A1FE23","bin_plus\UNO_Data\StreamingAssets\preinstall\theme\farcry\sceneresources\fronteffect\materials.b",2631,2631,2068,1679
"40D2E883AF32D84EAAD8E5D4215DF94BB5A1FE23","bin_plus\UNO_Data\StreamingAssets\preinstall\theme\farcry\services\dicenumber.b",228758,228758,189715,1680
"40D2E883AF32D84EAAD8E5D4215DF94BB5A1FE23","bin_plus\UNO_Data\StreamingAssets\preinstall\theme\farcry\services\resolverskill.b",81393,81393,57730,1681
"40D2E883AF32D84EAAD8E5D4215DF94BB5A1FE23","bin_plus\UNO_Data\StreamingAssets\preinstall\theme\farcry\skybox\materials.b",2697,2697,2123,1682
"40D2E883AF32D84EAAD8E5D4215DF94BB5A1FE23","bin_plus\UNO_Data\StreamingAssets\preinstall\theme\fiftyanniversary\animator.b",5612,5612,4408,1683
"40D2E883AF32D84EAAD8E5D4215DF94BB5A1FE23","bin_plus\UNO_Data\StreamingAssets\preinstall\theme\fiftyanniversary\cards.b",94311,94311,51284,1684
"40D2E883AF32D84EAAD8E5D4215DF94BB5A1FE23","bin_plus\UNO_Data\StreamingAssets\preinstall\theme\fiftyanniversary\ingametextures.b",130688,130688,97840,1685
"40D2E883AF32D84EAAD8E5D4215DF94BB5A1FE23","bin_plus\UNO_Data\StreamingAssets\preinstall\theme\fiftyanniversary\themecards.b",1895669,1895669,1680445,1686
"40D2E883AF32D84EAAD8E5D4215DF94BB5A1FE23","bin_plus\UNO_Data\StreamingAssets\preinstall\theme\fiftyanniversary\animation\coinanimation.b",554585,554585,253488,1687
"40D2E883AF32D84EAAD8E5D4215DF94BB5A1FE23","bin_plus\UNO_Data\StreamingAssets\preinstall\theme\fiftyanniversary\animation\gamblingresult.b",7877,7877,5851,1688
"40D2E883AF32D84EAAD8E5D4215DF94BB5A1FE23","bin_plus\UNO_Data\StreamingAssets\preinstall\theme\fiftyanniversary\animation\snowman.b",4709,4709,3653,1689
"40D2E883AF32D84EAAD8E5D4215DF94BB5A1FE23","bin_plus\UNO_Data\StreamingAssets\preinstall\theme\fiftyanniversary\animation\theme_picker.b",8953,8953,6638,1690
"40D2E883AF32D84EAAD8E5D4215DF94BB5A1FE23","bin_plus\UNO_Data\StreamingAssets\preinstall\theme\fiftyanniversary\animation\challenge_wilddraw4\materials.b",2577,2577,2021,1691
"40D2E883AF32D84EAAD8E5D4215DF94BB5A1FE23","bin_plus\UNO_Data\StreamingAssets\preinstall\theme\fiftyanniversary\animation\challenge_wilddraw4\texture.b",154813,154813,116422,1692
"40D2E883AF32D84EAAD8E5D4215DF94BB5A1FE23","bin_plus\UNO_Data\StreamingAssets\preinstall\theme\fiftyanniversary\animation\drawcard\materials.b",2624,2624,2058,1693
"40D2E883AF32D84EAAD8E5D4215DF94BB5A1FE23","bin_plus\UNO_Data\StreamingAssets\preinstall\theme\fiftyanniversary\animation\drawcard\texture.b",175024,175024,134250,1694
"40D2E883AF32D84EAAD8E5D4215DF94BB5A1FE23","bin_plus\UNO_Data\StreamingAssets\preinstall\theme\fiftyanniversary\animation\theme_picker\anicontroller.b",5060,5060,3996,1695
"40D2E883AF32D84EAAD8E5D4215DF94BB5A1FE23","bin_plus\UNO_Data\StreamingAssets\preinstall\theme\fiftyanniversary\animation\theme_picker\materials.b",2602,2602,2040,1696
"40D2E883AF32D84EAAD8E5D4215DF94BB5A1FE23","bin_plus\UNO_Data\StreamingAssets\preinstall\theme\fiftyanniversary\animation\theme_picker\texture.b",167856,167856,151041,1697
"40D2E883AF32D84EAAD8E5D4215DF94BB5A1FE23","bin_plus\UNO_Data\StreamingAssets\preinstall\theme\fiftyanniversary\cardanimation\sevenzero.b",6416,6416,4551,1698
"40D2E883AF32D84EAAD8E5D4215DF94BB5A1FE23","bin_plus\UNO_Data\StreamingAssets\preinstall\theme\fiftyanniversary\cardcoveringeffect\colorchangeeffect.b",421408,421408,327815,1699
"40D2E883AF32D84EAAD8E5D4215DF94BB5A1FE23","bin_plus\UNO_Data\StreamingAssets\preinstall\theme\fiftyanniversary\fx\fx_anim.b",13172,13172,10105,1700
"40D2E883AF32D84EAAD8E5D4215DF94BB5A1FE23","bin_plus\UNO_Data\StreamingAssets\preinstall\theme\fiftyanniversary\fx\material.b",794478,794478,673868,1701
"40D2E883AF32D84EAAD8E5D4215DF94BB5A1FE23","bin_plus\UNO_Data\StreamingAssets\preinstall\theme\fiftyanniversary\fx\mesh.b",89965,89965,64307,1702
"40D2E883AF32D84EAAD8E5D4215DF94BB5A1FE23","bin_plus\UNO_Data\StreamingAssets\preinstall\theme\fiftyanniversary\fx\texture.b",13790916,13790916,10724477,1703
"40D2E883AF32D84EAAD8E5D4215DF94BB5A1FE23","bin_plus\UNO_Data\StreamingAssets\preinstall\theme\fiftyanniversary\fx\fx_anim\fx_50_themepicker_anim.b",10189,10189,7573,1704
"40D2E883AF32D84EAAD8E5D4215DF94BB5A1FE23","bin_plus\UNO_Data\StreamingAssets\preinstall\theme\fiftyanniversary\gfx\material.b",2785,2785,2217,1705
"40D2E883AF32D84EAAD8E5D4215DF94BB5A1FE23","bin_plus\UNO_Data\StreamingAssets\preinstall\theme\fiftyanniversary\popup\animation.b",15428,15428,11745,1706
"40D2E883AF32D84EAAD8E5D4215DF94BB5A1FE23","bin_plus\UNO_Data\StreamingAssets\preinstall\theme\fiftyanniversary\popup\texture.b",2840241,2840241,2314127,1707
"40D2E883AF32D84EAAD8E5D4215DF94BB5A1FE23","bin_plus\UNO_Data\StreamingAssets\preinstall\theme\fiftyanniversary\sceneresources\carddeck.b",14091,14091,12057,1708
"40D2E883AF32D84EAAD8E5D4215DF94BB5A1FE23","bin_plus\UNO_Data\StreamingAssets\preinstall\theme\fiftyanniversary\sceneresources\coin.b",5972192,5972192,5511126,1709
"40D2E883AF32D84EAAD8E5D4215DF94BB5A1FE23","bin_plus\UNO_Data\StreamingAssets\preinstall\theme\fiftyanniversary\sceneresources\stage.b",423211,423211,329574,1710
"40D2E883AF32D84EAAD8E5D4215DF94BB5A1FE23","bin_plus\UNO_Data\StreamingAssets\preinstall\theme\fiftyanniversary\skybox\materials.b",2702,2702,2130,1711
"40D2E883AF32D84EAAD8E5D4215DF94BB5A1FE23","bin_plus\UNO_Data\StreamingAssets\preinstall\theme\fiftyanniversary\skybox\texture.b",62066,62066,46900,1712
"40D2E883AF32D84EAAD8E5D4215DF94BB5A1FE23","bin_plus\UNO_Data\StreamingAssets\preinstall\theme\fiftyanniversary\themecards\texture.b",31530,31530,28513,1713
"40D2E883AF32D84EAAD8E5D4215DF94BB5A1FE23","bin_plus\UNO_Data\StreamingAssets\preinstall\theme\flip\altboard.b",2837943,2837943,1941012,1714
"40D2E883AF32D84EAAD8E5D4215DF94BB5A1FE23","bin_plus\UNO_Data\StreamingAssets\preinstall\theme\flip\background.b",57056,57056,43353,1715
"40D2E883AF32D84EAAD8E5D4215DF94BB5A1FE23","bin_plus\UNO_Data\StreamingAssets\preinstall\theme\flip\cards.b",3891777,3891777,3224937,1716
"40D2E883AF32D84EAAD8E5D4215DF94BB5A1FE23","bin_plus\UNO_Data\StreamingAssets\preinstall\theme\flip\gfx.b",2965,2965,2355,1717
"40D2E883AF32D84EAAD8E5D4215DF94BB5A1FE23","bin_plus\UNO_Data\StreamingAssets\preinstall\theme\flip\active_player\materials.b",2470,2470,1924,1718
"40D2E883AF32D84EAAD8E5D4215DF94BB5A1FE23","bin_plus\UNO_Data\StreamingAssets\preinstall\theme\flip\active_player\texture.b",5216,5216,4581,1719
"40D2E883AF32D84EAAD8E5D4215DF94BB5A1FE23","bin_plus\UNO_Data\StreamingAssets\preinstall\theme\flip\animation\active_player.b",6791,6791,4817,1720
"40D2E883AF32D84EAAD8E5D4215DF94BB5A1FE23","bin_plus\UNO_Data\StreamingAssets\preinstall\theme\flip\animation\drawtwo.b",14984,14984,11014,1721
"40D2E883AF32D84EAAD8E5D4215DF94BB5A1FE23","bin_plus\UNO_Data\StreamingAssets\preinstall\theme\flip\animation\flip.b",6347,6347,4466,1722
"40D2E883AF32D84EAAD8E5D4215DF94BB5A1FE23","bin_plus\UNO_Data\StreamingAssets\preinstall\theme\flip\animation\fronteffect.b",6481,6481,4630,1723
"40D2E883AF32D84EAAD8E5D4215DF94BB5A1FE23","bin_plus\UNO_Data\StreamingAssets\preinstall\theme\flip\animation\joker.b",462113,462113,294931,1724
"40D2E883AF32D84EAAD8E5D4215DF94BB5A1FE23","bin_plus\UNO_Data\StreamingAssets\preinstall\theme\flip\animation\light.b",6670,6670,4758,1725
"40D2E883AF32D84EAAD8E5D4215DF94BB5A1FE23","bin_plus\UNO_Data\StreamingAssets\preinstall\theme\flip\animation\sevenzero.b",25283,25283,16324,1726
"40D2E883AF32D84EAAD8E5D4215DF94BB5A1FE23","bin_plus\UNO_Data\StreamingAssets\preinstall\theme\flip\animation\wild.b",369394,369394,280508,1727
"40D2E883AF32D84EAAD8E5D4215DF94BB5A1FE23","bin_plus\UNO_Data\StreamingAssets\preinstall\theme\flip\animation\active_player\anicontroller.b",6289,6289,5030,1728
"40D2E883AF32D84EAAD8E5D4215DF94BB5A1FE23","bin_plus\UNO_Data\StreamingAssets\preinstall\theme\flip\animation\drawcard\texture.b",114468,114468,75690,1729
"40D2E883AF32D84EAAD8E5D4215DF94BB5A1FE23","bin_plus\UNO_Data\StreamingAssets\preinstall\theme\flip\animation\drawtwo\anicontroller.b",9054,9054,7490,1730
"40D2E883AF32D84EAAD8E5D4215DF94BB5A1FE23","bin_plus\UNO_Data\StreamingAssets\preinstall\theme\flip\animation\flip\anicontroller.b",4662,4662,3605,1731
"40D2E883AF32D84EAAD8E5D4215DF94BB5A1FE23","bin_plus\UNO_Data\StreamingAssets\preinstall\theme\flip\animation\fronteffect\anicontroller.b",4691,4691,3633,1732
"40D2E883AF32D84EAAD8E5D4215DF94BB5A1FE23","bin_plus\UNO_Data\StreamingAssets\preinstall\theme\flip\animation\joker\anicontroller.b",6411,6411,5155,1733
"40D2E883AF32D84EAAD8E5D4215DF94BB5A1FE23","bin_plus\UNO_Data\StreamingAssets\preinstall\theme\flip\animation\light\anicontroller.b",4671,4671,3616,1734
"40D2E883AF32D84EAAD8E5D4215DF94BB5A1FE23","bin_plus\UNO_Data\StreamingAssets\preinstall\theme\flip\animation\sevenzero\anicontroller.b",14529,14529,12266,1735
"40D2E883AF32D84EAAD8E5D4215DF94BB5A1FE23","bin_plus\UNO_Data\StreamingAssets\preinstall\theme\flip\animation\sevenzero\materials.b",2707,2707,2136,1736
"40D2E883AF32D84EAAD8E5D4215DF94BB5A1FE23","bin_plus\UNO_Data\StreamingAssets\preinstall\theme\flip\animation\theme_picker\materials.b",3104,3104,2486,1737
"40D2E883AF32D84EAAD8E5D4215DF94BB5A1FE23","bin_plus\UNO_Data\StreamingAssets\preinstall\theme\flip\animation\theme_picker\mesh.b",61358,61358,44435,1738
"40D2E883AF32D84EAAD8E5D4215DF94BB5A1FE23","bin_plus\UNO_Data\StreamingAssets\preinstall\theme\flip\animation\theme_picker\texture.b",2183326,2183326,1805490,1739
"40D2E883AF32D84EAAD8E5D4215DF94BB5A1FE23","bin_plus\UNO_Data\StreamingAssets\preinstall\theme\flip\animation\wild\anicontroller.b",6190,6190,4963,1740
"40D2E883AF32D84EAAD8E5D4215DF94BB5A1FE23","bin_plus\UNO_Data\StreamingAssets\preinstall\theme\flip\background\board_circle.b",947317,947317,364670,1741
"40D2E883AF32D84EAAD8E5D4215DF94BB5A1FE23","bin_plus\UNO_Data\StreamingAssets\preinstall\theme\flip\background\classicthemedata.b",2299920,2299920,1537192,1742
"40D2E883AF32D84EAAD8E5D4215DF94BB5A1FE23","bin_plus\UNO_Data\StreamingAssets\preinstall\theme\flip\background\flipthemedata.b",2304599,2304599,1565957,1743
"40D2E883AF32D84EAAD8E5D4215DF94BB5A1FE23","bin_plus\UNO_Data\StreamingAssets\preinstall\theme\flip\cardanimation\sevenzero.b",6400,6400,4538,1744
"40D2E883AF32D84EAAD8E5D4215DF94BB5A1FE23","bin_plus\UNO_Data\StreamingAssets\preinstall\theme\flip\carddeck\materials.b",2598,2598,2039,1745
"40D2E883AF32D84EAAD8E5D4215DF94BB5A1FE23","bin_plus\UNO_Data\StreamingAssets\preinstall\theme\flip\gfx\jokerdark.b",294488,294488,243894,1746
"40D2E883AF32D84EAAD8E5D4215DF94BB5A1FE23","bin_plus\UNO_Data\StreamingAssets\preinstall\theme\flip\gfx\mirrorsfx.b",166691,166691,138744,1747
"40D2E883AF32D84EAAD8E5D4215DF94BB5A1FE23","bin_plus\UNO_Data\StreamingAssets\preinstall\theme\flip\gfx\active_player\materials.b",2476,2476,1930,1748
"40D2E883AF32D84EAAD8E5D4215DF94BB5A1FE23","bin_plus\UNO_Data\StreamingAssets\preinstall\theme\flip\gfx\active_player\texture.b",5225,5225,4605,1749
"40D2E883AF32D84EAAD8E5D4215DF94BB5A1FE23","bin_plus\UNO_Data\StreamingAssets\preinstall\theme\flip\gfx\cursor\materials.b",2924,2924,2332,1750
"40D2E883AF32D84EAAD8E5D4215DF94BB5A1FE23","bin_plus\UNO_Data\StreamingAssets\preinstall\theme\flip\gfx\cursor\mesh.b",50762,50762,36564,1751
"40D2E883AF32D84EAAD8E5D4215DF94BB5A1FE23","bin_plus\UNO_Data\StreamingAssets\preinstall\theme\flip\gfx\cursor\texture.b",176926,176926,66189,1752
"40D2E883AF32D84EAAD8E5D4215DF94BB5A1FE23","bin_plus\UNO_Data\StreamingAssets\preinstall\theme\flip\gfx\drawtwo\materials.b",2932,2932,2330,1753
"40D2E883AF32D84EAAD8E5D4215DF94BB5A1FE23","bin_plus\UNO_Data\StreamingAssets\preinstall\theme\flip\gfx\drawtwo\mesh.b",121706,121706,93052,1754
"40D2E883AF32D84EAAD8E5D4215DF94BB5A1FE23","bin_plus\UNO_Data\StreamingAssets\preinstall\theme\flip\gfx\drawtwo\texture.b",3736015,3736015,2529172,1755
"40D2E883AF32D84EAAD8E5D4215DF94BB5A1FE23","bin_plus\UNO_Data\StreamingAssets\preinstall\theme\flip\gfx\flip\materials.b",2803,2803,2223,1756
"40D2E883AF32D84EAAD8E5D4215DF94BB5A1FE23","bin_plus\UNO_Data\StreamingAssets\preinstall\theme\flip\gfx\flip\mesh.b",86002,86002,64207,1757
"40D2E883AF32D84EAAD8E5D4215DF94BB5A1FE23","bin_plus\UNO_Data\StreamingAssets\preinstall\theme\flip\gfx\flip\texture.b",3107452,3107452,2175929,1758
"40D2E883AF32D84EAAD8E5D4215DF94BB5A1FE23","bin_plus\UNO_Data\StreamingAssets\preinstall\theme\flip\gfx\reverse\materials.b",3441,3441,2796,1759
"40D2E883AF32D84EAAD8E5D4215DF94BB5A1FE23","bin_plus\UNO_Data\StreamingAssets\preinstall\theme\flip\gfx\reverse\mesh.b",72238,72238,55835,1760
"40D2E883AF32D84EAAD8E5D4215DF94BB5A1FE23","bin_plus\UNO_Data\StreamingAssets\preinstall\theme\flip\gfx\reverse\texture.b",802957,802957,470466,1761
"40D2E883AF32D84EAAD8E5D4215DF94BB5A1FE23","bin_plus\UNO_Data\StreamingAssets\preinstall\theme\flip\gfx\sevenzero\materials.b",3491,3491,2842,1762
"40D2E883AF32D84EAAD8E5D4215DF94BB5A1FE23","bin_plus\UNO_Data\StreamingAssets\preinstall\theme\flip\gfx\sevenzero\mesh.b",62927,62927,48700,1763
"40D2E883AF32D84EAAD8E5D4215DF94BB5A1FE23","bin_plus\UNO_Data\StreamingAssets\preinstall\theme\flip\gfx\sevenzero\texture.b",801910,801910,438013,1764
"40D2E883AF32D84EAAD8E5D4215DF94BB5A1FE23","bin_plus\UNO_Data\StreamingAssets\preinstall\theme\flip\gfx\skip\materials.b",3413,3413,2759,1765
"40D2E883AF32D84EAAD8E5D4215DF94BB5A1FE23","bin_plus\UNO_Data\StreamingAssets\preinstall\theme\flip\gfx\skip\mesh.b",102457,102457,79044,1766
"40D2E883AF32D84EAAD8E5D4215DF94BB5A1FE23","bin_plus\UNO_Data\StreamingAssets\preinstall\theme\flip\gfx\skip\texture.b",2166958,2166958,1456827,1767
"40D2E883AF32D84EAAD8E5D4215DF94BB5A1FE23","bin_plus\UNO_Data\StreamingAssets\preinstall\theme\flip\skybox\materials.b",2840,2840,2261,1768
"40D2E883AF32D84EAAD8E5D4215DF94BB5A1FE23","bin_plus\UNO_Data\StreamingAssets\preinstall\theme\flip\skybox\texture.b",1667448,1667448,1270825,1769
"40D2E883AF32D84EAAD8E5D4215DF94BB5A1FE23","bin_plus\UNO_Data\StreamingAssets\preinstall\theme\godmonster\cards.b",96938,96938,52842,1770
"40D2E883AF32D84EAAD8E5D4215DF94BB5A1FE23","bin_plus\UNO_Data\StreamingAssets\preinstall\theme\godmonster\ingametextures.b",3665379,3665379,3328690,1771
"40D2E883AF32D84EAAD8E5D4215DF94BB5A1FE23","bin_plus\UNO_Data\StreamingAssets\preinstall\theme\godmonster\themeanimation.b",3547,3547,1763,1772
"40D2E883AF32D84EAAD8E5D4215DF94BB5A1FE23","bin_plus\UNO_Data\StreamingAssets\preinstall\theme\godmonster\themecards.b",955727,955727,875974,1773
"40D2E883AF32D84EAAD8E5D4215DF94BB5A1FE23","bin_plus\UNO_Data\StreamingAssets\preinstall\theme\godmonster\animation\theme_picker\texture.b",1741869,1741869,1494343,1774
"40D2E883AF32D84EAAD8E5D4215DF94BB5A1FE23","bin_plus\UNO_Data\StreamingAssets\preinstall\theme\godmonster\background\materials.b",2724,2724,2152,1775
"40D2E883AF32D84EAAD8E5D4215DF94BB5A1FE23","bin_plus\UNO_Data\StreamingAssets\preinstall\theme\godmonster\cardcoveringeffect\colorchangeeffect.b",837509,837509,294914,1776
"40D2E883AF32D84EAAD8E5D4215DF94BB5A1FE23","bin_plus\UNO_Data\StreamingAssets\preinstall\theme\godmonster\fx\animation.b",13374,13374,10230,1777
"40D2E883AF32D84EAAD8E5D4215DF94BB5A1FE23","bin_plus\UNO_Data\StreamingAssets\preinstall\theme\godmonster\fx\material.b",20864,20864,17917,1778
"40D2E883AF32D84EAAD8E5D4215DF94BB5A1FE23","bin_plus\UNO_Data\StreamingAssets\preinstall\theme\godmonster\fx\mesh.b",389671,389671,293074,1779
"40D2E883AF32D84EAAD8E5D4215DF94BB5A1FE23","bin_plus\UNO_Data\StreamingAssets\preinstall\theme\godmonster\fx\texture.b",71354786,71354786,60871357,1780
"40D2E883AF32D84EAAD8E5D4215DF94BB5A1FE23","bin_plus\UNO_Data\StreamingAssets\preinstall\theme\godmonster\fx\animation\anicontroller.b",6267,6267,5001,1781
"40D2E883AF32D84EAAD8E5D4215DF94BB5A1FE23","bin_plus\UNO_Data\StreamingAssets\preinstall\theme\godmonster\fx\animation\fx_ani_uno_orp_aphrodite_removecursed.b",9517,9517,6948,1782
"40D2E883AF32D84EAAD8E5D4215DF94BB5A1FE23","bin_plus\UNO_Data\StreamingAssets\preinstall\theme\godmonster\fx\animation\fx_ani_uno_orp_freegod_fenyx.b",14669,14669,11458,1783
"40D2E883AF32D84EAAD8E5D4215DF94BB5A1FE23","bin_plus\UNO_Data\StreamingAssets\preinstall\theme\godmonster\godmonster_board\botanyatlas.b",3861620,3861620,3375994,1784
"40D2E883AF32D84EAAD8E5D4215DF94BB5A1FE23","bin_plus\UNO_Data\StreamingAssets\preinstall\theme\godmonster\godmonster_board\crystal.b",3061566,3061566,2823843,1785
"40D2E883AF32D84EAAD8E5D4215DF94BB5A1FE23","bin_plus\UNO_Data\StreamingAssets\preinstall\theme\godmonster\godmonster_board\flower.b",3929967,3929967,3492436,1786
"40D2E883AF32D84EAAD8E5D4215DF94BB5A1FE23","bin_plus\UNO_Data\StreamingAssets\preinstall\theme\godmonster\godmonster_board\godmonsterarena.b",10679522,10679522,9873717,1787
"40D2E883AF32D84EAAD8E5D4215DF94BB5A1FE23","bin_plus\UNO_Data\StreamingAssets\preinstall\theme\godmonster\godmonster_board\grass.b",3584235,3584235,3248559,1788
"40D2E883AF32D84EAAD8E5D4215DF94BB5A1FE23","bin_plus\UNO_Data\StreamingAssets\preinstall\theme\godmonster\godmonster_board\leaves.b",1321377,1321377,1161963,1789
"40D2E883AF32D84EAAD8E5D4215DF94BB5A1FE23","bin_plus\UNO_Data\StreamingAssets\preinstall\theme\godmonster\godmonster_board\mushroom.b",1904537,1904537,1646902,1790
"40D2E883AF32D84EAAD8E5D4215DF94BB5A1FE23","bin_plus\UNO_Data\StreamingAssets\preinstall\theme\godmonster\godmonster_board\remake.b",4444044,4444044,3859000,1791
"40D2E883AF32D84EAAD8E5D4215DF94BB5A1FE23","bin_plus\UNO_Data\StreamingAssets\preinstall\theme\godmonster\godmonster_board\screenshot.b",1011182,1011182,907736,1792
"40D2E883AF32D84EAAD8E5D4215DF94BB5A1FE23","bin_plus\UNO_Data\StreamingAssets\preinstall\theme\godmonster\godmonster_board\shader.b",5099532,5099532,4411658,1793
"40D2E883AF32D84EAAD8E5D4215DF94BB5A1FE23","bin_plus\UNO_Data\StreamingAssets\preinstall\theme\godmonster\godmonster_board\templeruins.b",12234066,12234066,11045655,1794
"40D2E883AF32D84EAAD8E5D4215DF94BB5A1FE23","bin_plus\UNO_Data\StreamingAssets\preinstall\theme\godmonster\sceneresources\carddeck.b",28112,28112,25651,1795
"40D2E883AF32D84EAAD8E5D4215DF94BB5A1FE23","bin_plus\UNO_Data\StreamingAssets\preinstall\theme\godmonster\sceneresources\fronteffect.b",130672,130672,106431,1796
"40D2E883AF32D84EAAD8E5D4215DF94BB5A1FE23","bin_plus\UNO_Data\StreamingAssets\preinstall\theme\godmonster\sceneresources\fronteffect\materials.b",2625,2625,2058,1797
"40D2E883AF32D84EAAD8E5D4215DF94BB5A1FE23","bin_plus\UNO_Data\StreamingAssets\preinstall\theme\godmonster\skybox\materials.b",2715,2715,2144,1798
"40D2E883AF32D84EAAD8E5D4215DF94BB5A1FE23","bin_plus\UNO_Data\StreamingAssets\preinstall\theme\godmonster\skybox\texture.b",62018,62018,46894,1799
"40D2E883AF32D84EAAD8E5D4215DF94BB5A1FE23","bin_plus\UNO_Data\StreamingAssets\preinstall\theme\godmonster\themecards\godssave.b",37640,37640,32484,1800
"40D2E883AF32D84EAAD8E5D4215DF94BB5A1FE23","bin_plus\UNO_Data\StreamingAssets\preinstall\theme\godmonster\themecards\hephaistos.b",30474,30474,26818,1801
"40D2E883AF32D84EAAD8E5D4215DF94BB5A1FE23","bin_plus\UNO_Data\StreamingAssets\preinstall\theme\godmonster\themecards\hermes.b",3926271,3926271,3388871,1802
"40D2E883AF32D84EAAD8E5D4215DF94BB5A1FE23","bin_plus\UNO_Data\StreamingAssets\preinstall\theme\godmonster\themecards\typhonturntips.b",104798,104798,92800,1803
"40D2E883AF32D84EAAD8E5D4215DF94BB5A1FE23","bin_plus\UNO_Data\StreamingAssets\preinstall\theme\godmonster\themepicker\materials.b",2812,2812,2241,1804
"40D2E883AF32D84EAAD8E5D4215DF94BB5A1FE23","bin_plus\UNO_Data\StreamingAssets\preinstall\theme\godmonster\themepicker\texture.b",1837731,1837731,1585358,1805
"40D2E883AF32D84EAAD8E5D4215DF94BB5A1FE23","bin_plus\UNO_Data\StreamingAssets\preinstall\theme\justdance\cards.b",74148,74148,49460,1806
"40D2E883AF32D84EAAD8E5D4215DF94BB5A1FE23","bin_plus\UNO_Data\StreamingAssets\preinstall\theme\justdance\gfx.b",611660,611660,554410,1807
"40D2E883AF32D84EAAD8E5D4215DF94BB5A1FE23","bin_plus\UNO_Data\StreamingAssets\preinstall\theme\justdance\themecards.b",1840475,1840475,1707346,1808
"40D2E883AF32D84EAAD8E5D4215DF94BB5A1FE23","bin_plus\UNO_Data\StreamingAssets\preinstall\theme\justdance\animation\active_player.b",7185,7185,5262,1809
"40D2E883AF32D84EAAD8E5D4215DF94BB5A1FE23","bin_plus\UNO_Data\StreamingAssets\preinstall\theme\justdance\animation\board_circle.b",10977,10977,8407,1810
"40D2E883AF32D84EAAD8E5D4215DF94BB5A1FE23","bin_plus\UNO_Data\StreamingAssets\preinstall\theme\justdance\animation\light.b",10720,10720,7527,1811
"40D2E883AF32D84EAAD8E5D4215DF94BB5A1FE23","bin_plus\UNO_Data\StreamingAssets\preinstall\theme\justdance\animation\theme_picker.b",9167,9167,6810,1812
"40D2E883AF32D84EAAD8E5D4215DF94BB5A1FE23","bin_plus\UNO_Data\StreamingAssets\preinstall\theme\justdance\animation\active_player\anicontroller.b",5983,5983,4793,1813
"40D2E883AF32D84EAAD8E5D4215DF94BB5A1FE23","bin_plus\UNO_Data\StreamingAssets\preinstall\theme\justdance\animation\theme_picker\anicontroller.b",5028,5028,3941,1814
"40D2E883AF32D84EAAD8E5D4215DF94BB5A1FE23","bin_plus\UNO_Data\StreamingAssets\preinstall\theme\justdance\animation\theme_picker\materials.b",2671,2671,2101,1815
"40D2E883AF32D84EAAD8E5D4215DF94BB5A1FE23","bin_plus\UNO_Data\StreamingAssets\preinstall\theme\justdance\animation\theme_picker\texture.b",39343,39343,36087,1816
"40D2E883AF32D84EAAD8E5D4215DF94BB5A1FE23","bin_plus\UNO_Data\StreamingAssets\preinstall\theme\justdance\background\carddeck.b",180434,180434,170385,1817
"40D2E883AF32D84EAAD8E5D4215DF94BB5A1FE23","bin_plus\UNO_Data\StreamingAssets\preinstall\theme\justdance\background\materials.b",3479,3479,2836,1818
"40D2E883AF32D84EAAD8E5D4215DF94BB5A1FE23","bin_plus\UNO_Data\StreamingAssets\preinstall\theme\justdance\background\texture.b",2464512,2464512,2158177,1819
"40D2E883AF32D84EAAD8E5D4215DF94BB5A1FE23","bin_plus\UNO_Data\StreamingAssets\preinstall\theme\justdance\cardcoveringeffect\colorchangeeffect.b",555575,555575,474838,1820
"40D2E883AF32D84EAAD8E5D4215DF94BB5A1FE23","bin_plus\UNO_Data\StreamingAssets\preinstall\theme\justdance\cardcoveringeffect\lineartransitioneffect.b",82704,82704,75109,1821
"40D2E883AF32D84EAAD8E5D4215DF94BB5A1FE23","bin_plus\UNO_Data\StreamingAssets\preinstall\theme\justdance\gfx\dualalphamask.b",2793,2793,2211,1822
"40D2E883AF32D84EAAD8E5D4215DF94BB5A1FE23","bin_plus\UNO_Data\StreamingAssets\preinstall\theme\justdance\gfx\theme_card_sfx.b",9678,9678,7075,1823
"40D2E883AF32D84EAAD8E5D4215DF94BB5A1FE23","bin_plus\UNO_Data\StreamingAssets\preinstall\theme\justdance\gfx\unlock_them.b",2598,2598,2041,1824
"40D2E883AF32D84EAAD8E5D4215DF94BB5A1FE23","bin_plus\UNO_Data\StreamingAssets\preinstall\theme\justdance\gfx\theme_card_sfx\materials.b",2896,2896,2294,1825
"40D2E883AF32D84EAAD8E5D4215DF94BB5A1FE23","bin_plus\UNO_Data\StreamingAssets\preinstall\theme\justdance\gfx\theme_card_sfx\texture.b",342811,342811,305213,1826
"40D2E883AF32D84EAAD8E5D4215DF94BB5A1FE23","bin_plus\UNO_Data\StreamingAssets\preinstall\theme\justdance\sceneresources\fronteffect.b",377239,377239,324892,1827
"40D2E883AF32D84EAAD8E5D4215DF94BB5A1FE23","bin_plus\UNO_Data\StreamingAssets\preinstall\theme\justdance\sceneresources\jd_board.b",2056326,2056326,1701839,1828
"40D2E883AF32D84EAAD8E5D4215DF94BB5A1FE23","bin_plus\UNO_Data\StreamingAssets\preinstall\theme\justdance\sceneresources\jd_board\materials.b",2909,2909,2341,1829
"40D2E883AF32D84EAAD8E5D4215DF94BB5A1FE23","bin_plus\UNO_Data\StreamingAssets\preinstall\theme\justdance\skybox\materials.b",2708,2708,2144,1830
"40D2E883AF32D84EAAD8E5D4215DF94BB5A1FE23","bin_plus\UNO_Data\StreamingAssets\preinstall\theme\justdance\skybox\texture.b",49506,49506,36668,1831
"40D2E883AF32D84EAAD8E5D4215DF94BB5A1FE23","bin_plus\UNO_Data\StreamingAssets\preinstall\theme\justdance\themecards\getdown.b",11108,11108,8326,1832
"40D2E883AF32D84EAAD8E5D4215DF94BB5A1FE23","bin_plus\UNO_Data\StreamingAssets\preinstall\theme\justdance\themecards\invader's_experiment.b",11014,11014,8440,1833
"40D2E883AF32D84EAAD8E5D4215DF94BB5A1FE23","bin_plus\UNO_Data\StreamingAssets\preinstall\theme\justdance\themecards\crossfade\materials.b",2606,2606,2045,1834
"40D2E883AF32D84EAAD8E5D4215DF94BB5A1FE23","bin_plus\UNO_Data\StreamingAssets\preinstall\theme\justdance\themecards\crossfade\texture.b",7451390,7451390,6327426,1835
"40D2E883AF32D84EAAD8E5D4215DF94BB5A1FE23","bin_plus\UNO_Data\StreamingAssets\preinstall\theme\justdance\themecards\getdown\texture.b",23386104,23386104,19417407,1836
"40D2E883AF32D84EAAD8E5D4215DF94BB5A1FE23","bin_plus\UNO_Data\StreamingAssets\preinstall\theme\justdance\themecards\hotnumber\anicontroller.b",9877,9877,7257,1837
"40D2E883AF32D84EAAD8E5D4215DF94BB5A1FE23","bin_plus\UNO_Data\StreamingAssets\preinstall\theme\justdance\themecards\hotnumber\materials.b",2695,2695,2130,1838
"40D2E883AF32D84EAAD8E5D4215DF94BB5A1FE23","bin_plus\UNO_Data\StreamingAssets\preinstall\theme\justdance\themecards\hotnumber\texture.b",9950963,9950963,8721820,1839
"40D2E883AF32D84EAAD8E5D4215DF94BB5A1FE23","bin_plus\UNO_Data\StreamingAssets\preinstall\theme\justdance\themecards\invader's_experiment\texture.b",5184134,5184134,4177482,1840
"40D2E883AF32D84EAAD8E5D4215DF94BB5A1FE23","bin_plus\UNO_Data\StreamingAssets\preinstall\theme\livefeature\cards.b",2886,2886,2301,1841
"40D2E883AF32D84EAAD8E5D4215DF94BB5A1FE23","bin_plus\UNO_Data\StreamingAssets\preinstall\theme\livefeature\themecards.b",707247,707247,601274,1842
"40D2E883AF32D84EAAD8E5D4215DF94BB5A1FE23","bin_plus\UNO_Data\StreamingAssets\preinstall\theme\livefeature\animation\arrows.b",21124,21124,16493,1843
"40D2E883AF32D84EAAD8E5D4215DF94BB5A1FE23","bin_plus\UNO_Data\StreamingAssets\preinstall\theme\livefeature\animation\avater.b",9663,9663,7219,1844
"40D2E883AF32D84EAAD8E5D4215DF94BB5A1FE23","bin_plus\UNO_Data\StreamingAssets\preinstall\theme\livefeature\animation\board_circle.b",6478,6478,4551,1845
"40D2E883AF32D84EAAD8E5D4215DF94BB5A1FE23","bin_plus\UNO_Data\StreamingAssets\preinstall\theme\livefeature\animation\button_glow.b",153321,153321,129886,1846
"40D2E883AF32D84EAAD8E5D4215DF94BB5A1FE23","bin_plus\UNO_Data\StreamingAssets\preinstall\theme\livefeature\animation\call_uno.b",22084,22084,19147,1847
"40D2E883AF32D84EAAD8E5D4215DF94BB5A1FE23","bin_plus\UNO_Data\StreamingAssets\preinstall\theme\livefeature\animation\challenge_wilddraw4.b",11088,11088,8453,1848
"40D2E883AF32D84EAAD8E5D4215DF94BB5A1FE23","bin_plus\UNO_Data\StreamingAssets\preinstall\theme\livefeature\animation\deck_sfx.b",6593,6593,4670,1849
"40D2E883AF32D84EAAD8E5D4215DF94BB5A1FE23","bin_plus\UNO_Data\StreamingAssets\preinstall\theme\livefeature\animation\didnt_calluno.b",6533,6533,4668,1850
"40D2E883AF32D84EAAD8E5D4215DF94BB5A1FE23","bin_plus\UNO_Data\StreamingAssets\preinstall\theme\livefeature\animation\drawcard.b",6596,6596,4745,1851
"40D2E883AF32D84EAAD8E5D4215DF94BB5A1FE23","bin_plus\UNO_Data\StreamingAssets\preinstall\theme\livefeature\animation\drawtwo.b",19346,19346,13688,1852
"40D2E883AF32D84EAAD8E5D4215DF94BB5A1FE23","bin_plus\UNO_Data\StreamingAssets\preinstall\theme\livefeature\animation\joker.b",234662,234662,195925,1853
"40D2E883AF32D84EAAD8E5D4215DF94BB5A1FE23","bin_plus\UNO_Data\StreamingAssets\preinstall\theme\livefeature\animation\jump_in.b",79542,79542,60975,1854
"40D2E883AF32D84EAAD8E5D4215DF94BB5A1FE23","bin_plus\UNO_Data\StreamingAssets\preinstall\theme\livefeature\animation\particle_cardglow.b",6105,6105,4301,1855
"40D2E883AF32D84EAAD8E5D4215DF94BB5A1FE23","bin_plus\UNO_Data\StreamingAssets\preinstall\theme\livefeature\animation\preparecalluno.b",6966,6966,5070,1856
"40D2E883AF32D84EAAD8E5D4215DF94BB5A1FE23","bin_plus\UNO_Data\StreamingAssets\preinstall\theme\livefeature\animation\ps4_cross_button.b",114685,114685,89581,1857
"40D2E883AF32D84EAAD8E5D4215DF94BB5A1FE23","bin_plus\UNO_Data\StreamingAssets\preinstall\theme\livefeature\animation\reverse.b",8278,8278,6267,1858
"40D2E883AF32D84EAAD8E5D4215DF94BB5A1FE23","bin_plus\UNO_Data\StreamingAssets\preinstall\theme\livefeature\animation\sevenzero.b",31548,31548,19670,1859
"40D2E883AF32D84EAAD8E5D4215DF94BB5A1FE23","bin_plus\UNO_Data\StreamingAssets\preinstall\theme\livefeature\animation\single_card.b",6208,6208,4370,1860
"40D2E883AF32D84EAAD8E5D4215DF94BB5A1FE23","bin_plus\UNO_Data\StreamingAssets\preinstall\theme\livefeature\animation\skip.b",10633,10633,8198,1861
"40D2E883AF32D84EAAD8E5D4215DF94BB5A1FE23","bin_plus\UNO_Data\StreamingAssets\preinstall\theme\livefeature\animation\stacking.b",10989,10989,8719,1862
"40D2E883AF32D84EAAD8E5D4215DF94BB5A1FE23","bin_plus\UNO_Data\StreamingAssets\preinstall\theme\livefeature\animation\touch_screen.b",6519,6519,4635,1863
"40D2E883AF32D84EAAD8E5D4215DF94BB5A1FE23","bin_plus\UNO_Data\StreamingAssets\preinstall\theme\livefeature\animation\tutorial_arrow.b",6143,6143,4341,1864
"40D2E883AF32D84EAAD8E5D4215DF94BB5A1FE23","bin_plus\UNO_Data\StreamingAssets\preinstall\theme\livefeature\animation\voice_chat.b",7349,7349,5404,1865
"40D2E883AF32D84EAAD8E5D4215DF94BB5A1FE23","bin_plus\UNO_Data\StreamingAssets\preinstall\theme\livefeature\animation\wild.b",241857,241857,201361,1866
"40D2E883AF32D84EAAD8E5D4215DF94BB5A1FE23","bin_plus\UNO_Data\StreamingAssets\preinstall\theme\livefeature\animation\wild_ps4_cross_button.b",2771,2771,1666,1867
"40D2E883AF32D84EAAD8E5D4215DF94BB5A1FE23","bin_plus\UNO_Data\StreamingAssets\preinstall\theme\livefeature\animation\xbox1_cross_button.b",7495,7495,5459,1868
"40D2E883AF32D84EAAD8E5D4215DF94BB5A1FE23","bin_plus\UNO_Data\StreamingAssets\preinstall\theme\livefeature\animation\arrows\anicontroller.b",5238,5238,4123,1869
"40D2E883AF32D84EAAD8E5D4215DF94BB5A1FE23","bin_plus\UNO_Data\StreamingAssets\preinstall\theme\livefeature\animation\arrows\materials.b",2640,2640,2082,1870
"40D2E883AF32D84EAAD8E5D4215DF94BB5A1FE23","bin_plus\UNO_Data\StreamingAssets\preinstall\theme\livefeature\animation\arrows\texture.b",347547,347547,301822,1871
"40D2E883AF32D84EAAD8E5D4215DF94BB5A1FE23","bin_plus\UNO_Data\StreamingAssets\preinstall\theme\livefeature\animation\avater\anicontroller.b",5586,5586,4463,1872
"40D2E883AF32D84EAAD8E5D4215DF94BB5A1FE23","bin_plus\UNO_Data\StreamingAssets\preinstall\theme\livefeature\animation\board_circle\anicontroller.b",4704,4704,3679,1873
"40D2E883AF32D84EAAD8E5D4215DF94BB5A1FE23","bin_plus\UNO_Data\StreamingAssets\preinstall\theme\livefeature\animation\button_glow\anicontroller.b",5044,5044,3954,1874
"40D2E883AF32D84EAAD8E5D4215DF94BB5A1FE23","bin_plus\UNO_Data\StreamingAssets\preinstall\theme\livefeature\animation\button_glow\materials.b",42326,42326,30425,1875
"40D2E883AF32D84EAAD8E5D4215DF94BB5A1FE23","bin_plus\UNO_Data\StreamingAssets\preinstall\theme\livefeature\animation\call_uno\anicontroller.b",4699,4699,3640,1876
"40D2E883AF32D84EAAD8E5D4215DF94BB5A1FE23","bin_plus\UNO_Data\StreamingAssets\preinstall\theme\livefeature\animation\challenge_wilddraw4\anicontroller.b",6572,6572,5274,1877
"40D2E883AF32D84EAAD8E5D4215DF94BB5A1FE23","bin_plus\UNO_Data\StreamingAssets\preinstall\theme\livefeature\animation\challenge_wilddraw4\materials.b",2818,2818,2239,1878
"40D2E883AF32D84EAAD8E5D4215DF94BB5A1FE23","bin_plus\UNO_Data\StreamingAssets\preinstall\theme\livefeature\animation\challenge_wilddraw4\mesh.b",46827,46827,33503,1879
"40D2E883AF32D84EAAD8E5D4215DF94BB5A1FE23","bin_plus\UNO_Data\StreamingAssets\preinstall\theme\livefeature\animation\challenge_wilddraw4\texture.b",587153,587153,506751,1880
"40D2E883AF32D84EAAD8E5D4215DF94BB5A1FE23","bin_plus\UNO_Data\StreamingAssets\preinstall\theme\livefeature\animation\deck_sfx\anicontroller.b",4686,4686,3632,1881
"40D2E883AF32D84EAAD8E5D4215DF94BB5A1FE23","bin_plus\UNO_Data\StreamingAssets\preinstall\theme\livefeature\animation\didnt_calluno\anicontroller.b",4699,4699,3676,1882
"40D2E883AF32D84EAAD8E5D4215DF94BB5A1FE23","bin_plus\UNO_Data\StreamingAssets\preinstall\theme\livefeature\animation\didnt_calluno\materials.b",2616,2616,2055,1883
"40D2E883AF32D84EAAD8E5D4215DF94BB5A1FE23","bin_plus\UNO_Data\StreamingAssets\preinstall\theme\livefeature\animation\didnt_calluno\mesh.b",53247,53247,38337,1884
"40D2E883AF32D84EAAD8E5D4215DF94BB5A1FE23","bin_plus\UNO_Data\StreamingAssets\preinstall\theme\livefeature\animation\didnt_calluno\texture.b",11379,11379,9236,1885
"40D2E883AF32D84EAAD8E5D4215DF94BB5A1FE23","bin_plus\UNO_Data\StreamingAssets\preinstall\theme\livefeature\animation\drawcard\anicontroller.b",4940,4940,3883,1886
"40D2E883AF32D84EAAD8E5D4215DF94BB5A1FE23","bin_plus\UNO_Data\StreamingAssets\preinstall\theme\livefeature\animation\drawcard\materials.b",2853,2853,2270,1887
"40D2E883AF32D84EAAD8E5D4215DF94BB5A1FE23","bin_plus\UNO_Data\StreamingAssets\preinstall\theme\livefeature\animation\drawcard\mesh.b",47240,47240,34075,1888
"40D2E883AF32D84EAAD8E5D4215DF94BB5A1FE23","bin_plus\UNO_Data\StreamingAssets\preinstall\theme\livefeature\animation\drawcard\texture.b",136046,136046,108589,1889
"40D2E883AF32D84EAAD8E5D4215DF94BB5A1FE23","bin_plus\UNO_Data\StreamingAssets\preinstall\theme\livefeature\animation\drawtwo\anicontroller.b",11404,11404,9553,1890
"40D2E883AF32D84EAAD8E5D4215DF94BB5A1FE23","bin_plus\UNO_Data\StreamingAssets\preinstall\theme\livefeature\animation\drawtwo\choosebottomplaceholder.b",10325,10325,7566,1891
"40D2E883AF32D84EAAD8E5D4215DF94BB5A1FE23","bin_plus\UNO_Data\StreamingAssets\preinstall\theme\livefeature\animation\joker\anicontroller.b",6214,6214,4985,1892
"40D2E883AF32D84EAAD8E5D4215DF94BB5A1FE23","bin_plus\UNO_Data\StreamingAssets\preinstall\theme\livefeature\animation\jump_in\anicontroller.b",5629,5629,4483,1893
"40D2E883AF32D84EAAD8E5D4215DF94BB5A1FE23","bin_plus\UNO_Data\StreamingAssets\preinstall\theme\livefeature\animation\jump_in\materials.b",2908,2908,2317,1894
"40D2E883AF32D84EAAD8E5D4215DF94BB5A1FE23","bin_plus\UNO_Data\StreamingAssets\preinstall\theme\livefeature\animation\jump_in\mesh.b",59707,59707,44271,1895
"40D2E883AF32D84EAAD8E5D4215DF94BB5A1FE23","bin_plus\UNO_Data\StreamingAssets\preinstall\theme\livefeature\animation\jump_in\texture.b",143558,143558,110926,1896
"40D2E883AF32D84EAAD8E5D4215DF94BB5A1FE23","bin_plus\UNO_Data\StreamingAssets\preinstall\theme\livefeature\animation\particle_cardglow\anicontroller.b",4710,4710,3676,1897
"40D2E883AF32D84EAAD8E5D4215DF94BB5A1FE23","bin_plus\UNO_Data\StreamingAssets\preinstall\theme\livefeature\animation\preparecalluno\anicontroller.b",5086,5086,3985,1898
"40D2E883AF32D84EAAD8E5D4215DF94BB5A1FE23","bin_plus\UNO_Data\StreamingAssets\preinstall\theme\livefeature\animation\ps4_cross_button\anicontroller.b",5199,5199,4116,1899
"40D2E883AF32D84EAAD8E5D4215DF94BB5A1FE23","bin_plus\UNO_Data\StreamingAssets\preinstall\theme\livefeature\animation\reverse\anicontroller.b",5140,5140,4040,1900
"40D2E883AF32D84EAAD8E5D4215DF94BB5A1FE23","bin_plus\UNO_Data\StreamingAssets\preinstall\theme\livefeature\animation\sevenzero\anicontroller.b",14451,14451,12159,1901
"40D2E883AF32D84EAAD8E5D4215DF94BB5A1FE23","bin_plus\UNO_Data\StreamingAssets\preinstall\theme\livefeature\animation\sevenzero\materials.b",2713,2713,2141,1902
"40D2E883AF32D84EAAD8E5D4215DF94BB5A1FE23","bin_plus\UNO_Data\StreamingAssets\preinstall\theme\livefeature\animation\single_card\anicontroller.b",4735,4735,3666,1903
"40D2E883AF32D84EAAD8E5D4215DF94BB5A1FE23","bin_plus\UNO_Data\StreamingAssets\preinstall\theme\livefeature\animation\skip\anicontroller.b",7508,7508,6144,1904
"40D2E883AF32D84EAAD8E5D4215DF94BB5A1FE23","bin_plus\UNO_Data\StreamingAssets\preinstall\theme\livefeature\animation\stacking\anicontroller.b",5943,5943,4758,1905
"40D2E883AF32D84EAAD8E5D4215DF94BB5A1FE23","bin_plus\UNO_Data\StreamingAssets\preinstall\theme\livefeature\animation\stacking\materials.b",2837,2837,2251,1906
"40D2E883AF32D84EAAD8E5D4215DF94BB5A1FE23","bin_plus\UNO_Data\StreamingAssets\preinstall\theme\livefeature\animation\stacking\texture.b",248253,248253,211760,1907
"40D2E883AF32D84EAAD8E5D4215DF94BB5A1FE23","bin_plus\UNO_Data\StreamingAssets\preinstall\theme\livefeature\animation\touch_screen\anicontroller.b",4923,4923,3837,1908
"40D2E883AF32D84EAAD8E5D4215DF94BB5A1FE23","bin_plus\UNO_Data\StreamingAssets\preinstall\theme\livefeature\animation\tutorial_arrow\anicontroller.b",4705,4705,3642,1909
"40D2E883AF32D84EAAD8E5D4215DF94BB5A1FE23","bin_plus\UNO_Data\StreamingAssets\preinstall\theme\livefeature\animation\tutorial_arrow\materials.b",19871,19871,11054,1910
"40D2E883AF32D84EAAD8E5D4215DF94BB5A1FE23","bin_plus\UNO_Data\StreamingAssets\preinstall\theme\livefeature\animation\tutorial_arrow\texture.b",43090,43090,38254,1911
"40D2E883AF32D84EAAD8E5D4215DF94BB5A1FE23","bin_plus\UNO_Data\StreamingAssets\preinstall\theme\livefeature\animation\voice_chat\anicontroller.b",4697,4697,3671,1912
"40D2E883AF32D84EAAD8E5D4215DF94BB5A1FE23","bin_plus\UNO_Data\StreamingAssets\preinstall\theme\livefeature\animation\voice_chat\materials.b",2728,2728,2159,1913
"40D2E883AF32D84EAAD8E5D4215DF94BB5A1FE23","bin_plus\UNO_Data\StreamingAssets\preinstall\theme\livefeature\animation\voice_chat\texture.b",26132,26132,23508,1914
"40D2E883AF32D84EAAD8E5D4215DF94BB5A1FE23","bin_plus\UNO_Data\StreamingAssets\preinstall\theme\livefeature\animation\wild\anicontroller.b",6192,6192,4923,1915
"40D2E883AF32D84EAAD8E5D4215DF94BB5A1FE23","bin_plus\UNO_Data\StreamingAssets\preinstall\theme\livefeature\animation\wild_ps4_cross_button\materials.b",44021,44021,31872,1916
"40D2E883AF32D84EAAD8E5D4215DF94BB5A1FE23","bin_plus\UNO_Data\StreamingAssets\preinstall\theme\livefeature\animation\xbox1_cross_button\anicontroller.b",5613,5613,4483,1917
"40D2E883AF32D84EAAD8E5D4215DF94BB5A1FE23","bin_plus\UNO_Data\StreamingAssets\preinstall\theme\livefeature\animation\xbox1_cross_button\materials.b",2662,2662,2089,1918
"40D2E883AF32D84EAAD8E5D4215DF94BB5A1FE23","bin_plus\UNO_Data\StreamingAssets\preinstall\theme\livefeature\animation\xbox1_cross_button\mesh.b",61844,61844,47143,1919
"40D2E883AF32D84EAAD8E5D4215DF94BB5A1FE23","bin_plus\UNO_Data\StreamingAssets\preinstall\theme\livefeature\animation\xbox1_cross_button\texture.b",2251,2251,1676,1920
"40D2E883AF32D84EAAD8E5D4215DF94BB5A1FE23","bin_plus\UNO_Data\StreamingAssets\preinstall\theme\livefeature\cardanimation\sevenzero.b",6414,6414,4550,1921
"40D2E883AF32D84EAAD8E5D4215DF94BB5A1FE23","bin_plus\UNO_Data\StreamingAssets\preinstall\theme\livefeature\cardcoveringeffect\colorchangeeffect.b",183336,183336,140051,1922
"40D2E883AF32D84EAAD8E5D4215DF94BB5A1FE23","bin_plus\UNO_Data\StreamingAssets\preinstall\theme\livefeature\classic_board\board_circle.b",366824,366824,284504,1923
"40D2E883AF32D84EAAD8E5D4215DF94BB5A1FE23","bin_plus\UNO_Data\StreamingAssets\preinstall\theme\livefeature\classic_board\board_glow.b",204741,204741,184424,1924
"40D2E883AF32D84EAAD8E5D4215DF94BB5A1FE23","bin_plus\UNO_Data\StreamingAssets\preinstall\theme\livefeature\classic_board\board_red.b",86077,86077,74941,1925
"40D2E883AF32D84EAAD8E5D4215DF94BB5A1FE23","bin_plus\UNO_Data\StreamingAssets\preinstall\theme\livefeature\classic_board\board_yellow.b",402386,402386,345917,1926
"40D2E883AF32D84EAAD8E5D4215DF94BB5A1FE23","bin_plus\UNO_Data\StreamingAssets\preinstall\theme\livefeature\classic_board\card_deck.b",73756,73756,62458,1927
"40D2E883AF32D84EAAD8E5D4215DF94BB5A1FE23","bin_plus\UNO_Data\StreamingAssets\preinstall\theme\livefeature\gfx\avater\materials.b",4328,4328,3523,1928
"40D2E883AF32D84EAAD8E5D4215DF94BB5A1FE23","bin_plus\UNO_Data\StreamingAssets\preinstall\theme\livefeature\gfx\avater\mesh.b",46513,46513,33388,1929
"40D2E883AF32D84EAAD8E5D4215DF94BB5A1FE23","bin_plus\UNO_Data\StreamingAssets\preinstall\theme\livefeature\gfx\avater\texture.b",445596,445596,353706,1930
"40D2E883AF32D84EAAD8E5D4215DF94BB5A1FE23","bin_plus\UNO_Data\StreamingAssets\preinstall\theme\livefeature\gfx\background_sphere\materials.b",2910,2910,2321,1931
"40D2E883AF32D84EAAD8E5D4215DF94BB5A1FE23","bin_plus\UNO_Data\StreamingAssets\preinstall\theme\livefeature\gfx\background_sphere\mesh.b",65463,65463,49829,1932
"40D2E883AF32D84EAAD8E5D4215DF94BB5A1FE23","bin_plus\UNO_Data\StreamingAssets\preinstall\theme\livefeature\gfx\background_sphere\texture.b",103247,103247,74666,1933
"40D2E883AF32D84EAAD8E5D4215DF94BB5A1FE23","bin_plus\UNO_Data\StreamingAssets\preinstall\theme\livefeature\gfx\call_uno\materials.b",3375,3375,2751,1934
"40D2E883AF32D84EAAD8E5D4215DF94BB5A1FE23","bin_plus\UNO_Data\StreamingAssets\preinstall\theme\livefeature\gfx\call_uno\mesh.b",68565,68565,50343,1935
"40D2E883AF32D84EAAD8E5D4215DF94BB5A1FE23","bin_plus\UNO_Data\StreamingAssets\preinstall\theme\livefeature\skybox\materials.b",2699,2699,2129,1936
"40D2E883AF32D84EAAD8E5D4215DF94BB5A1FE23","bin_plus\UNO_Data\StreamingAssets\preinstall\theme\livefeature\skybox\texture.b",160698,160698,129706,1937
"40D2E883AF32D84EAAD8E5D4215DF94BB5A1FE23","bin_plus\UNO_Data\StreamingAssets\preinstall\theme\memphis\cards.b",80780,80780,48323,1938
"40D2E883AF32D84EAAD8E5D4215DF94BB5A1FE23","bin_plus\UNO_Data\StreamingAssets\preinstall\theme\memphis\popup.b",991334,991334,826543,1939
"40D2E883AF32D84EAAD8E5D4215DF94BB5A1FE23","bin_plus\UNO_Data\StreamingAssets\preinstall\theme\memphis\sceneresources.b",3002,3002,2392,1940
"40D2E883AF32D84EAAD8E5D4215DF94BB5A1FE23","bin_plus\UNO_Data\StreamingAssets\preinstall\theme\memphis\themecards.b",1926949,1926949,1566509,1941
"40D2E883AF32D84EAAD8E5D4215DF94BB5A1FE23","bin_plus\UNO_Data\StreamingAssets\preinstall\theme\memphis\themepicker.b",359827,359827,305404,1942
"40D2E883AF32D84EAAD8E5D4215DF94BB5A1FE23","bin_plus\UNO_Data\StreamingAssets\preinstall\theme\memphis\animation\active_player.b",7839,7839,5654,1943
"40D2E883AF32D84EAAD8E5D4215DF94BB5A1FE23","bin_plus\UNO_Data\StreamingAssets\preinstall\theme\memphis\animation\arrows.b",21441,21441,17056,1944
"40D2E883AF32D84EAAD8E5D4215DF94BB5A1FE23","bin_plus\UNO_Data\StreamingAssets\preinstall\theme\memphis\animation\avater.b",9658,9658,7207,1945
"40D2E883AF32D84EAAD8E5D4215DF94BB5A1FE23","bin_plus\UNO_Data\StreamingAssets\preinstall\theme\memphis\animation\board_circle.b",6473,6473,4549,1946
"40D2E883AF32D84EAAD8E5D4215DF94BB5A1FE23","bin_plus\UNO_Data\StreamingAssets\preinstall\theme\memphis\animation\button_glow.b",153317,153317,129871,1947
"40D2E883AF32D84EAAD8E5D4215DF94BB5A1FE23","bin_plus\UNO_Data\StreamingAssets\preinstall\theme\memphis\animation\call_uno.b",22069,22069,19159,1948
"40D2E883AF32D84EAAD8E5D4215DF94BB5A1FE23","bin_plus\UNO_Data\StreamingAssets\preinstall\theme\memphis\animation\challenge_wilddraw4.b",10967,10967,8384,1949
"40D2E883AF32D84EAAD8E5D4215DF94BB5A1FE23","bin_plus\UNO_Data\StreamingAssets\preinstall\theme\memphis\animation\deck_sfx.b",6603,6603,4672,1950
"40D2E883AF32D84EAAD8E5D4215DF94BB5A1FE23","bin_plus\UNO_Data\StreamingAssets\preinstall\theme\memphis\animation\didnt_calluno.b",6526,6526,4670,1951
"40D2E883AF32D84EAAD8E5D4215DF94BB5A1FE23","bin_plus\UNO_Data\StreamingAssets\preinstall\theme\memphis\animation\drawcard.b",6590,6590,4737,1952
"40D2E883AF32D84EAAD8E5D4215DF94BB5A1FE23","bin_plus\UNO_Data\StreamingAssets\preinstall\theme\memphis\animation\drawtwo.b",19518,19518,13837,1953
"40D2E883AF32D84EAAD8E5D4215DF94BB5A1FE23","bin_plus\UNO_Data\StreamingAssets\preinstall\theme\memphis\animation\joker.b",235701,235701,196352,1954
"40D2E883AF32D84EAAD8E5D4215DF94BB5A1FE23","bin_plus\UNO_Data\StreamingAssets\preinstall\theme\memphis\animation\jump_in.b",79550,79550,60970,1955
"40D2E883AF32D84EAAD8E5D4215DF94BB5A1FE23","bin_plus\UNO_Data\StreamingAssets\preinstall\theme\memphis\animation\particle_cardglow.b",6115,6115,4299,1956
"40D2E883AF32D84EAAD8E5D4215DF94BB5A1FE23","bin_plus\UNO_Data\StreamingAssets\preinstall\theme\memphis\animation\pointtaken.b",11145,11145,8584,1957
"40D2E883AF32D84EAAD8E5D4215DF94BB5A1FE23","bin_plus\UNO_Data\StreamingAssets\preinstall\theme\memphis\animation\preparecalluno.b",6960,6960,5061,1958
"40D2E883AF32D84EAAD8E5D4215DF94BB5A1FE23","bin_plus\UNO_Data\StreamingAssets\preinstall\theme\memphis\animation\ps4_cross_button.b",113166,113166,90760,1959
"40D2E883AF32D84EAAD8E5D4215DF94BB5A1FE23","bin_plus\UNO_Data\StreamingAssets\preinstall\theme\memphis\animation\reverse.b",8246,8246,6234,1960
"40D2E883AF32D84EAAD8E5D4215DF94BB5A1FE23","bin_plus\UNO_Data\StreamingAssets\preinstall\theme\memphis\animation\sevenzero.b",30945,30945,19468,1961
"40D2E883AF32D84EAAD8E5D4215DF94BB5A1FE23","bin_plus\UNO_Data\StreamingAssets\preinstall\theme\memphis\animation\single_card.b",6194,6194,4368,1962
"40D2E883AF32D84EAAD8E5D4215DF94BB5A1FE23","bin_plus\UNO_Data\StreamingAssets\preinstall\theme\memphis\animation\skip.b",10760,10760,8215,1963
"40D2E883AF32D84EAAD8E5D4215DF94BB5A1FE23","bin_plus\UNO_Data\StreamingAssets\preinstall\theme\memphis\animation\stacking.b",10927,10927,8695,1964
"40D2E883AF32D84EAAD8E5D4215DF94BB5A1FE23","bin_plus\UNO_Data\StreamingAssets\preinstall\theme\memphis\animation\touch_screen.b",6508,6508,4616,1965
"40D2E883AF32D84EAAD8E5D4215DF94BB5A1FE23","bin_plus\UNO_Data\StreamingAssets\preinstall\theme\memphis\animation\tutorial_arrow.b",6146,6146,4330,1966
"40D2E883AF32D84EAAD8E5D4215DF94BB5A1FE23","bin_plus\UNO_Data\StreamingAssets\preinstall\theme\memphis\animation\voice_chat.b",7354,7354,5397,1967
"40D2E883AF32D84EAAD8E5D4215DF94BB5A1FE23","bin_plus\UNO_Data\StreamingAssets\preinstall\theme\memphis\animation\wild.b",242941,242941,201964,1968
"40D2E883AF32D84EAAD8E5D4215DF94BB5A1FE23","bin_plus\UNO_Data\StreamingAssets\preinstall\theme\memphis\animation\wild_ps4_cross_button.b",2772,2772,1691,1969
"40D2E883AF32D84EAAD8E5D4215DF94BB5A1FE23","bin_plus\UNO_Data\StreamingAssets\preinstall\theme\memphis\animation\xbox1_cross_button.b",11784,11784,8993,1970
"40D2E883AF32D84EAAD8E5D4215DF94BB5A1FE23","bin_plus\UNO_Data\StreamingAssets\preinstall\theme\memphis\animation\active_player\anicontroller.b",6806,6806,5508,1971
"40D2E883AF32D84EAAD8E5D4215DF94BB5A1FE23","bin_plus\UNO_Data\StreamingAssets\preinstall\theme\memphis\animation\arrows\anicontroller.b",5229,5229,4112,1972
"40D2E883AF32D84EAAD8E5D4215DF94BB5A1FE23","bin_plus\UNO_Data\StreamingAssets\preinstall\theme\memphis\animation\arrows\materials.b",2664,2664,2104,1973
"40D2E883AF32D84EAAD8E5D4215DF94BB5A1FE23","bin_plus\UNO_Data\StreamingAssets\preinstall\theme\memphis\animation\arrows\texture.b",192280,192280,164252,1974
"40D2E883AF32D84EAAD8E5D4215DF94BB5A1FE23","bin_plus\UNO_Data\StreamingAssets\preinstall\theme\memphis\animation\avater\anicontroller.b",5587,5587,4463,1975
"40D2E883AF32D84EAAD8E5D4215DF94BB5A1FE23","bin_plus\UNO_Data\StreamingAssets\preinstall\theme\memphis\animation\board_circle\anicontroller.b",4703,4703,3645,1976
"40D2E883AF32D84EAAD8E5D4215DF94BB5A1FE23","bin_plus\UNO_Data\StreamingAssets\preinstall\theme\memphis\animation\button_glow\anicontroller.b",5048,5048,3981,1977
"40D2E883AF32D84EAAD8E5D4215DF94BB5A1FE23","bin_plus\UNO_Data\StreamingAssets\preinstall\theme\memphis\animation\button_glow\materials.b",42495,42495,30530,1978
"40D2E883AF32D84EAAD8E5D4215DF94BB5A1FE23","bin_plus\UNO_Data\StreamingAssets\preinstall\theme\memphis\animation\call_uno\anicontroller.b",4701,4701,3676,1979
"40D2E883AF32D84EAAD8E5D4215DF94BB5A1FE23","bin_plus\UNO_Data\StreamingAssets\preinstall\theme\memphis\animation\challenge_wilddraw4\anicontroller.b",6568,6568,5281,1980
"40D2E883AF32D84EAAD8E5D4215DF94BB5A1FE23","bin_plus\UNO_Data\StreamingAssets\preinstall\theme\memphis\animation\challenge_wilddraw4\materials.b",2792,2792,2214,1981
"40D2E883AF32D84EAAD8E5D4215DF94BB5A1FE23","bin_plus\UNO_Data\StreamingAssets\preinstall\theme\memphis\animation\challenge_wilddraw4\mesh.b",46808,46808,33575,1982
"40D2E883AF32D84EAAD8E5D4215DF94BB5A1FE23","bin_plus\UNO_Data\StreamingAssets\preinstall\theme\memphis\animation\challenge_wilddraw4\texture.b",588165,588165,506207,1983
"40D2E883AF32D84EAAD8E5D4215DF94BB5A1FE23","bin_plus\UNO_Data\StreamingAssets\preinstall\theme\memphis\animation\deck_sfx\anicontroller.b",4681,4681,3628,1984
"40D2E883AF32D84EAAD8E5D4215DF94BB5A1FE23","bin_plus\UNO_Data\StreamingAssets\preinstall\theme\memphis\animation\didnt_calluno\anicontroller.b",4695,4695,3636,1985
"40D2E883AF32D84EAAD8E5D4215DF94BB5A1FE23","bin_plus\UNO_Data\StreamingAssets\preinstall\theme\memphis\animation\didnt_calluno\materials.b",2615,2615,2054,1986
"40D2E883AF32D84EAAD8E5D4215DF94BB5A1FE23","bin_plus\UNO_Data\StreamingAssets\preinstall\theme\memphis\animation\didnt_calluno\mesh.b",53333,53333,38369,1987
"40D2E883AF32D84EAAD8E5D4215DF94BB5A1FE23","bin_plus\UNO_Data\StreamingAssets\preinstall\theme\memphis\animation\didnt_calluno\texture.b",11378,11378,9239,1988
"40D2E883AF32D84EAAD8E5D4215DF94BB5A1FE23","bin_plus\UNO_Data\StreamingAssets\preinstall\theme\memphis\animation\drawcard\anicontroller.b",4928,4928,3851,1989
"40D2E883AF32D84EAAD8E5D4215DF94BB5A1FE23","bin_plus\UNO_Data\StreamingAssets\preinstall\theme\memphis\animation\drawcard\materials.b",2825,2825,2250,1990
"40D2E883AF32D84EAAD8E5D4215DF94BB5A1FE23","bin_plus\UNO_Data\StreamingAssets\preinstall\theme\memphis\animation\drawcard\mesh.b",47457,47457,34143,1991
"40D2E883AF32D84EAAD8E5D4215DF94BB5A1FE23","bin_plus\UNO_Data\StreamingAssets\preinstall\theme\memphis\animation\drawcard\texture.b",136040,136040,108578,1992
"40D2E883AF32D84EAAD8E5D4215DF94BB5A1FE23","bin_plus\UNO_Data\StreamingAssets\preinstall\theme\memphis\animation\drawtwo\anicontroller.b",11403,11403,9573,1993
"40D2E883AF32D84EAAD8E5D4215DF94BB5A1FE23","bin_plus\UNO_Data\StreamingAssets\preinstall\theme\memphis\animation\drawtwo\choosebottomplaceholder.b",10376,10376,7648,1994
"40D2E883AF32D84EAAD8E5D4215DF94BB5A1FE23","bin_plus\UNO_Data\StreamingAssets\preinstall\theme\memphis\animation\joker\anicontroller.b",6210,6210,4982,1995
"40D2E883AF32D84EAAD8E5D4215DF94BB5A1FE23","bin_plus\UNO_Data\StreamingAssets\preinstall\theme\memphis\animation\jump_in\anicontroller.b",5623,5623,4490,1996
"40D2E883AF32D84EAAD8E5D4215DF94BB5A1FE23","bin_plus\UNO_Data\StreamingAssets\preinstall\theme\memphis\animation\jump_in\materials.b",2906,2906,2313,1997
"40D2E883AF32D84EAAD8E5D4215DF94BB5A1FE23","bin_plus\UNO_Data\StreamingAssets\preinstall\theme\memphis\animation\jump_in\mesh.b",59446,59446,44189,1998
"40D2E883AF32D84EAAD8E5D4215DF94BB5A1FE23","bin_plus\UNO_Data\StreamingAssets\preinstall\theme\memphis\animation\jump_in\texture.b",141817,141817,114450,1999
"40D2E883AF32D84EAAD8E5D4215DF94BB5A1FE23","bin_plus\UNO_Data\StreamingAssets\preinstall\theme\memphis\animation\particle_cardglow\anicontroller.b",4703,4703,3676,2000
"40D2E883AF32D84EAAD8E5D4215DF94BB5A1FE23","bin_plus\UNO_Data\StreamingAssets\preinstall\theme\memphis\animation\preparecalluno\anicontroller.b",5079,5079,3981,2001
"40D2E883AF32D84EAAD8E5D4215DF94BB5A1FE23","bin_plus\UNO_Data\StreamingAssets\preinstall\theme\memphis\animation\ps4_cross_button\anicontroller.b",5193,5193,4117,2002
"40D2E883AF32D84EAAD8E5D4215DF94BB5A1FE23","bin_plus\UNO_Data\StreamingAssets\preinstall\theme\memphis\animation\reverse\anicontroller.b",5136,5136,4032,2003
"40D2E883AF32D84EAAD8E5D4215DF94BB5A1FE23","bin_plus\UNO_Data\StreamingAssets\preinstall\theme\memphis\animation\sevenzero\anicontroller.b",14452,14452,12227,2004
"40D2E883AF32D84EAAD8E5D4215DF94BB5A1FE23","bin_plus\UNO_Data\StreamingAssets\preinstall\theme\memphis\animation\sevenzero\materials.b",2680,2680,2111,2005
"40D2E883AF32D84EAAD8E5D4215DF94BB5A1FE23","bin_plus\UNO_Data\StreamingAssets\preinstall\theme\memphis\animation\single_card\anicontroller.b",4730,4730,3664,2006
"40D2E883AF32D84EAAD8E5D4215DF94BB5A1FE23","bin_plus\UNO_Data\StreamingAssets\preinstall\theme\memphis\animation\skip\anicontroller.b",7495,7495,6125,2007
"40D2E883AF32D84EAAD8E5D4215DF94BB5A1FE23","bin_plus\UNO_Data\StreamingAssets\preinstall\theme\memphis\animation\stacking\anicontroller.b",5930,5930,4712,2008
"40D2E883AF32D84EAAD8E5D4215DF94BB5A1FE23","bin_plus\UNO_Data\StreamingAssets\preinstall\theme\memphis\animation\stacking\materials.b",2840,2840,2257,2009
"40D2E883AF32D84EAAD8E5D4215DF94BB5A1FE23","bin_plus\UNO_Data\StreamingAssets\preinstall\theme\memphis\animation\stacking\texture.b",247056,247056,210893,2010
"40D2E883AF32D84EAAD8E5D4215DF94BB5A1FE23","bin_plus\UNO_Data\StreamingAssets\preinstall\theme\memphis\animation\theme_picker\texture.b",764858,764858,673099,2011
"40D2E883AF32D84EAAD8E5D4215DF94BB5A1FE23","bin_plus\UNO_Data\StreamingAssets\preinstall\theme\memphis\animation\touch_screen\anicontroller.b",4930,4930,3865,2012
"40D2E883AF32D84EAAD8E5D4215DF94BB5A1FE23","bin_plus\UNO_Data\StreamingAssets\preinstall\theme\memphis\animation\tutorial_arrow\anicontroller.b",4697,4697,3643,2013
"40D2E883AF32D84EAAD8E5D4215DF94BB5A1FE23","bin_plus\UNO_Data\StreamingAssets\preinstall\theme\memphis\animation\tutorial_arrow\materials.b",19896,19896,11075,2014
"40D2E883AF32D84EAAD8E5D4215DF94BB5A1FE23","bin_plus\UNO_Data\StreamingAssets\preinstall\theme\memphis\animation\tutorial_arrow\texture.b",43088,43088,38268,2015
"40D2E883AF32D84EAAD8E5D4215DF94BB5A1FE23","bin_plus\UNO_Data\StreamingAssets\preinstall\theme\memphis\animation\voice_chat\anicontroller.b",4691,4691,3630,2016
"40D2E883AF32D84EAAD8E5D4215DF94BB5A1FE23","bin_plus\UNO_Data\StreamingAssets\preinstall\theme\memphis\animation\voice_chat\materials.b",2727,2727,2155,2017
"40D2E883AF32D84EAAD8E5D4215DF94BB5A1FE23","bin_plus\UNO_Data\StreamingAssets\preinstall\theme\memphis\animation\voice_chat\texture.b",26129,26129,23504,2018
"40D2E883AF32D84EAAD8E5D4215DF94BB5A1FE23","bin_plus\UNO_Data\StreamingAssets\preinstall\theme\memphis\animation\wild\anicontroller.b",6188,6188,4924,2019
"40D2E883AF32D84EAAD8E5D4215DF94BB5A1FE23","bin_plus\UNO_Data\StreamingAssets\preinstall\theme\memphis\animation\wild_ps4_cross_button\materials.b",44049,44049,31904,2020
"40D2E883AF32D84EAAD8E5D4215DF94BB5A1FE23","bin_plus\UNO_Data\StreamingAssets\preinstall\theme\memphis\animation\xbox1_cross_button\anicontroller.b",5616,5616,4447,2021
"40D2E883AF32D84EAAD8E5D4215DF94BB5A1FE23","bin_plus\UNO_Data\StreamingAssets\preinstall\theme\memphis\animation\xbox1_cross_button\materials.b",2626,2626,2058,2022
"40D2E883AF32D84EAAD8E5D4215DF94BB5A1FE23","bin_plus\UNO_Data\StreamingAssets\preinstall\theme\memphis\animation\xbox1_cross_button\mesh.b",61656,61656,46953,2023
"40D2E883AF32D84EAAD8E5D4215DF94BB5A1FE23","bin_plus\UNO_Data\StreamingAssets\preinstall\theme\memphis\animation\xbox1_cross_button\texture.b",2248,2248,1694,2024
"40D2E883AF32D84EAAD8E5D4215DF94BB5A1FE23","bin_plus\UNO_Data\StreamingAssets\preinstall\theme\memphis\background\vfx.b",1899597,1899597,1521164,2025
"40D2E883AF32D84EAAD8E5D4215DF94BB5A1FE23","bin_plus\UNO_Data\StreamingAssets\preinstall\theme\memphis\cardanimation\sevenzero.b",6411,6411,4546,2026
"40D2E883AF32D84EAAD8E5D4215DF94BB5A1FE23","bin_plus\UNO_Data\StreamingAssets\preinstall\theme\memphis\cardcoveringeffect\colorchangeeffect.b",585891,585891,407962,2027
"40D2E883AF32D84EAAD8E5D4215DF94BB5A1FE23","bin_plus\UNO_Data\StreamingAssets\preinstall\theme\memphis\classic_board\board_circle.b",366530,366530,284752,2028
"40D2E883AF32D84EAAD8E5D4215DF94BB5A1FE23","bin_plus\UNO_Data\StreamingAssets\preinstall\theme\memphis\classic_board\board_glow.b",254012,254012,222115,2029
"40D2E883AF32D84EAAD8E5D4215DF94BB5A1FE23","bin_plus\UNO_Data\StreamingAssets\preinstall\theme\memphis\classic_board\board_red.b",135057,135057,112573,2030
"40D2E883AF32D84EAAD8E5D4215DF94BB5A1FE23","bin_plus\UNO_Data\StreamingAssets\preinstall\theme\memphis\classic_board\board_yellow.b",451783,451783,383637,2031
"40D2E883AF32D84EAAD8E5D4215DF94BB5A1FE23","bin_plus\UNO_Data\StreamingAssets\preinstall\theme\memphis\classic_board\card_deck.b",151478,151478,124296,2032
"40D2E883AF32D84EAAD8E5D4215DF94BB5A1FE23","bin_plus\UNO_Data\StreamingAssets\preinstall\theme\memphis\gfx\card_shadow.b",51951,51951,37387,2033
"40D2E883AF32D84EAAD8E5D4215DF94BB5A1FE23","bin_plus\UNO_Data\StreamingAssets\preinstall\theme\memphis\gfx\active_player\materials.b",2671,2671,2101,2034
"40D2E883AF32D84EAAD8E5D4215DF94BB5A1FE23","bin_plus\UNO_Data\StreamingAssets\preinstall\theme\memphis\gfx\active_player\mesh.b",54441,54441,40419,2035
"40D2E883AF32D84EAAD8E5D4215DF94BB5A1FE23","bin_plus\UNO_Data\StreamingAssets\preinstall\theme\memphis\gfx\active_player\texture.b",27591,27591,24843,2036
"40D2E883AF32D84EAAD8E5D4215DF94BB5A1FE23","bin_plus\UNO_Data\StreamingAssets\preinstall\theme\memphis\gfx\avater\materials.b",4339,4339,3521,2037
"40D2E883AF32D84EAAD8E5D4215DF94BB5A1FE23","bin_plus\UNO_Data\StreamingAssets\preinstall\theme\memphis\gfx\avater\mesh.b",46452,46452,33365,2038
"40D2E883AF32D84EAAD8E5D4215DF94BB5A1FE23","bin_plus\UNO_Data\StreamingAssets\preinstall\theme\memphis\gfx\avater\texture.b",446792,446792,354222,2039
"40D2E883AF32D84EAAD8E5D4215DF94BB5A1FE23","bin_plus\UNO_Data\StreamingAssets\preinstall\theme\memphis\gfx\background_sphere\materials.b",2918,2918,2318,2040
"40D2E883AF32D84EAAD8E5D4215DF94BB5A1FE23","bin_plus\UNO_Data\StreamingAssets\preinstall\theme\memphis\gfx\background_sphere\mesh.b",65497,65497,49975,2041
"40D2E883AF32D84EAAD8E5D4215DF94BB5A1FE23","bin_plus\UNO_Data\StreamingAssets\preinstall\theme\memphis\gfx\background_sphere\texture.b",103891,103891,75274,2042
"40D2E883AF32D84EAAD8E5D4215DF94BB5A1FE23","bin_plus\UNO_Data\StreamingAssets\preinstall\theme\memphis\gfx\call_uno\materials.b",3368,3368,2744,2043
"40D2E883AF32D84EAAD8E5D4215DF94BB5A1FE23","bin_plus\UNO_Data\StreamingAssets\preinstall\theme\memphis\gfx\call_uno\mesh.b",77511,77511,59213,2044
"40D2E883AF32D84EAAD8E5D4215DF94BB5A1FE23","bin_plus\UNO_Data\StreamingAssets\preinstall\theme\memphis\gfx\call_uno\texture.b",909119,909119,572059,2045
"40D2E883AF32D84EAAD8E5D4215DF94BB5A1FE23","bin_plus\UNO_Data\StreamingAssets\preinstall\theme\memphis\gfx\card_shadow\texture.b",17884,17884,12721,2046
"40D2E883AF32D84EAAD8E5D4215DF94BB5A1FE23","bin_plus\UNO_Data\StreamingAssets\preinstall\theme\memphis\gfx\cursor\materials.b",43146,43146,31090,2047
"40D2E883AF32D84EAAD8E5D4215DF94BB5A1FE23","bin_plus\UNO_Data\StreamingAssets\preinstall\theme\memphis\gfx\cursor\mesh.b",64708,64708,48886,2048
"40D2E883AF32D84EAAD8E5D4215DF94BB5A1FE23","bin_plus\UNO_Data\StreamingAssets\preinstall\theme\memphis\gfx\cursor\texture.b",104778,104778,50269,2049
"40D2E883AF32D84EAAD8E5D4215DF94BB5A1FE23","bin_plus\UNO_Data\StreamingAssets\preinstall\theme\memphis\gfx\drawfour\materials.b",2815,2815,2238,2050
"40D2E883AF32D84EAAD8E5D4215DF94BB5A1FE23","bin_plus\UNO_Data\StreamingAssets\preinstall\theme\memphis\gfx\drawfour\texture.b",377133,377133,330949,2051
"40D2E883AF32D84EAAD8E5D4215DF94BB5A1FE23","bin_plus\UNO_Data\StreamingAssets\preinstall\theme\memphis\gfx\drawtwo\materials.b",2968,2968,2368,2052
"40D2E883AF32D84EAAD8E5D4215DF94BB5A1FE23","bin_plus\UNO_Data\StreamingAssets\preinstall\theme\memphis\gfx\drawtwo\mesh.b",59230,59230,45404,2053
"40D2E883AF32D84EAAD8E5D4215DF94BB5A1FE23","bin_plus\UNO_Data\StreamingAssets\preinstall\theme\memphis\gfx\drawtwo\texture.b",455966,455966,262633,2054
"40D2E883AF32D84EAAD8E5D4215DF94BB5A1FE23","bin_plus\UNO_Data\StreamingAssets\preinstall\theme\memphis\gfx\particle_cardglow\materials.b",3465,3465,2807,2055
"40D2E883AF32D84EAAD8E5D4215DF94BB5A1FE23","bin_plus\UNO_Data\StreamingAssets\preinstall\theme\memphis\gfx\particle_cardglow\mesh.b",51593,51593,37830,2056
"40D2E883AF32D84EAAD8E5D4215DF94BB5A1FE23","bin_plus\UNO_Data\StreamingAssets\preinstall\theme\memphis\gfx\particle_cardglow\texture.b",311836,311836,250606,2057
"40D2E883AF32D84EAAD8E5D4215DF94BB5A1FE23","bin_plus\UNO_Data\StreamingAssets\preinstall\theme\memphis\gfx\pointtaken\mesh.b",97016,97016,78512,2058
"40D2E883AF32D84EAAD8E5D4215DF94BB5A1FE23","bin_plus\UNO_Data\StreamingAssets\preinstall\theme\memphis\gfx\reverse\materials.b",292110,292110,203893,2059
"40D2E883AF32D84EAAD8E5D4215DF94BB5A1FE23","bin_plus\UNO_Data\StreamingAssets\preinstall\theme\memphis\gfx\reverse\mesh.b",80298,80298,62691,2060
"40D2E883AF32D84EAAD8E5D4215DF94BB5A1FE23","bin_plus\UNO_Data\StreamingAssets\preinstall\theme\memphis\gfx\reverse\texture.b",473335,473335,335978,2061
"40D2E883AF32D84EAAD8E5D4215DF94BB5A1FE23","bin_plus\UNO_Data\StreamingAssets\preinstall\theme\memphis\gfx\sevenzero\materials.b",3430,3430,2781,2062
"40D2E883AF32D84EAAD8E5D4215DF94BB5A1FE23","bin_plus\UNO_Data\StreamingAssets\preinstall\theme\memphis\gfx\sevenzero\mesh.b",63126,63126,48958,2063
"40D2E883AF32D84EAAD8E5D4215DF94BB5A1FE23","bin_plus\UNO_Data\StreamingAssets\preinstall\theme\memphis\gfx\sevenzero\texture.b",786919,786919,505472,2064
"40D2E883AF32D84EAAD8E5D4215DF94BB5A1FE23","bin_plus\UNO_Data\StreamingAssets\preinstall\theme\memphis\gfx\single_card\materials.b",2776,2776,2201,2065
"40D2E883AF32D84EAAD8E5D4215DF94BB5A1FE23","bin_plus\UNO_Data\StreamingAssets\preinstall\theme\memphis\gfx\single_card\texture.b",161332,161332,137556,2066
"40D2E883AF32D84EAAD8E5D4215DF94BB5A1FE23","bin_plus\UNO_Data\StreamingAssets\preinstall\theme\memphis\gfx\skip\materials.b",3354,3354,2733,2067
"40D2E883AF32D84EAAD8E5D4215DF94BB5A1FE23","bin_plus\UNO_Data\StreamingAssets\preinstall\theme\memphis\gfx\skip\mesh.b",82638,82638,62917,2068
"40D2E883AF32D84EAAD8E5D4215DF94BB5A1FE23","bin_plus\UNO_Data\StreamingAssets\preinstall\theme\memphis\gfx\skip\texture.b",576804,576804,457575,2069
"40D2E883AF32D84EAAD8E5D4215DF94BB5A1FE23","bin_plus\UNO_Data\StreamingAssets\preinstall\theme\memphis\gfx\touch_screen\materials.b",2664,2664,2081,2070
"40D2E883AF32D84EAAD8E5D4215DF94BB5A1FE23","bin_plus\UNO_Data\StreamingAssets\preinstall\theme\memphis\gfx\touch_screen\texture.b",14061,14061,12359,2071
"40D2E883AF32D84EAAD8E5D4215DF94BB5A1FE23","bin_plus\UNO_Data\StreamingAssets\preinstall\theme\memphis\gfx_fx\material.b",7653,7653,6568,2072
"40D2E883AF32D84EAAD8E5D4215DF94BB5A1FE23","bin_plus\UNO_Data\StreamingAssets\preinstall\theme\memphis\gfx_fx\mesh.b",168866,168866,127934,2073
"40D2E883AF32D84EAAD8E5D4215DF94BB5A1FE23","bin_plus\UNO_Data\StreamingAssets\preinstall\theme\memphis\gfx_fx\texture.b",3109730,3109730,2576556,2074
"40D2E883AF32D84EAAD8E5D4215DF94BB5A1FE23","bin_plus\UNO_Data\StreamingAssets\preinstall\theme\memphis\gfx_fx\vfxanimation.b",9510,9510,6948,2075
"40D2E883AF32D84EAAD8E5D4215DF94BB5A1FE23","bin_plus\UNO_Data\StreamingAssets\preinstall\theme\memphis\gfx_fx\texture\materials.b",2595,2595,2045,2076
"40D2E883AF32D84EAAD8E5D4215DF94BB5A1FE23","bin_plus\UNO_Data\StreamingAssets\preinstall\theme\memphis\popup\texture.b",7898968,7898968,6104288,2077
"40D2E883AF32D84EAAD8E5D4215DF94BB5A1FE23","bin_plus\UNO_Data\StreamingAssets\preinstall\theme\memphis\prefabs\gfx.b",421536,421536,287660,2078
"40D2E883AF32D84EAAD8E5D4215DF94BB5A1FE23","bin_plus\UNO_Data\StreamingAssets\preinstall\theme\memphis\sceneresources\party_board.b",5724481,5724481,4632444,2079
"40D2E883AF32D84EAAD8E5D4215DF94BB5A1FE23","bin_plus\UNO_Data\StreamingAssets\preinstall\theme\memphis\sceneresources\party_wildpileup_backgroud.b",2847,2847,2250,2080
"40D2E883AF32D84EAAD8E5D4215DF94BB5A1FE23","bin_plus\UNO_Data\StreamingAssets\preinstall\theme\memphis\skybox\materials.b",2694,2694,2121,2081
"40D2E883AF32D84EAAD8E5D4215DF94BB5A1FE23","bin_plus\UNO_Data\StreamingAssets\preinstall\theme\memphis\skybox\texture.b",158868,158868,128809,2082
"40D2E883AF32D84EAAD8E5D4215DF94BB5A1FE23","bin_plus\UNO_Data\StreamingAssets\preinstall\theme\memphis\themecards\pointtakencard.b",12804,12804,9895,2083
"40D2E883AF32D84EAAD8E5D4215DF94BB5A1FE23","bin_plus\UNO_Data\StreamingAssets\preinstall\theme\memphis\themecards\wilddrawntogether.b",10021,10021,7560,2084
"40D2E883AF32D84EAAD8E5D4215DF94BB5A1FE23","bin_plus\UNO_Data\StreamingAssets\preinstall\theme\memphis\themecards\wildpileup.b",10267,10267,7638,2085
"40D2E883AF32D84EAAD8E5D4215DF94BB5A1FE23","bin_plus\UNO_Data\StreamingAssets\preinstall\theme\memphis\themecards\pointtakencard\mesh.b",41433,41433,36517,2086
"40D2E883AF32D84EAAD8E5D4215DF94BB5A1FE23","bin_plus\UNO_Data\StreamingAssets\preinstall\theme\memphis\themecards\pointtakencard\texture.b",882599,882599,743484,2087
"40D2E883AF32D84EAAD8E5D4215DF94BB5A1FE23","bin_plus\UNO_Data\StreamingAssets\preinstall\theme\memphis\themecards\wilddrawntogether\mesh.b",26598,26598,20060,2088
"40D2E883AF32D84EAAD8E5D4215DF94BB5A1FE23","bin_plus\UNO_Data\StreamingAssets\preinstall\theme\memphis\themecards\wilddrawntogether\texture.b",470584,470584,401548,2089
"40D2E883AF32D84EAAD8E5D4215DF94BB5A1FE23","bin_plus\UNO_Data\StreamingAssets\preinstall\theme\memphis\themecards\wildpileup\mesh.b",8357,8357,6370,2090
"40D2E883AF32D84EAAD8E5D4215DF94BB5A1FE23","bin_plus\UNO_Data\StreamingAssets\preinstall\theme\memphis\themecards\wildpileup\texture.b",672156,672156,379856,2091
"40D2E883AF32D84EAAD8E5D4215DF94BB5A1FE23","bin_plus\UNO_Data\StreamingAssets\preinstall\theme\nomercy\arrow.b",533855,533855,385969,2092
"40D2E883AF32D84EAAD8E5D4215DF94BB5A1FE23","bin_plus\UNO_Data\StreamingAssets\preinstall\theme\nomercy\background.b",1628434,1628434,1336100,2093
"40D2E883AF32D84EAAD8E5D4215DF94BB5A1FE23","bin_plus\UNO_Data\StreamingAssets\preinstall\theme\nomercy\cardanimation.b",129461,129461,109356,2094
"40D2E883AF32D84EAAD8E5D4215DF94BB5A1FE23","bin_plus\UNO_Data\StreamingAssets\preinstall\theme\nomercy\cards.b",81026,81026,46769,2095
"40D2E883AF32D84EAAD8E5D4215DF94BB5A1FE23","bin_plus\UNO_Data\StreamingAssets\preinstall\theme\nomercy\popup.b",4237669,4237669,3479029,2096
"40D2E883AF32D84EAAD8E5D4215DF94BB5A1FE23","bin_plus\UNO_Data\StreamingAssets\preinstall\theme\nomercy\prefabs.b",309781,309781,273848,2097
"40D2E883AF32D84EAAD8E5D4215DF94BB5A1FE23","bin_plus\UNO_Data\StreamingAssets\preinstall\theme\nomercy\themecards.b",2222209,2222209,1998476,2098
"40D2E883AF32D84EAAD8E5D4215DF94BB5A1FE23","bin_plus\UNO_Data\StreamingAssets\preinstall\theme\nomercy\vfx.b",47658,47658,34248,2099
"40D2E883AF32D84EAAD8E5D4215DF94BB5A1FE23","bin_plus\UNO_Data\StreamingAssets\preinstall\theme\nomercy\animation\active_player.b",7839,7839,5631,2100
"40D2E883AF32D84EAAD8E5D4215DF94BB5A1FE23","bin_plus\UNO_Data\StreamingAssets\preinstall\theme\nomercy\animation\arrows.b",21442,21442,17053,2101
"40D2E883AF32D84EAAD8E5D4215DF94BB5A1FE23","bin_plus\UNO_Data\StreamingAssets\preinstall\theme\nomercy\animation\avater.b",9638,9638,7181,2102
"40D2E883AF32D84EAAD8E5D4215DF94BB5A1FE23","bin_plus\UNO_Data\StreamingAssets\preinstall\theme\nomercy\animation\board_circle.b",6461,6461,4546,2103
"40D2E883AF32D84EAAD8E5D4215DF94BB5A1FE23","bin_plus\UNO_Data\StreamingAssets\preinstall\theme\nomercy\animation\button_glow.b",154314,154314,130275,2104
"40D2E883AF32D84EAAD8E5D4215DF94BB5A1FE23","bin_plus\UNO_Data\StreamingAssets\preinstall\theme\nomercy\animation\call_uno.b",22078,22078,19143,2105
"40D2E883AF32D84EAAD8E5D4215DF94BB5A1FE23","bin_plus\UNO_Data\StreamingAssets\preinstall\theme\nomercy\animation\deck_sfx.b",6602,6602,4678,2106
"40D2E883AF32D84EAAD8E5D4215DF94BB5A1FE23","bin_plus\UNO_Data\StreamingAssets\preinstall\theme\nomercy\animation\didnt_calluno.b",6517,6517,4662,2107
"40D2E883AF32D84EAAD8E5D4215DF94BB5A1FE23","bin_plus\UNO_Data\StreamingAssets\preinstall\theme\nomercy\animation\drawcard.b",6578,6578,4744,2108
"40D2E883AF32D84EAAD8E5D4215DF94BB5A1FE23","bin_plus\UNO_Data\StreamingAssets\preinstall\theme\nomercy\animation\drawtwo.b",19440,19440,13853,2109
"40D2E883AF32D84EAAD8E5D4215DF94BB5A1FE23","bin_plus\UNO_Data\StreamingAssets\preinstall\theme\nomercy\animation\joker.b",495834,495834,412297,2110
"40D2E883AF32D84EAAD8E5D4215DF94BB5A1FE23","bin_plus\UNO_Data\StreamingAssets\preinstall\theme\nomercy\animation\jump_in.b",79621,79621,61021,2111
"40D2E883AF32D84EAAD8E5D4215DF94BB5A1FE23","bin_plus\UNO_Data\StreamingAssets\preinstall\theme\nomercy\animation\particle_cardglow.b",6115,6115,4303,2112
"40D2E883AF32D84EAAD8E5D4215DF94BB5A1FE23","bin_plus\UNO_Data\StreamingAssets\preinstall\theme\nomercy\animation\preparecalluno.b",6959,6959,5062,2113
"40D2E883AF32D84EAAD8E5D4215DF94BB5A1FE23","bin_plus\UNO_Data\StreamingAssets\preinstall\theme\nomercy\animation\ps4_cross_button.b",118122,118122,92001,2114
"40D2E883AF32D84EAAD8E5D4215DF94BB5A1FE23","bin_plus\UNO_Data\StreamingAssets\preinstall\theme\nomercy\animation\reverse.b",8280,8280,6303,2115
"40D2E883AF32D84EAAD8E5D4215DF94BB5A1FE23","bin_plus\UNO_Data\StreamingAssets\preinstall\theme\nomercy\animation\sevenzero.b",31999,31999,20208,2116
"40D2E883AF32D84EAAD8E5D4215DF94BB5A1FE23","bin_plus\UNO_Data\StreamingAssets\preinstall\theme\nomercy\animation\single_card.b",6194,6194,4369,2117
"40D2E883AF32D84EAAD8E5D4215DF94BB5A1FE23","bin_plus\UNO_Data\StreamingAssets\preinstall\theme\nomercy\animation\skip.b",10606,10606,8171,2118
"40D2E883AF32D84EAAD8E5D4215DF94BB5A1FE23","bin_plus\UNO_Data\StreamingAssets\preinstall\theme\nomercy\animation\stacking.b",10884,10884,8661,2119
"40D2E883AF32D84EAAD8E5D4215DF94BB5A1FE23","bin_plus\UNO_Data\StreamingAssets\preinstall\theme\nomercy\animation\touch_screen.b",6515,6515,4627,2120
"40D2E883AF32D84EAAD8E5D4215DF94BB5A1FE23","bin_plus\UNO_Data\StreamingAssets\preinstall\theme\nomercy\animation\tutorial_arrow.b",6140,6140,4339,2121
"40D2E883AF32D84EAAD8E5D4215DF94BB5A1FE23","bin_plus\UNO_Data\StreamingAssets\preinstall\theme\nomercy\animation\voice_chat.b",7344,7344,5399,2122
"40D2E883AF32D84EAAD8E5D4215DF94BB5A1FE23","bin_plus\UNO_Data\StreamingAssets\preinstall\theme\nomercy\animation\wild.b",242161,242161,201749,2123
"40D2E883AF32D84EAAD8E5D4215DF94BB5A1FE23","bin_plus\UNO_Data\StreamingAssets\preinstall\theme\nomercy\animation\wild_ps4_cross_button.b",2772,2772,1707,2124
"40D2E883AF32D84EAAD8E5D4215DF94BB5A1FE23","bin_plus\UNO_Data\StreamingAssets\preinstall\theme\nomercy\animation\xbox1_cross_button.b",11747,11747,8935,2125
"40D2E883AF32D84EAAD8E5D4215DF94BB5A1FE23","bin_plus\UNO_Data\StreamingAssets\preinstall\theme\nomercy\animation\active_player\anicontroller.b",6803,6803,5464,2126
"40D2E883AF32D84EAAD8E5D4215DF94BB5A1FE23","bin_plus\UNO_Data\StreamingAssets\preinstall\theme\nomercy\animation\arrows\materials.b",2632,2632,2076,2127
"40D2E883AF32D84EAAD8E5D4215DF94BB5A1FE23","bin_plus\UNO_Data\StreamingAssets\preinstall\theme\nomercy\animation\arrows\texture.b",192280,192280,164253,2128
"40D2E883AF32D84EAAD8E5D4215DF94BB5A1FE23","bin_plus\UNO_Data\StreamingAssets\preinstall\theme\nomercy\animation\avater\anicontroller.b",5590,5590,4458,2129
"40D2E883AF32D84EAAD8E5D4215DF94BB5A1FE23","bin_plus\UNO_Data\StreamingAssets\preinstall\theme\nomercy\animation\board_circle\anicontroller.b",4700,4700,3642,2130
"40D2E883AF32D84EAAD8E5D4215DF94BB5A1FE23","bin_plus\UNO_Data\StreamingAssets\preinstall\theme\nomercy\animation\button_glow\anicontroller.b",5047,5047,3981,2131
"40D2E883AF32D84EAAD8E5D4215DF94BB5A1FE23","bin_plus\UNO_Data\StreamingAssets\preinstall\theme\nomercy\animation\button_glow\materials.b",42652,42652,30638,2132
"40D2E883AF32D84EAAD8E5D4215DF94BB5A1FE23","bin_plus\UNO_Data\StreamingAssets\preinstall\theme\nomercy\animation\call_uno\anicontroller.b",4703,4703,3677,2133
"40D2E883AF32D84EAAD8E5D4215DF94BB5A1FE23","bin_plus\UNO_Data\StreamingAssets\preinstall\theme\nomercy\animation\deck_sfx\anicontroller.b",4681,4681,3629,2134
"40D2E883AF32D84EAAD8E5D4215DF94BB5A1FE23","bin_plus\UNO_Data\StreamingAssets\preinstall\theme\nomercy\animation\didnt_calluno\anicontroller.b",4694,4694,3636,2135
"40D2E883AF32D84EAAD8E5D4215DF94BB5A1FE23","bin_plus\UNO_Data\StreamingAssets\preinstall\theme\nomercy\animation\didnt_calluno\materials.b",2582,2582,2028,2136
"40D2E883AF32D84EAAD8E5D4215DF94BB5A1FE23","bin_plus\UNO_Data\StreamingAssets\preinstall\theme\nomercy\animation\didnt_calluno\mesh.b",53600,53600,38612,2137
"40D2E883AF32D84EAAD8E5D4215DF94BB5A1FE23","bin_plus\UNO_Data\StreamingAssets\preinstall\theme\nomercy\animation\didnt_calluno\texture.b",11371,11371,9221,2138
"40D2E883AF32D84EAAD8E5D4215DF94BB5A1FE23","bin_plus\UNO_Data\StreamingAssets\preinstall\theme\nomercy\animation\drawcard\anicontroller.b",4936,4936,3881,2139
"40D2E883AF32D84EAAD8E5D4215DF94BB5A1FE23","bin_plus\UNO_Data\StreamingAssets\preinstall\theme\nomercy\animation\drawcard\materials.b",2858,2858,2278,2140
"40D2E883AF32D84EAAD8E5D4215DF94BB5A1FE23","bin_plus\UNO_Data\StreamingAssets\preinstall\theme\nomercy\animation\drawcard\mesh.b",47548,47548,34230,2141
"40D2E883AF32D84EAAD8E5D4215DF94BB5A1FE23","bin_plus\UNO_Data\StreamingAssets\preinstall\theme\nomercy\animation\drawcard\texture.b",134407,134407,107542,2142
"40D2E883AF32D84EAAD8E5D4215DF94BB5A1FE23","bin_plus\UNO_Data\StreamingAssets\preinstall\theme\nomercy\animation\drawtwo\anicontroller.b",11405,11405,9538,2143
"40D2E883AF32D84EAAD8E5D4215DF94BB5A1FE23","bin_plus\UNO_Data\StreamingAssets\preinstall\theme\nomercy\animation\drawtwo\choosebottomplaceholder.b",10365,10365,7655,2144
"40D2E883AF32D84EAAD8E5D4215DF94BB5A1FE23","bin_plus\UNO_Data\StreamingAssets\preinstall\theme\nomercy\animation\joker\anicontroller.b",6202,6202,4931,2145
"40D2E883AF32D84EAAD8E5D4215DF94BB5A1FE23","bin_plus\UNO_Data\StreamingAssets\preinstall\theme\nomercy\animation\jump_in\anicontroller.b",5625,5625,4470,2146
"40D2E883AF32D84EAAD8E5D4215DF94BB5A1FE23","bin_plus\UNO_Data\StreamingAssets\preinstall\theme\nomercy\animation\jump_in\materials.b",2906,2906,2318,2147
"40D2E883AF32D84EAAD8E5D4215DF94BB5A1FE23","bin_plus\UNO_Data\StreamingAssets\preinstall\theme\nomercy\animation\jump_in\mesh.b",59759,59759,44436,2148
"40D2E883AF32D84EAAD8E5D4215DF94BB5A1FE23","bin_plus\UNO_Data\StreamingAssets\preinstall\theme\nomercy\animation\jump_in\texture.b",143158,143158,108581,2149
"40D2E883AF32D84EAAD8E5D4215DF94BB5A1FE23","bin_plus\UNO_Data\StreamingAssets\preinstall\theme\nomercy\animation\particle_cardglow\anicontroller.b",4706,4706,3648,2150
"40D2E883AF32D84EAAD8E5D4215DF94BB5A1FE23","bin_plus\UNO_Data\StreamingAssets\preinstall\theme\nomercy\animation\preparecalluno\anicontroller.b",5079,5079,3980,2151
"40D2E883AF32D84EAAD8E5D4215DF94BB5A1FE23","bin_plus\UNO_Data\StreamingAssets\preinstall\theme\nomercy\animation\ps4_cross_button\anicontroller.b",5194,5194,4112,2152
"40D2E883AF32D84EAAD8E5D4215DF94BB5A1FE23","bin_plus\UNO_Data\StreamingAssets\preinstall\theme\nomercy\animation\reverse\anicontroller.b",5137,5137,4058,2153
"40D2E883AF32D84EAAD8E5D4215DF94BB5A1FE23","bin_plus\UNO_Data\StreamingAssets\preinstall\theme\nomercy\animation\sevenzero\anicontroller.b",14472,14472,12231,2154
"40D2E883AF32D84EAAD8E5D4215DF94BB5A1FE23","bin_plus\UNO_Data\StreamingAssets\preinstall\theme\nomercy\animation\sevenzero\materials.b",2709,2709,2135,2155
"40D2E883AF32D84EAAD8E5D4215DF94BB5A1FE23","bin_plus\UNO_Data\StreamingAssets\preinstall\theme\nomercy\animation\single_card\anicontroller.b",4733,4733,3698,2156
"40D2E883AF32D84EAAD8E5D4215DF94BB5A1FE23","bin_plus\UNO_Data\StreamingAssets\preinstall\theme\nomercy\animation\skip\anicontroller.b",7500,7500,6125,2157
"40D2E883AF32D84EAAD8E5D4215DF94BB5A1FE23","bin_plus\UNO_Data\StreamingAssets\preinstall\theme\nomercy\animation\stacking\anicontroller.b",5915,5915,4712,2158
"40D2E883AF32D84EAAD8E5D4215DF94BB5A1FE23","bin_plus\UNO_Data\StreamingAssets\preinstall\theme\nomercy\animation\stacking\materials.b",2840,2840,2253,2159
"40D2E883AF32D84EAAD8E5D4215DF94BB5A1FE23","bin_plus\UNO_Data\StreamingAssets\preinstall\theme\nomercy\animation\stacking\texture.b",248298,248298,211971,2160
"40D2E883AF32D84EAAD8E5D4215DF94BB5A1FE23","bin_plus\UNO_Data\StreamingAssets\preinstall\theme\nomercy\animation\theme_picker\texture.b",7759,7759,1705,2161
"40D2E883AF32D84EAAD8E5D4215DF94BB5A1FE23","bin_plus\UNO_Data\StreamingAssets\preinstall\theme\nomercy\animation\touch_screen\anicontroller.b",4928,4928,3863,2162
"40D2E883AF32D84EAAD8E5D4215DF94BB5A1FE23","bin_plus\UNO_Data\StreamingAssets\preinstall\theme\nomercy\animation\tutorial_arrow\anicontroller.b",4701,4701,3673,2163
"40D2E883AF32D84EAAD8E5D4215DF94BB5A1FE23","bin_plus\UNO_Data\StreamingAssets\preinstall\theme\nomercy\animation\tutorial_arrow\materials.b",19866,19866,11049,2164
"40D2E883AF32D84EAAD8E5D4215DF94BB5A1FE23","bin_plus\UNO_Data\StreamingAssets\preinstall\theme\nomercy\animation\tutorial_arrow\texture.b",43087,43087,38266,2165
"40D2E883AF32D84EAAD8E5D4215DF94BB5A1FE23","bin_plus\UNO_Data\StreamingAssets\preinstall\theme\nomercy\animation\voice_chat\anicontroller.b",4693,4693,3667,2166
"40D2E883AF32D84EAAD8E5D4215DF94BB5A1FE23","bin_plus\UNO_Data\StreamingAssets\preinstall\theme\nomercy\animation\voice_chat\materials.b",2725,2725,2156,2167
"40D2E883AF32D84EAAD8E5D4215DF94BB5A1FE23","bin_plus\UNO_Data\StreamingAssets\preinstall\theme\nomercy\animation\voice_chat\texture.b",26132,26132,23500,2168
"40D2E883AF32D84EAAD8E5D4215DF94BB5A1FE23","bin_plus\UNO_Data\StreamingAssets\preinstall\theme\nomercy\animation\wild\anicontroller.b",6187,6187,4922,2169
"40D2E883AF32D84EAAD8E5D4215DF94BB5A1FE23","bin_plus\UNO_Data\StreamingAssets\preinstall\theme\nomercy\animation\wild_ps4_cross_button\materials.b",44088,44088,31904,2170
"40D2E883AF32D84EAAD8E5D4215DF94BB5A1FE23","bin_plus\UNO_Data\StreamingAssets\preinstall\theme\nomercy\animation\xbox1_cross_button\anicontroller.b",5607,5607,4477,2171
"40D2E883AF32D84EAAD8E5D4215DF94BB5A1FE23","bin_plus\UNO_Data\StreamingAssets\preinstall\theme\nomercy\animation\xbox1_cross_button\materials.b",2661,2661,2087,2172
"40D2E883AF32D84EAAD8E5D4215DF94BB5A1FE23","bin_plus\UNO_Data\StreamingAssets\preinstall\theme\nomercy\animation\xbox1_cross_button\mesh.b",61739,61739,46973,2173
"40D2E883AF32D84EAAD8E5D4215DF94BB5A1FE23","bin_plus\UNO_Data\StreamingAssets\preinstall\theme\nomercy\animation\xbox1_cross_button\texture.b",2248,2248,1693,2174
"40D2E883AF32D84EAAD8E5D4215DF94BB5A1FE23","bin_plus\UNO_Data\StreamingAssets\preinstall\theme\nomercy\cardanimation\sevenzero.b",6411,6411,4545,2175
"40D2E883AF32D84EAAD8E5D4215DF94BB5A1FE23","bin_plus\UNO_Data\StreamingAssets\preinstall\theme\nomercy\cardcoveringeffect\colorchangeeffect.b",5606183,5606183,4639459,2176
"40D2E883AF32D84EAAD8E5D4215DF94BB5A1FE23","bin_plus\UNO_Data\StreamingAssets\preinstall\theme\nomercy\classic_board\board_circle.b",366235,366235,283761,2177
"40D2E883AF32D84EAAD8E5D4215DF94BB5A1FE23","bin_plus\UNO_Data\StreamingAssets\preinstall\theme\nomercy\classic_board\board_glow.b",204720,204720,184362,2178
"40D2E883AF32D84EAAD8E5D4215DF94BB5A1FE23","bin_plus\UNO_Data\StreamingAssets\preinstall\theme\nomercy\classic_board\board_red.b",86042,86042,74982,2179
"40D2E883AF32D84EAAD8E5D4215DF94BB5A1FE23","bin_plus\UNO_Data\StreamingAssets\preinstall\theme\nomercy\classic_board\board_yellow.b",402364,402364,345953,2180
"40D2E883AF32D84EAAD8E5D4215DF94BB5A1FE23","bin_plus\UNO_Data\StreamingAssets\preinstall\theme\nomercy\classic_board\card_deck.b",164175,164175,140660,2181
"40D2E883AF32D84EAAD8E5D4215DF94BB5A1FE23","bin_plus\UNO_Data\StreamingAssets\preinstall\theme\nomercy\gfx\card_shadow.b",10790,10790,8288,2182
"40D2E883AF32D84EAAD8E5D4215DF94BB5A1FE23","bin_plus\UNO_Data\StreamingAssets\preinstall\theme\nomercy\gfx\active_player\materials.b",2669,2669,2100,2183
"40D2E883AF32D84EAAD8E5D4215DF94BB5A1FE23","bin_plus\UNO_Data\StreamingAssets\preinstall\theme\nomercy\gfx\active_player\mesh.b",54318,54318,40360,2184
"40D2E883AF32D84EAAD8E5D4215DF94BB5A1FE23","bin_plus\UNO_Data\StreamingAssets\preinstall\theme\nomercy\gfx\active_player\texture.b",27156,27156,24710,2185
"40D2E883AF32D84EAAD8E5D4215DF94BB5A1FE23","bin_plus\UNO_Data\StreamingAssets\preinstall\theme\nomercy\gfx\avater\materials.b",4322,4322,3513,2186
"40D2E883AF32D84EAAD8E5D4215DF94BB5A1FE23","bin_plus\UNO_Data\StreamingAssets\preinstall\theme\nomercy\gfx\avater\mesh.b",46626,46626,33430,2187
"40D2E883AF32D84EAAD8E5D4215DF94BB5A1FE23","bin_plus\UNO_Data\StreamingAssets\preinstall\theme\nomercy\gfx\avater\texture.b",445777,445777,353745,2188
"40D2E883AF32D84EAAD8E5D4215DF94BB5A1FE23","bin_plus\UNO_Data\StreamingAssets\preinstall\theme\nomercy\gfx\background_sphere\materials.b",2905,2905,2316,2189
"40D2E883AF32D84EAAD8E5D4215DF94BB5A1FE23","bin_plus\UNO_Data\StreamingAssets\preinstall\theme\nomercy\gfx\background_sphere\mesh.b",65775,65775,49915,2190
"40D2E883AF32D84EAAD8E5D4215DF94BB5A1FE23","bin_plus\UNO_Data\StreamingAssets\preinstall\theme\nomercy\gfx\background_sphere\texture.b",103451,103451,74668,2191
"40D2E883AF32D84EAAD8E5D4215DF94BB5A1FE23","bin_plus\UNO_Data\StreamingAssets\preinstall\theme\nomercy\gfx\call_uno\materials.b",3373,3373,2754,2192
"40D2E883AF32D84EAAD8E5D4215DF94BB5A1FE23","bin_plus\UNO_Data\StreamingAssets\preinstall\theme\nomercy\gfx\call_uno\mesh.b",78849,78849,60003,2193
"40D2E883AF32D84EAAD8E5D4215DF94BB5A1FE23","bin_plus\UNO_Data\StreamingAssets\preinstall\theme\nomercy\gfx\call_uno\texture.b",912066,912066,573686,2194
"40D2E883AF32D84EAAD8E5D4215DF94BB5A1FE23","bin_plus\UNO_Data\StreamingAssets\preinstall\theme\nomercy\gfx\card_shadow\texture.b",17880,17880,12716,2195
"40D2E883AF32D84EAAD8E5D4215DF94BB5A1FE23","bin_plus\UNO_Data\StreamingAssets\preinstall\theme\nomercy\gfx\cursor\materials.b",43197,43197,31064,2196
"40D2E883AF32D84EAAD8E5D4215DF94BB5A1FE23","bin_plus\UNO_Data\StreamingAssets\preinstall\theme\nomercy\gfx\cursor\mesh.b",64681,64681,48876,2197
"40D2E883AF32D84EAAD8E5D4215DF94BB5A1FE23","bin_plus\UNO_Data\StreamingAssets\preinstall\theme\nomercy\gfx\cursor\texture.b",104544,104544,50628,2198
"40D2E883AF32D84EAAD8E5D4215DF94BB5A1FE23","bin_plus\UNO_Data\StreamingAssets\preinstall\theme\nomercy\gfx\drawfour\materials.b",2820,2820,2233,2199
"40D2E883AF32D84EAAD8E5D4215DF94BB5A1FE23","bin_plus\UNO_Data\StreamingAssets\preinstall\theme\nomercy\gfx\drawfour\texture.b",376502,376502,330774,2200
"40D2E883AF32D84EAAD8E5D4215DF94BB5A1FE23","bin_plus\UNO_Data\StreamingAssets\preinstall\theme\nomercy\gfx\drawtwo\materials.b",2965,2965,2363,2201
"40D2E883AF32D84EAAD8E5D4215DF94BB5A1FE23","bin_plus\UNO_Data\StreamingAssets\preinstall\theme\nomercy\gfx\drawtwo\mesh.b",59226,59226,45408,2202
"40D2E883AF32D84EAAD8E5D4215DF94BB5A1FE23","bin_plus\UNO_Data\StreamingAssets\preinstall\theme\nomercy\gfx\drawtwo\texture.b",455935,455935,264215,2203
"40D2E883AF32D84EAAD8E5D4215DF94BB5A1FE23","bin_plus\UNO_Data\StreamingAssets\preinstall\theme\nomercy\gfx\particle_cardglow\materials.b",3477,3477,2819,2204
"40D2E883AF32D84EAAD8E5D4215DF94BB5A1FE23","bin_plus\UNO_Data\StreamingAssets\preinstall\theme\nomercy\gfx\particle_cardglow\mesh.b",51466,51466,37818,2205
"40D2E883AF32D84EAAD8E5D4215DF94BB5A1FE23","bin_plus\UNO_Data\StreamingAssets\preinstall\theme\nomercy\gfx\particle_cardglow\texture.b",311322,311322,244929,2206
"40D2E883AF32D84EAAD8E5D4215DF94BB5A1FE23","bin_plus\UNO_Data\StreamingAssets\preinstall\theme\nomercy\gfx\reverse\materials.b",3357,3357,2725,2207
"40D2E883AF32D84EAAD8E5D4215DF94BB5A1FE23","bin_plus\UNO_Data\StreamingAssets\preinstall\theme\nomercy\gfx\reverse\mesh.b",80429,80429,62734,2208
"40D2E883AF32D84EAAD8E5D4215DF94BB5A1FE23","bin_plus\UNO_Data\StreamingAssets\preinstall\theme\nomercy\gfx\reverse\texture.b",473352,473352,335394,2209
"40D2E883AF32D84EAAD8E5D4215DF94BB5A1FE23","bin_plus\UNO_Data\StreamingAssets\preinstall\theme\nomercy\gfx\sevenzero\materials.b",3435,3435,2790,2210
"40D2E883AF32D84EAAD8E5D4215DF94BB5A1FE23","bin_plus\UNO_Data\StreamingAssets\preinstall\theme\nomercy\gfx\sevenzero\mesh.b",63452,63452,49000,2211
"40D2E883AF32D84EAAD8E5D4215DF94BB5A1FE23","bin_plus\UNO_Data\StreamingAssets\preinstall\theme\nomercy\gfx\sevenzero\texture.b",787412,787412,511162,2212
"40D2E883AF32D84EAAD8E5D4215DF94BB5A1FE23","bin_plus\UNO_Data\StreamingAssets\preinstall\theme\nomercy\gfx\single_card\materials.b",2809,2809,2226,2213
"40D2E883AF32D84EAAD8E5D4215DF94BB5A1FE23","bin_plus\UNO_Data\StreamingAssets\preinstall\theme\nomercy\gfx\single_card\texture.b",161332,161332,137557,2214
"40D2E883AF32D84EAAD8E5D4215DF94BB5A1FE23","bin_plus\UNO_Data\StreamingAssets\preinstall\theme\nomercy\gfx\skip\materials.b",3353,3353,2722,2215
"40D2E883AF32D84EAAD8E5D4215DF94BB5A1FE23","bin_plus\UNO_Data\StreamingAssets\preinstall\theme\nomercy\gfx\skip\mesh.b",82631,82631,62916,2216
"40D2E883AF32D84EAAD8E5D4215DF94BB5A1FE23","bin_plus\UNO_Data\StreamingAssets\preinstall\theme\nomercy\gfx\skip\texture.b",575317,575317,459048,2217
"40D2E883AF32D84EAAD8E5D4215DF94BB5A1FE23","bin_plus\UNO_Data\StreamingAssets\preinstall\theme\nomercy\gfx\touch_screen\materials.b",2667,2667,2081,2218
"40D2E883AF32D84EAAD8E5D4215DF94BB5A1FE23","bin_plus\UNO_Data\StreamingAssets\preinstall\theme\nomercy\gfx\touch_screen\texture.b",14061,14061,12359,2219
"40D2E883AF32D84EAAD8E5D4215DF94BB5A1FE23","bin_plus\UNO_Data\StreamingAssets\preinstall\theme\nomercy\popup\texture-new.b",18775148,18775148,14934193,2220
"40D2E883AF32D84EAAD8E5D4215DF94BB5A1FE23","bin_plus\UNO_Data\StreamingAssets\preinstall\theme\nomercy\prefabs\gfx.b",164176,164176,112038,2221
"40D2E883AF32D84EAAD8E5D4215DF94BB5A1FE23","bin_plus\UNO_Data\StreamingAssets\preinstall\theme\nomercy\skybox\materials.b",2697,2697,2124,2222
"40D2E883AF32D84EAAD8E5D4215DF94BB5A1FE23","bin_plus\UNO_Data\StreamingAssets\preinstall\theme\nomercy\vfx\actioncards.b",2566223,2566223,1946320,2223
"40D2E883AF32D84EAAD8E5D4215DF94BB5A1FE23","bin_plus\UNO_Data\StreamingAssets\preinstall\theme\nomercy\vfx\drawlightning.b",12769,12769,10240,2224
"40D2E883AF32D84EAAD8E5D4215DF94BB5A1FE23","bin_plus\UNO_Data\StreamingAssets\preinstall\theme\nomercy\vfx\mercyknockout.b",5840,5840,4803,2225
"40D2E883AF32D84EAAD8E5D4215DF94BB5A1FE23","bin_plus\UNO_Data\StreamingAssets\preinstall\theme\nomercy\vfx\mockupresources.b",3766392,3766392,3012326,2226
"40D2E883AF32D84EAAD8E5D4215DF94BB5A1FE23","bin_plus\UNO_Data\StreamingAssets\preinstall\theme\nomercy\vfx\shader.b",3260,3260,2648,2227
"40D2E883AF32D84EAAD8E5D4215DF94BB5A1FE23","bin_plus\UNO_Data\StreamingAssets\preinstall\theme\nomercy\vfx\texture.b",1060621,1060621,845657,2228
"40D2E883AF32D84EAAD8E5D4215DF94BB5A1FE23","bin_plus\UNO_Data\StreamingAssets\preinstall\theme\nomercy\vfx\actioncards\tempnew.b",5473081,5473081,4608559,2229
"40D2E883AF32D84EAAD8E5D4215DF94BB5A1FE23","bin_plus\UNO_Data\StreamingAssets\preinstall\theme\nomercy\vfx\ashpile\animations.b",9625,9625,7095,2230
"40D2E883AF32D84EAAD8E5D4215DF94BB5A1FE23","bin_plus\UNO_Data\StreamingAssets\preinstall\theme\nomercy\vfx\ashpile\materials.b",67800,67800,51839,2231
"40D2E883AF32D84EAAD8E5D4215DF94BB5A1FE23","bin_plus\UNO_Data\StreamingAssets\preinstall\theme\nomercy\vfx\ashpile\meshes.b",73284,73284,58317,2232
"40D2E883AF32D84EAAD8E5D4215DF94BB5A1FE23","bin_plus\UNO_Data\StreamingAssets\preinstall\theme\nomercy\vfx\ashpile\textures.b",603734,603734,546973,2233
"40D2E883AF32D84EAAD8E5D4215DF94BB5A1FE23","bin_plus\UNO_Data\StreamingAssets\preinstall\theme\nomercy\vfx\cardsplash\materials.b",6692,6692,5789,2234
"40D2E883AF32D84EAAD8E5D4215DF94BB5A1FE23","bin_plus\UNO_Data\StreamingAssets\preinstall\theme\nomercy\vfx\cardsplash\meshes.b",64123,64123,47885,2235
"40D2E883AF32D84EAAD8E5D4215DF94BB5A1FE23","bin_plus\UNO_Data\StreamingAssets\preinstall\theme\nomercy\vfx\cardsplash\textures.b",2222784,2222784,1704960,2236
"40D2E883AF32D84EAAD8E5D4215DF94BB5A1FE23","bin_plus\UNO_Data\StreamingAssets\preinstall\theme\nomercy\vfx\drawlightning\animations.b",15211,15211,12364,2237
"40D2E883AF32D84EAAD8E5D4215DF94BB5A1FE23","bin_plus\UNO_Data\StreamingAssets\preinstall\theme\nomercy\vfx\drawlightning\materials.b",29150,29150,19250,2238
"40D2E883AF32D84EAAD8E5D4215DF94BB5A1FE23","bin_plus\UNO_Data\StreamingAssets\preinstall\theme\nomercy\vfx\drawlightning\meshes.b",87515,87515,71176,2239
"40D2E883AF32D84EAAD8E5D4215DF94BB5A1FE23","bin_plus\UNO_Data\StreamingAssets\preinstall\theme\nomercy\vfx\drawlightning\textures.b",1863262,1863262,1533895,2240
"40D2E883AF32D84EAAD8E5D4215DF94BB5A1FE23","bin_plus\UNO_Data\StreamingAssets\preinstall\theme\nomercy\vfx\mercyknockout\materials.b",412215,412215,361913,2241
"40D2E883AF32D84EAAD8E5D4215DF94BB5A1FE23","bin_plus\UNO_Data\StreamingAssets\preinstall\theme\nomercy\vfx\mercyknockout\textures.b",8695095,8695095,6646997,2242
"40D2E883AF32D84EAAD8E5D4215DF94BB5A1FE23","bin_plus\UNO_Data\StreamingAssets\preinstall\theme\nomercy\vfx\victory\animation.b",9260,9260,6766,2243
"40D2E883AF32D84EAAD8E5D4215DF94BB5A1FE23","bin_plus\UNO_Data\StreamingAssets\preinstall\theme\nomercy\vfx\victory\materials.b",31071,31071,20944,2244
"40D2E883AF32D84EAAD8E5D4215DF94BB5A1FE23","bin_plus\UNO_Data\StreamingAssets\preinstall\theme\nomercy\vfx\victory\mesh.b",47943,47943,34700,2245
"40D2E883AF32D84EAAD8E5D4215DF94BB5A1FE23","bin_plus\UNO_Data\StreamingAssets\preinstall\theme\nomercy\vfx\victory\texture.b",2879599,2879599,2373269,2246
"40D2E883AF32D84EAAD8E5D4215DF94BB5A1FE23","bin_plus\UNO_Data\StreamingAssets\preinstall\theme\party\animation.b",83514,83514,63164,2247
"40D2E883AF32D84EAAD8E5D4215DF94BB5A1FE23","bin_plus\UNO_Data\StreamingAssets\preinstall\theme\party\background.b",2912732,2912732,2495066,2248
"40D2E883AF32D84EAAD8E5D4215DF94BB5A1FE23","bin_plus\UNO_Data\StreamingAssets\preinstall\theme\party\cards.b",80320,80320,46673,2249
"40D2E883AF32D84EAAD8E5D4215DF94BB5A1FE23","bin_plus\UNO_Data\StreamingAssets\preinstall\theme\party\musicnotes.b",17121,17121,12686,2250
"40D2E883AF32D84EAAD8E5D4215DF94BB5A1FE23","bin_plus\UNO_Data\StreamingAssets\preinstall\theme\party\popup.b",350557,350557,296626,2251
"40D2E883AF32D84EAAD8E5D4215DF94BB5A1FE23","bin_plus\UNO_Data\StreamingAssets\preinstall\theme\party\prefabs.b",908139,908139,708665,2252
"40D2E883AF32D84EAAD8E5D4215DF94BB5A1FE23","bin_plus\UNO_Data\StreamingAssets\preinstall\theme\party\sceneresources.b",2700,2700,2131,2253
"40D2E883AF32D84EAAD8E5D4215DF94BB5A1FE23","bin_plus\UNO_Data\StreamingAssets\preinstall\theme\party\themecards.b",1927183,1927183,1566096,2254
"40D2E883AF32D84EAAD8E5D4215DF94BB5A1FE23","bin_plus\UNO_Data\StreamingAssets\preinstall\theme\party\themepicker.b",359083,359083,304388,2255
"40D2E883AF32D84EAAD8E5D4215DF94BB5A1FE23","bin_plus\UNO_Data\StreamingAssets\preinstall\theme\party\animation\active_player.b",7834,7834,5634,2256
"40D2E883AF32D84EAAD8E5D4215DF94BB5A1FE23","bin_plus\UNO_Data\StreamingAssets\preinstall\theme\party\animation\arrows.b",21426,21426,17024,2257
"40D2E883AF32D84EAAD8E5D4215DF94BB5A1FE23","bin_plus\UNO_Data\StreamingAssets\preinstall\theme\party\animation\avater.b",9662,9662,7200,2258
"40D2E883AF32D84EAAD8E5D4215DF94BB5A1FE23","bin_plus\UNO_Data\StreamingAssets\preinstall\theme\party\animation\board_circle.b",6472,6472,4553,2259
"40D2E883AF32D84EAAD8E5D4215DF94BB5A1FE23","bin_plus\UNO_Data\StreamingAssets\preinstall\theme\party\animation\button_glow.b",152344,152344,128891,2260
"40D2E883AF32D84EAAD8E5D4215DF94BB5A1FE23","bin_plus\UNO_Data\StreamingAssets\preinstall\theme\party\animation\call_uno.b",22072,22072,19140,2261
"40D2E883AF32D84EAAD8E5D4215DF94BB5A1FE23","bin_plus\UNO_Data\StreamingAssets\preinstall\theme\party\animation\challenge_wilddraw4.b",10996,10996,8393,2262
"40D2E883AF32D84EAAD8E5D4215DF94BB5A1FE23","bin_plus\UNO_Data\StreamingAssets\preinstall\theme\party\animation\deck_sfx.b",6592,6592,4668,2263
"40D2E883AF32D84EAAD8E5D4215DF94BB5A1FE23","bin_plus\UNO_Data\StreamingAssets\preinstall\theme\party\animation\didnt_calluno.b",6526,6526,4667,2264
"40D2E883AF32D84EAAD8E5D4215DF94BB5A1FE23","bin_plus\UNO_Data\StreamingAssets\preinstall\theme\party\animation\drawcard.b",6593,6593,4740,2265
"40D2E883AF32D84EAAD8E5D4215DF94BB5A1FE23","bin_plus\UNO_Data\StreamingAssets\preinstall\theme\party\animation\drawtwo.b",19679,19679,13790,2266
"40D2E883AF32D84EAAD8E5D4215DF94BB5A1FE23","bin_plus\UNO_Data\StreamingAssets\preinstall\theme\party\animation\joker.b",234594,234594,196042,2267
"40D2E883AF32D84EAAD8E5D4215DF94BB5A1FE23","bin_plus\UNO_Data\StreamingAssets\preinstall\theme\party\animation\jump_in.b",79542,79542,61005,2268
"40D2E883AF32D84EAAD8E5D4215DF94BB5A1FE23","bin_plus\UNO_Data\StreamingAssets\preinstall\theme\party\animation\particle_cardglow.b",6098,6098,4292,2269
"40D2E883AF32D84EAAD8E5D4215DF94BB5A1FE23","bin_plus\UNO_Data\StreamingAssets\preinstall\theme\party\animation\pointtaken.b",11038,11038,8305,2270
"40D2E883AF32D84EAAD8E5D4215DF94BB5A1FE23","bin_plus\UNO_Data\StreamingAssets\preinstall\theme\party\animation\preparecalluno.b",6960,6960,5063,2271
"40D2E883AF32D84EAAD8E5D4215DF94BB5A1FE23","bin_plus\UNO_Data\StreamingAssets\preinstall\theme\party\animation\ps4_cross_button.b",115992,115992,91429,2272
"40D2E883AF32D84EAAD8E5D4215DF94BB5A1FE23","bin_plus\UNO_Data\StreamingAssets\preinstall\theme\party\animation\reverse.b",8259,8259,6254,2273
"40D2E883AF32D84EAAD8E5D4215DF94BB5A1FE23","bin_plus\UNO_Data\StreamingAssets\preinstall\theme\party\animation\sevenzero.b",31139,31139,19784,2274
"40D2E883AF32D84EAAD8E5D4215DF94BB5A1FE23","bin_plus\UNO_Data\StreamingAssets\preinstall\theme\party\animation\single_card.b",6190,6190,4363,2275
"40D2E883AF32D84EAAD8E5D4215DF94BB5A1FE23","bin_plus\UNO_Data\StreamingAssets\preinstall\theme\party\animation\skip.b",10627,10627,8185,2276
"40D2E883AF32D84EAAD8E5D4215DF94BB5A1FE23","bin_plus\UNO_Data\StreamingAssets\preinstall\theme\party\animation\stacking.b",10868,10868,8631,2277
"40D2E883AF32D84EAAD8E5D4215DF94BB5A1FE23","bin_plus\UNO_Data\StreamingAssets\preinstall\theme\party\animation\touch_screen.b",6524,6524,4638,2278
"40D2E883AF32D84EAAD8E5D4215DF94BB5A1FE23","bin_plus\UNO_Data\StreamingAssets\preinstall\theme\party\animation\tutorial_arrow.b",6144,6144,4328,2279
"40D2E883AF32D84EAAD8E5D4215DF94BB5A1FE23","bin_plus\UNO_Data\StreamingAssets\preinstall\theme\party\animation\voice_chat.b",7355,7355,5395,2280
"40D2E883AF32D84EAAD8E5D4215DF94BB5A1FE23","bin_plus\UNO_Data\StreamingAssets\preinstall\theme\party\animation\wild.b",242059,242059,201509,2281
"40D2E883AF32D84EAAD8E5D4215DF94BB5A1FE23","bin_plus\UNO_Data\StreamingAssets\preinstall\theme\party\animation\wild_ps4_cross_button.b",2771,2771,1682,2282
"40D2E883AF32D84EAAD8E5D4215DF94BB5A1FE23","bin_plus\UNO_Data\StreamingAssets\preinstall\theme\party\animation\xbox1_cross_button.b",11783,11783,8978,2283
"40D2E883AF32D84EAAD8E5D4215DF94BB5A1FE23","bin_plus\UNO_Data\StreamingAssets\preinstall\theme\party\animation\active_player\anicontroller.b",6803,6803,5497,2284
"40D2E883AF32D84EAAD8E5D4215DF94BB5A1FE23","bin_plus\UNO_Data\StreamingAssets\preinstall\theme\party\animation\arrows\anicontroller.b",5231,5231,4148,2285
"40D2E883AF32D84EAAD8E5D4215DF94BB5A1FE23","bin_plus\UNO_Data\StreamingAssets\preinstall\theme\party\animation\arrows\materials.b",2658,2658,2091,2286
"40D2E883AF32D84EAAD8E5D4215DF94BB5A1FE23","bin_plus\UNO_Data\StreamingAssets\preinstall\theme\party\animation\arrows\texture.b",192275,192275,164236,2287
"40D2E883AF32D84EAAD8E5D4215DF94BB5A1FE23","bin_plus\UNO_Data\StreamingAssets\preinstall\theme\party\animation\avater\anicontroller.b",5572,5572,4431,2288
"40D2E883AF32D84EAAD8E5D4215DF94BB5A1FE23","bin_plus\UNO_Data\StreamingAssets\preinstall\theme\party\animation\board_circle\anicontroller.b",4698,4698,3642,2289
"40D2E883AF32D84EAAD8E5D4215DF94BB5A1FE23","bin_plus\UNO_Data\StreamingAssets\preinstall\theme\party\animation\button_glow\anicontroller.b",5040,5040,3947,2290
"40D2E883AF32D84EAAD8E5D4215DF94BB5A1FE23","bin_plus\UNO_Data\StreamingAssets\preinstall\theme\party\animation\button_glow\materials.b",42289,42289,30379,2291
"40D2E883AF32D84EAAD8E5D4215DF94BB5A1FE23","bin_plus\UNO_Data\StreamingAssets\preinstall\theme\party\animation\call_uno\anicontroller.b",4691,4691,3634,2292
"40D2E883AF32D84EAAD8E5D4215DF94BB5A1FE23","bin_plus\UNO_Data\StreamingAssets\preinstall\theme\party\animation\challenge_wilddraw4\anicontroller.b",6566,6566,5263,2293
"40D2E883AF32D84EAAD8E5D4215DF94BB5A1FE23","bin_plus\UNO_Data\StreamingAssets\preinstall\theme\party\animation\challenge_wilddraw4\materials.b",2813,2813,2233,2294
"40D2E883AF32D84EAAD8E5D4215DF94BB5A1FE23","bin_plus\UNO_Data\StreamingAssets\preinstall\theme\party\animation\challenge_wilddraw4\mesh.b",46811,46811,33537,2295
"40D2E883AF32D84EAAD8E5D4215DF94BB5A1FE23","bin_plus\UNO_Data\StreamingAssets\preinstall\theme\party\animation\challenge_wilddraw4\texture.b",588181,588181,506824,2296
"40D2E883AF32D84EAAD8E5D4215DF94BB5A1FE23","bin_plus\UNO_Data\StreamingAssets\preinstall\theme\party\animation\deck_sfx\anicontroller.b",4691,4691,3665,2297
"40D2E883AF32D84EAAD8E5D4215DF94BB5A1FE23","bin_plus\UNO_Data\StreamingAssets\preinstall\theme\party\animation\didnt_calluno\anicontroller.b",4689,4689,3665,2298
"40D2E883AF32D84EAAD8E5D4215DF94BB5A1FE23","bin_plus\UNO_Data\StreamingAssets\preinstall\theme\party\animation\didnt_calluno\materials.b",2579,2579,2023,2299
"40D2E883AF32D84EAAD8E5D4215DF94BB5A1FE23","bin_plus\UNO_Data\StreamingAssets\preinstall\theme\party\animation\didnt_calluno\mesh.b",53524,53524,38561,2300
"40D2E883AF32D84EAAD8E5D4215DF94BB5A1FE23","bin_plus\UNO_Data\StreamingAssets\preinstall\theme\party\animation\didnt_calluno\texture.b",11368,11368,9215,2301
"40D2E883AF32D84EAAD8E5D4215DF94BB5A1FE23","bin_plus\UNO_Data\StreamingAssets\preinstall\theme\party\animation\drawcard\anicontroller.b",4931,4931,3865,2302
"40D2E883AF32D84EAAD8E5D4215DF94BB5A1FE23","bin_plus\UNO_Data\StreamingAssets\preinstall\theme\party\animation\drawcard\materials.b",2848,2848,2261,2303
"40D2E883AF32D84EAAD8E5D4215DF94BB5A1FE23","bin_plus\UNO_Data\StreamingAssets\preinstall\theme\party\animation\drawcard\mesh.b",47418,47418,34158,2304
"40D2E883AF32D84EAAD8E5D4215DF94BB5A1FE23","bin_plus\UNO_Data\StreamingAssets\preinstall\theme\party\animation\drawcard\texture.b",133646,133646,107209,2305
"40D2E883AF32D84EAAD8E5D4215DF94BB5A1FE23","bin_plus\UNO_Data\StreamingAssets\preinstall\theme\party\animation\drawtwo\anicontroller.b",11387,11387,9531,2306
"40D2E883AF32D84EAAD8E5D4215DF94BB5A1FE23","bin_plus\UNO_Data\StreamingAssets\preinstall\theme\party\animation\drawtwo\choosebottomplaceholder.b",10326,10326,7604,2307
"40D2E883AF32D84EAAD8E5D4215DF94BB5A1FE23","bin_plus\UNO_Data\StreamingAssets\preinstall\theme\party\animation\joker\anicontroller.b",6206,6206,4976,2308
"40D2E883AF32D84EAAD8E5D4215DF94BB5A1FE23","bin_plus\UNO_Data\StreamingAssets\preinstall\theme\party\animation\jump_in\anicontroller.b",5616,5616,4452,2309
"40D2E883AF32D84EAAD8E5D4215DF94BB5A1FE23","bin_plus\UNO_Data\StreamingAssets\preinstall\theme\party\animation\jump_in\materials.b",2899,2899,2313,2310
"40D2E883AF32D84EAAD8E5D4215DF94BB5A1FE23","bin_plus\UNO_Data\StreamingAssets\preinstall\theme\party\animation\jump_in\mesh.b",59144,59144,44012,2311
"40D2E883AF32D84EAAD8E5D4215DF94BB5A1FE23","bin_plus\UNO_Data\StreamingAssets\preinstall\theme\party\animation\jump_in\texture.b",144499,144499,112136,2312
"40D2E883AF32D84EAAD8E5D4215DF94BB5A1FE23","bin_plus\UNO_Data\StreamingAssets\preinstall\theme\party\animation\particle_cardglow\anicontroller.b",4702,4702,3643,2313
"40D2E883AF32D84EAAD8E5D4215DF94BB5A1FE23","bin_plus\UNO_Data\StreamingAssets\preinstall\theme\party\animation\preparecalluno\anicontroller.b",5078,5078,3975,2314
"40D2E883AF32D84EAAD8E5D4215DF94BB5A1FE23","bin_plus\UNO_Data\StreamingAssets\preinstall\theme\party\animation\ps4_cross_button\anicontroller.b",5188,5188,4084,2315
"40D2E883AF32D84EAAD8E5D4215DF94BB5A1FE23","bin_plus\UNO_Data\StreamingAssets\preinstall\theme\party\animation\reverse\anicontroller.b",5132,5132,4028,2316
"40D2E883AF32D84EAAD8E5D4215DF94BB5A1FE23","bin_plus\UNO_Data\StreamingAssets\preinstall\theme\party\animation\sevenzero\anicontroller.b",14438,14438,12162,2317
"40D2E883AF32D84EAAD8E5D4215DF94BB5A1FE23","bin_plus\UNO_Data\StreamingAssets\preinstall\theme\party\animation\sevenzero\materials.b",2679,2679,2109,2318
"40D2E883AF32D84EAAD8E5D4215DF94BB5A1FE23","bin_plus\UNO_Data\StreamingAssets\preinstall\theme\party\animation\single_card\anicontroller.b",4729,4729,3663,2319
"40D2E883AF32D84EAAD8E5D4215DF94BB5A1FE23","bin_plus\UNO_Data\StreamingAssets\preinstall\theme\party\animation\skip\anicontroller.b",7498,7498,6138,2320
"40D2E883AF32D84EAAD8E5D4215DF94BB5A1FE23","bin_plus\UNO_Data\StreamingAssets\preinstall\theme\party\animation\stacking\anicontroller.b",5934,5934,4745,2321
"40D2E883AF32D84EAAD8E5D4215DF94BB5A1FE23","bin_plus\UNO_Data\StreamingAssets\preinstall\theme\party\animation\stacking\materials.b",2831,2831,2252,2322
"40D2E883AF32D84EAAD8E5D4215DF94BB5A1FE23","bin_plus\UNO_Data\StreamingAssets\preinstall\theme\party\animation\stacking\texture.b",246683,246683,210621,2323
"40D2E883AF32D84EAAD8E5D4215DF94BB5A1FE23","bin_plus\UNO_Data\StreamingAssets\preinstall\theme\party\animation\theme_picker\texture.b",391175,391175,318022,2324
"40D2E883AF32D84EAAD8E5D4215DF94BB5A1FE23","bin_plus\UNO_Data\StreamingAssets\preinstall\theme\party\animation\touch_screen\anicontroller.b",4916,4916,3836,2325
"40D2E883AF32D84EAAD8E5D4215DF94BB5A1FE23","bin_plus\UNO_Data\StreamingAssets\preinstall\theme\party\animation\tutorial_arrow\anicontroller.b",4697,4697,3670,2326
"40D2E883AF32D84EAAD8E5D4215DF94BB5A1FE23","bin_plus\UNO_Data\StreamingAssets\preinstall\theme\party\animation\tutorial_arrow\materials.b",19878,19878,11050,2327
"40D2E883AF32D84EAAD8E5D4215DF94BB5A1FE23","bin_plus\UNO_Data\StreamingAssets\preinstall\theme\party\animation\tutorial_arrow\texture.b",43087,43087,38271,2328
"40D2E883AF32D84EAAD8E5D4215DF94BB5A1FE23","bin_plus\UNO_Data\StreamingAssets\preinstall\theme\party\animation\voice_chat\anicontroller.b",4686,4686,3626,2329
"40D2E883AF32D84EAAD8E5D4215DF94BB5A1FE23","bin_plus\UNO_Data\StreamingAssets\preinstall\theme\party\animation\voice_chat\materials.b",2693,2693,2132,2330
"40D2E883AF32D84EAAD8E5D4215DF94BB5A1FE23","bin_plus\UNO_Data\StreamingAssets\preinstall\theme\party\animation\voice_chat\texture.b",26128,26128,23523,2331
"40D2E883AF32D84EAAD8E5D4215DF94BB5A1FE23","bin_plus\UNO_Data\StreamingAssets\preinstall\theme\party\animation\wild\anicontroller.b",6186,6186,4920,2332
"40D2E883AF32D84EAAD8E5D4215DF94BB5A1FE23","bin_plus\UNO_Data\StreamingAssets\preinstall\theme\party\animation\wild_ps4_cross_button\materials.b",44017,44017,31867,2333
"40D2E883AF32D84EAAD8E5D4215DF94BB5A1FE23","bin_plus\UNO_Data\StreamingAssets\preinstall\theme\party\animation\xbox1_cross_button\anicontroller.b",5610,5610,4467,2334
"40D2E883AF32D84EAAD8E5D4215DF94BB5A1FE23","bin_plus\UNO_Data\StreamingAssets\preinstall\theme\party\animation\xbox1_cross_button\materials.b",2622,2622,2057,2335
"40D2E883AF32D84EAAD8E5D4215DF94BB5A1FE23","bin_plus\UNO_Data\StreamingAssets\preinstall\theme\party\animation\xbox1_cross_button\mesh.b",61703,61703,46987,2336
"40D2E883AF32D84EAAD8E5D4215DF94BB5A1FE23","bin_plus\UNO_Data\StreamingAssets\preinstall\theme\party\animation\xbox1_cross_button\texture.b",2248,2248,1695,2337
"40D2E883AF32D84EAAD8E5D4215DF94BB5A1FE23","bin_plus\UNO_Data\StreamingAssets\preinstall\theme\party\background\vfx.b",1897185,1897185,1518961,2338
"40D2E883AF32D84EAAD8E5D4215DF94BB5A1FE23","bin_plus\UNO_Data\StreamingAssets\preinstall\theme\party\cardanimation\sevenzero.b",6406,6406,4540,2339
"40D2E883AF32D84EAAD8E5D4215DF94BB5A1FE23","bin_plus\UNO_Data\StreamingAssets\preinstall\theme\party\cardcoveringeffect\colorchangeeffect.b",585203,585203,407630,2340
"40D2E883AF32D84EAAD8E5D4215DF94BB5A1FE23","bin_plus\UNO_Data\StreamingAssets\preinstall\theme\party\classic_board\board_circle.b",366974,366974,285152,2341
"40D2E883AF32D84EAAD8E5D4215DF94BB5A1FE23","bin_plus\UNO_Data\StreamingAssets\preinstall\theme\party\classic_board\board_glow.b",204734,204734,184362,2342
"40D2E883AF32D84EAAD8E5D4215DF94BB5A1FE23","bin_plus\UNO_Data\StreamingAssets\preinstall\theme\party\classic_board\board_red.b",86064,86064,74980,2343
"40D2E883AF32D84EAAD8E5D4215DF94BB5A1FE23","bin_plus\UNO_Data\StreamingAssets\preinstall\theme\party\classic_board\board_yellow.b",402336,402336,345843,2344
"40D2E883AF32D84EAAD8E5D4215DF94BB5A1FE23","bin_plus\UNO_Data\StreamingAssets\preinstall\theme\party\classic_board\card_deck.b",150721,150721,123814,2345
"40D2E883AF32D84EAAD8E5D4215DF94BB5A1FE23","bin_plus\UNO_Data\StreamingAssets\preinstall\theme\party\gfx\card_shadow.b",10804,10804,8141,2346
"40D2E883AF32D84EAAD8E5D4215DF94BB5A1FE23","bin_plus\UNO_Data\StreamingAssets\preinstall\theme\party\gfx\active_player\materials.b",2668,2668,2096,2347
"40D2E883AF32D84EAAD8E5D4215DF94BB5A1FE23","bin_plus\UNO_Data\StreamingAssets\preinstall\theme\party\gfx\active_player\mesh.b",55327,55327,41177,2348
"40D2E883AF32D84EAAD8E5D4215DF94BB5A1FE23","bin_plus\UNO_Data\StreamingAssets\preinstall\theme\party\gfx\active_player\texture.b",27151,27151,24709,2349
"40D2E883AF32D84EAAD8E5D4215DF94BB5A1FE23","bin_plus\UNO_Data\StreamingAssets\preinstall\theme\party\gfx\avater\materials.b",4319,4319,3521,2350
"40D2E883AF32D84EAAD8E5D4215DF94BB5A1FE23","bin_plus\UNO_Data\StreamingAssets\preinstall\theme\party\gfx\avater\mesh.b",46872,46872,33598,2351
"40D2E883AF32D84EAAD8E5D4215DF94BB5A1FE23","bin_plus\UNO_Data\StreamingAssets\preinstall\theme\party\gfx\avater\texture.b",445796,445796,354187,2352
"40D2E883AF32D84EAAD8E5D4215DF94BB5A1FE23","bin_plus\UNO_Data\StreamingAssets\preinstall\theme\party\gfx\background_sphere\materials.b",2902,2902,2311,2353
"40D2E883AF32D84EAAD8E5D4215DF94BB5A1FE23","bin_plus\UNO_Data\StreamingAssets\preinstall\theme\party\gfx\background_sphere\mesh.b",65967,65967,50008,2354
"40D2E883AF32D84EAAD8E5D4215DF94BB5A1FE23","bin_plus\UNO_Data\StreamingAssets\preinstall\theme\party\gfx\background_sphere\texture.b",103552,103552,74688,2355
"40D2E883AF32D84EAAD8E5D4215DF94BB5A1FE23","bin_plus\UNO_Data\StreamingAssets\preinstall\theme\party\gfx\call_uno\materials.b",3361,3361,2750,2356
"40D2E883AF32D84EAAD8E5D4215DF94BB5A1FE23","bin_plus\UNO_Data\StreamingAssets\preinstall\theme\party\gfx\call_uno\mesh.b",78520,78520,59921,2357
"40D2E883AF32D84EAAD8E5D4215DF94BB5A1FE23","bin_plus\UNO_Data\StreamingAssets\preinstall\theme\party\gfx\call_uno\texture.b",909991,909991,572277,2358
"40D2E883AF32D84EAAD8E5D4215DF94BB5A1FE23","bin_plus\UNO_Data\StreamingAssets\preinstall\theme\party\gfx\card_shadow\texture.b",17794,17794,12694,2359
"40D2E883AF32D84EAAD8E5D4215DF94BB5A1FE23","bin_plus\UNO_Data\StreamingAssets\preinstall\theme\party\gfx\cursor\materials.b",43135,43135,31039,2360
"40D2E883AF32D84EAAD8E5D4215DF94BB5A1FE23","bin_plus\UNO_Data\StreamingAssets\preinstall\theme\party\gfx\cursor\mesh.b",64530,64530,48815,2361
"40D2E883AF32D84EAAD8E5D4215DF94BB5A1FE23","bin_plus\UNO_Data\StreamingAssets\preinstall\theme\party\gfx\cursor\texture.b",105000,105000,50220,2362
"40D2E883AF32D84EAAD8E5D4215DF94BB5A1FE23","bin_plus\UNO_Data\StreamingAssets\preinstall\theme\party\gfx\drawfour\materials.b",2814,2814,2237,2363
"40D2E883AF32D84EAAD8E5D4215DF94BB5A1FE23","bin_plus\UNO_Data\StreamingAssets\preinstall\theme\party\gfx\drawfour\texture.b",376434,376434,330553,2364
"40D2E883AF32D84EAAD8E5D4215DF94BB5A1FE23","bin_plus\UNO_Data\StreamingAssets\preinstall\theme\party\gfx\drawtwo\materials.b",2961,2961,2361,2365
"40D2E883AF32D84EAAD8E5D4215DF94BB5A1FE23","bin_plus\UNO_Data\StreamingAssets\preinstall\theme\party\gfx\drawtwo\mesh.b",60198,60198,46141,2366
"40D2E883AF32D84EAAD8E5D4215DF94BB5A1FE23","bin_plus\UNO_Data\StreamingAssets\preinstall\theme\party\gfx\drawtwo\texture.b",454623,454623,258524,2367
"40D2E883AF32D84EAAD8E5D4215DF94BB5A1FE23","bin_plus\UNO_Data\StreamingAssets\preinstall\theme\party\gfx\particle_cardglow\materials.b",3471,3471,2801,2368
"40D2E883AF32D84EAAD8E5D4215DF94BB5A1FE23","bin_plus\UNO_Data\StreamingAssets\preinstall\theme\party\gfx\particle_cardglow\mesh.b",51456,51456,37763,2369
"40D2E883AF32D84EAAD8E5D4215DF94BB5A1FE23","bin_plus\UNO_Data\StreamingAssets\preinstall\theme\party\gfx\particle_cardglow\texture.b",311867,311867,251089,2370
"40D2E883AF32D84EAAD8E5D4215DF94BB5A1FE23","bin_plus\UNO_Data\StreamingAssets\preinstall\theme\party\gfx\pointtaken\mesh.b",97119,97119,78493,2371
"40D2E883AF32D84EAAD8E5D4215DF94BB5A1FE23","bin_plus\UNO_Data\StreamingAssets\preinstall\theme\party\gfx\reverse\materials.b",3357,3357,2721,2372
"40D2E883AF32D84EAAD8E5D4215DF94BB5A1FE23","bin_plus\UNO_Data\StreamingAssets\preinstall\theme\party\gfx\reverse\mesh.b",80145,80145,62773,2373
"40D2E883AF32D84EAAD8E5D4215DF94BB5A1FE23","bin_plus\UNO_Data\StreamingAssets\preinstall\theme\party\gfx\reverse\texture.b",472426,472426,332235,2374
"40D2E883AF32D84EAAD8E5D4215DF94BB5A1FE23","bin_plus\UNO_Data\StreamingAssets\preinstall\theme\party\gfx\sevenzero\materials.b",3409,3409,2770,2375
"40D2E883AF32D84EAAD8E5D4215DF94BB5A1FE23","bin_plus\UNO_Data\StreamingAssets\preinstall\theme\party\gfx\sevenzero\mesh.b",63209,63209,48840,2376
"40D2E883AF32D84EAAD8E5D4215DF94BB5A1FE23","bin_plus\UNO_Data\StreamingAssets\preinstall\theme\party\gfx\sevenzero\texture.b",789454,789454,511202,2377
"40D2E883AF32D84EAAD8E5D4215DF94BB5A1FE23","bin_plus\UNO_Data\StreamingAssets\preinstall\theme\party\gfx\single_card\materials.b",2819,2819,2228,2378
"40D2E883AF32D84EAAD8E5D4215DF94BB5A1FE23","bin_plus\UNO_Data\StreamingAssets\preinstall\theme\party\gfx\single_card\texture.b",161285,161285,136990,2379
"40D2E883AF32D84EAAD8E5D4215DF94BB5A1FE23","bin_plus\UNO_Data\StreamingAssets\preinstall\theme\party\gfx\skip\materials.b",3347,3347,2722,2380
"40D2E883AF32D84EAAD8E5D4215DF94BB5A1FE23","bin_plus\UNO_Data\StreamingAssets\preinstall\theme\party\gfx\skip\mesh.b",82675,82675,62413,2381
"40D2E883AF32D84EAAD8E5D4215DF94BB5A1FE23","bin_plus\UNO_Data\StreamingAssets\preinstall\theme\party\gfx\skip\texture.b",576317,576317,459377,2382
"40D2E883AF32D84EAAD8E5D4215DF94BB5A1FE23","bin_plus\UNO_Data\StreamingAssets\preinstall\theme\party\gfx\touch_screen\materials.b",2690,2690,2109,2383
"40D2E883AF32D84EAAD8E5D4215DF94BB5A1FE23","bin_plus\UNO_Data\StreamingAssets\preinstall\theme\party\gfx\touch_screen\texture.b",14068,14068,12382,2384
"40D2E883AF32D84EAAD8E5D4215DF94BB5A1FE23","bin_plus\UNO_Data\StreamingAssets\preinstall\theme\party\gfx_fx\material.b",7746,7746,6606,2385
"40D2E883AF32D84EAAD8E5D4215DF94BB5A1FE23","bin_plus\UNO_Data\StreamingAssets\preinstall\theme\party\gfx_fx\mesh.b",169248,169248,128308,2386
"40D2E883AF32D84EAAD8E5D4215DF94BB5A1FE23","bin_plus\UNO_Data\StreamingAssets\preinstall\theme\party\gfx_fx\texture.b",2666750,2666750,2258092,2387
"40D2E883AF32D84EAAD8E5D4215DF94BB5A1FE23","bin_plus\UNO_Data\StreamingAssets\preinstall\theme\party\gfx_fx\vfxanimation.b",9403,9403,6898,2388
"40D2E883AF32D84EAAD8E5D4215DF94BB5A1FE23","bin_plus\UNO_Data\StreamingAssets\preinstall\theme\party\gfx_fx\texture\materials.b",2576,2576,2033,2389
"40D2E883AF32D84EAAD8E5D4215DF94BB5A1FE23","bin_plus\UNO_Data\StreamingAssets\preinstall\theme\party\popup\texture-new.b",18780275,18780275,14912270,2390
"40D2E883AF32D84EAAD8E5D4215DF94BB5A1FE23","bin_plus\UNO_Data\StreamingAssets\preinstall\theme\party\popup\texture.b",7892004,7892004,6017749,2391
"40D2E883AF32D84EAAD8E5D4215DF94BB5A1FE23","bin_plus\UNO_Data\StreamingAssets\preinstall\theme\party\prefabs\gfx.b",456912,456912,307329,2392
"40D2E883AF32D84EAAD8E5D4215DF94BB5A1FE23","bin_plus\UNO_Data\StreamingAssets\preinstall\theme\party\sceneresources\party_board.b",29387265,29387265,26803501,2393
"40D2E883AF32D84EAAD8E5D4215DF94BB5A1FE23","bin_plus\UNO_Data\StreamingAssets\preinstall\theme\party\sceneresources\party_wildpileup_backgroud.b",23750080,23750080,22203718,2394
"40D2E883AF32D84EAAD8E5D4215DF94BB5A1FE23","bin_plus\UNO_Data\StreamingAssets\preinstall\theme\party\skybox\materials.b",2693,2693,2122,2395
"40D2E883AF32D84EAAD8E5D4215DF94BB5A1FE23","bin_plus\UNO_Data\StreamingAssets\preinstall\theme\party\skybox\texture.b",160658,160658,130060,2396
"40D2E883AF32D84EAAD8E5D4215DF94BB5A1FE23","bin_plus\UNO_Data\StreamingAssets\preinstall\theme\party\themecards\pointtakencard.b",14025,14025,10900,2397
"40D2E883AF32D84EAAD8E5D4215DF94BB5A1FE23","bin_plus\UNO_Data\StreamingAssets\preinstall\theme\party\themecards\wilddrawntogether.b",9946,9946,7305,2398
"40D2E883AF32D84EAAD8E5D4215DF94BB5A1FE23","bin_plus\UNO_Data\StreamingAssets\preinstall\theme\party\themecards\wildpileup.b",10576,10576,7850,2399
"40D2E883AF32D84EAAD8E5D4215DF94BB5A1FE23","bin_plus\UNO_Data\StreamingAssets\preinstall\theme\party\themecards\pointtakencard\mesh.b",49315,49315,43184,2400
"40D2E883AF32D84EAAD8E5D4215DF94BB5A1FE23","bin_plus\UNO_Data\StreamingAssets\preinstall\theme\party\themecards\pointtakencard\texture.b",901737,901737,759398,2401
"40D2E883AF32D84EAAD8E5D4215DF94BB5A1FE23","bin_plus\UNO_Data\StreamingAssets\preinstall\theme\party\themecards\wilddrawntogether\mesh.b",26575,26575,19959,2402
"40D2E883AF32D84EAAD8E5D4215DF94BB5A1FE23","bin_plus\UNO_Data\StreamingAssets\preinstall\theme\party\themecards\wilddrawntogether\texture.b",470585,470585,401544,2403
"40D2E883AF32D84EAAD8E5D4215DF94BB5A1FE23","bin_plus\UNO_Data\StreamingAssets\preinstall\theme\party\themecards\wildpileup\mesh.b",8379,8379,6324,2404
"40D2E883AF32D84EAAD8E5D4215DF94BB5A1FE23","bin_plus\UNO_Data\StreamingAssets\preinstall\theme\party\themecards\wildpileup\texture.b",671690,671690,381269,2405
"40D2E883AF32D84EAAD8E5D4215DF94BB5A1FE23","bin_plus\UNO_Data\StreamingAssets\preinstall\theme\rabbids\cards.b",94114,94114,51084,2406
"40D2E883AF32D84EAAD8E5D4215DF94BB5A1FE23","bin_plus\UNO_Data\StreamingAssets\preinstall\theme\rabbids\rabbids_board.b",1408558,1408558,1199071,2407
"40D2E883AF32D84EAAD8E5D4215DF94BB5A1FE23","bin_plus\UNO_Data\StreamingAssets\preinstall\theme\rabbids\themeanimation.b",6713,6713,4738,2408
"40D2E883AF32D84EAAD8E5D4215DF94BB5A1FE23","bin_plus\UNO_Data\StreamingAssets\preinstall\theme\rabbids\themecards.b",7166529,7166529,6254286,2409
"40D2E883AF32D84EAAD8E5D4215DF94BB5A1FE23","bin_plus\UNO_Data\StreamingAssets\preinstall\theme\rabbids\animation\arrow.b",12916,12916,9600,2410
"40D2E883AF32D84EAAD8E5D4215DF94BB5A1FE23","bin_plus\UNO_Data\StreamingAssets\preinstall\theme\rabbids\animation\bluewildyonder.b",23246,23246,18673,2411
"40D2E883AF32D84EAAD8E5D4215DF94BB5A1FE23","bin_plus\UNO_Data\StreamingAssets\preinstall\theme\rabbids\animation\comingthrough.b",6954,6954,5030,2412
"40D2E883AF32D84EAAD8E5D4215DF94BB5A1FE23","bin_plus\UNO_Data\StreamingAssets\preinstall\theme\rabbids\animation\explosion.b",7343,7343,5224,2413
"40D2E883AF32D84EAAD8E5D4215DF94BB5A1FE23","bin_plus\UNO_Data\StreamingAssets\preinstall\theme\rabbids\animation\explosiveresult.b",711834,711834,582663,2414
"40D2E883AF32D84EAAD8E5D4215DF94BB5A1FE23","bin_plus\UNO_Data\StreamingAssets\preinstall\theme\rabbids\animation\theme_picker.b",8646,8646,6419,2415
"40D2E883AF32D84EAAD8E5D4215DF94BB5A1FE23","bin_plus\UNO_Data\StreamingAssets\preinstall\theme\rabbids\animation\arrow\anicontroller.b",4792,4792,3753,2416
"40D2E883AF32D84EAAD8E5D4215DF94BB5A1FE23","bin_plus\UNO_Data\StreamingAssets\preinstall\theme\rabbids\animation\bluewildyonder\anicontroller.b",5709,5709,4513,2417
"40D2E883AF32D84EAAD8E5D4215DF94BB5A1FE23","bin_plus\UNO_Data\StreamingAssets\preinstall\theme\rabbids\animation\bluewildyonder\materials.b",2603,2603,2042,2418
"40D2E883AF32D84EAAD8E5D4215DF94BB5A1FE23","bin_plus\UNO_Data\StreamingAssets\preinstall\theme\rabbids\animation\comingthrough\anicontroller.b",4693,4693,3634,2419
"40D2E883AF32D84EAAD8E5D4215DF94BB5A1FE23","bin_plus\UNO_Data\StreamingAssets\preinstall\theme\rabbids\animation\explosion\anicontroller.b",4681,4681,3644,2420
"40D2E883AF32D84EAAD8E5D4215DF94BB5A1FE23","bin_plus\UNO_Data\StreamingAssets\preinstall\theme\rabbids\animation\explosion\materials.b",20661,20661,11760,2421
"40D2E883AF32D84EAAD8E5D4215DF94BB5A1FE23","bin_plus\UNO_Data\StreamingAssets\preinstall\theme\rabbids\animation\explosion\mesh.b",47310,47310,33987,2422
"40D2E883AF32D84EAAD8E5D4215DF94BB5A1FE23","bin_plus\UNO_Data\StreamingAssets\preinstall\theme\rabbids\animation\explosion\texture.b",441998,441998,395122,2423
"40D2E883AF32D84EAAD8E5D4215DF94BB5A1FE23","bin_plus\UNO_Data\StreamingAssets\preinstall\theme\rabbids\animation\explosiveresult\anicontroller.b",4972,4972,3908,2424
"40D2E883AF32D84EAAD8E5D4215DF94BB5A1FE23","bin_plus\UNO_Data\StreamingAssets\preinstall\theme\rabbids\animation\explosiveresult\mesh.b",46450,46450,33342,2425
"40D2E883AF32D84EAAD8E5D4215DF94BB5A1FE23","bin_plus\UNO_Data\StreamingAssets\preinstall\theme\rabbids\animation\explosiveresult\texture.b",88938,88938,78991,2426
"40D2E883AF32D84EAAD8E5D4215DF94BB5A1FE23","bin_plus\UNO_Data\StreamingAssets\preinstall\theme\rabbids\animation\theme_picker\anicontroller.b",5033,5033,3978,2427
"40D2E883AF32D84EAAD8E5D4215DF94BB5A1FE23","bin_plus\UNO_Data\StreamingAssets\preinstall\theme\rabbids\animation\theme_picker\materials.b",2762,2762,2180,2428
"40D2E883AF32D84EAAD8E5D4215DF94BB5A1FE23","bin_plus\UNO_Data\StreamingAssets\preinstall\theme\rabbids\animation\theme_picker\mesh.b",46741,46741,33455,2429
"40D2E883AF32D84EAAD8E5D4215DF94BB5A1FE23","bin_plus\UNO_Data\StreamingAssets\preinstall\theme\rabbids\animation\theme_picker\texture.b",27915,27915,24100,2430
"40D2E883AF32D84EAAD8E5D4215DF94BB5A1FE23","bin_plus\UNO_Data\StreamingAssets\preinstall\theme\rabbids\background_sphere\materials.b",3389,3389,2763,2431
"40D2E883AF32D84EAAD8E5D4215DF94BB5A1FE23","bin_plus\UNO_Data\StreamingAssets\preinstall\theme\rabbids\background_sphere\mesh.b",56989,56989,42502,2432
"40D2E883AF32D84EAAD8E5D4215DF94BB5A1FE23","bin_plus\UNO_Data\StreamingAssets\preinstall\theme\rabbids\background_sphere\texture.b",336167,336167,292326,2433
"40D2E883AF32D84EAAD8E5D4215DF94BB5A1FE23","bin_plus\UNO_Data\StreamingAssets\preinstall\theme\rabbids\cardcoveringeffect\colorchangeeffect.b",1116874,1116874,936564,2434
"40D2E883AF32D84EAAD8E5D4215DF94BB5A1FE23","bin_plus\UNO_Data\StreamingAssets\preinstall\theme\rabbids\gfx\drawfour\materials.b",3141,3141,2543,2435
"40D2E883AF32D84EAAD8E5D4215DF94BB5A1FE23","bin_plus\UNO_Data\StreamingAssets\preinstall\theme\rabbids\gfx\drawfour\texture.b",257796,257796,227023,2436
"40D2E883AF32D84EAAD8E5D4215DF94BB5A1FE23","bin_plus\UNO_Data\StreamingAssets\preinstall\theme\rabbids\gfx\particle_cardglow\materials.b",2608,2608,2057,2437
"40D2E883AF32D84EAAD8E5D4215DF94BB5A1FE23","bin_plus\UNO_Data\StreamingAssets\preinstall\theme\rabbids\rabbids_board\materials.b",3308,3308,2681,2438
"40D2E883AF32D84EAAD8E5D4215DF94BB5A1FE23","bin_plus\UNO_Data\StreamingAssets\preinstall\theme\rabbids\skybox\materials.b",2685,2685,2110,2439
"40D2E883AF32D84EAAD8E5D4215DF94BB5A1FE23","bin_plus\UNO_Data\StreamingAssets\preinstall\theme\rabbids\skybox\texture.b",68452,68452,52040,2440
"40D2E883AF32D84EAAD8E5D4215DF94BB5A1FE23","bin_plus\UNO_Data\StreamingAssets\preinstall\theme\rabbids\themeanimation\anicontroller.b",4684,4684,3650,2441
"40D2E883AF32D84EAAD8E5D4215DF94BB5A1FE23","bin_plus\UNO_Data\StreamingAssets\preinstall\theme\rabbids\themeanimation\materials.b",2774,2774,2192,2442
"40D2E883AF32D84EAAD8E5D4215DF94BB5A1FE23","bin_plus\UNO_Data\StreamingAssets\preinstall\theme\rabbids\themeanimation\mesh.b",46407,46407,33276,2443
"40D2E883AF32D84EAAD8E5D4215DF94BB5A1FE23","bin_plus\UNO_Data\StreamingAssets\preinstall\theme\rabbids\themeanimation\texture.b",8497,8497,7321,2444
"40D2E883AF32D84EAAD8E5D4215DF94BB5A1FE23","bin_plus\UNO_Data\StreamingAssets\preinstall\theme\rabbids\themecards\hurryup_timer.b",54825,54825,47985,2445
"40D2E883AF32D84EAAD8E5D4215DF94BB5A1FE23","bin_plus\UNO_Data\StreamingAssets\preinstall\theme\rabbids\themecards\comingthrough\flyingcards.b",20367,20367,18212,2446
"40D2E883AF32D84EAAD8E5D4215DF94BB5A1FE23","bin_plus\UNO_Data\StreamingAssets\preinstall\theme\rayman\cards.b",85872,85872,50032,2447
"40D2E883AF32D84EAAD8E5D4215DF94BB5A1FE23","bin_plus\UNO_Data\StreamingAssets\preinstall\theme\rayman\themeanimation.b",3531,3531,1746,2448
"40D2E883AF32D84EAAD8E5D4215DF94BB5A1FE23","bin_plus\UNO_Data\StreamingAssets\preinstall\theme\rayman\themecards.b",1991775,1991775,1868257,2449
"40D2E883AF32D84EAAD8E5D4215DF94BB5A1FE23","bin_plus\UNO_Data\StreamingAssets\preinstall\theme\rayman\active_player\materials.b",2566,2566,2008,2450
"40D2E883AF32D84EAAD8E5D4215DF94BB5A1FE23","bin_plus\UNO_Data\StreamingAssets\preinstall\theme\rayman\active_player\texture.b",5224,5224,4604,2451
"40D2E883AF32D84EAAD8E5D4215DF94BB5A1FE23","bin_plus\UNO_Data\StreamingAssets\preinstall\theme\rayman\animation\active_player.b",6796,6796,4823,2452
"40D2E883AF32D84EAAD8E5D4215DF94BB5A1FE23","bin_plus\UNO_Data\StreamingAssets\preinstall\theme\rayman\animation\fronteffect.b",6490,6490,4638,2453
"40D2E883AF32D84EAAD8E5D4215DF94BB5A1FE23","bin_plus\UNO_Data\StreamingAssets\preinstall\theme\rayman\animation\light.b",6686,6686,4768,2454
"40D2E883AF32D84EAAD8E5D4215DF94BB5A1FE23","bin_plus\UNO_Data\StreamingAssets\preinstall\theme\rayman\animation\theme_picker.b",8880,8880,6588,2455
"40D2E883AF32D84EAAD8E5D4215DF94BB5A1FE23","bin_plus\UNO_Data\StreamingAssets\preinstall\theme\rayman\animation\active_player\anicontroller.b",6276,6276,5001,2456
"40D2E883AF32D84EAAD8E5D4215DF94BB5A1FE23","bin_plus\UNO_Data\StreamingAssets\preinstall\theme\rayman\animation\fronteffect\anicontroller.b",4685,4685,3659,2457
"40D2E883AF32D84EAAD8E5D4215DF94BB5A1FE23","bin_plus\UNO_Data\StreamingAssets\preinstall\theme\rayman\animation\light\anicontroller.b",4667,4667,3636,2458
"40D2E883AF32D84EAAD8E5D4215DF94BB5A1FE23","bin_plus\UNO_Data\StreamingAssets\preinstall\theme\rayman\animation\theme_picker\anicontroller.b",5037,5037,3970,2459
"40D2E883AF32D84EAAD8E5D4215DF94BB5A1FE23","bin_plus\UNO_Data\StreamingAssets\preinstall\theme\rayman\animation\theme_picker\materials.b",2693,2693,2122,2460
"40D2E883AF32D84EAAD8E5D4215DF94BB5A1FE23","bin_plus\UNO_Data\StreamingAssets\preinstall\theme\rayman\animation\theme_picker\texture.b",115035,115035,106044,2461
"40D2E883AF32D84EAAD8E5D4215DF94BB5A1FE23","bin_plus\UNO_Data\StreamingAssets\preinstall\theme\rayman\background\materials.b",3639,3639,2989,2462
"40D2E883AF32D84EAAD8E5D4215DF94BB5A1FE23","bin_plus\UNO_Data\StreamingAssets\preinstall\theme\rayman\background\texture.b",1059153,1059153,909810,2463
"40D2E883AF32D84EAAD8E5D4215DF94BB5A1FE23","bin_plus\UNO_Data\StreamingAssets\preinstall\theme\rayman\cardcoveringeffect\colorchangeeffect.b",1316913,1316913,1065871,2464
"40D2E883AF32D84EAAD8E5D4215DF94BB5A1FE23","bin_plus\UNO_Data\StreamingAssets\preinstall\theme\rayman\gfx\mirrorsfx.b",165670,165670,138173,2465
"40D2E883AF32D84EAAD8E5D4215DF94BB5A1FE23","bin_plus\UNO_Data\StreamingAssets\preinstall\theme\rayman\gfx\active_player\materials.b",2597,2597,2033,2466
"40D2E883AF32D84EAAD8E5D4215DF94BB5A1FE23","bin_plus\UNO_Data\StreamingAssets\preinstall\theme\rayman\gfx\active_player\texture.b",5228,5228,4592,2467
"40D2E883AF32D84EAAD8E5D4215DF94BB5A1FE23","bin_plus\UNO_Data\StreamingAssets\preinstall\theme\rayman\gfx\theme_card_sfx\materials.b",2842,2842,2233,2468
"40D2E883AF32D84EAAD8E5D4215DF94BB5A1FE23","bin_plus\UNO_Data\StreamingAssets\preinstall\theme\rayman\gfx\theme_card_sfx\texture.b",264271,264271,194106,2469
"40D2E883AF32D84EAAD8E5D4215DF94BB5A1FE23","bin_plus\UNO_Data\StreamingAssets\preinstall\theme\rayman\sceneresources\carddeck.b",173149,173149,159955,2470
"40D2E883AF32D84EAAD8E5D4215DF94BB5A1FE23","bin_plus\UNO_Data\StreamingAssets\preinstall\theme\rayman\sceneresources\fronteffect.b",766525,766525,652405,2471
"40D2E883AF32D84EAAD8E5D4215DF94BB5A1FE23","bin_plus\UNO_Data\StreamingAssets\preinstall\theme\rayman\sceneresources\rayman_board.b",751984,751984,623931,2472
"40D2E883AF32D84EAAD8E5D4215DF94BB5A1FE23","bin_plus\UNO_Data\StreamingAssets\preinstall\theme\rayman\sceneresources\fronteffect\materials.b",2948,2948,2359,2473
"40D2E883AF32D84EAAD8E5D4215DF94BB5A1FE23","bin_plus\UNO_Data\StreamingAssets\preinstall\theme\rayman\sceneresources\rayman_board\texture.b",5756479,5756479,4932330,2474
"40D2E883AF32D84EAAD8E5D4215DF94BB5A1FE23","bin_plus\UNO_Data\StreamingAssets\preinstall\theme\rayman\sceneresourcesbackgroundelements\genami.b",332802,332802,286079,2475
"40D2E883AF32D84EAAD8E5D4215DF94BB5A1FE23","bin_plus\UNO_Data\StreamingAssets\preinstall\theme\rayman\sceneresourcesbackgroundelements\lums.b",475377,475377,409156,2476
"40D2E883AF32D84EAAD8E5D4215DF94BB5A1FE23","bin_plus\UNO_Data\StreamingAssets\preinstall\theme\rayman\skybox\materials.b",2689,2689,2110,2477
"40D2E883AF32D84EAAD8E5D4215DF94BB5A1FE23","bin_plus\UNO_Data\StreamingAssets\preinstall\theme\rayman\skybox\texture.b",61894,61894,46993,2478
"40D2E883AF32D84EAAD8E5D4215DF94BB5A1FE23","bin_plus\UNO_Data\StreamingAssets\preinstall\theme\rayman\themecards\dragon.b",479148,479148,420791,2479
"40D2E883AF32D84EAAD8E5D4215DF94BB5A1FE23","bin_plus\UNO_Data\StreamingAssets\preinstall\theme\rayman\themecards\escape.b",187900,187900,166415,2480
"40D2E883AF32D84EAAD8E5D4215DF94BB5A1FE23","bin_plus\UNO_Data\StreamingAssets\preinstall\theme\rayman\themecards\mirror.b",10102,10102,7413,2481
"40D2E883AF32D84EAAD8E5D4215DF94BB5A1FE23","bin_plus\UNO_Data\StreamingAssets\preinstall\theme\rayman\themecards\punching.b",490842,490842,422439,2482
"40D2E883AF32D84EAAD8E5D4215DF94BB5A1FE23","bin_plus\UNO_Data\StreamingAssets\preinstall\theme\rayman\themecards\timmer.b",50599,50599,45641,2483
"40D2E883AF32D84EAAD8E5D4215DF94BB5A1FE23","bin_plus\UNO_Data\StreamingAssets\preinstall\theme\rayman\themecards\dragon\mesh.b",56469,56469,40709,2484
"40D2E883AF32D84EAAD8E5D4215DF94BB5A1FE23","bin_plus\UNO_Data\StreamingAssets\preinstall\theme\rayman\themecards\dragon\texture.b",157463,157463,144539,2485
"40D2E883AF32D84EAAD8E5D4215DF94BB5A1FE23","bin_plus\UNO_Data\StreamingAssets\preinstall\theme\rayman\themecards\escape\texture.b",618681,618681,495254,2486
"40D2E883AF32D84EAAD8E5D4215DF94BB5A1FE23","bin_plus\UNO_Data\StreamingAssets\preinstall\theme\rayman\themecards\mirror\materials.b",2988,2988,2385,2487
"40D2E883AF32D84EAAD8E5D4215DF94BB5A1FE23","bin_plus\UNO_Data\StreamingAssets\preinstall\theme\rayman\themecards\mirror\texture.b",128385,128385,111874,2488
"40D2E883AF32D84EAAD8E5D4215DF94BB5A1FE23","bin_plus\UNO_Data\StreamingAssets\preinstall\theme\rayman\themecards\punching\texture.b",156811,156811,132949,2489
"40D2E883AF32D84EAAD8E5D4215DF94BB5A1FE23","bin_plus\UNO_Data\StreamingAssets\preinstall\theme\valhalla\battlepanel.b",2856316,2856316,2454195,2490
"40D2E883AF32D84EAAD8E5D4215DF94BB5A1FE23","bin_plus\UNO_Data\StreamingAssets\preinstall\theme\valhalla\cards.b",94602,94602,51612,2491
"40D2E883AF32D84EAAD8E5D4215DF94BB5A1FE23","bin_plus\UNO_Data\StreamingAssets\preinstall\theme\valhalla\fx_camera.b",2587,2587,2022,2492
"40D2E883AF32D84EAAD8E5D4215DF94BB5A1FE23","bin_plus\UNO_Data\StreamingAssets\preinstall\theme\valhalla\gfx.b",2933,2933,2333,2493
"40D2E883AF32D84EAAD8E5D4215DF94BB5A1FE23","bin_plus\UNO_Data\StreamingAssets\preinstall\theme\valhalla\popup.b",14155,14155,10951,2494
"40D2E883AF32D84EAAD8E5D4215DF94BB5A1FE23","bin_plus\UNO_Data\StreamingAssets\preinstall\theme\valhalla\themecards.b",2151050,2151050,2081066,2495
"40D2E883AF32D84EAAD8E5D4215DF94BB5A1FE23","bin_plus\UNO_Data\StreamingAssets\preinstall\theme\valhalla\themepicker.b",584187,584187,513978,2496
"40D2E883AF32D84EAAD8E5D4215DF94BB5A1FE23","bin_plus\UNO_Data\StreamingAssets\preinstall\theme\valhalla\valhallahud.b",1144273,1144273,923039,2497
"40D2E883AF32D84EAAD8E5D4215DF94BB5A1FE23","bin_plus\UNO_Data\StreamingAssets\preinstall\theme\valhalla\animation\active_player.b",7834,7834,5634,2498
"40D2E883AF32D84EAAD8E5D4215DF94BB5A1FE23","bin_plus\UNO_Data\StreamingAssets\preinstall\theme\valhalla\animation\arrows.b",21094,21094,16431,2499
"40D2E883AF32D84EAAD8E5D4215DF94BB5A1FE23","bin_plus\UNO_Data\StreamingAssets\preinstall\theme\valhalla\animation\avater.b",9663,9663,7182,2500
"40D2E883AF32D84EAAD8E5D4215DF94BB5A1FE23","bin_plus\UNO_Data\StreamingAssets\preinstall\theme\valhalla\animation\board_circle.b",6463,6463,4548,2501
"40D2E883AF32D84EAAD8E5D4215DF94BB5A1FE23","bin_plus\UNO_Data\StreamingAssets\preinstall\theme\valhalla\animation\button_glow.b",152765,152765,129330,2502
"40D2E883AF32D84EAAD8E5D4215DF94BB5A1FE23","bin_plus\UNO_Data\StreamingAssets\preinstall\theme\valhalla\animation\call_uno.b",22082,22082,19143,2503
"40D2E883AF32D84EAAD8E5D4215DF94BB5A1FE23","bin_plus\UNO_Data\StreamingAssets\preinstall\theme\valhalla\animation\challenge_wilddraw4.b",10877,10877,8285,2504
"40D2E883AF32D84EAAD8E5D4215DF94BB5A1FE23","bin_plus\UNO_Data\StreamingAssets\preinstall\theme\valhalla\animation\deck_sfx.b",6601,6601,4681,2505
"40D2E883AF32D84EAAD8E5D4215DF94BB5A1FE23","bin_plus\UNO_Data\StreamingAssets\preinstall\theme\valhalla\animation\didnt_calluno.b",6518,6518,4660,2506
"40D2E883AF32D84EAAD8E5D4215DF94BB5A1FE23","bin_plus\UNO_Data\StreamingAssets\preinstall\theme\valhalla\animation\drawcard.b",6594,6594,4730,2507
"40D2E883AF32D84EAAD8E5D4215DF94BB5A1FE23","bin_plus\UNO_Data\StreamingAssets\preinstall\theme\valhalla\animation\drawtwo.b",17264,17264,12611,2508
"40D2E883AF32D84EAAD8E5D4215DF94BB5A1FE23","bin_plus\UNO_Data\StreamingAssets\preinstall\theme\valhalla\animation\joker.b",235150,235150,196034,2509
"40D2E883AF32D84EAAD8E5D4215DF94BB5A1FE23","bin_plus\UNO_Data\StreamingAssets\preinstall\theme\valhalla\animation\jump_in.b",79623,79623,61015,2510
"40D2E883AF32D84EAAD8E5D4215DF94BB5A1FE23","bin_plus\UNO_Data\StreamingAssets\preinstall\theme\valhalla\animation\particle_cardglow.b",6103,6103,4300,2511
"40D2E883AF32D84EAAD8E5D4215DF94BB5A1FE23","bin_plus\UNO_Data\StreamingAssets\preinstall\theme\valhalla\animation\preparecalluno.b",6964,6964,5068,2512
"40D2E883AF32D84EAAD8E5D4215DF94BB5A1FE23","bin_plus\UNO_Data\StreamingAssets\preinstall\theme\valhalla\animation\ps4_cross_button.b",112651,112651,89771,2513
"40D2E883AF32D84EAAD8E5D4215DF94BB5A1FE23","bin_plus\UNO_Data\StreamingAssets\preinstall\theme\valhalla\animation\reverse.b",8270,8270,6277,2514
"40D2E883AF32D84EAAD8E5D4215DF94BB5A1FE23","bin_plus\UNO_Data\StreamingAssets\preinstall\theme\valhalla\animation\sevenzero.b",27522,27522,18007,2515
"40D2E883AF32D84EAAD8E5D4215DF94BB5A1FE23","bin_plus\UNO_Data\StreamingAssets\preinstall\theme\valhalla\animation\single_card.b",6195,6195,4369,2516
"40D2E883AF32D84EAAD8E5D4215DF94BB5A1FE23","bin_plus\UNO_Data\StreamingAssets\preinstall\theme\valhalla\animation\skip.b",10653,10653,8206,2517
"40D2E883AF32D84EAAD8E5D4215DF94BB5A1FE23","bin_plus\UNO_Data\StreamingAssets\preinstall\theme\valhalla\animation\stacking.b",10893,10893,8656,2518
"40D2E883AF32D84EAAD8E5D4215DF94BB5A1FE23","bin_plus\UNO_Data\StreamingAssets\preinstall\theme\valhalla\animation\tutorial_arrow.b",6148,6148,4335,2519
"40D2E883AF32D84EAAD8E5D4215DF94BB5A1FE23","bin_plus\UNO_Data\StreamingAssets\preinstall\theme\valhalla\animation\voice_chat.b",7346,7346,5403,2520
"40D2E883AF32D84EAAD8E5D4215DF94BB5A1FE23","bin_plus\UNO_Data\StreamingAssets\preinstall\theme\valhalla\animation\wild.b",241322,241322,201405,2521
"40D2E883AF32D84EAAD8E5D4215DF94BB5A1FE23","bin_plus\UNO_Data\StreamingAssets\preinstall\theme\valhalla\animation\xbox1_cross_button.b",11799,11799,8936,2522
"40D2E883AF32D84EAAD8E5D4215DF94BB5A1FE23","bin_plus\UNO_Data\StreamingAssets\preinstall\theme\valhalla\animation\active_player\anicontroller.b",6807,6807,5507,2523
"40D2E883AF32D84EAAD8E5D4215DF94BB5A1FE23","bin_plus\UNO_Data\StreamingAssets\preinstall\theme\valhalla\animation\arrows\anicontroller.b",5230,5230,4144,2524
"40D2E883AF32D84EAAD8E5D4215DF94BB5A1FE23","bin_plus\UNO_Data\StreamingAssets\preinstall\theme\valhalla\animation\arrows\materials.b",2652,2652,2096,2525
"40D2E883AF32D84EAAD8E5D4215DF94BB5A1FE23","bin_plus\UNO_Data\StreamingAssets\preinstall\theme\valhalla\animation\arrows\texture.b",328444,328444,287340,2526
"40D2E883AF32D84EAAD8E5D4215DF94BB5A1FE23","bin_plus\UNO_Data\StreamingAssets\preinstall\theme\valhalla\animation\avater\anicontroller.b",5588,5588,4432,2527
"40D2E883AF32D84EAAD8E5D4215DF94BB5A1FE23","bin_plus\UNO_Data\StreamingAssets\preinstall\theme\valhalla\animation\board_circle\anicontroller.b",4702,4702,3645,2528
"40D2E883AF32D84EAAD8E5D4215DF94BB5A1FE23","bin_plus\UNO_Data\StreamingAssets\preinstall\theme\valhalla\animation\button_glow\anicontroller.b",5048,5048,3979,2529
"40D2E883AF32D84EAAD8E5D4215DF94BB5A1FE23","bin_plus\UNO_Data\StreamingAssets\preinstall\theme\valhalla\animation\button_glow\materials.b",2844,2844,2260,2530
"40D2E883AF32D84EAAD8E5D4215DF94BB5A1FE23","bin_plus\UNO_Data\StreamingAssets\preinstall\theme\valhalla\animation\call_uno\anicontroller.b",4702,4702,3675,2531
"40D2E883AF32D84EAAD8E5D4215DF94BB5A1FE23","bin_plus\UNO_Data\StreamingAssets\preinstall\theme\valhalla\animation\challenge_wilddraw4\anicontroller.b",6573,6573,5263,2532
"40D2E883AF32D84EAAD8E5D4215DF94BB5A1FE23","bin_plus\UNO_Data\StreamingAssets\preinstall\theme\valhalla\animation\challenge_wilddraw4\materials.b",2861,2861,2269,2533
"40D2E883AF32D84EAAD8E5D4215DF94BB5A1FE23","bin_plus\UNO_Data\StreamingAssets\preinstall\theme\valhalla\animation\challenge_wilddraw4\mesh.b",46325,46325,33244,2534
"40D2E883AF32D84EAAD8E5D4215DF94BB5A1FE23","bin_plus\UNO_Data\StreamingAssets\preinstall\theme\valhalla\animation\challenge_wilddraw4\texture.b",355289,355289,272671,2535
"40D2E883AF32D84EAAD8E5D4215DF94BB5A1FE23","bin_plus\UNO_Data\StreamingAssets\preinstall\theme\valhalla\animation\deck_sfx\anicontroller.b",4684,4684,3631,2536
"40D2E883AF32D84EAAD8E5D4215DF94BB5A1FE23","bin_plus\UNO_Data\StreamingAssets\preinstall\theme\valhalla\animation\didnt_calluno\anicontroller.b",4695,4695,3635,2537
"40D2E883AF32D84EAAD8E5D4215DF94BB5A1FE23","bin_plus\UNO_Data\StreamingAssets\preinstall\theme\valhalla\animation\didnt_calluno\materials.b",2612,2612,2054,2538
"40D2E883AF32D84EAAD8E5D4215DF94BB5A1FE23","bin_plus\UNO_Data\StreamingAssets\preinstall\theme\valhalla\animation\didnt_calluno\mesh.b",53116,53116,38233,2539
"40D2E883AF32D84EAAD8E5D4215DF94BB5A1FE23","bin_plus\UNO_Data\StreamingAssets\preinstall\theme\valhalla\animation\didnt_calluno\texture.b",11378,11378,9239,2540
"40D2E883AF32D84EAAD8E5D4215DF94BB5A1FE23","bin_plus\UNO_Data\StreamingAssets\preinstall\theme\valhalla\animation\drawcard\anicontroller.b",4936,4936,3880,2541
"40D2E883AF32D84EAAD8E5D4215DF94BB5A1FE23","bin_plus\UNO_Data\StreamingAssets\preinstall\theme\valhalla\animation\drawcard\materials.b",2852,2852,2274,2542
"40D2E883AF32D84EAAD8E5D4215DF94BB5A1FE23","bin_plus\UNO_Data\StreamingAssets\preinstall\theme\valhalla\animation\drawcard\mesh.b",47577,47577,34192,2543
"40D2E883AF32D84EAAD8E5D4215DF94BB5A1FE23","bin_plus\UNO_Data\StreamingAssets\preinstall\theme\valhalla\animation\drawcard\texture.b",134406,134406,107547,2544
"40D2E883AF32D84EAAD8E5D4215DF94BB5A1FE23","bin_plus\UNO_Data\StreamingAssets\preinstall\theme\valhalla\animation\drawtwo\anicontroller.b",11390,11390,9562,2545
"40D2E883AF32D84EAAD8E5D4215DF94BB5A1FE23","bin_plus\UNO_Data\StreamingAssets\preinstall\theme\valhalla\animation\drawtwo\choosebottomplaceholder.b",10350,10350,7627,2546
"40D2E883AF32D84EAAD8E5D4215DF94BB5A1FE23","bin_plus\UNO_Data\StreamingAssets\preinstall\theme\valhalla\animation\joker\anicontroller.b",6203,6203,4935,2547
"40D2E883AF32D84EAAD8E5D4215DF94BB5A1FE23","bin_plus\UNO_Data\StreamingAssets\preinstall\theme\valhalla\animation\jump_in\anicontroller.b",5610,5610,4478,2548
"40D2E883AF32D84EAAD8E5D4215DF94BB5A1FE23","bin_plus\UNO_Data\StreamingAssets\preinstall\theme\valhalla\animation\jump_in\materials.b",2899,2899,2316,2549
"40D2E883AF32D84EAAD8E5D4215DF94BB5A1FE23","bin_plus\UNO_Data\StreamingAssets\preinstall\theme\valhalla\animation\jump_in\mesh.b",59083,59083,43902,2550
"40D2E883AF32D84EAAD8E5D4215DF94BB5A1FE23","bin_plus\UNO_Data\StreamingAssets\preinstall\theme\valhalla\animation\jump_in\texture.b",113650,113650,98889,2551
"40D2E883AF32D84EAAD8E5D4215DF94BB5A1FE23","bin_plus\UNO_Data\StreamingAssets\preinstall\theme\valhalla\animation\particle_cardglow\anicontroller.b",4707,4707,3647,2552
"40D2E883AF32D84EAAD8E5D4215DF94BB5A1FE23","bin_plus\UNO_Data\StreamingAssets\preinstall\theme\valhalla\animation\preparecalluno\anicontroller.b",5083,5083,4010,2553
"40D2E883AF32D84EAAD8E5D4215DF94BB5A1FE23","bin_plus\UNO_Data\StreamingAssets\preinstall\theme\valhalla\animation\ps4_cross_button\anicontroller.b",5195,5195,4111,2554
"40D2E883AF32D84EAAD8E5D4215DF94BB5A1FE23","bin_plus\UNO_Data\StreamingAssets\preinstall\theme\valhalla\animation\reverse\anicontroller.b",5137,5137,4033,2555
"40D2E883AF32D84EAAD8E5D4215DF94BB5A1FE23","bin_plus\UNO_Data\StreamingAssets\preinstall\theme\valhalla\animation\sevenzero\anicontroller.b",14510,14510,12241,2556
"40D2E883AF32D84EAAD8E5D4215DF94BB5A1FE23","bin_plus\UNO_Data\StreamingAssets\preinstall\theme\valhalla\animation\sevenzero\materials.b",2685,2685,2119,2557
"40D2E883AF32D84EAAD8E5D4215DF94BB5A1FE23","bin_plus\UNO_Data\StreamingAssets\preinstall\theme\valhalla\animation\single_card\anicontroller.b",4729,4729,3665,2558
"40D2E883AF32D84EAAD8E5D4215DF94BB5A1FE23","bin_plus\UNO_Data\StreamingAssets\preinstall\theme\valhalla\animation\skip\anicontroller.b",7505,7505,6138,2559
"40D2E883AF32D84EAAD8E5D4215DF94BB5A1FE23","bin_plus\UNO_Data\StreamingAssets\preinstall\theme\valhalla\animation\stacking\anicontroller.b",5924,5924,4745,2560
"40D2E883AF32D84EAAD8E5D4215DF94BB5A1FE23","bin_plus\UNO_Data\StreamingAssets\preinstall\theme\valhalla\animation\stacking\materials.b",2836,2836,2253,2561
"40D2E883AF32D84EAAD8E5D4215DF94BB5A1FE23","bin_plus\UNO_Data\StreamingAssets\preinstall\theme\valhalla\animation\stacking\texture.b",246792,246792,210605,2562
"40D2E883AF32D84EAAD8E5D4215DF94BB5A1FE23","bin_plus\UNO_Data\StreamingAssets\preinstall\theme\valhalla\animation\tutorial_arrow\anicontroller.b",4700,4700,3644,2563
"40D2E883AF32D84EAAD8E5D4215DF94BB5A1FE23","bin_plus\UNO_Data\StreamingAssets\preinstall\theme\valhalla\animation\tutorial_arrow\materials.b",19881,19881,11054,2564
"40D2E883AF32D84EAAD8E5D4215DF94BB5A1FE23","bin_plus\UNO_Data\StreamingAssets\preinstall\theme\valhalla\animation\tutorial_arrow\texture.b",43089,43089,38267,2565
"40D2E883AF32D84EAAD8E5D4215DF94BB5A1FE23","bin_plus\UNO_Data\StreamingAssets\preinstall\theme\valhalla\animation\voice_chat\anicontroller.b",4688,4688,3624,2566
"40D2E883AF32D84EAAD8E5D4215DF94BB5A1FE23","bin_plus\UNO_Data\StreamingAssets\preinstall\theme\valhalla\animation\voice_chat\materials.b",2700,2700,2138,2567
"40D2E883AF32D84EAAD8E5D4215DF94BB5A1FE23","bin_plus\UNO_Data\StreamingAssets\preinstall\theme\valhalla\animation\voice_chat\texture.b",26135,26135,23502,2568
"40D2E883AF32D84EAAD8E5D4215DF94BB5A1FE23","bin_plus\UNO_Data\StreamingAssets\preinstall\theme\valhalla\animation\wild\anicontroller.b",6192,6192,4966,2569
"40D2E883AF32D84EAAD8E5D4215DF94BB5A1FE23","bin_plus\UNO_Data\StreamingAssets\preinstall\theme\valhalla\animation\xbox1_cross_button\anicontroller.b",5610,5610,4478,2570
"40D2E883AF32D84EAAD8E5D4215DF94BB5A1FE23","bin_plus\UNO_Data\StreamingAssets\preinstall\theme\valhalla\animation\xbox1_cross_button\materials.b",2625,2625,2058,2571
"40D2E883AF32D84EAAD8E5D4215DF94BB5A1FE23","bin_plus\UNO_Data\StreamingAssets\preinstall\theme\valhalla\animation\xbox1_cross_button\mesh.b",54759,54759,40639,2572
"40D2E883AF32D84EAAD8E5D4215DF94BB5A1FE23","bin_plus\UNO_Data\StreamingAssets\preinstall\theme\valhalla\animation\xbox1_cross_button\texture.b",2248,2248,1677,2573
"40D2E883AF32D84EAAD8E5D4215DF94BB5A1FE23","bin_plus\UNO_Data\StreamingAssets\preinstall\theme\valhalla\cardanimation\sevenzero.b",6408,6408,4542,2574
"40D2E883AF32D84EAAD8E5D4215DF94BB5A1FE23","bin_plus\UNO_Data\StreamingAssets\preinstall\theme\valhalla\cardcoveringeffect\colorchangeeffect.b",1256267,1256267,893545,2575
"40D2E883AF32D84EAAD8E5D4215DF94BB5A1FE23","bin_plus\UNO_Data\StreamingAssets\preinstall\theme\valhalla\classic_board\board_circle.b",357741,357741,276363,2576
"40D2E883AF32D84EAAD8E5D4215DF94BB5A1FE23","bin_plus\UNO_Data\StreamingAssets\preinstall\theme\valhalla\classic_board\board_glow.b",204765,204765,184419,2577
"40D2E883AF32D84EAAD8E5D4215DF94BB5A1FE23","bin_plus\UNO_Data\StreamingAssets\preinstall\theme\valhalla\classic_board\board_red.b",86125,86125,75026,2578
"40D2E883AF32D84EAAD8E5D4215DF94BB5A1FE23","bin_plus\UNO_Data\StreamingAssets\preinstall\theme\valhalla\classic_board\board_yellow.b",402342,402342,345895,2579
"40D2E883AF32D84EAAD8E5D4215DF94BB5A1FE23","bin_plus\UNO_Data\StreamingAssets\preinstall\theme\valhalla\classic_board\card_deck.b",46404,46404,39848,2580
"40D2E883AF32D84EAAD8E5D4215DF94BB5A1FE23","bin_plus\UNO_Data\StreamingAssets\preinstall\theme\valhalla\gfx\card_shadow.b",10790,10790,8191,2581
"40D2E883AF32D84EAAD8E5D4215DF94BB5A1FE23","bin_plus\UNO_Data\StreamingAssets\preinstall\theme\valhalla\gfx\active_player\materials.b",2644,2644,2077,2582
"40D2E883AF32D84EAAD8E5D4215DF94BB5A1FE23","bin_plus\UNO_Data\StreamingAssets\preinstall\theme\valhalla\gfx\active_player\mesh.b",54227,54227,40278,2583
"40D2E883AF32D84EAAD8E5D4215DF94BB5A1FE23","bin_plus\UNO_Data\StreamingAssets\preinstall\theme\valhalla\gfx\active_player\texture.b",27155,27155,24712,2584
"40D2E883AF32D84EAAD8E5D4215DF94BB5A1FE23","bin_plus\UNO_Data\StreamingAssets\preinstall\theme\valhalla\gfx\background_sphere\materials.b",2910,2910,2320,2585
"40D2E883AF32D84EAAD8E5D4215DF94BB5A1FE23","bin_plus\UNO_Data\StreamingAssets\preinstall\theme\valhalla\gfx\background_sphere\mesh.b",62866,62866,47693,2586
"40D2E883AF32D84EAAD8E5D4215DF94BB5A1FE23","bin_plus\UNO_Data\StreamingAssets\preinstall\theme\valhalla\gfx\background_sphere\texture.b",104012,104012,75420,2587
"40D2E883AF32D84EAAD8E5D4215DF94BB5A1FE23","bin_plus\UNO_Data\StreamingAssets\preinstall\theme\valhalla\gfx\call_uno\materials.b",3375,3375,2756,2588
"40D2E883AF32D84EAAD8E5D4215DF94BB5A1FE23","bin_plus\UNO_Data\StreamingAssets\preinstall\theme\valhalla\gfx\call_uno\mesh.b",68806,68806,50800,2589
"40D2E883AF32D84EAAD8E5D4215DF94BB5A1FE23","bin_plus\UNO_Data\StreamingAssets\preinstall\theme\valhalla\gfx\call_uno\texture.b",912007,912007,572102,2590
"40D2E883AF32D84EAAD8E5D4215DF94BB5A1FE23","bin_plus\UNO_Data\StreamingAssets\preinstall\theme\valhalla\gfx\card_shadow\texture.b",17883,17883,12716,2591
"40D2E883AF32D84EAAD8E5D4215DF94BB5A1FE23","bin_plus\UNO_Data\StreamingAssets\preinstall\theme\valhalla\gfx\cursor\materials.b",3695,3695,3014,2592
"40D2E883AF32D84EAAD8E5D4215DF94BB5A1FE23","bin_plus\UNO_Data\StreamingAssets\preinstall\theme\valhalla\gfx\cursor\mesh.b",66533,66533,51138,2593
"40D2E883AF32D84EAAD8E5D4215DF94BB5A1FE23","bin_plus\UNO_Data\StreamingAssets\preinstall\theme\valhalla\gfx\cursor\texture.b",123143,123143,66660,2594
"40D2E883AF32D84EAAD8E5D4215DF94BB5A1FE23","bin_plus\UNO_Data\StreamingAssets\preinstall\theme\valhalla\gfx\drawfour\materials.b",2818,2818,2241,2595
"40D2E883AF32D84EAAD8E5D4215DF94BB5A1FE23","bin_plus\UNO_Data\StreamingAssets\preinstall\theme\valhalla\gfx\drawfour\texture.b",376871,376871,330737,2596
"40D2E883AF32D84EAAD8E5D4215DF94BB5A1FE23","bin_plus\UNO_Data\StreamingAssets\preinstall\theme\valhalla\gfx\drawtwo\materials.b",2964,2964,2374,2597
"40D2E883AF32D84EAAD8E5D4215DF94BB5A1FE23","bin_plus\UNO_Data\StreamingAssets\preinstall\theme\valhalla\gfx\drawtwo\mesh.b",60109,60109,45988,2598
"40D2E883AF32D84EAAD8E5D4215DF94BB5A1FE23","bin_plus\UNO_Data\StreamingAssets\preinstall\theme\valhalla\gfx\drawtwo\texture.b",454841,454841,257969,2599
"40D2E883AF32D84EAAD8E5D4215DF94BB5A1FE23","bin_plus\UNO_Data\StreamingAssets\preinstall\theme\valhalla\gfx\particle_cardglow\materials.b",3458,3458,2809,2600
"40D2E883AF32D84EAAD8E5D4215DF94BB5A1FE23","bin_plus\UNO_Data\StreamingAssets\preinstall\theme\valhalla\gfx\particle_cardglow\mesh.b",51405,51405,37854,2601
"40D2E883AF32D84EAAD8E5D4215DF94BB5A1FE23","bin_plus\UNO_Data\StreamingAssets\preinstall\theme\valhalla\gfx\particle_cardglow\texture.b",310833,310833,249201,2602
"40D2E883AF32D84EAAD8E5D4215DF94BB5A1FE23","bin_plus\UNO_Data\StreamingAssets\preinstall\theme\valhalla\gfx\reverse\materials.b",3373,3373,2734,2603
"40D2E883AF32D84EAAD8E5D4215DF94BB5A1FE23","bin_plus\UNO_Data\StreamingAssets\preinstall\theme\valhalla\gfx\reverse\mesh.b",72290,72290,55724,2604
"40D2E883AF32D84EAAD8E5D4215DF94BB5A1FE23","bin_plus\UNO_Data\StreamingAssets\preinstall\theme\valhalla\gfx\reverse\texture.b",473640,473640,338420,2605
"40D2E883AF32D84EAAD8E5D4215DF94BB5A1FE23","bin_plus\UNO_Data\StreamingAssets\preinstall\theme\valhalla\gfx\sevenzero\materials.b",3425,3425,2787,2606
"40D2E883AF32D84EAAD8E5D4215DF94BB5A1FE23","bin_plus\UNO_Data\StreamingAssets\preinstall\theme\valhalla\gfx\sevenzero\mesh.b",62738,62738,48540,2607
"40D2E883AF32D84EAAD8E5D4215DF94BB5A1FE23","bin_plus\UNO_Data\StreamingAssets\preinstall\theme\valhalla\gfx\sevenzero\texture.b",787072,787072,508809,2608
"40D2E883AF32D84EAAD8E5D4215DF94BB5A1FE23","bin_plus\UNO_Data\StreamingAssets\preinstall\theme\valhalla\gfx\single_card\materials.b",2819,2819,2229,2609
"40D2E883AF32D84EAAD8E5D4215DF94BB5A1FE23","bin_plus\UNO_Data\StreamingAssets\preinstall\theme\valhalla\gfx\single_card\texture.b",161932,161932,137389,2610
"40D2E883AF32D84EAAD8E5D4215DF94BB5A1FE23","bin_plus\UNO_Data\StreamingAssets\preinstall\theme\valhalla\gfx\skip\materials.b",3344,3344,2721,2611
"40D2E883AF32D84EAAD8E5D4215DF94BB5A1FE23","bin_plus\UNO_Data\StreamingAssets\preinstall\theme\valhalla\gfx\skip\mesh.b",83169,83169,62357,2612
"40D2E883AF32D84EAAD8E5D4215DF94BB5A1FE23","bin_plus\UNO_Data\StreamingAssets\preinstall\theme\valhalla\gfx\skip\texture.b",577282,577282,456709,2613
"40D2E883AF32D84EAAD8E5D4215DF94BB5A1FE23","bin_plus\UNO_Data\StreamingAssets\preinstall\theme\valhalla\gfx_avater\materials.b",2965,2965,2379,2614
"40D2E883AF32D84EAAD8E5D4215DF94BB5A1FE23","bin_plus\UNO_Data\StreamingAssets\preinstall\theme\valhalla\gfx_avater\mesh.b",46528,46528,33350,2615
"40D2E883AF32D84EAAD8E5D4215DF94BB5A1FE23","bin_plus\UNO_Data\StreamingAssets\preinstall\theme\valhalla\gfx_avater\texture.b",153954,153954,129217,2616
"40D2E883AF32D84EAAD8E5D4215DF94BB5A1FE23","bin_plus\UNO_Data\StreamingAssets\preinstall\theme\valhalla\gfx_avater\materials\lights.b",3167,3167,2481,2617
"40D2E883AF32D84EAAD8E5D4215DF94BB5A1FE23","bin_plus\UNO_Data\StreamingAssets\preinstall\theme\valhalla\gfx_avater\materials\light_video.b",3298,3298,2589,2618
"40D2E883AF32D84EAAD8E5D4215DF94BB5A1FE23","bin_plus\UNO_Data\StreamingAssets\preinstall\theme\valhalla\gfx_avater\texture\lights.b",134032,134032,103735,2619
"40D2E883AF32D84EAAD8E5D4215DF94BB5A1FE23","bin_plus\UNO_Data\StreamingAssets\preinstall\theme\valhalla\gfx_avater\texture\light_video.b",161460,161460,126453,2620
"40D2E883AF32D84EAAD8E5D4215DF94BB5A1FE23","bin_plus\UNO_Data\StreamingAssets\preinstall\theme\valhalla\gfx_fx\fxanim.b",15258,15258,11842,2621
"40D2E883AF32D84EAAD8E5D4215DF94BB5A1FE23","bin_plus\UNO_Data\StreamingAssets\preinstall\theme\valhalla\gfx_fx\material.b",72665,72665,56717,2622
"40D2E883AF32D84EAAD8E5D4215DF94BB5A1FE23","bin_plus\UNO_Data\StreamingAssets\preinstall\theme\valhalla\gfx_fx\mesh.b",2769569,2769569,1769633,2623
"40D2E883AF32D84EAAD8E5D4215DF94BB5A1FE23","bin_plus\UNO_Data\StreamingAssets\preinstall\theme\valhalla\gfx_fx\texture.b",10424348,10424348,9417700,2624
"40D2E883AF32D84EAAD8E5D4215DF94BB5A1FE23","bin_plus\UNO_Data\StreamingAssets\preinstall\theme\valhalla\popup\texture.b",7005801,7005801,6126083,2625
"40D2E883AF32D84EAAD8E5D4215DF94BB5A1FE23","bin_plus\UNO_Data\StreamingAssets\preinstall\theme\valhalla\sceneresources\uno_ack_apples.b",990064,990064,870212,2626
"40D2E883AF32D84EAAD8E5D4215DF94BB5A1FE23","bin_plus\UNO_Data\StreamingAssets\preinstall\theme\valhalla\sceneresources\uno_ack_battle.b",3111537,3111537,2795295,2627
"40D2E883AF32D84EAAD8E5D4215DF94BB5A1FE23","bin_plus\UNO_Data\StreamingAssets\preinstall\theme\valhalla\sceneresources\uno_ack_bowl.b",1300263,1300263,1195165,2628
"40D2E883AF32D84EAAD8E5D4215DF94BB5A1FE23","bin_plus\UNO_Data\StreamingAssets\preinstall\theme\valhalla\sceneresources\uno_ack_candleall.b",205285,205285,178615,2629
"40D2E883AF32D84EAAD8E5D4215DF94BB5A1FE23","bin_plus\UNO_Data\StreamingAssets\preinstall\theme\valhalla\sceneresources\uno_ack_candleholder_02.b",379325,379325,333503,2630
"40D2E883AF32D84EAAD8E5D4215DF94BB5A1FE23","bin_plus\UNO_Data\StreamingAssets\preinstall\theme\valhalla\sceneresources\uno_ack_cargo_b.b",1915932,1915932,1755333,2631
"40D2E883AF32D84EAAD8E5D4215DF94BB5A1FE23","bin_plus\UNO_Data\StreamingAssets\preinstall\theme\valhalla\sceneresources\uno_ack_carpet_01.b",976001,976001,913149,2632
"40D2E883AF32D84EAAD8E5D4215DF94BB5A1FE23","bin_plus\UNO_Data\StreamingAssets\preinstall\theme\valhalla\sceneresources\uno_ack_carpet_02.b",977212,977212,919012,2633
"40D2E883AF32D84EAAD8E5D4215DF94BB5A1FE23","bin_plus\UNO_Data\StreamingAssets\preinstall\theme\valhalla\sceneresources\uno_ack_event.b",216580,216580,192413,2634
"40D2E883AF32D84EAAD8E5D4215DF94BB5A1FE23","bin_plus\UNO_Data\StreamingAssets\preinstall\theme\valhalla\sceneresources\uno_ack_flag.b",265087,265087,224396,2635
"40D2E883AF32D84EAAD8E5D4215DF94BB5A1FE23","bin_plus\UNO_Data\StreamingAssets\preinstall\theme\valhalla\sceneresources\uno_ack_handlecandle.b",587460,587460,519830,2636
"40D2E883AF32D84EAAD8E5D4215DF94BB5A1FE23","bin_plus\UNO_Data\StreamingAssets\preinstall\theme\valhalla\sceneresources\uno_ack_jar.b",1222408,1222408,1090918,2637
"40D2E883AF32D84EAAD8E5D4215DF94BB5A1FE23","bin_plus\UNO_Data\StreamingAssets\preinstall\theme\valhalla\sceneresources\uno_ack_lambert.b",2510575,2510575,2253285,2638
"40D2E883AF32D84EAAD8E5D4215DF94BB5A1FE23","bin_plus\UNO_Data\StreamingAssets\preinstall\theme\valhalla\sceneresources\uno_ack_map.b",2593508,2593508,2178464,2639
"40D2E883AF32D84EAAD8E5D4215DF94BB5A1FE23","bin_plus\UNO_Data\StreamingAssets\preinstall\theme\valhalla\sceneresources\uno_ack_player.b",14736077,14736077,13166048,2640
"40D2E883AF32D84EAAD8E5D4215DF94BB5A1FE23","bin_plus\UNO_Data\StreamingAssets\preinstall\theme\valhalla\sceneresources\uno_ack_rose.b",3726747,3726747,3429472,2641
"40D2E883AF32D84EAAD8E5D4215DF94BB5A1FE23","bin_plus\UNO_Data\StreamingAssets\preinstall\theme\valhalla\sceneresources\uno_ack_scrollsfew.b",1454012,1454012,1312084,2642
"40D2E883AF32D84EAAD8E5D4215DF94BB5A1FE23","bin_plus\UNO_Data\StreamingAssets\preinstall\theme\valhalla\sceneresources\uno_ack_sculpture.b",16046773,16046773,14649706,2643
"40D2E883AF32D84EAAD8E5D4215DF94BB5A1FE23","bin_plus\UNO_Data\StreamingAssets\preinstall\theme\valhalla\sceneresources\uno_ack_shieldgold.b",1718678,1718678,1573709,2644
"40D2E883AF32D84EAAD8E5D4215DF94BB5A1FE23","bin_plus\UNO_Data\StreamingAssets\preinstall\theme\valhalla\sceneresources\uno_ack_table.b",6049933,6049933,5620126,2645
"40D2E883AF32D84EAAD8E5D4215DF94BB5A1FE23","bin_plus\UNO_Data\StreamingAssets\preinstall\theme\valhalla\sceneresources\uno_ack_treasure.b",3141543,3141543,2824923,2646
"40D2E883AF32D84EAAD8E5D4215DF94BB5A1FE23","bin_plus\UNO_Data\StreamingAssets\preinstall\theme\valhalla\sceneresources\uno_ack_ui.b",2399141,2399141,2079744,2647
"40D2E883AF32D84EAAD8E5D4215DF94BB5A1FE23","bin_plus\UNO_Data\StreamingAssets\preinstall\theme\valhalla\sceneresources\uno_ack_vikinghorn.b",4368268,4368268,3931283,2648
"40D2E883AF32D84EAAD8E5D4215DF94BB5A1FE23","bin_plus\UNO_Data\StreamingAssets\preinstall\theme\valhalla\sceneresources\uno_ack_jar\uno_ack_jay_03.fbm.b",1515405,1515405,1380884,2649
"40D2E883AF32D84EAAD8E5D4215DF94BB5A1FE23","bin_plus\UNO_Data\StreamingAssets\preinstall\theme\valhalla\skybox\materials.b",2711,2711,2144,2650
"40D2E883AF32D84EAAD8E5D4215DF94BB5A1FE23","bin_plus\UNO_Data\StreamingAssets\preinstall\theme\valhalla\skybox\texture.b",161198,161198,130178,2651
"40D2E883AF32D84EAAD8E5D4215DF94BB5A1FE23","bin_plus\UNO_Data\StreamingAssets\preinstall\theme\winter\cards.b",2878,2878,2289,2652
"40D2E883AF32D84EAAD8E5D4215DF94BB5A1FE23","bin_plus\UNO_Data\StreamingAssets\preinstall\theme\winter\animation\snowman.b",4698,4698,3675,2653
"40D2E883AF32D84EAAD8E5D4215DF94BB5A1FE23","bin_plus\UNO_Data\StreamingAssets\preinstall\theme\winter\animation\theme_picker.b",8927,8927,6640,2654
"40D2E883AF32D84EAAD8E5D4215DF94BB5A1FE23","bin_plus\UNO_Data\StreamingAssets\preinstall\theme\winter\animation\theme_picker\anicontroller.b",5028,5028,3941,2655
"40D2E883AF32D84EAAD8E5D4215DF94BB5A1FE23","bin_plus\UNO_Data\StreamingAssets\preinstall\theme\winter\animation\theme_picker\materials.b",2586,2586,2026,2656
"40D2E883AF32D84EAAD8E5D4215DF94BB5A1FE23","bin_plus\UNO_Data\StreamingAssets\preinstall\theme\winter\animation\theme_picker\texture.b",167847,167847,151030,2657
"40D2E883AF32D84EAAD8E5D4215DF94BB5A1FE23","bin_plus\UNO_Data\StreamingAssets\preinstall\theme\winter\cardcoveringeffect\colorchangeeffect.b",183325,183325,140754,2658
"40D2E883AF32D84EAAD8E5D4215DF94BB5A1FE23","bin_plus\UNO_Data\StreamingAssets\preinstall\theme\winter\gfx\materials.b",3295,3295,2676,2659
"40D2E883AF32D84EAAD8E5D4215DF94BB5A1FE23","bin_plus\UNO_Data\StreamingAssets\preinstall\theme\winter\gfx\mesh.b",459302,459302,349343,2660
"40D2E883AF32D84EAAD8E5D4215DF94BB5A1FE23","bin_plus\UNO_Data\StreamingAssets\preinstall\theme\winter\gfx\texture.b",2591493,2591493,2232338,2661
"40D2E883AF32D84EAAD8E5D4215DF94BB5A1FE23","bin_plus\UNO_Data\StreamingAssets\preinstall\theme\winter\skybox\materials.b",2711,2711,2142,2662
"40D2E883AF32D84EAAD8E5D4215DF94BB5A1FE23","bin_plus\UNO_Data\StreamingAssets\preinstall\treeuiresources\uianimations\gameresult.b",9358,9358,6623,2663
"40D2E883AF32D84EAAD8E5D4215DF94BB5A1FE23","bin_plus\UNO_Data\StreamingAssets\preinstall\_campaign\ac15anniversary.b",501407,501407,414577,2664
"40D2E883AF32D84EAAD8E5D4215DF94BB5A1FE23","bin_plus\UNO_Data\StreamingAssets\preinstall\_configurations\_ui\wildweeks.b",5180,5180,4334,2665
"40D2E883AF32D84EAAD8E5D4215DF94BB5A1FE23","bin_plus\UNO_Data\StreamingAssets\preinstall\_configurations\_ui\_goods.b",27826135,27826135,25659503,2666
"40D2E883AF32D84EAAD8E5D4215DF94BB5A1FE23","bin_plus\UNO_Data\StreamingAssets\preinstall\_configurations\_ui\_menu.b",9144,9144,7966,2667
"40D2E883AF32D84EAAD8E5D4215DF94BB5A1FE23","bin_plus\UNO_Data\StreamingAssets\preinstall\_menu\events.b",2219634,2219634,1511299,2668
"40D2E883AF32D84EAAD8E5D4215DF94BB5A1FE23","bin_plus\UNO_Data\StreamingAssets\preinstall\_menu\common\buttonlegend.b",7948,7948,6049,2669
"40D2E883AF32D84EAAD8E5D4215DF94BB5A1FE23","bin_plus\UNO_Data\StreamingAssets\preinstall\_menu\common\materials.b",1734027,1734027,1379073,2670
"40D2E883AF32D84EAAD8E5D4215DF94BB5A1FE23","bin_plus\UNO_Data\StreamingAssets\preinstall\_menu\common\textures.b",2893060,2893060,2270083,2671
"40D2E883AF32D84EAAD8E5D4215DF94BB5A1FE23","bin_plus\UNO_Data\StreamingAssets\preinstall\_menu\common\buttonlegend\sprites.b",340875,340875,135021,2672
"40D2E883AF32D84EAAD8E5D4215DF94BB5A1FE23","bin_plus\UNO_Data\StreamingAssets\preinstall\_menu\customization\animation.b",13330,13330,9695,2673
"40D2E883AF32D84EAAD8E5D4215DF94BB5A1FE23","bin_plus\UNO_Data\StreamingAssets\preinstall\_menu\customization\textures.b",2613157,2613157,2197362,2674
"40D2E883AF32D84EAAD8E5D4215DF94BB5A1FE23","bin_plus\UNO_Data\StreamingAssets\preinstall\_menu\customization\prefabs\rework.b",54656,54656,38320,2675
"40D2E883AF32D84EAAD8E5D4215DF94BB5A1FE23","bin_plus\UNO_Data\StreamingAssets\preinstall\_menu\dlcmenu\textures.b",1866749,1866749,1529039,2676
"40D2E883AF32D84EAAD8E5D4215DF94BB5A1FE23","bin_plus\UNO_Data\StreamingAssets\preinstall\_menu\events\corechallengeicons.b",491254,491254,349618,2677
"40D2E883AF32D84EAAD8E5D4215DF94BB5A1FE23","bin_plus\UNO_Data\StreamingAssets\preinstall\_menu\news\textures.b",7723142,7723142,6611962,2678
"40D2E883AF32D84EAAD8E5D4215DF94BB5A1FE23","bin_plus\UNO_Data\StreamingAssets\preinstall\_menu\optionsmenu\animations.b",36951,36951,29058,2679
"40D2E883AF32D84EAAD8E5D4215DF94BB5A1FE23","bin_plus\UNO_Data\StreamingAssets\preinstall\_menu\optionsmenu\textures.b",68855,68855,35718,2680
"40D2E883AF32D84EAAD8E5D4215DF94BB5A1FE23","bin_plus\UNO_Data\StreamingAssets\preinstall\_menu\optionsmenu\textures\controllers.b",297595,297595,237770,2681
"40D2E883AF32D84EAAD8E5D4215DF94BB5A1FE23","bin_plus\UNO_Data\StreamingAssets\preinstall\_menu\optionsmenu\textures\previews.b",1902091,1902091,1158121,2682
"40D2E883AF32D84EAAD8E5D4215DF94BB5A1FE23","bin_plus\UNO_Data\StreamingAssets\preinstall\_menu\optionsmenu\textures\tabicons.b",81171,81171,56147,2683
"40D2E883AF32D84EAAD8E5D4215DF94BB5A1FE23","bin_plus\UNO_Data\StreamingAssets\preinstall\_menu\optionsmenu\textures\tutorials.b",2804393,2804393,2375072,2684
"40D2E883AF32D84EAAD8E5D4215DF94BB5A1FE23","bin_plus\UNO_Data\StreamingAssets\preinstall\_menu\profile\textures.b",2797262,2797262,2426058,2685
"40D2E883AF32D84EAAD8E5D4215DF94BB5A1FE23","bin_plus\UNO_Data\StreamingAssets\preinstall\_menu\store\2dassets.b",230959,230959,186271,2686
"40D2E883AF32D84EAAD8E5D4215DF94BB5A1FE23","bin_plus\UNO_Data\StreamingAssets\preinstall\_menu\store\animation.b",12493,12493,9623,2687
"40D2E883AF32D84EAAD8E5D4215DF94BB5A1FE23","bin_plus\UNO_Data\StreamingAssets\preinstall\_menu\store\textures.b",145093,145093,94381,2688
"40D2E883AF32D84EAAD8E5D4215DF94BB5A1FE23","bin_plus\UNO_Data\StreamingAssets\preinstall\_menu\store\2dassets\tab.b",324141,324141,238232,2689
"40D2E883AF32D84EAAD8E5D4215DF94BB5A1FE23","bin_plus\UNO_Data\StreamingAssets\preinstall\_menu\store\textures\purchase.b",2063433,2063433,1738637,2690
"40D2E883AF32D84EAAD8E5D4215DF94BB5A1FE23","bin_plus\UNO_Data\StreamingAssets\preinstall\_menu\store\textures\storetabsystem.b",117826,117826,75199,2691
"40D2E883AF32D84EAAD8E5D4215DF94BB5A1FE23","bin_plus\UNO_Data\StreamingAssets\preinstall\_menu\store\textures\tilelabels.b",95375,95375,62110,2692
"40D2E883AF32D84EAAD8E5D4215DF94BB5A1FE23","bin_plus\UNO_Data\StreamingAssets\preinstall\_menu\twitch\animation.b",23851,23851,14705,2693
"40D2E883AF32D84EAAD8E5D4215DF94BB5A1FE23","Support\EULA\de-DE.html",29091,29091,10543,2694
"40D2E883AF32D84EAAD8E5D4215DF94BB5A1FE23","Support\EULA\en-CA.html",25495,25495,9206,2695
"40D2E883AF32D84EAAD8E5D4215DF94BB5A1FE23","Support\EULA\en-GB.html",25318,25318,9130,2696
"40D2E883AF32D84EAAD8E5D4215DF94BB5A1FE23","Support\EULA\en-US.html",29067,29067,10365,2697
"40D2E883AF32D84EAAD8E5D4215DF94BB5A1FE23","Support\EULA\es-ES.html",28907,28907,10121,2698
"40D2E883AF32D84EAAD8E5D4215DF94BB5A1FE23","Support\EULA\fr-CA.html",30679,30679,10501,2699
"40D2E883AF32D84EAAD8E5D4215DF94BB5A1FE23","Support\EULA\fr-FR.html",30596,30596,10430,2700
"40D2E883AF32D84EAAD8E5D4215DF94BB5A1FE23","Support\EULA\it-IT.html",28776,28776,9728,2701
"40D2E883AF32D84EAAD8E5D4215DF94BB5A1FE23","Support\EULA\ja-JP.html",33804,33804,9447,2702
"40D2E883AF32D84EAAD8E5D4215DF94BB5A1FE23","Support\EULA\nl-NL.html",30053,30053,10232,2703
"40D2E883AF32D84EAAD8E5D4215DF94BB5A1FE23","Support\EULA\pt-BR.html",28092,28092,9987,2704
"40D2E883AF32D84EAAD8E5D4215DF94BB5A1FE23","Support\EULA\ru-RU.html",52248,52248,12133,2705
"40D2E883AF32D84EAAD8E5D4215DF94BB5A1FE23","Support\EULA\zh-CN.html",20608,20608,7882,2706
"40D2E883AF32D84EAAD8E5D4215DF94BB5A1FE23","Support\EULA\zh-TW.html",28417,28417,10230,2707
"40D2E883AF32D84EAAD8E5D4215DF94BB5A1FE23","Support\ReadMe\LICENSES.txt",50161,50161,7225,2708
"40D2E883AF32D84EAAD8E5D4215DF94BB5A1FE23","Support\ReadMe\Brazilian\ReadMe.txt",9016,9016,3297,2709
"40D2E883AF32D84EAAD8E5D4215DF94BB5A1FE23","Support\ReadMe\Dutch\ReadMe.txt",8142,8142,3016,2710
"40D2E883AF32D84EAAD8E5D4215DF94BB5A1FE23","Support\ReadMe\English\Readme.txt",8335,8335,3131,2711
"40D2E883AF32D84EAAD8E5D4215DF94BB5A1FE23","Support\ReadMe\French\ReadMe.txt",9084,9084,3253,2712
"40D2E883AF32D84EAAD8E5D4215DF94BB5A1FE23","Support\ReadMe\German\ReadMe.txt",8563,8563,3320,2713
"40D2E883AF32D84EAAD8E5D4215DF94BB5A1FE23","Support\ReadMe\Italian\ReadMe.txt",8537,8537,3133,2714
"40D2E883AF32D84EAAD8E5D4215DF94BB5A1FE23","Support\ReadMe\Japanese\ReadMe.txt",9537,9537,3431,2715
"40D2E883AF32D84EAAD8E5D4215DF94BB5A1FE23","Support\ReadMe\Polish\Readme.txt",9265,9265,3586,2716
"40D2E883AF32D84EAAD8E5D4215DF94BB5A1FE23","Support\ReadMe\Russian\ReadMe.txt",14705,14705,4055,2717
"40D2E883AF32D84EAAD8E5D4215DF94BB5A1FE23","Support\ReadMe\SimplifiedChinese\ReadMe.txt",7208,7208,3256,2718
"40D2E883AF32D84EAAD8E5D4215DF94BB5A1FE23","Support\ReadMe\Spanish\ReadMe.txt",8691,8691,3128,2719
"40D2E883AF32D84EAAD8E5D4215DF94BB5A1FE23","Support\ReadMe\TraditionalChinese\ReadMe.txt",7472,7472,3244,2720
"40D2E883AF32D84EAAD8E5D4215DF94BB5A1FE23","Support\redist\UbisoftConnectInstaller.exe",237440152,237440152,236924745,2721
"40D2E883AF32D84EAAD8E5D4215DF94BB5A1FE23","Support\redist\directX\Apr2005_d3dx9_25_x64.cab",1347354,1347354,1344743,2722
"40D2E883AF32D84EAAD8E5D4215DF94BB5A1FE23","Support\redist\directX\Apr2005_d3dx9_25_x86.cab",1078962,1078962,1073855,2723
"40D2E883AF32D84EAAD8E5D4215DF94BB5A1FE23","Support\redist\directX\Apr2006_d3dx9_30_x64.cab",1397830,1397830,1395153,2724
"40D2E883AF32D84EAAD8E5D4215DF94BB5A1FE23","Support\redist\directX\Apr2006_d3dx9_30_x86.cab",1115221,1115221,1110388,2725
"40D2E883AF32D84EAAD8E5D4215DF94BB5A1FE23","Support\redist\directX\Apr2006_MDX1_x86.cab",916430,916430,909712,2726
"40D2E883AF32D84EAAD8E5D4215DF94BB5A1FE23","Support\redist\directX\Apr2006_MDX1_x86_Archive.cab",4162630,4162630,4152811,2727
"40D2E883AF32D84EAAD8E5D4215DF94BB5A1FE23","Support\redist\directX\Apr2006_XACT_x64.cab",179133,179133,177074,2728
"40D2E883AF32D84EAAD8E5D4215DF94BB5A1FE23","Support\redist\directX\Apr2006_XACT_x86.cab",133103,133103,130857,2729
"40D2E883AF32D84EAAD8E5D4215DF94BB5A1FE23","Support\redist\directX\Apr2006_xinput_x64.cab",87101,87101,84983,2730
"40D2E883AF32D84EAAD8E5D4215DF94BB5A1FE23","Support\redist\directX\Apr2006_xinput_x86.cab",46010,46010,43856,2731
"40D2E883AF32D84EAAD8E5D4215DF94BB5A1FE23","Support\redist\directX\APR2007_d3dx10_33_x64.cab",698612,698612,696489,2732
"40D2E883AF32D84EAAD8E5D4215DF94BB5A1FE23","Support\redist\directX\APR2007_d3dx10_33_x86.cab",695865,695865,693776,2733
"40D2E883AF32D84EAAD8E5D4215DF94BB5A1FE23","Support\redist\directX\APR2007_d3dx9_33_x64.cab",1607358,1607358,1604459,2734
"40D2E883AF32D84EAAD8E5D4215DF94BB5A1FE23","Support\redist\directX\APR2007_d3dx9_33_x86.cab",1606039,1606039,1600898,2735
"40D2E883AF32D84EAAD8E5D4215DF94BB5A1FE23","Support\redist\directX\APR2007_XACT_x64.cab",195766,195766,193696,2736
"40D2E883AF32D84EAAD8E5D4215DF94BB5A1FE23","Support\redist\directX\APR2007_XACT_x86.cab",151225,151225,149126,2737
"40D2E883AF32D84EAAD8E5D4215DF94BB5A1FE23","Support\redist\directX\APR2007_xinput_x64.cab",96817,96817,94650,2738
"40D2E883AF32D84EAAD8E5D4215DF94BB5A1FE23","Support\redist\directX\APR2007_xinput_x86.cab",53302,53302,51111,2739
"40D2E883AF32D84EAAD8E5D4215DF94BB5A1FE23","Support\redist\directX\Aug2005_d3dx9_27_x64.cab",1350542,1350542,1348487,2740
"40D2E883AF32D84EAAD8E5D4215DF94BB5A1FE23","Support\redist\directX\Aug2005_d3dx9_27_x86.cab",1077644,1077644,1072829,2741
"40D2E883AF32D84EAAD8E5D4215DF94BB5A1FE23","Support\redist\directX\AUG2006_XACT_x64.cab",182903,182903,180849,2742
"40D2E883AF32D84EAAD8E5D4215DF94BB5A1FE23","Support\redist\directX\AUG2006_XACT_x86.cab",137235,137235,135125,2743
"40D2E883AF32D84EAAD8E5D4215DF94BB5A1FE23","Support\redist\directX\AUG2006_xinput_x64.cab",87142,87142,85003,2744
"40D2E883AF32D84EAAD8E5D4215DF94BB5A1FE23","Support\redist\directX\AUG2006_xinput_x86.cab",46058,46058,43898,2745
"40D2E883AF32D84EAAD8E5D4215DF94BB5A1FE23","Support\redist\directX\AUG2007_d3dx10_35_x64.cab",852286,852286,850191,2746
"40D2E883AF32D84EAAD8E5D4215DF94BB5A1FE23","Support\redist\directX\AUG2007_d3dx10_35_x86.cab",796867,796867,794261,2747
"40D2E883AF32D84EAAD8E5D4215DF94BB5A1FE23","Support\redist\directX\AUG2007_d3dx9_35_x64.cab",1800160,1800160,1797966,2748
"40D2E883AF32D84EAAD8E5D4215DF94BB5A1FE23","Support\redist\directX\AUG2007_d3dx9_35_x86.cab",1708152,1708152,1703093,2749
"40D2E883AF32D84EAAD8E5D4215DF94BB5A1FE23","Support\redist\directX\AUG2007_XACT_x64.cab",198096,198096,196036,2750
"40D2E883AF32D84EAAD8E5D4215DF94BB5A1FE23","Support\redist\directX\AUG2007_XACT_x86.cab",153012,153012,150926,2751
"40D2E883AF32D84EAAD8E5D4215DF94BB5A1FE23","Support\redist\directX\Aug2008_d3dx10_39_x64.cab",867612,867612,864799,2752
"40D2E883AF32D84EAAD8E5D4215DF94BB5A1FE23","Support\redist\directX\Aug2008_d3dx10_39_x86.cab",849167,849167,846363,2753
"40D2E883AF32D84EAAD8E5D4215DF94BB5A1FE23","Support\redist\directX\Aug2008_d3dx9_39_x64.cab",1794084,1794084,1790641,2754
"40D2E883AF32D84EAAD8E5D4215DF94BB5A1FE23","Support\redist\directX\Aug2008_d3dx9_39_x86.cab",1464672,1464672,1462596,2755
"40D2E883AF32D84EAAD8E5D4215DF94BB5A1FE23","Support\redist\directX\Aug2008_XACT_x64.cab",121772,121772,119651,2756
"40D2E883AF32D84EAAD8E5D4215DF94BB5A1FE23","Support\redist\directX\Aug2008_XACT_x86.cab",92996,92996,90824,2757
"40D2E883AF32D84EAAD8E5D4215DF94BB5A1FE23","Support\redist\directX\Aug2008_XAudio_x64.cab",271412,271412,269314,2758
"40D2E883AF32D84EAAD8E5D4215DF94BB5A1FE23","Support\redist\directX\Aug2008_XAudio_x86.cab",271038,271038,268891,2759
"40D2E883AF32D84EAAD8E5D4215DF94BB5A1FE23","Support\redist\directX\Aug2009_D3DCompiler_42_x64.cab",919044,919044,911897,2760
"40D2E883AF32D84EAAD8E5D4215DF94BB5A1FE23","Support\redist\directX\Aug2009_D3DCompiler_42_x86.cab",900598,900598,895301,2761
"40D2E883AF32D84EAAD8E5D4215DF94BB5A1FE23","Support\redist\directX\Aug2009_d3dcsx_42_x64.cab",3112111,3112111,3109982,2762
"40D2E883AF32D84EAAD8E5D4215DF94BB5A1FE23","Support\redist\directX\Aug2009_d3dcsx_42_x86.cab",3319740,3319740,3315656,2763
"40D2E883AF32D84EAAD8E5D4215DF94BB5A1FE23","Support\redist\directX\Aug2009_d3dx10_42_x64.cab",232635,232635,230581,2764
"40D2E883AF32D84EAAD8E5D4215DF94BB5A1FE23","Support\redist\directX\Aug2009_d3dx10_42_x86.cab",192131,192131,190003,2765
"40D2E883AF32D84EAAD8E5D4215DF94BB5A1FE23","Support\redist\directX\Aug2009_d3dx11_42_x64.cab",136301,136301,134308,2766
"40D2E883AF32D84EAAD8E5D4215DF94BB5A1FE23","Support\redist\directX\Aug2009_d3dx11_42_x86.cab",105044,105044,102815,2767
"40D2E883AF32D84EAAD8E5D4215DF94BB5A1FE23","Support\redist\directX\Aug2009_d3dx9_42_x64.cab",930116,930116,927088,2768
"40D2E883AF32D84EAAD8E5D4215DF94BB5A1FE23","Support\redist\directX\Aug2009_d3dx9_42_x86.cab",728456,728456,725096,2769
"40D2E883AF32D84EAAD8E5D4215DF94BB5A1FE23","Support\redist\directX\Aug2009_XACT_x64.cab",122408,122408,120284,2770
"40D2E883AF32D84EAAD8E5D4215DF94BB5A1FE23","Support\redist\directX\Aug2009_XACT_x86.cab",93106,93106,90971,2771
"40D2E883AF32D84EAAD8E5D4215DF94BB5A1FE23","Support\redist\directX\Aug2009_XAudio_x64.cab",273264,273264,271171,2772
"40D2E883AF32D84EAAD8E5D4215DF94BB5A1FE23","Support\redist\directX\Aug2009_XAudio_x86.cab",272642,272642,270536,2773
"40D2E883AF32D84EAAD8E5D4215DF94BB5A1FE23","Support\redist\directX\Dec2005_d3dx9_28_x64.cab",1357976,1357976,1355322,2774
"40D2E883AF32D84EAAD8E5D4215DF94BB5A1FE23","Support\redist\directX\Dec2005_d3dx9_28_x86.cab",1079456,1079456,1074608,2775
"40D2E883AF32D84EAAD8E5D4215DF94BB5A1FE23","Support\redist\directX\DEC2006_d3dx10_00_x64.cab",212807,212807,210722,2776
"40D2E883AF32D84EAAD8E5D4215DF94BB5A1FE23","Support\redist\directX\DEC2006_d3dx10_00_x86.cab",191720,191720,189577,2777
"40D2E883AF32D84EAAD8E5D4215DF94BB5A1FE23","Support\redist\directX\DEC2006_d3dx9_32_x64.cab",1571154,1571154,1568399,2778
"40D2E883AF32D84EAAD8E5D4215DF94BB5A1FE23","Support\redist\directX\DEC2006_d3dx9_32_x86.cab",1574376,1574376,1569491,2779
"40D2E883AF32D84EAAD8E5D4215DF94BB5A1FE23","Support\redist\directX\DEC2006_XACT_x64.cab",192475,192475,190396,2780
"40D2E883AF32D84EAAD8E5D4215DF94BB5A1FE23","Support\redist\directX\DEC2006_XACT_x86.cab",145599,145599,143505,2781
"40D2E883AF32D84EAAD8E5D4215DF94BB5A1FE23","Support\redist\directX\DSETUP.dll",95576,95576,47074,2782
"40D2E883AF32D84EAAD8E5D4215DF94BB5A1FE23","Support\redist\directX\dsetup32.dll",1566040,1566040,115892,2783
"40D2E883AF32D84EAAD8E5D4215DF94BB5A1FE23","Support\redist\directX\dxdllreg_x86.cab",44624,44624,42482,2784
"40D2E883AF32D84EAAD8E5D4215DF94BB5A1FE23","Support\redist\directX\DXSETUP.exe",517976,517976,101701,2785
"40D2E883AF32D84EAAD8E5D4215DF94BB5A1FE23","Support\redist\directX\dxupdate.cab",97152,97152,94901,2786
"40D2E883AF32D84EAAD8E5D4215DF94BB5A1FE23","Support\redist\directX\Feb2005_d3dx9_24_x64.cab",1247499,1247499,1244922,2787
"40D2E883AF32D84EAAD8E5D4215DF94BB5A1FE23","Support\redist\directX\Feb2005_d3dx9_24_x86.cab",1013225,1013225,1008342,2788
"40D2E883AF32D84EAAD8E5D4215DF94BB5A1FE23","Support\redist\directX\Feb2006_d3dx9_29_x64.cab",1362796,1362796,1360185,2789
"40D2E883AF32D84EAAD8E5D4215DF94BB5A1FE23","Support\redist\directX\Feb2006_d3dx9_29_x86.cab",1084720,1084720,1079685,2790
"40D2E883AF32D84EAAD8E5D4215DF94BB5A1FE23","Support\redist\directX\Feb2006_XACT_x64.cab",178359,178359,176285,2791
"40D2E883AF32D84EAAD8E5D4215DF94BB5A1FE23","Support\redist\directX\Feb2006_XACT_x86.cab",132409,132409,130142,2792
"40D2E883AF32D84EAAD8E5D4215DF94BB5A1FE23","Support\redist\directX\FEB2007_XACT_x64.cab",194675,194675,192610,2793
"40D2E883AF32D84EAAD8E5D4215DF94BB5A1FE23","Support\redist\directX\FEB2007_XACT_x86.cab",147983,147983,145887,2794
"40D2E883AF32D84EAAD8E5D4215DF94BB5A1FE23","Support\redist\directX\Feb2010_X3DAudio_x64.cab",54678,54678,52477,2795
"40D2E883AF32D84EAAD8E5D4215DF94BB5A1FE23","Support\redist\directX\Feb2010_X3DAudio_x86.cab",20713,20713,18464,2796
"40D2E883AF32D84EAAD8E5D4215DF94BB5A1FE23","Support\redist\directX\Feb2010_XACT_x64.cab",122446,122446,120323,2797
"40D2E883AF32D84EAAD8E5D4215DF94BB5A1FE23","Support\redist\directX\Feb2010_XACT_x86.cab",93180,93180,91043,2798
"40D2E883AF32D84EAAD8E5D4215DF94BB5A1FE23","Support\redist\directX\Feb2010_XAudio_x64.cab",276960,276960,274871,2799
"40D2E883AF32D84EAAD8E5D4215DF94BB5A1FE23","Support\redist\directX\Feb2010_XAudio_x86.cab",277191,277191,275079,2800
"40D2E883AF32D84EAAD8E5D4215DF94BB5A1FE23","Support\redist\directX\Jun2005_d3dx9_26_x64.cab",1336002,1336002,1333316,2801
"40D2E883AF32D84EAAD8E5D4215DF94BB5A1FE23","Support\redist\directX\Jun2005_d3dx9_26_x86.cab",1064925,1064925,1059886,2802
"40D2E883AF32D84EAAD8E5D4215DF94BB5A1FE23","Support\redist\directX\JUN2006_XACT_x64.cab",180785,180785,178734,2803
"40D2E883AF32D84EAAD8E5D4215DF94BB5A1FE23","Support\redist\directX\JUN2006_XACT_x86.cab",133671,133671,131426,2804
"40D2E883AF32D84EAAD8E5D4215DF94BB5A1FE23","Support\redist\directX\JUN2007_d3dx10_34_x64.cab",699044,699044,696968,2805
"40D2E883AF32D84EAAD8E5D4215DF94BB5A1FE23","Support\redist\directX\JUN2007_d3dx10_34_x86.cab",698472,698472,696399,2806
"40D2E883AF32D84EAAD8E5D4215DF94BB5A1FE23","Support\redist\directX\JUN2007_d3dx9_34_x64.cab",1607774,1607774,1605070,2807
"40D2E883AF32D84EAAD8E5D4215DF94BB5A1FE23","Support\redist\directX\JUN2007_d3dx9_34_x86.cab",1607286,1607286,1602095,2808
"40D2E883AF32D84EAAD8E5D4215DF94BB5A1FE23","Support\redist\directX\JUN2007_XACT_x64.cab",197122,197122,195038,2809
"40D2E883AF32D84EAAD8E5D4215DF94BB5A1FE23","Support\redist\directX\JUN2007_XACT_x86.cab",152909,152909,150823,2810
"40D2E883AF32D84EAAD8E5D4215DF94BB5A1FE23","Support\redist\directX\JUN2008_d3dx10_38_x64.cab",867828,867828,865090,2811
"40D2E883AF32D84EAAD8E5D4215DF94BB5A1FE23","Support\redist\directX\JUN2008_d3dx10_38_x86.cab",849919,849919,847157,2812
"40D2E883AF32D84EAAD8E5D4215DF94BB5A1FE23","Support\redist\directX\JUN2008_d3dx9_38_x64.cab",1792608,1792608,1789141,2813
"40D2E883AF32D84EAAD8E5D4215DF94BB5A1FE23","Support\redist\directX\JUN2008_d3dx9_38_x86.cab",1463878,1463878,1460619,2814
"40D2E883AF32D84EAAD8E5D4215DF94BB5A1FE23","Support\redist\directX\JUN2008_X3DAudio_x64.cab",55154,55154,52952,2815
"40D2E883AF32D84EAAD8E5D4215DF94BB5A1FE23","Support\redist\directX\JUN2008_X3DAudio_x86.cab",21905,21905,19681,2816
"40D2E883AF32D84EAAD8E5D4215DF94BB5A1FE23","Support\redist\directX\JUN2008_XACT_x64.cab",121054,121054,118920,2817
"40D2E883AF32D84EAAD8E5D4215DF94BB5A1FE23","Support\redist\directX\JUN2008_XACT_x86.cab",93128,93128,90976,2818
"40D2E883AF32D84EAAD8E5D4215DF94BB5A1FE23","Support\redist\directX\JUN2008_XAudio_x64.cab",269628,269628,267524,2819
"40D2E883AF32D84EAAD8E5D4215DF94BB5A1FE23","Support\redist\directX\JUN2008_XAudio_x86.cab",269024,269024,266917,2820
"40D2E883AF32D84EAAD8E5D4215DF94BB5A1FE23","Support\redist\directX\Jun2010_D3DCompiler_43_x64.cab",944460,944460,942381,2821
"40D2E883AF32D84EAAD8E5D4215DF94BB5A1FE23","Support\redist\directX\Jun2010_D3DCompiler_43_x86.cab",931471,931471,928562,2822
"40D2E883AF32D84EAAD8E5D4215DF94BB5A1FE23","Support\redist\directX\Jun2010_d3dcsx_43_x64.cab",752783,752783,748290,2823
"40D2E883AF32D84EAAD8E5D4215DF94BB5A1FE23","Support\redist\directX\Jun2010_d3dcsx_43_x86.cab",762188,762188,752535,2824
"40D2E883AF32D84EAAD8E5D4215DF94BB5A1FE23","Support\redist\directX\Jun2010_d3dx10_43_x64.cab",235955,235955,233866,2825
"40D2E883AF32D84EAAD8E5D4215DF94BB5A1FE23","Support\redist\directX\Jun2010_d3dx10_43_x86.cab",197283,197283,195103,2826
"40D2E883AF32D84EAAD8E5D4215DF94BB5A1FE23","Support\redist\directX\Jun2010_d3dx11_43_x64.cab",138205,138205,136096,2827
"40D2E883AF32D84EAAD8E5D4215DF94BB5A1FE23","Support\redist\directX\Jun2010_d3dx11_43_x86.cab",109445,109445,107204,2828
"40D2E883AF32D84EAAD8E5D4215DF94BB5A1FE23","Support\redist\directX\Jun2010_d3dx9_43_x64.cab",937246,937246,934422,2829
"40D2E883AF32D84EAAD8E5D4215DF94BB5A1FE23","Support\redist\directX\Jun2010_d3dx9_43_x86.cab",768036,768036,764920,2830
"40D2E883AF32D84EAAD8E5D4215DF94BB5A1FE23","Support\redist\directX\Jun2010_XACT_x64.cab",124596,124596,122473,2831
"40D2E883AF32D84EAAD8E5D4215DF94BB5A1FE23","Support\redist\directX\Jun2010_XACT_x86.cab",93686,93686,91545,2832
"40D2E883AF32D84EAAD8E5D4215DF94BB5A1FE23","Support\redist\directX\Jun2010_XAudio_x64.cab",277338,277338,275253,2833
"40D2E883AF32D84EAAD8E5D4215DF94BB5A1FE23","Support\redist\directX\Jun2010_XAudio_x86.cab",278060,278060,275939,2834
"40D2E883AF32D84EAAD8E5D4215DF94BB5A1FE23","Support\redist\directX\Mar2008_d3dx10_37_x64.cab",844884,844884,842194,2835
"40D2E883AF32D84EAAD8E5D4215DF94BB5A1FE23","Support\redist\directX\Mar2008_d3dx10_37_x86.cab",818260,818260,815183,2836
"40D2E883AF32D84EAAD8E5D4215DF94BB5A1FE23","Support\redist\directX\Mar2008_d3dx9_37_x64.cab",1769862,1769862,1766187,2837
"40D2E883AF32D84EAAD8E5D4215DF94BB5A1FE23","Support\redist\directX\Mar2008_d3dx9_37_x86.cab",1443282,1443282,1439864,2838
"40D2E883AF32D84EAAD8E5D4215DF94BB5A1FE23","Support\redist\directX\Mar2008_X3DAudio_x64.cab",55058,55058,52851,2839
"40D2E883AF32D84EAAD8E5D4215DF94BB5A1FE23","Support\redist\directX\Mar2008_X3DAudio_x86.cab",21867,21867,19616,2840
"40D2E883AF32D84EAAD8E5D4215DF94BB5A1FE23","Support\redist\directX\Mar2008_XACT_x64.cab",122336,122336,120202,2841
"40D2E883AF32D84EAAD8E5D4215DF94BB5A1FE23","Support\redist\directX\Mar2008_XACT_x86.cab",93734,93734,91589,2842
"40D2E883AF32D84EAAD8E5D4215DF94BB5A1FE23","Support\redist\directX\Mar2008_XAudio_x64.cab",251194,251194,249162,2843
"40D2E883AF32D84EAAD8E5D4215DF94BB5A1FE23","Support\redist\directX\Mar2008_XAudio_x86.cab",226250,226250,224152,2844
"40D2E883AF32D84EAAD8E5D4215DF94BB5A1FE23","Support\redist\directX\Mar2009_d3dx10_41_x64.cab",1067160,1067160,1060563,2845
"40D2E883AF32D84EAAD8E5D4215DF94BB5A1FE23","Support\redist\directX\Mar2009_d3dx10_41_x86.cab",1040745,1040745,1035703,2846
"40D2E883AF32D84EAAD8E5D4215DF94BB5A1FE23","Support\redist\directX\Mar2009_d3dx9_41_x64.cab",1973702,1973702,1966092,2847
"40D2E883AF32D84EAAD8E5D4215DF94BB5A1FE23","Support\redist\directX\Mar2009_d3dx9_41_x86.cab",1612446,1612446,1607990,2848
"40D2E883AF32D84EAAD8E5D4215DF94BB5A1FE23","Support\redist\directX\Mar2009_X3DAudio_x64.cab",54600,54600,52391,2849
"40D2E883AF32D84EAAD8E5D4215DF94BB5A1FE23","Support\redist\directX\Mar2009_X3DAudio_x86.cab",21298,21298,19078,2850
"40D2E883AF32D84EAAD8E5D4215DF94BB5A1FE23","Support\redist\directX\Mar2009_XACT_x64.cab",121506,121506,119420,2851
"40D2E883AF32D84EAAD8E5D4215DF94BB5A1FE23","Support\redist\directX\Mar2009_XACT_x86.cab",92740,92740,90591,2852
"40D2E883AF32D84EAAD8E5D4215DF94BB5A1FE23","Support\redist\directX\Mar2009_XAudio_x64.cab",275044,275044,272953,2853
"40D2E883AF32D84EAAD8E5D4215DF94BB5A1FE23","Support\redist\directX\Mar2009_XAudio_x86.cab",273018,273018,270882,2854
"40D2E883AF32D84EAAD8E5D4215DF94BB5A1FE23","Support\redist\directX\Nov2007_d3dx10_36_x64.cab",864600,864600,862545,2855
"40D2E883AF32D84EAAD8E5D4215DF94BB5A1FE23","Support\redist\directX\Nov2007_d3dx10_36_x86.cab",803884,803884,801800,2856
"40D2E883AF32D84EAAD8E5D4215DF94BB5A1FE23","Support\redist\directX\Nov2007_d3dx9_36_x64.cab",1802058,1802058,1799814,2857
"40D2E883AF32D84EAAD8E5D4215DF94BB5A1FE23","Support\redist\directX\Nov2007_d3dx9_36_x86.cab",1709360,1709360,1704019,2858
"40D2E883AF32D84EAAD8E5D4215DF94BB5A1FE23","Support\redist\directX\NOV2007_X3DAudio_x64.cab",46144,46144,43941,2859
"40D2E883AF32D84EAAD8E5D4215DF94BB5A1FE23","Support\redist\directX\NOV2007_X3DAudio_x86.cab",18496,18496,16258,2860
"40D2E883AF32D84EAAD8E5D4215DF94BB5A1FE23","Support\redist\directX\NOV2007_XACT_x64.cab",196762,196762,194700,2861
"40D2E883AF32D84EAAD8E5D4215DF94BB5A1FE23","Support\redist\directX\NOV2007_XACT_x86.cab",148264,148264,146169,2862
"40D2E883AF32D84EAAD8E5D4215DF94BB5A1FE23","Support\redist\directX\Nov2008_d3dx10_40_x64.cab",994154,994154,988636,2863
"40D2E883AF32D84EAAD8E5D4215DF94BB5A1FE23","Support\redist\directX\Nov2008_d3dx10_40_x86.cab",965421,965421,961167,2864
"40D2E883AF32D84EAAD8E5D4215DF94BB5A1FE23","Support\redist\directX\Nov2008_d3dx9_40_x64.cab",1906878,1906878,1900499,2865
"40D2E883AF32D84EAAD8E5D4215DF94BB5A1FE23","Support\redist\directX\Nov2008_d3dx9_40_x86.cab",1550796,1550796,1546785,2866
"40D2E883AF32D84EAAD8E5D4215DF94BB5A1FE23","Support\redist\directX\Nov2008_X3DAudio_x64.cab",54522,54522,52317,2867
"40D2E883AF32D84EAAD8E5D4215DF94BB5A1FE23","Support\redist\directX\Nov2008_X3DAudio_x86.cab",21851,21851,19598,2868
"40D2E883AF32D84EAAD8E5D4215DF94BB5A1FE23","Support\redist\directX\Nov2008_XACT_x64.cab",121794,121794,119696,2869
"40D2E883AF32D84EAAD8E5D4215DF94BB5A1FE23","Support\redist\directX\Nov2008_XACT_x86.cab",92684,92684,90518,2870
"40D2E883AF32D84EAAD8E5D4215DF94BB5A1FE23","Support\redist\directX\Nov2008_XAudio_x64.cab",273960,273960,271856,2871
"40D2E883AF32D84EAAD8E5D4215DF94BB5A1FE23","Support\redist\directX\Nov2008_XAudio_x86.cab",272611,272611,270502,2872
"40D2E883AF32D84EAAD8E5D4215DF94BB5A1FE23","Support\redist\directX\Oct2005_xinput_x64.cab",86037,86037,83861,2873
"40D2E883AF32D84EAAD8E5D4215DF94BB5A1FE23","Support\redist\directX\Oct2005_xinput_x86.cab",45359,45359,43194,2874
"40D2E883AF32D84EAAD8E5D4215DF94BB5A1FE23","Support\redist\directX\OCT2006_d3dx9_31_x64.cab",1412902,1412902,1410210,2875
"40D2E883AF32D84EAAD8E5D4215DF94BB5A1FE23","Support\redist\directX\OCT2006_d3dx9_31_x86.cab",1127217,1127217,1122040,2876
"40D2E883AF32D84EAAD8E5D4215DF94BB5A1FE23","Support\redist\directX\OCT2006_XACT_x64.cab",182361,182361,180283,2877
"40D2E883AF32D84EAAD8E5D4215DF94BB5A1FE23","Support\redist\directX\OCT2006_XACT_x86.cab",138017,138017,135912,2878
"40D2E883AF32D84EAAD8E5D4215DF94BB5A1FE23","Support\redist\vsredist\vcredist120_x64.exe",7194312,7194312,6957248,2879
"40D2E883AF32D84EAAD8E5D4215DF94BB5A1FE23","Support\redist\vsredist\vcredist_x64.exe",7188144,7188144,6975229,2880
"40D2E883AF32D84EAAD8E5D4215DF94BB5A1FE23","Support\redist\vsredist\VC_redist.x64.exe",25234792,25234792,24579518,2881
"40D2E883AF32D84EAAD8E5D4215DF94BB5A1FE23","UNO_Data\app.info",14,14,23,2882
"40D2E883AF32D84EAAD8E5D4215DF94BB5A1FE23","UNO_Data\boot.config",181,181,136,2883
"40D2E883AF32D84EAAD8E5D4215DF94BB5A1FE23","UNO_Data\globalgamemanagers",2260352,2260352,437584,2884
"40D2E883AF32D84EAAD8E5D4215DF94BB5A1FE23","UNO_Data\globalgamemanagers.assets",454756,454756,78110,2885
"40D2E883AF32D84EAAD8E5D4215DF94BB5A1FE23","UNO_Data\globalgamemanagers.assets.resS",6220800,6220800,726480,2886
"40D2E883AF32D84EAAD8E5D4215DF94BB5A1FE23","UNO_Data\level0",185428,185428,21893,2887
"40D2E883AF32D84EAAD8E5D4215DF94BB5A1FE23","UNO_Data\level1",17332,17332,3837,2888
"40D2E883AF32D84EAAD8E5D4215DF94BB5A1FE23","UNO_Data\level2",553436,553436,49125,2889
"40D2E883AF32D84EAAD8E5D4215DF94BB5A1FE23","UNO_Data\level3",51764,51764,10019,2890
"40D2E883AF32D84EAAD8E5D4215DF94BB5A1FE23","UNO_Data\level4",11884,11884,3126,2891
"40D2E883AF32D84EAAD8E5D4215DF94BB5A1FE23","UNO_Data\level5",34292,34292,7230,2892
"40D2E883AF32D84EAAD8E5D4215DF94BB5A1FE23","UNO_Data\level6",34852,34852,7566,2893
"40D2E883AF32D84EAAD8E5D4215DF94BB5A1FE23","UNO_Data\level7",323876,323876,24874,2894
"40D2E883AF32D84EAAD8E5D4215DF94BB5A1FE23","UNO_Data\level8",65028,65028,11634,2895
"40D2E883AF32D84EAAD8E5D4215DF94BB5A1FE23","UNO_Data\resources.assets",29048956,29048956,3821061,2896
"40D2E883AF32D84EAAD8E5D4215DF94BB5A1FE23","UNO_Data\resources.assets.resS",460945680,460945680,74583221,2897
"40D2E883AF32D84EAAD8E5D4215DF94BB5A1FE23","UNO_Data\resources.resource",30241945,30241945,29527887,2898
"40D2E883AF32D84EAAD8E5D4215DF94BB5A1FE23","UNO_Data\RuntimeInitializeOnLoads.json",1021,1021,315,2899
"40D2E883AF32D84EAAD8E5D4215DF94BB5A1FE23","UNO_Data\ScriptingAssemblies.json",3792,3792,953,2900
"40D2E883AF32D84EAAD8E5D4215DF94BB5A1FE23","UNO_Data\sharedassets0.assets",58224572,58224572,41477310,2901
"40D2E883AF32D84EAAD8E5D4215DF94BB5A1FE23","UNO_Data\sharedassets0.assets.resS",108642544,108642544,18608965,2902
"40D2E883AF32D84EAAD8E5D4215DF94BB5A1FE23","UNO_Data\sharedassets0.resource",11446282,11446282,10843953,2903
"40D2E883AF32D84EAAD8E5D4215DF94BB5A1FE23","UNO_Data\sharedassets1.assets",11676,11676,4615,2904
"40D2E883AF32D84EAAD8E5D4215DF94BB5A1FE23","UNO_Data\sharedassets1.assets.resS",13282000,13282000,766455,2905
"40D2E883AF32D84EAAD8E5D4215DF94BB5A1FE23","UNO_Data\sharedassets2.assets",1296652,1296652,529460,2906
"40D2E883AF32D84EAAD8E5D4215DF94BB5A1FE23","UNO_Data\sharedassets2.assets.resS",51220896,51220896,7879598,2907
"40D2E883AF32D84EAAD8E5D4215DF94BB5A1FE23","UNO_Data\sharedassets3.assets",1055516,1055516,276360,2908
"40D2E883AF32D84EAAD8E5D4215DF94BB5A1FE23","UNO_Data\sharedassets3.assets.resS",10857232,10857232,2164283,2909
"40D2E883AF32D84EAAD8E5D4215DF94BB5A1FE23","UNO_Data\sharedassets4.assets",8952,8952,4026,2910
"40D2E883AF32D84EAAD8E5D4215DF94BB5A1FE23","UNO_Data\sharedassets4.assets.resS",1122064,1122064,86896,2911
"40D2E883AF32D84EAAD8E5D4215DF94BB5A1FE23","UNO_Data\sharedassets5.assets",10332,10332,2915,2912
"40D2E883AF32D84EAAD8E5D4215DF94BB5A1FE23","UNO_Data\sharedassets5.assets.resS",8508224,8508224,2380989,2913
"40D2E883AF32D84EAAD8E5D4215DF94BB5A1FE23","UNO_Data\sharedassets6.assets",4736,4736,829,2914
"40D2E883AF32D84EAAD8E5D4215DF94BB5A1FE23","UNO_Data\sharedassets7.assets",182524,182524,23728,2915
"40D2E883AF32D84EAAD8E5D4215DF94BB5A1FE23","UNO_Data\sharedassets7.assets.resS",17011008,17011008,312784,2916
"40D2E883AF32D84EAAD8E5D4215DF94BB5A1FE23","UNO_Data\sharedassets8.assets",248052,248052,44571,2917
"40D2E883AF32D84EAAD8E5D4215DF94BB5A1FE23","UNO_Data\sharedassets8.assets.resS",44970912,44970912,2772775,2918
"40D2E883AF32D84EAAD8E5D4215DF94BB5A1FE23","UNO_Data\il2cpp_data\Metadata\global-metadata.dat",14766108,14766108,3368891,2919
"40D2E883AF32D84EAAD8E5D4215DF94BB5A1FE23","UNO_Data\il2cpp_data\Resources\Coffee.UIParticle.R.dll-resources.dat",17,17,26,2920
"40D2E883AF32D84EAAD8E5D4215DF94BB5A1FE23","UNO_Data\il2cpp_data\Resources\mscorlib.dll-resources.dat",337563,337563,123146,2921
"40D2E883AF32D84EAAD8E5D4215DF94BB5A1FE23","UNO_Data\il2cpp_data\Resources\System.Data.dll-resources.dat",93718,93718,7291,2922
"40D2E883AF32D84EAAD8E5D4215DF94BB5A1FE23","UNO_Data\Plugins\Steamworks.NET.txt",240,240,159,2923
"40D2E883AF32D84EAAD8E5D4215DF94BB5A1FE23","UNO_Data\Plugins\x86_64\AkSoundEngine.dll",2913280,2913280,1250589,2924
"40D2E883AF32D84EAAD8E5D4215DF94BB5A1FE23","UNO_Data\Plugins\x86_64\bloomberg_cpp.dll",946360,946360,393477,2925
"40D2E883AF32D84EAAD8E5D4215DF94BB5A1FE23","UNO_Data\Plugins\x86_64\CSteamworks.dll",141824,141824,51798,2926
"40D2E883AF32D84EAAD8E5D4215DF94BB5A1FE23","UNO_Data\Plugins\x86_64\HookUnityPlugin.dll",125112,125112,56913,2927
"40D2E883AF32D84EAAD8E5D4215DF94BB5A1FE23","UNO_Data\Plugins\x86_64\opencv_world310.dll",45193904,45193904,10013930,2928
"40D2E883AF32D84EAAD8E5D4215DF94BB5A1FE23","UNO_Data\Plugins\x86_64\opencv_wrapper.dll",33464,33464,17020,2929
"40D2E883AF32D84EAAD8E5D4215DF94BB5A1FE23","UNO_Data\Plugins\x86_64\steam_api.dll",263080,263080,114820,2930
"40D2E883AF32D84EAAD8E5D4215DF94BB5A1FE23","UNO_Data\Plugins\x86_64\steam_api64.dll",295336,295336,127413,2931
"40D2E883AF32D84EAAD8E5D4215DF94BB5A1FE23","UNO_Data\Plugins\x86_64\Storm.dll",12830904,12830904,3288461,2932
"40D2E883AF32D84EAAD8E5D4215DF94BB5A1FE23","UNO_Data\Plugins\x86_64\ubiservices.dll",21723832,21723832,18937254,2933
"40D2E883AF32D84EAAD8E5D4215DF94BB5A1FE23","UNO_Data\Plugins\x86_64\upc_r2_loader64.dll",151736,151736,71185,2934
"40D2E883AF32D84EAAD8E5D4215DF94BB5A1FE23","UNO_Data\Plugins\x86_64\uprofile.dll",482488,482488,191904,2935
"40D2E883AF32D84EAAD8E5D4215DF94BB5A1FE23","UNO_Data\Plugins\x86_64\vpx.dll",1581752,1581752,626271,2936
"40D2E883AF32D84EAAD8E5D4215DF94BB5A1FE23","UNO_Data\Plugins\x86_64\WindowsUtilsImpl.dll",10240,10240,4624,2937
"40D2E883AF32D84EAAD8E5D4215DF94BB5A1FE23","UNO_Data\Plugins\x86_64\XInputInterface.dll",68608,68608,33407,2938
"40D2E883AF32D84EAAD8E5D4215DF94BB5A1FE23","UNO_Data\Resources\unity default resources",1548488,1548488,213948,2939
"40D2E883AF32D84EAAD8E5D4215DF94BB5A1FE23","UNO_Data\Resources\unity_builtin_extra",400180,400180,62895,2940
"40D2E883AF32D84EAAD8E5D4215DF94BB5A1FE23","UNO_Data\StreamingAssets\defaultKeyBindings.json",21855,21855,792,2941
"40D2E883AF32D84EAAD8E5D4215DF94BB5A1FE23","UNO_Data\StreamingAssets\desc.txt",253,253,184,2942
"40D2E883AF32D84EAAD8E5D4215DF94BB5A1FE23","UNO_Data\StreamingAssets\log.cfg",2381,2381,599,2943
"40D2E883AF32D84EAAD8E5D4215DF94BB5A1FE23","UNO_Data\StreamingAssets\SaveIcon.png",44880,44880,44627,2944
"40D2E883AF32D84EAAD8E5D4215DF94BB5A1FE23","UNO_Data\StreamingAssets\version.info",18,18,27,2945
"40D2E883AF32D84EAAD8E5D4215DF94BB5A1FE23","UNO_Data\StreamingAssets\Audio\UNO\GeneratedSoundBanks\Windows\ACV_Theme.pck",49825981,49825981,49583272,2946
"40D2E883AF32D84EAAD8E5D4215DF94BB5A1FE23","UNO_Data\StreamingAssets\Audio\UNO\GeneratedSoundBanks\Windows\FC6_Theme.pck",46941376,46941376,46347365,2947
"40D2E883AF32D84EAAD8E5D4215DF94BB5A1FE23","UNO_Data\StreamingAssets\Audio\UNO\GeneratedSoundBanks\Windows\Fifth_Anniversary_Theme.pck",32959276,32959276,32269505,2948
"40D2E883AF32D84EAAD8E5D4215DF94BB5A1FE23","UNO_Data\StreamingAssets\Audio\UNO\GeneratedSoundBanks\Windows\Flip_Theme.pck",24259574,24259574,24043851,2949
"40D2E883AF32D84EAAD8E5D4215DF94BB5A1FE23","UNO_Data\StreamingAssets\Audio\UNO\GeneratedSoundBanks\Windows\GodMonster_Theme.pck",41911378,41911378,41453470,2950
"40D2E883AF32D84EAAD8E5D4215DF94BB5A1FE23","UNO_Data\StreamingAssets\Audio\UNO\GeneratedSoundBanks\Windows\Init.pck",2595,2595,937,2951
"40D2E883AF32D84EAAD8E5D4215DF94BB5A1FE23","UNO_Data\StreamingAssets\Audio\UNO\GeneratedSoundBanks\Windows\JD_Theme.pck",33839607,33839607,33683244,2952
"40D2E883AF32D84EAAD8E5D4215DF94BB5A1FE23","UNO_Data\StreamingAssets\Audio\UNO\GeneratedSoundBanks\Windows\Party_Theme.pck",40691411,40691411,40366274,2953
"40D2E883AF32D84EAAD8E5D4215DF94BB5A1FE23","UNO_Data\StreamingAssets\Audio\UNO\GeneratedSoundBanks\Windows\PlatformInfo.xml",1510,1510,567,2954
"40D2E883AF32D84EAAD8E5D4215DF94BB5A1FE23","UNO_Data\StreamingAssets\Audio\UNO\GeneratedSoundBanks\Windows\PluginInfo.xml",943,943,404,2955
"40D2E883AF32D84EAAD8E5D4215DF94BB5A1FE23","UNO_Data\StreamingAssets\Audio\UNO\GeneratedSoundBanks\Windows\Rabbids_Theme.pck",20216475,20216475,20077606,2956
"40D2E883AF32D84EAAD8E5D4215DF94BB5A1FE23","UNO_Data\StreamingAssets\Audio\UNO\GeneratedSoundBanks\Windows\Rayman_Theme.pck",48914987,48914987,48639967,2957
"40D2E883AF32D84EAAD8E5D4215DF94BB5A1FE23","UNO_Data\StreamingAssets\Audio\UNO\GeneratedSoundBanks\Windows\SoundbanksInfo.xml",461037,461037,37535,2958
"40D2E883AF32D84EAAD8E5D4215DF94BB5A1FE23","UNO_Data\StreamingAssets\Audio\UNO\GeneratedSoundBanks\Windows\Teaser.pck",3162688,3162688,3142428,2959
"40D2E883AF32D84EAAD8E5D4215DF94BB5A1FE23","UNO_Data\StreamingAssets\Audio\UNO\GeneratedSoundBanks\Windows\UNO_ALL.pck",137860457,137860457,136664813,2960
"40D2E883AF32D84EAAD8E5D4215DF94BB5A1FE23","UNO_Data\StreamingAssets\Audio\UNO\GeneratedSoundBanks\Windows\UNO_Live_Theme.pck",325786111,325786111,323013475,2961
"40D2E883AF32D84EAAD8E5D4215DF94BB5A1FE23","UNO_Data\StreamingAssets\Images\invitation_image_0000.jpg",116488,116488,105109,2962
"40D2E883AF32D84EAAD8E5D4215DF94BB5A1FE23","UNO_Data\StreamingAssets\Images\Newsbarbackgroud.png",271659,271659,2934,2963
"40D2E883AF32D84EAAD8E5D4215DF94BB5A1FE23","UNO_Data\StreamingAssets\Movies\intro\BlackScreen.mp4",10841,10841,6331,2964
"40D2E883AF32D84EAAD8E5D4215DF94BB5A1FE23","UNO_Data\StreamingAssets\preinstall\debug.b",1192,1192,957,2965
"40D2E883AF32D84EAAD8E5D4215DF94BB5A1FE23","UNO_Data\StreamingAssets\preinstall\fonts.b",74125974,74125974,66074834,2966
"40D2E883AF32D84EAAD8E5D4215DF94BB5A1FE23","UNO_Data\StreamingAssets\preinstall\loading.b",2508118,2508118,2207246,2967
"40D2E883AF32D84EAAD8E5D4215DF94BB5A1FE23","UNO_Data\StreamingAssets\preinstall\localization.b",13328,13328,11685,2968
"40D2E883AF32D84EAAD8E5D4215DF94BB5A1FE23","UNO_Data\StreamingAssets\preinstall\menu.b",2501,2501,1954,2969
"40D2E883AF32D84EAAD8E5D4215DF94BB5A1FE23","UNO_Data\StreamingAssets\preinstall\notificationsystem.b",22092,22092,15730,2970
"40D2E883AF32D84EAAD8E5D4215DF94BB5A1FE23","UNO_Data\StreamingAssets\preinstall\outside.b",52089552,52089552,44989896,2971
"40D2E883AF32D84EAAD8E5D4215DF94BB5A1FE23","UNO_Data\StreamingAssets\preinstall\shaders.b",528353,528353,378866,2972
"40D2E883AF32D84EAAD8E5D4215DF94BB5A1FE23","UNO_Data\StreamingAssets\preinstall\_menu.b",4963,4963,3833,2973
"40D2E883AF32D84EAAD8E5D4215DF94BB5A1FE23","UNO_Data\StreamingAssets\preinstall\fonts\helveticaloutlined.b",777862,777862,646071,2974
"40D2E883AF32D84EAAD8E5D4215DF94BB5A1FE23","UNO_Data\StreamingAssets\preinstall\initial\assetbundleusage.b",214505,214505,160298,2975
"40D2E883AF32D84EAAD8E5D4215DF94BB5A1FE23","UNO_Data\StreamingAssets\preinstall\livefeature\06_music.b",2928,2928,2325,2976
"40D2E883AF32D84EAAD8E5D4215DF94BB5A1FE23","UNO_Data\StreamingAssets\preinstall\livefeature\07_audio.b",2065,2065,1619,2977
"40D2E883AF32D84EAAD8E5D4215DF94BB5A1FE23","UNO_Data\StreamingAssets\preinstall\livefeature\00_board\item_board_abstractgraphic\arrow.b",432421,432421,375400,2978
"40D2E883AF32D84EAAD8E5D4215DF94BB5A1FE23","UNO_Data\StreamingAssets\preinstall\livefeature\00_board\item_board_abstractgraphic\background.b",662402,662402,551311,2979
"40D2E883AF32D84EAAD8E5D4215DF94BB5A1FE23","UNO_Data\StreamingAssets\preinstall\livefeature\00_board\item_board_abstractgraphic\vfx.b",2346509,2346509,1829354,2980
"40D2E883AF32D84EAAD8E5D4215DF94BB5A1FE23","UNO_Data\StreamingAssets\preinstall\livefeature\00_board\item_board_ac15\arrow.b",553024,553024,467899,2981
"40D2E883AF32D84EAAD8E5D4215DF94BB5A1FE23","UNO_Data\StreamingAssets\preinstall\livefeature\00_board\item_board_ac15\background.b",997550,997550,849005,2982
"40D2E883AF32D84EAAD8E5D4215DF94BB5A1FE23","UNO_Data\StreamingAssets\preinstall\livefeature\00_board\item_board_ac15\vfx.b",3860274,3860274,3178467,2983
"40D2E883AF32D84EAAD8E5D4215DF94BB5A1FE23","UNO_Data\StreamingAssets\preinstall\livefeature\00_board\item_board_ac15event\arrow.b",2659,2659,2098,2984
"40D2E883AF32D84EAAD8E5D4215DF94BB5A1FE23","UNO_Data\StreamingAssets\preinstall\livefeature\00_board\item_board_ac15event\background.b",1208232,1208232,1018150,2985
"40D2E883AF32D84EAAD8E5D4215DF94BB5A1FE23","UNO_Data\StreamingAssets\preinstall\livefeature\00_board\item_board_ac15event\vfx.b",2107428,2107428,1714487,2986
"40D2E883AF32D84EAAD8E5D4215DF94BB5A1FE23","UNO_Data\StreamingAssets\preinstall\livefeature\00_board\item_board_animecatcafe\arrow.b",544129,544129,481753,2987
"40D2E883AF32D84EAAD8E5D4215DF94BB5A1FE23","UNO_Data\StreamingAssets\preinstall\livefeature\00_board\item_board_animecatcafe\background.b",1024321,1024321,871544,2988
"40D2E883AF32D84EAAD8E5D4215DF94BB5A1FE23","UNO_Data\StreamingAssets\preinstall\livefeature\00_board\item_board_animecatcafe\vfx.b",12885,12885,10226,2989
"40D2E883AF32D84EAAD8E5D4215DF94BB5A1FE23","UNO_Data\StreamingAssets\preinstall\livefeature\00_board\item_board_brawlhalla\vfx.b",1104054,1104054,838729,2990
"40D2E883AF32D84EAAD8E5D4215DF94BB5A1FE23","UNO_Data\StreamingAssets\preinstall\livefeature\00_board\item_board_candyworld\arrow.b",271126,271126,226260,2991
"40D2E883AF32D84EAAD8E5D4215DF94BB5A1FE23","UNO_Data\StreamingAssets\preinstall\livefeature\00_board\item_board_candyworld\background.b",4398741,4398741,3730663,2992
"40D2E883AF32D84EAAD8E5D4215DF94BB5A1FE23","UNO_Data\StreamingAssets\preinstall\livefeature\00_board\item_board_cosy\arrow.b",764909,764909,565411,2993
"40D2E883AF32D84EAAD8E5D4215DF94BB5A1FE23","UNO_Data\StreamingAssets\preinstall\livefeature\00_board\item_board_cosy\background.b",3232765,3232765,2718341,2994
"40D2E883AF32D84EAAD8E5D4215DF94BB5A1FE23","UNO_Data\StreamingAssets\preinstall\livefeature\00_board\item_board_cosy\vfx.b",2685372,2685372,2215350,2995
"40D2E883AF32D84EAAD8E5D4215DF94BB5A1FE23","UNO_Data\StreamingAssets\preinstall\livefeature\00_board\item_board_cube\arrow.b",502863,502863,434765,2996
"40D2E883AF32D84EAAD8E5D4215DF94BB5A1FE23","UNO_Data\StreamingAssets\preinstall\livefeature\00_board\item_board_cube\background.b",910803,910803,756028,2997
"40D2E883AF32D84EAAD8E5D4215DF94BB5A1FE23","UNO_Data\StreamingAssets\preinstall\livefeature\00_board\item_board_cube\vfx.b",6950167,6950167,5725046,2998
"40D2E883AF32D84EAAD8E5D4215DF94BB5A1FE23","UNO_Data\StreamingAssets\preinstall\livefeature\00_board\item_board_drawroom\arrow.b",626946,626946,537538,2999
"40D2E883AF32D84EAAD8E5D4215DF94BB5A1FE23","UNO_Data\StreamingAssets\preinstall\livefeature\00_board\item_board_drawroom\background.b",4895545,4895545,4220323,3000
"40D2E883AF32D84EAAD8E5D4215DF94BB5A1FE23","UNO_Data\StreamingAssets\preinstall\livefeature\00_board\item_board_drawroom\vfx.b",18975,18975,10264,3001
"40D2E883AF32D84EAAD8E5D4215DF94BB5A1FE23","UNO_Data\StreamingAssets\preinstall\livefeature\00_board\item_board_fairytalecastle\arrow.b",471672,471672,398734,3002
"40D2E883AF32D84EAAD8E5D4215DF94BB5A1FE23","UNO_Data\StreamingAssets\preinstall\livefeature\00_board\item_board_fairytalecastle\background.b",9846031,9846031,8559086,3003
"40D2E883AF32D84EAAD8E5D4215DF94BB5A1FE23","UNO_Data\StreamingAssets\preinstall\livefeature\00_board\item_board_fairytalecastle\vfx.b",12878,12878,10216,3004
"40D2E883AF32D84EAAD8E5D4215DF94BB5A1FE23","UNO_Data\StreamingAssets\preinstall\livefeature\00_board\item_board_flowers\arrow.b",549139,549139,463684,3005
"40D2E883AF32D84EAAD8E5D4215DF94BB5A1FE23","UNO_Data\StreamingAssets\preinstall\livefeature\00_board\item_board_flowers\background.b",781973,781973,645576,3006
"40D2E883AF32D84EAAD8E5D4215DF94BB5A1FE23","UNO_Data\StreamingAssets\preinstall\livefeature\00_board\item_board_flowers\vfx.b",3313591,3313591,2677666,3007
"40D2E883AF32D84EAAD8E5D4215DF94BB5A1FE23","UNO_Data\StreamingAssets\preinstall\livefeature\00_board\item_board_flowers\vfx_new.b",3790069,3790069,2925578,3008
"40D2E883AF32D84EAAD8E5D4215DF94BB5A1FE23","UNO_Data\StreamingAssets\preinstall\livefeature\00_board\item_board_lapool\arrow.b",273808,273808,223132,3009
"40D2E883AF32D84EAAD8E5D4215DF94BB5A1FE23","UNO_Data\StreamingAssets\preinstall\livefeature\00_board\item_board_lapool\background.b",1158478,1158478,1055717,3010
"40D2E883AF32D84EAAD8E5D4215DF94BB5A1FE23","UNO_Data\StreamingAssets\preinstall\livefeature\00_board\item_board_lapool\vfx.b",2296951,2296951,1909996,3011
"40D2E883AF32D84EAAD8E5D4215DF94BB5A1FE23","UNO_Data\StreamingAssets\preinstall\livefeature\00_board\item_board_lny\arrow.b",438462,438462,386499,3012
"40D2E883AF32D84EAAD8E5D4215DF94BB5A1FE23","UNO_Data\StreamingAssets\preinstall\livefeature\00_board\item_board_lny\environment.b",7435013,7435013,6301769,3013
"40D2E883AF32D84EAAD8E5D4215DF94BB5A1FE23","UNO_Data\StreamingAssets\preinstall\livefeature\00_board\item_board_lny\materials.b",344290,344290,278470,3014
"40D2E883AF32D84EAAD8E5D4215DF94BB5A1FE23","UNO_Data\StreamingAssets\preinstall\livefeature\00_board\item_board_lny\models.b",11750804,11750804,6698962,3015
"40D2E883AF32D84EAAD8E5D4215DF94BB5A1FE23","UNO_Data\StreamingAssets\preinstall\livefeature\00_board\item_board_lny\skybox.b",482990,482990,394036,3016
"40D2E883AF32D84EAAD8E5D4215DF94BB5A1FE23","UNO_Data\StreamingAssets\preinstall\livefeature\00_board\item_board_lny\stylizeddynamictree.b",66387461,66387461,60457531,3017
"40D2E883AF32D84EAAD8E5D4215DF94BB5A1FE23","UNO_Data\StreamingAssets\preinstall\livefeature\00_board\item_board_lny\textures.b",85329400,85329400,76034379,3018
"40D2E883AF32D84EAAD8E5D4215DF94BB5A1FE23","UNO_Data\StreamingAssets\preinstall\livefeature\00_board\item_board_lny\treefbx.b",3338957,3338957,2457962,3019
"40D2E883AF32D84EAAD8E5D4215DF94BB5A1FE23","UNO_Data\StreamingAssets\preinstall\livefeature\00_board\item_board_lny\treeprefabs.b",67208,67208,60367,3020
"40D2E883AF32D84EAAD8E5D4215DF94BB5A1FE23","UNO_Data\StreamingAssets\preinstall\livefeature\00_board\item_board_lny\treetextures.b",62608445,62608445,54346704,3021
"40D2E883AF32D84EAAD8E5D4215DF94BB5A1FE23","UNO_Data\StreamingAssets\preinstall\livefeature\00_board\item_board_lny\water.b",1720707,1720707,1284966,3022
"40D2E883AF32D84EAAD8E5D4215DF94BB5A1FE23","UNO_Data\StreamingAssets\preinstall\livefeature\00_board\item_board_luminescentstars\arrow.b",791310,791310,707502,3023
"40D2E883AF32D84EAAD8E5D4215DF94BB5A1FE23","UNO_Data\StreamingAssets\preinstall\livefeature\00_board\item_board_luminescentstars\background.b",536083,536083,448276,3024
"40D2E883AF32D84EAAD8E5D4215DF94BB5A1FE23","UNO_Data\StreamingAssets\preinstall\livefeature\00_board\item_board_luminescentstars\vfx.b",4095677,4095677,3563456,3025
"40D2E883AF32D84EAAD8E5D4215DF94BB5A1FE23","UNO_Data\StreamingAssets\preinstall\livefeature\00_board\item_board_oasis\arrow.b",1398843,1398843,1238497,3026
"40D2E883AF32D84EAAD8E5D4215DF94BB5A1FE23","UNO_Data\StreamingAssets\preinstall\livefeature\00_board\item_board_oasis\background.b",4295200,4295200,3651752,3027
"40D2E883AF32D84EAAD8E5D4215DF94BB5A1FE23","UNO_Data\StreamingAssets\preinstall\livefeature\00_board\item_board_oasis\vfx.b",5141926,5141926,4509171,3028
"40D2E883AF32D84EAAD8E5D4215DF94BB5A1FE23","UNO_Data\StreamingAssets\preinstall\livefeature\00_board\item_board_origami\arrow.b",435794,435794,368128,3029
"40D2E883AF32D84EAAD8E5D4215DF94BB5A1FE23","UNO_Data\StreamingAssets\preinstall\livefeature\00_board\item_board_origami\background.b",6511916,6511916,5291328,3030
"40D2E883AF32D84EAAD8E5D4215DF94BB5A1FE23","UNO_Data\StreamingAssets\preinstall\livefeature\00_board\item_board_origami\vfx.b",4711,4711,3866,3031
"40D2E883AF32D84EAAD8E5D4215DF94BB5A1FE23","UNO_Data\StreamingAssets\preinstall\livefeature\00_board\item_board_painterworkshop\arrow.b",884765,884765,791707,3032
"40D2E883AF32D84EAAD8E5D4215DF94BB5A1FE23","UNO_Data\StreamingAssets\preinstall\livefeature\00_board\item_board_painterworkshop\background.b",5412043,5412043,4645653,3033
"40D2E883AF32D84EAAD8E5D4215DF94BB5A1FE23","UNO_Data\StreamingAssets\preinstall\livefeature\00_board\item_board_party\arrow.b",193520,193520,165393,3034
"40D2E883AF32D84EAAD8E5D4215DF94BB5A1FE23","UNO_Data\StreamingAssets\preinstall\livefeature\00_board\item_board_party\vfx.b",1922726,1922726,1535829,3035
"40D2E883AF32D84EAAD8E5D4215DF94BB5A1FE23","UNO_Data\StreamingAssets\preinstall\livefeature\00_board\item_board_retroautumn\arrow.b",425628,425628,355646,3036
"40D2E883AF32D84EAAD8E5D4215DF94BB5A1FE23","UNO_Data\StreamingAssets\preinstall\livefeature\00_board\item_board_retroautumn\background.b",1104490,1104490,954997,3037
"40D2E883AF32D84EAAD8E5D4215DF94BB5A1FE23","UNO_Data\StreamingAssets\preinstall\livefeature\00_board\item_board_retroautumn\vfx.b",12865,12865,10206,3038
"40D2E883AF32D84EAAD8E5D4215DF94BB5A1FE23","UNO_Data\StreamingAssets\preinstall\livefeature\00_board\item_board_steampunkcity\arrow.b",676607,676607,583304,3039
"40D2E883AF32D84EAAD8E5D4215DF94BB5A1FE23","UNO_Data\StreamingAssets\preinstall\livefeature\00_board\item_board_steampunkcity\background.b",1211748,1211748,1080381,3040
"40D2E883AF32D84EAAD8E5D4215DF94BB5A1FE23","UNO_Data\StreamingAssets\preinstall\livefeature\00_board\item_board_steampunkcity\vfx.b",12895,12895,10231,3041
"40D2E883AF32D84EAAD8E5D4215DF94BB5A1FE23","UNO_Data\StreamingAssets\preinstall\livefeature\00_board\item_board_triangles\arrow.b",551913,551913,471173,3042
"40D2E883AF32D84EAAD8E5D4215DF94BB5A1FE23","UNO_Data\StreamingAssets\preinstall\livefeature\00_board\item_board_triangles\background.b",760414,760414,635716,3043
"40D2E883AF32D84EAAD8E5D4215DF94BB5A1FE23","UNO_Data\StreamingAssets\preinstall\livefeature\00_board\item_board_triangles\vfx.b",1376804,1376804,1045139,3044
"40D2E883AF32D84EAAD8E5D4215DF94BB5A1FE23","UNO_Data\StreamingAssets\preinstall\livefeature\00_board\item_board_underwaterbio\arrow.b",306498,306498,263405,3045
"40D2E883AF32D84EAAD8E5D4215DF94BB5A1FE23","UNO_Data\StreamingAssets\preinstall\livefeature\00_board\item_board_underwaterbio\background.b",2042302,2042302,1202215,3046
"40D2E883AF32D84EAAD8E5D4215DF94BB5A1FE23","UNO_Data\StreamingAssets\preinstall\livefeature\00_board\item_board_universe\arrow.b",579763,579763,503160,3047
"40D2E883AF32D84EAAD8E5D4215DF94BB5A1FE23","UNO_Data\StreamingAssets\preinstall\livefeature\00_board\item_board_universe\background.b",8460142,8460142,7038456,3048
"40D2E883AF32D84EAAD8E5D4215DF94BB5A1FE23","UNO_Data\StreamingAssets\preinstall\livefeature\00_board\item_board_universe\vfx.b",3497,3497,2816,3049
"40D2E883AF32D84EAAD8E5D4215DF94BB5A1FE23","UNO_Data\StreamingAssets\preinstall\livefeature\00_board\item_board_wizard\arrow.b",537934,537934,462390,3050
"40D2E883AF32D84EAAD8E5D4215DF94BB5A1FE23","UNO_Data\StreamingAssets\preinstall\livefeature\00_board\item_board_wizard\background.b",5610843,5610843,4847425,3051
"40D2E883AF32D84EAAD8E5D4215DF94BB5A1FE23","UNO_Data\StreamingAssets\preinstall\livefeature\00_board\item_board_wizard\vfx.b",933485,933485,812225,3052
"40D2E883AF32D84EAAD8E5D4215DF94BB5A1FE23","UNO_Data\StreamingAssets\preinstall\livefeature\00_board\item_board_zenroom\arrow.b",524728,524728,458736,3053
"40D2E883AF32D84EAAD8E5D4215DF94BB5A1FE23","UNO_Data\StreamingAssets\preinstall\livefeature\00_board\item_board_zenroom\background.b",3651599,3651599,3174455,3054
"40D2E883AF32D84EAAD8E5D4215DF94BB5A1FE23","UNO_Data\StreamingAssets\preinstall\livefeature\00_board\item_board_zenroom\vfx.b",2870756,2870756,2456899,3055
"40D2E883AF32D84EAAD8E5D4215DF94BB5A1FE23","UNO_Data\StreamingAssets\preinstall\livefeature\01_cardtheme\item_cards_abstracta\cards.b",2106264,2106264,1998080,3056
"40D2E883AF32D84EAAD8E5D4215DF94BB5A1FE23","UNO_Data\StreamingAssets\preinstall\livefeature\01_cardtheme\item_cards_abstracta\colorchangeeffect.b",796427,796427,599747,3057
"40D2E883AF32D84EAAD8E5D4215DF94BB5A1FE23","UNO_Data\StreamingAssets\preinstall\livefeature\01_cardtheme\item_cards_abstractb\cards.b",1868447,1868447,1748982,3058
"40D2E883AF32D84EAAD8E5D4215DF94BB5A1FE23","UNO_Data\StreamingAssets\preinstall\livefeature\01_cardtheme\item_cards_abstractb\colorchangeeffect.b",630652,630652,522787,3059
"40D2E883AF32D84EAAD8E5D4215DF94BB5A1FE23","UNO_Data\StreamingAssets\preinstall\livefeature\01_cardtheme\item_cards_abstractc\cards.b",1888659,1888659,1755321,3060
"40D2E883AF32D84EAAD8E5D4215DF94BB5A1FE23","UNO_Data\StreamingAssets\preinstall\livefeature\01_cardtheme\item_cards_abstractc\colorchangeeffect.b",678049,678049,441404,3061
"40D2E883AF32D84EAAD8E5D4215DF94BB5A1FE23","UNO_Data\StreamingAssets\preinstall\livefeature\01_cardtheme\item_cards_ac15\cards.b",1954827,1954827,1849789,3062
"40D2E883AF32D84EAAD8E5D4215DF94BB5A1FE23","UNO_Data\StreamingAssets\preinstall\livefeature\01_cardtheme\item_cards_ac15\colorchangeeffect.b",746721,746721,220358,3063
"40D2E883AF32D84EAAD8E5D4215DF94BB5A1FE23","UNO_Data\StreamingAssets\preinstall\livefeature\01_cardtheme\item_cards_ac15event\cards.b",2295270,2295270,2170497,3064
"40D2E883AF32D84EAAD8E5D4215DF94BB5A1FE23","UNO_Data\StreamingAssets\preinstall\livefeature\01_cardtheme\item_cards_ac15event\colorchangeeffect.b",990615,990615,266344,3065
"40D2E883AF32D84EAAD8E5D4215DF94BB5A1FE23","UNO_Data\StreamingAssets\preinstall\livefeature\01_cardtheme\item_cards_animecatcafe\cards.b",1959583,1959583,1707147,3066
"40D2E883AF32D84EAAD8E5D4215DF94BB5A1FE23","UNO_Data\StreamingAssets\preinstall\livefeature\01_cardtheme\item_cards_animecatcafe\colorchangeeffect.b",580348,580348,328689,3067
"40D2E883AF32D84EAAD8E5D4215DF94BB5A1FE23","UNO_Data\StreamingAssets\preinstall\livefeature\01_cardtheme\item_cards_balloon\cards.b",2005187,2005187,1886072,3068
"40D2E883AF32D84EAAD8E5D4215DF94BB5A1FE23","UNO_Data\StreamingAssets\preinstall\livefeature\01_cardtheme\item_cards_balloon\colorchangeeffect.b",755306,755306,301636,3069
"40D2E883AF32D84EAAD8E5D4215DF94BB5A1FE23","UNO_Data\StreamingAssets\preinstall\livefeature\01_cardtheme\item_cards_brawlhalla\colorchangeeffect.b",758364,758364,631454,3070
"40D2E883AF32D84EAAD8E5D4215DF94BB5A1FE23","UNO_Data\StreamingAssets\preinstall\livefeature\01_cardtheme\item_cards_candy\cards.b",2069377,2069377,1980921,3071
"40D2E883AF32D84EAAD8E5D4215DF94BB5A1FE23","UNO_Data\StreamingAssets\preinstall\livefeature\01_cardtheme\item_cards_candy\colorchangeeffect.b",855250,855250,563464,3072
"40D2E883AF32D84EAAD8E5D4215DF94BB5A1FE23","UNO_Data\StreamingAssets\preinstall\livefeature\01_cardtheme\item_cards_clay\cards.b",2099310,2099310,2003789,3073
"40D2E883AF32D84EAAD8E5D4215DF94BB5A1FE23","UNO_Data\StreamingAssets\preinstall\livefeature\01_cardtheme\item_cards_clay\colorchangeeffect.b",821845,821845,554377,3074
"40D2E883AF32D84EAAD8E5D4215DF94BB5A1FE23","UNO_Data\StreamingAssets\preinstall\livefeature\01_cardtheme\item_cards_cosy\cards.b",4065710,4065710,3789726,3075
"40D2E883AF32D84EAAD8E5D4215DF94BB5A1FE23","UNO_Data\StreamingAssets\preinstall\livefeature\01_cardtheme\item_cards_cosy\colorchangeeffect.b",742599,742599,503770,3076
"40D2E883AF32D84EAAD8E5D4215DF94BB5A1FE23","UNO_Data\StreamingAssets\preinstall\livefeature\01_cardtheme\item_cards_decupdate1\cards.b",1807400,1807400,1563345,3077
"40D2E883AF32D84EAAD8E5D4215DF94BB5A1FE23","UNO_Data\StreamingAssets\preinstall\livefeature\01_cardtheme\item_cards_decupdate1\colorchangeeffect.b",411005,411005,228423,3078
"40D2E883AF32D84EAAD8E5D4215DF94BB5A1FE23","UNO_Data\StreamingAssets\preinstall\livefeature\01_cardtheme\item_cards_decupdate2\cards.b",2988116,2988116,2800669,3079
"40D2E883AF32D84EAAD8E5D4215DF94BB5A1FE23","UNO_Data\StreamingAssets\preinstall\livefeature\01_cardtheme\item_cards_decupdate2\colorchangeeffect.b",682948,682948,501386,3080
"40D2E883AF32D84EAAD8E5D4215DF94BB5A1FE23","UNO_Data\StreamingAssets\preinstall\livefeature\01_cardtheme\item_cards_fabric\cards.b",2137386,2137386,2048940,3081
"40D2E883AF32D84EAAD8E5D4215DF94BB5A1FE23","UNO_Data\StreamingAssets\preinstall\livefeature\01_cardtheme\item_cards_fabric\colorchangeeffect.b",891540,891540,512482,3082
"40D2E883AF32D84EAAD8E5D4215DF94BB5A1FE23","UNO_Data\StreamingAssets\preinstall\livefeature\01_cardtheme\item_cards_feather\cards.b",1840715,1840715,1730672,3083
"40D2E883AF32D84EAAD8E5D4215DF94BB5A1FE23","UNO_Data\StreamingAssets\preinstall\livefeature\01_cardtheme\item_cards_feather\colorchangeeffect.b",746169,746169,401235,3084
"40D2E883AF32D84EAAD8E5D4215DF94BB5A1FE23","UNO_Data\StreamingAssets\preinstall\livefeature\01_cardtheme\item_cards_flowers\cards.b",2348775,2348775,2271324,3085
"40D2E883AF32D84EAAD8E5D4215DF94BB5A1FE23","UNO_Data\StreamingAssets\preinstall\livefeature\01_cardtheme\item_cards_flowers\colorchangeeffect.b",855189,855189,775803,3086
"40D2E883AF32D84EAAD8E5D4215DF94BB5A1FE23","UNO_Data\StreamingAssets\preinstall\livefeature\01_cardtheme\item_cards_gems\cards.b",1967745,1967745,1869177,3087
"40D2E883AF32D84EAAD8E5D4215DF94BB5A1FE23","UNO_Data\StreamingAssets\preinstall\livefeature\01_cardtheme\item_cards_gems\colorchangeeffect.b",713701,713701,425213,3088
"40D2E883AF32D84EAAD8E5D4215DF94BB5A1FE23","UNO_Data\StreamingAssets\preinstall\livefeature\01_cardtheme\item_cards_gold\cards.b",1955136,1955136,1837763,3089
"40D2E883AF32D84EAAD8E5D4215DF94BB5A1FE23","UNO_Data\StreamingAssets\preinstall\livefeature\01_cardtheme\item_cards_gold\colorchangeeffect.b",757428,757428,408397,3090
"40D2E883AF32D84EAAD8E5D4215DF94BB5A1FE23","UNO_Data\StreamingAssets\preinstall\livefeature\01_cardtheme\item_cards_hologram\cards.b",1816315,1816315,1686439,3091
"40D2E883AF32D84EAAD8E5D4215DF94BB5A1FE23","UNO_Data\StreamingAssets\preinstall\livefeature\01_cardtheme\item_cards_hologram\colorchangeeffect.b",716258,716258,472454,3092
"40D2E883AF32D84EAAD8E5D4215DF94BB5A1FE23","UNO_Data\StreamingAssets\preinstall\livefeature\01_cardtheme\item_cards_lapool\cards.b",1243468,1243468,1122978,3093
"40D2E883AF32D84EAAD8E5D4215DF94BB5A1FE23","UNO_Data\StreamingAssets\preinstall\livefeature\01_cardtheme\item_cards_lapool\colorchangeeffect.b",980280,980280,666702,3094
"40D2E883AF32D84EAAD8E5D4215DF94BB5A1FE23","UNO_Data\StreamingAssets\preinstall\livefeature\01_cardtheme\item_cards_lny\cards.b",2418441,2418441,2293064,3095
"40D2E883AF32D84EAAD8E5D4215DF94BB5A1FE23","UNO_Data\StreamingAssets\preinstall\livefeature\01_cardtheme\item_cards_lny\colorchangeeffect.b",1000512,1000512,427350,3096
"40D2E883AF32D84EAAD8E5D4215DF94BB5A1FE23","UNO_Data\StreamingAssets\preinstall\livefeature\01_cardtheme\item_cards_origami\cards.b",1800491,1800491,1673377,3097
"40D2E883AF32D84EAAD8E5D4215DF94BB5A1FE23","UNO_Data\StreamingAssets\preinstall\livefeature\01_cardtheme\item_cards_origami\colorchangeeffect.b",707762,707762,481369,3098
"40D2E883AF32D84EAAD8E5D4215DF94BB5A1FE23","UNO_Data\StreamingAssets\preinstall\livefeature\01_cardtheme\item_cards_pets\cards.b",2128382,2128382,2035677,3099
"40D2E883AF32D84EAAD8E5D4215DF94BB5A1FE23","UNO_Data\StreamingAssets\preinstall\livefeature\01_cardtheme\item_cards_pets\colorchangeeffect.b",869537,869537,455581,3100
"40D2E883AF32D84EAAD8E5D4215DF94BB5A1FE23","UNO_Data\StreamingAssets\preinstall\livefeature\01_cardtheme\item_cards_planets\cards.b",1981514,1981514,1861875,3101
"40D2E883AF32D84EAAD8E5D4215DF94BB5A1FE23","UNO_Data\StreamingAssets\preinstall\livefeature\01_cardtheme\item_cards_planets\colorchangeeffect.b",749980,749980,459236,3102
"40D2E883AF32D84EAAD8E5D4215DF94BB5A1FE23","UNO_Data\StreamingAssets\preinstall\livefeature\01_cardtheme\item_cards_popart\cards.b",1777347,1777347,1612026,3103
"40D2E883AF32D84EAAD8E5D4215DF94BB5A1FE23","UNO_Data\StreamingAssets\preinstall\livefeature\01_cardtheme\item_cards_popart\colorchangeeffect.b",552940,552940,313752,3104
"40D2E883AF32D84EAAD8E5D4215DF94BB5A1FE23","UNO_Data\StreamingAssets\preinstall\livefeature\01_cardtheme\item_cards_retroautumn\cards.b",819117,819117,712574,3105
"40D2E883AF32D84EAAD8E5D4215DF94BB5A1FE23","UNO_Data\StreamingAssets\preinstall\livefeature\01_cardtheme\item_cards_retroautumn\colorchangeeffect.b",388727,388727,180803,3106
"40D2E883AF32D84EAAD8E5D4215DF94BB5A1FE23","UNO_Data\StreamingAssets\preinstall\livefeature\01_cardtheme\item_cards_seashells\cards.b",2019335,2019335,1940998,3107
"40D2E883AF32D84EAAD8E5D4215DF94BB5A1FE23","UNO_Data\StreamingAssets\preinstall\livefeature\01_cardtheme\item_cards_seashells\colorchangeeffect.b",823790,823790,443966,3108
"40D2E883AF32D84EAAD8E5D4215DF94BB5A1FE23","UNO_Data\StreamingAssets\preinstall\livefeature\01_cardtheme\item_cards_silver\cards.b",1928393,1928393,1800150,3109
"40D2E883AF32D84EAAD8E5D4215DF94BB5A1FE23","UNO_Data\StreamingAssets\preinstall\livefeature\01_cardtheme\item_cards_silver\colorchangeeffect.b",759440,759440,444761,3110
"40D2E883AF32D84EAAD8E5D4215DF94BB5A1FE23","UNO_Data\StreamingAssets\preinstall\livefeature\01_cardtheme\item_cards_steampunkcity\cards.b",1109193,1109193,988694,3111
"40D2E883AF32D84EAAD8E5D4215DF94BB5A1FE23","UNO_Data\StreamingAssets\preinstall\livefeature\01_cardtheme\item_cards_steampunkcity\colorchangeeffect.b",712763,712763,620333,3112
"40D2E883AF32D84EAAD8E5D4215DF94BB5A1FE23","UNO_Data\StreamingAssets\preinstall\livefeature\01_cardtheme\item_cards_underwaterbio\cards.b",745448,745448,625772,3113
"40D2E883AF32D84EAAD8E5D4215DF94BB5A1FE23","UNO_Data\StreamingAssets\preinstall\livefeature\01_cardtheme\item_cards_underwaterbio\colorchangeeffect.b",792516,792516,576059,3114
"40D2E883AF32D84EAAD8E5D4215DF94BB5A1FE23","UNO_Data\StreamingAssets\preinstall\livefeature\02_cardvfx\anim.b",10123,10123,7419,3115
"40D2E883AF32D84EAAD8E5D4215DF94BB5A1FE23","UNO_Data\StreamingAssets\preinstall\livefeature\02_cardvfx\material.b",84788,84788,65162,3116
"40D2E883AF32D84EAAD8E5D4215DF94BB5A1FE23","UNO_Data\StreamingAssets\preinstall\livefeature\02_cardvfx\mesh.b",206492,206492,152907,3117
"40D2E883AF32D84EAAD8E5D4215DF94BB5A1FE23","UNO_Data\StreamingAssets\preinstall\livefeature\02_cardvfx\texture.b",15595099,15595099,13047309,3118
"40D2E883AF32D84EAAD8E5D4215DF94BB5A1FE23","UNO_Data\StreamingAssets\preinstall\livefeature\05_cardanimation\item_vfx_cosy.b",78326,78326,60930,3119
"40D2E883AF32D84EAAD8E5D4215DF94BB5A1FE23","UNO_Data\StreamingAssets\preinstall\livefeature\08_hero\00_addon.b",20246063,20246063,18468528,3120
"40D2E883AF32D84EAAD8E5D4215DF94BB5A1FE23","UNO_Data\StreamingAssets\preinstall\livefeature\08_hero\06_music.b",2794211,2794211,2101392,3121
"40D2E883AF32D84EAAD8E5D4215DF94BB5A1FE23","UNO_Data\StreamingAssets\preinstall\livefeature\08_hero\07_vo.b",476940,476940,261735,3122
"40D2E883AF32D84EAAD8E5D4215DF94BB5A1FE23","UNO_Data\StreamingAssets\preinstall\livefeature\08_store\00_addon.b",5655855,5655855,5162026,3123
"40D2E883AF32D84EAAD8E5D4215DF94BB5A1FE23","UNO_Data\StreamingAssets\preinstall\livefeature\08_store\01_bundle.b",605807,605807,536262,3124
"40D2E883AF32D84EAAD8E5D4215DF94BB5A1FE23","UNO_Data\StreamingAssets\preinstall\livefeature\08_store\03_board.b",17536092,17536092,16366422,3125
"40D2E883AF32D84EAAD8E5D4215DF94BB5A1FE23","UNO_Data\StreamingAssets\preinstall\livefeature\08_store\04_cards.b",18324800,18324800,16790860,3126
"40D2E883AF32D84EAAD8E5D4215DF94BB5A1FE23","UNO_Data\StreamingAssets\preinstall\livefeature\08_store\05_vfx.b",6779183,6779183,6018026,3127
"40D2E883AF32D84EAAD8E5D4215DF94BB5A1FE23","UNO_Data\StreamingAssets\preinstall\livefeature\08_store\06_music.b",6173297,6173297,5477528,3128
"40D2E883AF32D84EAAD8E5D4215DF94BB5A1FE23","UNO_Data\StreamingAssets\preinstall\livefeature\08_store\07_vo.b",1658298,1658298,1292550,3129
"40D2E883AF32D84EAAD8E5D4215DF94BB5A1FE23","UNO_Data\StreamingAssets\preinstall\livefeature\08_store\08_avatar.b",25126797,25126797,16975501,3130
"40D2E883AF32D84EAAD8E5D4215DF94BB5A1FE23","UNO_Data\StreamingAssets\preinstall\livefeature\08_store\09_frame.b",9215988,9215988,5204141,3131
"40D2E883AF32D84EAAD8E5D4215DF94BB5A1FE23","UNO_Data\StreamingAssets\preinstall\livefeature\08_store\10_framelight.b",2765399,2765399,2351344,3132
"40D2E883AF32D84EAAD8E5D4215DF94BB5A1FE23","UNO_Data\StreamingAssets\preinstall\livefeature\08_store\00_addon\preview.b",21772975,21772975,18849538,3133
"40D2E883AF32D84EAAD8E5D4215DF94BB5A1FE23","UNO_Data\StreamingAssets\preinstall\livefeature\08_store\05_vfx\preview.b",271893,271893,246898,3134
"40D2E883AF32D84EAAD8E5D4215DF94BB5A1FE23","UNO_Data\StreamingAssets\preinstall\livefeature\08_thumbnail\00_addon.b",4469171,4469171,3949084,3135
"40D2E883AF32D84EAAD8E5D4215DF94BB5A1FE23","UNO_Data\StreamingAssets\preinstall\livefeature\08_thumbnail\01_bundle.b",605923,605923,535099,3136
"40D2E883AF32D84EAAD8E5D4215DF94BB5A1FE23","UNO_Data\StreamingAssets\preinstall\livefeature\08_thumbnail\03_board.b",16446636,16446636,15343107,3137
"40D2E883AF32D84EAAD8E5D4215DF94BB5A1FE23","UNO_Data\StreamingAssets\preinstall\livefeature\08_thumbnail\04_cards.b",14411380,14411380,13402105,3138
"40D2E883AF32D84EAAD8E5D4215DF94BB5A1FE23","UNO_Data\StreamingAssets\preinstall\livefeature\08_thumbnail\05_vfx.b",5751199,5751199,5229398,3139
"40D2E883AF32D84EAAD8E5D4215DF94BB5A1FE23","UNO_Data\StreamingAssets\preinstall\livefeature\08_thumbnail\06_music.b",2588926,2588926,2082747,3140
"40D2E883AF32D84EAAD8E5D4215DF94BB5A1FE23","UNO_Data\StreamingAssets\preinstall\livefeature\08_thumbnail\07_vo.b",729484,729484,572989,3141
"40D2E883AF32D84EAAD8E5D4215DF94BB5A1FE23","UNO_Data\StreamingAssets\preinstall\livefeature\08_thumbnail\08_avatar.b",49228143,49228143,45179789,3142
"40D2E883AF32D84EAAD8E5D4215DF94BB5A1FE23","UNO_Data\StreamingAssets\preinstall\livefeature\08_thumbnail\09_frame.b",16738224,16738224,14657626,3143
"40D2E883AF32D84EAAD8E5D4215DF94BB5A1FE23","UNO_Data\StreamingAssets\preinstall\livefeature\08_thumbnail\10_framelight.b",5133230,5133230,4015131,3144
"40D2E883AF32D84EAAD8E5D4215DF94BB5A1FE23","UNO_Data\StreamingAssets\preinstall\livefeature\08_thumbnail\11_bundle.b",4672712,4672712,4322482,3145
"40D2E883AF32D84EAAD8E5D4215DF94BB5A1FE23","UNO_Data\StreamingAssets\preinstall\livefeature\08_thumbnail\00_addon\preview.b",48502776,48502776,42501665,3146
"40D2E883AF32D84EAAD8E5D4215DF94BB5A1FE23","UNO_Data\StreamingAssets\preinstall\livefeature\08_thumbnail\05_vfx\preview.b",271905,271905,246877,3147
"40D2E883AF32D84EAAD8E5D4215DF94BB5A1FE23","UNO_Data\StreamingAssets\preinstall\livefeature\08_thumbnail\08_avatar\materials.b",257796,257796,225929,3148
"40D2E883AF32D84EAAD8E5D4215DF94BB5A1FE23","UNO_Data\StreamingAssets\preinstall\livefeature\boardcommon\cards.b",2898,2898,2308,3149
"40D2E883AF32D84EAAD8E5D4215DF94BB5A1FE23","UNO_Data\StreamingAssets\preinstall\livefeature\boardcommon\themecards.b",707257,707257,601321,3150
"40D2E883AF32D84EAAD8E5D4215DF94BB5A1FE23","UNO_Data\StreamingAssets\preinstall\livefeature\boardcommon\animation\active_player.b",7858,7858,5650,3151
"40D2E883AF32D84EAAD8E5D4215DF94BB5A1FE23","UNO_Data\StreamingAssets\preinstall\livefeature\boardcommon\animation\arrows.b",21314,21314,16791,3152
"40D2E883AF32D84EAAD8E5D4215DF94BB5A1FE23","UNO_Data\StreamingAssets\preinstall\livefeature\boardcommon\animation\avater.b",9657,9657,7213,3153
"40D2E883AF32D84EAAD8E5D4215DF94BB5A1FE23","UNO_Data\StreamingAssets\preinstall\livefeature\boardcommon\animation\board_circle.b",6483,6483,4557,3154
"40D2E883AF32D84EAAD8E5D4215DF94BB5A1FE23","UNO_Data\StreamingAssets\preinstall\livefeature\boardcommon\animation\button_glow.b",245373,245373,206658,3155
"40D2E883AF32D84EAAD8E5D4215DF94BB5A1FE23","UNO_Data\StreamingAssets\preinstall\livefeature\boardcommon\animation\call_uno.b",22089,22089,19171,3156
"40D2E883AF32D84EAAD8E5D4215DF94BB5A1FE23","UNO_Data\StreamingAssets\preinstall\livefeature\boardcommon\animation\challenge_wilddraw4.b",10989,10989,8351,3157
"40D2E883AF32D84EAAD8E5D4215DF94BB5A1FE23","UNO_Data\StreamingAssets\preinstall\livefeature\boardcommon\animation\deck_sfx.b",6612,6612,4691,3158
"40D2E883AF32D84EAAD8E5D4215DF94BB5A1FE23","UNO_Data\StreamingAssets\preinstall\livefeature\boardcommon\animation\didnt_calluno.b",6540,6540,4673,3159
"40D2E883AF32D84EAAD8E5D4215DF94BB5A1FE23","UNO_Data\StreamingAssets\preinstall\livefeature\boardcommon\animation\drawcard.b",6603,6603,4752,3160
"40D2E883AF32D84EAAD8E5D4215DF94BB5A1FE23","UNO_Data\StreamingAssets\preinstall\livefeature\boardcommon\animation\drawtwo.b",19366,19366,13513,3161
"40D2E883AF32D84EAAD8E5D4215DF94BB5A1FE23","UNO_Data\StreamingAssets\preinstall\livefeature\boardcommon\animation\joker.b",231534,231534,193694,3162
"40D2E883AF32D84EAAD8E5D4215DF94BB5A1FE23","UNO_Data\StreamingAssets\preinstall\livefeature\boardcommon\animation\jump_in.b",50709,50709,43029,3163
"40D2E883AF32D84EAAD8E5D4215DF94BB5A1FE23","UNO_Data\StreamingAssets\preinstall\livefeature\boardcommon\animation\particle_cardglow.b",6113,6113,4309,3164
"40D2E883AF32D84EAAD8E5D4215DF94BB5A1FE23","UNO_Data\StreamingAssets\preinstall\livefeature\boardcommon\animation\preparecalluno.b",6969,6969,5078,3165
"40D2E883AF32D84EAAD8E5D4215DF94BB5A1FE23","UNO_Data\StreamingAssets\preinstall\livefeature\boardcommon\animation\ps4_cross_button.b",112295,112295,87688,3166
"40D2E883AF32D84EAAD8E5D4215DF94BB5A1FE23","UNO_Data\StreamingAssets\preinstall\livefeature\boardcommon\animation\reverse.b",8292,8292,6290,3167
"40D2E883AF32D84EAAD8E5D4215DF94BB5A1FE23","UNO_Data\StreamingAssets\preinstall\livefeature\boardcommon\animation\sevenzero.b",31860,31860,19957,3168
"40D2E883AF32D84EAAD8E5D4215DF94BB5A1FE23","UNO_Data\StreamingAssets\preinstall\livefeature\boardcommon\animation\single_card.b",6204,6204,4378,3169
"40D2E883AF32D84EAAD8E5D4215DF94BB5A1FE23","UNO_Data\StreamingAssets\preinstall\livefeature\boardcommon\animation\skip.b",10676,10676,8200,3170
"40D2E883AF32D84EAAD8E5D4215DF94BB5A1FE23","UNO_Data\StreamingAssets\preinstall\livefeature\boardcommon\animation\stacking.b",10915,10915,8713,3171
"40D2E883AF32D84EAAD8E5D4215DF94BB5A1FE23","UNO_Data\StreamingAssets\preinstall\livefeature\boardcommon\animation\touch_screen.b",6524,6524,4635,3172
"40D2E883AF32D84EAAD8E5D4215DF94BB5A1FE23","UNO_Data\StreamingAssets\preinstall\livefeature\boardcommon\animation\tutorial_arrow.b",6160,6160,4347,3173
"40D2E883AF32D84EAAD8E5D4215DF94BB5A1FE23","UNO_Data\StreamingAssets\preinstall\livefeature\boardcommon\animation\voice_chat.b",7364,7364,5410,3174
"40D2E883AF32D84EAAD8E5D4215DF94BB5A1FE23","UNO_Data\StreamingAssets\preinstall\livefeature\boardcommon\animation\wild.b",533415,533415,449120,3175
"40D2E883AF32D84EAAD8E5D4215DF94BB5A1FE23","UNO_Data\StreamingAssets\preinstall\livefeature\boardcommon\animation\wild_ps4_cross_button.b",2782,2782,1670,3176
"40D2E883AF32D84EAAD8E5D4215DF94BB5A1FE23","UNO_Data\StreamingAssets\preinstall\livefeature\boardcommon\animation\xbox1_cross_button.b",11777,11777,8980,3177
"40D2E883AF32D84EAAD8E5D4215DF94BB5A1FE23","UNO_Data\StreamingAssets\preinstall\livefeature\boardcommon\animation\active_player\anicontroller.b",6818,6818,5508,3178
"40D2E883AF32D84EAAD8E5D4215DF94BB5A1FE23","UNO_Data\StreamingAssets\preinstall\livefeature\boardcommon\animation\arrows\anicontroller.b",5244,5244,4132,3179
"40D2E883AF32D84EAAD8E5D4215DF94BB5A1FE23","UNO_Data\StreamingAssets\preinstall\livefeature\boardcommon\animation\arrows\materials.b",2681,2681,2110,3180
"40D2E883AF32D84EAAD8E5D4215DF94BB5A1FE23","UNO_Data\StreamingAssets\preinstall\livefeature\boardcommon\animation\arrows\texture.b",459529,459529,393547,3181
"40D2E883AF32D84EAAD8E5D4215DF94BB5A1FE23","UNO_Data\StreamingAssets\preinstall\livefeature\boardcommon\animation\avater\anicontroller.b",5594,5594,4465,3182
"40D2E883AF32D84EAAD8E5D4215DF94BB5A1FE23","UNO_Data\StreamingAssets\preinstall\livefeature\boardcommon\animation\board_circle\anicontroller.b",4714,4714,3687,3183
"40D2E883AF32D84EAAD8E5D4215DF94BB5A1FE23","UNO_Data\StreamingAssets\preinstall\livefeature\boardcommon\animation\button_glow\anicontroller.b",5062,5062,3995,3184
"40D2E883AF32D84EAAD8E5D4215DF94BB5A1FE23","UNO_Data\StreamingAssets\preinstall\livefeature\boardcommon\animation\button_glow\materials.b",42634,42634,30647,3185
"40D2E883AF32D84EAAD8E5D4215DF94BB5A1FE23","UNO_Data\StreamingAssets\preinstall\livefeature\boardcommon\animation\call_uno\anicontroller.b",4711,4711,3649,3186
"40D2E883AF32D84EAAD8E5D4215DF94BB5A1FE23","UNO_Data\StreamingAssets\preinstall\livefeature\boardcommon\animation\challenge_wilddraw4\anicontroller.b",6582,6582,5288,3187
"40D2E883AF32D84EAAD8E5D4215DF94BB5A1FE23","UNO_Data\StreamingAssets\preinstall\livefeature\boardcommon\animation\challenge_wilddraw4\materials.b",2804,2804,2228,3188
"40D2E883AF32D84EAAD8E5D4215DF94BB5A1FE23","UNO_Data\StreamingAssets\preinstall\livefeature\boardcommon\animation\challenge_wilddraw4\mesh.b",46540,46540,33435,3189
"40D2E883AF32D84EAAD8E5D4215DF94BB5A1FE23","UNO_Data\StreamingAssets\preinstall\livefeature\boardcommon\animation\challenge_wilddraw4\texture.b",635879,635879,552060,3190
"40D2E883AF32D84EAAD8E5D4215DF94BB5A1FE23","UNO_Data\StreamingAssets\preinstall\livefeature\boardcommon\animation\deck_sfx\anicontroller.b",4698,4698,3642,3191
"40D2E883AF32D84EAAD8E5D4215DF94BB5A1FE23","UNO_Data\StreamingAssets\preinstall\livefeature\boardcommon\animation\didnt_calluno\anicontroller.b",4707,4707,3670,3192
"40D2E883AF32D84EAAD8E5D4215DF94BB5A1FE23","UNO_Data\StreamingAssets\preinstall\livefeature\boardcommon\animation\didnt_calluno\materials.b",2628,2628,2064,3193
"40D2E883AF32D84EAAD8E5D4215DF94BB5A1FE23","UNO_Data\StreamingAssets\preinstall\livefeature\boardcommon\animation\didnt_calluno\mesh.b",53332,53332,38251,3194
"40D2E883AF32D84EAAD8E5D4215DF94BB5A1FE23","UNO_Data\StreamingAssets\preinstall\livefeature\boardcommon\animation\didnt_calluno\texture.b",11379,11379,9241,3195
"40D2E883AF32D84EAAD8E5D4215DF94BB5A1FE23","UNO_Data\StreamingAssets\preinstall\livefeature\boardcommon\animation\drawcard\anicontroller.b",4949,4949,3891,3196
"40D2E883AF32D84EAAD8E5D4215DF94BB5A1FE23","UNO_Data\StreamingAssets\preinstall\livefeature\boardcommon\animation\drawcard\materials.b",2864,2864,2282,3197
"40D2E883AF32D84EAAD8E5D4215DF94BB5A1FE23","UNO_Data\StreamingAssets\preinstall\livefeature\boardcommon\animation\drawcard\mesh.b",47693,47693,34317,3198
"40D2E883AF32D84EAAD8E5D4215DF94BB5A1FE23","UNO_Data\StreamingAssets\preinstall\livefeature\boardcommon\animation\drawcard\texture.b",178643,178643,149865,3199
"40D2E883AF32D84EAAD8E5D4215DF94BB5A1FE23","UNO_Data\StreamingAssets\preinstall\livefeature\boardcommon\animation\drawtwo\anicontroller.b",11392,11392,9546,3200
"40D2E883AF32D84EAAD8E5D4215DF94BB5A1FE23","UNO_Data\StreamingAssets\preinstall\livefeature\boardcommon\animation\drawtwo\choosebottomplaceholder.b",10354,10354,7613,3201
"40D2E883AF32D84EAAD8E5D4215DF94BB5A1FE23","UNO_Data\StreamingAssets\preinstall\livefeature\boardcommon\animation\joker\anicontroller.b",6214,6214,4944,3202
"40D2E883AF32D84EAAD8E5D4215DF94BB5A1FE23","UNO_Data\StreamingAssets\preinstall\livefeature\boardcommon\animation\jump_in\anicontroller.b",5633,5633,4498,3203
"40D2E883AF32D84EAAD8E5D4215DF94BB5A1FE23","UNO_Data\StreamingAssets\preinstall\livefeature\boardcommon\animation\jump_in\materials.b",2913,2913,2326,3204
"40D2E883AF32D84EAAD8E5D4215DF94BB5A1FE23","UNO_Data\StreamingAssets\preinstall\livefeature\boardcommon\animation\jump_in\mesh.b",55845,55845,41525,3205
"40D2E883AF32D84EAAD8E5D4215DF94BB5A1FE23","UNO_Data\StreamingAssets\preinstall\livefeature\boardcommon\animation\jump_in\texture.b",142482,142482,110405,3206
"40D2E883AF32D84EAAD8E5D4215DF94BB5A1FE23","UNO_Data\StreamingAssets\preinstall\livefeature\boardcommon\animation\particle_cardglow\anicontroller.b",4719,4719,3686,3207
"40D2E883AF32D84EAAD8E5D4215DF94BB5A1FE23","UNO_Data\StreamingAssets\preinstall\livefeature\boardcommon\animation\preparecalluno\anicontroller.b",5096,5096,4022,3208
"40D2E883AF32D84EAAD8E5D4215DF94BB5A1FE23","UNO_Data\StreamingAssets\preinstall\livefeature\boardcommon\animation\ps4_cross_button\anicontroller.b",5205,5205,4098,3209
"40D2E883AF32D84EAAD8E5D4215DF94BB5A1FE23","UNO_Data\StreamingAssets\preinstall\livefeature\boardcommon\animation\reverse\anicontroller.b",5151,5151,4071,3210
"40D2E883AF32D84EAAD8E5D4215DF94BB5A1FE23","UNO_Data\StreamingAssets\preinstall\livefeature\boardcommon\animation\sevenzero\anicontroller.b",14485,14485,12252,3211
"40D2E883AF32D84EAAD8E5D4215DF94BB5A1FE23","UNO_Data\StreamingAssets\preinstall\livefeature\boardcommon\animation\sevenzero\materials.b",2697,2697,2123,3212
"40D2E883AF32D84EAAD8E5D4215DF94BB5A1FE23","UNO_Data\StreamingAssets\preinstall\livefeature\boardcommon\animation\single_card\anicontroller.b",4753,4753,3713,3213
"40D2E883AF32D84EAAD8E5D4215DF94BB5A1FE23","UNO_Data\StreamingAssets\preinstall\livefeature\boardcommon\animation\skip\anicontroller.b",7509,7509,6131,3214
"40D2E883AF32D84EAAD8E5D4215DF94BB5A1FE23","UNO_Data\StreamingAssets\preinstall\livefeature\boardcommon\animation\stacking\anicontroller.b",5934,5934,4762,3215
"40D2E883AF32D84EAAD8E5D4215DF94BB5A1FE23","UNO_Data\StreamingAssets\preinstall\livefeature\boardcommon\animation\stacking\materials.b",2852,2852,2264,3216
"40D2E883AF32D84EAAD8E5D4215DF94BB5A1FE23","UNO_Data\StreamingAssets\preinstall\livefeature\boardcommon\animation\stacking\texture.b",247891,247891,211525,3217
"40D2E883AF32D84EAAD8E5D4215DF94BB5A1FE23","UNO_Data\StreamingAssets\preinstall\livefeature\boardcommon\animation\touch_screen\anicontroller.b",4942,4942,3877,3218
"40D2E883AF32D84EAAD8E5D4215DF94BB5A1FE23","UNO_Data\StreamingAssets\preinstall\livefeature\boardcommon\animation\tutorial_arrow\anicontroller.b",4715,4715,3688,3219
"40D2E883AF32D84EAAD8E5D4215DF94BB5A1FE23","UNO_Data\StreamingAssets\preinstall\livefeature\boardcommon\animation\tutorial_arrow\materials.b",19907,19907,11104,3220
"40D2E883AF32D84EAAD8E5D4215DF94BB5A1FE23","UNO_Data\StreamingAssets\preinstall\livefeature\boardcommon\animation\tutorial_arrow\texture.b",43139,43139,38327,3221
"40D2E883AF32D84EAAD8E5D4215DF94BB5A1FE23","UNO_Data\StreamingAssets\preinstall\livefeature\boardcommon\animation\voice_chat\anicontroller.b",4703,4703,3644,3222
"40D2E883AF32D84EAAD8E5D4215DF94BB5A1FE23","UNO_Data\StreamingAssets\preinstall\livefeature\boardcommon\animation\voice_chat\materials.b",2738,2738,2166,3223
"40D2E883AF32D84EAAD8E5D4215DF94BB5A1FE23","UNO_Data\StreamingAssets\preinstall\livefeature\boardcommon\animation\voice_chat\texture.b",25969,25969,23348,3224
"40D2E883AF32D84EAAD8E5D4215DF94BB5A1FE23","UNO_Data\StreamingAssets\preinstall\livefeature\boardcommon\animation\wild\anicontroller.b",6204,6204,4981,3225
"40D2E883AF32D84EAAD8E5D4215DF94BB5A1FE23","UNO_Data\StreamingAssets\preinstall\livefeature\boardcommon\animation\wild_ps4_cross_button\materials.b",44062,44062,31919,3226
"40D2E883AF32D84EAAD8E5D4215DF94BB5A1FE23","UNO_Data\StreamingAssets\preinstall\livefeature\boardcommon\animation\xbox1_cross_button\anicontroller.b",5628,5628,4493,3227
"40D2E883AF32D84EAAD8E5D4215DF94BB5A1FE23","UNO_Data\StreamingAssets\preinstall\livefeature\boardcommon\animation\xbox1_cross_button\materials.b",2635,2635,2061,3228
"40D2E883AF32D84EAAD8E5D4215DF94BB5A1FE23","UNO_Data\StreamingAssets\preinstall\livefeature\boardcommon\animation\xbox1_cross_button\mesh.b",66477,66477,50201,3229
"40D2E883AF32D84EAAD8E5D4215DF94BB5A1FE23","UNO_Data\StreamingAssets\preinstall\livefeature\boardcommon\animation\xbox1_cross_button\texture.b",2259,2259,1685,3230
"40D2E883AF32D84EAAD8E5D4215DF94BB5A1FE23","UNO_Data\StreamingAssets\preinstall\livefeature\boardcommon\cardanimation\sevenzero.b",6424,6424,4559,3231
"40D2E883AF32D84EAAD8E5D4215DF94BB5A1FE23","UNO_Data\StreamingAssets\preinstall\livefeature\boardcommon\cardcoveringeffect\colorchangeeffect.b",183483,183483,141528,3232
"40D2E883AF32D84EAAD8E5D4215DF94BB5A1FE23","UNO_Data\StreamingAssets\preinstall\livefeature\boardcommon\classic_board\board_circle.b",352828,352828,271694,3233
"40D2E883AF32D84EAAD8E5D4215DF94BB5A1FE23","UNO_Data\StreamingAssets\preinstall\livefeature\boardcommon\classic_board\board_glow.b",249565,249565,218692,3234
"40D2E883AF32D84EAAD8E5D4215DF94BB5A1FE23","UNO_Data\StreamingAssets\preinstall\livefeature\boardcommon\classic_board\board_red.b",129417,129417,108074,3235
"40D2E883AF32D84EAAD8E5D4215DF94BB5A1FE23","UNO_Data\StreamingAssets\preinstall\livefeature\boardcommon\classic_board\board_yellow.b",619847,619847,534951,3236
"40D2E883AF32D84EAAD8E5D4215DF94BB5A1FE23","UNO_Data\StreamingAssets\preinstall\livefeature\boardcommon\classic_board\card_deck.b",80887,80887,63003,3237
"40D2E883AF32D84EAAD8E5D4215DF94BB5A1FE23","UNO_Data\StreamingAssets\preinstall\livefeature\boardcommon\gfx\card_shadow.b",47213,47213,34006,3238
"40D2E883AF32D84EAAD8E5D4215DF94BB5A1FE23","UNO_Data\StreamingAssets\preinstall\livefeature\boardcommon\gfx\active_player\materials.b",2654,2654,2084,3239
"40D2E883AF32D84EAAD8E5D4215DF94BB5A1FE23","UNO_Data\StreamingAssets\preinstall\livefeature\boardcommon\gfx\active_player\mesh.b",54410,54410,40389,3240
"40D2E883AF32D84EAAD8E5D4215DF94BB5A1FE23","UNO_Data\StreamingAssets\preinstall\livefeature\boardcommon\gfx\active_player\texture.b",27164,27164,24706,3241
"40D2E883AF32D84EAAD8E5D4215DF94BB5A1FE23","UNO_Data\StreamingAssets\preinstall\livefeature\boardcommon\gfx\avater\materials.b",4338,4338,3554,3242
"40D2E883AF32D84EAAD8E5D4215DF94BB5A1FE23","UNO_Data\StreamingAssets\preinstall\livefeature\boardcommon\gfx\avater\mesh.b",46439,46439,33320,3243
"40D2E883AF32D84EAAD8E5D4215DF94BB5A1FE23","UNO_Data\StreamingAssets\preinstall\livefeature\boardcommon\gfx\avater\texture.b",390976,390976,308665,3244
"40D2E883AF32D84EAAD8E5D4215DF94BB5A1FE23","UNO_Data\StreamingAssets\preinstall\livefeature\boardcommon\gfx\background_sphere\materials.b",2928,2928,2332,3245
"40D2E883AF32D84EAAD8E5D4215DF94BB5A1FE23","UNO_Data\StreamingAssets\preinstall\livefeature\boardcommon\gfx\background_sphere\mesh.b",61186,61186,46722,3246
"40D2E883AF32D84EAAD8E5D4215DF94BB5A1FE23","UNO_Data\StreamingAssets\preinstall\livefeature\boardcommon\gfx\background_sphere\texture.b",104008,104008,75422,3247
"40D2E883AF32D84EAAD8E5D4215DF94BB5A1FE23","UNO_Data\StreamingAssets\preinstall\livefeature\boardcommon\gfx\call_uno\materials.b",3397,3397,2769,3248
"40D2E883AF32D84EAAD8E5D4215DF94BB5A1FE23","UNO_Data\StreamingAssets\preinstall\livefeature\boardcommon\gfx\call_uno\mesh.b",72898,72898,53454,3249
"40D2E883AF32D84EAAD8E5D4215DF94BB5A1FE23","UNO_Data\StreamingAssets\preinstall\livefeature\boardcommon\gfx\call_uno\texture.b",903138,903138,567228,3250
"40D2E883AF32D84EAAD8E5D4215DF94BB5A1FE23","UNO_Data\StreamingAssets\preinstall\livefeature\boardcommon\gfx\card_shadow\texture.b",17806,17806,12704,3251
"40D2E883AF32D84EAAD8E5D4215DF94BB5A1FE23","UNO_Data\StreamingAssets\preinstall\livefeature\boardcommon\gfx\cursor\materials.b",3269,3269,2635,3252
"40D2E883AF32D84EAAD8E5D4215DF94BB5A1FE23","UNO_Data\StreamingAssets\preinstall\livefeature\boardcommon\gfx\cursor\mesh.b",61423,61423,46291,3253
"40D2E883AF32D84EAAD8E5D4215DF94BB5A1FE23","UNO_Data\StreamingAssets\preinstall\livefeature\boardcommon\gfx\cursor\texture.b",96042,96042,44013,3254
"40D2E883AF32D84EAAD8E5D4215DF94BB5A1FE23","UNO_Data\StreamingAssets\preinstall\livefeature\boardcommon\gfx\drawfour\materials.b",2828,2828,2245,3255
"40D2E883AF32D84EAAD8E5D4215DF94BB5A1FE23","UNO_Data\StreamingAssets\preinstall\livefeature\boardcommon\gfx\drawfour\texture.b",362666,362666,320139,3256
"40D2E883AF32D84EAAD8E5D4215DF94BB5A1FE23","UNO_Data\StreamingAssets\preinstall\livefeature\boardcommon\gfx\drawtwo\materials.b",2979,2979,2377,3257
"40D2E883AF32D84EAAD8E5D4215DF94BB5A1FE23","UNO_Data\StreamingAssets\preinstall\livefeature\boardcommon\gfx\drawtwo\mesh.b",59358,59358,45366,3258
"40D2E883AF32D84EAAD8E5D4215DF94BB5A1FE23","UNO_Data\StreamingAssets\preinstall\livefeature\boardcommon\gfx\drawtwo\texture.b",448897,448897,254767,3259
"40D2E883AF32D84EAAD8E5D4215DF94BB5A1FE23","UNO_Data\StreamingAssets\preinstall\livefeature\boardcommon\gfx\particle_cardglow\materials.b",3483,3483,2823,3260
"40D2E883AF32D84EAAD8E5D4215DF94BB5A1FE23","UNO_Data\StreamingAssets\preinstall\livefeature\boardcommon\gfx\particle_cardglow\mesh.b",50799,50799,37156,3261
"40D2E883AF32D84EAAD8E5D4215DF94BB5A1FE23","UNO_Data\StreamingAssets\preinstall\livefeature\boardcommon\gfx\particle_cardglow\texture.b",309390,309390,249724,3262
"40D2E883AF32D84EAAD8E5D4215DF94BB5A1FE23","UNO_Data\StreamingAssets\preinstall\livefeature\boardcommon\gfx\reverse\materials.b",3388,3388,2761,3263
"40D2E883AF32D84EAAD8E5D4215DF94BB5A1FE23","UNO_Data\StreamingAssets\preinstall\livefeature\boardcommon\gfx\reverse\mesh.b",85099,85099,67010,3264
"40D2E883AF32D84EAAD8E5D4215DF94BB5A1FE23","UNO_Data\StreamingAssets\preinstall\livefeature\boardcommon\gfx\reverse\texture.b",444696,444696,310553,3265
"40D2E883AF32D84EAAD8E5D4215DF94BB5A1FE23","UNO_Data\StreamingAssets\preinstall\livefeature\boardcommon\gfx\sevenzero\materials.b",3423,3423,2784,3266
"40D2E883AF32D84EAAD8E5D4215DF94BB5A1FE23","UNO_Data\StreamingAssets\preinstall\livefeature\boardcommon\gfx\sevenzero\mesh.b",64246,64246,49591,3267
"40D2E883AF32D84EAAD8E5D4215DF94BB5A1FE23","UNO_Data\StreamingAssets\preinstall\livefeature\boardcommon\gfx\sevenzero\texture.b",779039,779039,501638,3268
"40D2E883AF32D84EAAD8E5D4215DF94BB5A1FE23","UNO_Data\StreamingAssets\preinstall\livefeature\boardcommon\gfx\single_card\materials.b",2825,2825,2245,3269
"40D2E883AF32D84EAAD8E5D4215DF94BB5A1FE23","UNO_Data\StreamingAssets\preinstall\livefeature\boardcommon\gfx\single_card\texture.b",67982,67982,59155,3270
"40D2E883AF32D84EAAD8E5D4215DF94BB5A1FE23","UNO_Data\StreamingAssets\preinstall\livefeature\boardcommon\gfx\skip\materials.b",3367,3367,2729,3271
"40D2E883AF32D84EAAD8E5D4215DF94BB5A1FE23","UNO_Data\StreamingAssets\preinstall\livefeature\boardcommon\gfx\skip\mesh.b",81922,81922,61025,3272
"40D2E883AF32D84EAAD8E5D4215DF94BB5A1FE23","UNO_Data\StreamingAssets\preinstall\livefeature\boardcommon\gfx\skip\texture.b",555244,555244,443264,3273
"40D2E883AF32D84EAAD8E5D4215DF94BB5A1FE23","UNO_Data\StreamingAssets\preinstall\livefeature\boardcommon\gfx\touch_screen\materials.b",2678,2678,2096,3274
"40D2E883AF32D84EAAD8E5D4215DF94BB5A1FE23","UNO_Data\StreamingAssets\preinstall\livefeature\boardcommon\gfx\touch_screen\texture.b",14915,14915,13107,3275
"40D2E883AF32D84EAAD8E5D4215DF94BB5A1FE23","UNO_Data\StreamingAssets\preinstall\livefeature\boardcommon\skybox\materials.b",2709,2709,2137,3276
"40D2E883AF32D84EAAD8E5D4215DF94BB5A1FE23","UNO_Data\StreamingAssets\preinstall\livefeature\boardcommon\skybox\texture.b",161550,161550,130870,3277
"40D2E883AF32D84EAAD8E5D4215DF94BB5A1FE23","UNO_Data\StreamingAssets\preinstall\livefeature\boardcommon\texturebackground\screenshotmat.b",2418240,2418240,2042207,3278
"40D2E883AF32D84EAAD8E5D4215DF94BB5A1FE23","UNO_Data\StreamingAssets\preinstall\menu\uimask.b",2161,2161,1674,3279
"40D2E883AF32D84EAAD8E5D4215DF94BB5A1FE23","UNO_Data\StreamingAssets\preinstall\menu\2d_assets\blob.b",22984710,22984710,19901314,3280
"40D2E883AF32D84EAAD8E5D4215DF94BB5A1FE23","UNO_Data\StreamingAssets\preinstall\menu\2d_assets\common.b",1248984,1248984,894397,3281
"40D2E883AF32D84EAAD8E5D4215DF94BB5A1FE23","UNO_Data\StreamingAssets\preinstall\menu\2d_assets\movie.b",29187,29187,18630,3282
"40D2E883AF32D84EAAD8E5D4215DF94BB5A1FE23","UNO_Data\StreamingAssets\preinstall\menu\2d_assets\common\dlc.b",51035024,51035024,42484235,3283
"40D2E883AF32D84EAAD8E5D4215DF94BB5A1FE23","UNO_Data\StreamingAssets\preinstall\menu\2d_assets\common\helpandoptions.b",3573208,3573208,2609223,3284
"40D2E883AF32D84EAAD8E5D4215DF94BB5A1FE23","UNO_Data\StreamingAssets\preinstall\menu\3d_assets\helpandoptions.b",11210,11210,8303,3285
"40D2E883AF32D84EAAD8E5D4215DF94BB5A1FE23","UNO_Data\StreamingAssets\preinstall\menu\3d_assets\menu_itemmaterial.b",200379,200379,181915,3286
"40D2E883AF32D84EAAD8E5D4215DF94BB5A1FE23","UNO_Data\StreamingAssets\preinstall\menu\3d_assets\menu_itemtexture.b",4684836,4684836,4281047,3287
"40D2E883AF32D84EAAD8E5D4215DF94BB5A1FE23","UNO_Data\StreamingAssets\preinstall\menu\3d_assets\menu_themepicker.b",906446,906446,721178,3288
"40D2E883AF32D84EAAD8E5D4215DF94BB5A1FE23","UNO_Data\StreamingAssets\preinstall\menu\3d_assets\menu_background\materials.b",41808,41808,29943,3289
"40D2E883AF32D84EAAD8E5D4215DF94BB5A1FE23","UNO_Data\StreamingAssets\preinstall\menu\3d_assets\menu_themepicker\animation.b",13744,13744,10926,3290
"40D2E883AF32D84EAAD8E5D4215DF94BB5A1FE23","UNO_Data\StreamingAssets\preinstall\menu\3d_assets\menu_themepicker\spawnedprefabs.b",39056,39056,34090,3291
"40D2E883AF32D84EAAD8E5D4215DF94BB5A1FE23","UNO_Data\StreamingAssets\preinstall\prefab\fonts.b",4242,4242,3485,3292
"40D2E883AF32D84EAAD8E5D4215DF94BB5A1FE23","UNO_Data\StreamingAssets\preinstall\prefab\leaderboard.b",28214,28214,23451,3293
"40D2E883AF32D84EAAD8E5D4215DF94BB5A1FE23","UNO_Data\StreamingAssets\preinstall\prefab\loading.b",6943,6943,5800,3294
"40D2E883AF32D84EAAD8E5D4215DF94BB5A1FE23","UNO_Data\StreamingAssets\preinstall\prefab\localization.b",3552,3552,2941,3295
"40D2E883AF32D84EAAD8E5D4215DF94BB5A1FE23","UNO_Data\StreamingAssets\preinstall\prefab\menu.b",1015226,1015226,913601,3296
"40D2E883AF32D84EAAD8E5D4215DF94BB5A1FE23","UNO_Data\StreamingAssets\preinstall\prefab\missions.b",13939,13939,11078,3297
"40D2E883AF32D84EAAD8E5D4215DF94BB5A1FE23","UNO_Data\StreamingAssets\preinstall\prefab\notificationsystem.b",9478,9478,7796,3298
"40D2E883AF32D84EAAD8E5D4215DF94BB5A1FE23","UNO_Data\StreamingAssets\preinstall\prefab\prefabs.b",4007170,4007170,3395710,3299
"40D2E883AF32D84EAAD8E5D4215DF94BB5A1FE23","UNO_Data\StreamingAssets\preinstall\prefab\treeuiresources.b",8752,8752,7310,3300
"40D2E883AF32D84EAAD8E5D4215DF94BB5A1FE23","UNO_Data\StreamingAssets\preinstall\prefab\watermark.b",8242,8242,6753,3301
"40D2E883AF32D84EAAD8E5D4215DF94BB5A1FE23","UNO_Data\StreamingAssets\preinstall\prefab\_campaign.b",2799,2799,2268,3302
"40D2E883AF32D84EAAD8E5D4215DF94BB5A1FE23","UNO_Data\StreamingAssets\preinstall\prefab\assets\bundleassets.b",12329,12329,9478,3303
"40D2E883AF32D84EAAD8E5D4215DF94BB5A1FE23","UNO_Data\StreamingAssets\preinstall\prefab\fonts\helveticaloutlined.b",8320,8320,6519,3304
"40D2E883AF32D84EAAD8E5D4215DF94BB5A1FE23","UNO_Data\StreamingAssets\preinstall\prefab\livefeature\00_board\item_board_brawlhalla.b",29381,29381,13991,3305
"40D2E883AF32D84EAAD8E5D4215DF94BB5A1FE23","UNO_Data\StreamingAssets\preinstall\prefab\livefeature\00_board\item_board_abstractgraphic\arrow.b",3742,3742,3098,3306
"40D2E883AF32D84EAAD8E5D4215DF94BB5A1FE23","UNO_Data\StreamingAssets\preinstall\prefab\livefeature\00_board\item_board_abstractgraphic\background.b",44913,44913,26026,3307
"40D2E883AF32D84EAAD8E5D4215DF94BB5A1FE23","UNO_Data\StreamingAssets\preinstall\prefab\livefeature\00_board\item_board_abstractgraphic\vfx.b",36410,36410,19085,3308
"40D2E883AF32D84EAAD8E5D4215DF94BB5A1FE23","UNO_Data\StreamingAssets\preinstall\prefab\livefeature\00_board\item_board_ac15\arrow.b",3738,3738,3059,3309
"40D2E883AF32D84EAAD8E5D4215DF94BB5A1FE23","UNO_Data\StreamingAssets\preinstall\prefab\livefeature\00_board\item_board_ac15\background.b",54701,54701,33643,3310
"40D2E883AF32D84EAAD8E5D4215DF94BB5A1FE23","UNO_Data\StreamingAssets\preinstall\prefab\livefeature\00_board\item_board_ac15\vfx.b",35791,35791,19127,3311
"40D2E883AF32D84EAAD8E5D4215DF94BB5A1FE23","UNO_Data\StreamingAssets\preinstall\prefab\livefeature\00_board\item_board_ac15event\arrow.b",3729,3729,3082,3312
"40D2E883AF32D84EAAD8E5D4215DF94BB5A1FE23","UNO_Data\StreamingAssets\preinstall\prefab\livefeature\00_board\item_board_ac15event\background.b",71017,71017,45723,3313
"40D2E883AF32D84EAAD8E5D4215DF94BB5A1FE23","UNO_Data\StreamingAssets\preinstall\prefab\livefeature\00_board\item_board_ac15event\vfx.b",30506,30506,14520,3314
"40D2E883AF32D84EAAD8E5D4215DF94BB5A1FE23","UNO_Data\StreamingAssets\preinstall\prefab\livefeature\00_board\item_board_animecatcafe\arrow.b",3738,3738,3101,3315
"40D2E883AF32D84EAAD8E5D4215DF94BB5A1FE23","UNO_Data\StreamingAssets\preinstall\prefab\livefeature\00_board\item_board_animecatcafe\background.b",68270,68270,40914,3316
"40D2E883AF32D84EAAD8E5D4215DF94BB5A1FE23","UNO_Data\StreamingAssets\preinstall\prefab\livefeature\00_board\item_board_animecatcafe\vfx.b",59309,59309,33085,3317
"40D2E883AF32D84EAAD8E5D4215DF94BB5A1FE23","UNO_Data\StreamingAssets\preinstall\prefab\livefeature\00_board\item_board_candyworld\arrow.b",3746,3746,3102,3318
"40D2E883AF32D84EAAD8E5D4215DF94BB5A1FE23","UNO_Data\StreamingAssets\preinstall\prefab\livefeature\00_board\item_board_candyworld\background.b",9478,9478,7925,3319
"40D2E883AF32D84EAAD8E5D4215DF94BB5A1FE23","UNO_Data\StreamingAssets\preinstall\prefab\livefeature\00_board\item_board_cosy\arrow.b",3752,3752,3112,3320
"40D2E883AF32D84EAAD8E5D4215DF94BB5A1FE23","UNO_Data\StreamingAssets\preinstall\prefab\livefeature\00_board\item_board_cosy\background.b",9728,9728,8158,3321
"40D2E883AF32D84EAAD8E5D4215DF94BB5A1FE23","UNO_Data\StreamingAssets\preinstall\prefab\livefeature\00_board\item_board_cosy\vfx.b",133110,133110,76660,3322
"40D2E883AF32D84EAAD8E5D4215DF94BB5A1FE23","UNO_Data\StreamingAssets\preinstall\prefab\livefeature\00_board\item_board_cube\arrow.b",3750,3750,3084,3323
"40D2E883AF32D84EAAD8E5D4215DF94BB5A1FE23","UNO_Data\StreamingAssets\preinstall\prefab\livefeature\00_board\item_board_cube\background.b",41564,41564,23669,3324
"40D2E883AF32D84EAAD8E5D4215DF94BB5A1FE23","UNO_Data\StreamingAssets\preinstall\prefab\livefeature\00_board\item_board_cube\vfx.b",34784,34784,17548,3325
"40D2E883AF32D84EAAD8E5D4215DF94BB5A1FE23","UNO_Data\StreamingAssets\preinstall\prefab\livefeature\00_board\item_board_drawroom\arrow.b",3731,3731,3086,3326
"40D2E883AF32D84EAAD8E5D4215DF94BB5A1FE23","UNO_Data\StreamingAssets\preinstall\prefab\livefeature\00_board\item_board_drawroom\background.b",35819,35819,19040,3327
"40D2E883AF32D84EAAD8E5D4215DF94BB5A1FE23","UNO_Data\StreamingAssets\preinstall\prefab\livefeature\00_board\item_board_fairytalecastle\arrow.b",3743,3743,3086,3328
"40D2E883AF32D84EAAD8E5D4215DF94BB5A1FE23","UNO_Data\StreamingAssets\preinstall\prefab\livefeature\00_board\item_board_fairytalecastle\background.b",68974,68974,41141,3329
"40D2E883AF32D84EAAD8E5D4215DF94BB5A1FE23","UNO_Data\StreamingAssets\preinstall\prefab\livefeature\00_board\item_board_fairytalecastle\vfx.b",59010,59010,33491,3330
"40D2E883AF32D84EAAD8E5D4215DF94BB5A1FE23","UNO_Data\StreamingAssets\preinstall\prefab\livefeature\00_board\item_board_flowers\arrow.b",3723,3723,3085,3331
"40D2E883AF32D84EAAD8E5D4215DF94BB5A1FE23","UNO_Data\StreamingAssets\preinstall\prefab\livefeature\00_board\item_board_flowers\background.b",56500,56500,33024,3332
"40D2E883AF32D84EAAD8E5D4215DF94BB5A1FE23","UNO_Data\StreamingAssets\preinstall\prefab\livefeature\00_board\item_board_flowers\vfx.b",47768,47768,25637,3333
"40D2E883AF32D84EAAD8E5D4215DF94BB5A1FE23","UNO_Data\StreamingAssets\preinstall\prefab\livefeature\00_board\item_board_lapool\arrow.b",3727,3727,3085,3334
"40D2E883AF32D84EAAD8E5D4215DF94BB5A1FE23","UNO_Data\StreamingAssets\preinstall\prefab\livefeature\00_board\item_board_lapool\background.b",9499,9499,7915,3335
"40D2E883AF32D84EAAD8E5D4215DF94BB5A1FE23","UNO_Data\StreamingAssets\preinstall\prefab\livefeature\00_board\item_board_lny\arrow.b",3755,3755,3121,3336
"40D2E883AF32D84EAAD8E5D4215DF94BB5A1FE23","UNO_Data\StreamingAssets\preinstall\prefab\livefeature\00_board\item_board_lny\background.b",10230,10230,8580,3337
"40D2E883AF32D84EAAD8E5D4215DF94BB5A1FE23","UNO_Data\StreamingAssets\preinstall\prefab\livefeature\00_board\item_board_lny\environment.b",80006,80006,57075,3338
"40D2E883AF32D84EAAD8E5D4215DF94BB5A1FE23","UNO_Data\StreamingAssets\preinstall\prefab\livefeature\00_board\item_board_lny\stylized dynamic tree.b",5362,5362,4599,3339
"40D2E883AF32D84EAAD8E5D4215DF94BB5A1FE23","UNO_Data\StreamingAssets\preinstall\prefab\livefeature\00_board\item_board_lny\tree prefabs.b",6425,6425,5586,3340
"40D2E883AF32D84EAAD8E5D4215DF94BB5A1FE23","UNO_Data\StreamingAssets\preinstall\prefab\livefeature\00_board\item_board_luminescentstars\arrow.b",3744,3744,3078,3341
"40D2E883AF32D84EAAD8E5D4215DF94BB5A1FE23","UNO_Data\StreamingAssets\preinstall\prefab\livefeature\00_board\item_board_luminescentstars\background.b",39017,39017,22445,3342
"40D2E883AF32D84EAAD8E5D4215DF94BB5A1FE23","UNO_Data\StreamingAssets\preinstall\prefab\livefeature\00_board\item_board_luminescentstars\vfx.b",29029,29029,13346,3343
"40D2E883AF32D84EAAD8E5D4215DF94BB5A1FE23","UNO_Data\StreamingAssets\preinstall\prefab\livefeature\00_board\item_board_oasis\arrow.b",3765,3765,3111,3344
"40D2E883AF32D84EAAD8E5D4215DF94BB5A1FE23","UNO_Data\StreamingAssets\preinstall\prefab\livefeature\00_board\item_board_oasis\background.b",38550,38550,22082,3345
"40D2E883AF32D84EAAD8E5D4215DF94BB5A1FE23","UNO_Data\StreamingAssets\preinstall\prefab\livefeature\00_board\item_board_origami\arrow.b",3751,3751,3115,3346
"40D2E883AF32D84EAAD8E5D4215DF94BB5A1FE23","UNO_Data\StreamingAssets\preinstall\prefab\livefeature\00_board\item_board_origami\background.b",17668,17668,15607,3347
"40D2E883AF32D84EAAD8E5D4215DF94BB5A1FE23","UNO_Data\StreamingAssets\preinstall\prefab\livefeature\00_board\item_board_painterworkshop\arrow.b",3764,3764,3134,3348
"40D2E883AF32D84EAAD8E5D4215DF94BB5A1FE23","UNO_Data\StreamingAssets\preinstall\prefab\livefeature\00_board\item_board_painterworkshop\background.b",35631,35631,19342,3349
"40D2E883AF32D84EAAD8E5D4215DF94BB5A1FE23","UNO_Data\StreamingAssets\preinstall\prefab\livefeature\00_board\item_board_party\arrow.b",3766,3766,3109,3350
"40D2E883AF32D84EAAD8E5D4215DF94BB5A1FE23","UNO_Data\StreamingAssets\preinstall\prefab\livefeature\00_board\item_board_party\background.b",44214,44214,25627,3351
"40D2E883AF32D84EAAD8E5D4215DF94BB5A1FE23","UNO_Data\StreamingAssets\preinstall\prefab\livefeature\00_board\item_board_party\vfx.b",35898,35898,18495,3352
"40D2E883AF32D84EAAD8E5D4215DF94BB5A1FE23","UNO_Data\StreamingAssets\preinstall\prefab\livefeature\00_board\item_board_retroautumn\arrow.b",3753,3753,3100,3353
"40D2E883AF32D84EAAD8E5D4215DF94BB5A1FE23","UNO_Data\StreamingAssets\preinstall\prefab\livefeature\00_board\item_board_retroautumn\background.b",9655,9655,8088,3354
"40D2E883AF32D84EAAD8E5D4215DF94BB5A1FE23","UNO_Data\StreamingAssets\preinstall\prefab\livefeature\00_board\item_board_retroautumn\vfx.b",58848,58848,32810,3355
"40D2E883AF32D84EAAD8E5D4215DF94BB5A1FE23","UNO_Data\StreamingAssets\preinstall\prefab\livefeature\00_board\item_board_steampunkcity\arrow.b",3741,3741,3083,3356
"40D2E883AF32D84EAAD8E5D4215DF94BB5A1FE23","UNO_Data\StreamingAssets\preinstall\prefab\livefeature\00_board\item_board_steampunkcity\background.b",9502,9502,7979,3357
"40D2E883AF32D84EAAD8E5D4215DF94BB5A1FE23","UNO_Data\StreamingAssets\preinstall\prefab\livefeature\00_board\item_board_steampunkcity\vfx.b",59052,59052,32916,3358
"40D2E883AF32D84EAAD8E5D4215DF94BB5A1FE23","UNO_Data\StreamingAssets\preinstall\prefab\livefeature\00_board\item_board_triangles\arrow.b",3744,3744,3082,3359
"40D2E883AF32D84EAAD8E5D4215DF94BB5A1FE23","UNO_Data\StreamingAssets\preinstall\prefab\livefeature\00_board\item_board_triangles\background.b",41132,41132,23562,3360
"40D2E883AF32D84EAAD8E5D4215DF94BB5A1FE23","UNO_Data\StreamingAssets\preinstall\prefab\livefeature\00_board\item_board_triangles\vfx.b",33979,33979,16874,3361
"40D2E883AF32D84EAAD8E5D4215DF94BB5A1FE23","UNO_Data\StreamingAssets\preinstall\prefab\livefeature\00_board\item_board_underwaterbio\arrow.b",3739,3739,3080,3362
"40D2E883AF32D84EAAD8E5D4215DF94BB5A1FE23","UNO_Data\StreamingAssets\preinstall\prefab\livefeature\00_board\item_board_underwaterbio\background.b",9631,9631,8100,3363
"40D2E883AF32D84EAAD8E5D4215DF94BB5A1FE23","UNO_Data\StreamingAssets\preinstall\prefab\livefeature\00_board\item_board_universe\arrow.b",3752,3752,3104,3364
"40D2E883AF32D84EAAD8E5D4215DF94BB5A1FE23","UNO_Data\StreamingAssets\preinstall\prefab\livefeature\00_board\item_board_universe\background.b",12438,12438,10636,3365
"40D2E883AF32D84EAAD8E5D4215DF94BB5A1FE23","UNO_Data\StreamingAssets\preinstall\prefab\livefeature\00_board\item_board_wizard\arrow.b",3719,3719,3076,3366
"40D2E883AF32D84EAAD8E5D4215DF94BB5A1FE23","UNO_Data\StreamingAssets\preinstall\prefab\livefeature\00_board\item_board_wizard\background.b",38247,38247,21770,3367
"40D2E883AF32D84EAAD8E5D4215DF94BB5A1FE23","UNO_Data\StreamingAssets\preinstall\prefab\livefeature\00_board\item_board_zenroom\arrow.b",3733,3733,3095,3368
"40D2E883AF32D84EAAD8E5D4215DF94BB5A1FE23","UNO_Data\StreamingAssets\preinstall\prefab\livefeature\00_board\item_board_zenroom\background.b",37374,37374,20742,3369
"40D2E883AF32D84EAAD8E5D4215DF94BB5A1FE23","UNO_Data\StreamingAssets\preinstall\prefab\livefeature\00_board\item_board_zenroom\vfx.b",29192,29192,13553,3370
"40D2E883AF32D84EAAD8E5D4215DF94BB5A1FE23","UNO_Data\StreamingAssets\preinstall\prefab\livefeature\02_cardvfx\prefab.b",895397,895397,534165,3371
"40D2E883AF32D84EAAD8E5D4215DF94BB5A1FE23","UNO_Data\StreamingAssets\preinstall\prefab\livefeature\02_cardvfx\texture.b",82132,82132,50485,3372
"40D2E883AF32D84EAAD8E5D4215DF94BB5A1FE23","UNO_Data\StreamingAssets\preinstall\prefab\livefeature\05_cardanimation\brawlhalla.b",65279,65279,41075,3373
"40D2E883AF32D84EAAD8E5D4215DF94BB5A1FE23","UNO_Data\StreamingAssets\preinstall\prefab\livefeature\05_cardanimation\item_vfx_ac15.b",102727,102727,62441,3374
"40D2E883AF32D84EAAD8E5D4215DF94BB5A1FE23","UNO_Data\StreamingAssets\preinstall\prefab\livefeature\05_cardanimation\item_vfx_animecatcafe.b",79137,79137,48718,3375
"40D2E883AF32D84EAAD8E5D4215DF94BB5A1FE23","UNO_Data\StreamingAssets\preinstall\prefab\livefeature\05_cardanimation\item_vfx_bubbles.b",84325,84325,50687,3376
"40D2E883AF32D84EAAD8E5D4215DF94BB5A1FE23","UNO_Data\StreamingAssets\preinstall\prefab\livefeature\05_cardanimation\item_vfx_butterfly.b",124573,124573,77376,3377
"40D2E883AF32D84EAAD8E5D4215DF94BB5A1FE23","UNO_Data\StreamingAssets\preinstall\prefab\livefeature\05_cardanimation\item_vfx_confettis.b",104739,104739,66072,3378
"40D2E883AF32D84EAAD8E5D4215DF94BB5A1FE23","UNO_Data\StreamingAssets\preinstall\prefab\livefeature\05_cardanimation\item_vfx_cosy.b",114821,114821,72160,3379
"40D2E883AF32D84EAAD8E5D4215DF94BB5A1FE23","UNO_Data\StreamingAssets\preinstall\prefab\livefeature\05_cardanimation\item_vfx_electric.b",97730,97730,61793,3380
"40D2E883AF32D84EAAD8E5D4215DF94BB5A1FE23","UNO_Data\StreamingAssets\preinstall\prefab\livefeature\05_cardanimation\item_vfx_fireworks.b",185878,185878,111923,3381
"40D2E883AF32D84EAAD8E5D4215DF94BB5A1FE23","UNO_Data\StreamingAssets\preinstall\prefab\livefeature\05_cardanimation\item_vfx_flowers.b",86520,86520,53355,3382
"40D2E883AF32D84EAAD8E5D4215DF94BB5A1FE23","UNO_Data\StreamingAssets\preinstall\prefab\livefeature\05_cardanimation\item_vfx_galaxy.b",129295,129295,79804,3383
"40D2E883AF32D84EAAD8E5D4215DF94BB5A1FE23","UNO_Data\StreamingAssets\preinstall\prefab\livefeature\05_cardanimation\item_vfx_glitter.b",88273,88273,53603,3384
"40D2E883AF32D84EAAD8E5D4215DF94BB5A1FE23","UNO_Data\StreamingAssets\preinstall\prefab\livefeature\05_cardanimation\item_vfx_goldcoin.b",102026,102026,65562,3385
"40D2E883AF32D84EAAD8E5D4215DF94BB5A1FE23","UNO_Data\StreamingAssets\preinstall\prefab\livefeature\05_cardanimation\item_vfx_hightech.b",94417,94417,56118,3386
"40D2E883AF32D84EAAD8E5D4215DF94BB5A1FE23","UNO_Data\StreamingAssets\preinstall\prefab\livefeature\05_cardanimation\item_vfx_lapool.b",24245,24245,21379,3387
"40D2E883AF32D84EAAD8E5D4215DF94BB5A1FE23","UNO_Data\StreamingAssets\preinstall\prefab\livefeature\05_cardanimation\item_vfx_lightarcs.b",132309,132309,77915,3388
"40D2E883AF32D84EAAD8E5D4215DF94BB5A1FE23","UNO_Data\StreamingAssets\preinstall\prefab\livefeature\05_cardanimation\item_vfx_lightspots.b",111618,111618,69512,3389
"40D2E883AF32D84EAAD8E5D4215DF94BB5A1FE23","UNO_Data\StreamingAssets\preinstall\prefab\livefeature\05_cardanimation\item_vfx_lny.b",160396,160396,102323,3390
"40D2E883AF32D84EAAD8E5D4215DF94BB5A1FE23","UNO_Data\StreamingAssets\preinstall\prefab\livefeature\05_cardanimation\item_vfx_retroautumn.b",55266,55266,36036,3391
"40D2E883AF32D84EAAD8E5D4215DF94BB5A1FE23","UNO_Data\StreamingAssets\preinstall\prefab\livefeature\05_cardanimation\item_vfx_snowflake.b",121849,121849,76471,3392
"40D2E883AF32D84EAAD8E5D4215DF94BB5A1FE23","UNO_Data\StreamingAssets\preinstall\prefab\livefeature\05_cardanimation\item_vfx_sparks.b",95723,95723,61610,3393
"40D2E883AF32D84EAAD8E5D4215DF94BB5A1FE23","UNO_Data\StreamingAssets\preinstall\prefab\livefeature\05_cardanimation\item_vfx_stagelight.b",106703,106703,64549,3394
"40D2E883AF32D84EAAD8E5D4215DF94BB5A1FE23","UNO_Data\StreamingAssets\preinstall\prefab\livefeature\05_cardanimation\item_vfx_stars.b",94378,94378,59359,3395
"40D2E883AF32D84EAAD8E5D4215DF94BB5A1FE23","UNO_Data\StreamingAssets\preinstall\prefab\livefeature\05_cardanimation\item_vfx_steampunkcity.b",74473,74473,48720,3396
"40D2E883AF32D84EAAD8E5D4215DF94BB5A1FE23","UNO_Data\StreamingAssets\preinstall\prefab\livefeature\05_cardanimation\item_vfx_underwaterbio.b",1678263,1678263,950873,3397
"40D2E883AF32D84EAAD8E5D4215DF94BB5A1FE23","UNO_Data\StreamingAssets\preinstall\prefab\livefeature\boardcommon\active_player.b",5011,5011,4250,3398
"40D2E883AF32D84EAAD8E5D4215DF94BB5A1FE23","UNO_Data\StreamingAssets\preinstall\prefab\livefeature\boardcommon\arrow.b",3737,3737,3089,3399
"40D2E883AF32D84EAAD8E5D4215DF94BB5A1FE23","UNO_Data\StreamingAssets\preinstall\prefab\livefeature\boardcommon\background.b",39855,39855,22984,3400
"40D2E883AF32D84EAAD8E5D4215DF94BB5A1FE23","UNO_Data\StreamingAssets\preinstall\prefab\livefeature\boardcommon\calluno.b",31750,31750,15703,3401
"40D2E883AF32D84EAAD8E5D4215DF94BB5A1FE23","UNO_Data\StreamingAssets\preinstall\prefab\livefeature\boardcommon\cardanimation.b",49929,49929,32097,3402
"40D2E883AF32D84EAAD8E5D4215DF94BB5A1FE23","UNO_Data\StreamingAssets\preinstall\prefab\livefeature\boardcommon\carddeck.b",5034,5034,4178,3403
"40D2E883AF32D84EAAD8E5D4215DF94BB5A1FE23","UNO_Data\StreamingAssets\preinstall\prefab\livefeature\boardcommon\challenge_wilddraw4.b",3658,3658,3018,3404
"40D2E883AF32D84EAAD8E5D4215DF94BB5A1FE23","UNO_Data\StreamingAssets\preinstall\prefab\livefeature\boardcommon\deck_sfx.b",30056,30056,14303,3405
"40D2E883AF32D84EAAD8E5D4215DF94BB5A1FE23","UNO_Data\StreamingAssets\preinstall\prefab\livefeature\boardcommon\drawcards_animation.b",7086,7086,5926,3406
"40D2E883AF32D84EAAD8E5D4215DF94BB5A1FE23","UNO_Data\StreamingAssets\preinstall\prefab\livefeature\boardcommon\gfx.b",32154,32154,15735,3407
"40D2E883AF32D84EAAD8E5D4215DF94BB5A1FE23","UNO_Data\StreamingAssets\preinstall\prefab\livefeature\boardcommon\jump_in.b",12783,12783,10586,3408
"40D2E883AF32D84EAAD8E5D4215DF94BB5A1FE23","UNO_Data\StreamingAssets\preinstall\prefab\livefeature\boardcommon\popup.b",24153,24153,20744,3409
"40D2E883AF32D84EAAD8E5D4215DF94BB5A1FE23","UNO_Data\StreamingAssets\preinstall\prefab\livefeature\boardcommon\stacking.b",30159,30159,14407,3410
"40D2E883AF32D84EAAD8E5D4215DF94BB5A1FE23","UNO_Data\StreamingAssets\preinstall\prefab\livefeature\boardcommon\texturebackground.b",8770,8770,7382,3411
"40D2E883AF32D84EAAD8E5D4215DF94BB5A1FE23","UNO_Data\StreamingAssets\preinstall\prefab\livefeature\boardcommon\tutorial_arrow.b",3419,3419,2790,3412
"40D2E883AF32D84EAAD8E5D4215DF94BB5A1FE23","UNO_Data\StreamingAssets\preinstall\prefab\livefeature\boardcommon\voice_chat.b",4923,4923,4172,3413
"40D2E883AF32D84EAAD8E5D4215DF94BB5A1FE23","UNO_Data\StreamingAssets\preinstall\prefab\livefeature\boardcommon\cardanimation\draw2.b",4834,4834,4082,3414
"40D2E883AF32D84EAAD8E5D4215DF94BB5A1FE23","UNO_Data\StreamingAssets\preinstall\prefab\livefeature\boardcommon\cardanimation\joker.b",29183,29183,13488,3415
"40D2E883AF32D84EAAD8E5D4215DF94BB5A1FE23","UNO_Data\StreamingAssets\preinstall\prefab\livefeature\boardcommon\cardanimation\reverse.b",36575,36575,19407,3416
"40D2E883AF32D84EAAD8E5D4215DF94BB5A1FE23","UNO_Data\StreamingAssets\preinstall\prefab\livefeature\boardcommon\cardanimation\sevenzero.b",13889,13889,11826,3417
"40D2E883AF32D84EAAD8E5D4215DF94BB5A1FE23","UNO_Data\StreamingAssets\preinstall\prefab\livefeature\boardcommon\cardanimation\skip.b",4867,4867,4120,3418
"40D2E883AF32D84EAAD8E5D4215DF94BB5A1FE23","UNO_Data\StreamingAssets\preinstall\prefab\livefeature\boardcommon\classic_board\board_circle.b",4223,4223,3538,3419
"40D2E883AF32D84EAAD8E5D4215DF94BB5A1FE23","UNO_Data\StreamingAssets\preinstall\prefab\livefeature\boardcommon\classic_board\board_light.b",3104,3104,2435,3420
"40D2E883AF32D84EAAD8E5D4215DF94BB5A1FE23","UNO_Data\StreamingAssets\preinstall\prefab\livefeature\boardcommon\gfx\avater.b",31106,31106,15344,3421
"40D2E883AF32D84EAAD8E5D4215DF94BB5A1FE23","UNO_Data\StreamingAssets\preinstall\prefab\livefeature\boardcommon\texturebackground\screenshotmat.b",3248,3248,2665,3422
"40D2E883AF32D84EAAD8E5D4215DF94BB5A1FE23","UNO_Data\StreamingAssets\preinstall\prefab\menu\multiplayer_avatar.b",13084,13084,11282,3423
"40D2E883AF32D84EAAD8E5D4215DF94BB5A1FE23","UNO_Data\StreamingAssets\preinstall\prefab\menu\2d_assets\blob.b",8212,8212,6812,3424
"40D2E883AF32D84EAAD8E5D4215DF94BB5A1FE23","UNO_Data\StreamingAssets\preinstall\prefab\menu\2d_assets\prefabs.b",9332,9332,7798,3425
"40D2E883AF32D84EAAD8E5D4215DF94BB5A1FE23","UNO_Data\StreamingAssets\preinstall\prefab\menu\3d_assets\buttons.b",8660,8660,7292,3426
"40D2E883AF32D84EAAD8E5D4215DF94BB5A1FE23","UNO_Data\StreamingAssets\preinstall\prefab\menu\3d_assets\dlc.b",41441,41441,24200,3427
"40D2E883AF32D84EAAD8E5D4215DF94BB5A1FE23","UNO_Data\StreamingAssets\preinstall\prefab\menu\3d_assets\gameresult.b",28644,28644,13443,3428
"40D2E883AF32D84EAAD8E5D4215DF94BB5A1FE23","UNO_Data\StreamingAssets\preinstall\prefab\menu\3d_assets\helpandoptions.b",372661,372661,258197,3429
"40D2E883AF32D84EAAD8E5D4215DF94BB5A1FE23","UNO_Data\StreamingAssets\preinstall\prefab\menu\3d_assets\leaderboard.b",106885,106885,68546,3430
"40D2E883AF32D84EAAD8E5D4215DF94BB5A1FE23","UNO_Data\StreamingAssets\preinstall\prefab\menu\3d_assets\lobby.b",6333,6333,5090,3431
"40D2E883AF32D84EAAD8E5D4215DF94BB5A1FE23","UNO_Data\StreamingAssets\preinstall\prefab\menu\3d_assets\medalsystem.b",21772,21772,18347,3432
"40D2E883AF32D84EAAD8E5D4215DF94BB5A1FE23","UNO_Data\StreamingAssets\preinstall\prefab\menu\3d_assets\menu_cart.b",2335,2335,1859,3433
"40D2E883AF32D84EAAD8E5D4215DF94BB5A1FE23","UNO_Data\StreamingAssets\preinstall\prefab\menu\3d_assets\menu_item.b",41011,41011,34944,3434
"40D2E883AF32D84EAAD8E5D4215DF94BB5A1FE23","UNO_Data\StreamingAssets\preinstall\prefab\menu\3d_assets\menu_matchsetup_v2.b",78900,78900,62003,3435
"40D2E883AF32D84EAAD8E5D4215DF94BB5A1FE23","UNO_Data\StreamingAssets\preinstall\prefab\menu\3d_assets\menu_twitch.b",2333,2333,1858,3436
"40D2E883AF32D84EAAD8E5D4215DF94BB5A1FE23","UNO_Data\StreamingAssets\preinstall\prefab\menu\3d_assets\titlemission.b",118349,118349,86779,3437
"40D2E883AF32D84EAAD8E5D4215DF94BB5A1FE23","UNO_Data\StreamingAssets\preinstall\prefab\menu\3d_assets\dlc\effect.b",34557,34557,18048,3438
"40D2E883AF32D84EAAD8E5D4215DF94BB5A1FE23","UNO_Data\StreamingAssets\preinstall\prefab\menu\3d_assets\menucomponents\generalarrowswitcher.b",6075,6075,4950,3439
"40D2E883AF32D84EAAD8E5D4215DF94BB5A1FE23","UNO_Data\StreamingAssets\preinstall\prefab\menu\3d_assets\menucomponents\progressbar.b",6201,6201,5045,3440
"40D2E883AF32D84EAAD8E5D4215DF94BB5A1FE23","UNO_Data\StreamingAssets\preinstall\prefab\menu\3d_assets\menu_matchsetup_v2\mslegendprefabs.b",12518,12518,10823,3441
"40D2E883AF32D84EAAD8E5D4215DF94BB5A1FE23","UNO_Data\StreamingAssets\preinstall\prefab\menu\3d_assets\menu_matchsetup_v2\reowrk.b",721470,721470,483306,3442
"40D2E883AF32D84EAAD8E5D4215DF94BB5A1FE23","UNO_Data\StreamingAssets\preinstall\prefab\menu\3d_assets\menu_themepicker\prefabs.b",5773,5773,4682,3443
"40D2E883AF32D84EAAD8E5D4215DF94BB5A1FE23","UNO_Data\StreamingAssets\preinstall\prefab\menu\3d_assets\menu_themepicker\spawnedprefabs.b",8570,8570,7330,3444
"40D2E883AF32D84EAAD8E5D4215DF94BB5A1FE23","UNO_Data\StreamingAssets\preinstall\prefab\prefabs\cheatcontent.b",77650,77650,59856,3445
"40D2E883AF32D84EAAD8E5D4215DF94BB5A1FE23","UNO_Data\StreamingAssets\preinstall\prefab\prefabs\gamescene.b",596726,596726,410718,3446
"40D2E883AF32D84EAAD8E5D4215DF94BB5A1FE23","UNO_Data\StreamingAssets\preinstall\prefab\prefabs\playlink.b",19532,19532,17312,3447
"40D2E883AF32D84EAAD8E5D4215DF94BB5A1FE23","UNO_Data\StreamingAssets\preinstall\prefab\prefabs\teaser.b",6836,6836,5568,3448
"40D2E883AF32D84EAAD8E5D4215DF94BB5A1FE23","UNO_Data\StreamingAssets\preinstall\prefab\prefabs\gamescene\gamescene.b",202365,202365,144633,3449
"40D2E883AF32D84EAAD8E5D4215DF94BB5A1FE23","UNO_Data\StreamingAssets\preinstall\prefab\texture\emoteicons.b",3051,3051,2406,3450
"40D2E883AF32D84EAAD8E5D4215DF94BB5A1FE23","UNO_Data\StreamingAssets\preinstall\prefab\texture\hovl studio.b",67067,67067,40236,3451
"40D2E883AF32D84EAAD8E5D4215DF94BB5A1FE23","UNO_Data\StreamingAssets\preinstall\prefab\texture\hud.b",5529,5529,4474,3452
"40D2E883AF32D84EAAD8E5D4215DF94BB5A1FE23","UNO_Data\StreamingAssets\preinstall\prefab\texture\leaderboard.b",3582,3582,2835,3453
"40D2E883AF32D84EAAD8E5D4215DF94BB5A1FE23","UNO_Data\StreamingAssets\preinstall\prefab\texture\leaderboard_v2.b",3381,3381,2669,3454
"40D2E883AF32D84EAAD8E5D4215DF94BB5A1FE23","UNO_Data\StreamingAssets\preinstall\prefab\texture\matchend.b",3324,3324,2603,3455
"40D2E883AF32D84EAAD8E5D4215DF94BB5A1FE23","UNO_Data\StreamingAssets\preinstall\prefab\texture\matchinfo.b",3866,3866,3042,3456
"40D2E883AF32D84EAAD8E5D4215DF94BB5A1FE23","UNO_Data\StreamingAssets\preinstall\prefab\texture\medalsystem.b",3366,3366,2665,3457
"40D2E883AF32D84EAAD8E5D4215DF94BB5A1FE23","UNO_Data\StreamingAssets\preinstall\prefab\texture\missions.b",3459,3459,2754,3458
"40D2E883AF32D84EAAD8E5D4215DF94BB5A1FE23","UNO_Data\StreamingAssets\preinstall\prefab\texture\newpausemenu.b",3241,3241,2557,3459
"40D2E883AF32D84EAAD8E5D4215DF94BB5A1FE23","UNO_Data\StreamingAssets\preinstall\prefab\texture\pausemenu.b",7818,7818,6301,3460
"40D2E883AF32D84EAAD8E5D4215DF94BB5A1FE23","UNO_Data\StreamingAssets\preinstall\prefab\texture\popup.b",3080,3080,2424,3461
"40D2E883AF32D84EAAD8E5D4215DF94BB5A1FE23","UNO_Data\StreamingAssets\preinstall\prefab\texture\roundend.b",3192,3192,2517,3462
"40D2E883AF32D84EAAD8E5D4215DF94BB5A1FE23","UNO_Data\StreamingAssets\preinstall\prefab\texture\teaserpopuppage.b",3251,3251,2546,3463
"40D2E883AF32D84EAAD8E5D4215DF94BB5A1FE23","UNO_Data\StreamingAssets\preinstall\prefab\texture\themecarddescriptions.b",3828,3828,2986,3464
"40D2E883AF32D84EAAD8E5D4215DF94BB5A1FE23","UNO_Data\StreamingAssets\preinstall\prefab\texture\themecardexplainpopup.b",3197,3197,2509,3465
"40D2E883AF32D84EAAD8E5D4215DF94BB5A1FE23","UNO_Data\StreamingAssets\preinstall\prefab\texture\titlescreen.b",3116,3116,2444,3466
"40D2E883AF32D84EAAD8E5D4215DF94BB5A1FE23","UNO_Data\StreamingAssets\preinstall\prefab\texture\titlescreen_playlink.b",3424,3424,2703,3467
"40D2E883AF32D84EAAD8E5D4215DF94BB5A1FE23","UNO_Data\StreamingAssets\preinstall\prefab\texture\tutorial.b",3363,3363,2632,3468
"40D2E883AF32D84EAAD8E5D4215DF94BB5A1FE23","UNO_Data\StreamingAssets\preinstall\prefab\texture\tvtsplash.b",3291,3291,2591,3469
"40D2E883AF32D84EAAD8E5D4215DF94BB5A1FE23","UNO_Data\StreamingAssets\preinstall\prefab\theme\common.b",82506,82506,51987,3470
"40D2E883AF32D84EAAD8E5D4215DF94BB5A1FE23","UNO_Data\StreamingAssets\preinstall\prefab\theme\flip.b",2894,2894,2350,3471
"40D2E883AF32D84EAAD8E5D4215DF94BB5A1FE23","UNO_Data\StreamingAssets\preinstall\prefab\theme\brawlhalla\active_player.b",4989,4989,4241,3472
"40D2E883AF32D84EAAD8E5D4215DF94BB5A1FE23","UNO_Data\StreamingAssets\preinstall\prefab\theme\brawlhalla\arrow.b",4772,4772,3948,3473
"40D2E883AF32D84EAAD8E5D4215DF94BB5A1FE23","UNO_Data\StreamingAssets\preinstall\prefab\theme\brawlhalla\background.b",9792,9792,8198,3474
"40D2E883AF32D84EAAD8E5D4215DF94BB5A1FE23","UNO_Data\StreamingAssets\preinstall\prefab\theme\brawlhalla\calluno.b",31259,31259,15489,3475
"40D2E883AF32D84EAAD8E5D4215DF94BB5A1FE23","UNO_Data\StreamingAssets\preinstall\prefab\theme\brawlhalla\cardanimation.b",62193,62193,40861,3476
"40D2E883AF32D84EAAD8E5D4215DF94BB5A1FE23","UNO_Data\StreamingAssets\preinstall\prefab\theme\brawlhalla\carddeck.b",5013,5013,4161,3477
"40D2E883AF32D84EAAD8E5D4215DF94BB5A1FE23","UNO_Data\StreamingAssets\preinstall\prefab\theme\brawlhalla\challenge_wilddraw4.b",3624,3624,2970,3478
"40D2E883AF32D84EAAD8E5D4215DF94BB5A1FE23","UNO_Data\StreamingAssets\preinstall\prefab\theme\brawlhalla\deck_sfx.b",30643,30643,14414,3479
"40D2E883AF32D84EAAD8E5D4215DF94BB5A1FE23","UNO_Data\StreamingAssets\preinstall\prefab\theme\brawlhalla\drawcards_animation.b",7036,7036,5890,3480
"40D2E883AF32D84EAAD8E5D4215DF94BB5A1FE23","UNO_Data\StreamingAssets\preinstall\prefab\theme\brawlhalla\gfx.b",84514,84514,52338,3481
"40D2E883AF32D84EAAD8E5D4215DF94BB5A1FE23","UNO_Data\StreamingAssets\preinstall\prefab\theme\brawlhalla\jump_in.b",17688,17688,14707,3482
"40D2E883AF32D84EAAD8E5D4215DF94BB5A1FE23","UNO_Data\StreamingAssets\preinstall\prefab\theme\brawlhalla\popup.b",80036,80036,62669,3483
"40D2E883AF32D84EAAD8E5D4215DF94BB5A1FE23","UNO_Data\StreamingAssets\preinstall\prefab\theme\brawlhalla\stacking.b",30758,30758,14682,3484
"40D2E883AF32D84EAAD8E5D4215DF94BB5A1FE23","UNO_Data\StreamingAssets\preinstall\prefab\theme\brawlhalla\tutorial_arrow.b",3402,3402,2799,3485
"40D2E883AF32D84EAAD8E5D4215DF94BB5A1FE23","UNO_Data\StreamingAssets\preinstall\prefab\theme\brawlhalla\voice_chat.b",4922,4922,4171,3486
"40D2E883AF32D84EAAD8E5D4215DF94BB5A1FE23","UNO_Data\StreamingAssets\preinstall\prefab\theme\brawlhalla\cardanimation\draw2.b",32300,32300,16288,3487
"40D2E883AF32D84EAAD8E5D4215DF94BB5A1FE23","UNO_Data\StreamingAssets\preinstall\prefab\theme\brawlhalla\cardanimation\joker.b",29096,29096,13455,3488
"40D2E883AF32D84EAAD8E5D4215DF94BB5A1FE23","UNO_Data\StreamingAssets\preinstall\prefab\theme\brawlhalla\cardanimation\reverse.b",38752,38752,21231,3489
"40D2E883AF32D84EAAD8E5D4215DF94BB5A1FE23","UNO_Data\StreamingAssets\preinstall\prefab\theme\brawlhalla\cardanimation\sevenzero.b",42662,42662,25457,3490
"40D2E883AF32D84EAAD8E5D4215DF94BB5A1FE23","UNO_Data\StreamingAssets\preinstall\prefab\theme\brawlhalla\cardanimation\skip.b",32423,32423,16285,3491
"40D2E883AF32D84EAAD8E5D4215DF94BB5A1FE23","UNO_Data\StreamingAssets\preinstall\prefab\theme\brawlhalla\classic_board\board_circle.b",4265,4265,3583,3492
"40D2E883AF32D84EAAD8E5D4215DF94BB5A1FE23","UNO_Data\StreamingAssets\preinstall\prefab\theme\brawlhalla\classic_board\board_light.b",3107,3107,2477,3493
"40D2E883AF32D84EAAD8E5D4215DF94BB5A1FE23","UNO_Data\StreamingAssets\preinstall\prefab\theme\brawlhalla\gfx\avater.b",31207,31207,15417,3494
"40D2E883AF32D84EAAD8E5D4215DF94BB5A1FE23","UNO_Data\StreamingAssets\preinstall\prefab\theme\classic\active_player.b",4977,4977,4218,3495
"40D2E883AF32D84EAAD8E5D4215DF94BB5A1FE23","UNO_Data\StreamingAssets\preinstall\prefab\theme\classic\arrow.b",3715,3715,3059,3496
"40D2E883AF32D84EAAD8E5D4215DF94BB5A1FE23","UNO_Data\StreamingAssets\preinstall\prefab\theme\classic\background.b",39838,39838,22946,3497
"40D2E883AF32D84EAAD8E5D4215DF94BB5A1FE23","UNO_Data\StreamingAssets\preinstall\prefab\theme\classic\calluno.b",31823,31823,15675,3498
"40D2E883AF32D84EAAD8E5D4215DF94BB5A1FE23","UNO_Data\StreamingAssets\preinstall\prefab\theme\classic\cardanimation.b",58583,58583,38063,3499
"40D2E883AF32D84EAAD8E5D4215DF94BB5A1FE23","UNO_Data\StreamingAssets\preinstall\prefab\theme\classic\carddeck.b",4986,4986,4124,3500
"40D2E883AF32D84EAAD8E5D4215DF94BB5A1FE23","UNO_Data\StreamingAssets\preinstall\prefab\theme\classic\challenge_wilddraw4.b",3624,3624,2982,3501
"40D2E883AF32D84EAAD8E5D4215DF94BB5A1FE23","UNO_Data\StreamingAssets\preinstall\prefab\theme\classic\deck_sfx.b",30025,30025,14276,3502
"40D2E883AF32D84EAAD8E5D4215DF94BB5A1FE23","UNO_Data\StreamingAssets\preinstall\prefab\theme\classic\drawcards_animation.b",6992,6992,5869,3503
"40D2E883AF32D84EAAD8E5D4215DF94BB5A1FE23","UNO_Data\StreamingAssets\preinstall\prefab\theme\classic\gfx.b",85250,85250,52274,3504
"40D2E883AF32D84EAAD8E5D4215DF94BB5A1FE23","UNO_Data\StreamingAssets\preinstall\prefab\theme\classic\jump_in.b",20452,20452,17245,3505
"40D2E883AF32D84EAAD8E5D4215DF94BB5A1FE23","UNO_Data\StreamingAssets\preinstall\prefab\theme\classic\popup.b",80697,80697,62776,3506
"40D2E883AF32D84EAAD8E5D4215DF94BB5A1FE23","UNO_Data\StreamingAssets\preinstall\prefab\theme\classic\stacking.b",30669,30669,14668,3507
"40D2E883AF32D84EAAD8E5D4215DF94BB5A1FE23","UNO_Data\StreamingAssets\preinstall\prefab\theme\classic\tutorial_arrow.b",3405,3405,2770,3508
"40D2E883AF32D84EAAD8E5D4215DF94BB5A1FE23","UNO_Data\StreamingAssets\preinstall\prefab\theme\classic\voice_chat.b",4913,4913,4166,3509
"40D2E883AF32D84EAAD8E5D4215DF94BB5A1FE23","UNO_Data\StreamingAssets\preinstall\prefab\theme\classic\wildweeks.b",29682,29682,14255,3510
"40D2E883AF32D84EAAD8E5D4215DF94BB5A1FE23","UNO_Data\StreamingAssets\preinstall\prefab\theme\classic\wildweeks_arrows.b",3716,3716,3058,3511
"40D2E883AF32D84EAAD8E5D4215DF94BB5A1FE23","UNO_Data\StreamingAssets\preinstall\prefab\theme\classic\wildweeks_background.b",40878,40878,23842,3512
"40D2E883AF32D84EAAD8E5D4215DF94BB5A1FE23","UNO_Data\StreamingAssets\preinstall\prefab\theme\classic\cardanimation\draw2.b",4816,4816,4075,3513
"40D2E883AF32D84EAAD8E5D4215DF94BB5A1FE23","UNO_Data\StreamingAssets\preinstall\prefab\theme\classic\cardanimation\joker.b",29023,29023,13443,3514
"40D2E883AF32D84EAAD8E5D4215DF94BB5A1FE23","UNO_Data\StreamingAssets\preinstall\prefab\theme\classic\cardanimation\reverse.b",35834,35834,19088,3515
"40D2E883AF32D84EAAD8E5D4215DF94BB5A1FE23","UNO_Data\StreamingAssets\preinstall\prefab\theme\classic\cardanimation\sevenzero.b",13891,13891,11807,3516
"40D2E883AF32D84EAAD8E5D4215DF94BB5A1FE23","UNO_Data\StreamingAssets\preinstall\prefab\theme\classic\cardanimation\skip.b",4851,4851,4108,3517
"40D2E883AF32D84EAAD8E5D4215DF94BB5A1FE23","UNO_Data\StreamingAssets\preinstall\prefab\theme\classic\classic_board\board_circle.b",4236,4236,3554,3518
"40D2E883AF32D84EAAD8E5D4215DF94BB5A1FE23","UNO_Data\StreamingAssets\preinstall\prefab\theme\classic\classic_board\board_light.b",3099,3099,2466,3519
"40D2E883AF32D84EAAD8E5D4215DF94BB5A1FE23","UNO_Data\StreamingAssets\preinstall\prefab\theme\classic\gfx\avater.b",31700,31700,15479,3520
"40D2E883AF32D84EAAD8E5D4215DF94BB5A1FE23","UNO_Data\StreamingAssets\preinstall\prefab\theme\classic\wildweeks_background\board_circle.b",4227,4227,3545,3521
"40D2E883AF32D84EAAD8E5D4215DF94BB5A1FE23","UNO_Data\StreamingAssets\preinstall\prefab\theme\classic\wildweeks_background\board_light.b",3098,3098,2450,3522
"40D2E883AF32D84EAAD8E5D4215DF94BB5A1FE23","UNO_Data\StreamingAssets\preinstall\prefab\theme\common\buttons.b",13421,13421,11140,3523
"40D2E883AF32D84EAAD8E5D4215DF94BB5A1FE23","UNO_Data\StreamingAssets\preinstall\prefab\theme\common\cards.b",52248,52248,37915,3524
"40D2E883AF32D84EAAD8E5D4215DF94BB5A1FE23","UNO_Data\StreamingAssets\preinstall\prefab\theme\common\colorblind.b",4342,4342,3531,3525
"40D2E883AF32D84EAAD8E5D4215DF94BB5A1FE23","UNO_Data\StreamingAssets\preinstall\prefab\theme\common\gfx.b",33246,33246,17265,3526
"40D2E883AF32D84EAAD8E5D4215DF94BB5A1FE23","UNO_Data\StreamingAssets\preinstall\prefab\theme\common\menu_bg_sfx.b",29472,29472,14053,3527
"40D2E883AF32D84EAAD8E5D4215DF94BB5A1FE23","UNO_Data\StreamingAssets\preinstall\prefab\theme\common\preparecalluno.b",4246,4246,3465,3528
"40D2E883AF32D84EAAD8E5D4215DF94BB5A1FE23","UNO_Data\StreamingAssets\preinstall\prefab\theme\common\touch_screen.b",5114,5114,4270,3529
"40D2E883AF32D84EAAD8E5D4215DF94BB5A1FE23","UNO_Data\StreamingAssets\preinstall\prefab\theme\common\animation\loading.b",3504,3504,2880,3530
"40D2E883AF32D84EAAD8E5D4215DF94BB5A1FE23","UNO_Data\StreamingAssets\preinstall\prefab\theme\common\animation\match_end.b",3857,3857,3195,3531
"40D2E883AF32D84EAAD8E5D4215DF94BB5A1FE23","UNO_Data\StreamingAssets\preinstall\prefab\theme\common\animation\menu_bg.b",3393,3393,2782,3532
"40D2E883AF32D84EAAD8E5D4215DF94BB5A1FE23","UNO_Data\StreamingAssets\preinstall\prefab\theme\common\animation\timer.b",3405,3405,2782,3533
"40D2E883AF32D84EAAD8E5D4215DF94BB5A1FE23","UNO_Data\StreamingAssets\preinstall\prefab\theme\common\cardcoveringeffect\colorchangeeffect.b",31123,31123,15306,3534
"40D2E883AF32D84EAAD8E5D4215DF94BB5A1FE23","UNO_Data\StreamingAssets\preinstall\prefab\theme\common\cardcoveringeffect\flashlighteffect.b",3010,3010,2465,3535
"40D2E883AF32D84EAAD8E5D4215DF94BB5A1FE23","UNO_Data\StreamingAssets\preinstall\prefab\theme\common\cardcoveringeffect\lineartransitioneffect.b",3368,3368,2739,3536
"40D2E883AF32D84EAAD8E5D4215DF94BB5A1FE23","UNO_Data\StreamingAssets\preinstall\prefab\theme\common\colorblind\materials.b",4371,4371,3568,3537
"40D2E883AF32D84EAAD8E5D4215DF94BB5A1FE23","UNO_Data\StreamingAssets\preinstall\prefab\theme\common\gfx\unlocking_theme.b",37769,37769,21243,3538
"40D2E883AF32D84EAAD8E5D4215DF94BB5A1FE23","UNO_Data\StreamingAssets\preinstall\prefab\theme\common\gfx\unlocking_titles.b",29169,29169,13516,3539
"40D2E883AF32D84EAAD8E5D4215DF94BB5A1FE23","UNO_Data\StreamingAssets\preinstall\prefab\theme\common\gfx\visualenhance.b",80752,80752,49644,3540
"40D2E883AF32D84EAAD8E5D4215DF94BB5A1FE23","UNO_Data\StreamingAssets\preinstall\prefab\theme\common\mesh\mirror.b",3901,3901,2980,3541
"40D2E883AF32D84EAAD8E5D4215DF94BB5A1FE23","UNO_Data\StreamingAssets\preinstall\prefab\theme\farcry\active_player.b",4984,4984,4206,3542
"40D2E883AF32D84EAAD8E5D4215DF94BB5A1FE23","UNO_Data\StreamingAssets\preinstall\prefab\theme\farcry\arrow.b",3751,3751,3106,3543
"40D2E883AF32D84EAAD8E5D4215DF94BB5A1FE23","UNO_Data\StreamingAssets\preinstall\prefab\theme\farcry\background.b",59913,59913,39359,3544
"40D2E883AF32D84EAAD8E5D4215DF94BB5A1FE23","UNO_Data\StreamingAssets\preinstall\prefab\theme\farcry\calluno.b",35850,35850,19719,3545
"40D2E883AF32D84EAAD8E5D4215DF94BB5A1FE23","UNO_Data\StreamingAssets\preinstall\prefab\theme\farcry\cardanimation.b",49557,49557,31971,3546
"40D2E883AF32D84EAAD8E5D4215DF94BB5A1FE23","UNO_Data\StreamingAssets\preinstall\prefab\theme\farcry\carddeck.b",4992,4992,4138,3547
"40D2E883AF32D84EAAD8E5D4215DF94BB5A1FE23","UNO_Data\StreamingAssets\preinstall\prefab\theme\farcry\challenge_wilddraw4.b",3653,3653,3002,3548
"40D2E883AF32D84EAAD8E5D4215DF94BB5A1FE23","UNO_Data\StreamingAssets\preinstall\prefab\theme\farcry\deck_sfx.b",30654,30654,14528,3549
"40D2E883AF32D84EAAD8E5D4215DF94BB5A1FE23","UNO_Data\StreamingAssets\preinstall\prefab\theme\farcry\drawcards_animation.b",4832,4832,4088,3550
"40D2E883AF32D84EAAD8E5D4215DF94BB5A1FE23","UNO_Data\StreamingAssets\preinstall\prefab\theme\farcry\gfx.b",39479,39479,22852,3551
"40D2E883AF32D84EAAD8E5D4215DF94BB5A1FE23","UNO_Data\StreamingAssets\preinstall\prefab\theme\farcry\jump_in.b",17132,17132,14185,3552
"40D2E883AF32D84EAAD8E5D4215DF94BB5A1FE23","UNO_Data\StreamingAssets\preinstall\prefab\theme\farcry\popup.b",34486,34486,28871,3553
"40D2E883AF32D84EAAD8E5D4215DF94BB5A1FE23","UNO_Data\StreamingAssets\preinstall\prefab\theme\farcry\stacking.b",30654,30654,14586,3554
"40D2E883AF32D84EAAD8E5D4215DF94BB5A1FE23","UNO_Data\StreamingAssets\preinstall\prefab\theme\farcry\tutorial_arrow.b",3405,3405,2808,3555
"40D2E883AF32D84EAAD8E5D4215DF94BB5A1FE23","UNO_Data\StreamingAssets\preinstall\prefab\theme\farcry\voice_chat.b",4917,4917,4162,3556
"40D2E883AF32D84EAAD8E5D4215DF94BB5A1FE23","UNO_Data\StreamingAssets\preinstall\prefab\theme\farcry\cardanimation\draw2.b",4829,4829,4078,3557
"40D2E883AF32D84EAAD8E5D4215DF94BB5A1FE23","UNO_Data\StreamingAssets\preinstall\prefab\theme\farcry\cardanimation\joker.b",29195,29195,13525,3558
"40D2E883AF32D84EAAD8E5D4215DF94BB5A1FE23","UNO_Data\StreamingAssets\preinstall\prefab\theme\farcry\cardanimation\reverse.b",35891,35891,19156,3559
"40D2E883AF32D84EAAD8E5D4215DF94BB5A1FE23","UNO_Data\StreamingAssets\preinstall\prefab\theme\farcry\cardanimation\sevenzero.b",13869,13869,11795,3560
"40D2E883AF32D84EAAD8E5D4215DF94BB5A1FE23","UNO_Data\StreamingAssets\preinstall\prefab\theme\farcry\cardanimation\skip.b",4831,4831,4103,3561
"40D2E883AF32D84EAAD8E5D4215DF94BB5A1FE23","UNO_Data\StreamingAssets\preinstall\prefab\theme\farcry\cardanimation\themecard_sfx.b",43884,43884,26762,3562
"40D2E883AF32D84EAAD8E5D4215DF94BB5A1FE23","UNO_Data\StreamingAssets\preinstall\prefab\theme\farcry\farcry_board\phone.b",3348,3348,2753,3563
"40D2E883AF32D84EAAD8E5D4215DF94BB5A1FE23","UNO_Data\StreamingAssets\preinstall\prefab\theme\farcry\popup\texture.b",3851,3851,3068,3564
"40D2E883AF32D84EAAD8E5D4215DF94BB5A1FE23","UNO_Data\StreamingAssets\preinstall\prefab\theme\fiftyanniversary\active_player.b",5023,5023,4264,3565
"40D2E883AF32D84EAAD8E5D4215DF94BB5A1FE23","UNO_Data\StreamingAssets\preinstall\prefab\theme\fiftyanniversary\arrow.b",3736,3736,3082,3566
"40D2E883AF32D84EAAD8E5D4215DF94BB5A1FE23","UNO_Data\StreamingAssets\preinstall\prefab\theme\fiftyanniversary\background.b",81587,81587,54809,3567
"40D2E883AF32D84EAAD8E5D4215DF94BB5A1FE23","UNO_Data\StreamingAssets\preinstall\prefab\theme\fiftyanniversary\calluno.b",31834,31834,15727,3568
"40D2E883AF32D84EAAD8E5D4215DF94BB5A1FE23","UNO_Data\StreamingAssets\preinstall\prefab\theme\fiftyanniversary\cardanimation.b",49856,49856,31971,3569
"40D2E883AF32D84EAAD8E5D4215DF94BB5A1FE23","UNO_Data\StreamingAssets\preinstall\prefab\theme\fiftyanniversary\carddeck.b",5008,5008,4154,3570
"40D2E883AF32D84EAAD8E5D4215DF94BB5A1FE23","UNO_Data\StreamingAssets\preinstall\prefab\theme\fiftyanniversary\challenge_wilddraw4.b",8002,8002,6617,3571
"40D2E883AF32D84EAAD8E5D4215DF94BB5A1FE23","UNO_Data\StreamingAssets\preinstall\prefab\theme\fiftyanniversary\deck_sfx.b",30659,30659,14470,3572
"40D2E883AF32D84EAAD8E5D4215DF94BB5A1FE23","UNO_Data\StreamingAssets\preinstall\prefab\theme\fiftyanniversary\drawcards_animation.b",4836,4836,4094,3573
"40D2E883AF32D84EAAD8E5D4215DF94BB5A1FE23","UNO_Data\StreamingAssets\preinstall\prefab\theme\fiftyanniversary\gfx.b",53556,53556,32205,3574
"40D2E883AF32D84EAAD8E5D4215DF94BB5A1FE23","UNO_Data\StreamingAssets\preinstall\prefab\theme\fiftyanniversary\ingametextures.b",3078,3078,2434,3575
"40D2E883AF32D84EAAD8E5D4215DF94BB5A1FE23","UNO_Data\StreamingAssets\preinstall\prefab\theme\fiftyanniversary\jump_in.b",17161,17161,14254,3576
"40D2E883AF32D84EAAD8E5D4215DF94BB5A1FE23","UNO_Data\StreamingAssets\preinstall\prefab\theme\fiftyanniversary\popup.b",38335,38335,31859,3577
"40D2E883AF32D84EAAD8E5D4215DF94BB5A1FE23","UNO_Data\StreamingAssets\preinstall\prefab\theme\fiftyanniversary\stacking.b",30144,30144,14427,3578
"40D2E883AF32D84EAAD8E5D4215DF94BB5A1FE23","UNO_Data\StreamingAssets\preinstall\prefab\theme\fiftyanniversary\animation\theme_picker.b",30927,30927,15134,3579
"40D2E883AF32D84EAAD8E5D4215DF94BB5A1FE23","UNO_Data\StreamingAssets\preinstall\prefab\theme\fiftyanniversary\cardanimation\draw2.b",4884,4884,4108,3580
"40D2E883AF32D84EAAD8E5D4215DF94BB5A1FE23","UNO_Data\StreamingAssets\preinstall\prefab\theme\fiftyanniversary\cardanimation\joker.b",29211,29211,13834,3581
"40D2E883AF32D84EAAD8E5D4215DF94BB5A1FE23","UNO_Data\StreamingAssets\preinstall\prefab\theme\fiftyanniversary\cardanimation\reverse.b",36117,36117,19147,3582
"40D2E883AF32D84EAAD8E5D4215DF94BB5A1FE23","UNO_Data\StreamingAssets\preinstall\prefab\theme\fiftyanniversary\cardanimation\sevenzero.b",13897,13897,11820,3583
"40D2E883AF32D84EAAD8E5D4215DF94BB5A1FE23","UNO_Data\StreamingAssets\preinstall\prefab\theme\fiftyanniversary\cardanimation\skip.b",4920,4920,4169,3584
"40D2E883AF32D84EAAD8E5D4215DF94BB5A1FE23","UNO_Data\StreamingAssets\preinstall\prefab\theme\fiftyanniversary\cardanimation\themecard_sfx.b",49422,49422,30499,3585
"40D2E883AF32D84EAAD8E5D4215DF94BB5A1FE23","UNO_Data\StreamingAssets\preinstall\prefab\theme\fiftyanniversary\fx\fx_anim.b",3401,3401,2789,3586
"40D2E883AF32D84EAAD8E5D4215DF94BB5A1FE23","UNO_Data\StreamingAssets\preinstall\prefab\theme\fiftyanniversary\popup\texture.b",3277,3277,2587,3587
"40D2E883AF32D84EAAD8E5D4215DF94BB5A1FE23","UNO_Data\StreamingAssets\preinstall\prefab\theme\flip\active_player.b",4970,4970,4230,3588
"40D2E883AF32D84EAAD8E5D4215DF94BB5A1FE23","UNO_Data\StreamingAssets\preinstall\prefab\theme\flip\altboard.b",41427,41427,24266,3589
"40D2E883AF32D84EAAD8E5D4215DF94BB5A1FE23","UNO_Data\StreamingAssets\preinstall\prefab\theme\flip\arrow.b",3730,3730,3069,3590
"40D2E883AF32D84EAAD8E5D4215DF94BB5A1FE23","UNO_Data\StreamingAssets\preinstall\prefab\theme\flip\background.b",46323,46323,27151,3591
"40D2E883AF32D84EAAD8E5D4215DF94BB5A1FE23","UNO_Data\StreamingAssets\preinstall\prefab\theme\flip\calluno.b",31657,31657,15564,3592
"40D2E883AF32D84EAAD8E5D4215DF94BB5A1FE23","UNO_Data\StreamingAssets\preinstall\prefab\theme\flip\cardanimation.b",51410,51410,32931,3593
"40D2E883AF32D84EAAD8E5D4215DF94BB5A1FE23","UNO_Data\StreamingAssets\preinstall\prefab\theme\flip\carddeck.b",4997,4997,4144,3594
"40D2E883AF32D84EAAD8E5D4215DF94BB5A1FE23","UNO_Data\StreamingAssets\preinstall\prefab\theme\flip\cards.b",8670,8670,7011,3595
"40D2E883AF32D84EAAD8E5D4215DF94BB5A1FE23","UNO_Data\StreamingAssets\preinstall\prefab\theme\flip\challenge_wilddraw4.b",3672,3672,3021,3596
"40D2E883AF32D84EAAD8E5D4215DF94BB5A1FE23","UNO_Data\StreamingAssets\preinstall\prefab\theme\flip\deck_sfx.b",30128,30128,14314,3597
"40D2E883AF32D84EAAD8E5D4215DF94BB5A1FE23","UNO_Data\StreamingAssets\preinstall\prefab\theme\flip\drawcards_animation.b",4487,4487,3765,3598
"40D2E883AF32D84EAAD8E5D4215DF94BB5A1FE23","UNO_Data\StreamingAssets\preinstall\prefab\theme\flip\gfx.b",31793,31793,15756,3599
"40D2E883AF32D84EAAD8E5D4215DF94BB5A1FE23","UNO_Data\StreamingAssets\preinstall\prefab\theme\flip\jump_in.b",17138,17138,14293,3600
"40D2E883AF32D84EAAD8E5D4215DF94BB5A1FE23","UNO_Data\StreamingAssets\preinstall\prefab\theme\flip\popup.b",24163,24163,20645,3601
"40D2E883AF32D84EAAD8E5D4215DF94BB5A1FE23","UNO_Data\StreamingAssets\preinstall\prefab\theme\flip\stacking.b",30162,30162,14404,3602
"40D2E883AF32D84EAAD8E5D4215DF94BB5A1FE23","UNO_Data\StreamingAssets\preinstall\prefab\theme\flip\voice_chat.b",4921,4921,4164,3603
"40D2E883AF32D84EAAD8E5D4215DF94BB5A1FE23","UNO_Data\StreamingAssets\preinstall\prefab\theme\flip\altboard\background.b",13087,13087,11014,3604
"40D2E883AF32D84EAAD8E5D4215DF94BB5A1FE23","UNO_Data\StreamingAssets\preinstall\prefab\theme\flip\animation\theme_picker.b",33356,33356,16419,3605
"40D2E883AF32D84EAAD8E5D4215DF94BB5A1FE23","UNO_Data\StreamingAssets\preinstall\prefab\theme\flip\cardanimation\draw2.b",5206,5206,4410,3606
"40D2E883AF32D84EAAD8E5D4215DF94BB5A1FE23","UNO_Data\StreamingAssets\preinstall\prefab\theme\flip\cardanimation\joker.b",29207,29207,13568,3607
"40D2E883AF32D84EAAD8E5D4215DF94BB5A1FE23","UNO_Data\StreamingAssets\preinstall\prefab\theme\flip\cardanimation\reverse.b",35278,35278,18938,3608
"40D2E883AF32D84EAAD8E5D4215DF94BB5A1FE23","UNO_Data\StreamingAssets\preinstall\prefab\theme\flip\cardanimation\sevenzero.b",10479,10479,8922,3609
"40D2E883AF32D84EAAD8E5D4215DF94BB5A1FE23","UNO_Data\StreamingAssets\preinstall\prefab\theme\flip\cardanimation\skip.b",5597,5597,4767,3610
"40D2E883AF32D84EAAD8E5D4215DF94BB5A1FE23","UNO_Data\StreamingAssets\preinstall\prefab\theme\godmonster\active_player.b",35222,35222,18412,3611
"40D2E883AF32D84EAAD8E5D4215DF94BB5A1FE23","UNO_Data\StreamingAssets\preinstall\prefab\theme\godmonster\arrow.b",3712,3712,3070,3612
"40D2E883AF32D84EAAD8E5D4215DF94BB5A1FE23","UNO_Data\StreamingAssets\preinstall\prefab\theme\godmonster\background.b",113457,113457,74023,3613
"40D2E883AF32D84EAAD8E5D4215DF94BB5A1FE23","UNO_Data\StreamingAssets\preinstall\prefab\theme\godmonster\calluno.b",31223,31223,15461,3614
"40D2E883AF32D84EAAD8E5D4215DF94BB5A1FE23","UNO_Data\StreamingAssets\preinstall\prefab\theme\godmonster\cardanimation.b",49529,49529,31304,3615
"40D2E883AF32D84EAAD8E5D4215DF94BB5A1FE23","UNO_Data\StreamingAssets\preinstall\prefab\theme\godmonster\carddeck.b",5003,5003,4143,3616
"40D2E883AF32D84EAAD8E5D4215DF94BB5A1FE23","UNO_Data\StreamingAssets\preinstall\prefab\theme\godmonster\challenge_wilddraw4.b",4042,4042,3378,3617
"40D2E883AF32D84EAAD8E5D4215DF94BB5A1FE23","UNO_Data\StreamingAssets\preinstall\prefab\theme\godmonster\deck_sfx.b",30067,30067,14300,3618
"40D2E883AF32D84EAAD8E5D4215DF94BB5A1FE23","UNO_Data\StreamingAssets\preinstall\prefab\theme\godmonster\didnt_calluno.b",3639,3639,2997,3619
"40D2E883AF32D84EAAD8E5D4215DF94BB5A1FE23","UNO_Data\StreamingAssets\preinstall\prefab\theme\godmonster\drawcards_animation.b",4517,4517,3804,3620
"40D2E883AF32D84EAAD8E5D4215DF94BB5A1FE23","UNO_Data\StreamingAssets\preinstall\prefab\theme\godmonster\gfx.b",110041,110041,68507,3621
"40D2E883AF32D84EAAD8E5D4215DF94BB5A1FE23","UNO_Data\StreamingAssets\preinstall\prefab\theme\godmonster\ingametextures.b",4109,4109,3261,3622
"40D2E883AF32D84EAAD8E5D4215DF94BB5A1FE23","UNO_Data\StreamingAssets\preinstall\prefab\theme\godmonster\jump_in.b",17157,17157,14339,3623
"40D2E883AF32D84EAAD8E5D4215DF94BB5A1FE23","UNO_Data\StreamingAssets\preinstall\prefab\theme\godmonster\popup.b",122860,122860,83667,3624
"40D2E883AF32D84EAAD8E5D4215DF94BB5A1FE23","UNO_Data\StreamingAssets\preinstall\prefab\theme\godmonster\stacking.b",30811,30811,14673,3625
"40D2E883AF32D84EAAD8E5D4215DF94BB5A1FE23","UNO_Data\StreamingAssets\preinstall\prefab\theme\godmonster\themepicker.b",30567,30567,14815,3626
"40D2E883AF32D84EAAD8E5D4215DF94BB5A1FE23","UNO_Data\StreamingAssets\preinstall\prefab\theme\godmonster\tutorial_arrow.b",3408,3408,2795,3627
"40D2E883AF32D84EAAD8E5D4215DF94BB5A1FE23","UNO_Data\StreamingAssets\preinstall\prefab\theme\godmonster\voice_chat.b",4866,4866,4116,3628
"40D2E883AF32D84EAAD8E5D4215DF94BB5A1FE23","UNO_Data\StreamingAssets\preinstall\prefab\theme\godmonster\animation\theme_picker.b",30617,30617,14845,3629
"40D2E883AF32D84EAAD8E5D4215DF94BB5A1FE23","UNO_Data\StreamingAssets\preinstall\prefab\theme\godmonster\cardanimation\draw2.b",4821,4821,4081,3630
"40D2E883AF32D84EAAD8E5D4215DF94BB5A1FE23","UNO_Data\StreamingAssets\preinstall\prefab\theme\godmonster\cardanimation\joker.b",29150,29150,13448,3631
"40D2E883AF32D84EAAD8E5D4215DF94BB5A1FE23","UNO_Data\StreamingAssets\preinstall\prefab\theme\godmonster\cardanimation\reverse.b",35677,35677,18651,3632
"40D2E883AF32D84EAAD8E5D4215DF94BB5A1FE23","UNO_Data\StreamingAssets\preinstall\prefab\theme\godmonster\cardanimation\sevenzero.b",13874,13874,11772,3633
"40D2E883AF32D84EAAD8E5D4215DF94BB5A1FE23","UNO_Data\StreamingAssets\preinstall\prefab\theme\godmonster\cardanimation\skip.b",4838,4838,4113,3634
"40D2E883AF32D84EAAD8E5D4215DF94BB5A1FE23","UNO_Data\StreamingAssets\preinstall\prefab\theme\godmonster\cardanimation\themecard_sfx.b",49989,49989,30330,3635
"40D2E883AF32D84EAAD8E5D4215DF94BB5A1FE23","UNO_Data\StreamingAssets\preinstall\prefab\theme\godmonster\fx\animation.b",4612,4612,3899,3636
"40D2E883AF32D84EAAD8E5D4215DF94BB5A1FE23","UNO_Data\StreamingAssets\preinstall\prefab\theme\godmonster\godmonster_board\botanyatlas.b",5115,5115,4410,3637
"40D2E883AF32D84EAAD8E5D4215DF94BB5A1FE23","UNO_Data\StreamingAssets\preinstall\prefab\theme\godmonster\godmonster_board\crystal.b",2861,2861,2322,3638
"40D2E883AF32D84EAAD8E5D4215DF94BB5A1FE23","UNO_Data\StreamingAssets\preinstall\prefab\theme\godmonster\godmonster_board\flower.b",3256,3256,2674,3639
"40D2E883AF32D84EAAD8E5D4215DF94BB5A1FE23","UNO_Data\StreamingAssets\preinstall\prefab\theme\godmonster\godmonster_board\godmonsterarena.b",3621,3621,3022,3640
"40D2E883AF32D84EAAD8E5D4215DF94BB5A1FE23","UNO_Data\StreamingAssets\preinstall\prefab\theme\godmonster\godmonster_board\grass.b",2950,2950,2408,3641
"40D2E883AF32D84EAAD8E5D4215DF94BB5A1FE23","UNO_Data\StreamingAssets\preinstall\prefab\theme\godmonster\godmonster_board\leaves.b",2883,2883,2349,3642
"40D2E883AF32D84EAAD8E5D4215DF94BB5A1FE23","UNO_Data\StreamingAssets\preinstall\prefab\theme\godmonster\godmonster_board\mushroom.b",58982,58982,32504,3643
"40D2E883AF32D84EAAD8E5D4215DF94BB5A1FE23","UNO_Data\StreamingAssets\preinstall\prefab\theme\godmonster\godmonster_board\templeruins.b",3251,3251,2682,3644
"40D2E883AF32D84EAAD8E5D4215DF94BB5A1FE23","UNO_Data\StreamingAssets\preinstall\prefab\theme\justdance\arrow.b",3716,3716,3077,3645
"40D2E883AF32D84EAAD8E5D4215DF94BB5A1FE23","UNO_Data\StreamingAssets\preinstall\prefab\theme\justdance\background.b",49016,49016,31105,3646
"40D2E883AF32D84EAAD8E5D4215DF94BB5A1FE23","UNO_Data\StreamingAssets\preinstall\prefab\theme\justdance\calluno.b",31224,31224,15475,3647
"40D2E883AF32D84EAAD8E5D4215DF94BB5A1FE23","UNO_Data\StreamingAssets\preinstall\prefab\theme\justdance\cardanimation.b",49107,49107,30994,3648
"40D2E883AF32D84EAAD8E5D4215DF94BB5A1FE23","UNO_Data\StreamingAssets\preinstall\prefab\theme\justdance\carddeck.b",5020,5020,4144,3649
"40D2E883AF32D84EAAD8E5D4215DF94BB5A1FE23","UNO_Data\StreamingAssets\preinstall\prefab\theme\justdance\challenge_wilddraw4.b",4043,4043,3362,3650
"40D2E883AF32D84EAAD8E5D4215DF94BB5A1FE23","UNO_Data\StreamingAssets\preinstall\prefab\theme\justdance\deck_sfx.b",30762,30762,14961,3651
"40D2E883AF32D84EAAD8E5D4215DF94BB5A1FE23","UNO_Data\StreamingAssets\preinstall\prefab\theme\justdance\didnt_calluno.b",3608,3608,2993,3652
"40D2E883AF32D84EAAD8E5D4215DF94BB5A1FE23","UNO_Data\StreamingAssets\preinstall\prefab\theme\justdance\drawcards_animation.b",4504,4504,3798,3653
"40D2E883AF32D84EAAD8E5D4215DF94BB5A1FE23","UNO_Data\StreamingAssets\preinstall\prefab\theme\justdance\gfx.b",31616,31616,15500,3654
"40D2E883AF32D84EAAD8E5D4215DF94BB5A1FE23","UNO_Data\StreamingAssets\preinstall\prefab\theme\justdance\jump_in.b",17674,17674,14682,3655
"40D2E883AF32D84EAAD8E5D4215DF94BB5A1FE23","UNO_Data\StreamingAssets\preinstall\prefab\theme\justdance\popup.b",24118,24118,20743,3656
"40D2E883AF32D84EAAD8E5D4215DF94BB5A1FE23","UNO_Data\StreamingAssets\preinstall\prefab\theme\justdance\stacking.b",30818,30818,14724,3657
"40D2E883AF32D84EAAD8E5D4215DF94BB5A1FE23","UNO_Data\StreamingAssets\preinstall\prefab\theme\justdance\tutorial_arrow.b",3451,3451,2825,3658
"40D2E883AF32D84EAAD8E5D4215DF94BB5A1FE23","UNO_Data\StreamingAssets\preinstall\prefab\theme\justdance\voice_chat.b",4852,4852,4104,3659
"40D2E883AF32D84EAAD8E5D4215DF94BB5A1FE23","UNO_Data\StreamingAssets\preinstall\prefab\theme\justdance\animation\theme_picker.b",31159,31159,15326,3660
"40D2E883AF32D84EAAD8E5D4215DF94BB5A1FE23","UNO_Data\StreamingAssets\preinstall\prefab\theme\justdance\cardanimation\crossfade.b",28024,28024,12988,3661
"40D2E883AF32D84EAAD8E5D4215DF94BB5A1FE23","UNO_Data\StreamingAssets\preinstall\prefab\theme\justdance\cardanimation\draw2.b",4843,4843,4089,3662
"40D2E883AF32D84EAAD8E5D4215DF94BB5A1FE23","UNO_Data\StreamingAssets\preinstall\prefab\theme\justdance\cardanimation\getdown.b",4617,4617,3703,3663
"40D2E883AF32D84EAAD8E5D4215DF94BB5A1FE23","UNO_Data\StreamingAssets\preinstall\prefab\theme\justdance\cardanimation\hotnumber.b",32491,32491,16322,3664
"40D2E883AF32D84EAAD8E5D4215DF94BB5A1FE23","UNO_Data\StreamingAssets\preinstall\prefab\theme\justdance\cardanimation\invader's_experiment.b",4596,4596,3694,3665
"40D2E883AF32D84EAAD8E5D4215DF94BB5A1FE23","UNO_Data\StreamingAssets\preinstall\prefab\theme\justdance\cardanimation\joker.b",29120,29120,13434,3666
"40D2E883AF32D84EAAD8E5D4215DF94BB5A1FE23","UNO_Data\StreamingAssets\preinstall\prefab\theme\justdance\cardanimation\reverse.b",35910,35910,19147,3667
"40D2E883AF32D84EAAD8E5D4215DF94BB5A1FE23","UNO_Data\StreamingAssets\preinstall\prefab\theme\justdance\cardanimation\sevenzero.b",14065,14065,12016,3668
"40D2E883AF32D84EAAD8E5D4215DF94BB5A1FE23","UNO_Data\StreamingAssets\preinstall\prefab\theme\justdance\cardanimation\skip.b",4863,4863,4105,3669
"40D2E883AF32D84EAAD8E5D4215DF94BB5A1FE23","UNO_Data\StreamingAssets\preinstall\prefab\theme\justdance\cardanimation\themecard_sfx.b",33556,33556,17535,3670
"40D2E883AF32D84EAAD8E5D4215DF94BB5A1FE23","UNO_Data\StreamingAssets\preinstall\prefab\theme\livefeature\active_player.b",4992,4992,4234,3671
"40D2E883AF32D84EAAD8E5D4215DF94BB5A1FE23","UNO_Data\StreamingAssets\preinstall\prefab\theme\livefeature\arrow.b",3709,3709,3065,3672
"40D2E883AF32D84EAAD8E5D4215DF94BB5A1FE23","UNO_Data\StreamingAssets\preinstall\prefab\theme\livefeature\background.b",40087,40087,23258,3673
"40D2E883AF32D84EAAD8E5D4215DF94BB5A1FE23","UNO_Data\StreamingAssets\preinstall\prefab\theme\livefeature\calluno.b",31203,31203,15456,3674
"40D2E883AF32D84EAAD8E5D4215DF94BB5A1FE23","UNO_Data\StreamingAssets\preinstall\prefab\theme\livefeature\cardanimation.b",49830,49830,31972,3675
"40D2E883AF32D84EAAD8E5D4215DF94BB5A1FE23","UNO_Data\StreamingAssets\preinstall\prefab\theme\livefeature\carddeck.b",4996,4996,4149,3676
"40D2E883AF32D84EAAD8E5D4215DF94BB5A1FE23","UNO_Data\StreamingAssets\preinstall\prefab\theme\livefeature\challenge_wilddraw4.b",3643,3643,2998,3677
"40D2E883AF32D84EAAD8E5D4215DF94BB5A1FE23","UNO_Data\StreamingAssets\preinstall\prefab\theme\livefeature\deck_sfx.b",30047,30047,14278,3678
"40D2E883AF32D84EAAD8E5D4215DF94BB5A1FE23","UNO_Data\StreamingAssets\preinstall\prefab\theme\livefeature\drawcards_animation.b",7045,7045,5914,3679
"40D2E883AF32D84EAAD8E5D4215DF94BB5A1FE23","UNO_Data\StreamingAssets\preinstall\prefab\theme\livefeature\jump_in.b",17652,17652,14670,3680
"40D2E883AF32D84EAAD8E5D4215DF94BB5A1FE23","UNO_Data\StreamingAssets\preinstall\prefab\theme\livefeature\popup.b",24108,24108,20547,3681
"40D2E883AF32D84EAAD8E5D4215DF94BB5A1FE23","UNO_Data\StreamingAssets\preinstall\prefab\theme\livefeature\stacking.b",30674,30674,14685,3682
"40D2E883AF32D84EAAD8E5D4215DF94BB5A1FE23","UNO_Data\StreamingAssets\preinstall\prefab\theme\livefeature\tutorial_arrow.b",3416,3416,2802,3683
"40D2E883AF32D84EAAD8E5D4215DF94BB5A1FE23","UNO_Data\StreamingAssets\preinstall\prefab\theme\livefeature\voice_chat.b",4935,4935,4199,3684
"40D2E883AF32D84EAAD8E5D4215DF94BB5A1FE23","UNO_Data\StreamingAssets\preinstall\prefab\theme\livefeature\cardanimation\draw2.b",4838,4838,4080,3685
"40D2E883AF32D84EAAD8E5D4215DF94BB5A1FE23","UNO_Data\StreamingAssets\preinstall\prefab\theme\livefeature\cardanimation\joker.b",29187,29187,13867,3686
"40D2E883AF32D84EAAD8E5D4215DF94BB5A1FE23","UNO_Data\StreamingAssets\preinstall\prefab\theme\livefeature\cardanimation\reverse.b",36558,36558,19418,3687
"40D2E883AF32D84EAAD8E5D4215DF94BB5A1FE23","UNO_Data\StreamingAssets\preinstall\prefab\theme\livefeature\cardanimation\sevenzero.b",13877,13877,11867,3688
"40D2E883AF32D84EAAD8E5D4215DF94BB5A1FE23","UNO_Data\StreamingAssets\preinstall\prefab\theme\livefeature\cardanimation\skip.b",4838,4838,4100,3689
"40D2E883AF32D84EAAD8E5D4215DF94BB5A1FE23","UNO_Data\StreamingAssets\preinstall\prefab\theme\livefeature\classic_board\board_circle.b",4241,4241,3562,3690
"40D2E883AF32D84EAAD8E5D4215DF94BB5A1FE23","UNO_Data\StreamingAssets\preinstall\prefab\theme\livefeature\classic_board\board_light.b",3106,3106,2458,3691
"40D2E883AF32D84EAAD8E5D4215DF94BB5A1FE23","UNO_Data\StreamingAssets\preinstall\prefab\theme\livefeature\gfx\avater.b",31770,31770,15625,3692
"40D2E883AF32D84EAAD8E5D4215DF94BB5A1FE23","UNO_Data\StreamingAssets\preinstall\prefab\theme\memphis\active_player.b",4997,4997,4241,3693
"40D2E883AF32D84EAAD8E5D4215DF94BB5A1FE23","UNO_Data\StreamingAssets\preinstall\prefab\theme\memphis\arrow.b",3736,3736,3090,3694
"40D2E883AF32D84EAAD8E5D4215DF94BB5A1FE23","UNO_Data\StreamingAssets\preinstall\prefab\theme\memphis\background.b",49703,49703,29135,3695
"40D2E883AF32D84EAAD8E5D4215DF94BB5A1FE23","UNO_Data\StreamingAssets\preinstall\prefab\theme\memphis\calluno.b",31813,31813,15576,3696
"40D2E883AF32D84EAAD8E5D4215DF94BB5A1FE23","UNO_Data\StreamingAssets\preinstall\prefab\theme\memphis\cardanimation.b",70115,70115,47238,3697
"40D2E883AF32D84EAAD8E5D4215DF94BB5A1FE23","UNO_Data\StreamingAssets\preinstall\prefab\theme\memphis\carddeck.b",5009,5009,4144,3698
"40D2E883AF32D84EAAD8E5D4215DF94BB5A1FE23","UNO_Data\StreamingAssets\preinstall\prefab\theme\memphis\challenge_wilddraw4.b",3639,3639,2995,3699
"40D2E883AF32D84EAAD8E5D4215DF94BB5A1FE23","UNO_Data\StreamingAssets\preinstall\prefab\theme\memphis\deck_sfx.b",30133,30133,14303,3700
"40D2E883AF32D84EAAD8E5D4215DF94BB5A1FE23","UNO_Data\StreamingAssets\preinstall\prefab\theme\memphis\drawcards_animation.b",7036,7036,5893,3701
"40D2E883AF32D84EAAD8E5D4215DF94BB5A1FE23","UNO_Data\StreamingAssets\preinstall\prefab\theme\memphis\gfx.b",33350,33350,17261,3702
"40D2E883AF32D84EAAD8E5D4215DF94BB5A1FE23","UNO_Data\StreamingAssets\preinstall\prefab\theme\memphis\jump_in.b",17636,17636,14752,3703
"40D2E883AF32D84EAAD8E5D4215DF94BB5A1FE23","UNO_Data\StreamingAssets\preinstall\prefab\theme\memphis\popup.b",35664,35664,29965,3704
"40D2E883AF32D84EAAD8E5D4215DF94BB5A1FE23","UNO_Data\StreamingAssets\preinstall\prefab\theme\memphis\prefabs.b",163982,163982,112318,3705
"40D2E883AF32D84EAAD8E5D4215DF94BB5A1FE23","UNO_Data\StreamingAssets\preinstall\prefab\theme\memphis\speed_play.b",12233,12233,10150,3706
"40D2E883AF32D84EAAD8E5D4215DF94BB5A1FE23","UNO_Data\StreamingAssets\preinstall\prefab\theme\memphis\stacking.b",30161,30161,14447,3707
"40D2E883AF32D84EAAD8E5D4215DF94BB5A1FE23","UNO_Data\StreamingAssets\preinstall\prefab\theme\memphis\themepicker.b",2931,2931,2385,3708
"40D2E883AF32D84EAAD8E5D4215DF94BB5A1FE23","UNO_Data\StreamingAssets\preinstall\prefab\theme\memphis\tutorial_arrow.b",3412,3412,2789,3709
"40D2E883AF32D84EAAD8E5D4215DF94BB5A1FE23","UNO_Data\StreamingAssets\preinstall\prefab\theme\memphis\voice_chat.b",4909,4909,4158,3710
"40D2E883AF32D84EAAD8E5D4215DF94BB5A1FE23","UNO_Data\StreamingAssets\preinstall\prefab\theme\memphis\animation\theme_picker.b",1759,1759,1423,3711
"40D2E883AF32D84EAAD8E5D4215DF94BB5A1FE23","UNO_Data\StreamingAssets\preinstall\prefab\theme\memphis\background\vfx.b",35861,35861,18539,3712
"40D2E883AF32D84EAAD8E5D4215DF94BB5A1FE23","UNO_Data\StreamingAssets\preinstall\prefab\theme\memphis\cardanimation\draw2.b",4810,4810,4065,3713
"40D2E883AF32D84EAAD8E5D4215DF94BB5A1FE23","UNO_Data\StreamingAssets\preinstall\prefab\theme\memphis\cardanimation\joker.b",29031,29031,13429,3714
"40D2E883AF32D84EAAD8E5D4215DF94BB5A1FE23","UNO_Data\StreamingAssets\preinstall\prefab\theme\memphis\cardanimation\reverse.b",36169,36169,19219,3715
"40D2E883AF32D84EAAD8E5D4215DF94BB5A1FE23","UNO_Data\StreamingAssets\preinstall\prefab\theme\memphis\cardanimation\sevenzero.b",13907,13907,11920,3716
"40D2E883AF32D84EAAD8E5D4215DF94BB5A1FE23","UNO_Data\StreamingAssets\preinstall\prefab\theme\memphis\cardanimation\skip.b",4846,4846,4106,3717
"40D2E883AF32D84EAAD8E5D4215DF94BB5A1FE23","UNO_Data\StreamingAssets\preinstall\prefab\theme\memphis\cardanimation\themecards_gfx.b",66157,66157,38096,3718
"40D2E883AF32D84EAAD8E5D4215DF94BB5A1FE23","UNO_Data\StreamingAssets\preinstall\prefab\theme\memphis\classic_board\board_circle.b",4215,4215,3539,3719
"40D2E883AF32D84EAAD8E5D4215DF94BB5A1FE23","UNO_Data\StreamingAssets\preinstall\prefab\theme\memphis\classic_board\board_light.b",3105,3105,2456,3720
"40D2E883AF32D84EAAD8E5D4215DF94BB5A1FE23","UNO_Data\StreamingAssets\preinstall\prefab\theme\memphis\gfx\avater.b",31100,31100,15336,3721
"40D2E883AF32D84EAAD8E5D4215DF94BB5A1FE23","UNO_Data\StreamingAssets\preinstall\prefab\theme\memphis\gfx\pointtaken.b",82945,82945,48349,3722
"40D2E883AF32D84EAAD8E5D4215DF94BB5A1FE23","UNO_Data\StreamingAssets\preinstall\prefab\theme\memphis\gfx_fx\linkrainbow.b",71909,71909,38876,3723
"40D2E883AF32D84EAAD8E5D4215DF94BB5A1FE23","UNO_Data\StreamingAssets\preinstall\prefab\theme\memphis\gfx_fx\pileupedgeglow.b",30025,30025,14521,3724
"40D2E883AF32D84EAAD8E5D4215DF94BB5A1FE23","UNO_Data\StreamingAssets\preinstall\prefab\theme\memphis\gfx_fx\prefab.b",107576,107576,65191,3725
"40D2E883AF32D84EAAD8E5D4215DF94BB5A1FE23","UNO_Data\StreamingAssets\preinstall\prefab\theme\memphis\popup\texture.b",3674,3674,2898,3726
"40D2E883AF32D84EAAD8E5D4215DF94BB5A1FE23","UNO_Data\StreamingAssets\preinstall\prefab\theme\memphis\prefabs\linkrainbowrenamed.b",74200,74200,41106,3727
"40D2E883AF32D84EAAD8E5D4215DF94BB5A1FE23","UNO_Data\StreamingAssets\preinstall\prefab\theme\nomercy\active_player.b",4997,4997,4245,3728
"40D2E883AF32D84EAAD8E5D4215DF94BB5A1FE23","UNO_Data\StreamingAssets\preinstall\prefab\theme\nomercy\arrow.b",4292,4292,3599,3729
"40D2E883AF32D84EAAD8E5D4215DF94BB5A1FE23","UNO_Data\StreamingAssets\preinstall\prefab\theme\nomercy\background.b",9929,9929,8304,3730
"40D2E883AF32D84EAAD8E5D4215DF94BB5A1FE23","UNO_Data\StreamingAssets\preinstall\prefab\theme\nomercy\calluno.b",31716,31716,15728,3731
"40D2E883AF32D84EAAD8E5D4215DF94BB5A1FE23","UNO_Data\StreamingAssets\preinstall\prefab\theme\nomercy\cardanimation.b",120499,120499,82838,3732
"40D2E883AF32D84EAAD8E5D4215DF94BB5A1FE23","UNO_Data\StreamingAssets\preinstall\prefab\theme\nomercy\carddeck.b",5009,5009,4178,3733
"40D2E883AF32D84EAAD8E5D4215DF94BB5A1FE23","UNO_Data\StreamingAssets\preinstall\prefab\theme\nomercy\deck_sfx.b",30064,30064,14316,3734
"40D2E883AF32D84EAAD8E5D4215DF94BB5A1FE23","UNO_Data\StreamingAssets\preinstall\prefab\theme\nomercy\drawcards_animation.b",7010,7010,5871,3735
"40D2E883AF32D84EAAD8E5D4215DF94BB5A1FE23","UNO_Data\StreamingAssets\preinstall\prefab\theme\nomercy\gfx.b",35423,35423,18591,3736
"40D2E883AF32D84EAAD8E5D4215DF94BB5A1FE23","UNO_Data\StreamingAssets\preinstall\prefab\theme\nomercy\jump_in.b",17638,17638,14619,3737
"40D2E883AF32D84EAAD8E5D4215DF94BB5A1FE23","UNO_Data\StreamingAssets\preinstall\prefab\theme\nomercy\popup.b",30035,30035,25931,3738
"40D2E883AF32D84EAAD8E5D4215DF94BB5A1FE23","UNO_Data\StreamingAssets\preinstall\prefab\theme\nomercy\prefabs.b",378060,378060,263933,3739
"40D2E883AF32D84EAAD8E5D4215DF94BB5A1FE23","UNO_Data\StreamingAssets\preinstall\prefab\theme\nomercy\stacking.b",30178,30178,14411,3740
"40D2E883AF32D84EAAD8E5D4215DF94BB5A1FE23","UNO_Data\StreamingAssets\preinstall\prefab\theme\nomercy\tutorial_arrow.b",3411,3411,2808,3741
"40D2E883AF32D84EAAD8E5D4215DF94BB5A1FE23","UNO_Data\StreamingAssets\preinstall\prefab\theme\nomercy\vfx.b",135213,135213,92209,3742
"40D2E883AF32D84EAAD8E5D4215DF94BB5A1FE23","UNO_Data\StreamingAssets\preinstall\prefab\theme\nomercy\voice_chat.b",4909,4909,4190,3743
"40D2E883AF32D84EAAD8E5D4215DF94BB5A1FE23","UNO_Data\StreamingAssets\preinstall\prefab\theme\nomercy\animation\theme_picker.b",33553,33553,17379,3744
"40D2E883AF32D84EAAD8E5D4215DF94BB5A1FE23","UNO_Data\StreamingAssets\preinstall\prefab\theme\nomercy\cardanimation\draw2.b",5242,5242,4351,3745
"40D2E883AF32D84EAAD8E5D4215DF94BB5A1FE23","UNO_Data\StreamingAssets\preinstall\prefab\theme\nomercy\cardanimation\draw4.b",4720,4720,3983,3746
"40D2E883AF32D84EAAD8E5D4215DF94BB5A1FE23","UNO_Data\StreamingAssets\preinstall\prefab\theme\nomercy\cardanimation\joker.b",28902,28902,13424,3747
"40D2E883AF32D84EAAD8E5D4215DF94BB5A1FE23","UNO_Data\StreamingAssets\preinstall\prefab\theme\nomercy\cardanimation\reverse.b",36075,36075,19139,3748
"40D2E883AF32D84EAAD8E5D4215DF94BB5A1FE23","UNO_Data\StreamingAssets\preinstall\prefab\theme\nomercy\cardanimation\sevenzero.b",14084,14084,12047,3749
"40D2E883AF32D84EAAD8E5D4215DF94BB5A1FE23","UNO_Data\StreamingAssets\preinstall\prefab\theme\nomercy\cardanimation\skip.b",5893,5893,5075,3750
"40D2E883AF32D84EAAD8E5D4215DF94BB5A1FE23","UNO_Data\StreamingAssets\preinstall\prefab\theme\nomercy\cardanimation\themecards_gfx.b",66926,66926,38481,3751
"40D2E883AF32D84EAAD8E5D4215DF94BB5A1FE23","UNO_Data\StreamingAssets\preinstall\prefab\theme\nomercy\classic_board\board_circle.b",4251,4251,3556,3752
"40D2E883AF32D84EAAD8E5D4215DF94BB5A1FE23","UNO_Data\StreamingAssets\preinstall\prefab\theme\nomercy\classic_board\board_light.b",3126,3126,2473,3753
"40D2E883AF32D84EAAD8E5D4215DF94BB5A1FE23","UNO_Data\StreamingAssets\preinstall\prefab\theme\nomercy\gfx\avater.b",31611,31611,15526,3754
"40D2E883AF32D84EAAD8E5D4215DF94BB5A1FE23","UNO_Data\StreamingAssets\preinstall\prefab\theme\nomercy\popup\texture - new.b",4091,4091,3227,3755
"40D2E883AF32D84EAAD8E5D4215DF94BB5A1FE23","UNO_Data\StreamingAssets\preinstall\prefab\theme\nomercy\vfx\actioncards.b",3087,3087,2550,3756
"40D2E883AF32D84EAAD8E5D4215DF94BB5A1FE23","UNO_Data\StreamingAssets\preinstall\prefab\theme\nomercy\vfx\ash pile.b",30925,30925,14919,3757
"40D2E883AF32D84EAAD8E5D4215DF94BB5A1FE23","UNO_Data\StreamingAssets\preinstall\prefab\theme\nomercy\vfx\card splash.b",254883,254883,136172,3758
"40D2E883AF32D84EAAD8E5D4215DF94BB5A1FE23","UNO_Data\StreamingAssets\preinstall\prefab\theme\nomercy\vfx\draw lightning.b",48716,48716,27903,3759
"40D2E883AF32D84EAAD8E5D4215DF94BB5A1FE23","UNO_Data\StreamingAssets\preinstall\prefab\theme\nomercy\vfx\mercy knockout.b",78325,78325,48220,3760
"40D2E883AF32D84EAAD8E5D4215DF94BB5A1FE23","UNO_Data\StreamingAssets\preinstall\prefab\theme\nomercy\vfx\victory.b",82279,82279,49890,3761
"40D2E883AF32D84EAAD8E5D4215DF94BB5A1FE23","UNO_Data\StreamingAssets\preinstall\prefab\theme\party\active_player.b",4994,4994,4232,3762
"40D2E883AF32D84EAAD8E5D4215DF94BB5A1FE23","UNO_Data\StreamingAssets\preinstall\prefab\theme\party\arrow.b",3724,3724,3072,3763
"40D2E883AF32D84EAAD8E5D4215DF94BB5A1FE23","UNO_Data\StreamingAssets\preinstall\prefab\theme\party\background.b",24119213,24119213,22457327,3764
"40D2E883AF32D84EAAD8E5D4215DF94BB5A1FE23","UNO_Data\StreamingAssets\preinstall\prefab\theme\party\calluno.b",31732,31732,15701,3765
"40D2E883AF32D84EAAD8E5D4215DF94BB5A1FE23","UNO_Data\StreamingAssets\preinstall\prefab\theme\party\cardanimation.b",70853,70853,47099,3766
"40D2E883AF32D84EAAD8E5D4215DF94BB5A1FE23","UNO_Data\StreamingAssets\preinstall\prefab\theme\party\carddeck.b",5036,5036,4164,3767
"40D2E883AF32D84EAAD8E5D4215DF94BB5A1FE23","UNO_Data\StreamingAssets\preinstall\prefab\theme\party\challenge_wilddraw4.b",3644,3644,2977,3768
"40D2E883AF32D84EAAD8E5D4215DF94BB5A1FE23","UNO_Data\StreamingAssets\preinstall\prefab\theme\party\deck_sfx.b",30117,30117,14322,3769
"40D2E883AF32D84EAAD8E5D4215DF94BB5A1FE23","UNO_Data\StreamingAssets\preinstall\prefab\theme\party\drawcards_animation.b",7032,7032,5882,3770
"40D2E883AF32D84EAAD8E5D4215DF94BB5A1FE23","UNO_Data\StreamingAssets\preinstall\prefab\theme\party\gfx.b",33321,33321,16801,3771
"40D2E883AF32D84EAAD8E5D4215DF94BB5A1FE23","UNO_Data\StreamingAssets\preinstall\prefab\theme\party\jump_in.b",17688,17688,14839,3772
"40D2E883AF32D84EAAD8E5D4215DF94BB5A1FE23","UNO_Data\StreamingAssets\preinstall\prefab\theme\party\musicnotes.b",28035,28035,12511,3773
"40D2E883AF32D84EAAD8E5D4215DF94BB5A1FE23","UNO_Data\StreamingAssets\preinstall\prefab\theme\party\popup.b",125178,125178,48407,3774
"40D2E883AF32D84EAAD8E5D4215DF94BB5A1FE23","UNO_Data\StreamingAssets\preinstall\prefab\theme\party\prefabs.b",800644,800644,545375,3775
"40D2E883AF32D84EAAD8E5D4215DF94BB5A1FE23","UNO_Data\StreamingAssets\preinstall\prefab\theme\party\speed_play.b",12207,12207,10119,3776
"40D2E883AF32D84EAAD8E5D4215DF94BB5A1FE23","UNO_Data\StreamingAssets\preinstall\prefab\theme\party\stacking.b",30167,30167,14418,3777
"40D2E883AF32D84EAAD8E5D4215DF94BB5A1FE23","UNO_Data\StreamingAssets\preinstall\prefab\theme\party\themepicker.b",2914,2914,2386,3778
"40D2E883AF32D84EAAD8E5D4215DF94BB5A1FE23","UNO_Data\StreamingAssets\preinstall\prefab\theme\party\tutorial_arrow.b",3400,3400,2761,3779
"40D2E883AF32D84EAAD8E5D4215DF94BB5A1FE23","UNO_Data\StreamingAssets\preinstall\prefab\theme\party\voice_chat.b",4936,4936,4173,3780
"40D2E883AF32D84EAAD8E5D4215DF94BB5A1FE23","UNO_Data\StreamingAssets\preinstall\prefab\theme\party\animation\theme_picker.b",32895,32895,16203,3781
"40D2E883AF32D84EAAD8E5D4215DF94BB5A1FE23","UNO_Data\StreamingAssets\preinstall\prefab\theme\party\background\vfx.b",36272,36272,18600,3782
"40D2E883AF32D84EAAD8E5D4215DF94BB5A1FE23","UNO_Data\StreamingAssets\preinstall\prefab\theme\party\cardanimation\draw2.b",4831,4831,4091,3783
"40D2E883AF32D84EAAD8E5D4215DF94BB5A1FE23","UNO_Data\StreamingAssets\preinstall\prefab\theme\party\cardanimation\joker.b",29232,29232,13877,3784
"40D2E883AF32D84EAAD8E5D4215DF94BB5A1FE23","UNO_Data\StreamingAssets\preinstall\prefab\theme\party\cardanimation\reverse.b",35551,35551,19024,3785
"40D2E883AF32D84EAAD8E5D4215DF94BB5A1FE23","UNO_Data\StreamingAssets\preinstall\prefab\theme\party\cardanimation\sevenzero.b",13875,13875,11759,3786
"40D2E883AF32D84EAAD8E5D4215DF94BB5A1FE23","UNO_Data\StreamingAssets\preinstall\prefab\theme\party\cardanimation\skip.b",4850,4850,4101,3787
"40D2E883AF32D84EAAD8E5D4215DF94BB5A1FE23","UNO_Data\StreamingAssets\preinstall\prefab\theme\party\cardanimation\themecards_gfx.b",66993,66993,38556,3788
"40D2E883AF32D84EAAD8E5D4215DF94BB5A1FE23","UNO_Data\StreamingAssets\preinstall\prefab\theme\party\classic_board\board_circle.b",4225,4225,3556,3789
"40D2E883AF32D84EAAD8E5D4215DF94BB5A1FE23","UNO_Data\StreamingAssets\preinstall\prefab\theme\party\classic_board\board_light.b",3081,3081,2438,3790
"40D2E883AF32D84EAAD8E5D4215DF94BB5A1FE23","UNO_Data\StreamingAssets\preinstall\prefab\theme\party\gfx\avater.b",31601,31601,15586,3791
"40D2E883AF32D84EAAD8E5D4215DF94BB5A1FE23","UNO_Data\StreamingAssets\preinstall\prefab\theme\party\gfx\pointtaken.b",5558,5558,4337,3792
"40D2E883AF32D84EAAD8E5D4215DF94BB5A1FE23","UNO_Data\StreamingAssets\preinstall\prefab\theme\party\gfx_fx\linkrainbow.b",72635,72635,39356,3793
"40D2E883AF32D84EAAD8E5D4215DF94BB5A1FE23","UNO_Data\StreamingAssets\preinstall\prefab\theme\party\gfx_fx\pileupedgeglow.b",29973,29973,14196,3794
"40D2E883AF32D84EAAD8E5D4215DF94BB5A1FE23","UNO_Data\StreamingAssets\preinstall\prefab\theme\party\gfx_fx\prefab.b",107105,107105,65447,3795
"40D2E883AF32D84EAAD8E5D4215DF94BB5A1FE23","UNO_Data\StreamingAssets\preinstall\prefab\theme\party\popup\texture - new.b",4085,4085,3227,3796
"40D2E883AF32D84EAAD8E5D4215DF94BB5A1FE23","UNO_Data\StreamingAssets\preinstall\prefab\theme\party\popup\texture.b",3668,3668,2894,3797
"40D2E883AF32D84EAAD8E5D4215DF94BB5A1FE23","UNO_Data\StreamingAssets\preinstall\prefab\theme\party\prefabs\linkrainbowrenamed.b",75494,75494,41139,3798
"40D2E883AF32D84EAAD8E5D4215DF94BB5A1FE23","UNO_Data\StreamingAssets\preinstall\prefab\theme\rabbids\active_player.b",4989,4989,4239,3799
"40D2E883AF32D84EAAD8E5D4215DF94BB5A1FE23","UNO_Data\StreamingAssets\preinstall\prefab\theme\rabbids\arrow.b",3732,3732,3088,3800
"40D2E883AF32D84EAAD8E5D4215DF94BB5A1FE23","UNO_Data\StreamingAssets\preinstall\prefab\theme\rabbids\background.b",41297,41297,23997,3801
"40D2E883AF32D84EAAD8E5D4215DF94BB5A1FE23","UNO_Data\StreamingAssets\preinstall\prefab\theme\rabbids\calluno.b",31278,31278,15517,3802
"40D2E883AF32D84EAAD8E5D4215DF94BB5A1FE23","UNO_Data\StreamingAssets\preinstall\prefab\theme\rabbids\cardanimation.b",50084,50084,32576,3803
"40D2E883AF32D84EAAD8E5D4215DF94BB5A1FE23","UNO_Data\StreamingAssets\preinstall\prefab\theme\rabbids\carddeck.b",5012,5012,4154,3804
"40D2E883AF32D84EAAD8E5D4215DF94BB5A1FE23","UNO_Data\StreamingAssets\preinstall\prefab\theme\rabbids\challenge_wilddraw4.b",3642,3642,3000,3805
"40D2E883AF32D84EAAD8E5D4215DF94BB5A1FE23","UNO_Data\StreamingAssets\preinstall\prefab\theme\rabbids\deck_sfx.b",30568,30568,14323,3806
"40D2E883AF32D84EAAD8E5D4215DF94BB5A1FE23","UNO_Data\StreamingAssets\preinstall\prefab\theme\rabbids\drawcards_animation.b",3726,3726,3088,3807
"40D2E883AF32D84EAAD8E5D4215DF94BB5A1FE23","UNO_Data\StreamingAssets\preinstall\prefab\theme\rabbids\gfx.b",31438,31438,15533,3808
"40D2E883AF32D84EAAD8E5D4215DF94BB5A1FE23","UNO_Data\StreamingAssets\preinstall\prefab\theme\rabbids\jump_in.b",15477,15477,13096,3809
"40D2E883AF32D84EAAD8E5D4215DF94BB5A1FE23","UNO_Data\StreamingAssets\preinstall\prefab\theme\rabbids\popup.b",24094,24094,20525,3810
"40D2E883AF32D84EAAD8E5D4215DF94BB5A1FE23","UNO_Data\StreamingAssets\preinstall\prefab\theme\rabbids\rabbids_board.b",3556,3556,2931,3811
"40D2E883AF32D84EAAD8E5D4215DF94BB5A1FE23","UNO_Data\StreamingAssets\preinstall\prefab\theme\rabbids\stacking.b",30847,30847,14720,3812
"40D2E883AF32D84EAAD8E5D4215DF94BB5A1FE23","UNO_Data\StreamingAssets\preinstall\prefab\theme\rabbids\themeanimation.b",71855,71855,50443,3813
"40D2E883AF32D84EAAD8E5D4215DF94BB5A1FE23","UNO_Data\StreamingAssets\preinstall\prefab\theme\rabbids\animation\explosion.b",29470,29470,13803,3814
"40D2E883AF32D84EAAD8E5D4215DF94BB5A1FE23","UNO_Data\StreamingAssets\preinstall\prefab\theme\rabbids\animation\theme_picker.b",30979,30979,14880,3815
"40D2E883AF32D84EAAD8E5D4215DF94BB5A1FE23","UNO_Data\StreamingAssets\preinstall\prefab\theme\rabbids\cardanimation\draw2.b",4836,4836,4078,3816
"40D2E883AF32D84EAAD8E5D4215DF94BB5A1FE23","UNO_Data\StreamingAssets\preinstall\prefab\theme\rabbids\cardanimation\joker.b",29119,29119,13500,3817
"40D2E883AF32D84EAAD8E5D4215DF94BB5A1FE23","UNO_Data\StreamingAssets\preinstall\prefab\theme\rabbids\cardanimation\reverse.b",36206,36206,19151,3818
"40D2E883AF32D84EAAD8E5D4215DF94BB5A1FE23","UNO_Data\StreamingAssets\preinstall\prefab\theme\rabbids\cardanimation\sevenzero.b",13783,13783,11741,3819
"40D2E883AF32D84EAAD8E5D4215DF94BB5A1FE23","UNO_Data\StreamingAssets\preinstall\prefab\theme\rabbids\cardanimation\skip.b",4864,4864,4121,3820
"40D2E883AF32D84EAAD8E5D4215DF94BB5A1FE23","UNO_Data\StreamingAssets\preinstall\prefab\theme\rabbids\cardanimation\themecard_sfx.b",31044,31044,15058,3821
"40D2E883AF32D84EAAD8E5D4215DF94BB5A1FE23","UNO_Data\StreamingAssets\preinstall\prefab\theme\rabbids\themeanimation\comingthrough.b",3922,3922,3287,3822
"40D2E883AF32D84EAAD8E5D4215DF94BB5A1FE23","UNO_Data\StreamingAssets\preinstall\prefab\theme\rabbids\themeanimation\wildblueyonder.b",4131,4131,3446,3823
"40D2E883AF32D84EAAD8E5D4215DF94BB5A1FE23","UNO_Data\StreamingAssets\preinstall\prefab\theme\rayman\active_player.b",34111,34111,17763,3824
"40D2E883AF32D84EAAD8E5D4215DF94BB5A1FE23","UNO_Data\StreamingAssets\preinstall\prefab\theme\rayman\arrow.b",3707,3707,3066,3825
"40D2E883AF32D84EAAD8E5D4215DF94BB5A1FE23","UNO_Data\StreamingAssets\preinstall\prefab\theme\rayman\background.b",77085,77085,51029,3826
"40D2E883AF32D84EAAD8E5D4215DF94BB5A1FE23","UNO_Data\StreamingAssets\preinstall\prefab\theme\rayman\calluno.b",31910,31910,15519,3827
"40D2E883AF32D84EAAD8E5D4215DF94BB5A1FE23","UNO_Data\StreamingAssets\preinstall\prefab\theme\rayman\cardanimation.b",48880,48880,30887,3828
"40D2E883AF32D84EAAD8E5D4215DF94BB5A1FE23","UNO_Data\StreamingAssets\preinstall\prefab\theme\rayman\carddeck.b",4994,4994,4137,3829
"40D2E883AF32D84EAAD8E5D4215DF94BB5A1FE23","UNO_Data\StreamingAssets\preinstall\prefab\theme\rayman\challenge_wilddraw4.b",4035,4035,3367,3830
"40D2E883AF32D84EAAD8E5D4215DF94BB5A1FE23","UNO_Data\StreamingAssets\preinstall\prefab\theme\rayman\deck_sfx.b",30389,30389,14498,3831
"40D2E883AF32D84EAAD8E5D4215DF94BB5A1FE23","UNO_Data\StreamingAssets\preinstall\prefab\theme\rayman\didnt_calluno.b",3616,3616,2996,3832
"40D2E883AF32D84EAAD8E5D4215DF94BB5A1FE23","UNO_Data\StreamingAssets\preinstall\prefab\theme\rayman\drawcards_animation.b",4506,4506,3783,3833
"40D2E883AF32D84EAAD8E5D4215DF94BB5A1FE23","UNO_Data\StreamingAssets\preinstall\prefab\theme\rayman\gfx.b",32294,32294,16402,3834
"40D2E883AF32D84EAAD8E5D4215DF94BB5A1FE23","UNO_Data\StreamingAssets\preinstall\prefab\theme\rayman\jump_in.b",17671,17671,14646,3835
"40D2E883AF32D84EAAD8E5D4215DF94BB5A1FE23","UNO_Data\StreamingAssets\preinstall\prefab\theme\rayman\popup.b",24066,24066,20553,3836
"40D2E883AF32D84EAAD8E5D4215DF94BB5A1FE23","UNO_Data\StreamingAssets\preinstall\prefab\theme\rayman\stacking.b",30142,30142,14386,3837
"40D2E883AF32D84EAAD8E5D4215DF94BB5A1FE23","UNO_Data\StreamingAssets\preinstall\prefab\theme\rayman\themeanimation.b",29267,29267,26678,3838
"40D2E883AF32D84EAAD8E5D4215DF94BB5A1FE23","UNO_Data\StreamingAssets\preinstall\prefab\theme\rayman\tutorial_arrow.b",3431,3431,2820,3839
"40D2E883AF32D84EAAD8E5D4215DF94BB5A1FE23","UNO_Data\StreamingAssets\preinstall\prefab\theme\rayman\voice_chat.b",4865,4865,4127,3840
"40D2E883AF32D84EAAD8E5D4215DF94BB5A1FE23","UNO_Data\StreamingAssets\preinstall\prefab\theme\rayman\animation\theme_picker.b",31185,31185,15057,3841
"40D2E883AF32D84EAAD8E5D4215DF94BB5A1FE23","UNO_Data\StreamingAssets\preinstall\prefab\theme\rayman\cardanimation\dragon.b",32488,32488,16695,3842
"40D2E883AF32D84EAAD8E5D4215DF94BB5A1FE23","UNO_Data\StreamingAssets\preinstall\prefab\theme\rayman\cardanimation\draw2.b",4805,4805,4056,3843
"40D2E883AF32D84EAAD8E5D4215DF94BB5A1FE23","UNO_Data\StreamingAssets\preinstall\prefab\theme\rayman\cardanimation\escape.b",30663,30663,14713,3844
"40D2E883AF32D84EAAD8E5D4215DF94BB5A1FE23","UNO_Data\StreamingAssets\preinstall\prefab\theme\rayman\cardanimation\joker.b",29193,29193,14066,3845
"40D2E883AF32D84EAAD8E5D4215DF94BB5A1FE23","UNO_Data\StreamingAssets\preinstall\prefab\theme\rayman\cardanimation\mirror.b",30934,30934,15079,3846
"40D2E883AF32D84EAAD8E5D4215DF94BB5A1FE23","UNO_Data\StreamingAssets\preinstall\prefab\theme\rayman\cardanimation\punching.b",28742,28742,13119,3847
"40D2E883AF32D84EAAD8E5D4215DF94BB5A1FE23","UNO_Data\StreamingAssets\preinstall\prefab\theme\rayman\cardanimation\reverse.b",35939,35939,19169,3848
"40D2E883AF32D84EAAD8E5D4215DF94BB5A1FE23","UNO_Data\StreamingAssets\preinstall\prefab\theme\rayman\cardanimation\sevenzero.b",13846,13846,11861,3849
"40D2E883AF32D84EAAD8E5D4215DF94BB5A1FE23","UNO_Data\StreamingAssets\preinstall\prefab\theme\rayman\cardanimation\skip.b",4849,4849,4096,3850
"40D2E883AF32D84EAAD8E5D4215DF94BB5A1FE23","UNO_Data\StreamingAssets\preinstall\prefab\theme\rayman\cardanimation\themecard_sfx.b",39685,39685,22957,3851
"40D2E883AF32D84EAAD8E5D4215DF94BB5A1FE23","UNO_Data\StreamingAssets\preinstall\prefab\theme\rayman\sceneresourcesbackgroundelements\lums.b",6567,6567,5666,3852
"40D2E883AF32D84EAAD8E5D4215DF94BB5A1FE23","UNO_Data\StreamingAssets\preinstall\prefab\theme\rayman\themecards\escape.b",10323,10323,9203,3853
"40D2E883AF32D84EAAD8E5D4215DF94BB5A1FE23","UNO_Data\StreamingAssets\preinstall\prefab\theme\valhalla\active_player.b",5001,5001,4237,3854
"40D2E883AF32D84EAAD8E5D4215DF94BB5A1FE23","UNO_Data\StreamingAssets\preinstall\prefab\theme\valhalla\arrow.b",3706,3706,3060,3855
"40D2E883AF32D84EAAD8E5D4215DF94BB5A1FE23","UNO_Data\StreamingAssets\preinstall\prefab\theme\valhalla\background.b",147516,147516,95976,3856
"40D2E883AF32D84EAAD8E5D4215DF94BB5A1FE23","UNO_Data\StreamingAssets\preinstall\prefab\theme\valhalla\battlepanel.b",8547,8547,7162,3857
"40D2E883AF32D84EAAD8E5D4215DF94BB5A1FE23","UNO_Data\StreamingAssets\preinstall\prefab\theme\valhalla\calluno.b",31832,31832,15634,3858
"40D2E883AF32D84EAAD8E5D4215DF94BB5A1FE23","UNO_Data\StreamingAssets\preinstall\prefab\theme\valhalla\cardanimation.b",49777,49777,31605,3859
"40D2E883AF32D84EAAD8E5D4215DF94BB5A1FE23","UNO_Data\StreamingAssets\preinstall\prefab\theme\valhalla\carddeck.b",4992,4992,4125,3860
"40D2E883AF32D84EAAD8E5D4215DF94BB5A1FE23","UNO_Data\StreamingAssets\preinstall\prefab\theme\valhalla\cards.b",49851,49851,36140,3861
"40D2E883AF32D84EAAD8E5D4215DF94BB5A1FE23","UNO_Data\StreamingAssets\preinstall\prefab\theme\valhalla\challenge_wilddraw4.b",3630,3630,2992,3862
"40D2E883AF32D84EAAD8E5D4215DF94BB5A1FE23","UNO_Data\StreamingAssets\preinstall\prefab\theme\valhalla\deck_sfx.b",30584,30584,14454,3863
"40D2E883AF32D84EAAD8E5D4215DF94BB5A1FE23","UNO_Data\StreamingAssets\preinstall\prefab\theme\valhalla\drawcards_animation.b",4832,4832,4074,3864
"40D2E883AF32D84EAAD8E5D4215DF94BB5A1FE23","UNO_Data\StreamingAssets\preinstall\prefab\theme\valhalla\fx_camera.b",5052,5052,4064,3865
"40D2E883AF32D84EAAD8E5D4215DF94BB5A1FE23","UNO_Data\StreamingAssets\preinstall\prefab\theme\valhalla\gfx.b",97115,97115,60835,3866
"40D2E883AF32D84EAAD8E5D4215DF94BB5A1FE23","UNO_Data\StreamingAssets\preinstall\prefab\theme\valhalla\gfx_avater.b",31092,31092,15322,3867
"40D2E883AF32D84EAAD8E5D4215DF94BB5A1FE23","UNO_Data\StreamingAssets\preinstall\prefab\theme\valhalla\jump_in.b",17176,17176,14224,3868
"40D2E883AF32D84EAAD8E5D4215DF94BB5A1FE23","UNO_Data\StreamingAssets\preinstall\prefab\theme\valhalla\map.b",67648,67648,39559,3869
"40D2E883AF32D84EAAD8E5D4215DF94BB5A1FE23","UNO_Data\StreamingAssets\preinstall\prefab\theme\valhalla\popup.b",31151,31151,26514,3870
"40D2E883AF32D84EAAD8E5D4215DF94BB5A1FE23","UNO_Data\StreamingAssets\preinstall\prefab\theme\valhalla\stacking.b",30178,30178,14439,3871
"40D2E883AF32D84EAAD8E5D4215DF94BB5A1FE23","UNO_Data\StreamingAssets\preinstall\prefab\theme\valhalla\themepicker.b",2913,2913,2368,3872
"40D2E883AF32D84EAAD8E5D4215DF94BB5A1FE23","UNO_Data\StreamingAssets\preinstall\prefab\theme\valhalla\tutorial_arrow.b",3396,3396,2767,3873
"40D2E883AF32D84EAAD8E5D4215DF94BB5A1FE23","UNO_Data\StreamingAssets\preinstall\prefab\theme\valhalla\voice_chat.b",4919,4919,4187,3874
"40D2E883AF32D84EAAD8E5D4215DF94BB5A1FE23","UNO_Data\StreamingAssets\preinstall\prefab\theme\valhalla\cardanimation\draw2.b",4832,4832,4061,3875
"40D2E883AF32D84EAAD8E5D4215DF94BB5A1FE23","UNO_Data\StreamingAssets\preinstall\prefab\theme\valhalla\cardanimation\joker.b",29258,29258,13857,3876
"40D2E883AF32D84EAAD8E5D4215DF94BB5A1FE23","UNO_Data\StreamingAssets\preinstall\prefab\theme\valhalla\cardanimation\reverse.b",35329,35329,18853,3877
"40D2E883AF32D84EAAD8E5D4215DF94BB5A1FE23","UNO_Data\StreamingAssets\preinstall\prefab\theme\valhalla\cardanimation\sevenzero.b",13862,13862,11788,3878
"40D2E883AF32D84EAAD8E5D4215DF94BB5A1FE23","UNO_Data\StreamingAssets\preinstall\prefab\theme\valhalla\cardanimation\skip.b",4842,4842,4089,3879
"40D2E883AF32D84EAAD8E5D4215DF94BB5A1FE23","UNO_Data\StreamingAssets\preinstall\prefab\theme\valhalla\cardanimation\themecard_sfx.b",11836,11836,10122,3880
"40D2E883AF32D84EAAD8E5D4215DF94BB5A1FE23","UNO_Data\StreamingAssets\preinstall\prefab\theme\valhalla\classic_board\board_circle.b",4247,4247,3542,3881
"40D2E883AF32D84EAAD8E5D4215DF94BB5A1FE23","UNO_Data\StreamingAssets\preinstall\prefab\theme\valhalla\classic_board\board_light.b",3090,3090,2441,3882
"40D2E883AF32D84EAAD8E5D4215DF94BB5A1FE23","UNO_Data\StreamingAssets\preinstall\prefab\theme\valhalla\gfx_fx\prefab.b",98380,98380,59331,3883
"40D2E883AF32D84EAAD8E5D4215DF94BB5A1FE23","UNO_Data\StreamingAssets\preinstall\prefab\theme\valhalla\popup\texture.b",3419,3419,2715,3884
"40D2E883AF32D84EAAD8E5D4215DF94BB5A1FE23","UNO_Data\StreamingAssets\preinstall\prefab\theme\winter\active_player.b",4993,4993,4244,3885
"40D2E883AF32D84EAAD8E5D4215DF94BB5A1FE23","UNO_Data\StreamingAssets\preinstall\prefab\theme\winter\arrow.b",3709,3709,3064,3886
"40D2E883AF32D84EAAD8E5D4215DF94BB5A1FE23","UNO_Data\StreamingAssets\preinstall\prefab\theme\winter\background.b",69244,69244,40734,3887
"40D2E883AF32D84EAAD8E5D4215DF94BB5A1FE23","UNO_Data\StreamingAssets\preinstall\prefab\theme\winter\calluno.b",31706,31706,15718,3888
"40D2E883AF32D84EAAD8E5D4215DF94BB5A1FE23","UNO_Data\StreamingAssets\preinstall\prefab\theme\winter\cardanimation.b",50959,50959,32689,3889
"40D2E883AF32D84EAAD8E5D4215DF94BB5A1FE23","UNO_Data\StreamingAssets\preinstall\prefab\theme\winter\carddeck.b",4988,4988,4134,3890
"40D2E883AF32D84EAAD8E5D4215DF94BB5A1FE23","UNO_Data\StreamingAssets\preinstall\prefab\theme\winter\challenge_wilddraw4.b",3641,3641,2996,3891
"40D2E883AF32D84EAAD8E5D4215DF94BB5A1FE23","UNO_Data\StreamingAssets\preinstall\prefab\theme\winter\deck_sfx.b",30676,30676,14491,3892
"40D2E883AF32D84EAAD8E5D4215DF94BB5A1FE23","UNO_Data\StreamingAssets\preinstall\prefab\theme\winter\drawcards_animation.b",4512,4512,3815,3893
"40D2E883AF32D84EAAD8E5D4215DF94BB5A1FE23","UNO_Data\StreamingAssets\preinstall\prefab\theme\winter\gfx.b",31611,31611,15674,3894
"40D2E883AF32D84EAAD8E5D4215DF94BB5A1FE23","UNO_Data\StreamingAssets\preinstall\prefab\theme\winter\jump_in.b",17667,17667,14726,3895
"40D2E883AF32D84EAAD8E5D4215DF94BB5A1FE23","UNO_Data\StreamingAssets\preinstall\prefab\theme\winter\popup.b",24139,24139,20542,3896
"40D2E883AF32D84EAAD8E5D4215DF94BB5A1FE23","UNO_Data\StreamingAssets\preinstall\prefab\theme\winter\stacking.b",30177,30177,14407,3897
"40D2E883AF32D84EAAD8E5D4215DF94BB5A1FE23","UNO_Data\StreamingAssets\preinstall\prefab\theme\winter\tutorial_arrow.b",3432,3432,2814,3898
"40D2E883AF32D84EAAD8E5D4215DF94BB5A1FE23","UNO_Data\StreamingAssets\preinstall\prefab\theme\winter\voice_chat.b",4898,4898,4167,3899
"40D2E883AF32D84EAAD8E5D4215DF94BB5A1FE23","UNO_Data\StreamingAssets\preinstall\prefab\theme\winter\animation\theme_picker.b",30979,30979,15107,3900
"40D2E883AF32D84EAAD8E5D4215DF94BB5A1FE23","UNO_Data\StreamingAssets\preinstall\prefab\theme\winter\cardanimation\draw2.b",4814,4814,4079,3901
"40D2E883AF32D84EAAD8E5D4215DF94BB5A1FE23","UNO_Data\StreamingAssets\preinstall\prefab\theme\winter\cardanimation\joker.b",31633,31633,16022,3902
"40D2E883AF32D84EAAD8E5D4215DF94BB5A1FE23","UNO_Data\StreamingAssets\preinstall\prefab\theme\winter\cardanimation\reverse.b",35469,35469,18633,3903
"40D2E883AF32D84EAAD8E5D4215DF94BB5A1FE23","UNO_Data\StreamingAssets\preinstall\prefab\theme\winter\cardanimation\sevenzero.b",13903,13903,11837,3904
"40D2E883AF32D84EAAD8E5D4215DF94BB5A1FE23","UNO_Data\StreamingAssets\preinstall\prefab\theme\winter\cardanimation\skip.b",4833,4833,4086,3905
"40D2E883AF32D84EAAD8E5D4215DF94BB5A1FE23","UNO_Data\StreamingAssets\preinstall\prefab\themecommonassetsb\theme\common\touch_screen.b",4751,4751,3952,3906
"40D2E883AF32D84EAAD8E5D4215DF94BB5A1FE23","UNO_Data\StreamingAssets\preinstall\prefab\treeuiresources\uielements.b",3811,3811,3046,3907
"40D2E883AF32D84EAAD8E5D4215DF94BB5A1FE23","UNO_Data\StreamingAssets\preinstall\prefab\treeuiresources\uipanels\common.b",22935,22935,16646,3908
"40D2E883AF32D84EAAD8E5D4215DF94BB5A1FE23","UNO_Data\StreamingAssets\preinstall\prefab\treeuiresources\uipanels\farcry.b",126918,126918,95906,3909
"40D2E883AF32D84EAAD8E5D4215DF94BB5A1FE23","UNO_Data\StreamingAssets\preinstall\prefab\treeuiresources\uipanels\valhalla.b",102949,102949,66369,3910
"40D2E883AF32D84EAAD8E5D4215DF94BB5A1FE23","UNO_Data\StreamingAssets\preinstall\prefab\_campaign\ac15anniversary.b",28509,28509,13206,3911
"40D2E883AF32D84EAAD8E5D4215DF94BB5A1FE23","UNO_Data\StreamingAssets\preinstall\prefab\_menu\events.b",70262,70262,47092,3912
"40D2E883AF32D84EAAD8E5D4215DF94BB5A1FE23","UNO_Data\StreamingAssets\preinstall\prefab\_menu\common\prefabs.b",73045,73045,43620,3913
"40D2E883AF32D84EAAD8E5D4215DF94BB5A1FE23","UNO_Data\StreamingAssets\preinstall\prefab\_menu\common\buttonlegend\sprites.b",5808,5808,4628,3914
"40D2E883AF32D84EAAD8E5D4215DF94BB5A1FE23","UNO_Data\StreamingAssets\preinstall\prefab\_menu\customization\prefabs.b",366580,366580,254227,3915
"40D2E883AF32D84EAAD8E5D4215DF94BB5A1FE23","UNO_Data\StreamingAssets\preinstall\prefab\_menu\customization\prefabs\rework.b",202715,202715,145517,3916
"40D2E883AF32D84EAAD8E5D4215DF94BB5A1FE23","UNO_Data\StreamingAssets\preinstall\prefab\_menu\dlcmenu\prefabs.b",103634,103634,73039,3917
"40D2E883AF32D84EAAD8E5D4215DF94BB5A1FE23","UNO_Data\StreamingAssets\preinstall\prefab\_menu\events\prefabs.b",113694,113694,78611,3918
"40D2E883AF32D84EAAD8E5D4215DF94BB5A1FE23","UNO_Data\StreamingAssets\preinstall\prefab\_menu\news\prefabs.b",1541373,1541373,1349303,3919
"40D2E883AF32D84EAAD8E5D4215DF94BB5A1FE23","UNO_Data\StreamingAssets\preinstall\prefab\_menu\optionsmenu\prefabs.b",999229,999229,646613,3920
"40D2E883AF32D84EAAD8E5D4215DF94BB5A1FE23","UNO_Data\StreamingAssets\preinstall\prefab\_menu\optionsmenu\animations\prefabs.b",17651,17651,15568,3921
"40D2E883AF32D84EAAD8E5D4215DF94BB5A1FE23","UNO_Data\StreamingAssets\preinstall\prefab\_menu\optionsmenu\prefabs\tutorials.b",38170,38170,21284,3922
"40D2E883AF32D84EAAD8E5D4215DF94BB5A1FE23","UNO_Data\StreamingAssets\preinstall\prefab\_menu\optionsmenu\prefabs\widgets.b",47181,47181,28882,3923
"40D2E883AF32D84EAAD8E5D4215DF94BB5A1FE23","UNO_Data\StreamingAssets\preinstall\prefab\_menu\profile\prefabs.b",249418,249418,181286,3924
"40D2E883AF32D84EAAD8E5D4215DF94BB5A1FE23","UNO_Data\StreamingAssets\preinstall\prefab\_menu\store\prefabs.b",7665444,7665444,6856551,3925
"40D2E883AF32D84EAAD8E5D4215DF94BB5A1FE23","UNO_Data\StreamingAssets\preinstall\prefab\_menu\twitch\prefabs.b",22172,22172,18584,3926
"40D2E883AF32D84EAAD8E5D4215DF94BB5A1FE23","UNO_Data\StreamingAssets\preinstall\prefabs\animation.b",27955,27955,22376,3927
"40D2E883AF32D84EAAD8E5D4215DF94BB5A1FE23","UNO_Data\StreamingAssets\preinstall\scenes\ki auras demo.b",80991,80991,48158,3928
"40D2E883AF32D84EAAD8E5D4215DF94BB5A1FE23","UNO_Data\StreamingAssets\preinstall\scenes\testfont.b",50136,50136,37026,3929
"40D2E883AF32D84EAAD8E5D4215DF94BB5A1FE23","UNO_Data\StreamingAssets\preinstall\scenes\vfxtesting.b",136410,136410,89164,3930
"40D2E883AF32D84EAAD8E5D4215DF94BB5A1FE23","UNO_Data\StreamingAssets\preinstall\texture\buttonicons.b",172538,172538,137405,3931
"40D2E883AF32D84EAAD8E5D4215DF94BB5A1FE23","UNO_Data\StreamingAssets\preinstall\texture\dropinout.b",10869,10869,9480,3932
"40D2E883AF32D84EAAD8E5D4215DF94BB5A1FE23","UNO_Data\StreamingAssets\preinstall\texture\emoteicons.b",831509,831509,535091,3933
"40D2E883AF32D84EAAD8E5D4215DF94BB5A1FE23","UNO_Data\StreamingAssets\preinstall\texture\footer.b",65245,65245,52062,3934
"40D2E883AF32D84EAAD8E5D4215DF94BB5A1FE23","UNO_Data\StreamingAssets\preinstall\texture\hovlstudio.b",13489444,13489444,11836024,3935
"40D2E883AF32D84EAAD8E5D4215DF94BB5A1FE23","UNO_Data\StreamingAssets\preinstall\texture\hud.b",3097149,3097149,2726773,3936
"40D2E883AF32D84EAAD8E5D4215DF94BB5A1FE23","UNO_Data\StreamingAssets\preinstall\texture\leaderboard.b",580384,580384,465376,3937
"40D2E883AF32D84EAAD8E5D4215DF94BB5A1FE23","UNO_Data\StreamingAssets\preinstall\texture\leaderboard_v2.b",1335914,1335914,1111560,3938
"40D2E883AF32D84EAAD8E5D4215DF94BB5A1FE23","UNO_Data\StreamingAssets\preinstall\texture\matchend.b",962841,962841,817898,3939
"40D2E883AF32D84EAAD8E5D4215DF94BB5A1FE23","UNO_Data\StreamingAssets\preinstall\texture\matchinfo.b",4055590,4055590,3145217,3940
"40D2E883AF32D84EAAD8E5D4215DF94BB5A1FE23","UNO_Data\StreamingAssets\preinstall\texture\medalsystem.b",360970,360970,284550,3941
"40D2E883AF32D84EAAD8E5D4215DF94BB5A1FE23","UNO_Data\StreamingAssets\preinstall\texture\missions.b",220029,220029,171266,3942
"40D2E883AF32D84EAAD8E5D4215DF94BB5A1FE23","UNO_Data\StreamingAssets\preinstall\texture\newpausemenu.b",5416407,5416407,4700213,3943
"40D2E883AF32D84EAAD8E5D4215DF94BB5A1FE23","UNO_Data\StreamingAssets\preinstall\texture\pausemenu.b",8035566,8035566,6209597,3944
"40D2E883AF32D84EAAD8E5D4215DF94BB5A1FE23","UNO_Data\StreamingAssets\preinstall\texture\popup.b",128372,128372,99472,3945
"40D2E883AF32D84EAAD8E5D4215DF94BB5A1FE23","UNO_Data\StreamingAssets\preinstall\texture\roundend.b",92612,92612,80567,3946
"40D2E883AF32D84EAAD8E5D4215DF94BB5A1FE23","UNO_Data\StreamingAssets\preinstall\texture\screensizeadjust.b",3088579,3088579,2511592,3947
"40D2E883AF32D84EAAD8E5D4215DF94BB5A1FE23","UNO_Data\StreamingAssets\preinstall\texture\softtimer.b",155311,155311,127017,3948
"40D2E883AF32D84EAAD8E5D4215DF94BB5A1FE23","UNO_Data\StreamingAssets\preinstall\texture\teaserpopuppage.b",3329183,3329183,2821347,3949
"40D2E883AF32D84EAAD8E5D4215DF94BB5A1FE23","UNO_Data\StreamingAssets\preinstall\texture\themecarddescriptions.b",38235595,38235595,28885038,3950
"40D2E883AF32D84EAAD8E5D4215DF94BB5A1FE23","UNO_Data\StreamingAssets\preinstall\texture\themecardexplainpopup.b",1135489,1135489,924264,3951
"40D2E883AF32D84EAAD8E5D4215DF94BB5A1FE23","UNO_Data\StreamingAssets\preinstall\texture\titlescreen.b",872918,872918,681208,3952
"40D2E883AF32D84EAAD8E5D4215DF94BB5A1FE23","UNO_Data\StreamingAssets\preinstall\texture\titlescreen_playlink.b",267602,267602,208321,3953
"40D2E883AF32D84EAAD8E5D4215DF94BB5A1FE23","UNO_Data\StreamingAssets\preinstall\texture\topbar.b",7806135,7806135,5988746,3954
"40D2E883AF32D84EAAD8E5D4215DF94BB5A1FE23","UNO_Data\StreamingAssets\preinstall\texture\tutorial.b",641688,641688,531877,3955
"40D2E883AF32D84EAAD8E5D4215DF94BB5A1FE23","UNO_Data\StreamingAssets\preinstall\texture\tvtsplash.b",6484494,6484494,4595975,3956
"40D2E883AF32D84EAAD8E5D4215DF94BB5A1FE23","UNO_Data\StreamingAssets\preinstall\texture\uplay.b",116242,116242,95069,3957
"40D2E883AF32D84EAAD8E5D4215DF94BB5A1FE23","UNO_Data\StreamingAssets\preinstall\texture\cursor\arrowturncycle.b",7951,7951,6720,3958
"40D2E883AF32D84EAAD8E5D4215DF94BB5A1FE23","UNO_Data\StreamingAssets\preinstall\texture\cursor\cursorarrow.b",3787,3787,3122,3959
"40D2E883AF32D84EAAD8E5D4215DF94BB5A1FE23","UNO_Data\StreamingAssets\preinstall\texture\cursor\cursorhand.b",6557,6557,5597,3960
"40D2E883AF32D84EAAD8E5D4215DF94BB5A1FE23","UNO_Data\StreamingAssets\preinstall\texture\ingamepopup\challenge.b",266448,266448,169013,3961
"40D2E883AF32D84EAAD8E5D4215DF94BB5A1FE23","UNO_Data\StreamingAssets\preinstall\texture\ingamepopup\challenge_50th.b",605458,605458,400703,3962
"40D2E883AF32D84EAAD8E5D4215DF94BB5A1FE23","UNO_Data\StreamingAssets\preinstall\texture\ingamepopup\challenge_farcry6.b",128950,128950,58040,3963
"40D2E883AF32D84EAAD8E5D4215DF94BB5A1FE23","UNO_Data\StreamingAssets\preinstall\texture\ingamepopup\draworplay.b",255079,255079,159354,3964
"40D2E883AF32D84EAAD8E5D4215DF94BB5A1FE23","UNO_Data\StreamingAssets\preinstall\texture\ingamepopup\draworplay_50th.b",191370,191370,91222,3965
"40D2E883AF32D84EAAD8E5D4215DF94BB5A1FE23","UNO_Data\StreamingAssets\preinstall\texture\ingamepopup\draworplay_farcry6.b",243089,243089,134335,3966
"40D2E883AF32D84EAAD8E5D4215DF94BB5A1FE23","UNO_Data\StreamingAssets\preinstall\texture\matchinfo\newui.b",7698,7698,6620,3967
"40D2E883AF32D84EAAD8E5D4215DF94BB5A1FE23","UNO_Data\StreamingAssets\preinstall\texture\matchinfo\rework.b",1600794,1600794,1263473,3968
"40D2E883AF32D84EAAD8E5D4215DF94BB5A1FE23","UNO_Data\StreamingAssets\preinstall\texture\matchinfo\newui\blackandwhite.b",665213,665213,490784,3969
"40D2E883AF32D84EAAD8E5D4215DF94BB5A1FE23","UNO_Data\StreamingAssets\preinstall\texture\matchinfo\newui\blackandwhite_glow.b",952538,952538,636905,3970
"40D2E883AF32D84EAAD8E5D4215DF94BB5A1FE23","UNO_Data\StreamingAssets\preinstall\texture\matchinfo\newui\checkmark.b",4799,4799,3977,3971
"40D2E883AF32D84EAAD8E5D4215DF94BB5A1FE23","UNO_Data\StreamingAssets\preinstall\texture\matchinfo\newui\descriptionbackground1200x160.b",10059,10059,3273,3972
"40D2E883AF32D84EAAD8E5D4215DF94BB5A1FE23","UNO_Data\StreamingAssets\preinstall\texture\matchinfo\newui\glow.b",1103024,1103024,820859,3973
"40D2E883AF32D84EAAD8E5D4215DF94BB5A1FE23","UNO_Data\StreamingAssets\preinstall\texture\matchinfo\newui\scorelimitbackground700x80.b",24157,24157,16387,3974
"40D2E883AF32D84EAAD8E5D4215DF94BB5A1FE23","UNO_Data\StreamingAssets\preinstall\texture\matchinfo\newui\uplaybackground540x160.b",28552,28552,23931,3975
"40D2E883AF32D84EAAD8E5D4215DF94BB5A1FE23","UNO_Data\StreamingAssets\preinstall\texture\matchinfo\rework\mydesign.b",240179,240179,170740,3976
"40D2E883AF32D84EAAD8E5D4215DF94BB5A1FE23","UNO_Data\StreamingAssets\preinstall\texture\matchinfo\rework\twitch.b",24456,24456,18317,3977
"40D2E883AF32D84EAAD8E5D4215DF94BB5A1FE23","UNO_Data\StreamingAssets\preinstall\texture\missions\type\common.b",6355,6355,5146,3978
"40D2E883AF32D84EAAD8E5D4215DF94BB5A1FE23","UNO_Data\StreamingAssets\preinstall\texture\missions\type\classic\calculator.b",407271,407271,338384,3979
"40D2E883AF32D84EAAD8E5D4215DF94BB5A1FE23","UNO_Data\StreamingAssets\preinstall\texture\missions\type\classic\pointguard.b",429168,429168,357392,3980
"40D2E883AF32D84EAAD8E5D4215DF94BB5A1FE23","UNO_Data\StreamingAssets\preinstall\texture\missions\type\classic\recruit.b",417752,417752,338436,3981
"40D2E883AF32D84EAAD8E5D4215DF94BB5A1FE23","UNO_Data\StreamingAssets\preinstall\texture\missions\type\classic\referee.b",435082,435082,359695,3982
"40D2E883AF32D84EAAD8E5D4215DF94BB5A1FE23","UNO_Data\StreamingAssets\preinstall\texture\missions\type\classic\speaker.b",458666,458666,377697,3983
"40D2E883AF32D84EAAD8E5D4215DF94BB5A1FE23","UNO_Data\StreamingAssets\preinstall\texture\missions\type\fun\cardshark.b",438109,438109,367641,3984
"40D2E883AF32D84EAAD8E5D4215DF94BB5A1FE23","UNO_Data\StreamingAssets\preinstall\texture\missions\type\fun\gladiator.b",443247,443247,368660,3985
"40D2E883AF32D84EAAD8E5D4215DF94BB5A1FE23","UNO_Data\StreamingAssets\preinstall\texture\missions\type\fun\ruler.b",447065,447065,373723,3986
"40D2E883AF32D84EAAD8E5D4215DF94BB5A1FE23","UNO_Data\StreamingAssets\preinstall\texture\missions\type\fun\thunder.b",439352,439352,364162,3987
"40D2E883AF32D84EAAD8E5D4215DF94BB5A1FE23","UNO_Data\StreamingAssets\preinstall\texture\missions\type\fun\troublemaker.b",444036,444036,371564,3988
"40D2E883AF32D84EAAD8E5D4215DF94BB5A1FE23","UNO_Data\StreamingAssets\preinstall\texture\missions\type\social\bwahh.b",139811,139811,121581,3989
"40D2E883AF32D84EAAD8E5D4215DF94BB5A1FE23","UNO_Data\StreamingAssets\preinstall\texture\missions\type\social\celebrity.b",451759,451759,378067,3990
"40D2E883AF32D84EAAD8E5D4215DF94BB5A1FE23","UNO_Data\StreamingAssets\preinstall\texture\missions\type\social\competitor.b",446823,446823,375149,3991
"40D2E883AF32D84EAAD8E5D4215DF94BB5A1FE23","UNO_Data\StreamingAssets\preinstall\texture\missions\type\social\heartbreaker.b",418855,418855,349952,3992
"40D2E883AF32D84EAAD8E5D4215DF94BB5A1FE23","UNO_Data\StreamingAssets\preinstall\texture\missions\type\social\kingofthejungle.b",441643,441643,368825,3993
"40D2E883AF32D84EAAD8E5D4215DF94BB5A1FE23","UNO_Data\StreamingAssets\preinstall\texture\missions\type\social\teamplayer.b",539068,539068,421605,3994
"40D2E883AF32D84EAAD8E5D4215DF94BB5A1FE23","UNO_Data\StreamingAssets\preinstall\texture\missions\type\social\wheelman.b",397292,397292,330073,3995
"40D2E883AF32D84EAAD8E5D4215DF94BB5A1FE23","UNO_Data\StreamingAssets\preinstall\texture\topbar\canvas.b",2034470,2034470,1425050,3996
"40D2E883AF32D84EAAD8E5D4215DF94BB5A1FE23","UNO_Data\StreamingAssets\preinstall\texture\tutorial\happyhour.b",241724,241724,193066,3997
"40D2E883AF32D84EAAD8E5D4215DF94BB5A1FE23","UNO_Data\StreamingAssets\preinstall\texture\tutorial\twitch.b",25078,25078,21399,3998
"40D2E883AF32D84EAAD8E5D4215DF94BB5A1FE23","UNO_Data\StreamingAssets\preinstall\texture\tutorial\twitchchaos.b",2895825,2895825,2281709,3999
"40D2E883AF32D84EAAD8E5D4215DF94BB5A1FE23","UNO_Data\StreamingAssets\preinstall\theme\common.b",936035,936035,791348,4000
"40D2E883AF32D84EAAD8E5D4215DF94BB5A1FE23","UNO_Data\StreamingAssets\preinstall\theme\brawlhalla\arrow.b",1448938,1448938,941639,4001
"40D2E883AF32D84EAAD8E5D4215DF94BB5A1FE23","UNO_Data\StreamingAssets\preinstall\theme\brawlhalla\background.b",5268502,5268502,4330823,4002
"40D2E883AF32D84EAAD8E5D4215DF94BB5A1FE23","UNO_Data\StreamingAssets\preinstall\theme\brawlhalla\cards.b",1272374,1272374,1151200,4003
"40D2E883AF32D84EAAD8E5D4215DF94BB5A1FE23","UNO_Data\StreamingAssets\preinstall\theme\brawlhalla\gfx.b",55528,55528,37319,4004
"40D2E883AF32D84EAAD8E5D4215DF94BB5A1FE23","UNO_Data\StreamingAssets\preinstall\theme\brawlhalla\themecards.b",707248,707248,601305,4005
"40D2E883AF32D84EAAD8E5D4215DF94BB5A1FE23","UNO_Data\StreamingAssets\preinstall\theme\brawlhalla\animation\active_player.b",7847,7847,5642,4006
"40D2E883AF32D84EAAD8E5D4215DF94BB5A1FE23","UNO_Data\StreamingAssets\preinstall\theme\brawlhalla\animation\arrows.b",21489,21489,17014,4007
"40D2E883AF32D84EAAD8E5D4215DF94BB5A1FE23","UNO_Data\StreamingAssets\preinstall\theme\brawlhalla\animation\avater.b",9659,9659,7194,4008
"40D2E883AF32D84EAAD8E5D4215DF94BB5A1FE23","UNO_Data\StreamingAssets\preinstall\theme\brawlhalla\animation\board_circle.b",6477,6477,4555,4009
"40D2E883AF32D84EAAD8E5D4215DF94BB5A1FE23","UNO_Data\StreamingAssets\preinstall\theme\brawlhalla\animation\button_glow.b",153313,153313,129869,4010
"40D2E883AF32D84EAAD8E5D4215DF94BB5A1FE23","UNO_Data\StreamingAssets\preinstall\theme\brawlhalla\animation\call_uno.b",22075,22075,19163,4011
"40D2E883AF32D84EAAD8E5D4215DF94BB5A1FE23","UNO_Data\StreamingAssets\preinstall\theme\brawlhalla\animation\challenge_wilddraw4.b",11064,11064,8469,4012
"40D2E883AF32D84EAAD8E5D4215DF94BB5A1FE23","UNO_Data\StreamingAssets\preinstall\theme\brawlhalla\animation\deck_sfx.b",6595,6595,4672,4013
"40D2E883AF32D84EAAD8E5D4215DF94BB5A1FE23","UNO_Data\StreamingAssets\preinstall\theme\brawlhalla\animation\didnt_calluno.b",6534,6534,4670,4014
"40D2E883AF32D84EAAD8E5D4215DF94BB5A1FE23","UNO_Data\StreamingAssets\preinstall\theme\brawlhalla\animation\drawcard.b",6586,6586,4743,4015
"40D2E883AF32D84EAAD8E5D4215DF94BB5A1FE23","UNO_Data\StreamingAssets\preinstall\theme\brawlhalla\animation\drawtwo.b",19293,19293,13759,4016
"40D2E883AF32D84EAAD8E5D4215DF94BB5A1FE23","UNO_Data\StreamingAssets\preinstall\theme\brawlhalla\animation\joker.b",235313,235313,195943,4017
"40D2E883AF32D84EAAD8E5D4215DF94BB5A1FE23","UNO_Data\StreamingAssets\preinstall\theme\brawlhalla\animation\jump_in.b",79549,79549,61012,4018
"40D2E883AF32D84EAAD8E5D4215DF94BB5A1FE23","UNO_Data\StreamingAssets\preinstall\theme\brawlhalla\animation\particle_cardglow.b",6117,6117,4298,4019
"40D2E883AF32D84EAAD8E5D4215DF94BB5A1FE23","UNO_Data\StreamingAssets\preinstall\theme\brawlhalla\animation\preparecalluno.b",6971,6971,5066,4020
"40D2E883AF32D84EAAD8E5D4215DF94BB5A1FE23","UNO_Data\StreamingAssets\preinstall\theme\brawlhalla\animation\ps4_cross_button.b",114868,114868,90474,4021
"40D2E883AF32D84EAAD8E5D4215DF94BB5A1FE23","UNO_Data\StreamingAssets\preinstall\theme\brawlhalla\animation\reverse.b",8265,8265,6269,4022
"40D2E883AF32D84EAAD8E5D4215DF94BB5A1FE23","UNO_Data\StreamingAssets\preinstall\theme\brawlhalla\animation\sevenzero.b",31997,31997,19931,4023
"40D2E883AF32D84EAAD8E5D4215DF94BB5A1FE23","UNO_Data\StreamingAssets\preinstall\theme\brawlhalla\animation\single_card.b",6195,6195,4367,4024
"40D2E883AF32D84EAAD8E5D4215DF94BB5A1FE23","UNO_Data\StreamingAssets\preinstall\theme\brawlhalla\animation\skip.b",10642,10642,8237,4025
"40D2E883AF32D84EAAD8E5D4215DF94BB5A1FE23","UNO_Data\StreamingAssets\preinstall\theme\brawlhalla\animation\stacking.b",11065,11065,8802,4026
"40D2E883AF32D84EAAD8E5D4215DF94BB5A1FE23","UNO_Data\StreamingAssets\preinstall\theme\brawlhalla\animation\touch_screen.b",6519,6519,4632,4027
"40D2E883AF32D84EAAD8E5D4215DF94BB5A1FE23","UNO_Data\StreamingAssets\preinstall\theme\brawlhalla\animation\tutorial_arrow.b",6142,6142,4338,4028
"40D2E883AF32D84EAAD8E5D4215DF94BB5A1FE23","UNO_Data\StreamingAssets\preinstall\theme\brawlhalla\animation\voice_chat.b",7350,7350,5413,4029
"40D2E883AF32D84EAAD8E5D4215DF94BB5A1FE23","UNO_Data\StreamingAssets\preinstall\theme\brawlhalla\animation\wild.b",241684,241684,201351,4030
"40D2E883AF32D84EAAD8E5D4215DF94BB5A1FE23","UNO_Data\StreamingAssets\preinstall\theme\brawlhalla\animation\wild_ps4_cross_button.b",2775,2775,1667,4031
"40D2E883AF32D84EAAD8E5D4215DF94BB5A1FE23","UNO_Data\StreamingAssets\preinstall\theme\brawlhalla\animation\xbox1_cross_button.b",11763,11763,8954,4032
"40D2E883AF32D84EAAD8E5D4215DF94BB5A1FE23","UNO_Data\StreamingAssets\preinstall\theme\brawlhalla\animation\active_player\anicontroller.b",6803,6803,5479,4033
"40D2E883AF32D84EAAD8E5D4215DF94BB5A1FE23","UNO_Data\StreamingAssets\preinstall\theme\brawlhalla\animation\arrows\anicontroller.b",5248,5248,4165,4034
"40D2E883AF32D84EAAD8E5D4215DF94BB5A1FE23","UNO_Data\StreamingAssets\preinstall\theme\brawlhalla\animation\arrows\materials.b",2726,2726,2156,4035
"40D2E883AF32D84EAAD8E5D4215DF94BB5A1FE23","UNO_Data\StreamingAssets\preinstall\theme\brawlhalla\animation\arrows\texture.b",347559,347559,301827,4036
"40D2E883AF32D84EAAD8E5D4215DF94BB5A1FE23","UNO_Data\StreamingAssets\preinstall\theme\brawlhalla\animation\avater\anicontroller.b",5583,5583,4459,4037
"40D2E883AF32D84EAAD8E5D4215DF94BB5A1FE23","UNO_Data\StreamingAssets\preinstall\theme\brawlhalla\animation\board_circle\anicontroller.b",4706,4706,3677,4038
"40D2E883AF32D84EAAD8E5D4215DF94BB5A1FE23","UNO_Data\StreamingAssets\preinstall\theme\brawlhalla\animation\button_glow\anicontroller.b",5050,5050,3981,4039
"40D2E883AF32D84EAAD8E5D4215DF94BB5A1FE23","UNO_Data\StreamingAssets\preinstall\theme\brawlhalla\animation\button_glow\materials.b",42352,42352,30436,4040
"40D2E883AF32D84EAAD8E5D4215DF94BB5A1FE23","UNO_Data\StreamingAssets\preinstall\theme\brawlhalla\animation\call_uno\anicontroller.b",4701,4701,3641,4041
"40D2E883AF32D84EAAD8E5D4215DF94BB5A1FE23","UNO_Data\StreamingAssets\preinstall\theme\brawlhalla\animation\challenge_wilddraw4\anicontroller.b",6565,6565,5256,4042
"40D2E883AF32D84EAAD8E5D4215DF94BB5A1FE23","UNO_Data\StreamingAssets\preinstall\theme\brawlhalla\animation\challenge_wilddraw4\materials.b",2813,2813,2232,4043
"40D2E883AF32D84EAAD8E5D4215DF94BB5A1FE23","UNO_Data\StreamingAssets\preinstall\theme\brawlhalla\animation\challenge_wilddraw4\mesh.b",46795,46795,33565,4044
"40D2E883AF32D84EAAD8E5D4215DF94BB5A1FE23","UNO_Data\StreamingAssets\preinstall\theme\brawlhalla\animation\challenge_wilddraw4\texture.b",588178,588178,506839,4045
"40D2E883AF32D84EAAD8E5D4215DF94BB5A1FE23","UNO_Data\StreamingAssets\preinstall\theme\brawlhalla\animation\deck_sfx\anicontroller.b",4697,4697,3669,4046
"40D2E883AF32D84EAAD8E5D4215DF94BB5A1FE23","UNO_Data\StreamingAssets\preinstall\theme\brawlhalla\animation\didnt_calluno\anicontroller.b",4701,4701,3663,4047
"40D2E883AF32D84EAAD8E5D4215DF94BB5A1FE23","UNO_Data\StreamingAssets\preinstall\theme\brawlhalla\animation\didnt_calluno\materials.b",2585,2585,2035,4048
"40D2E883AF32D84EAAD8E5D4215DF94BB5A1FE23","UNO_Data\StreamingAssets\preinstall\theme\brawlhalla\animation\didnt_calluno\mesh.b",53449,53449,38486,4049
"40D2E883AF32D84EAAD8E5D4215DF94BB5A1FE23","UNO_Data\StreamingAssets\preinstall\theme\brawlhalla\animation\didnt_calluno\texture.b",11380,11380,9238,4050
"40D2E883AF32D84EAAD8E5D4215DF94BB5A1FE23","UNO_Data\StreamingAssets\preinstall\theme\brawlhalla\animation\drawcard\anicontroller.b",4937,4937,3879,4051
"40D2E883AF32D84EAAD8E5D4215DF94BB5A1FE23","UNO_Data\StreamingAssets\preinstall\theme\brawlhalla\animation\drawcard\materials.b",2849,2849,2269,4052
"40D2E883AF32D84EAAD8E5D4215DF94BB5A1FE23","UNO_Data\StreamingAssets\preinstall\theme\brawlhalla\animation\drawcard\mesh.b",47494,47494,34166,4053
"40D2E883AF32D84EAAD8E5D4215DF94BB5A1FE23","UNO_Data\StreamingAssets\preinstall\theme\brawlhalla\animation\drawcard\texture.b",133895,133895,107272,4054
"40D2E883AF32D84EAAD8E5D4215DF94BB5A1FE23","UNO_Data\StreamingAssets\preinstall\theme\brawlhalla\animation\drawtwo\anicontroller.b",12046,12046,10103,4055
"40D2E883AF32D84EAAD8E5D4215DF94BB5A1FE23","UNO_Data\StreamingAssets\preinstall\theme\brawlhalla\animation\drawtwo\choosebottomplaceholder.b",10559,10559,7793,4056
"40D2E883AF32D84EAAD8E5D4215DF94BB5A1FE23","UNO_Data\StreamingAssets\preinstall\theme\brawlhalla\animation\joker\anicontroller.b",6206,6206,4940,4057
"40D2E883AF32D84EAAD8E5D4215DF94BB5A1FE23","UNO_Data\StreamingAssets\preinstall\theme\brawlhalla\animation\jump_in\anicontroller.b",5627,5627,4499,4058
"40D2E883AF32D84EAAD8E5D4215DF94BB5A1FE23","UNO_Data\StreamingAssets\preinstall\theme\brawlhalla\animation\jump_in\materials.b",2906,2906,2327,4059
"40D2E883AF32D84EAAD8E5D4215DF94BB5A1FE23","UNO_Data\StreamingAssets\preinstall\theme\brawlhalla\animation\jump_in\mesh.b",59443,59443,44176,4060
"40D2E883AF32D84EAAD8E5D4215DF94BB5A1FE23","UNO_Data\StreamingAssets\preinstall\theme\brawlhalla\animation\jump_in\texture.b",142780,142780,115168,4061
"40D2E883AF32D84EAAD8E5D4215DF94BB5A1FE23","UNO_Data\StreamingAssets\preinstall\theme\brawlhalla\animation\particle_cardglow\anicontroller.b",4710,4710,3680,4062
"40D2E883AF32D84EAAD8E5D4215DF94BB5A1FE23","UNO_Data\StreamingAssets\preinstall\theme\brawlhalla\animation\preparecalluno\anicontroller.b",5086,5086,4015,4063
"40D2E883AF32D84EAAD8E5D4215DF94BB5A1FE23","UNO_Data\StreamingAssets\preinstall\theme\brawlhalla\animation\ps4_cross_button\anicontroller.b",5197,5197,4091,4064
"40D2E883AF32D84EAAD8E5D4215DF94BB5A1FE23","UNO_Data\StreamingAssets\preinstall\theme\brawlhalla\animation\reverse\anicontroller.b",5139,5139,4036,4065
"40D2E883AF32D84EAAD8E5D4215DF94BB5A1FE23","UNO_Data\StreamingAssets\preinstall\theme\brawlhalla\animation\sevenzero\anicontroller.b",14464,14464,12210,4066
"40D2E883AF32D84EAAD8E5D4215DF94BB5A1FE23","UNO_Data\StreamingAssets\preinstall\theme\brawlhalla\animation\sevenzero\materials.b",2711,2711,2137,4067
"40D2E883AF32D84EAAD8E5D4215DF94BB5A1FE23","UNO_Data\StreamingAssets\preinstall\theme\brawlhalla\animation\single_card\anicontroller.b",4739,4739,3702,4068
"40D2E883AF32D84EAAD8E5D4215DF94BB5A1FE23","UNO_Data\StreamingAssets\preinstall\theme\brawlhalla\animation\skip\anicontroller.b",7496,7496,6107,4069
"40D2E883AF32D84EAAD8E5D4215DF94BB5A1FE23","UNO_Data\StreamingAssets\preinstall\theme\brawlhalla\animation\stacking\anicontroller.b",5936,5936,4716,4070
"40D2E883AF32D84EAAD8E5D4215DF94BB5A1FE23","UNO_Data\StreamingAssets\preinstall\theme\brawlhalla\animation\stacking\materials.b",2842,2842,2253,4071
"40D2E883AF32D84EAAD8E5D4215DF94BB5A1FE23","UNO_Data\StreamingAssets\preinstall\theme\brawlhalla\animation\stacking\texture.b",248102,248102,211898,4072
"40D2E883AF32D84EAAD8E5D4215DF94BB5A1FE23","UNO_Data\StreamingAssets\preinstall\theme\brawlhalla\animation\touch_screen\anicontroller.b",4925,4925,3838,4073
"40D2E883AF32D84EAAD8E5D4215DF94BB5A1FE23","UNO_Data\StreamingAssets\preinstall\theme\brawlhalla\animation\tutorial_arrow\anicontroller.b",4702,4702,3645,4074
"40D2E883AF32D84EAAD8E5D4215DF94BB5A1FE23","UNO_Data\StreamingAssets\preinstall\theme\brawlhalla\animation\tutorial_arrow\materials.b",19883,19883,11055,4075
"40D2E883AF32D84EAAD8E5D4215DF94BB5A1FE23","UNO_Data\StreamingAssets\preinstall\theme\brawlhalla\animation\tutorial_arrow\texture.b",43091,43091,38269,4076
"40D2E883AF32D84EAAD8E5D4215DF94BB5A1FE23","UNO_Data\StreamingAssets\preinstall\theme\brawlhalla\animation\voice_chat\anicontroller.b",4692,4692,3632,4077
"40D2E883AF32D84EAAD8E5D4215DF94BB5A1FE23","UNO_Data\StreamingAssets\preinstall\theme\brawlhalla\animation\voice_chat\materials.b",2728,2728,2155,4078
"40D2E883AF32D84EAAD8E5D4215DF94BB5A1FE23","UNO_Data\StreamingAssets\preinstall\theme\brawlhalla\animation\voice_chat\texture.b",26136,26136,23508,4079
"40D2E883AF32D84EAAD8E5D4215DF94BB5A1FE23","UNO_Data\StreamingAssets\preinstall\theme\brawlhalla\animation\wild\anicontroller.b",6195,6195,4970,4080
"40D2E883AF32D84EAAD8E5D4215DF94BB5A1FE23","UNO_Data\StreamingAssets\preinstall\theme\brawlhalla\animation\wild_ps4_cross_button\materials.b",44049,44049,31902,4081
"40D2E883AF32D84EAAD8E5D4215DF94BB5A1FE23","UNO_Data\StreamingAssets\preinstall\theme\brawlhalla\animation\xbox1_cross_button\anicontroller.b",5614,5614,4485,4082
"40D2E883AF32D84EAAD8E5D4215DF94BB5A1FE23","UNO_Data\StreamingAssets\preinstall\theme\brawlhalla\animation\xbox1_cross_button\materials.b",2660,2660,2089,4083
"40D2E883AF32D84EAAD8E5D4215DF94BB5A1FE23","UNO_Data\StreamingAssets\preinstall\theme\brawlhalla\animation\xbox1_cross_button\mesh.b",61850,61850,47133,4084
"40D2E883AF32D84EAAD8E5D4215DF94BB5A1FE23","UNO_Data\StreamingAssets\preinstall\theme\brawlhalla\animation\xbox1_cross_button\texture.b",2251,2251,1657,4085
"40D2E883AF32D84EAAD8E5D4215DF94BB5A1FE23","UNO_Data\StreamingAssets\preinstall\theme\brawlhalla\background\vfx.b",1124887,1124887,583654,4086
"40D2E883AF32D84EAAD8E5D4215DF94BB5A1FE23","UNO_Data\StreamingAssets\preinstall\theme\brawlhalla\cardanimation\sevenzero.b",6415,6415,4550,4087
"40D2E883AF32D84EAAD8E5D4215DF94BB5A1FE23","UNO_Data\StreamingAssets\preinstall\theme\brawlhalla\cardcoveringeffect\colorchangeeffect.b",645076,645076,539042,4088
"40D2E883AF32D84EAAD8E5D4215DF94BB5A1FE23","UNO_Data\StreamingAssets\preinstall\theme\brawlhalla\classic_board\board_circle.b",366614,366614,283908,4089
"40D2E883AF32D84EAAD8E5D4215DF94BB5A1FE23","UNO_Data\StreamingAssets\preinstall\theme\brawlhalla\classic_board\board_glow.b",253895,253895,222026,4090
"40D2E883AF32D84EAAD8E5D4215DF94BB5A1FE23","UNO_Data\StreamingAssets\preinstall\theme\brawlhalla\classic_board\board_red.b",135628,135628,112897,4091
"40D2E883AF32D84EAAD8E5D4215DF94BB5A1FE23","UNO_Data\StreamingAssets\preinstall\theme\brawlhalla\classic_board\board_yellow.b",451477,451477,383456,4092
"40D2E883AF32D84EAAD8E5D4215DF94BB5A1FE23","UNO_Data\StreamingAssets\preinstall\theme\brawlhalla\classic_board\card_deck.b",122500,122500,99489,4093
"40D2E883AF32D84EAAD8E5D4215DF94BB5A1FE23","UNO_Data\StreamingAssets\preinstall\theme\brawlhalla\gfx\card_shadow.b",52239,52239,37638,4094
"40D2E883AF32D84EAAD8E5D4215DF94BB5A1FE23","UNO_Data\StreamingAssets\preinstall\theme\brawlhalla\gfx\mats.b",946242,946242,735450,4095
"40D2E883AF32D84EAAD8E5D4215DF94BB5A1FE23","UNO_Data\StreamingAssets\preinstall\theme\brawlhalla\gfx\active_player\materials.b",2672,2672,2099,4096
"40D2E883AF32D84EAAD8E5D4215DF94BB5A1FE23","UNO_Data\StreamingAssets\preinstall\theme\brawlhalla\gfx\active_player\mesh.b",54318,54318,40353,4097
"40D2E883AF32D84EAAD8E5D4215DF94BB5A1FE23","UNO_Data\StreamingAssets\preinstall\theme\brawlhalla\gfx\active_player\texture.b",27157,27157,24697,4098
"40D2E883AF32D84EAAD8E5D4215DF94BB5A1FE23","UNO_Data\StreamingAssets\preinstall\theme\brawlhalla\gfx\avater\materials.b",4334,4334,3510,4099
"40D2E883AF32D84EAAD8E5D4215DF94BB5A1FE23","UNO_Data\StreamingAssets\preinstall\theme\brawlhalla\gfx\avater\mesh.b",46508,46508,33355,4100
"40D2E883AF32D84EAAD8E5D4215DF94BB5A1FE23","UNO_Data\StreamingAssets\preinstall\theme\brawlhalla\gfx\avater\texture.b",445636,445636,353703,4101
"40D2E883AF32D84EAAD8E5D4215DF94BB5A1FE23","UNO_Data\StreamingAssets\preinstall\theme\brawlhalla\gfx\background_sphere\materials.b",2921,2921,2327,4102
"40D2E883AF32D84EAAD8E5D4215DF94BB5A1FE23","UNO_Data\StreamingAssets\preinstall\theme\brawlhalla\gfx\background_sphere\mesh.b",66083,66083,50157,4103
"40D2E883AF32D84EAAD8E5D4215DF94BB5A1FE23","UNO_Data\StreamingAssets\preinstall\theme\brawlhalla\gfx\background_sphere\texture.b",104738,104738,75873,4104
"40D2E883AF32D84EAAD8E5D4215DF94BB5A1FE23","UNO_Data\StreamingAssets\preinstall\theme\brawlhalla\gfx\call_uno\materials.b",3360,3360,2742,4105
"40D2E883AF32D84EAAD8E5D4215DF94BB5A1FE23","UNO_Data\StreamingAssets\preinstall\theme\brawlhalla\gfx\call_uno\mesh.b",78810,78810,58351,4106
"40D2E883AF32D84EAAD8E5D4215DF94BB5A1FE23","UNO_Data\StreamingAssets\preinstall\theme\brawlhalla\gfx\call_uno\texture.b",910285,910285,571281,4107
"40D2E883AF32D84EAAD8E5D4215DF94BB5A1FE23","UNO_Data\StreamingAssets\preinstall\theme\brawlhalla\gfx\card_shadow\texture.b",17797,17797,12718,4108
"40D2E883AF32D84EAAD8E5D4215DF94BB5A1FE23","UNO_Data\StreamingAssets\preinstall\theme\brawlhalla\gfx\cursor\materials.b",3268,3268,2630,4109
"40D2E883AF32D84EAAD8E5D4215DF94BB5A1FE23","UNO_Data\StreamingAssets\preinstall\theme\brawlhalla\gfx\cursor\mesh.b",68590,68590,53419,4110
"40D2E883AF32D84EAAD8E5D4215DF94BB5A1FE23","UNO_Data\StreamingAssets\preinstall\theme\brawlhalla\gfx\cursor\texture.b",95184,95184,42799,4111
"40D2E883AF32D84EAAD8E5D4215DF94BB5A1FE23","UNO_Data\StreamingAssets\preinstall\theme\brawlhalla\gfx\drawfour\materials.b",2824,2824,2242,4112
"40D2E883AF32D84EAAD8E5D4215DF94BB5A1FE23","UNO_Data\StreamingAssets\preinstall\theme\brawlhalla\gfx\drawfour\texture.b",376722,376722,330558,4113
"40D2E883AF32D84EAAD8E5D4215DF94BB5A1FE23","UNO_Data\StreamingAssets\preinstall\theme\brawlhalla\gfx\drawtwo\materials.b",2977,2977,2382,4114
"40D2E883AF32D84EAAD8E5D4215DF94BB5A1FE23","UNO_Data\StreamingAssets\preinstall\theme\brawlhalla\gfx\drawtwo\mesh.b",59211,59211,45392,4115
"40D2E883AF32D84EAAD8E5D4215DF94BB5A1FE23","UNO_Data\StreamingAssets\preinstall\theme\brawlhalla\gfx\drawtwo\texture.b",454841,454841,256759,4116
"40D2E883AF32D84EAAD8E5D4215DF94BB5A1FE23","UNO_Data\StreamingAssets\preinstall\theme\brawlhalla\gfx\particle_cardglow\materials.b",3478,3478,2821,4117
"40D2E883AF32D84EAAD8E5D4215DF94BB5A1FE23","UNO_Data\StreamingAssets\preinstall\theme\brawlhalla\gfx\particle_cardglow\mesh.b",53570,53570,39736,4118
"40D2E883AF32D84EAAD8E5D4215DF94BB5A1FE23","UNO_Data\StreamingAssets\preinstall\theme\brawlhalla\gfx\particle_cardglow\texture.b",311330,311330,249962,4119
"40D2E883AF32D84EAAD8E5D4215DF94BB5A1FE23","UNO_Data\StreamingAssets\preinstall\theme\brawlhalla\gfx\reverse\materials.b",3374,3374,2748,4120
"40D2E883AF32D84EAAD8E5D4215DF94BB5A1FE23","UNO_Data\StreamingAssets\preinstall\theme\brawlhalla\gfx\reverse\mesh.b",79451,79451,62253,4121
"40D2E883AF32D84EAAD8E5D4215DF94BB5A1FE23","UNO_Data\StreamingAssets\preinstall\theme\brawlhalla\gfx\reverse\texture.b",532944,532944,358063,4122
"40D2E883AF32D84EAAD8E5D4215DF94BB5A1FE23","UNO_Data\StreamingAssets\preinstall\theme\brawlhalla\gfx\sevenzero\materials.b",3409,3409,2775,4123
"40D2E883AF32D84EAAD8E5D4215DF94BB5A1FE23","UNO_Data\StreamingAssets\preinstall\theme\brawlhalla\gfx\sevenzero\mesh.b",155546,155546,106659,4124
"40D2E883AF32D84EAAD8E5D4215DF94BB5A1FE23","UNO_Data\StreamingAssets\preinstall\theme\brawlhalla\gfx\sevenzero\texture.b",899350,899350,562950,4125
"40D2E883AF32D84EAAD8E5D4215DF94BB5A1FE23","UNO_Data\StreamingAssets\preinstall\theme\brawlhalla\gfx\single_card\materials.b",2784,2784,2210,4126
"40D2E883AF32D84EAAD8E5D4215DF94BB5A1FE23","UNO_Data\StreamingAssets\preinstall\theme\brawlhalla\gfx\single_card\texture.b",162360,162360,137329,4127
"40D2E883AF32D84EAAD8E5D4215DF94BB5A1FE23","UNO_Data\StreamingAssets\preinstall\theme\brawlhalla\gfx\skip\materials.b",3361,3361,2728,4128
"40D2E883AF32D84EAAD8E5D4215DF94BB5A1FE23","UNO_Data\StreamingAssets\preinstall\theme\brawlhalla\gfx\skip\mesh.b",83785,83785,63137,4129
"40D2E883AF32D84EAAD8E5D4215DF94BB5A1FE23","UNO_Data\StreamingAssets\preinstall\theme\brawlhalla\gfx\skip\texture.b",619684,619684,469051,4130
"40D2E883AF32D84EAAD8E5D4215DF94BB5A1FE23","UNO_Data\StreamingAssets\preinstall\theme\brawlhalla\gfx\touch_screen\materials.b",2664,2664,2087,4131
"40D2E883AF32D84EAAD8E5D4215DF94BB5A1FE23","UNO_Data\StreamingAssets\preinstall\theme\brawlhalla\gfx\touch_screen\texture.b",14067,14067,12362,4132
"40D2E883AF32D84EAAD8E5D4215DF94BB5A1FE23","UNO_Data\StreamingAssets\preinstall\theme\brawlhalla\skybox\materials.b",2713,2713,2149,4133
"40D2E883AF32D84EAAD8E5D4215DF94BB5A1FE23","UNO_Data\StreamingAssets\preinstall\theme\brawlhalla\skybox\texture.b",161552,161552,130206,4134
"40D2E883AF32D84EAAD8E5D4215DF94BB5A1FE23","UNO_Data\StreamingAssets\preinstall\theme\classic\cards.b",2861,2861,2272,4135
"40D2E883AF32D84EAAD8E5D4215DF94BB5A1FE23","UNO_Data\StreamingAssets\preinstall\theme\classic\gfx.b",55733,55733,37015,4136
"40D2E883AF32D84EAAD8E5D4215DF94BB5A1FE23","UNO_Data\StreamingAssets\preinstall\theme\classic\themecards.b",707340,707340,601345,4137
"40D2E883AF32D84EAAD8E5D4215DF94BB5A1FE23","UNO_Data\StreamingAssets\preinstall\theme\classic\wildweeks_arrows.b",2734,2734,2163,4138
"40D2E883AF32D84EAAD8E5D4215DF94BB5A1FE23","UNO_Data\StreamingAssets\preinstall\theme\classic\wildweeks_background.b",2528,2528,1972,4139
"40D2E883AF32D84EAAD8E5D4215DF94BB5A1FE23","UNO_Data\StreamingAssets\preinstall\theme\classic\animation\active_player.b",7840,7840,5636,4140
"40D2E883AF32D84EAAD8E5D4215DF94BB5A1FE23","UNO_Data\StreamingAssets\preinstall\theme\classic\animation\arrows.b",21510,21510,17137,4141
"40D2E883AF32D84EAAD8E5D4215DF94BB5A1FE23","UNO_Data\StreamingAssets\preinstall\theme\classic\animation\avater.b",9632,9632,7163,4142
"40D2E883AF32D84EAAD8E5D4215DF94BB5A1FE23","UNO_Data\StreamingAssets\preinstall\theme\classic\animation\board_circle.b",6470,6470,4541,4143
"40D2E883AF32D84EAAD8E5D4215DF94BB5A1FE23","UNO_Data\StreamingAssets\preinstall\theme\classic\animation\button_glow.b",154314,154314,130256,4144
"40D2E883AF32D84EAAD8E5D4215DF94BB5A1FE23","UNO_Data\StreamingAssets\preinstall\theme\classic\animation\call_uno.b",22067,22067,19158,4145
"40D2E883AF32D84EAAD8E5D4215DF94BB5A1FE23","UNO_Data\StreamingAssets\preinstall\theme\classic\animation\challenge_wilddraw4.b",10894,10894,8300,4146
"40D2E883AF32D84EAAD8E5D4215DF94BB5A1FE23","UNO_Data\StreamingAssets\preinstall\theme\classic\animation\deck_sfx.b",6588,6588,4665,4147
"40D2E883AF32D84EAAD8E5D4215DF94BB5A1FE23","UNO_Data\StreamingAssets\preinstall\theme\classic\animation\didnt_calluno.b",6515,6515,4661,4148
"40D2E883AF32D84EAAD8E5D4215DF94BB5A1FE23","UNO_Data\StreamingAssets\preinstall\theme\classic\animation\drawcard.b",6599,6599,4740,4149
"40D2E883AF32D84EAAD8E5D4215DF94BB5A1FE23","UNO_Data\StreamingAssets\preinstall\theme\classic\animation\drawtwo.b",19671,19671,13566,4150
"40D2E883AF32D84EAAD8E5D4215DF94BB5A1FE23","UNO_Data\StreamingAssets\preinstall\theme\classic\animation\joker.b",235689,235689,196294,4151
"40D2E883AF32D84EAAD8E5D4215DF94BB5A1FE23","UNO_Data\StreamingAssets\preinstall\theme\classic\animation\jump_in.b",79546,79546,60983,4152
"40D2E883AF32D84EAAD8E5D4215DF94BB5A1FE23","UNO_Data\StreamingAssets\preinstall\theme\classic\animation\particle_cardglow.b",6112,6112,4303,4153
"40D2E883AF32D84EAAD8E5D4215DF94BB5A1FE23","UNO_Data\StreamingAssets\preinstall\theme\classic\animation\preparecalluno.b",6959,6959,5065,4154
"40D2E883AF32D84EAAD8E5D4215DF94BB5A1FE23","UNO_Data\StreamingAssets\preinstall\theme\classic\animation\ps4_cross_button.b",115026,115026,91982,4155
"40D2E883AF32D84EAAD8E5D4215DF94BB5A1FE23","UNO_Data\StreamingAssets\preinstall\theme\classic\animation\reverse.b",8251,8251,6265,4156
"40D2E883AF32D84EAAD8E5D4215DF94BB5A1FE23","UNO_Data\StreamingAssets\preinstall\theme\classic\animation\sevenzero.b",30977,30977,19724,4157
"40D2E883AF32D84EAAD8E5D4215DF94BB5A1FE23","UNO_Data\StreamingAssets\preinstall\theme\classic\animation\single_card.b",6201,6201,4368,4158
"40D2E883AF32D84EAAD8E5D4215DF94BB5A1FE23","UNO_Data\StreamingAssets\preinstall\theme\classic\animation\skip.b",10737,10737,8240,4159
"40D2E883AF32D84EAAD8E5D4215DF94BB5A1FE23","UNO_Data\StreamingAssets\preinstall\theme\classic\animation\stacking.b",11085,11085,8812,4160
"40D2E883AF32D84EAAD8E5D4215DF94BB5A1FE23","UNO_Data\StreamingAssets\preinstall\theme\classic\animation\touch_screen.b",6507,6507,4616,4161
"40D2E883AF32D84EAAD8E5D4215DF94BB5A1FE23","UNO_Data\StreamingAssets\preinstall\theme\classic\animation\tutorial_arrow.b",6137,6137,4336,4162
"40D2E883AF32D84EAAD8E5D4215DF94BB5A1FE23","UNO_Data\StreamingAssets\preinstall\theme\classic\animation\voice_chat.b",7342,7342,5401,4163
"40D2E883AF32D84EAAD8E5D4215DF94BB5A1FE23","UNO_Data\StreamingAssets\preinstall\theme\classic\animation\wild.b",241667,241667,201199,4164
"40D2E883AF32D84EAAD8E5D4215DF94BB5A1FE23","UNO_Data\StreamingAssets\preinstall\theme\classic\animation\wild_ps4_cross_button.b",2767,2767,1702,4165
"40D2E883AF32D84EAAD8E5D4215DF94BB5A1FE23","UNO_Data\StreamingAssets\preinstall\theme\classic\animation\xbox1_cross_button.b",11807,11807,9008,4166
"40D2E883AF32D84EAAD8E5D4215DF94BB5A1FE23","UNO_Data\StreamingAssets\preinstall\theme\classic\animation\active_player\anicontroller.b",6794,6794,5476,4167
"40D2E883AF32D84EAAD8E5D4215DF94BB5A1FE23","UNO_Data\StreamingAssets\preinstall\theme\classic\animation\arrows\anicontroller.b",5226,5226,4141,4168
"40D2E883AF32D84EAAD8E5D4215DF94BB5A1FE23","UNO_Data\StreamingAssets\preinstall\theme\classic\animation\arrows\materials.b",2687,2687,2122,4169
"40D2E883AF32D84EAAD8E5D4215DF94BB5A1FE23","UNO_Data\StreamingAssets\preinstall\theme\classic\animation\arrows\texture.b",347563,347563,301841,4170
"40D2E883AF32D84EAAD8E5D4215DF94BB5A1FE23","UNO_Data\StreamingAssets\preinstall\theme\classic\animation\avater\anicontroller.b",5574,5574,4449,4171
"40D2E883AF32D84EAAD8E5D4215DF94BB5A1FE23","UNO_Data\StreamingAssets\preinstall\theme\classic\animation\board_circle\anicontroller.b",4693,4693,3669,4172
"40D2E883AF32D84EAAD8E5D4215DF94BB5A1FE23","UNO_Data\StreamingAssets\preinstall\theme\classic\animation\button_glow\anicontroller.b",5038,5038,3972,4173
"40D2E883AF32D84EAAD8E5D4215DF94BB5A1FE23","UNO_Data\StreamingAssets\preinstall\theme\classic\animation\button_glow\materials.b",42322,42322,30413,4174
"40D2E883AF32D84EAAD8E5D4215DF94BB5A1FE23","UNO_Data\StreamingAssets\preinstall\theme\classic\animation\call_uno\anicontroller.b",4687,4687,3628,4175
"40D2E883AF32D84EAAD8E5D4215DF94BB5A1FE23","UNO_Data\StreamingAssets\preinstall\theme\classic\animation\challenge_wilddraw4\anicontroller.b",6555,6555,5250,4176
"40D2E883AF32D84EAAD8E5D4215DF94BB5A1FE23","UNO_Data\StreamingAssets\preinstall\theme\classic\animation\challenge_wilddraw4\materials.b",2803,2803,2222,4177
"40D2E883AF32D84EAAD8E5D4215DF94BB5A1FE23","UNO_Data\StreamingAssets\preinstall\theme\classic\animation\challenge_wilddraw4\mesh.b",46569,46569,33357,4178
"40D2E883AF32D84EAAD8E5D4215DF94BB5A1FE23","UNO_Data\StreamingAssets\preinstall\theme\classic\animation\challenge_wilddraw4\texture.b",588175,588175,506822,4179
"40D2E883AF32D84EAAD8E5D4215DF94BB5A1FE23","UNO_Data\StreamingAssets\preinstall\theme\classic\animation\deck_sfx\anicontroller.b",4671,4671,3619,4180
"40D2E883AF32D84EAAD8E5D4215DF94BB5A1FE23","UNO_Data\StreamingAssets\preinstall\theme\classic\animation\didnt_calluno\anicontroller.b",4685,4685,3628,4181
"40D2E883AF32D84EAAD8E5D4215DF94BB5A1FE23","UNO_Data\StreamingAssets\preinstall\theme\classic\animation\didnt_calluno\materials.b",2576,2576,2024,4182
"40D2E883AF32D84EAAD8E5D4215DF94BB5A1FE23","UNO_Data\StreamingAssets\preinstall\theme\classic\animation\didnt_calluno\mesh.b",53556,53556,38544,4183
"40D2E883AF32D84EAAD8E5D4215DF94BB5A1FE23","UNO_Data\StreamingAssets\preinstall\theme\classic\animation\didnt_calluno\texture.b",11378,11378,9236,4184
"40D2E883AF32D84EAAD8E5D4215DF94BB5A1FE23","UNO_Data\StreamingAssets\preinstall\theme\classic\animation\drawcard\anicontroller.b",4925,4925,3869,4185
"40D2E883AF32D84EAAD8E5D4215DF94BB5A1FE23","UNO_Data\StreamingAssets\preinstall\theme\classic\animation\drawcard\materials.b",2840,2840,2257,4186
"40D2E883AF32D84EAAD8E5D4215DF94BB5A1FE23","UNO_Data\StreamingAssets\preinstall\theme\classic\animation\drawcard\mesh.b",47280,47280,34079,4187
"40D2E883AF32D84EAAD8E5D4215DF94BB5A1FE23","UNO_Data\StreamingAssets\preinstall\theme\classic\animation\drawcard\texture.b",134406,134406,107545,4188
"40D2E883AF32D84EAAD8E5D4215DF94BB5A1FE23","UNO_Data\StreamingAssets\preinstall\theme\classic\animation\drawtwo\anicontroller.b",12018,12018,10104,4189
"40D2E883AF32D84EAAD8E5D4215DF94BB5A1FE23","UNO_Data\StreamingAssets\preinstall\theme\classic\animation\drawtwo\choosebottomplaceholder.b",10610,10610,7776,4190
"40D2E883AF32D84EAAD8E5D4215DF94BB5A1FE23","UNO_Data\StreamingAssets\preinstall\theme\classic\animation\joker\anicontroller.b",6192,6192,4923,4191
"40D2E883AF32D84EAAD8E5D4215DF94BB5A1FE23","UNO_Data\StreamingAssets\preinstall\theme\classic\animation\jump_in\anicontroller.b",5621,5621,4482,4192
"40D2E883AF32D84EAAD8E5D4215DF94BB5A1FE23","UNO_Data\StreamingAssets\preinstall\theme\classic\animation\jump_in\materials.b",2892,2892,2309,4193
"40D2E883AF32D84EAAD8E5D4215DF94BB5A1FE23","UNO_Data\StreamingAssets\preinstall\theme\classic\animation\jump_in\mesh.b",59301,59301,44016,4194
"40D2E883AF32D84EAAD8E5D4215DF94BB5A1FE23","UNO_Data\StreamingAssets\preinstall\theme\classic\animation\jump_in\texture.b",143943,143943,112147,4195
"40D2E883AF32D84EAAD8E5D4215DF94BB5A1FE23","UNO_Data\StreamingAssets\preinstall\theme\classic\animation\particle_cardglow\anicontroller.b",4693,4693,3664,4196
"40D2E883AF32D84EAAD8E5D4215DF94BB5A1FE23","UNO_Data\StreamingAssets\preinstall\theme\classic\animation\preparecalluno\anicontroller.b",5074,5074,3998,4197
"40D2E883AF32D84EAAD8E5D4215DF94BB5A1FE23","UNO_Data\StreamingAssets\preinstall\theme\classic\animation\ps4_cross_button\anicontroller.b",5183,5183,4101,4198
"40D2E883AF32D84EAAD8E5D4215DF94BB5A1FE23","UNO_Data\StreamingAssets\preinstall\theme\classic\animation\reverse\anicontroller.b",5132,5132,4052,4199
"40D2E883AF32D84EAAD8E5D4215DF94BB5A1FE23","UNO_Data\StreamingAssets\preinstall\theme\classic\animation\sevenzero\anicontroller.b",14443,14443,12190,4200
"40D2E883AF32D84EAAD8E5D4215DF94BB5A1FE23","UNO_Data\StreamingAssets\preinstall\theme\classic\animation\sevenzero\materials.b",2672,2672,2102,4201
"40D2E883AF32D84EAAD8E5D4215DF94BB5A1FE23","UNO_Data\StreamingAssets\preinstall\theme\classic\animation\single_card\anicontroller.b",4720,4720,3654,4202
"40D2E883AF32D84EAAD8E5D4215DF94BB5A1FE23","UNO_Data\StreamingAssets\preinstall\theme\classic\animation\skip\anicontroller.b",7487,7487,6115,4203
"40D2E883AF32D84EAAD8E5D4215DF94BB5A1FE23","UNO_Data\StreamingAssets\preinstall\theme\classic\animation\stacking\anicontroller.b",5907,5907,4710,4204
"40D2E883AF32D84EAAD8E5D4215DF94BB5A1FE23","UNO_Data\StreamingAssets\preinstall\theme\classic\animation\stacking\materials.b",2827,2827,2250,4205
"40D2E883AF32D84EAAD8E5D4215DF94BB5A1FE23","UNO_Data\StreamingAssets\preinstall\theme\classic\animation\stacking\texture.b",247938,247938,211705,4206
"40D2E883AF32D84EAAD8E5D4215DF94BB5A1FE23","UNO_Data\StreamingAssets\preinstall\theme\classic\animation\touch_screen\anicontroller.b",4920,4920,3857,4207
"40D2E883AF32D84EAAD8E5D4215DF94BB5A1FE23","UNO_Data\StreamingAssets\preinstall\theme\classic\animation\tutorial_arrow\anicontroller.b",4692,4692,3664,4208
"40D2E883AF32D84EAAD8E5D4215DF94BB5A1FE23","UNO_Data\StreamingAssets\preinstall\theme\classic\animation\tutorial_arrow\materials.b",19859,19859,11041,4209
"40D2E883AF32D84EAAD8E5D4215DF94BB5A1FE23","UNO_Data\StreamingAssets\preinstall\theme\classic\animation\tutorial_arrow\texture.b",43088,43088,38252,4210
"40D2E883AF32D84EAAD8E5D4215DF94BB5A1FE23","UNO_Data\StreamingAssets\preinstall\theme\classic\animation\voice_chat\anicontroller.b",4680,4680,3619,4211
"40D2E883AF32D84EAAD8E5D4215DF94BB5A1FE23","UNO_Data\StreamingAssets\preinstall\theme\classic\animation\voice_chat\materials.b",2716,2716,2149,4212
"40D2E883AF32D84EAAD8E5D4215DF94BB5A1FE23","UNO_Data\StreamingAssets\preinstall\theme\classic\animation\voice_chat\texture.b",26129,26129,23505,4213
"40D2E883AF32D84EAAD8E5D4215DF94BB5A1FE23","UNO_Data\StreamingAssets\preinstall\theme\classic\animation\wild\anicontroller.b",6182,6182,4962,4214
"40D2E883AF32D84EAAD8E5D4215DF94BB5A1FE23","UNO_Data\StreamingAssets\preinstall\theme\classic\animation\wild_ps4_cross_button\materials.b",44009,44009,31861,4215
"40D2E883AF32D84EAAD8E5D4215DF94BB5A1FE23","UNO_Data\StreamingAssets\preinstall\theme\classic\animation\xbox1_cross_button\anicontroller.b",5597,5597,4469,4216
"40D2E883AF32D84EAAD8E5D4215DF94BB5A1FE23","UNO_Data\StreamingAssets\preinstall\theme\classic\animation\xbox1_cross_button\materials.b",2626,2626,2057,4217
"40D2E883AF32D84EAAD8E5D4215DF94BB5A1FE23","UNO_Data\StreamingAssets\preinstall\theme\classic\animation\xbox1_cross_button\mesh.b",61710,61710,47015,4218
"40D2E883AF32D84EAAD8E5D4215DF94BB5A1FE23","UNO_Data\StreamingAssets\preinstall\theme\classic\animation\xbox1_cross_button\texture.b",2242,2242,1692,4219
"40D2E883AF32D84EAAD8E5D4215DF94BB5A1FE23","UNO_Data\StreamingAssets\preinstall\theme\classic\cardanimation\sevenzero.b",6401,6401,4539,4220
"40D2E883AF32D84EAAD8E5D4215DF94BB5A1FE23","UNO_Data\StreamingAssets\preinstall\theme\classic\cardcoveringeffect\colorchangeeffect.b",183450,183450,140182,4221
"40D2E883AF32D84EAAD8E5D4215DF94BB5A1FE23","UNO_Data\StreamingAssets\preinstall\theme\classic\classic_board\board_circle.b",366472,366472,283533,4222
"40D2E883AF32D84EAAD8E5D4215DF94BB5A1FE23","UNO_Data\StreamingAssets\preinstall\theme\classic\classic_board\board_glow.b",204676,204676,184355,4223
"40D2E883AF32D84EAAD8E5D4215DF94BB5A1FE23","UNO_Data\StreamingAssets\preinstall\theme\classic\classic_board\board_red.b",86030,86030,74968,4224
"40D2E883AF32D84EAAD8E5D4215DF94BB5A1FE23","UNO_Data\StreamingAssets\preinstall\theme\classic\classic_board\board_yellow.b",402252,402252,345774,4225
"40D2E883AF32D84EAAD8E5D4215DF94BB5A1FE23","UNO_Data\StreamingAssets\preinstall\theme\classic\classic_board\card_deck.b",73723,73723,62371,4226
"40D2E883AF32D84EAAD8E5D4215DF94BB5A1FE23","UNO_Data\StreamingAssets\preinstall\theme\classic\gfx\card_shadow.b",11011,11011,8496,4227
"40D2E883AF32D84EAAD8E5D4215DF94BB5A1FE23","UNO_Data\StreamingAssets\preinstall\theme\classic\gfx\mats.b",947805,947805,737144,4228
"40D2E883AF32D84EAAD8E5D4215DF94BB5A1FE23","UNO_Data\StreamingAssets\preinstall\theme\classic\gfx\active_player\materials.b",2661,2661,2090,4229
"40D2E883AF32D84EAAD8E5D4215DF94BB5A1FE23","UNO_Data\StreamingAssets\preinstall\theme\classic\gfx\active_player\mesh.b",54409,54409,40407,4230
"40D2E883AF32D84EAAD8E5D4215DF94BB5A1FE23","UNO_Data\StreamingAssets\preinstall\theme\classic\gfx\active_player\texture.b",27151,27151,24706,4231
"40D2E883AF32D84EAAD8E5D4215DF94BB5A1FE23","UNO_Data\StreamingAssets\preinstall\theme\classic\gfx\avater\materials.b",4336,4336,3522,4232
"40D2E883AF32D84EAAD8E5D4215DF94BB5A1FE23","UNO_Data\StreamingAssets\preinstall\theme\classic\gfx\avater\mesh.b",46625,46625,33444,4233
"40D2E883AF32D84EAAD8E5D4215DF94BB5A1FE23","UNO_Data\StreamingAssets\preinstall\theme\classic\gfx\avater\texture.b",445720,445720,353122,4234
"40D2E883AF32D84EAAD8E5D4215DF94BB5A1FE23","UNO_Data\StreamingAssets\preinstall\theme\classic\gfx\background_sphere\materials.b",2913,2913,2323,4235
"40D2E883AF32D84EAAD8E5D4215DF94BB5A1FE23","UNO_Data\StreamingAssets\preinstall\theme\classic\gfx\background_sphere\mesh.b",65643,65643,50113,4236
"40D2E883AF32D84EAAD8E5D4215DF94BB5A1FE23","UNO_Data\StreamingAssets\preinstall\theme\classic\gfx\background_sphere\texture.b",104563,104563,75575,4237
"40D2E883AF32D84EAAD8E5D4215DF94BB5A1FE23","UNO_Data\StreamingAssets\preinstall\theme\classic\gfx\call_uno\materials.b",3374,3374,2752,4238
"40D2E883AF32D84EAAD8E5D4215DF94BB5A1FE23","UNO_Data\StreamingAssets\preinstall\theme\classic\gfx\call_uno\mesh.b",79173,79173,58923,4239
"40D2E883AF32D84EAAD8E5D4215DF94BB5A1FE23","UNO_Data\StreamingAssets\preinstall\theme\classic\gfx\call_uno\texture.b",910616,910616,573058,4240
"40D2E883AF32D84EAAD8E5D4215DF94BB5A1FE23","UNO_Data\StreamingAssets\preinstall\theme\classic\gfx\card_shadow\texture.b",17877,17877,12730,4241
"40D2E883AF32D84EAAD8E5D4215DF94BB5A1FE23","UNO_Data\StreamingAssets\preinstall\theme\classic\gfx\cursor\materials.b",3259,3259,2619,4242
"40D2E883AF32D84EAAD8E5D4215DF94BB5A1FE23","UNO_Data\StreamingAssets\preinstall\theme\classic\gfx\cursor\mesh.b",68710,68710,53396,4243
"40D2E883AF32D84EAAD8E5D4215DF94BB5A1FE23","UNO_Data\StreamingAssets\preinstall\theme\classic\gfx\cursor\texture.b",95547,95547,42540,4244
"40D2E883AF32D84EAAD8E5D4215DF94BB5A1FE23","UNO_Data\StreamingAssets\preinstall\theme\classic\gfx\drawfour\materials.b",2812,2812,2233,4245
"40D2E883AF32D84EAAD8E5D4215DF94BB5A1FE23","UNO_Data\StreamingAssets\preinstall\theme\classic\gfx\drawfour\texture.b",376493,376493,330769,4246
"40D2E883AF32D84EAAD8E5D4215DF94BB5A1FE23","UNO_Data\StreamingAssets\preinstall\theme\classic\gfx\drawtwo\materials.b",2961,2961,2359,4247
"40D2E883AF32D84EAAD8E5D4215DF94BB5A1FE23","UNO_Data\StreamingAssets\preinstall\theme\classic\gfx\drawtwo\mesh.b",59222,59222,45414,4248
"40D2E883AF32D84EAAD8E5D4215DF94BB5A1FE23","UNO_Data\StreamingAssets\preinstall\theme\classic\gfx\drawtwo\texture.b",454936,454936,257606,4249
"40D2E883AF32D84EAAD8E5D4215DF94BB5A1FE23","UNO_Data\StreamingAssets\preinstall\theme\classic\gfx\particle_cardglow\materials.b",3475,3475,2811,4250
"40D2E883AF32D84EAAD8E5D4215DF94BB5A1FE23","UNO_Data\StreamingAssets\preinstall\theme\classic\gfx\particle_cardglow\mesh.b",53213,53213,39374,4251
"40D2E883AF32D84EAAD8E5D4215DF94BB5A1FE23","UNO_Data\StreamingAssets\preinstall\theme\classic\gfx\particle_cardglow\texture.b",310647,310647,251040,4252
"40D2E883AF32D84EAAD8E5D4215DF94BB5A1FE23","UNO_Data\StreamingAssets\preinstall\theme\classic\gfx\reverse\materials.b",3360,3360,2733,4253
"40D2E883AF32D84EAAD8E5D4215DF94BB5A1FE23","UNO_Data\StreamingAssets\preinstall\theme\classic\gfx\reverse\mesh.b",79838,79838,62613,4254
"40D2E883AF32D84EAAD8E5D4215DF94BB5A1FE23","UNO_Data\StreamingAssets\preinstall\theme\classic\gfx\reverse\texture.b",532868,532868,362532,4255
"40D2E883AF32D84EAAD8E5D4215DF94BB5A1FE23","UNO_Data\StreamingAssets\preinstall\theme\classic\gfx\sevenzero\materials.b",3416,3416,2776,4256
"40D2E883AF32D84EAAD8E5D4215DF94BB5A1FE23","UNO_Data\StreamingAssets\preinstall\theme\classic\gfx\sevenzero\mesh.b",153453,153453,106289,4257
"40D2E883AF32D84EAAD8E5D4215DF94BB5A1FE23","UNO_Data\StreamingAssets\preinstall\theme\classic\gfx\sevenzero\texture.b",897792,897792,570056,4258
"40D2E883AF32D84EAAD8E5D4215DF94BB5A1FE23","UNO_Data\StreamingAssets\preinstall\theme\classic\gfx\single_card\materials.b",2802,2802,2218,4259
"40D2E883AF32D84EAAD8E5D4215DF94BB5A1FE23","UNO_Data\StreamingAssets\preinstall\theme\classic\gfx\single_card\texture.b",162289,162289,138074,4260
"40D2E883AF32D84EAAD8E5D4215DF94BB5A1FE23","UNO_Data\StreamingAssets\preinstall\theme\classic\gfx\skip\materials.b",3334,3334,2710,4261
"40D2E883AF32D84EAAD8E5D4215DF94BB5A1FE23","UNO_Data\StreamingAssets\preinstall\theme\classic\gfx\skip\mesh.b",82621,82621,62927,4262
"40D2E883AF32D84EAAD8E5D4215DF94BB5A1FE23","UNO_Data\StreamingAssets\preinstall\theme\classic\gfx\skip\texture.b",620086,620086,467216,4263
"40D2E883AF32D84EAAD8E5D4215DF94BB5A1FE23","UNO_Data\StreamingAssets\preinstall\theme\classic\gfx\touch_screen\materials.b",2658,2658,2078,4264
"40D2E883AF32D84EAAD8E5D4215DF94BB5A1FE23","UNO_Data\StreamingAssets\preinstall\theme\classic\gfx\touch_screen\texture.b",14069,14069,12381,4265
"40D2E883AF32D84EAAD8E5D4215DF94BB5A1FE23","UNO_Data\StreamingAssets\preinstall\theme\classic\skybox\materials.b",2702,2702,2141,4266
"40D2E883AF32D84EAAD8E5D4215DF94BB5A1FE23","UNO_Data\StreamingAssets\preinstall\theme\classic\skybox\texture.b",158592,158592,129186,4267
"40D2E883AF32D84EAAD8E5D4215DF94BB5A1FE23","UNO_Data\StreamingAssets\preinstall\theme\classic\wildweeks_background\board_circle.b",367893,367893,284895,4268
"40D2E883AF32D84EAAD8E5D4215DF94BB5A1FE23","UNO_Data\StreamingAssets\preinstall\theme\classic\wildweeks_background\board_glow.b",361517,361517,273893,4269
"40D2E883AF32D84EAAD8E5D4215DF94BB5A1FE23","UNO_Data\StreamingAssets\preinstall\theme\classic\wildweeks_background\board_red.b",178646,178646,102567,4270
"40D2E883AF32D84EAAD8E5D4215DF94BB5A1FE23","UNO_Data\StreamingAssets\preinstall\theme\classic\wildweeks_background\board_yellow.b",1000999,1000999,560142,4271
"40D2E883AF32D84EAAD8E5D4215DF94BB5A1FE23","UNO_Data\StreamingAssets\preinstall\theme\classic\wildweeks_background\card_deck.b",73534,73534,62340,4272
"40D2E883AF32D84EAAD8E5D4215DF94BB5A1FE23","UNO_Data\StreamingAssets\preinstall\theme\common\cardcoveringeffect.b",54298,54298,39377,4273
"40D2E883AF32D84EAAD8E5D4215DF94BB5A1FE23","UNO_Data\StreamingAssets\preinstall\theme\common\cards.b",828976,828976,617895,4274
"40D2E883AF32D84EAAD8E5D4215DF94BB5A1FE23","UNO_Data\StreamingAssets\preinstall\theme\common\colorblind.b",1206522,1206522,927646,4275
"40D2E883AF32D84EAAD8E5D4215DF94BB5A1FE23","UNO_Data\StreamingAssets\preinstall\theme\common\jump_in.b",2673,2673,2097,4276
"40D2E883AF32D84EAAD8E5D4215DF94BB5A1FE23","UNO_Data\StreamingAssets\preinstall\theme\common\number.b",178482,178482,146277,4277
"40D2E883AF32D84EAAD8E5D4215DF94BB5A1FE23","UNO_Data\StreamingAssets\preinstall\theme\common\themehint.b",2647529,2647529,2108796,4278
"40D2E883AF32D84EAAD8E5D4215DF94BB5A1FE23","UNO_Data\StreamingAssets\preinstall\theme\common\animation\2v2tips.b",9821,9821,7217,4279
"40D2E883AF32D84EAAD8E5D4215DF94BB5A1FE23","UNO_Data\StreamingAssets\preinstall\theme\common\animation\cardsaniamtion.b",279956,279956,194091,4280
"40D2E883AF32D84EAAD8E5D4215DF94BB5A1FE23","UNO_Data\StreamingAssets\preinstall\theme\common\animation\dlc_party.b",15953,15953,12378,4281
"40D2E883AF32D84EAAD8E5D4215DF94BB5A1FE23","UNO_Data\StreamingAssets\preinstall\theme\common\animation\fx_remake_portrait_glowlight.b",12481,12481,9850,4282
"40D2E883AF32D84EAAD8E5D4215DF94BB5A1FE23","UNO_Data\StreamingAssets\preinstall\theme\common\animation\loading.b",12936,12936,10373,4283
"40D2E883AF32D84EAAD8E5D4215DF94BB5A1FE23","UNO_Data\StreamingAssets\preinstall\theme\common\animation\menu_bg.b",938783,938783,802902,4284
"40D2E883AF32D84EAAD8E5D4215DF94BB5A1FE23","UNO_Data\StreamingAssets\preinstall\theme\common\animation\number.b",9404,9404,7297,4285
"40D2E883AF32D84EAAD8E5D4215DF94BB5A1FE23","UNO_Data\StreamingAssets\preinstall\theme\common\animation\timer.b",6579,6579,4688,4286
"40D2E883AF32D84EAAD8E5D4215DF94BB5A1FE23","UNO_Data\StreamingAssets\preinstall\theme\common\animation\wifi.b",9834,9834,7366,4287
"40D2E883AF32D84EAAD8E5D4215DF94BB5A1FE23","UNO_Data\StreamingAssets\preinstall\theme\common\animation\cardsaniamtion\playcards.b",226183,226183,154498,4288
"40D2E883AF32D84EAAD8E5D4215DF94BB5A1FE23","UNO_Data\StreamingAssets\preinstall\theme\common\animation\loading\anicontroller.b",4668,4668,3612,4289
"40D2E883AF32D84EAAD8E5D4215DF94BB5A1FE23","UNO_Data\StreamingAssets\preinstall\theme\common\animation\loading\materials.b",2672,2672,2111,4290
"40D2E883AF32D84EAAD8E5D4215DF94BB5A1FE23","UNO_Data\StreamingAssets\preinstall\theme\common\animation\loading\texture.b",32199,32199,24648,4291
"40D2E883AF32D84EAAD8E5D4215DF94BB5A1FE23","UNO_Data\StreamingAssets\preinstall\theme\common\animation\menu_bg\anicontroller.b",4816,4816,3777,4292
"40D2E883AF32D84EAAD8E5D4215DF94BB5A1FE23","UNO_Data\StreamingAssets\preinstall\theme\common\animation\menu_bg\texture.b",385387,385387,310844,4293
"40D2E883AF32D84EAAD8E5D4215DF94BB5A1FE23","UNO_Data\StreamingAssets\preinstall\theme\common\animation\number\anicontroller.b",5257,5257,4124,4294
"40D2E883AF32D84EAAD8E5D4215DF94BB5A1FE23","UNO_Data\StreamingAssets\preinstall\theme\common\animation\timer\anicontroller.b",4664,4664,3609,4295
"40D2E883AF32D84EAAD8E5D4215DF94BB5A1FE23","UNO_Data\StreamingAssets\preinstall\theme\common\animation\timer\marterials.b",2888,2888,2275,4296
"40D2E883AF32D84EAAD8E5D4215DF94BB5A1FE23","UNO_Data\StreamingAssets\preinstall\theme\common\animation\timer\texture.b",85395,85395,69114,4297
"40D2E883AF32D84EAAD8E5D4215DF94BB5A1FE23","UNO_Data\StreamingAssets\preinstall\theme\common\animation\title_screen_mesh\materials.b",41815,41815,29952,4298
"40D2E883AF32D84EAAD8E5D4215DF94BB5A1FE23","UNO_Data\StreamingAssets\preinstall\theme\common\buttons\anicontroller.b",9634,9634,7120,4299
"40D2E883AF32D84EAAD8E5D4215DF94BB5A1FE23","UNO_Data\StreamingAssets\preinstall\theme\common\buttons\materials.b",5899,5899,5058,4300
"40D2E883AF32D84EAAD8E5D4215DF94BB5A1FE23","UNO_Data\StreamingAssets\preinstall\theme\common\buttons\texture.b",446602,446602,311323,4301
"40D2E883AF32D84EAAD8E5D4215DF94BB5A1FE23","UNO_Data\StreamingAssets\preinstall\theme\common\cardcoveringeffect\colorchangeeffect.b",11575,11575,8721,4302
"40D2E883AF32D84EAAD8E5D4215DF94BB5A1FE23","UNO_Data\StreamingAssets\preinstall\theme\common\cardcoveringeffect\flashlighteffect.b",10768,10768,8094,4303
"40D2E883AF32D84EAAD8E5D4215DF94BB5A1FE23","UNO_Data\StreamingAssets\preinstall\theme\common\cardcoveringeffect\lineartransitioneffect.b",22238,22238,17269,4304
"40D2E883AF32D84EAAD8E5D4215DF94BB5A1FE23","UNO_Data\StreamingAssets\preinstall\theme\common\cardcoveringeffect\colorchangeeffect\materials.b",2683,2683,2111,4305
"40D2E883AF32D84EAAD8E5D4215DF94BB5A1FE23","UNO_Data\StreamingAssets\preinstall\theme\common\cardcoveringeffect\colorchangeeffect\texture.b",43351,43351,37343,4306
"40D2E883AF32D84EAAD8E5D4215DF94BB5A1FE23","UNO_Data\StreamingAssets\preinstall\theme\common\choicetip\valhalla.b",1507242,1507242,1053411,4307
"40D2E883AF32D84EAAD8E5D4215DF94BB5A1FE23","UNO_Data\StreamingAssets\preinstall\theme\common\colorblind\materials.b",42289,42289,30196,4308
"40D2E883AF32D84EAAD8E5D4215DF94BB5A1FE23","UNO_Data\StreamingAssets\preinstall\theme\common\gfx\unlocking_theme.b",11957,11957,9455,4309
"40D2E883AF32D84EAAD8E5D4215DF94BB5A1FE23","UNO_Data\StreamingAssets\preinstall\theme\common\gfx\visualenhance.b",58684,58684,48680,4310
"40D2E883AF32D84EAAD8E5D4215DF94BB5A1FE23","UNO_Data\StreamingAssets\preinstall\theme\common\gfx\shadow\carddeck.b",43702,43702,30898,4311
"40D2E883AF32D84EAAD8E5D4215DF94BB5A1FE23","UNO_Data\StreamingAssets\preinstall\theme\common\gfx\unlocking_theme\anicontroller.b",5145,5145,4045,4312
"40D2E883AF32D84EAAD8E5D4215DF94BB5A1FE23","UNO_Data\StreamingAssets\preinstall\theme\common\gfx\unlocking_theme\materials.b",4229,4229,3522,4313
"40D2E883AF32D84EAAD8E5D4215DF94BB5A1FE23","UNO_Data\StreamingAssets\preinstall\theme\common\gfx\unlocking_theme\mesh.b",127597,127597,101135,4314
"40D2E883AF32D84EAAD8E5D4215DF94BB5A1FE23","UNO_Data\StreamingAssets\preinstall\theme\common\gfx\unlocking_theme\texture.b",2366642,2366642,1964479,4315
"40D2E883AF32D84EAAD8E5D4215DF94BB5A1FE23","UNO_Data\StreamingAssets\preinstall\theme\common\gfx\unlocking_titles\materials.b",2730,2730,2167,4316
"40D2E883AF32D84EAAD8E5D4215DF94BB5A1FE23","UNO_Data\StreamingAssets\preinstall\theme\common\gfx\unlocking_titles\texture.b",65048,65048,56349,4317
"40D2E883AF32D84EAAD8E5D4215DF94BB5A1FE23","UNO_Data\StreamingAssets\preinstall\theme\common\gfx\wifi\material.b",3147,3147,2545,4318
"40D2E883AF32D84EAAD8E5D4215DF94BB5A1FE23","UNO_Data\StreamingAssets\preinstall\theme\common\gfx\wifi\texture.b",228801,228801,182683,4319
"40D2E883AF32D84EAAD8E5D4215DF94BB5A1FE23","UNO_Data\StreamingAssets\preinstall\theme\common\menu_bg_sfx\materials.b",44194,44194,32022,4320
"40D2E883AF32D84EAAD8E5D4215DF94BB5A1FE23","UNO_Data\StreamingAssets\preinstall\theme\common\menu_bg_sfx\texture.b",690287,690287,525516,4321
"40D2E883AF32D84EAAD8E5D4215DF94BB5A1FE23","UNO_Data\StreamingAssets\preinstall\theme\common\mesh\card.b",58061,58061,41735,4322
"40D2E883AF32D84EAAD8E5D4215DF94BB5A1FE23","UNO_Data\StreamingAssets\preinstall\theme\common\mesh\card_deck.b",65439,65439,49272,4323
"40D2E883AF32D84EAAD8E5D4215DF94BB5A1FE23","UNO_Data\StreamingAssets\preinstall\theme\common\mesh\mirror.b",10197,10197,7792,4324
"40D2E883AF32D84EAAD8E5D4215DF94BB5A1FE23","UNO_Data\StreamingAssets\preinstall\theme\common\numbers\materials.b",41787,41787,29929,4325
"40D2E883AF32D84EAAD8E5D4215DF94BB5A1FE23","UNO_Data\StreamingAssets\preinstall\theme\farcry\cards.b",86184,86184,50461,4326
"40D2E883AF32D84EAAD8E5D4215DF94BB5A1FE23","UNO_Data\StreamingAssets\preinstall\theme\farcry\common.b",118017,118017,100037,4327
"40D2E883AF32D84EAAD8E5D4215DF94BB5A1FE23","UNO_Data\StreamingAssets\preinstall\theme\farcry\eventcard.b",3282729,3282729,2726499,4328
"40D2E883AF32D84EAAD8E5D4215DF94BB5A1FE23","UNO_Data\StreamingAssets\preinstall\theme\farcry\farcryhud.b",636762,636762,411954,4329
"40D2E883AF32D84EAAD8E5D4215DF94BB5A1FE23","UNO_Data\StreamingAssets\preinstall\theme\farcry\fx.b",271540,271540,198471,4330
"40D2E883AF32D84EAAD8E5D4215DF94BB5A1FE23","UNO_Data\StreamingAssets\preinstall\theme\farcry\services.b",1857869,1857869,1585867,4331
"40D2E883AF32D84EAAD8E5D4215DF94BB5A1FE23","UNO_Data\StreamingAssets\preinstall\theme\farcry\serviceshop.b",4872688,4872688,3977279,4332
"40D2E883AF32D84EAAD8E5D4215DF94BB5A1FE23","UNO_Data\StreamingAssets\preinstall\theme\farcry\themecards.b",2035704,2035704,1949078,4333
"40D2E883AF32D84EAAD8E5D4215DF94BB5A1FE23","UNO_Data\StreamingAssets\preinstall\theme\farcry\animation\arrows\materials.b",2665,2665,2092,4334
"40D2E883AF32D84EAAD8E5D4215DF94BB5A1FE23","UNO_Data\StreamingAssets\preinstall\theme\farcry\animation\arrows\texture.b",312796,312796,264388,4335
"40D2E883AF32D84EAAD8E5D4215DF94BB5A1FE23","UNO_Data\StreamingAssets\preinstall\theme\farcry\cardanimation\sevenzero.b",6407,6407,4544,4336
"40D2E883AF32D84EAAD8E5D4215DF94BB5A1FE23","UNO_Data\StreamingAssets\preinstall\theme\farcry\cardcoveringeffect\colorchangeeffect.b",1206292,1206292,759356,4337
"40D2E883AF32D84EAAD8E5D4215DF94BB5A1FE23","UNO_Data\StreamingAssets\preinstall\theme\farcry\challenge_wilddraw4\material.b",2555,2555,2002,4338
"40D2E883AF32D84EAAD8E5D4215DF94BB5A1FE23","UNO_Data\StreamingAssets\preinstall\theme\farcry\challenge_wilddraw4\texture.b",179986,179986,136602,4339
"40D2E883AF32D84EAAD8E5D4215DF94BB5A1FE23","UNO_Data\StreamingAssets\preinstall\theme\farcry\drawcard\materials.b",2572,2572,2012,4340
"40D2E883AF32D84EAAD8E5D4215DF94BB5A1FE23","UNO_Data\StreamingAssets\preinstall\theme\farcry\drawcard\texture.b",520535,520535,390928,4341
"40D2E883AF32D84EAAD8E5D4215DF94BB5A1FE23","UNO_Data\StreamingAssets\preinstall\theme\farcry\farcry_board\bananas.b",1380014,1380014,1253843,4342
"40D2E883AF32D84EAAD8E5D4215DF94BB5A1FE23","UNO_Data\StreamingAssets\preinstall\theme\farcry\farcry_board\board_glow.b",2961,2961,2356,4343
"40D2E883AF32D84EAAD8E5D4215DF94BB5A1FE23","UNO_Data\StreamingAssets\preinstall\theme\farcry\farcry_board\car.b",1268058,1268058,1095883,4344
"40D2E883AF32D84EAAD8E5D4215DF94BB5A1FE23","UNO_Data\StreamingAssets\preinstall\theme\farcry\farcry_board\coins.b",328729,328729,297844,4345
"40D2E883AF32D84EAAD8E5D4215DF94BB5A1FE23","UNO_Data\StreamingAssets\preinstall\theme\farcry\farcry_board\leaf.b",5016883,5016883,4516195,4346
"40D2E883AF32D84EAAD8E5D4215DF94BB5A1FE23","UNO_Data\StreamingAssets\preinstall\theme\farcry\farcry_board\mango.b",87214,87214,70435,4347
"40D2E883AF32D84EAAD8E5D4215DF94BB5A1FE23","UNO_Data\StreamingAssets\preinstall\theme\farcry\farcry_board\phone.b",781558,781558,691221,4348
"40D2E883AF32D84EAAD8E5D4215DF94BB5A1FE23","UNO_Data\StreamingAssets\preinstall\theme\farcry\farcry_board\photos.b",1477925,1477925,1282953,4349
"40D2E883AF32D84EAAD8E5D4215DF94BB5A1FE23","UNO_Data\StreamingAssets\preinstall\theme\farcry\farcry_board\remake.b",3450189,3450189,3031006,4350
"40D2E883AF32D84EAAD8E5D4215DF94BB5A1FE23","UNO_Data\StreamingAssets\preinstall\theme\farcry\farcry_board\table.b",4940822,4940822,4461584,4351
"40D2E883AF32D84EAAD8E5D4215DF94BB5A1FE23","UNO_Data\StreamingAssets\preinstall\theme\farcry\farcry_board\volta.b",1721526,1721526,1372469,4352
"40D2E883AF32D84EAAD8E5D4215DF94BB5A1FE23","UNO_Data\StreamingAssets\preinstall\theme\farcry\fx\material.b",4634,4634,3888,4353
"40D2E883AF32D84EAAD8E5D4215DF94BB5A1FE23","UNO_Data\StreamingAssets\preinstall\theme\farcry\fx\mesh.b",50040,50040,36409,4354
"40D2E883AF32D84EAAD8E5D4215DF94BB5A1FE23","UNO_Data\StreamingAssets\preinstall\theme\farcry\fx\texture.b",1520932,1520932,1328080,4355
"40D2E883AF32D84EAAD8E5D4215DF94BB5A1FE23","UNO_Data\StreamingAssets\preinstall\theme\farcry\popup\animation.b",14173,14173,10922,4356
"40D2E883AF32D84EAAD8E5D4215DF94BB5A1FE23","UNO_Data\StreamingAssets\preinstall\theme\farcry\popup\texture.b",6946991,6946991,5609747,4357
"40D2E883AF32D84EAAD8E5D4215DF94BB5A1FE23","UNO_Data\StreamingAssets\preinstall\theme\farcry\sceneresources\carddeck.b",28452,28452,25673,4358
"40D2E883AF32D84EAAD8E5D4215DF94BB5A1FE23","UNO_Data\StreamingAssets\preinstall\theme\farcry\sceneresources\fronteffect.b",200602,200602,165735,4359
"40D2E883AF32D84EAAD8E5D4215DF94BB5A1FE23","UNO_Data\StreamingAssets\preinstall\theme\farcry\sceneresources\shader.b",632519,632519,559439,4360
"40D2E883AF32D84EAAD8E5D4215DF94BB5A1FE23","UNO_Data\StreamingAssets\preinstall\theme\farcry\sceneresources\fronteffect\materials.b",2631,2631,2068,4361
"40D2E883AF32D84EAAD8E5D4215DF94BB5A1FE23","UNO_Data\StreamingAssets\preinstall\theme\farcry\services\dicenumber.b",228758,228758,189715,4362
"40D2E883AF32D84EAAD8E5D4215DF94BB5A1FE23","UNO_Data\StreamingAssets\preinstall\theme\farcry\services\resolverskill.b",81393,81393,57730,4363
"40D2E883AF32D84EAAD8E5D4215DF94BB5A1FE23","UNO_Data\StreamingAssets\preinstall\theme\farcry\skybox\materials.b",2697,2697,2123,4364
"40D2E883AF32D84EAAD8E5D4215DF94BB5A1FE23","UNO_Data\StreamingAssets\preinstall\theme\fiftyanniversary\animator.b",5612,5612,4408,4365
"40D2E883AF32D84EAAD8E5D4215DF94BB5A1FE23","UNO_Data\StreamingAssets\preinstall\theme\fiftyanniversary\cards.b",94311,94311,51284,4366
"40D2E883AF32D84EAAD8E5D4215DF94BB5A1FE23","UNO_Data\StreamingAssets\preinstall\theme\fiftyanniversary\ingametextures.b",130688,130688,97840,4367
"40D2E883AF32D84EAAD8E5D4215DF94BB5A1FE23","UNO_Data\StreamingAssets\preinstall\theme\fiftyanniversary\themecards.b",1895669,1895669,1680445,4368
"40D2E883AF32D84EAAD8E5D4215DF94BB5A1FE23","UNO_Data\StreamingAssets\preinstall\theme\fiftyanniversary\animation\coinanimation.b",554585,554585,253488,4369
"40D2E883AF32D84EAAD8E5D4215DF94BB5A1FE23","UNO_Data\StreamingAssets\preinstall\theme\fiftyanniversary\animation\gamblingresult.b",7877,7877,5851,4370
"40D2E883AF32D84EAAD8E5D4215DF94BB5A1FE23","UNO_Data\StreamingAssets\preinstall\theme\fiftyanniversary\animation\snowman.b",4709,4709,3653,4371
"40D2E883AF32D84EAAD8E5D4215DF94BB5A1FE23","UNO_Data\StreamingAssets\preinstall\theme\fiftyanniversary\animation\theme_picker.b",8953,8953,6638,4372
"40D2E883AF32D84EAAD8E5D4215DF94BB5A1FE23","UNO_Data\StreamingAssets\preinstall\theme\fiftyanniversary\animation\challenge_wilddraw4\materials.b",2577,2577,2021,4373
"40D2E883AF32D84EAAD8E5D4215DF94BB5A1FE23","UNO_Data\StreamingAssets\preinstall\theme\fiftyanniversary\animation\challenge_wilddraw4\texture.b",154813,154813,116422,4374
"40D2E883AF32D84EAAD8E5D4215DF94BB5A1FE23","UNO_Data\StreamingAssets\preinstall\theme\fiftyanniversary\animation\drawcard\materials.b",2624,2624,2058,4375
"40D2E883AF32D84EAAD8E5D4215DF94BB5A1FE23","UNO_Data\StreamingAssets\preinstall\theme\fiftyanniversary\animation\drawcard\texture.b",175024,175024,134250,4376
"40D2E883AF32D84EAAD8E5D4215DF94BB5A1FE23","UNO_Data\StreamingAssets\preinstall\theme\fiftyanniversary\animation\theme_picker\anicontroller.b",5060,5060,3996,4377
"40D2E883AF32D84EAAD8E5D4215DF94BB5A1FE23","UNO_Data\StreamingAssets\preinstall\theme\fiftyanniversary\animation\theme_picker\materials.b",2602,2602,2040,4378
"40D2E883AF32D84EAAD8E5D4215DF94BB5A1FE23","UNO_Data\StreamingAssets\preinstall\theme\fiftyanniversary\animation\theme_picker\texture.b",167856,167856,151041,4379
"40D2E883AF32D84EAAD8E5D4215DF94BB5A1FE23","UNO_Data\StreamingAssets\preinstall\theme\fiftyanniversary\cardanimation\sevenzero.b",6416,6416,4551,4380
"40D2E883AF32D84EAAD8E5D4215DF94BB5A1FE23","UNO_Data\StreamingAssets\preinstall\theme\fiftyanniversary\cardcoveringeffect\colorchangeeffect.b",421408,421408,327815,4381
"40D2E883AF32D84EAAD8E5D4215DF94BB5A1FE23","UNO_Data\StreamingAssets\preinstall\theme\fiftyanniversary\fx\fx_anim.b",13172,13172,10105,4382
"40D2E883AF32D84EAAD8E5D4215DF94BB5A1FE23","UNO_Data\StreamingAssets\preinstall\theme\fiftyanniversary\fx\material.b",794478,794478,673868,4383
"40D2E883AF32D84EAAD8E5D4215DF94BB5A1FE23","UNO_Data\StreamingAssets\preinstall\theme\fiftyanniversary\fx\mesh.b",89965,89965,64307,4384
"40D2E883AF32D84EAAD8E5D4215DF94BB5A1FE23","UNO_Data\StreamingAssets\preinstall\theme\fiftyanniversary\fx\texture.b",13790916,13790916,10724477,4385
"40D2E883AF32D84EAAD8E5D4215DF94BB5A1FE23","UNO_Data\StreamingAssets\preinstall\theme\fiftyanniversary\fx\fx_anim\fx_50_themepicker_anim.b",10189,10189,7573,4386
"40D2E883AF32D84EAAD8E5D4215DF94BB5A1FE23","UNO_Data\StreamingAssets\preinstall\theme\fiftyanniversary\gfx\material.b",2785,2785,2217,4387
"40D2E883AF32D84EAAD8E5D4215DF94BB5A1FE23","UNO_Data\StreamingAssets\preinstall\theme\fiftyanniversary\popup\animation.b",15428,15428,11745,4388
"40D2E883AF32D84EAAD8E5D4215DF94BB5A1FE23","UNO_Data\StreamingAssets\preinstall\theme\fiftyanniversary\popup\texture.b",2840241,2840241,2314127,4389
"40D2E883AF32D84EAAD8E5D4215DF94BB5A1FE23","UNO_Data\StreamingAssets\preinstall\theme\fiftyanniversary\sceneresources\carddeck.b",14091,14091,12057,4390
"40D2E883AF32D84EAAD8E5D4215DF94BB5A1FE23","UNO_Data\StreamingAssets\preinstall\theme\fiftyanniversary\sceneresources\coin.b",5972192,5972192,5511126,4391
"40D2E883AF32D84EAAD8E5D4215DF94BB5A1FE23","UNO_Data\StreamingAssets\preinstall\theme\fiftyanniversary\sceneresources\stage.b",423211,423211,329574,4392
"40D2E883AF32D84EAAD8E5D4215DF94BB5A1FE23","UNO_Data\StreamingAssets\preinstall\theme\fiftyanniversary\skybox\materials.b",2702,2702,2130,4393
"40D2E883AF32D84EAAD8E5D4215DF94BB5A1FE23","UNO_Data\StreamingAssets\preinstall\theme\fiftyanniversary\skybox\texture.b",62066,62066,46900,4394
"40D2E883AF32D84EAAD8E5D4215DF94BB5A1FE23","UNO_Data\StreamingAssets\preinstall\theme\fiftyanniversary\themecards\texture.b",31530,31530,28513,4395
"40D2E883AF32D84EAAD8E5D4215DF94BB5A1FE23","UNO_Data\StreamingAssets\preinstall\theme\flip\altboard.b",2837943,2837943,1941012,4396
"40D2E883AF32D84EAAD8E5D4215DF94BB5A1FE23","UNO_Data\StreamingAssets\preinstall\theme\flip\background.b",57056,57056,43353,4397
"40D2E883AF32D84EAAD8E5D4215DF94BB5A1FE23","UNO_Data\StreamingAssets\preinstall\theme\flip\cards.b",3891777,3891777,3224937,4398
"40D2E883AF32D84EAAD8E5D4215DF94BB5A1FE23","UNO_Data\StreamingAssets\preinstall\theme\flip\gfx.b",2965,2965,2355,4399
"40D2E883AF32D84EAAD8E5D4215DF94BB5A1FE23","UNO_Data\StreamingAssets\preinstall\theme\flip\active_player\materials.b",2470,2470,1924,4400
"40D2E883AF32D84EAAD8E5D4215DF94BB5A1FE23","UNO_Data\StreamingAssets\preinstall\theme\flip\active_player\texture.b",5216,5216,4581,4401
"40D2E883AF32D84EAAD8E5D4215DF94BB5A1FE23","UNO_Data\StreamingAssets\preinstall\theme\flip\animation\active_player.b",6791,6791,4817,4402
"40D2E883AF32D84EAAD8E5D4215DF94BB5A1FE23","UNO_Data\StreamingAssets\preinstall\theme\flip\animation\drawtwo.b",14984,14984,11014,4403
"40D2E883AF32D84EAAD8E5D4215DF94BB5A1FE23","UNO_Data\StreamingAssets\preinstall\theme\flip\animation\flip.b",6347,6347,4466,4404
"40D2E883AF32D84EAAD8E5D4215DF94BB5A1FE23","UNO_Data\StreamingAssets\preinstall\theme\flip\animation\fronteffect.b",6481,6481,4630,4405
"40D2E883AF32D84EAAD8E5D4215DF94BB5A1FE23","UNO_Data\StreamingAssets\preinstall\theme\flip\animation\joker.b",462113,462113,294931,4406
"40D2E883AF32D84EAAD8E5D4215DF94BB5A1FE23","UNO_Data\StreamingAssets\preinstall\theme\flip\animation\light.b",6670,6670,4758,4407
"40D2E883AF32D84EAAD8E5D4215DF94BB5A1FE23","UNO_Data\StreamingAssets\preinstall\theme\flip\animation\sevenzero.b",25283,25283,16324,4408
"40D2E883AF32D84EAAD8E5D4215DF94BB5A1FE23","UNO_Data\StreamingAssets\preinstall\theme\flip\animation\wild.b",369394,369394,280508,4409
"40D2E883AF32D84EAAD8E5D4215DF94BB5A1FE23","UNO_Data\StreamingAssets\preinstall\theme\flip\animation\active_player\anicontroller.b",6289,6289,5030,4410
"40D2E883AF32D84EAAD8E5D4215DF94BB5A1FE23","UNO_Data\StreamingAssets\preinstall\theme\flip\animation\drawcard\texture.b",114468,114468,75690,4411
"40D2E883AF32D84EAAD8E5D4215DF94BB5A1FE23","UNO_Data\StreamingAssets\preinstall\theme\flip\animation\drawtwo\anicontroller.b",9054,9054,7490,4412
"40D2E883AF32D84EAAD8E5D4215DF94BB5A1FE23","UNO_Data\StreamingAssets\preinstall\theme\flip\animation\flip\anicontroller.b",4662,4662,3605,4413
"40D2E883AF32D84EAAD8E5D4215DF94BB5A1FE23","UNO_Data\StreamingAssets\preinstall\theme\flip\animation\fronteffect\anicontroller.b",4691,4691,3633,4414
"40D2E883AF32D84EAAD8E5D4215DF94BB5A1FE23","UNO_Data\StreamingAssets\preinstall\theme\flip\animation\joker\anicontroller.b",6411,6411,5155,4415
"40D2E883AF32D84EAAD8E5D4215DF94BB5A1FE23","UNO_Data\StreamingAssets\preinstall\theme\flip\animation\light\anicontroller.b",4671,4671,3616,4416
"40D2E883AF32D84EAAD8E5D4215DF94BB5A1FE23","UNO_Data\StreamingAssets\preinstall\theme\flip\animation\sevenzero\anicontroller.b",14529,14529,12266,4417
"40D2E883AF32D84EAAD8E5D4215DF94BB5A1FE23","UNO_Data\StreamingAssets\preinstall\theme\flip\animation\sevenzero\materials.b",2707,2707,2136,4418
"40D2E883AF32D84EAAD8E5D4215DF94BB5A1FE23","UNO_Data\StreamingAssets\preinstall\theme\flip\animation\theme_picker\materials.b",3104,3104,2486,4419
"40D2E883AF32D84EAAD8E5D4215DF94BB5A1FE23","UNO_Data\StreamingAssets\preinstall\theme\flip\animation\theme_picker\mesh.b",61358,61358,44435,4420
"40D2E883AF32D84EAAD8E5D4215DF94BB5A1FE23","UNO_Data\StreamingAssets\preinstall\theme\flip\animation\theme_picker\texture.b",2183326,2183326,1805490,4421
"40D2E883AF32D84EAAD8E5D4215DF94BB5A1FE23","UNO_Data\StreamingAssets\preinstall\theme\flip\animation\wild\anicontroller.b",6190,6190,4963,4422
"40D2E883AF32D84EAAD8E5D4215DF94BB5A1FE23","UNO_Data\StreamingAssets\preinstall\theme\flip\background\board_circle.b",947317,947317,364670,4423
"40D2E883AF32D84EAAD8E5D4215DF94BB5A1FE23","UNO_Data\StreamingAssets\preinstall\theme\flip\background\classicthemedata.b",2299920,2299920,1537192,4424
"40D2E883AF32D84EAAD8E5D4215DF94BB5A1FE23","UNO_Data\StreamingAssets\preinstall\theme\flip\background\flipthemedata.b",2304599,2304599,1565957,4425
"40D2E883AF32D84EAAD8E5D4215DF94BB5A1FE23","UNO_Data\StreamingAssets\preinstall\theme\flip\cardanimation\sevenzero.b",6400,6400,4538,4426
"40D2E883AF32D84EAAD8E5D4215DF94BB5A1FE23","UNO_Data\StreamingAssets\preinstall\theme\flip\carddeck\materials.b",2598,2598,2039,4427
"40D2E883AF32D84EAAD8E5D4215DF94BB5A1FE23","UNO_Data\StreamingAssets\preinstall\theme\flip\gfx\jokerdark.b",294488,294488,243894,4428
"40D2E883AF32D84EAAD8E5D4215DF94BB5A1FE23","UNO_Data\StreamingAssets\preinstall\theme\flip\gfx\mirrorsfx.b",166691,166691,138744,4429
"40D2E883AF32D84EAAD8E5D4215DF94BB5A1FE23","UNO_Data\StreamingAssets\preinstall\theme\flip\gfx\active_player\materials.b",2476,2476,1930,4430
"40D2E883AF32D84EAAD8E5D4215DF94BB5A1FE23","UNO_Data\StreamingAssets\preinstall\theme\flip\gfx\active_player\texture.b",5225,5225,4605,4431
"40D2E883AF32D84EAAD8E5D4215DF94BB5A1FE23","UNO_Data\StreamingAssets\preinstall\theme\flip\gfx\cursor\materials.b",2924,2924,2332,4432
"40D2E883AF32D84EAAD8E5D4215DF94BB5A1FE23","UNO_Data\StreamingAssets\preinstall\theme\flip\gfx\cursor\mesh.b",50762,50762,36564,4433
"40D2E883AF32D84EAAD8E5D4215DF94BB5A1FE23","UNO_Data\StreamingAssets\preinstall\theme\flip\gfx\cursor\texture.b",176926,176926,66189,4434
"40D2E883AF32D84EAAD8E5D4215DF94BB5A1FE23","UNO_Data\StreamingAssets\preinstall\theme\flip\gfx\drawtwo\materials.b",2932,2932,2330,4435
"40D2E883AF32D84EAAD8E5D4215DF94BB5A1FE23","UNO_Data\StreamingAssets\preinstall\theme\flip\gfx\drawtwo\mesh.b",121706,121706,93052,4436
"40D2E883AF32D84EAAD8E5D4215DF94BB5A1FE23","UNO_Data\StreamingAssets\preinstall\theme\flip\gfx\drawtwo\texture.b",3736015,3736015,2529172,4437
"40D2E883AF32D84EAAD8E5D4215DF94BB5A1FE23","UNO_Data\StreamingAssets\preinstall\theme\flip\gfx\flip\materials.b",2803,2803,2223,4438
"40D2E883AF32D84EAAD8E5D4215DF94BB5A1FE23","UNO_Data\StreamingAssets\preinstall\theme\flip\gfx\flip\mesh.b",86002,86002,64207,4439
"40D2E883AF32D84EAAD8E5D4215DF94BB5A1FE23","UNO_Data\StreamingAssets\preinstall\theme\flip\gfx\flip\texture.b",3107452,3107452,2175929,4440
"40D2E883AF32D84EAAD8E5D4215DF94BB5A1FE23","UNO_Data\StreamingAssets\preinstall\theme\flip\gfx\reverse\materials.b",3441,3441,2796,4441
"40D2E883AF32D84EAAD8E5D4215DF94BB5A1FE23","UNO_Data\StreamingAssets\preinstall\theme\flip\gfx\reverse\mesh.b",72238,72238,55835,4442
"40D2E883AF32D84EAAD8E5D4215DF94BB5A1FE23","UNO_Data\StreamingAssets\preinstall\theme\flip\gfx\reverse\texture.b",802957,802957,470466,4443
"40D2E883AF32D84EAAD8E5D4215DF94BB5A1FE23","UNO_Data\StreamingAssets\preinstall\theme\flip\gfx\sevenzero\materials.b",3491,3491,2842,4444
"40D2E883AF32D84EAAD8E5D4215DF94BB5A1FE23","UNO_Data\StreamingAssets\preinstall\theme\flip\gfx\sevenzero\mesh.b",62927,62927,48700,4445
"40D2E883AF32D84EAAD8E5D4215DF94BB5A1FE23","UNO_Data\StreamingAssets\preinstall\theme\flip\gfx\sevenzero\texture.b",801910,801910,438013,4446
"40D2E883AF32D84EAAD8E5D4215DF94BB5A1FE23","UNO_Data\StreamingAssets\preinstall\theme\flip\gfx\skip\materials.b",3413,3413,2759,4447
"40D2E883AF32D84EAAD8E5D4215DF94BB5A1FE23","UNO_Data\StreamingAssets\preinstall\theme\flip\gfx\skip\mesh.b",102457,102457,79044,4448
"40D2E883AF32D84EAAD8E5D4215DF94BB5A1FE23","UNO_Data\StreamingAssets\preinstall\theme\flip\gfx\skip\texture.b",2166958,2166958,1456827,4449
"40D2E883AF32D84EAAD8E5D4215DF94BB5A1FE23","UNO_Data\StreamingAssets\preinstall\theme\flip\skybox\materials.b",2840,2840,2261,4450
"40D2E883AF32D84EAAD8E5D4215DF94BB5A1FE23","UNO_Data\StreamingAssets\preinstall\theme\flip\skybox\texture.b",1667448,1667448,1270825,4451
"40D2E883AF32D84EAAD8E5D4215DF94BB5A1FE23","UNO_Data\StreamingAssets\preinstall\theme\godmonster\cards.b",96938,96938,52842,4452
"40D2E883AF32D84EAAD8E5D4215DF94BB5A1FE23","UNO_Data\StreamingAssets\preinstall\theme\godmonster\ingametextures.b",3665379,3665379,3328690,4453
"40D2E883AF32D84EAAD8E5D4215DF94BB5A1FE23","UNO_Data\StreamingAssets\preinstall\theme\godmonster\themeanimation.b",3547,3547,1763,4454
"40D2E883AF32D84EAAD8E5D4215DF94BB5A1FE23","UNO_Data\StreamingAssets\preinstall\theme\godmonster\themecards.b",955727,955727,875974,4455
"40D2E883AF32D84EAAD8E5D4215DF94BB5A1FE23","UNO_Data\StreamingAssets\preinstall\theme\godmonster\animation\theme_picker\texture.b",1741869,1741869,1494343,4456
"40D2E883AF32D84EAAD8E5D4215DF94BB5A1FE23","UNO_Data\StreamingAssets\preinstall\theme\godmonster\background\materials.b",2724,2724,2152,4457
"40D2E883AF32D84EAAD8E5D4215DF94BB5A1FE23","UNO_Data\StreamingAssets\preinstall\theme\godmonster\cardcoveringeffect\colorchangeeffect.b",837509,837509,294914,4458
"40D2E883AF32D84EAAD8E5D4215DF94BB5A1FE23","UNO_Data\StreamingAssets\preinstall\theme\godmonster\fx\animation.b",13374,13374,10230,4459
"40D2E883AF32D84EAAD8E5D4215DF94BB5A1FE23","UNO_Data\StreamingAssets\preinstall\theme\godmonster\fx\material.b",20864,20864,17917,4460
"40D2E883AF32D84EAAD8E5D4215DF94BB5A1FE23","UNO_Data\StreamingAssets\preinstall\theme\godmonster\fx\mesh.b",389671,389671,293074,4461
"40D2E883AF32D84EAAD8E5D4215DF94BB5A1FE23","UNO_Data\StreamingAssets\preinstall\theme\godmonster\fx\texture.b",71354786,71354786,60871357,4462
"40D2E883AF32D84EAAD8E5D4215DF94BB5A1FE23","UNO_Data\StreamingAssets\preinstall\theme\godmonster\fx\animation\anicontroller.b",6267,6267,5001,4463
"40D2E883AF32D84EAAD8E5D4215DF94BB5A1FE23","UNO_Data\StreamingAssets\preinstall\theme\godmonster\fx\animation\fx_ani_uno_orp_aphrodite_removecursed.b",9517,9517,6948,4464
"40D2E883AF32D84EAAD8E5D4215DF94BB5A1FE23","UNO_Data\StreamingAssets\preinstall\theme\godmonster\fx\animation\fx_ani_uno_orp_freegod_fenyx.b",14669,14669,11458,4465
"40D2E883AF32D84EAAD8E5D4215DF94BB5A1FE23","UNO_Data\StreamingAssets\preinstall\theme\godmonster\godmonster_board\botanyatlas.b",3861620,3861620,3375994,4466
"40D2E883AF32D84EAAD8E5D4215DF94BB5A1FE23","UNO_Data\StreamingAssets\preinstall\theme\godmonster\godmonster_board\crystal.b",3061566,3061566,2823843,4467
"40D2E883AF32D84EAAD8E5D4215DF94BB5A1FE23","UNO_Data\StreamingAssets\preinstall\theme\godmonster\godmonster_board\flower.b",3929967,3929967,3492436,4468
"40D2E883AF32D84EAAD8E5D4215DF94BB5A1FE23","UNO_Data\StreamingAssets\preinstall\theme\godmonster\godmonster_board\godmonsterarena.b",10679522,10679522,9873717,4469
"40D2E883AF32D84EAAD8E5D4215DF94BB5A1FE23","UNO_Data\StreamingAssets\preinstall\theme\godmonster\godmonster_board\grass.b",3584235,3584235,3248559,4470
"40D2E883AF32D84EAAD8E5D4215DF94BB5A1FE23","UNO_Data\StreamingAssets\preinstall\theme\godmonster\godmonster_board\leaves.b",1321377,1321377,1161963,4471
"40D2E883AF32D84EAAD8E5D4215DF94BB5A1FE23","UNO_Data\StreamingAssets\preinstall\theme\godmonster\godmonster_board\mushroom.b",1904537,1904537,1646902,4472
"40D2E883AF32D84EAAD8E5D4215DF94BB5A1FE23","UNO_Data\StreamingAssets\preinstall\theme\godmonster\godmonster_board\remake.b",4444044,4444044,3859000,4473
"40D2E883AF32D84EAAD8E5D4215DF94BB5A1FE23","UNO_Data\StreamingAssets\preinstall\theme\godmonster\godmonster_board\screenshot.b",1011182,1011182,907736,4474
"40D2E883AF32D84EAAD8E5D4215DF94BB5A1FE23","UNO_Data\StreamingAssets\preinstall\theme\godmonster\godmonster_board\shader.b",5099532,5099532,4411658,4475
"40D2E883AF32D84EAAD8E5D4215DF94BB5A1FE23","UNO_Data\StreamingAssets\preinstall\theme\godmonster\godmonster_board\templeruins.b",12234066,12234066,11045655,4476
"40D2E883AF32D84EAAD8E5D4215DF94BB5A1FE23","UNO_Data\StreamingAssets\preinstall\theme\godmonster\sceneresources\carddeck.b",28112,28112,25651,4477
"40D2E883AF32D84EAAD8E5D4215DF94BB5A1FE23","UNO_Data\StreamingAssets\preinstall\theme\godmonster\sceneresources\fronteffect.b",130672,130672,106431,4478
"40D2E883AF32D84EAAD8E5D4215DF94BB5A1FE23","UNO_Data\StreamingAssets\preinstall\theme\godmonster\sceneresources\fronteffect\materials.b",2625,2625,2058,4479
"40D2E883AF32D84EAAD8E5D4215DF94BB5A1FE23","UNO_Data\StreamingAssets\preinstall\theme\godmonster\skybox\materials.b",2715,2715,2144,4480
"40D2E883AF32D84EAAD8E5D4215DF94BB5A1FE23","UNO_Data\StreamingAssets\preinstall\theme\godmonster\skybox\texture.b",62018,62018,46894,4481
"40D2E883AF32D84EAAD8E5D4215DF94BB5A1FE23","UNO_Data\StreamingAssets\preinstall\theme\godmonster\themecards\godssave.b",37640,37640,32484,4482
"40D2E883AF32D84EAAD8E5D4215DF94BB5A1FE23","UNO_Data\StreamingAssets\preinstall\theme\godmonster\themecards\hephaistos.b",30474,30474,26818,4483
"40D2E883AF32D84EAAD8E5D4215DF94BB5A1FE23","UNO_Data\StreamingAssets\preinstall\theme\godmonster\themecards\hermes.b",3926271,3926271,3388871,4484
"40D2E883AF32D84EAAD8E5D4215DF94BB5A1FE23","UNO_Data\StreamingAssets\preinstall\theme\godmonster\themecards\typhonturntips.b",104798,104798,92800,4485
"40D2E883AF32D84EAAD8E5D4215DF94BB5A1FE23","UNO_Data\StreamingAssets\preinstall\theme\godmonster\themepicker\materials.b",2812,2812,2241,4486
"40D2E883AF32D84EAAD8E5D4215DF94BB5A1FE23","UNO_Data\StreamingAssets\preinstall\theme\godmonster\themepicker\texture.b",1837731,1837731,1585358,4487
"40D2E883AF32D84EAAD8E5D4215DF94BB5A1FE23","UNO_Data\StreamingAssets\preinstall\theme\justdance\cards.b",74148,74148,49460,4488
"40D2E883AF32D84EAAD8E5D4215DF94BB5A1FE23","UNO_Data\StreamingAssets\preinstall\theme\justdance\gfx.b",611660,611660,554410,4489
"40D2E883AF32D84EAAD8E5D4215DF94BB5A1FE23","UNO_Data\StreamingAssets\preinstall\theme\justdance\themecards.b",1840475,1840475,1707346,4490
"40D2E883AF32D84EAAD8E5D4215DF94BB5A1FE23","UNO_Data\StreamingAssets\preinstall\theme\justdance\animation\active_player.b",7185,7185,5262,4491
"40D2E883AF32D84EAAD8E5D4215DF94BB5A1FE23","UNO_Data\StreamingAssets\preinstall\theme\justdance\animation\board_circle.b",10977,10977,8407,4492
"40D2E883AF32D84EAAD8E5D4215DF94BB5A1FE23","UNO_Data\StreamingAssets\preinstall\theme\justdance\animation\light.b",10720,10720,7527,4493
"40D2E883AF32D84EAAD8E5D4215DF94BB5A1FE23","UNO_Data\StreamingAssets\preinstall\theme\justdance\animation\theme_picker.b",9167,9167,6810,4494
"40D2E883AF32D84EAAD8E5D4215DF94BB5A1FE23","UNO_Data\StreamingAssets\preinstall\theme\justdance\animation\active_player\anicontroller.b",5983,5983,4793,4495
"40D2E883AF32D84EAAD8E5D4215DF94BB5A1FE23","UNO_Data\StreamingAssets\preinstall\theme\justdance\animation\theme_picker\anicontroller.b",5028,5028,3941,4496
"40D2E883AF32D84EAAD8E5D4215DF94BB5A1FE23","UNO_Data\StreamingAssets\preinstall\theme\justdance\animation\theme_picker\materials.b",2671,2671,2101,4497
"40D2E883AF32D84EAAD8E5D4215DF94BB5A1FE23","UNO_Data\StreamingAssets\preinstall\theme\justdance\animation\theme_picker\texture.b",39343,39343,36087,4498
"40D2E883AF32D84EAAD8E5D4215DF94BB5A1FE23","UNO_Data\StreamingAssets\preinstall\theme\justdance\background\carddeck.b",180434,180434,170385,4499
"40D2E883AF32D84EAAD8E5D4215DF94BB5A1FE23","UNO_Data\StreamingAssets\preinstall\theme\justdance\background\materials.b",3479,3479,2836,4500
"40D2E883AF32D84EAAD8E5D4215DF94BB5A1FE23","UNO_Data\StreamingAssets\preinstall\theme\justdance\background\texture.b",2464512,2464512,2158177,4501
"40D2E883AF32D84EAAD8E5D4215DF94BB5A1FE23","UNO_Data\StreamingAssets\preinstall\theme\justdance\cardcoveringeffect\colorchangeeffect.b",555575,555575,474838,4502
"40D2E883AF32D84EAAD8E5D4215DF94BB5A1FE23","UNO_Data\StreamingAssets\preinstall\theme\justdance\cardcoveringeffect\lineartransitioneffect.b",82704,82704,75109,4503
"40D2E883AF32D84EAAD8E5D4215DF94BB5A1FE23","UNO_Data\StreamingAssets\preinstall\theme\justdance\gfx\dualalphamask.b",2793,2793,2211,4504
"40D2E883AF32D84EAAD8E5D4215DF94BB5A1FE23","UNO_Data\StreamingAssets\preinstall\theme\justdance\gfx\theme_card_sfx.b",9678,9678,7075,4505
"40D2E883AF32D84EAAD8E5D4215DF94BB5A1FE23","UNO_Data\StreamingAssets\preinstall\theme\justdance\gfx\unlock_them.b",2598,2598,2041,4506
"40D2E883AF32D84EAAD8E5D4215DF94BB5A1FE23","UNO_Data\StreamingAssets\preinstall\theme\justdance\gfx\theme_card_sfx\materials.b",2896,2896,2294,4507
"40D2E883AF32D84EAAD8E5D4215DF94BB5A1FE23","UNO_Data\StreamingAssets\preinstall\theme\justdance\gfx\theme_card_sfx\texture.b",342811,342811,305213,4508
"40D2E883AF32D84EAAD8E5D4215DF94BB5A1FE23","UNO_Data\StreamingAssets\preinstall\theme\justdance\sceneresources\fronteffect.b",377239,377239,324892,4509
"40D2E883AF32D84EAAD8E5D4215DF94BB5A1FE23","UNO_Data\StreamingAssets\preinstall\theme\justdance\sceneresources\jd_board.b",2056326,2056326,1701839,4510
"40D2E883AF32D84EAAD8E5D4215DF94BB5A1FE23","UNO_Data\StreamingAssets\preinstall\theme\justdance\sceneresources\jd_board\materials.b",2909,2909,2341,4511
"40D2E883AF32D84EAAD8E5D4215DF94BB5A1FE23","UNO_Data\StreamingAssets\preinstall\theme\justdance\skybox\materials.b",2708,2708,2144,4512
"40D2E883AF32D84EAAD8E5D4215DF94BB5A1FE23","UNO_Data\StreamingAssets\preinstall\theme\justdance\skybox\texture.b",49506,49506,36668,4513
"40D2E883AF32D84EAAD8E5D4215DF94BB5A1FE23","UNO_Data\StreamingAssets\preinstall\theme\justdance\themecards\getdown.b",11108,11108,8326,4514
"40D2E883AF32D84EAAD8E5D4215DF94BB5A1FE23","UNO_Data\StreamingAssets\preinstall\theme\justdance\themecards\invader's_experiment.b",11014,11014,8440,4515
"40D2E883AF32D84EAAD8E5D4215DF94BB5A1FE23","UNO_Data\StreamingAssets\preinstall\theme\justdance\themecards\crossfade\materials.b",2606,2606,2045,4516
"40D2E883AF32D84EAAD8E5D4215DF94BB5A1FE23","UNO_Data\StreamingAssets\preinstall\theme\justdance\themecards\crossfade\texture.b",7451390,7451390,6327426,4517
"40D2E883AF32D84EAAD8E5D4215DF94BB5A1FE23","UNO_Data\StreamingAssets\preinstall\theme\justdance\themecards\getdown\texture.b",23386104,23386104,19417407,4518
"40D2E883AF32D84EAAD8E5D4215DF94BB5A1FE23","UNO_Data\StreamingAssets\preinstall\theme\justdance\themecards\hotnumber\anicontroller.b",9877,9877,7257,4519
"40D2E883AF32D84EAAD8E5D4215DF94BB5A1FE23","UNO_Data\StreamingAssets\preinstall\theme\justdance\themecards\hotnumber\materials.b",2695,2695,2130,4520
"40D2E883AF32D84EAAD8E5D4215DF94BB5A1FE23","UNO_Data\StreamingAssets\preinstall\theme\justdance\themecards\hotnumber\texture.b",9950963,9950963,8721820,4521
"40D2E883AF32D84EAAD8E5D4215DF94BB5A1FE23","UNO_Data\StreamingAssets\preinstall\theme\justdance\themecards\invader's_experiment\texture.b",5184134,5184134,4177482,4522
"40D2E883AF32D84EAAD8E5D4215DF94BB5A1FE23","UNO_Data\StreamingAssets\preinstall\theme\livefeature\cards.b",2886,2886,2301,4523
"40D2E883AF32D84EAAD8E5D4215DF94BB5A1FE23","UNO_Data\StreamingAssets\preinstall\theme\livefeature\themecards.b",707247,707247,601274,4524
"40D2E883AF32D84EAAD8E5D4215DF94BB5A1FE23","UNO_Data\StreamingAssets\preinstall\theme\livefeature\animation\arrows.b",21124,21124,16493,4525
"40D2E883AF32D84EAAD8E5D4215DF94BB5A1FE23","UNO_Data\StreamingAssets\preinstall\theme\livefeature\animation\avater.b",9663,9663,7219,4526
"40D2E883AF32D84EAAD8E5D4215DF94BB5A1FE23","UNO_Data\StreamingAssets\preinstall\theme\livefeature\animation\board_circle.b",6478,6478,4551,4527
"40D2E883AF32D84EAAD8E5D4215DF94BB5A1FE23","UNO_Data\StreamingAssets\preinstall\theme\livefeature\animation\button_glow.b",153321,153321,129886,4528
"40D2E883AF32D84EAAD8E5D4215DF94BB5A1FE23","UNO_Data\StreamingAssets\preinstall\theme\livefeature\animation\call_uno.b",22084,22084,19147,4529
"40D2E883AF32D84EAAD8E5D4215DF94BB5A1FE23","UNO_Data\StreamingAssets\preinstall\theme\livefeature\animation\challenge_wilddraw4.b",11088,11088,8453,4530
"40D2E883AF32D84EAAD8E5D4215DF94BB5A1FE23","UNO_Data\StreamingAssets\preinstall\theme\livefeature\animation\deck_sfx.b",6593,6593,4670,4531
"40D2E883AF32D84EAAD8E5D4215DF94BB5A1FE23","UNO_Data\StreamingAssets\preinstall\theme\livefeature\animation\didnt_calluno.b",6533,6533,4668,4532
"40D2E883AF32D84EAAD8E5D4215DF94BB5A1FE23","UNO_Data\StreamingAssets\preinstall\theme\livefeature\animation\drawcard.b",6596,6596,4745,4533
"40D2E883AF32D84EAAD8E5D4215DF94BB5A1FE23","UNO_Data\StreamingAssets\preinstall\theme\livefeature\animation\drawtwo.b",19346,19346,13688,4534
"40D2E883AF32D84EAAD8E5D4215DF94BB5A1FE23","UNO_Data\StreamingAssets\preinstall\theme\livefeature\animation\joker.b",234662,234662,195925,4535
"40D2E883AF32D84EAAD8E5D4215DF94BB5A1FE23","UNO_Data\StreamingAssets\preinstall\theme\livefeature\animation\jump_in.b",79542,79542,60975,4536
"40D2E883AF32D84EAAD8E5D4215DF94BB5A1FE23","UNO_Data\StreamingAssets\preinstall\theme\livefeature\animation\particle_cardglow.b",6105,6105,4301,4537
"40D2E883AF32D84EAAD8E5D4215DF94BB5A1FE23","UNO_Data\StreamingAssets\preinstall\theme\livefeature\animation\preparecalluno.b",6966,6966,5070,4538
"40D2E883AF32D84EAAD8E5D4215DF94BB5A1FE23","UNO_Data\StreamingAssets\preinstall\theme\livefeature\animation\ps4_cross_button.b",114685,114685,89581,4539
"40D2E883AF32D84EAAD8E5D4215DF94BB5A1FE23","UNO_Data\StreamingAssets\preinstall\theme\livefeature\animation\reverse.b",8278,8278,6267,4540
"40D2E883AF32D84EAAD8E5D4215DF94BB5A1FE23","UNO_Data\StreamingAssets\preinstall\theme\livefeature\animation\sevenzero.b",31548,31548,19670,4541
"40D2E883AF32D84EAAD8E5D4215DF94BB5A1FE23","UNO_Data\StreamingAssets\preinstall\theme\livefeature\animation\single_card.b",6208,6208,4370,4542
"40D2E883AF32D84EAAD8E5D4215DF94BB5A1FE23","UNO_Data\StreamingAssets\preinstall\theme\livefeature\animation\skip.b",10633,10633,8198,4543
"40D2E883AF32D84EAAD8E5D4215DF94BB5A1FE23","UNO_Data\StreamingAssets\preinstall\theme\livefeature\animation\stacking.b",10989,10989,8719,4544
"40D2E883AF32D84EAAD8E5D4215DF94BB5A1FE23","UNO_Data\StreamingAssets\preinstall\theme\livefeature\animation\touch_screen.b",6519,6519,4635,4545
"40D2E883AF32D84EAAD8E5D4215DF94BB5A1FE23","UNO_Data\StreamingAssets\preinstall\theme\livefeature\animation\tutorial_arrow.b",6143,6143,4341,4546
"40D2E883AF32D84EAAD8E5D4215DF94BB5A1FE23","UNO_Data\StreamingAssets\preinstall\theme\livefeature\animation\voice_chat.b",7349,7349,5404,4547
"40D2E883AF32D84EAAD8E5D4215DF94BB5A1FE23","UNO_Data\StreamingAssets\preinstall\theme\livefeature\animation\wild.b",241857,241857,201361,4548
"40D2E883AF32D84EAAD8E5D4215DF94BB5A1FE23","UNO_Data\StreamingAssets\preinstall\theme\livefeature\animation\wild_ps4_cross_button.b",2771,2771,1666,4549
"40D2E883AF32D84EAAD8E5D4215DF94BB5A1FE23","UNO_Data\StreamingAssets\preinstall\theme\livefeature\animation\xbox1_cross_button.b",7495,7495,5459,4550
"40D2E883AF32D84EAAD8E5D4215DF94BB5A1FE23","UNO_Data\StreamingAssets\preinstall\theme\livefeature\animation\arrows\anicontroller.b",5238,5238,4123,4551
"40D2E883AF32D84EAAD8E5D4215DF94BB5A1FE23","UNO_Data\StreamingAssets\preinstall\theme\livefeature\animation\arrows\materials.b",2640,2640,2082,4552
"40D2E883AF32D84EAAD8E5D4215DF94BB5A1FE23","UNO_Data\StreamingAssets\preinstall\theme\livefeature\animation\arrows\texture.b",347547,347547,301822,4553
"40D2E883AF32D84EAAD8E5D4215DF94BB5A1FE23","UNO_Data\StreamingAssets\preinstall\theme\livefeature\animation\avater\anicontroller.b",5586,5586,4463,4554
"40D2E883AF32D84EAAD8E5D4215DF94BB5A1FE23","UNO_Data\StreamingAssets\preinstall\theme\livefeature\animation\board_circle\anicontroller.b",4704,4704,3679,4555
"40D2E883AF32D84EAAD8E5D4215DF94BB5A1FE23","UNO_Data\StreamingAssets\preinstall\theme\livefeature\animation\button_glow\anicontroller.b",5044,5044,3954,4556
"40D2E883AF32D84EAAD8E5D4215DF94BB5A1FE23","UNO_Data\StreamingAssets\preinstall\theme\livefeature\animation\button_glow\materials.b",42326,42326,30425,4557
"40D2E883AF32D84EAAD8E5D4215DF94BB5A1FE23","UNO_Data\StreamingAssets\preinstall\theme\livefeature\animation\call_uno\anicontroller.b",4699,4699,3640,4558
"40D2E883AF32D84EAAD8E5D4215DF94BB5A1FE23","UNO_Data\StreamingAssets\preinstall\theme\livefeature\animation\challenge_wilddraw4\anicontroller.b",6572,6572,5274,4559
"40D2E883AF32D84EAAD8E5D4215DF94BB5A1FE23","UNO_Data\StreamingAssets\preinstall\theme\livefeature\animation\challenge_wilddraw4\materials.b",2818,2818,2239,4560
"40D2E883AF32D84EAAD8E5D4215DF94BB5A1FE23","UNO_Data\StreamingAssets\preinstall\theme\livefeature\animation\challenge_wilddraw4\mesh.b",46827,46827,33503,4561
"40D2E883AF32D84EAAD8E5D4215DF94BB5A1FE23","UNO_Data\StreamingAssets\preinstall\theme\livefeature\animation\challenge_wilddraw4\texture.b",587153,587153,506751,4562
"40D2E883AF32D84EAAD8E5D4215DF94BB5A1FE23","UNO_Data\StreamingAssets\preinstall\theme\livefeature\animation\deck_sfx\anicontroller.b",4686,4686,3632,4563
"40D2E883AF32D84EAAD8E5D4215DF94BB5A1FE23","UNO_Data\StreamingAssets\preinstall\theme\livefeature\animation\didnt_calluno\anicontroller.b",4699,4699,3676,4564
"40D2E883AF32D84EAAD8E5D4215DF94BB5A1FE23","UNO_Data\StreamingAssets\preinstall\theme\livefeature\animation\didnt_calluno\materials.b",2616,2616,2055,4565
"40D2E883AF32D84EAAD8E5D4215DF94BB5A1FE23","UNO_Data\StreamingAssets\preinstall\theme\livefeature\animation\didnt_calluno\mesh.b",53247,53247,38337,4566
"40D2E883AF32D84EAAD8E5D4215DF94BB5A1FE23","UNO_Data\StreamingAssets\preinstall\theme\livefeature\animation\didnt_calluno\texture.b",11379,11379,9236,4567
"40D2E883AF32D84EAAD8E5D4215DF94BB5A1FE23","UNO_Data\StreamingAssets\preinstall\theme\livefeature\animation\drawcard\anicontroller.b",4940,4940,3883,4568
"40D2E883AF32D84EAAD8E5D4215DF94BB5A1FE23","UNO_Data\StreamingAssets\preinstall\theme\livefeature\animation\drawcard\materials.b",2853,2853,2270,4569
"40D2E883AF32D84EAAD8E5D4215DF94BB5A1FE23","UNO_Data\StreamingAssets\preinstall\theme\livefeature\animation\drawcard\mesh.b",47240,47240,34075,4570
"40D2E883AF32D84EAAD8E5D4215DF94BB5A1FE23","UNO_Data\StreamingAssets\preinstall\theme\livefeature\animation\drawcard\texture.b",136046,136046,108589,4571
"40D2E883AF32D84EAAD8E5D4215DF94BB5A1FE23","UNO_Data\StreamingAssets\preinstall\theme\livefeature\animation\drawtwo\anicontroller.b",11404,11404,9553,4572
"40D2E883AF32D84EAAD8E5D4215DF94BB5A1FE23","UNO_Data\StreamingAssets\preinstall\theme\livefeature\animation\drawtwo\choosebottomplaceholder.b",10325,10325,7566,4573
"40D2E883AF32D84EAAD8E5D4215DF94BB5A1FE23","UNO_Data\StreamingAssets\preinstall\theme\livefeature\animation\joker\anicontroller.b",6214,6214,4985,4574
"40D2E883AF32D84EAAD8E5D4215DF94BB5A1FE23","UNO_Data\StreamingAssets\preinstall\theme\livefeature\animation\jump_in\anicontroller.b",5629,5629,4483,4575
"40D2E883AF32D84EAAD8E5D4215DF94BB5A1FE23","UNO_Data\StreamingAssets\preinstall\theme\livefeature\animation\jump_in\materials.b",2908,2908,2317,4576
"40D2E883AF32D84EAAD8E5D4215DF94BB5A1FE23","UNO_Data\StreamingAssets\preinstall\theme\livefeature\animation\jump_in\mesh.b",59707,59707,44271,4577
"40D2E883AF32D84EAAD8E5D4215DF94BB5A1FE23","UNO_Data\StreamingAssets\preinstall\theme\livefeature\animation\jump_in\texture.b",143558,143558,110926,4578
"40D2E883AF32D84EAAD8E5D4215DF94BB5A1FE23","UNO_Data\StreamingAssets\preinstall\theme\livefeature\animation\particle_cardglow\anicontroller.b",4710,4710,3676,4579
"40D2E883AF32D84EAAD8E5D4215DF94BB5A1FE23","UNO_Data\StreamingAssets\preinstall\theme\livefeature\animation\preparecalluno\anicontroller.b",5086,5086,3985,4580
"40D2E883AF32D84EAAD8E5D4215DF94BB5A1FE23","UNO_Data\StreamingAssets\preinstall\theme\livefeature\animation\ps4_cross_button\anicontroller.b",5199,5199,4116,4581
"40D2E883AF32D84EAAD8E5D4215DF94BB5A1FE23","UNO_Data\StreamingAssets\preinstall\theme\livefeature\animation\reverse\anicontroller.b",5140,5140,4040,4582
"40D2E883AF32D84EAAD8E5D4215DF94BB5A1FE23","UNO_Data\StreamingAssets\preinstall\theme\livefeature\animation\sevenzero\anicontroller.b",14451,14451,12159,4583
"40D2E883AF32D84EAAD8E5D4215DF94BB5A1FE23","UNO_Data\StreamingAssets\preinstall\theme\livefeature\animation\sevenzero\materials.b",2713,2713,2141,4584
"40D2E883AF32D84EAAD8E5D4215DF94BB5A1FE23","UNO_Data\StreamingAssets\preinstall\theme\livefeature\animation\single_card\anicontroller.b",4735,4735,3666,4585
"40D2E883AF32D84EAAD8E5D4215DF94BB5A1FE23","UNO_Data\StreamingAssets\preinstall\theme\livefeature\animation\skip\anicontroller.b",7508,7508,6144,4586
"40D2E883AF32D84EAAD8E5D4215DF94BB5A1FE23","UNO_Data\StreamingAssets\preinstall\theme\livefeature\animation\stacking\anicontroller.b",5943,5943,4758,4587
"40D2E883AF32D84EAAD8E5D4215DF94BB5A1FE23","UNO_Data\StreamingAssets\preinstall\theme\livefeature\animation\stacking\materials.b",2837,2837,2251,4588
"40D2E883AF32D84EAAD8E5D4215DF94BB5A1FE23","UNO_Data\StreamingAssets\preinstall\theme\livefeature\animation\stacking\texture.b",248253,248253,211760,4589
"40D2E883AF32D84EAAD8E5D4215DF94BB5A1FE23","UNO_Data\StreamingAssets\preinstall\theme\livefeature\animation\touch_screen\anicontroller.b",4923,4923,3837,4590
"40D2E883AF32D84EAAD8E5D4215DF94BB5A1FE23","UNO_Data\StreamingAssets\preinstall\theme\livefeature\animation\tutorial_arrow\anicontroller.b",4705,4705,3642,4591
"40D2E883AF32D84EAAD8E5D4215DF94BB5A1FE23","UNO_Data\StreamingAssets\preinstall\theme\livefeature\animation\tutorial_arrow\materials.b",19871,19871,11054,4592
"40D2E883AF32D84EAAD8E5D4215DF94BB5A1FE23","UNO_Data\StreamingAssets\preinstall\theme\livefeature\animation\tutorial_arrow\texture.b",43090,43090,38254,4593
"40D2E883AF32D84EAAD8E5D4215DF94BB5A1FE23","UNO_Data\StreamingAssets\preinstall\theme\livefeature\animation\voice_chat\anicontroller.b",4697,4697,3671,4594
"40D2E883AF32D84EAAD8E5D4215DF94BB5A1FE23","UNO_Data\StreamingAssets\preinstall\theme\livefeature\animation\voice_chat\materials.b",2728,2728,2159,4595
"40D2E883AF32D84EAAD8E5D4215DF94BB5A1FE23","UNO_Data\StreamingAssets\preinstall\theme\livefeature\animation\voice_chat\texture.b",26132,26132,23508,4596
"40D2E883AF32D84EAAD8E5D4215DF94BB5A1FE23","UNO_Data\StreamingAssets\preinstall\theme\livefeature\animation\wild\anicontroller.b",6192,6192,4923,4597
"40D2E883AF32D84EAAD8E5D4215DF94BB5A1FE23","UNO_Data\StreamingAssets\preinstall\theme\livefeature\animation\wild_ps4_cross_button\materials.b",44021,44021,31872,4598
"40D2E883AF32D84EAAD8E5D4215DF94BB5A1FE23","UNO_Data\StreamingAssets\preinstall\theme\livefeature\animation\xbox1_cross_button\anicontroller.b",5613,5613,4483,4599
"40D2E883AF32D84EAAD8E5D4215DF94BB5A1FE23","UNO_Data\StreamingAssets\preinstall\theme\livefeature\animation\xbox1_cross_button\materials.b",2662,2662,2089,4600
"40D2E883AF32D84EAAD8E5D4215DF94BB5A1FE23","UNO_Data\StreamingAssets\preinstall\theme\livefeature\animation\xbox1_cross_button\mesh.b",61844,61844,47143,4601
"40D2E883AF32D84EAAD8E5D4215DF94BB5A1FE23","UNO_Data\StreamingAssets\preinstall\theme\livefeature\animation\xbox1_cross_button\texture.b",2251,2251,1676,4602
"40D2E883AF32D84EAAD8E5D4215DF94BB5A1FE23","UNO_Data\StreamingAssets\preinstall\theme\livefeature\cardanimation\sevenzero.b",6414,6414,4550,4603
"40D2E883AF32D84EAAD8E5D4215DF94BB5A1FE23","UNO_Data\StreamingAssets\preinstall\theme\livefeature\cardcoveringeffect\colorchangeeffect.b",183336,183336,140051,4604
"40D2E883AF32D84EAAD8E5D4215DF94BB5A1FE23","UNO_Data\StreamingAssets\preinstall\theme\livefeature\classic_board\board_circle.b",366824,366824,284504,4605
"40D2E883AF32D84EAAD8E5D4215DF94BB5A1FE23","UNO_Data\StreamingAssets\preinstall\theme\livefeature\classic_board\board_glow.b",204741,204741,184424,4606
"40D2E883AF32D84EAAD8E5D4215DF94BB5A1FE23","UNO_Data\StreamingAssets\preinstall\theme\livefeature\classic_board\board_red.b",86077,86077,74941,4607
"40D2E883AF32D84EAAD8E5D4215DF94BB5A1FE23","UNO_Data\StreamingAssets\preinstall\theme\livefeature\classic_board\board_yellow.b",402386,402386,345917,4608
"40D2E883AF32D84EAAD8E5D4215DF94BB5A1FE23","UNO_Data\StreamingAssets\preinstall\theme\livefeature\classic_board\card_deck.b",73756,73756,62458,4609
"40D2E883AF32D84EAAD8E5D4215DF94BB5A1FE23","UNO_Data\StreamingAssets\preinstall\theme\livefeature\gfx\avater\materials.b",4328,4328,3523,4610
"40D2E883AF32D84EAAD8E5D4215DF94BB5A1FE23","UNO_Data\StreamingAssets\preinstall\theme\livefeature\gfx\avater\mesh.b",46513,46513,33388,4611
"40D2E883AF32D84EAAD8E5D4215DF94BB5A1FE23","UNO_Data\StreamingAssets\preinstall\theme\livefeature\gfx\avater\texture.b",445596,445596,353706,4612
"40D2E883AF32D84EAAD8E5D4215DF94BB5A1FE23","UNO_Data\StreamingAssets\preinstall\theme\livefeature\gfx\background_sphere\materials.b",2910,2910,2321,4613
"40D2E883AF32D84EAAD8E5D4215DF94BB5A1FE23","UNO_Data\StreamingAssets\preinstall\theme\livefeature\gfx\background_sphere\mesh.b",65463,65463,49829,4614
"40D2E883AF32D84EAAD8E5D4215DF94BB5A1FE23","UNO_Data\StreamingAssets\preinstall\theme\livefeature\gfx\background_sphere\texture.b",103247,103247,74666,4615
"40D2E883AF32D84EAAD8E5D4215DF94BB5A1FE23","UNO_Data\StreamingAssets\preinstall\theme\livefeature\gfx\call_uno\materials.b",3375,3375,2751,4616
"40D2E883AF32D84EAAD8E5D4215DF94BB5A1FE23","UNO_Data\StreamingAssets\preinstall\theme\livefeature\gfx\call_uno\mesh.b",68565,68565,50343,4617
"40D2E883AF32D84EAAD8E5D4215DF94BB5A1FE23","UNO_Data\StreamingAssets\preinstall\theme\livefeature\skybox\materials.b",2699,2699,2129,4618
"40D2E883AF32D84EAAD8E5D4215DF94BB5A1FE23","UNO_Data\StreamingAssets\preinstall\theme\livefeature\skybox\texture.b",160698,160698,129706,4619
"40D2E883AF32D84EAAD8E5D4215DF94BB5A1FE23","UNO_Data\StreamingAssets\preinstall\theme\memphis\cards.b",80780,80780,48323,4620
"40D2E883AF32D84EAAD8E5D4215DF94BB5A1FE23","UNO_Data\StreamingAssets\preinstall\theme\memphis\popup.b",991334,991334,826543,4621
"40D2E883AF32D84EAAD8E5D4215DF94BB5A1FE23","UNO_Data\StreamingAssets\preinstall\theme\memphis\sceneresources.b",3002,3002,2392,4622
"40D2E883AF32D84EAAD8E5D4215DF94BB5A1FE23","UNO_Data\StreamingAssets\preinstall\theme\memphis\themecards.b",1926949,1926949,1566509,4623
"40D2E883AF32D84EAAD8E5D4215DF94BB5A1FE23","UNO_Data\StreamingAssets\preinstall\theme\memphis\themepicker.b",359827,359827,305404,4624
"40D2E883AF32D84EAAD8E5D4215DF94BB5A1FE23","UNO_Data\StreamingAssets\preinstall\theme\memphis\animation\active_player.b",7839,7839,5654,4625
"40D2E883AF32D84EAAD8E5D4215DF94BB5A1FE23","UNO_Data\StreamingAssets\preinstall\theme\memphis\animation\arrows.b",21441,21441,17056,4626
"40D2E883AF32D84EAAD8E5D4215DF94BB5A1FE23","UNO_Data\StreamingAssets\preinstall\theme\memphis\animation\avater.b",9658,9658,7207,4627
"40D2E883AF32D84EAAD8E5D4215DF94BB5A1FE23","UNO_Data\StreamingAssets\preinstall\theme\memphis\animation\board_circle.b",6473,6473,4549,4628
"40D2E883AF32D84EAAD8E5D4215DF94BB5A1FE23","UNO_Data\StreamingAssets\preinstall\theme\memphis\animation\button_glow.b",153317,153317,129871,4629
"40D2E883AF32D84EAAD8E5D4215DF94BB5A1FE23","UNO_Data\StreamingAssets\preinstall\theme\memphis\animation\call_uno.b",22069,22069,19159,4630
"40D2E883AF32D84EAAD8E5D4215DF94BB5A1FE23","UNO_Data\StreamingAssets\preinstall\theme\memphis\animation\challenge_wilddraw4.b",10967,10967,8384,4631
"40D2E883AF32D84EAAD8E5D4215DF94BB5A1FE23","UNO_Data\StreamingAssets\preinstall\theme\memphis\animation\deck_sfx.b",6603,6603,4672,4632
"40D2E883AF32D84EAAD8E5D4215DF94BB5A1FE23","UNO_Data\StreamingAssets\preinstall\theme\memphis\animation\didnt_calluno.b",6526,6526,4670,4633
"40D2E883AF32D84EAAD8E5D4215DF94BB5A1FE23","UNO_Data\StreamingAssets\preinstall\theme\memphis\animation\drawcard.b",6590,6590,4737,4634
"40D2E883AF32D84EAAD8E5D4215DF94BB5A1FE23","UNO_Data\StreamingAssets\preinstall\theme\memphis\animation\drawtwo.b",19518,19518,13837,4635
"40D2E883AF32D84EAAD8E5D4215DF94BB5A1FE23","UNO_Data\StreamingAssets\preinstall\theme\memphis\animation\joker.b",235701,235701,196352,4636
"40D2E883AF32D84EAAD8E5D4215DF94BB5A1FE23","UNO_Data\StreamingAssets\preinstall\theme\memphis\animation\jump_in.b",79550,79550,60970,4637
"40D2E883AF32D84EAAD8E5D4215DF94BB5A1FE23","UNO_Data\StreamingAssets\preinstall\theme\memphis\animation\particle_cardglow.b",6115,6115,4299,4638
"40D2E883AF32D84EAAD8E5D4215DF94BB5A1FE23","UNO_Data\StreamingAssets\preinstall\theme\memphis\animation\pointtaken.b",11145,11145,8584,4639
"40D2E883AF32D84EAAD8E5D4215DF94BB5A1FE23","UNO_Data\StreamingAssets\preinstall\theme\memphis\animation\preparecalluno.b",6960,6960,5061,4640
"40D2E883AF32D84EAAD8E5D4215DF94BB5A1FE23","UNO_Data\StreamingAssets\preinstall\theme\memphis\animation\ps4_cross_button.b",113166,113166,90760,4641
"40D2E883AF32D84EAAD8E5D4215DF94BB5A1FE23","UNO_Data\StreamingAssets\preinstall\theme\memphis\animation\reverse.b",8246,8246,6234,4642
"40D2E883AF32D84EAAD8E5D4215DF94BB5A1FE23","UNO_Data\StreamingAssets\preinstall\theme\memphis\animation\sevenzero.b",30945,30945,19468,4643
"40D2E883AF32D84EAAD8E5D4215DF94BB5A1FE23","UNO_Data\StreamingAssets\preinstall\theme\memphis\animation\single_card.b",6194,6194,4368,4644
"40D2E883AF32D84EAAD8E5D4215DF94BB5A1FE23","UNO_Data\StreamingAssets\preinstall\theme\memphis\animation\skip.b",10760,10760,8215,4645
"40D2E883AF32D84EAAD8E5D4215DF94BB5A1FE23","UNO_Data\StreamingAssets\preinstall\theme\memphis\animation\stacking.b",10927,10927,8695,4646
"40D2E883AF32D84EAAD8E5D4215DF94BB5A1FE23","UNO_Data\StreamingAssets\preinstall\theme\memphis\animation\touch_screen.b",6508,6508,4616,4647
"40D2E883AF32D84EAAD8E5D4215DF94BB5A1FE23","UNO_Data\StreamingAssets\preinstall\theme\memphis\animation\tutorial_arrow.b",6146,6146,4330,4648
"40D2E883AF32D84EAAD8E5D4215DF94BB5A1FE23","UNO_Data\StreamingAssets\preinstall\theme\memphis\animation\voice_chat.b",7354,7354,5397,4649
"40D2E883AF32D84EAAD8E5D4215DF94BB5A1FE23","UNO_Data\StreamingAssets\preinstall\theme\memphis\animation\wild.b",242941,242941,201964,4650
"40D2E883AF32D84EAAD8E5D4215DF94BB5A1FE23","UNO_Data\StreamingAssets\preinstall\theme\memphis\animation\wild_ps4_cross_button.b",2772,2772,1691,4651
"40D2E883AF32D84EAAD8E5D4215DF94BB5A1FE23","UNO_Data\StreamingAssets\preinstall\theme\memphis\animation\xbox1_cross_button.b",11784,11784,8993,4652
"40D2E883AF32D84EAAD8E5D4215DF94BB5A1FE23","UNO_Data\StreamingAssets\preinstall\theme\memphis\animation\active_player\anicontroller.b",6806,6806,5508,4653
"40D2E883AF32D84EAAD8E5D4215DF94BB5A1FE23","UNO_Data\StreamingAssets\preinstall\theme\memphis\animation\arrows\anicontroller.b",5229,5229,4112,4654
"40D2E883AF32D84EAAD8E5D4215DF94BB5A1FE23","UNO_Data\StreamingAssets\preinstall\theme\memphis\animation\arrows\materials.b",2664,2664,2104,4655
"40D2E883AF32D84EAAD8E5D4215DF94BB5A1FE23","UNO_Data\StreamingAssets\preinstall\theme\memphis\animation\arrows\texture.b",192280,192280,164252,4656
"40D2E883AF32D84EAAD8E5D4215DF94BB5A1FE23","UNO_Data\StreamingAssets\preinstall\theme\memphis\animation\avater\anicontroller.b",5587,5587,4463,4657
"40D2E883AF32D84EAAD8E5D4215DF94BB5A1FE23","UNO_Data\StreamingAssets\preinstall\theme\memphis\animation\board_circle\anicontroller.b",4703,4703,3645,4658
"40D2E883AF32D84EAAD8E5D4215DF94BB5A1FE23","UNO_Data\StreamingAssets\preinstall\theme\memphis\animation\button_glow\anicontroller.b",5048,5048,3981,4659
"40D2E883AF32D84EAAD8E5D4215DF94BB5A1FE23","UNO_Data\StreamingAssets\preinstall\theme\memphis\animation\button_glow\materials.b",42495,42495,30530,4660
"40D2E883AF32D84EAAD8E5D4215DF94BB5A1FE23","UNO_Data\StreamingAssets\preinstall\theme\memphis\animation\call_uno\anicontroller.b",4701,4701,3676,4661
"40D2E883AF32D84EAAD8E5D4215DF94BB5A1FE23","UNO_Data\StreamingAssets\preinstall\theme\memphis\animation\challenge_wilddraw4\anicontroller.b",6568,6568,5281,4662
"40D2E883AF32D84EAAD8E5D4215DF94BB5A1FE23","UNO_Data\StreamingAssets\preinstall\theme\memphis\animation\challenge_wilddraw4\materials.b",2792,2792,2214,4663
"40D2E883AF32D84EAAD8E5D4215DF94BB5A1FE23","UNO_Data\StreamingAssets\preinstall\theme\memphis\animation\challenge_wilddraw4\mesh.b",46808,46808,33575,4664
"40D2E883AF32D84EAAD8E5D4215DF94BB5A1FE23","UNO_Data\StreamingAssets\preinstall\theme\memphis\animation\challenge_wilddraw4\texture.b",588165,588165,506207,4665
"40D2E883AF32D84EAAD8E5D4215DF94BB5A1FE23","UNO_Data\StreamingAssets\preinstall\theme\memphis\animation\deck_sfx\anicontroller.b",4681,4681,3628,4666
"40D2E883AF32D84EAAD8E5D4215DF94BB5A1FE23","UNO_Data\StreamingAssets\preinstall\theme\memphis\animation\didnt_calluno\anicontroller.b",4695,4695,3636,4667
"40D2E883AF32D84EAAD8E5D4215DF94BB5A1FE23","UNO_Data\StreamingAssets\preinstall\theme\memphis\animation\didnt_calluno\materials.b",2615,2615,2054,4668
"40D2E883AF32D84EAAD8E5D4215DF94BB5A1FE23","UNO_Data\StreamingAssets\preinstall\theme\memphis\animation\didnt_calluno\mesh.b",53333,53333,38369,4669
"40D2E883AF32D84EAAD8E5D4215DF94BB5A1FE23","UNO_Data\StreamingAssets\preinstall\theme\memphis\animation\didnt_calluno\texture.b",11378,11378,9239,4670
"40D2E883AF32D84EAAD8E5D4215DF94BB5A1FE23","UNO_Data\StreamingAssets\preinstall\theme\memphis\animation\drawcard\anicontroller.b",4928,4928,3851,4671
"40D2E883AF32D84EAAD8E5D4215DF94BB5A1FE23","UNO_Data\StreamingAssets\preinstall\theme\memphis\animation\drawcard\materials.b",2825,2825,2250,4672
"40D2E883AF32D84EAAD8E5D4215DF94BB5A1FE23","UNO_Data\StreamingAssets\preinstall\theme\memphis\animation\drawcard\mesh.b",47457,47457,34143,4673
"40D2E883AF32D84EAAD8E5D4215DF94BB5A1FE23","UNO_Data\StreamingAssets\preinstall\theme\memphis\animation\drawcard\texture.b",136040,136040,108578,4674
"40D2E883AF32D84EAAD8E5D4215DF94BB5A1FE23","UNO_Data\StreamingAssets\preinstall\theme\memphis\animation\drawtwo\anicontroller.b",11403,11403,9573,4675
"40D2E883AF32D84EAAD8E5D4215DF94BB5A1FE23","UNO_Data\StreamingAssets\preinstall\theme\memphis\animation\drawtwo\choosebottomplaceholder.b",10376,10376,7648,4676
"40D2E883AF32D84EAAD8E5D4215DF94BB5A1FE23","UNO_Data\StreamingAssets\preinstall\theme\memphis\animation\joker\anicontroller.b",6210,6210,4982,4677
"40D2E883AF32D84EAAD8E5D4215DF94BB5A1FE23","UNO_Data\StreamingAssets\preinstall\theme\memphis\animation\jump_in\anicontroller.b",5623,5623,4490,4678
"40D2E883AF32D84EAAD8E5D4215DF94BB5A1FE23","UNO_Data\StreamingAssets\preinstall\theme\memphis\animation\jump_in\materials.b",2906,2906,2313,4679
"40D2E883AF32D84EAAD8E5D4215DF94BB5A1FE23","UNO_Data\StreamingAssets\preinstall\theme\memphis\animation\jump_in\mesh.b",59446,59446,44189,4680
"40D2E883AF32D84EAAD8E5D4215DF94BB5A1FE23","UNO_Data\StreamingAssets\preinstall\theme\memphis\animation\jump_in\texture.b",141817,141817,114450,4681
"40D2E883AF32D84EAAD8E5D4215DF94BB5A1FE23","UNO_Data\StreamingAssets\preinstall\theme\memphis\animation\particle_cardglow\anicontroller.b",4703,4703,3676,4682
"40D2E883AF32D84EAAD8E5D4215DF94BB5A1FE23","UNO_Data\StreamingAssets\preinstall\theme\memphis\animation\preparecalluno\anicontroller.b",5079,5079,3981,4683
"40D2E883AF32D84EAAD8E5D4215DF94BB5A1FE23","UNO_Data\StreamingAssets\preinstall\theme\memphis\animation\ps4_cross_button\anicontroller.b",5193,5193,4117,4684
"40D2E883AF32D84EAAD8E5D4215DF94BB5A1FE23","UNO_Data\StreamingAssets\preinstall\theme\memphis\animation\reverse\anicontroller.b",5136,5136,4032,4685
"40D2E883AF32D84EAAD8E5D4215DF94BB5A1FE23","UNO_Data\StreamingAssets\preinstall\theme\memphis\animation\sevenzero\anicontroller.b",14452,14452,12227,4686
"40D2E883AF32D84EAAD8E5D4215DF94BB5A1FE23","UNO_Data\StreamingAssets\preinstall\theme\memphis\animation\sevenzero\materials.b",2680,2680,2111,4687
"40D2E883AF32D84EAAD8E5D4215DF94BB5A1FE23","UNO_Data\StreamingAssets\preinstall\theme\memphis\animation\single_card\anicontroller.b",4730,4730,3664,4688
"40D2E883AF32D84EAAD8E5D4215DF94BB5A1FE23","UNO_Data\StreamingAssets\preinstall\theme\memphis\animation\skip\anicontroller.b",7495,7495,6125,4689
"40D2E883AF32D84EAAD8E5D4215DF94BB5A1FE23","UNO_Data\StreamingAssets\preinstall\theme\memphis\animation\stacking\anicontroller.b",5930,5930,4712,4690
"40D2E883AF32D84EAAD8E5D4215DF94BB5A1FE23","UNO_Data\StreamingAssets\preinstall\theme\memphis\animation\stacking\materials.b",2840,2840,2257,4691
"40D2E883AF32D84EAAD8E5D4215DF94BB5A1FE23","UNO_Data\StreamingAssets\preinstall\theme\memphis\animation\stacking\texture.b",247056,247056,210893,4692
"40D2E883AF32D84EAAD8E5D4215DF94BB5A1FE23","UNO_Data\StreamingAssets\preinstall\theme\memphis\animation\theme_picker\texture.b",764858,764858,673099,4693
"40D2E883AF32D84EAAD8E5D4215DF94BB5A1FE23","UNO_Data\StreamingAssets\preinstall\theme\memphis\animation\touch_screen\anicontroller.b",4930,4930,3865,4694
"40D2E883AF32D84EAAD8E5D4215DF94BB5A1FE23","UNO_Data\StreamingAssets\preinstall\theme\memphis\animation\tutorial_arrow\anicontroller.b",4697,4697,3643,4695
"40D2E883AF32D84EAAD8E5D4215DF94BB5A1FE23","UNO_Data\StreamingAssets\preinstall\theme\memphis\animation\tutorial_arrow\materials.b",19896,19896,11075,4696
"40D2E883AF32D84EAAD8E5D4215DF94BB5A1FE23","UNO_Data\StreamingAssets\preinstall\theme\memphis\animation\tutorial_arrow\texture.b",43088,43088,38268,4697
"40D2E883AF32D84EAAD8E5D4215DF94BB5A1FE23","UNO_Data\StreamingAssets\preinstall\theme\memphis\animation\voice_chat\anicontroller.b",4691,4691,3630,4698
"40D2E883AF32D84EAAD8E5D4215DF94BB5A1FE23","UNO_Data\StreamingAssets\preinstall\theme\memphis\animation\voice_chat\materials.b",2727,2727,2155,4699
"40D2E883AF32D84EAAD8E5D4215DF94BB5A1FE23","UNO_Data\StreamingAssets\preinstall\theme\memphis\animation\voice_chat\texture.b",26129,26129,23504,4700
"40D2E883AF32D84EAAD8E5D4215DF94BB5A1FE23","UNO_Data\StreamingAssets\preinstall\theme\memphis\animation\wild\anicontroller.b",6188,6188,4924,4701
"40D2E883AF32D84EAAD8E5D4215DF94BB5A1FE23","UNO_Data\StreamingAssets\preinstall\theme\memphis\animation\wild_ps4_cross_button\materials.b",44049,44049,31904,4702
"40D2E883AF32D84EAAD8E5D4215DF94BB5A1FE23","UNO_Data\StreamingAssets\preinstall\theme\memphis\animation\xbox1_cross_button\anicontroller.b",5616,5616,4447,4703
"40D2E883AF32D84EAAD8E5D4215DF94BB5A1FE23","UNO_Data\StreamingAssets\preinstall\theme\memphis\animation\xbox1_cross_button\materials.b",2626,2626,2058,4704
"40D2E883AF32D84EAAD8E5D4215DF94BB5A1FE23","UNO_Data\StreamingAssets\preinstall\theme\memphis\animation\xbox1_cross_button\mesh.b",61656,61656,46953,4705
"40D2E883AF32D84EAAD8E5D4215DF94BB5A1FE23","UNO_Data\StreamingAssets\preinstall\theme\memphis\animation\xbox1_cross_button\texture.b",2248,2248,1694,4706
"40D2E883AF32D84EAAD8E5D4215DF94BB5A1FE23","UNO_Data\StreamingAssets\preinstall\theme\memphis\background\vfx.b",1899597,1899597,1521164,4707
"40D2E883AF32D84EAAD8E5D4215DF94BB5A1FE23","UNO_Data\StreamingAssets\preinstall\theme\memphis\cardanimation\sevenzero.b",6411,6411,4546,4708
"40D2E883AF32D84EAAD8E5D4215DF94BB5A1FE23","UNO_Data\StreamingAssets\preinstall\theme\memphis\cardcoveringeffect\colorchangeeffect.b",585891,585891,407962,4709
"40D2E883AF32D84EAAD8E5D4215DF94BB5A1FE23","UNO_Data\StreamingAssets\preinstall\theme\memphis\classic_board\board_circle.b",366530,366530,284752,4710
"40D2E883AF32D84EAAD8E5D4215DF94BB5A1FE23","UNO_Data\StreamingAssets\preinstall\theme\memphis\classic_board\board_glow.b",254012,254012,222115,4711
"40D2E883AF32D84EAAD8E5D4215DF94BB5A1FE23","UNO_Data\StreamingAssets\preinstall\theme\memphis\classic_board\board_red.b",135057,135057,112573,4712
"40D2E883AF32D84EAAD8E5D4215DF94BB5A1FE23","UNO_Data\StreamingAssets\preinstall\theme\memphis\classic_board\board_yellow.b",451783,451783,383637,4713
"40D2E883AF32D84EAAD8E5D4215DF94BB5A1FE23","UNO_Data\StreamingAssets\preinstall\theme\memphis\classic_board\card_deck.b",151478,151478,124296,4714
"40D2E883AF32D84EAAD8E5D4215DF94BB5A1FE23","UNO_Data\StreamingAssets\preinstall\theme\memphis\gfx\card_shadow.b",51951,51951,37387,4715
"40D2E883AF32D84EAAD8E5D4215DF94BB5A1FE23","UNO_Data\StreamingAssets\preinstall\theme\memphis\gfx\active_player\materials.b",2671,2671,2101,4716
"40D2E883AF32D84EAAD8E5D4215DF94BB5A1FE23","UNO_Data\StreamingAssets\preinstall\theme\memphis\gfx\active_player\mesh.b",54441,54441,40419,4717
"40D2E883AF32D84EAAD8E5D4215DF94BB5A1FE23","UNO_Data\StreamingAssets\preinstall\theme\memphis\gfx\active_player\texture.b",27591,27591,24843,4718
"40D2E883AF32D84EAAD8E5D4215DF94BB5A1FE23","UNO_Data\StreamingAssets\preinstall\theme\memphis\gfx\avater\materials.b",4339,4339,3521,4719
"40D2E883AF32D84EAAD8E5D4215DF94BB5A1FE23","UNO_Data\StreamingAssets\preinstall\theme\memphis\gfx\avater\mesh.b",46452,46452,33365,4720
"40D2E883AF32D84EAAD8E5D4215DF94BB5A1FE23","UNO_Data\StreamingAssets\preinstall\theme\memphis\gfx\avater\texture.b",446792,446792,354222,4721
"40D2E883AF32D84EAAD8E5D4215DF94BB5A1FE23","UNO_Data\StreamingAssets\preinstall\theme\memphis\gfx\background_sphere\materials.b",2918,2918,2318,4722
"40D2E883AF32D84EAAD8E5D4215DF94BB5A1FE23","UNO_Data\StreamingAssets\preinstall\theme\memphis\gfx\background_sphere\mesh.b",65497,65497,49975,4723
"40D2E883AF32D84EAAD8E5D4215DF94BB5A1FE23","UNO_Data\StreamingAssets\preinstall\theme\memphis\gfx\background_sphere\texture.b",103891,103891,75274,4724
"40D2E883AF32D84EAAD8E5D4215DF94BB5A1FE23","UNO_Data\StreamingAssets\preinstall\theme\memphis\gfx\call_uno\materials.b",3368,3368,2744,4725
"40D2E883AF32D84EAAD8E5D4215DF94BB5A1FE23","UNO_Data\StreamingAssets\preinstall\theme\memphis\gfx\call_uno\mesh.b",77511,77511,59213,4726
"40D2E883AF32D84EAAD8E5D4215DF94BB5A1FE23","UNO_Data\StreamingAssets\preinstall\theme\memphis\gfx\call_uno\texture.b",909119,909119,572059,4727
"40D2E883AF32D84EAAD8E5D4215DF94BB5A1FE23","UNO_Data\StreamingAssets\preinstall\theme\memphis\gfx\card_shadow\texture.b",17884,17884,12721,4728
"40D2E883AF32D84EAAD8E5D4215DF94BB5A1FE23","UNO_Data\StreamingAssets\preinstall\theme\memphis\gfx\cursor\materials.b",43146,43146,31090,4729
"40D2E883AF32D84EAAD8E5D4215DF94BB5A1FE23","UNO_Data\StreamingAssets\preinstall\theme\memphis\gfx\cursor\mesh.b",64708,64708,48886,4730
"40D2E883AF32D84EAAD8E5D4215DF94BB5A1FE23","UNO_Data\StreamingAssets\preinstall\theme\memphis\gfx\cursor\texture.b",104778,104778,50269,4731
"40D2E883AF32D84EAAD8E5D4215DF94BB5A1FE23","UNO_Data\StreamingAssets\preinstall\theme\memphis\gfx\drawfour\materials.b",2815,2815,2238,4732
"40D2E883AF32D84EAAD8E5D4215DF94BB5A1FE23","UNO_Data\StreamingAssets\preinstall\theme\memphis\gfx\drawfour\texture.b",377133,377133,330949,4733
"40D2E883AF32D84EAAD8E5D4215DF94BB5A1FE23","UNO_Data\StreamingAssets\preinstall\theme\memphis\gfx\drawtwo\materials.b",2968,2968,2368,4734
"40D2E883AF32D84EAAD8E5D4215DF94BB5A1FE23","UNO_Data\StreamingAssets\preinstall\theme\memphis\gfx\drawtwo\mesh.b",59230,59230,45404,4735
"40D2E883AF32D84EAAD8E5D4215DF94BB5A1FE23","UNO_Data\StreamingAssets\preinstall\theme\memphis\gfx\drawtwo\texture.b",455966,455966,262633,4736
"40D2E883AF32D84EAAD8E5D4215DF94BB5A1FE23","UNO_Data\StreamingAssets\preinstall\theme\memphis\gfx\particle_cardglow\materials.b",3465,3465,2807,4737
"40D2E883AF32D84EAAD8E5D4215DF94BB5A1FE23","UNO_Data\StreamingAssets\preinstall\theme\memphis\gfx\particle_cardglow\mesh.b",51593,51593,37830,4738
"40D2E883AF32D84EAAD8E5D4215DF94BB5A1FE23","UNO_Data\StreamingAssets\preinstall\theme\memphis\gfx\particle_cardglow\texture.b",311836,311836,250606,4739
"40D2E883AF32D84EAAD8E5D4215DF94BB5A1FE23","UNO_Data\StreamingAssets\preinstall\theme\memphis\gfx\pointtaken\mesh.b",97016,97016,78512,4740
"40D2E883AF32D84EAAD8E5D4215DF94BB5A1FE23","UNO_Data\StreamingAssets\preinstall\theme\memphis\gfx\reverse\materials.b",292110,292110,203893,4741
"40D2E883AF32D84EAAD8E5D4215DF94BB5A1FE23","UNO_Data\StreamingAssets\preinstall\theme\memphis\gfx\reverse\mesh.b",80298,80298,62691,4742
"40D2E883AF32D84EAAD8E5D4215DF94BB5A1FE23","UNO_Data\StreamingAssets\preinstall\theme\memphis\gfx\reverse\texture.b",473335,473335,335978,4743
"40D2E883AF32D84EAAD8E5D4215DF94BB5A1FE23","UNO_Data\StreamingAssets\preinstall\theme\memphis\gfx\sevenzero\materials.b",3430,3430,2781,4744
"40D2E883AF32D84EAAD8E5D4215DF94BB5A1FE23","UNO_Data\StreamingAssets\preinstall\theme\memphis\gfx\sevenzero\mesh.b",63126,63126,48958,4745
"40D2E883AF32D84EAAD8E5D4215DF94BB5A1FE23","UNO_Data\StreamingAssets\preinstall\theme\memphis\gfx\sevenzero\texture.b",786919,786919,505472,4746
"40D2E883AF32D84EAAD8E5D4215DF94BB5A1FE23","UNO_Data\StreamingAssets\preinstall\theme\memphis\gfx\single_card\materials.b",2776,2776,2201,4747
"40D2E883AF32D84EAAD8E5D4215DF94BB5A1FE23","UNO_Data\StreamingAssets\preinstall\theme\memphis\gfx\single_card\texture.b",161332,161332,137556,4748
"40D2E883AF32D84EAAD8E5D4215DF94BB5A1FE23","UNO_Data\StreamingAssets\preinstall\theme\memphis\gfx\skip\materials.b",3354,3354,2733,4749
"40D2E883AF32D84EAAD8E5D4215DF94BB5A1FE23","UNO_Data\StreamingAssets\preinstall\theme\memphis\gfx\skip\mesh.b",82638,82638,62917,4750
"40D2E883AF32D84EAAD8E5D4215DF94BB5A1FE23","UNO_Data\StreamingAssets\preinstall\theme\memphis\gfx\skip\texture.b",576804,576804,457575,4751
"40D2E883AF32D84EAAD8E5D4215DF94BB5A1FE23","UNO_Data\StreamingAssets\preinstall\theme\memphis\gfx\touch_screen\materials.b",2664,2664,2081,4752
"40D2E883AF32D84EAAD8E5D4215DF94BB5A1FE23","UNO_Data\StreamingAssets\preinstall\theme\memphis\gfx\touch_screen\texture.b",14061,14061,12359,4753
"40D2E883AF32D84EAAD8E5D4215DF94BB5A1FE23","UNO_Data\StreamingAssets\preinstall\theme\memphis\gfx_fx\material.b",7653,7653,6568,4754
"40D2E883AF32D84EAAD8E5D4215DF94BB5A1FE23","UNO_Data\StreamingAssets\preinstall\theme\memphis\gfx_fx\mesh.b",168866,168866,127934,4755
"40D2E883AF32D84EAAD8E5D4215DF94BB5A1FE23","UNO_Data\StreamingAssets\preinstall\theme\memphis\gfx_fx\texture.b",3109730,3109730,2576556,4756
"40D2E883AF32D84EAAD8E5D4215DF94BB5A1FE23","UNO_Data\StreamingAssets\preinstall\theme\memphis\gfx_fx\vfxanimation.b",9510,9510,6948,4757
"40D2E883AF32D84EAAD8E5D4215DF94BB5A1FE23","UNO_Data\StreamingAssets\preinstall\theme\memphis\gfx_fx\texture\materials.b",2595,2595,2045,4758
"40D2E883AF32D84EAAD8E5D4215DF94BB5A1FE23","UNO_Data\StreamingAssets\preinstall\theme\memphis\popup\texture.b",7898968,7898968,6104288,4759
"40D2E883AF32D84EAAD8E5D4215DF94BB5A1FE23","UNO_Data\StreamingAssets\preinstall\theme\memphis\prefabs\gfx.b",421536,421536,287660,4760
"40D2E883AF32D84EAAD8E5D4215DF94BB5A1FE23","UNO_Data\StreamingAssets\preinstall\theme\memphis\sceneresources\party_board.b",5724481,5724481,4632444,4761
"40D2E883AF32D84EAAD8E5D4215DF94BB5A1FE23","UNO_Data\StreamingAssets\preinstall\theme\memphis\sceneresources\party_wildpileup_backgroud.b",2847,2847,2250,4762
"40D2E883AF32D84EAAD8E5D4215DF94BB5A1FE23","UNO_Data\StreamingAssets\preinstall\theme\memphis\skybox\materials.b",2694,2694,2121,4763
"40D2E883AF32D84EAAD8E5D4215DF94BB5A1FE23","UNO_Data\StreamingAssets\preinstall\theme\memphis\skybox\texture.b",158868,158868,128809,4764
"40D2E883AF32D84EAAD8E5D4215DF94BB5A1FE23","UNO_Data\StreamingAssets\preinstall\theme\memphis\themecards\pointtakencard.b",12804,12804,9895,4765
"40D2E883AF32D84EAAD8E5D4215DF94BB5A1FE23","UNO_Data\StreamingAssets\preinstall\theme\memphis\themecards\wilddrawntogether.b",10021,10021,7560,4766
"40D2E883AF32D84EAAD8E5D4215DF94BB5A1FE23","UNO_Data\StreamingAssets\preinstall\theme\memphis\themecards\wildpileup.b",10267,10267,7638,4767
"40D2E883AF32D84EAAD8E5D4215DF94BB5A1FE23","UNO_Data\StreamingAssets\preinstall\theme\memphis\themecards\pointtakencard\mesh.b",41433,41433,36517,4768
"40D2E883AF32D84EAAD8E5D4215DF94BB5A1FE23","UNO_Data\StreamingAssets\preinstall\theme\memphis\themecards\pointtakencard\texture.b",882599,882599,743484,4769
"40D2E883AF32D84EAAD8E5D4215DF94BB5A1FE23","UNO_Data\StreamingAssets\preinstall\theme\memphis\themecards\wilddrawntogether\mesh.b",26598,26598,20060,4770
"40D2E883AF32D84EAAD8E5D4215DF94BB5A1FE23","UNO_Data\StreamingAssets\preinstall\theme\memphis\themecards\wilddrawntogether\texture.b",470584,470584,401548,4771
"40D2E883AF32D84EAAD8E5D4215DF94BB5A1FE23","UNO_Data\StreamingAssets\preinstall\theme\memphis\themecards\wildpileup\mesh.b",8357,8357,6370,4772
"40D2E883AF32D84EAAD8E5D4215DF94BB5A1FE23","UNO_Data\StreamingAssets\preinstall\theme\memphis\themecards\wildpileup\texture.b",672156,672156,379856,4773
"40D2E883AF32D84EAAD8E5D4215DF94BB5A1FE23","UNO_Data\StreamingAssets\preinstall\theme\nomercy\arrow.b",533855,533855,385969,4774
"40D2E883AF32D84EAAD8E5D4215DF94BB5A1FE23","UNO_Data\StreamingAssets\preinstall\theme\nomercy\background.b",1628434,1628434,1336100,4775
"40D2E883AF32D84EAAD8E5D4215DF94BB5A1FE23","UNO_Data\StreamingAssets\preinstall\theme\nomercy\cardanimation.b",129461,129461,109356,4776
"40D2E883AF32D84EAAD8E5D4215DF94BB5A1FE23","UNO_Data\StreamingAssets\preinstall\theme\nomercy\cards.b",81026,81026,46769,4777
"40D2E883AF32D84EAAD8E5D4215DF94BB5A1FE23","UNO_Data\StreamingAssets\preinstall\theme\nomercy\popup.b",4237669,4237669,3479029,4778
"40D2E883AF32D84EAAD8E5D4215DF94BB5A1FE23","UNO_Data\StreamingAssets\preinstall\theme\nomercy\prefabs.b",309781,309781,273848,4779
"40D2E883AF32D84EAAD8E5D4215DF94BB5A1FE23","UNO_Data\StreamingAssets\preinstall\theme\nomercy\themecards.b",2222209,2222209,1998476,4780
"40D2E883AF32D84EAAD8E5D4215DF94BB5A1FE23","UNO_Data\StreamingAssets\preinstall\theme\nomercy\vfx.b",47658,47658,34248,4781
"40D2E883AF32D84EAAD8E5D4215DF94BB5A1FE23","UNO_Data\StreamingAssets\preinstall\theme\nomercy\animation\active_player.b",7839,7839,5631,4782
"40D2E883AF32D84EAAD8E5D4215DF94BB5A1FE23","UNO_Data\StreamingAssets\preinstall\theme\nomercy\animation\arrows.b",21442,21442,17053,4783
"40D2E883AF32D84EAAD8E5D4215DF94BB5A1FE23","UNO_Data\StreamingAssets\preinstall\theme\nomercy\animation\avater.b",9638,9638,7181,4784
"40D2E883AF32D84EAAD8E5D4215DF94BB5A1FE23","UNO_Data\StreamingAssets\preinstall\theme\nomercy\animation\board_circle.b",6461,6461,4546,4785
"40D2E883AF32D84EAAD8E5D4215DF94BB5A1FE23","UNO_Data\StreamingAssets\preinstall\theme\nomercy\animation\button_glow.b",154314,154314,130275,4786
"40D2E883AF32D84EAAD8E5D4215DF94BB5A1FE23","UNO_Data\StreamingAssets\preinstall\theme\nomercy\animation\call_uno.b",22078,22078,19143,4787
"40D2E883AF32D84EAAD8E5D4215DF94BB5A1FE23","UNO_Data\StreamingAssets\preinstall\theme\nomercy\animation\deck_sfx.b",6602,6602,4678,4788
"40D2E883AF32D84EAAD8E5D4215DF94BB5A1FE23","UNO_Data\StreamingAssets\preinstall\theme\nomercy\animation\didnt_calluno.b",6517,6517,4662,4789
"40D2E883AF32D84EAAD8E5D4215DF94BB5A1FE23","UNO_Data\StreamingAssets\preinstall\theme\nomercy\animation\drawcard.b",6578,6578,4744,4790
"40D2E883AF32D84EAAD8E5D4215DF94BB5A1FE23","UNO_Data\StreamingAssets\preinstall\theme\nomercy\animation\drawtwo.b",19440,19440,13853,4791
"40D2E883AF32D84EAAD8E5D4215DF94BB5A1FE23","UNO_Data\StreamingAssets\preinstall\theme\nomercy\animation\joker.b",495834,495834,412297,4792
"40D2E883AF32D84EAAD8E5D4215DF94BB5A1FE23","UNO_Data\StreamingAssets\preinstall\theme\nomercy\animation\jump_in.b",79621,79621,61021,4793
"40D2E883AF32D84EAAD8E5D4215DF94BB5A1FE23","UNO_Data\StreamingAssets\preinstall\theme\nomercy\animation\particle_cardglow.b",6115,6115,4303,4794
"40D2E883AF32D84EAAD8E5D4215DF94BB5A1FE23","UNO_Data\StreamingAssets\preinstall\theme\nomercy\animation\preparecalluno.b",6959,6959,5062,4795
"40D2E883AF32D84EAAD8E5D4215DF94BB5A1FE23","UNO_Data\StreamingAssets\preinstall\theme\nomercy\animation\ps4_cross_button.b",118122,118122,92001,4796
"40D2E883AF32D84EAAD8E5D4215DF94BB5A1FE23","UNO_Data\StreamingAssets\preinstall\theme\nomercy\animation\reverse.b",8280,8280,6303,4797
"40D2E883AF32D84EAAD8E5D4215DF94BB5A1FE23","UNO_Data\StreamingAssets\preinstall\theme\nomercy\animation\sevenzero.b",31999,31999,20208,4798
"40D2E883AF32D84EAAD8E5D4215DF94BB5A1FE23","UNO_Data\StreamingAssets\preinstall\theme\nomercy\animation\single_card.b",6194,6194,4369,4799
"40D2E883AF32D84EAAD8E5D4215DF94BB5A1FE23","UNO_Data\StreamingAssets\preinstall\theme\nomercy\animation\skip.b",10606,10606,8171,4800
"40D2E883AF32D84EAAD8E5D4215DF94BB5A1FE23","UNO_Data\StreamingAssets\preinstall\theme\nomercy\animation\stacking.b",10884,10884,8661,4801
"40D2E883AF32D84EAAD8E5D4215DF94BB5A1FE23","UNO_Data\StreamingAssets\preinstall\theme\nomercy\animation\touch_screen.b",6515,6515,4627,4802
"40D2E883AF32D84EAAD8E5D4215DF94BB5A1FE23","UNO_Data\StreamingAssets\preinstall\theme\nomercy\animation\tutorial_arrow.b",6140,6140,4339,4803
"40D2E883AF32D84EAAD8E5D4215DF94BB5A1FE23","UNO_Data\StreamingAssets\preinstall\theme\nomercy\animation\voice_chat.b",7344,7344,5399,4804
"40D2E883AF32D84EAAD8E5D4215DF94BB5A1FE23","UNO_Data\StreamingAssets\preinstall\theme\nomercy\animation\wild.b",242161,242161,201749,4805
"40D2E883AF32D84EAAD8E5D4215DF94BB5A1FE23","UNO_Data\StreamingAssets\preinstall\theme\nomercy\animation\wild_ps4_cross_button.b",2772,2772,1707,4806
"40D2E883AF32D84EAAD8E5D4215DF94BB5A1FE23","UNO_Data\StreamingAssets\preinstall\theme\nomercy\animation\xbox1_cross_button.b",11747,11747,8935,4807
"40D2E883AF32D84EAAD8E5D4215DF94BB5A1FE23","UNO_Data\StreamingAssets\preinstall\theme\nomercy\animation\active_player\anicontroller.b",6803,6803,5464,4808
"40D2E883AF32D84EAAD8E5D4215DF94BB5A1FE23","UNO_Data\StreamingAssets\preinstall\theme\nomercy\animation\arrows\materials.b",2632,2632,2076,4809
"40D2E883AF32D84EAAD8E5D4215DF94BB5A1FE23","UNO_Data\StreamingAssets\preinstall\theme\nomercy\animation\arrows\texture.b",192280,192280,164253,4810
"40D2E883AF32D84EAAD8E5D4215DF94BB5A1FE23","UNO_Data\StreamingAssets\preinstall\theme\nomercy\animation\avater\anicontroller.b",5590,5590,4458,4811
"40D2E883AF32D84EAAD8E5D4215DF94BB5A1FE23","UNO_Data\StreamingAssets\preinstall\theme\nomercy\animation\board_circle\anicontroller.b",4700,4700,3642,4812
"40D2E883AF32D84EAAD8E5D4215DF94BB5A1FE23","UNO_Data\StreamingAssets\preinstall\theme\nomercy\animation\button_glow\anicontroller.b",5047,5047,3981,4813
"40D2E883AF32D84EAAD8E5D4215DF94BB5A1FE23","UNO_Data\StreamingAssets\preinstall\theme\nomercy\animation\button_glow\materials.b",42652,42652,30638,4814
"40D2E883AF32D84EAAD8E5D4215DF94BB5A1FE23","UNO_Data\StreamingAssets\preinstall\theme\nomercy\animation\call_uno\anicontroller.b",4703,4703,3677,4815
"40D2E883AF32D84EAAD8E5D4215DF94BB5A1FE23","UNO_Data\StreamingAssets\preinstall\theme\nomercy\animation\deck_sfx\anicontroller.b",4681,4681,3629,4816
"40D2E883AF32D84EAAD8E5D4215DF94BB5A1FE23","UNO_Data\StreamingAssets\preinstall\theme\nomercy\animation\didnt_calluno\anicontroller.b",4694,4694,3636,4817
"40D2E883AF32D84EAAD8E5D4215DF94BB5A1FE23","UNO_Data\StreamingAssets\preinstall\theme\nomercy\animation\didnt_calluno\materials.b",2582,2582,2028,4818
"40D2E883AF32D84EAAD8E5D4215DF94BB5A1FE23","UNO_Data\StreamingAssets\preinstall\theme\nomercy\animation\didnt_calluno\mesh.b",53600,53600,38612,4819
"40D2E883AF32D84EAAD8E5D4215DF94BB5A1FE23","UNO_Data\StreamingAssets\preinstall\theme\nomercy\animation\didnt_calluno\texture.b",11371,11371,9221,4820
"40D2E883AF32D84EAAD8E5D4215DF94BB5A1FE23","UNO_Data\StreamingAssets\preinstall\theme\nomercy\animation\drawcard\anicontroller.b",4936,4936,3881,4821
"40D2E883AF32D84EAAD8E5D4215DF94BB5A1FE23","UNO_Data\StreamingAssets\preinstall\theme\nomercy\animation\drawcard\materials.b",2858,2858,2278,4822
"40D2E883AF32D84EAAD8E5D4215DF94BB5A1FE23","UNO_Data\StreamingAssets\preinstall\theme\nomercy\animation\drawcard\mesh.b",47548,47548,34230,4823
"40D2E883AF32D84EAAD8E5D4215DF94BB5A1FE23","UNO_Data\StreamingAssets\preinstall\theme\nomercy\animation\drawcard\texture.b",134407,134407,107542,4824
"40D2E883AF32D84EAAD8E5D4215DF94BB5A1FE23","UNO_Data\StreamingAssets\preinstall\theme\nomercy\animation\drawtwo\anicontroller.b",11405,11405,9538,4825
"40D2E883AF32D84EAAD8E5D4215DF94BB5A1FE23","UNO_Data\StreamingAssets\preinstall\theme\nomercy\animation\drawtwo\choosebottomplaceholder.b",10365,10365,7655,4826
"40D2E883AF32D84EAAD8E5D4215DF94BB5A1FE23","UNO_Data\StreamingAssets\preinstall\theme\nomercy\animation\joker\anicontroller.b",6202,6202,4931,4827
"40D2E883AF32D84EAAD8E5D4215DF94BB5A1FE23","UNO_Data\StreamingAssets\preinstall\theme\nomercy\animation\jump_in\anicontroller.b",5625,5625,4470,4828
"40D2E883AF32D84EAAD8E5D4215DF94BB5A1FE23","UNO_Data\StreamingAssets\preinstall\theme\nomercy\animation\jump_in\materials.b",2906,2906,2318,4829
"40D2E883AF32D84EAAD8E5D4215DF94BB5A1FE23","UNO_Data\StreamingAssets\preinstall\theme\nomercy\animation\jump_in\mesh.b",59759,59759,44436,4830
"40D2E883AF32D84EAAD8E5D4215DF94BB5A1FE23","UNO_Data\StreamingAssets\preinstall\theme\nomercy\animation\jump_in\texture.b",143158,143158,108581,4831
"40D2E883AF32D84EAAD8E5D4215DF94BB5A1FE23","UNO_Data\StreamingAssets\preinstall\theme\nomercy\animation\particle_cardglow\anicontroller.b",4706,4706,3648,4832
"40D2E883AF32D84EAAD8E5D4215DF94BB5A1FE23","UNO_Data\StreamingAssets\preinstall\theme\nomercy\animation\preparecalluno\anicontroller.b",5079,5079,3980,4833
"40D2E883AF32D84EAAD8E5D4215DF94BB5A1FE23","UNO_Data\StreamingAssets\preinstall\theme\nomercy\animation\ps4_cross_button\anicontroller.b",5194,5194,4112,4834
"40D2E883AF32D84EAAD8E5D4215DF94BB5A1FE23","UNO_Data\StreamingAssets\preinstall\theme\nomercy\animation\reverse\anicontroller.b",5137,5137,4058,4835
"40D2E883AF32D84EAAD8E5D4215DF94BB5A1FE23","UNO_Data\StreamingAssets\preinstall\theme\nomercy\animation\sevenzero\anicontroller.b",14472,14472,12231,4836
"40D2E883AF32D84EAAD8E5D4215DF94BB5A1FE23","UNO_Data\StreamingAssets\preinstall\theme\nomercy\animation\sevenzero\materials.b",2709,2709,2135,4837
"40D2E883AF32D84EAAD8E5D4215DF94BB5A1FE23","UNO_Data\StreamingAssets\preinstall\theme\nomercy\animation\single_card\anicontroller.b",4733,4733,3698,4838
"40D2E883AF32D84EAAD8E5D4215DF94BB5A1FE23","UNO_Data\StreamingAssets\preinstall\theme\nomercy\animation\skip\anicontroller.b",7500,7500,6125,4839
"40D2E883AF32D84EAAD8E5D4215DF94BB5A1FE23","UNO_Data\StreamingAssets\preinstall\theme\nomercy\animation\stacking\anicontroller.b",5915,5915,4712,4840
"40D2E883AF32D84EAAD8E5D4215DF94BB5A1FE23","UNO_Data\StreamingAssets\preinstall\theme\nomercy\animation\stacking\materials.b",2840,2840,2253,4841
"40D2E883AF32D84EAAD8E5D4215DF94BB5A1FE23","UNO_Data\StreamingAssets\preinstall\theme\nomercy\animation\stacking\texture.b",248298,248298,211971,4842
"40D2E883AF32D84EAAD8E5D4215DF94BB5A1FE23","UNO_Data\StreamingAssets\preinstall\theme\nomercy\animation\theme_picker\texture.b",7759,7759,1705,4843
"40D2E883AF32D84EAAD8E5D4215DF94BB5A1FE23","UNO_Data\StreamingAssets\preinstall\theme\nomercy\animation\touch_screen\anicontroller.b",4928,4928,3863,4844
"40D2E883AF32D84EAAD8E5D4215DF94BB5A1FE23","UNO_Data\StreamingAssets\preinstall\theme\nomercy\animation\tutorial_arrow\anicontroller.b",4701,4701,3673,4845
"40D2E883AF32D84EAAD8E5D4215DF94BB5A1FE23","UNO_Data\StreamingAssets\preinstall\theme\nomercy\animation\tutorial_arrow\materials.b",19866,19866,11049,4846
"40D2E883AF32D84EAAD8E5D4215DF94BB5A1FE23","UNO_Data\StreamingAssets\preinstall\theme\nomercy\animation\tutorial_arrow\texture.b",43087,43087,38266,4847
"40D2E883AF32D84EAAD8E5D4215DF94BB5A1FE23","UNO_Data\StreamingAssets\preinstall\theme\nomercy\animation\voice_chat\anicontroller.b",4693,4693,3667,4848
"40D2E883AF32D84EAAD8E5D4215DF94BB5A1FE23","UNO_Data\StreamingAssets\preinstall\theme\nomercy\animation\voice_chat\materials.b",2725,2725,2156,4849
"40D2E883AF32D84EAAD8E5D4215DF94BB5A1FE23","UNO_Data\StreamingAssets\preinstall\theme\nomercy\animation\voice_chat\texture.b",26132,26132,23500,4850
"40D2E883AF32D84EAAD8E5D4215DF94BB5A1FE23","UNO_Data\StreamingAssets\preinstall\theme\nomercy\animation\wild\anicontroller.b",6187,6187,4922,4851
"40D2E883AF32D84EAAD8E5D4215DF94BB5A1FE23","UNO_Data\StreamingAssets\preinstall\theme\nomercy\animation\wild_ps4_cross_button\materials.b",44088,44088,31904,4852
"40D2E883AF32D84EAAD8E5D4215DF94BB5A1FE23","UNO_Data\StreamingAssets\preinstall\theme\nomercy\animation\xbox1_cross_button\anicontroller.b",5607,5607,4477,4853
"40D2E883AF32D84EAAD8E5D4215DF94BB5A1FE23","UNO_Data\StreamingAssets\preinstall\theme\nomercy\animation\xbox1_cross_button\materials.b",2661,2661,2087,4854
"40D2E883AF32D84EAAD8E5D4215DF94BB5A1FE23","UNO_Data\StreamingAssets\preinstall\theme\nomercy\animation\xbox1_cross_button\mesh.b",61739,61739,46973,4855
"40D2E883AF32D84EAAD8E5D4215DF94BB5A1FE23","UNO_Data\StreamingAssets\preinstall\theme\nomercy\animation\xbox1_cross_button\texture.b",2248,2248,1693,4856
"40D2E883AF32D84EAAD8E5D4215DF94BB5A1FE23","UNO_Data\StreamingAssets\preinstall\theme\nomercy\cardanimation\sevenzero.b",6411,6411,4545,4857
"40D2E883AF32D84EAAD8E5D4215DF94BB5A1FE23","UNO_Data\StreamingAssets\preinstall\theme\nomercy\cardcoveringeffect\colorchangeeffect.b",5606183,5606183,4639459,4858
"40D2E883AF32D84EAAD8E5D4215DF94BB5A1FE23","UNO_Data\StreamingAssets\preinstall\theme\nomercy\classic_board\board_circle.b",366235,366235,283761,4859
"40D2E883AF32D84EAAD8E5D4215DF94BB5A1FE23","UNO_Data\StreamingAssets\preinstall\theme\nomercy\classic_board\board_glow.b",204720,204720,184362,4860
"40D2E883AF32D84EAAD8E5D4215DF94BB5A1FE23","UNO_Data\StreamingAssets\preinstall\theme\nomercy\classic_board\board_red.b",86042,86042,74982,4861
"40D2E883AF32D84EAAD8E5D4215DF94BB5A1FE23","UNO_Data\StreamingAssets\preinstall\theme\nomercy\classic_board\board_yellow.b",402364,402364,345953,4862
"40D2E883AF32D84EAAD8E5D4215DF94BB5A1FE23","UNO_Data\StreamingAssets\preinstall\theme\nomercy\classic_board\card_deck.b",164175,164175,140660,4863
"40D2E883AF32D84EAAD8E5D4215DF94BB5A1FE23","UNO_Data\StreamingAssets\preinstall\theme\nomercy\gfx\card_shadow.b",10790,10790,8288,4864
"40D2E883AF32D84EAAD8E5D4215DF94BB5A1FE23","UNO_Data\StreamingAssets\preinstall\theme\nomercy\gfx\active_player\materials.b",2669,2669,2100,4865
"40D2E883AF32D84EAAD8E5D4215DF94BB5A1FE23","UNO_Data\StreamingAssets\preinstall\theme\nomercy\gfx\active_player\mesh.b",54318,54318,40360,4866
"40D2E883AF32D84EAAD8E5D4215DF94BB5A1FE23","UNO_Data\StreamingAssets\preinstall\theme\nomercy\gfx\active_player\texture.b",27156,27156,24710,4867
"40D2E883AF32D84EAAD8E5D4215DF94BB5A1FE23","UNO_Data\StreamingAssets\preinstall\theme\nomercy\gfx\avater\materials.b",4322,4322,3513,4868
"40D2E883AF32D84EAAD8E5D4215DF94BB5A1FE23","UNO_Data\StreamingAssets\preinstall\theme\nomercy\gfx\avater\mesh.b",46626,46626,33430,4869
"40D2E883AF32D84EAAD8E5D4215DF94BB5A1FE23","UNO_Data\StreamingAssets\preinstall\theme\nomercy\gfx\avater\texture.b",445777,445777,353745,4870
"40D2E883AF32D84EAAD8E5D4215DF94BB5A1FE23","UNO_Data\StreamingAssets\preinstall\theme\nomercy\gfx\background_sphere\materials.b",2905,2905,2316,4871
"40D2E883AF32D84EAAD8E5D4215DF94BB5A1FE23","UNO_Data\StreamingAssets\preinstall\theme\nomercy\gfx\background_sphere\mesh.b",65775,65775,49915,4872
"40D2E883AF32D84EAAD8E5D4215DF94BB5A1FE23","UNO_Data\StreamingAssets\preinstall\theme\nomercy\gfx\background_sphere\texture.b",103451,103451,74668,4873
"40D2E883AF32D84EAAD8E5D4215DF94BB5A1FE23","UNO_Data\StreamingAssets\preinstall\theme\nomercy\gfx\call_uno\materials.b",3373,3373,2754,4874
"40D2E883AF32D84EAAD8E5D4215DF94BB5A1FE23","UNO_Data\StreamingAssets\preinstall\theme\nomercy\gfx\call_uno\mesh.b",78849,78849,60003,4875
"40D2E883AF32D84EAAD8E5D4215DF94BB5A1FE23","UNO_Data\StreamingAssets\preinstall\theme\nomercy\gfx\call_uno\texture.b",912066,912066,573686,4876
"40D2E883AF32D84EAAD8E5D4215DF94BB5A1FE23","UNO_Data\StreamingAssets\preinstall\theme\nomercy\gfx\card_shadow\texture.b",17880,17880,12716,4877
"40D2E883AF32D84EAAD8E5D4215DF94BB5A1FE23","UNO_Data\StreamingAssets\preinstall\theme\nomercy\gfx\cursor\materials.b",43197,43197,31064,4878
"40D2E883AF32D84EAAD8E5D4215DF94BB5A1FE23","UNO_Data\StreamingAssets\preinstall\theme\nomercy\gfx\cursor\mesh.b",64681,64681,48876,4879
"40D2E883AF32D84EAAD8E5D4215DF94BB5A1FE23","UNO_Data\StreamingAssets\preinstall\theme\nomercy\gfx\cursor\texture.b",104544,104544,50628,4880
"40D2E883AF32D84EAAD8E5D4215DF94BB5A1FE23","UNO_Data\StreamingAssets\preinstall\theme\nomercy\gfx\drawfour\materials.b",2820,2820,2233,4881
"40D2E883AF32D84EAAD8E5D4215DF94BB5A1FE23","UNO_Data\StreamingAssets\preinstall\theme\nomercy\gfx\drawfour\texture.b",376502,376502,330774,4882
"40D2E883AF32D84EAAD8E5D4215DF94BB5A1FE23","UNO_Data\StreamingAssets\preinstall\theme\nomercy\gfx\drawtwo\materials.b",2965,2965,2363,4883
"40D2E883AF32D84EAAD8E5D4215DF94BB5A1FE23","UNO_Data\StreamingAssets\preinstall\theme\nomercy\gfx\drawtwo\mesh.b",59226,59226,45408,4884
"40D2E883AF32D84EAAD8E5D4215DF94BB5A1FE23","UNO_Data\StreamingAssets\preinstall\theme\nomercy\gfx\drawtwo\texture.b",455935,455935,264215,4885
"40D2E883AF32D84EAAD8E5D4215DF94BB5A1FE23","UNO_Data\StreamingAssets\preinstall\theme\nomercy\gfx\particle_cardglow\materials.b",3477,3477,2819,4886
"40D2E883AF32D84EAAD8E5D4215DF94BB5A1FE23","UNO_Data\StreamingAssets\preinstall\theme\nomercy\gfx\particle_cardglow\mesh.b",51466,51466,37818,4887
"40D2E883AF32D84EAAD8E5D4215DF94BB5A1FE23","UNO_Data\StreamingAssets\preinstall\theme\nomercy\gfx\particle_cardglow\texture.b",311322,311322,244929,4888
"40D2E883AF32D84EAAD8E5D4215DF94BB5A1FE23","UNO_Data\StreamingAssets\preinstall\theme\nomercy\gfx\reverse\materials.b",3357,3357,2725,4889
"40D2E883AF32D84EAAD8E5D4215DF94BB5A1FE23","UNO_Data\StreamingAssets\preinstall\theme\nomercy\gfx\reverse\mesh.b",80429,80429,62734,4890
"40D2E883AF32D84EAAD8E5D4215DF94BB5A1FE23","UNO_Data\StreamingAssets\preinstall\theme\nomercy\gfx\reverse\texture.b",473352,473352,335394,4891
"40D2E883AF32D84EAAD8E5D4215DF94BB5A1FE23","UNO_Data\StreamingAssets\preinstall\theme\nomercy\gfx\sevenzero\materials.b",3435,3435,2790,4892
"40D2E883AF32D84EAAD8E5D4215DF94BB5A1FE23","UNO_Data\StreamingAssets\preinstall\theme\nomercy\gfx\sevenzero\mesh.b",63452,63452,49000,4893
"40D2E883AF32D84EAAD8E5D4215DF94BB5A1FE23","UNO_Data\StreamingAssets\preinstall\theme\nomercy\gfx\sevenzero\texture.b",787412,787412,511162,4894
"40D2E883AF32D84EAAD8E5D4215DF94BB5A1FE23","UNO_Data\StreamingAssets\preinstall\theme\nomercy\gfx\single_card\materials.b",2809,2809,2226,4895
"40D2E883AF32D84EAAD8E5D4215DF94BB5A1FE23","UNO_Data\StreamingAssets\preinstall\theme\nomercy\gfx\single_card\texture.b",161332,161332,137557,4896
"40D2E883AF32D84EAAD8E5D4215DF94BB5A1FE23","UNO_Data\StreamingAssets\preinstall\theme\nomercy\gfx\skip\materials.b",3353,3353,2722,4897
"40D2E883AF32D84EAAD8E5D4215DF94BB5A1FE23","UNO_Data\StreamingAssets\preinstall\theme\nomercy\gfx\skip\mesh.b",82631,82631,62916,4898
"40D2E883AF32D84EAAD8E5D4215DF94BB5A1FE23","UNO_Data\StreamingAssets\preinstall\theme\nomercy\gfx\skip\texture.b",575317,575317,459048,4899
"40D2E883AF32D84EAAD8E5D4215DF94BB5A1FE23","UNO_Data\StreamingAssets\preinstall\theme\nomercy\gfx\touch_screen\materials.b",2667,2667,2081,4900
"40D2E883AF32D84EAAD8E5D4215DF94BB5A1FE23","UNO_Data\StreamingAssets\preinstall\theme\nomercy\gfx\touch_screen\texture.b",14061,14061,12359,4901
"40D2E883AF32D84EAAD8E5D4215DF94BB5A1FE23","UNO_Data\StreamingAssets\preinstall\theme\nomercy\popup\texture-new.b",18775148,18775148,14934193,4902
"40D2E883AF32D84EAAD8E5D4215DF94BB5A1FE23","UNO_Data\StreamingAssets\preinstall\theme\nomercy\prefabs\gfx.b",164176,164176,112038,4903
"40D2E883AF32D84EAAD8E5D4215DF94BB5A1FE23","UNO_Data\StreamingAssets\preinstall\theme\nomercy\skybox\materials.b",2697,2697,2124,4904
"40D2E883AF32D84EAAD8E5D4215DF94BB5A1FE23","UNO_Data\StreamingAssets\preinstall\theme\nomercy\vfx\actioncards.b",2566223,2566223,1946320,4905
"40D2E883AF32D84EAAD8E5D4215DF94BB5A1FE23","UNO_Data\StreamingAssets\preinstall\theme\nomercy\vfx\drawlightning.b",12769,12769,10240,4906
"40D2E883AF32D84EAAD8E5D4215DF94BB5A1FE23","UNO_Data\StreamingAssets\preinstall\theme\nomercy\vfx\mercyknockout.b",5840,5840,4803,4907
"40D2E883AF32D84EAAD8E5D4215DF94BB5A1FE23","UNO_Data\StreamingAssets\preinstall\theme\nomercy\vfx\mockupresources.b",3766392,3766392,3012326,4908
"40D2E883AF32D84EAAD8E5D4215DF94BB5A1FE23","UNO_Data\StreamingAssets\preinstall\theme\nomercy\vfx\shader.b",3260,3260,2648,4909
"40D2E883AF32D84EAAD8E5D4215DF94BB5A1FE23","UNO_Data\StreamingAssets\preinstall\theme\nomercy\vfx\texture.b",1060621,1060621,845657,4910
"40D2E883AF32D84EAAD8E5D4215DF94BB5A1FE23","UNO_Data\StreamingAssets\preinstall\theme\nomercy\vfx\actioncards\tempnew.b",5473081,5473081,4608559,4911
"40D2E883AF32D84EAAD8E5D4215DF94BB5A1FE23","UNO_Data\StreamingAssets\preinstall\theme\nomercy\vfx\ashpile\animations.b",9625,9625,7095,4912
"40D2E883AF32D84EAAD8E5D4215DF94BB5A1FE23","UNO_Data\StreamingAssets\preinstall\theme\nomercy\vfx\ashpile\materials.b",67800,67800,51839,4913
"40D2E883AF32D84EAAD8E5D4215DF94BB5A1FE23","UNO_Data\StreamingAssets\preinstall\theme\nomercy\vfx\ashpile\meshes.b",73284,73284,58317,4914
"40D2E883AF32D84EAAD8E5D4215DF94BB5A1FE23","UNO_Data\StreamingAssets\preinstall\theme\nomercy\vfx\ashpile\textures.b",603734,603734,546973,4915
"40D2E883AF32D84EAAD8E5D4215DF94BB5A1FE23","UNO_Data\StreamingAssets\preinstall\theme\nomercy\vfx\cardsplash\materials.b",6692,6692,5789,4916
"40D2E883AF32D84EAAD8E5D4215DF94BB5A1FE23","UNO_Data\StreamingAssets\preinstall\theme\nomercy\vfx\cardsplash\meshes.b",64123,64123,47885,4917
"40D2E883AF32D84EAAD8E5D4215DF94BB5A1FE23","UNO_Data\StreamingAssets\preinstall\theme\nomercy\vfx\cardsplash\textures.b",2222784,2222784,1704960,4918
"40D2E883AF32D84EAAD8E5D4215DF94BB5A1FE23","UNO_Data\StreamingAssets\preinstall\theme\nomercy\vfx\drawlightning\animations.b",15211,15211,12364,4919
"40D2E883AF32D84EAAD8E5D4215DF94BB5A1FE23","UNO_Data\StreamingAssets\preinstall\theme\nomercy\vfx\drawlightning\materials.b",29150,29150,19250,4920
"40D2E883AF32D84EAAD8E5D4215DF94BB5A1FE23","UNO_Data\StreamingAssets\preinstall\theme\nomercy\vfx\drawlightning\meshes.b",87515,87515,71176,4921
"40D2E883AF32D84EAAD8E5D4215DF94BB5A1FE23","UNO_Data\StreamingAssets\preinstall\theme\nomercy\vfx\drawlightning\textures.b",1863262,1863262,1533895,4922
"40D2E883AF32D84EAAD8E5D4215DF94BB5A1FE23","UNO_Data\StreamingAssets\preinstall\theme\nomercy\vfx\mercyknockout\materials.b",412215,412215,361913,4923
"40D2E883AF32D84EAAD8E5D4215DF94BB5A1FE23","UNO_Data\StreamingAssets\preinstall\theme\nomercy\vfx\mercyknockout\textures.b",8695095,8695095,6646997,4924
"40D2E883AF32D84EAAD8E5D4215DF94BB5A1FE23","UNO_Data\StreamingAssets\preinstall\theme\nomercy\vfx\victory\animation.b",9260,9260,6766,4925
"40D2E883AF32D84EAAD8E5D4215DF94BB5A1FE23","UNO_Data\StreamingAssets\preinstall\theme\nomercy\vfx\victory\materials.b",31071,31071,20944,4926
"40D2E883AF32D84EAAD8E5D4215DF94BB5A1FE23","UNO_Data\StreamingAssets\preinstall\theme\nomercy\vfx\victory\mesh.b",47943,47943,34700,4927
"40D2E883AF32D84EAAD8E5D4215DF94BB5A1FE23","UNO_Data\StreamingAssets\preinstall\theme\nomercy\vfx\victory\texture.b",2879599,2879599,2373269,4928
"40D2E883AF32D84EAAD8E5D4215DF94BB5A1FE23","UNO_Data\StreamingAssets\preinstall\theme\party\animation.b",83514,83514,63164,4929
"40D2E883AF32D84EAAD8E5D4215DF94BB5A1FE23","UNO_Data\StreamingAssets\preinstall\theme\party\background.b",2912732,2912732,2495066,4930
"40D2E883AF32D84EAAD8E5D4215DF94BB5A1FE23","UNO_Data\StreamingAssets\preinstall\theme\party\cards.b",80320,80320,46673,4931
"40D2E883AF32D84EAAD8E5D4215DF94BB5A1FE23","UNO_Data\StreamingAssets\preinstall\theme\party\musicnotes.b",17121,17121,12686,4932
"40D2E883AF32D84EAAD8E5D4215DF94BB5A1FE23","UNO_Data\StreamingAssets\preinstall\theme\party\popup.b",350557,350557,296626,4933
"40D2E883AF32D84EAAD8E5D4215DF94BB5A1FE23","UNO_Data\StreamingAssets\preinstall\theme\party\prefabs.b",908139,908139,708665,4934
"40D2E883AF32D84EAAD8E5D4215DF94BB5A1FE23","UNO_Data\StreamingAssets\preinstall\theme\party\sceneresources.b",2700,2700,2131,4935
"40D2E883AF32D84EAAD8E5D4215DF94BB5A1FE23","UNO_Data\StreamingAssets\preinstall\theme\party\themecards.b",1927183,1927183,1566096,4936
"40D2E883AF32D84EAAD8E5D4215DF94BB5A1FE23","UNO_Data\StreamingAssets\preinstall\theme\party\themepicker.b",359083,359083,304388,4937
"40D2E883AF32D84EAAD8E5D4215DF94BB5A1FE23","UNO_Data\StreamingAssets\preinstall\theme\party\animation\active_player.b",7834,7834,5634,4938
"40D2E883AF32D84EAAD8E5D4215DF94BB5A1FE23","UNO_Data\StreamingAssets\preinstall\theme\party\animation\arrows.b",21426,21426,17024,4939
"40D2E883AF32D84EAAD8E5D4215DF94BB5A1FE23","UNO_Data\StreamingAssets\preinstall\theme\party\animation\avater.b",9662,9662,7200,4940
"40D2E883AF32D84EAAD8E5D4215DF94BB5A1FE23","UNO_Data\StreamingAssets\preinstall\theme\party\animation\board_circle.b",6472,6472,4553,4941
"40D2E883AF32D84EAAD8E5D4215DF94BB5A1FE23","UNO_Data\StreamingAssets\preinstall\theme\party\animation\button_glow.b",152344,152344,128891,4942
"40D2E883AF32D84EAAD8E5D4215DF94BB5A1FE23","UNO_Data\StreamingAssets\preinstall\theme\party\animation\call_uno.b",22072,22072,19140,4943
"40D2E883AF32D84EAAD8E5D4215DF94BB5A1FE23","UNO_Data\StreamingAssets\preinstall\theme\party\animation\challenge_wilddraw4.b",10996,10996,8393,4944
"40D2E883AF32D84EAAD8E5D4215DF94BB5A1FE23","UNO_Data\StreamingAssets\preinstall\theme\party\animation\deck_sfx.b",6592,6592,4668,4945
"40D2E883AF32D84EAAD8E5D4215DF94BB5A1FE23","UNO_Data\StreamingAssets\preinstall\theme\party\animation\didnt_calluno.b",6526,6526,4667,4946
"40D2E883AF32D84EAAD8E5D4215DF94BB5A1FE23","UNO_Data\StreamingAssets\preinstall\theme\party\animation\drawcard.b",6593,6593,4740,4947
"40D2E883AF32D84EAAD8E5D4215DF94BB5A1FE23","UNO_Data\StreamingAssets\preinstall\theme\party\animation\drawtwo.b",19679,19679,13790,4948
"40D2E883AF32D84EAAD8E5D4215DF94BB5A1FE23","UNO_Data\StreamingAssets\preinstall\theme\party\animation\joker.b",234594,234594,196042,4949
"40D2E883AF32D84EAAD8E5D4215DF94BB5A1FE23","UNO_Data\StreamingAssets\preinstall\theme\party\animation\jump_in.b",79542,79542,61005,4950
"40D2E883AF32D84EAAD8E5D4215DF94BB5A1FE23","UNO_Data\StreamingAssets\preinstall\theme\party\animation\particle_cardglow.b",6098,6098,4292,4951
"40D2E883AF32D84EAAD8E5D4215DF94BB5A1FE23","UNO_Data\StreamingAssets\preinstall\theme\party\animation\pointtaken.b",11038,11038,8305,4952
"40D2E883AF32D84EAAD8E5D4215DF94BB5A1FE23","UNO_Data\StreamingAssets\preinstall\theme\party\animation\preparecalluno.b",6960,6960,5063,4953
"40D2E883AF32D84EAAD8E5D4215DF94BB5A1FE23","UNO_Data\StreamingAssets\preinstall\theme\party\animation\ps4_cross_button.b",115992,115992,91429,4954
"40D2E883AF32D84EAAD8E5D4215DF94BB5A1FE23","UNO_Data\StreamingAssets\preinstall\theme\party\animation\reverse.b",8259,8259,6254,4955
"40D2E883AF32D84EAAD8E5D4215DF94BB5A1FE23","UNO_Data\StreamingAssets\preinstall\theme\party\animation\sevenzero.b",31139,31139,19784,4956
"40D2E883AF32D84EAAD8E5D4215DF94BB5A1FE23","UNO_Data\StreamingAssets\preinstall\theme\party\animation\single_card.b",6190,6190,4363,4957
"40D2E883AF32D84EAAD8E5D4215DF94BB5A1FE23","UNO_Data\StreamingAssets\preinstall\theme\party\animation\skip.b",10627,10627,8185,4958
"40D2E883AF32D84EAAD8E5D4215DF94BB5A1FE23","UNO_Data\StreamingAssets\preinstall\theme\party\animation\stacking.b",10868,10868,8631,4959
"40D2E883AF32D84EAAD8E5D4215DF94BB5A1FE23","UNO_Data\StreamingAssets\preinstall\theme\party\animation\touch_screen.b",6524,6524,4638,4960
"40D2E883AF32D84EAAD8E5D4215DF94BB5A1FE23","UNO_Data\StreamingAssets\preinstall\theme\party\animation\tutorial_arrow.b",6144,6144,4328,4961
"40D2E883AF32D84EAAD8E5D4215DF94BB5A1FE23","UNO_Data\StreamingAssets\preinstall\theme\party\animation\voice_chat.b",7355,7355,5395,4962
"40D2E883AF32D84EAAD8E5D4215DF94BB5A1FE23","UNO_Data\StreamingAssets\preinstall\theme\party\animation\wild.b",242059,242059,201509,4963
"40D2E883AF32D84EAAD8E5D4215DF94BB5A1FE23","UNO_Data\StreamingAssets\preinstall\theme\party\animation\wild_ps4_cross_button.b",2771,2771,1682,4964
"40D2E883AF32D84EAAD8E5D4215DF94BB5A1FE23","UNO_Data\StreamingAssets\preinstall\theme\party\animation\xbox1_cross_button.b",11783,11783,8978,4965
"40D2E883AF32D84EAAD8E5D4215DF94BB5A1FE23","UNO_Data\StreamingAssets\preinstall\theme\party\animation\active_player\anicontroller.b",6803,6803,5497,4966
"40D2E883AF32D84EAAD8E5D4215DF94BB5A1FE23","UNO_Data\StreamingAssets\preinstall\theme\party\animation\arrows\anicontroller.b",5231,5231,4148,4967
"40D2E883AF32D84EAAD8E5D4215DF94BB5A1FE23","UNO_Data\StreamingAssets\preinstall\theme\party\animation\arrows\materials.b",2658,2658,2091,4968
"40D2E883AF32D84EAAD8E5D4215DF94BB5A1FE23","UNO_Data\StreamingAssets\preinstall\theme\party\animation\arrows\texture.b",192275,192275,164236,4969
"40D2E883AF32D84EAAD8E5D4215DF94BB5A1FE23","UNO_Data\StreamingAssets\preinstall\theme\party\animation\avater\anicontroller.b",5572,5572,4431,4970
"40D2E883AF32D84EAAD8E5D4215DF94BB5A1FE23","UNO_Data\StreamingAssets\preinstall\theme\party\animation\board_circle\anicontroller.b",4698,4698,3642,4971
"40D2E883AF32D84EAAD8E5D4215DF94BB5A1FE23","UNO_Data\StreamingAssets\preinstall\theme\party\animation\button_glow\anicontroller.b",5040,5040,3947,4972
"40D2E883AF32D84EAAD8E5D4215DF94BB5A1FE23","UNO_Data\StreamingAssets\preinstall\theme\party\animation\button_glow\materials.b",42289,42289,30379,4973
"40D2E883AF32D84EAAD8E5D4215DF94BB5A1FE23","UNO_Data\StreamingAssets\preinstall\theme\party\animation\call_uno\anicontroller.b",4691,4691,3634,4974
"40D2E883AF32D84EAAD8E5D4215DF94BB5A1FE23","UNO_Data\StreamingAssets\preinstall\theme\party\animation\challenge_wilddraw4\anicontroller.b",6566,6566,5263,4975
"40D2E883AF32D84EAAD8E5D4215DF94BB5A1FE23","UNO_Data\StreamingAssets\preinstall\theme\party\animation\challenge_wilddraw4\materials.b",2813,2813,2233,4976
"40D2E883AF32D84EAAD8E5D4215DF94BB5A1FE23","UNO_Data\StreamingAssets\preinstall\theme\party\animation\challenge_wilddraw4\mesh.b",46811,46811,33537,4977
"40D2E883AF32D84EAAD8E5D4215DF94BB5A1FE23","UNO_Data\StreamingAssets\preinstall\theme\party\animation\challenge_wilddraw4\texture.b",588181,588181,506824,4978
"40D2E883AF32D84EAAD8E5D4215DF94BB5A1FE23","UNO_Data\StreamingAssets\preinstall\theme\party\animation\deck_sfx\anicontroller.b",4691,4691,3665,4979
"40D2E883AF32D84EAAD8E5D4215DF94BB5A1FE23","UNO_Data\StreamingAssets\preinstall\theme\party\animation\didnt_calluno\anicontroller.b",4689,4689,3665,4980
"40D2E883AF32D84EAAD8E5D4215DF94BB5A1FE23","UNO_Data\StreamingAssets\preinstall\theme\party\animation\didnt_calluno\materials.b",2579,2579,2023,4981
"40D2E883AF32D84EAAD8E5D4215DF94BB5A1FE23","UNO_Data\StreamingAssets\preinstall\theme\party\animation\didnt_calluno\mesh.b",53524,53524,38561,4982
"40D2E883AF32D84EAAD8E5D4215DF94BB5A1FE23","UNO_Data\StreamingAssets\preinstall\theme\party\animation\didnt_calluno\texture.b",11368,11368,9215,4983
"40D2E883AF32D84EAAD8E5D4215DF94BB5A1FE23","UNO_Data\StreamingAssets\preinstall\theme\party\animation\drawcard\anicontroller.b",4931,4931,3865,4984
"40D2E883AF32D84EAAD8E5D4215DF94BB5A1FE23","UNO_Data\StreamingAssets\preinstall\theme\party\animation\drawcard\materials.b",2848,2848,2261,4985
"40D2E883AF32D84EAAD8E5D4215DF94BB5A1FE23","UNO_Data\StreamingAssets\preinstall\theme\party\animation\drawcard\mesh.b",47418,47418,34158,4986
"40D2E883AF32D84EAAD8E5D4215DF94BB5A1FE23","UNO_Data\StreamingAssets\preinstall\theme\party\animation\drawcard\texture.b",133646,133646,107209,4987
"40D2E883AF32D84EAAD8E5D4215DF94BB5A1FE23","UNO_Data\StreamingAssets\preinstall\theme\party\animation\drawtwo\anicontroller.b",11387,11387,9531,4988
"40D2E883AF32D84EAAD8E5D4215DF94BB5A1FE23","UNO_Data\StreamingAssets\preinstall\theme\party\animation\drawtwo\choosebottomplaceholder.b",10326,10326,7604,4989
"40D2E883AF32D84EAAD8E5D4215DF94BB5A1FE23","UNO_Data\StreamingAssets\preinstall\theme\party\animation\joker\anicontroller.b",6206,6206,4976,4990
"40D2E883AF32D84EAAD8E5D4215DF94BB5A1FE23","UNO_Data\StreamingAssets\preinstall\theme\party\animation\jump_in\anicontroller.b",5616,5616,4452,4991
"40D2E883AF32D84EAAD8E5D4215DF94BB5A1FE23","UNO_Data\StreamingAssets\preinstall\theme\party\animation\jump_in\materials.b",2899,2899,2313,4992
"40D2E883AF32D84EAAD8E5D4215DF94BB5A1FE23","UNO_Data\StreamingAssets\preinstall\theme\party\animation\jump_in\mesh.b",59144,59144,44012,4993
"40D2E883AF32D84EAAD8E5D4215DF94BB5A1FE23","UNO_Data\StreamingAssets\preinstall\theme\party\animation\jump_in\texture.b",144499,144499,112136,4994
"40D2E883AF32D84EAAD8E5D4215DF94BB5A1FE23","UNO_Data\StreamingAssets\preinstall\theme\party\animation\particle_cardglow\anicontroller.b",4702,4702,3643,4995
"40D2E883AF32D84EAAD8E5D4215DF94BB5A1FE23","UNO_Data\StreamingAssets\preinstall\theme\party\animation\preparecalluno\anicontroller.b",5078,5078,3975,4996
"40D2E883AF32D84EAAD8E5D4215DF94BB5A1FE23","UNO_Data\StreamingAssets\preinstall\theme\party\animation\ps4_cross_button\anicontroller.b",5188,5188,4084,4997
"40D2E883AF32D84EAAD8E5D4215DF94BB5A1FE23","UNO_Data\StreamingAssets\preinstall\theme\party\animation\reverse\anicontroller.b",5132,5132,4028,4998
"40D2E883AF32D84EAAD8E5D4215DF94BB5A1FE23","UNO_Data\StreamingAssets\preinstall\theme\party\animation\sevenzero\anicontroller.b",14438,14438,12162,4999
"40D2E883AF32D84EAAD8E5D4215DF94BB5A1FE23","UNO_Data\StreamingAssets\preinstall\theme\party\animation\sevenzero\materials.b",2679,2679,2109,5000
"40D2E883AF32D84EAAD8E5D4215DF94BB5A1FE23","UNO_Data\StreamingAssets\preinstall\theme\party\animation\single_card\anicontroller.b",4729,4729,3663,5001
"40D2E883AF32D84EAAD8E5D4215DF94BB5A1FE23","UNO_Data\StreamingAssets\preinstall\theme\party\animation\skip\anicontroller.b",7498,7498,6138,5002
"40D2E883AF32D84EAAD8E5D4215DF94BB5A1FE23","UNO_Data\StreamingAssets\preinstall\theme\party\animation\stacking\anicontroller.b",5934,5934,4745,5003
"40D2E883AF32D84EAAD8E5D4215DF94BB5A1FE23","UNO_Data\StreamingAssets\preinstall\theme\party\animation\stacking\materials.b",2831,2831,2252,5004
"40D2E883AF32D84EAAD8E5D4215DF94BB5A1FE23","UNO_Data\StreamingAssets\preinstall\theme\party\animation\stacking\texture.b",246683,246683,210621,5005
"40D2E883AF32D84EAAD8E5D4215DF94BB5A1FE23","UNO_Data\StreamingAssets\preinstall\theme\party\animation\theme_picker\texture.b",391175,391175,318022,5006
"40D2E883AF32D84EAAD8E5D4215DF94BB5A1FE23","UNO_Data\StreamingAssets\preinstall\theme\party\animation\touch_screen\anicontroller.b",4916,4916,3836,5007
"40D2E883AF32D84EAAD8E5D4215DF94BB5A1FE23","UNO_Data\StreamingAssets\preinstall\theme\party\animation\tutorial_arrow\anicontroller.b",4697,4697,3670,5008
"40D2E883AF32D84EAAD8E5D4215DF94BB5A1FE23","UNO_Data\StreamingAssets\preinstall\theme\party\animation\tutorial_arrow\materials.b",19878,19878,11050,5009
"40D2E883AF32D84EAAD8E5D4215DF94BB5A1FE23","UNO_Data\StreamingAssets\preinstall\theme\party\animation\tutorial_arrow\texture.b",43087,43087,38271,5010
"40D2E883AF32D84EAAD8E5D4215DF94BB5A1FE23","UNO_Data\StreamingAssets\preinstall\theme\party\animation\voice_chat\anicontroller.b",4686,4686,3626,5011
"40D2E883AF32D84EAAD8E5D4215DF94BB5A1FE23","UNO_Data\StreamingAssets\preinstall\theme\party\animation\voice_chat\materials.b",2693,2693,2132,5012
"40D2E883AF32D84EAAD8E5D4215DF94BB5A1FE23","UNO_Data\StreamingAssets\preinstall\theme\party\animation\voice_chat\texture.b",26128,26128,23523,5013
"40D2E883AF32D84EAAD8E5D4215DF94BB5A1FE23","UNO_Data\StreamingAssets\preinstall\theme\party\animation\wild\anicontroller.b",6186,6186,4920,5014
"40D2E883AF32D84EAAD8E5D4215DF94BB5A1FE23","UNO_Data\StreamingAssets\preinstall\theme\party\animation\wild_ps4_cross_button\materials.b",44017,44017,31867,5015
"40D2E883AF32D84EAAD8E5D4215DF94BB5A1FE23","UNO_Data\StreamingAssets\preinstall\theme\party\animation\xbox1_cross_button\anicontroller.b",5610,5610,4467,5016
"40D2E883AF32D84EAAD8E5D4215DF94BB5A1FE23","UNO_Data\StreamingAssets\preinstall\theme\party\animation\xbox1_cross_button\materials.b",2622,2622,2057,5017
"40D2E883AF32D84EAAD8E5D4215DF94BB5A1FE23","UNO_Data\StreamingAssets\preinstall\theme\party\animation\xbox1_cross_button\mesh.b",61703,61703,46987,5018
"40D2E883AF32D84EAAD8E5D4215DF94BB5A1FE23","UNO_Data\StreamingAssets\preinstall\theme\party\animation\xbox1_cross_button\texture.b",2248,2248,1695,5019
"40D2E883AF32D84EAAD8E5D4215DF94BB5A1FE23","UNO_Data\StreamingAssets\preinstall\theme\party\background\vfx.b",1897185,1897185,1518961,5020
"40D2E883AF32D84EAAD8E5D4215DF94BB5A1FE23","UNO_Data\StreamingAssets\preinstall\theme\party\cardanimation\sevenzero.b",6406,6406,4540,5021
"40D2E883AF32D84EAAD8E5D4215DF94BB5A1FE23","UNO_Data\StreamingAssets\preinstall\theme\party\cardcoveringeffect\colorchangeeffect.b",585203,585203,407630,5022
"40D2E883AF32D84EAAD8E5D4215DF94BB5A1FE23","UNO_Data\StreamingAssets\preinstall\theme\party\classic_board\board_circle.b",366974,366974,285152,5023
"40D2E883AF32D84EAAD8E5D4215DF94BB5A1FE23","UNO_Data\StreamingAssets\preinstall\theme\party\classic_board\board_glow.b",204734,204734,184362,5024
"40D2E883AF32D84EAAD8E5D4215DF94BB5A1FE23","UNO_Data\StreamingAssets\preinstall\theme\party\classic_board\board_red.b",86064,86064,74980,5025
"40D2E883AF32D84EAAD8E5D4215DF94BB5A1FE23","UNO_Data\StreamingAssets\preinstall\theme\party\classic_board\board_yellow.b",402336,402336,345843,5026
"40D2E883AF32D84EAAD8E5D4215DF94BB5A1FE23","UNO_Data\StreamingAssets\preinstall\theme\party\classic_board\card_deck.b",150721,150721,123814,5027
"40D2E883AF32D84EAAD8E5D4215DF94BB5A1FE23","UNO_Data\StreamingAssets\preinstall\theme\party\gfx\card_shadow.b",10804,10804,8141,5028
"40D2E883AF32D84EAAD8E5D4215DF94BB5A1FE23","UNO_Data\StreamingAssets\preinstall\theme\party\gfx\active_player\materials.b",2668,2668,2096,5029
"40D2E883AF32D84EAAD8E5D4215DF94BB5A1FE23","UNO_Data\StreamingAssets\preinstall\theme\party\gfx\active_player\mesh.b",55327,55327,41177,5030
"40D2E883AF32D84EAAD8E5D4215DF94BB5A1FE23","UNO_Data\StreamingAssets\preinstall\theme\party\gfx\active_player\texture.b",27151,27151,24709,5031
"40D2E883AF32D84EAAD8E5D4215DF94BB5A1FE23","UNO_Data\StreamingAssets\preinstall\theme\party\gfx\avater\materials.b",4319,4319,3521,5032
"40D2E883AF32D84EAAD8E5D4215DF94BB5A1FE23","UNO_Data\StreamingAssets\preinstall\theme\party\gfx\avater\mesh.b",46872,46872,33598,5033
"40D2E883AF32D84EAAD8E5D4215DF94BB5A1FE23","UNO_Data\StreamingAssets\preinstall\theme\party\gfx\avater\texture.b",445796,445796,354187,5034
"40D2E883AF32D84EAAD8E5D4215DF94BB5A1FE23","UNO_Data\StreamingAssets\preinstall\theme\party\gfx\background_sphere\materials.b",2902,2902,2311,5035
"40D2E883AF32D84EAAD8E5D4215DF94BB5A1FE23","UNO_Data\StreamingAssets\preinstall\theme\party\gfx\background_sphere\mesh.b",65967,65967,50008,5036
"40D2E883AF32D84EAAD8E5D4215DF94BB5A1FE23","UNO_Data\StreamingAssets\preinstall\theme\party\gfx\background_sphere\texture.b",103552,103552,74688,5037
"40D2E883AF32D84EAAD8E5D4215DF94BB5A1FE23","UNO_Data\StreamingAssets\preinstall\theme\party\gfx\call_uno\materials.b",3361,3361,2750,5038
"40D2E883AF32D84EAAD8E5D4215DF94BB5A1FE23","UNO_Data\StreamingAssets\preinstall\theme\party\gfx\call_uno\mesh.b",78520,78520,59921,5039
"40D2E883AF32D84EAAD8E5D4215DF94BB5A1FE23","UNO_Data\StreamingAssets\preinstall\theme\party\gfx\call_uno\texture.b",909991,909991,572277,5040
"40D2E883AF32D84EAAD8E5D4215DF94BB5A1FE23","UNO_Data\StreamingAssets\preinstall\theme\party\gfx\card_shadow\texture.b",17794,17794,12694,5041
"40D2E883AF32D84EAAD8E5D4215DF94BB5A1FE23","UNO_Data\StreamingAssets\preinstall\theme\party\gfx\cursor\materials.b",43135,43135,31039,5042
"40D2E883AF32D84EAAD8E5D4215DF94BB5A1FE23","UNO_Data\StreamingAssets\preinstall\theme\party\gfx\cursor\mesh.b",64530,64530,48815,5043
"40D2E883AF32D84EAAD8E5D4215DF94BB5A1FE23","UNO_Data\StreamingAssets\preinstall\theme\party\gfx\cursor\texture.b",105000,105000,50220,5044
"40D2E883AF32D84EAAD8E5D4215DF94BB5A1FE23","UNO_Data\StreamingAssets\preinstall\theme\party\gfx\drawfour\materials.b",2814,2814,2237,5045
"40D2E883AF32D84EAAD8E5D4215DF94BB5A1FE23","UNO_Data\StreamingAssets\preinstall\theme\party\gfx\drawfour\texture.b",376434,376434,330553,5046
"40D2E883AF32D84EAAD8E5D4215DF94BB5A1FE23","UNO_Data\StreamingAssets\preinstall\theme\party\gfx\drawtwo\materials.b",2961,2961,2361,5047
"40D2E883AF32D84EAAD8E5D4215DF94BB5A1FE23","UNO_Data\StreamingAssets\preinstall\theme\party\gfx\drawtwo\mesh.b",60198,60198,46141,5048
"40D2E883AF32D84EAAD8E5D4215DF94BB5A1FE23","UNO_Data\StreamingAssets\preinstall\theme\party\gfx\drawtwo\texture.b",454623,454623,258524,5049
"40D2E883AF32D84EAAD8E5D4215DF94BB5A1FE23","UNO_Data\StreamingAssets\preinstall\theme\party\gfx\particle_cardglow\materials.b",3471,3471,2801,5050
"40D2E883AF32D84EAAD8E5D4215DF94BB5A1FE23","UNO_Data\StreamingAssets\preinstall\theme\party\gfx\particle_cardglow\mesh.b",51456,51456,37763,5051
"40D2E883AF32D84EAAD8E5D4215DF94BB5A1FE23","UNO_Data\StreamingAssets\preinstall\theme\party\gfx\particle_cardglow\texture.b",311867,311867,251089,5052
"40D2E883AF32D84EAAD8E5D4215DF94BB5A1FE23","UNO_Data\StreamingAssets\preinstall\theme\party\gfx\pointtaken\mesh.b",97119,97119,78493,5053
"40D2E883AF32D84EAAD8E5D4215DF94BB5A1FE23","UNO_Data\StreamingAssets\preinstall\theme\party\gfx\reverse\materials.b",3357,3357,2721,5054
"40D2E883AF32D84EAAD8E5D4215DF94BB5A1FE23","UNO_Data\StreamingAssets\preinstall\theme\party\gfx\reverse\mesh.b",80145,80145,62773,5055
"40D2E883AF32D84EAAD8E5D4215DF94BB5A1FE23","UNO_Data\StreamingAssets\preinstall\theme\party\gfx\reverse\texture.b",472426,472426,332235,5056
"40D2E883AF32D84EAAD8E5D4215DF94BB5A1FE23","UNO_Data\StreamingAssets\preinstall\theme\party\gfx\sevenzero\materials.b",3409,3409,2770,5057
"40D2E883AF32D84EAAD8E5D4215DF94BB5A1FE23","UNO_Data\StreamingAssets\preinstall\theme\party\gfx\sevenzero\mesh.b",63209,63209,48840,5058
"40D2E883AF32D84EAAD8E5D4215DF94BB5A1FE23","UNO_Data\StreamingAssets\preinstall\theme\party\gfx\sevenzero\texture.b",789454,789454,511202,5059
"40D2E883AF32D84EAAD8E5D4215DF94BB5A1FE23","UNO_Data\StreamingAssets\preinstall\theme\party\gfx\single_card\materials.b",2819,2819,2228,5060
"40D2E883AF32D84EAAD8E5D4215DF94BB5A1FE23","UNO_Data\StreamingAssets\preinstall\theme\party\gfx\single_card\texture.b",161285,161285,136990,5061
"40D2E883AF32D84EAAD8E5D4215DF94BB5A1FE23","UNO_Data\StreamingAssets\preinstall\theme\party\gfx\skip\materials.b",3347,3347,2722,5062
"40D2E883AF32D84EAAD8E5D4215DF94BB5A1FE23","UNO_Data\StreamingAssets\preinstall\theme\party\gfx\skip\mesh.b",82675,82675,62413,5063
"40D2E883AF32D84EAAD8E5D4215DF94BB5A1FE23","UNO_Data\StreamingAssets\preinstall\theme\party\gfx\skip\texture.b",576317,576317,459377,5064
"40D2E883AF32D84EAAD8E5D4215DF94BB5A1FE23","UNO_Data\StreamingAssets\preinstall\theme\party\gfx\touch_screen\materials.b",2690,2690,2109,5065
"40D2E883AF32D84EAAD8E5D4215DF94BB5A1FE23","UNO_Data\StreamingAssets\preinstall\theme\party\gfx\touch_screen\texture.b",14068,14068,12382,5066
"40D2E883AF32D84EAAD8E5D4215DF94BB5A1FE23","UNO_Data\StreamingAssets\preinstall\theme\party\gfx_fx\material.b",7746,7746,6606,5067
"40D2E883AF32D84EAAD8E5D4215DF94BB5A1FE23","UNO_Data\StreamingAssets\preinstall\theme\party\gfx_fx\mesh.b",169248,169248,128308,5068
"40D2E883AF32D84EAAD8E5D4215DF94BB5A1FE23","UNO_Data\StreamingAssets\preinstall\theme\party\gfx_fx\texture.b",2666750,2666750,2258092,5069
"40D2E883AF32D84EAAD8E5D4215DF94BB5A1FE23","UNO_Data\StreamingAssets\preinstall\theme\party\gfx_fx\vfxanimation.b",9403,9403,6898,5070
"40D2E883AF32D84EAAD8E5D4215DF94BB5A1FE23","UNO_Data\StreamingAssets\preinstall\theme\party\gfx_fx\texture\materials.b",2576,2576,2033,5071
"40D2E883AF32D84EAAD8E5D4215DF94BB5A1FE23","UNO_Data\StreamingAssets\preinstall\theme\party\popup\texture-new.b",18780275,18780275,14912270,5072
"40D2E883AF32D84EAAD8E5D4215DF94BB5A1FE23","UNO_Data\StreamingAssets\preinstall\theme\party\popup\texture.b",7892004,7892004,6017749,5073
"40D2E883AF32D84EAAD8E5D4215DF94BB5A1FE23","UNO_Data\StreamingAssets\preinstall\theme\party\prefabs\gfx.b",456912,456912,307329,5074
"40D2E883AF32D84EAAD8E5D4215DF94BB5A1FE23","UNO_Data\StreamingAssets\preinstall\theme\party\sceneresources\party_board.b",29387265,29387265,26803501,5075
"40D2E883AF32D84EAAD8E5D4215DF94BB5A1FE23","UNO_Data\StreamingAssets\preinstall\theme\party\sceneresources\party_wildpileup_backgroud.b",23750080,23750080,22203718,5076
"40D2E883AF32D84EAAD8E5D4215DF94BB5A1FE23","UNO_Data\StreamingAssets\preinstall\theme\party\skybox\materials.b",2693,2693,2122,5077
"40D2E883AF32D84EAAD8E5D4215DF94BB5A1FE23","UNO_Data\StreamingAssets\preinstall\theme\party\skybox\texture.b",160658,160658,130060,5078
"40D2E883AF32D84EAAD8E5D4215DF94BB5A1FE23","UNO_Data\StreamingAssets\preinstall\theme\party\themecards\pointtakencard.b",14025,14025,10900,5079
"40D2E883AF32D84EAAD8E5D4215DF94BB5A1FE23","UNO_Data\StreamingAssets\preinstall\theme\party\themecards\wilddrawntogether.b",9946,9946,7305,5080
"40D2E883AF32D84EAAD8E5D4215DF94BB5A1FE23","UNO_Data\StreamingAssets\preinstall\theme\party\themecards\wildpileup.b",10576,10576,7850,5081
"40D2E883AF32D84EAAD8E5D4215DF94BB5A1FE23","UNO_Data\StreamingAssets\preinstall\theme\party\themecards\pointtakencard\mesh.b",49315,49315,43184,5082
"40D2E883AF32D84EAAD8E5D4215DF94BB5A1FE23","UNO_Data\StreamingAssets\preinstall\theme\party\themecards\pointtakencard\texture.b",901737,901737,759398,5083
"40D2E883AF32D84EAAD8E5D4215DF94BB5A1FE23","UNO_Data\StreamingAssets\preinstall\theme\party\themecards\wilddrawntogether\mesh.b",26575,26575,19959,5084
"40D2E883AF32D84EAAD8E5D4215DF94BB5A1FE23","UNO_Data\StreamingAssets\preinstall\theme\party\themecards\wilddrawntogether\texture.b",470585,470585,401544,5085
"40D2E883AF32D84EAAD8E5D4215DF94BB5A1FE23","UNO_Data\StreamingAssets\preinstall\theme\party\themecards\wildpileup\mesh.b",8379,8379,6324,5086
"40D2E883AF32D84EAAD8E5D4215DF94BB5A1FE23","UNO_Data\StreamingAssets\preinstall\theme\party\themecards\wildpileup\texture.b",671690,671690,381269,5087
"40D2E883AF32D84EAAD8E5D4215DF94BB5A1FE23","UNO_Data\StreamingAssets\preinstall\theme\rabbids\cards.b",94114,94114,51084,5088
"40D2E883AF32D84EAAD8E5D4215DF94BB5A1FE23","UNO_Data\StreamingAssets\preinstall\theme\rabbids\rabbids_board.b",1408558,1408558,1199071,5089
"40D2E883AF32D84EAAD8E5D4215DF94BB5A1FE23","UNO_Data\StreamingAssets\preinstall\theme\rabbids\themeanimation.b",6713,6713,4738,5090
"40D2E883AF32D84EAAD8E5D4215DF94BB5A1FE23","UNO_Data\StreamingAssets\preinstall\theme\rabbids\themecards.b",7166529,7166529,6254286,5091
"40D2E883AF32D84EAAD8E5D4215DF94BB5A1FE23","UNO_Data\StreamingAssets\preinstall\theme\rabbids\animation\arrow.b",12916,12916,9600,5092
"40D2E883AF32D84EAAD8E5D4215DF94BB5A1FE23","UNO_Data\StreamingAssets\preinstall\theme\rabbids\animation\bluewildyonder.b",23246,23246,18673,5093
"40D2E883AF32D84EAAD8E5D4215DF94BB5A1FE23","UNO_Data\StreamingAssets\preinstall\theme\rabbids\animation\comingthrough.b",6954,6954,5030,5094
"40D2E883AF32D84EAAD8E5D4215DF94BB5A1FE23","UNO_Data\StreamingAssets\preinstall\theme\rabbids\animation\explosion.b",7343,7343,5224,5095
"40D2E883AF32D84EAAD8E5D4215DF94BB5A1FE23","UNO_Data\StreamingAssets\preinstall\theme\rabbids\animation\explosiveresult.b",711834,711834,582663,5096
"40D2E883AF32D84EAAD8E5D4215DF94BB5A1FE23","UNO_Data\StreamingAssets\preinstall\theme\rabbids\animation\theme_picker.b",8646,8646,6419,5097
"40D2E883AF32D84EAAD8E5D4215DF94BB5A1FE23","UNO_Data\StreamingAssets\preinstall\theme\rabbids\animation\arrow\anicontroller.b",4792,4792,3753,5098
"40D2E883AF32D84EAAD8E5D4215DF94BB5A1FE23","UNO_Data\StreamingAssets\preinstall\theme\rabbids\animation\bluewildyonder\anicontroller.b",5709,5709,4513,5099
"40D2E883AF32D84EAAD8E5D4215DF94BB5A1FE23","UNO_Data\StreamingAssets\preinstall\theme\rabbids\animation\bluewildyonder\materials.b",2603,2603,2042,5100
"40D2E883AF32D84EAAD8E5D4215DF94BB5A1FE23","UNO_Data\StreamingAssets\preinstall\theme\rabbids\animation\comingthrough\anicontroller.b",4693,4693,3634,5101
"40D2E883AF32D84EAAD8E5D4215DF94BB5A1FE23","UNO_Data\StreamingAssets\preinstall\theme\rabbids\animation\explosion\anicontroller.b",4681,4681,3644,5102
"40D2E883AF32D84EAAD8E5D4215DF94BB5A1FE23","UNO_Data\StreamingAssets\preinstall\theme\rabbids\animation\explosion\materials.b",20661,20661,11760,5103
"40D2E883AF32D84EAAD8E5D4215DF94BB5A1FE23","UNO_Data\StreamingAssets\preinstall\theme\rabbids\animation\explosion\mesh.b",47310,47310,33987,5104
"40D2E883AF32D84EAAD8E5D4215DF94BB5A1FE23","UNO_Data\StreamingAssets\preinstall\theme\rabbids\animation\explosion\texture.b",441998,441998,395122,5105
"40D2E883AF32D84EAAD8E5D4215DF94BB5A1FE23","UNO_Data\StreamingAssets\preinstall\theme\rabbids\animation\explosiveresult\anicontroller.b",4972,4972,3908,5106
"40D2E883AF32D84EAAD8E5D4215DF94BB5A1FE23","UNO_Data\StreamingAssets\preinstall\theme\rabbids\animation\explosiveresult\mesh.b",46450,46450,33342,5107
"40D2E883AF32D84EAAD8E5D4215DF94BB5A1FE23","UNO_Data\StreamingAssets\preinstall\theme\rabbids\animation\explosiveresult\texture.b",88938,88938,78991,5108
"40D2E883AF32D84EAAD8E5D4215DF94BB5A1FE23","UNO_Data\StreamingAssets\preinstall\theme\rabbids\animation\theme_picker\anicontroller.b",5033,5033,3978,5109
"40D2E883AF32D84EAAD8E5D4215DF94BB5A1FE23","UNO_Data\StreamingAssets\preinstall\theme\rabbids\animation\theme_picker\materials.b",2762,2762,2180,5110
"40D2E883AF32D84EAAD8E5D4215DF94BB5A1FE23","UNO_Data\StreamingAssets\preinstall\theme\rabbids\animation\theme_picker\mesh.b",46741,46741,33455,5111
"40D2E883AF32D84EAAD8E5D4215DF94BB5A1FE23","UNO_Data\StreamingAssets\preinstall\theme\rabbids\animation\theme_picker\texture.b",27915,27915,24100,5112
"40D2E883AF32D84EAAD8E5D4215DF94BB5A1FE23","UNO_Data\StreamingAssets\preinstall\theme\rabbids\background_sphere\materials.b",3389,3389,2763,5113
"40D2E883AF32D84EAAD8E5D4215DF94BB5A1FE23","UNO_Data\StreamingAssets\preinstall\theme\rabbids\background_sphere\mesh.b",56989,56989,42502,5114
"40D2E883AF32D84EAAD8E5D4215DF94BB5A1FE23","UNO_Data\StreamingAssets\preinstall\theme\rabbids\background_sphere\texture.b",336167,336167,292326,5115
"40D2E883AF32D84EAAD8E5D4215DF94BB5A1FE23","UNO_Data\StreamingAssets\preinstall\theme\rabbids\cardcoveringeffect\colorchangeeffect.b",1116874,1116874,936564,5116
"40D2E883AF32D84EAAD8E5D4215DF94BB5A1FE23","UNO_Data\StreamingAssets\preinstall\theme\rabbids\gfx\drawfour\materials.b",3141,3141,2543,5117
"40D2E883AF32D84EAAD8E5D4215DF94BB5A1FE23","UNO_Data\StreamingAssets\preinstall\theme\rabbids\gfx\drawfour\texture.b",257796,257796,227023,5118
"40D2E883AF32D84EAAD8E5D4215DF94BB5A1FE23","UNO_Data\StreamingAssets\preinstall\theme\rabbids\gfx\particle_cardglow\materials.b",2608,2608,2057,5119
"40D2E883AF32D84EAAD8E5D4215DF94BB5A1FE23","UNO_Data\StreamingAssets\preinstall\theme\rabbids\rabbids_board\materials.b",3308,3308,2681,5120
"40D2E883AF32D84EAAD8E5D4215DF94BB5A1FE23","UNO_Data\StreamingAssets\preinstall\theme\rabbids\skybox\materials.b",2685,2685,2110,5121
"40D2E883AF32D84EAAD8E5D4215DF94BB5A1FE23","UNO_Data\StreamingAssets\preinstall\theme\rabbids\skybox\texture.b",68452,68452,52040,5122
"40D2E883AF32D84EAAD8E5D4215DF94BB5A1FE23","UNO_Data\StreamingAssets\preinstall\theme\rabbids\themeanimation\anicontroller.b",4684,4684,3650,5123
"40D2E883AF32D84EAAD8E5D4215DF94BB5A1FE23","UNO_Data\StreamingAssets\preinstall\theme\rabbids\themeanimation\materials.b",2774,2774,2192,5124
"40D2E883AF32D84EAAD8E5D4215DF94BB5A1FE23","UNO_Data\StreamingAssets\preinstall\theme\rabbids\themeanimation\mesh.b",46407,46407,33276,5125
"40D2E883AF32D84EAAD8E5D4215DF94BB5A1FE23","UNO_Data\StreamingAssets\preinstall\theme\rabbids\themeanimation\texture.b",8497,8497,7321,5126
"40D2E883AF32D84EAAD8E5D4215DF94BB5A1FE23","UNO_Data\StreamingAssets\preinstall\theme\rabbids\themecards\hurryup_timer.b",54825,54825,47985,5127
"40D2E883AF32D84EAAD8E5D4215DF94BB5A1FE23","UNO_Data\StreamingAssets\preinstall\theme\rabbids\themecards\comingthrough\flyingcards.b",20367,20367,18212,5128
"40D2E883AF32D84EAAD8E5D4215DF94BB5A1FE23","UNO_Data\StreamingAssets\preinstall\theme\rayman\cards.b",85872,85872,50032,5129
"40D2E883AF32D84EAAD8E5D4215DF94BB5A1FE23","UNO_Data\StreamingAssets\preinstall\theme\rayman\themeanimation.b",3531,3531,1746,5130
"40D2E883AF32D84EAAD8E5D4215DF94BB5A1FE23","UNO_Data\StreamingAssets\preinstall\theme\rayman\themecards.b",1991775,1991775,1868257,5131
"40D2E883AF32D84EAAD8E5D4215DF94BB5A1FE23","UNO_Data\StreamingAssets\preinstall\theme\rayman\active_player\materials.b",2566,2566,2008,5132
"40D2E883AF32D84EAAD8E5D4215DF94BB5A1FE23","UNO_Data\StreamingAssets\preinstall\theme\rayman\active_player\texture.b",5224,5224,4604,5133
"40D2E883AF32D84EAAD8E5D4215DF94BB5A1FE23","UNO_Data\StreamingAssets\preinstall\theme\rayman\animation\active_player.b",6796,6796,4823,5134
"40D2E883AF32D84EAAD8E5D4215DF94BB5A1FE23","UNO_Data\StreamingAssets\preinstall\theme\rayman\animation\fronteffect.b",6490,6490,4638,5135
"40D2E883AF32D84EAAD8E5D4215DF94BB5A1FE23","UNO_Data\StreamingAssets\preinstall\theme\rayman\animation\light.b",6686,6686,4768,5136
"40D2E883AF32D84EAAD8E5D4215DF94BB5A1FE23","UNO_Data\StreamingAssets\preinstall\theme\rayman\animation\theme_picker.b",8880,8880,6588,5137
"40D2E883AF32D84EAAD8E5D4215DF94BB5A1FE23","UNO_Data\StreamingAssets\preinstall\theme\rayman\animation\active_player\anicontroller.b",6276,6276,5001,5138
"40D2E883AF32D84EAAD8E5D4215DF94BB5A1FE23","UNO_Data\StreamingAssets\preinstall\theme\rayman\animation\fronteffect\anicontroller.b",4685,4685,3659,5139
"40D2E883AF32D84EAAD8E5D4215DF94BB5A1FE23","UNO_Data\StreamingAssets\preinstall\theme\rayman\animation\light\anicontroller.b",4667,4667,3636,5140
"40D2E883AF32D84EAAD8E5D4215DF94BB5A1FE23","UNO_Data\StreamingAssets\preinstall\theme\rayman\animation\theme_picker\anicontroller.b",5037,5037,3970,5141
"40D2E883AF32D84EAAD8E5D4215DF94BB5A1FE23","UNO_Data\StreamingAssets\preinstall\theme\rayman\animation\theme_picker\materials.b",2693,2693,2122,5142
"40D2E883AF32D84EAAD8E5D4215DF94BB5A1FE23","UNO_Data\StreamingAssets\preinstall\theme\rayman\animation\theme_picker\texture.b",115035,115035,106044,5143
"40D2E883AF32D84EAAD8E5D4215DF94BB5A1FE23","UNO_Data\StreamingAssets\preinstall\theme\rayman\background\materials.b",3639,3639,2989,5144
"40D2E883AF32D84EAAD8E5D4215DF94BB5A1FE23","UNO_Data\StreamingAssets\preinstall\theme\rayman\background\texture.b",1059153,1059153,909810,5145
"40D2E883AF32D84EAAD8E5D4215DF94BB5A1FE23","UNO_Data\StreamingAssets\preinstall\theme\rayman\cardcoveringeffect\colorchangeeffect.b",1316913,1316913,1065871,5146
"40D2E883AF32D84EAAD8E5D4215DF94BB5A1FE23","UNO_Data\StreamingAssets\preinstall\theme\rayman\gfx\mirrorsfx.b",165670,165670,138173,5147
"40D2E883AF32D84EAAD8E5D4215DF94BB5A1FE23","UNO_Data\StreamingAssets\preinstall\theme\rayman\gfx\active_player\materials.b",2597,2597,2033,5148
"40D2E883AF32D84EAAD8E5D4215DF94BB5A1FE23","UNO_Data\StreamingAssets\preinstall\theme\rayman\gfx\active_player\texture.b",5228,5228,4592,5149
"40D2E883AF32D84EAAD8E5D4215DF94BB5A1FE23","UNO_Data\StreamingAssets\preinstall\theme\rayman\gfx\theme_card_sfx\materials.b",2842,2842,2233,5150
"40D2E883AF32D84EAAD8E5D4215DF94BB5A1FE23","UNO_Data\StreamingAssets\preinstall\theme\rayman\gfx\theme_card_sfx\texture.b",264271,264271,194106,5151
"40D2E883AF32D84EAAD8E5D4215DF94BB5A1FE23","UNO_Data\StreamingAssets\preinstall\theme\rayman\sceneresources\carddeck.b",173149,173149,159955,5152
"40D2E883AF32D84EAAD8E5D4215DF94BB5A1FE23","UNO_Data\StreamingAssets\preinstall\theme\rayman\sceneresources\fronteffect.b",766525,766525,652405,5153
"40D2E883AF32D84EAAD8E5D4215DF94BB5A1FE23","UNO_Data\StreamingAssets\preinstall\theme\rayman\sceneresources\rayman_board.b",751984,751984,623931,5154
"40D2E883AF32D84EAAD8E5D4215DF94BB5A1FE23","UNO_Data\StreamingAssets\preinstall\theme\rayman\sceneresources\fronteffect\materials.b",2948,2948,2359,5155
"40D2E883AF32D84EAAD8E5D4215DF94BB5A1FE23","UNO_Data\StreamingAssets\preinstall\theme\rayman\sceneresources\rayman_board\texture.b",5756479,5756479,4932330,5156
"40D2E883AF32D84EAAD8E5D4215DF94BB5A1FE23","UNO_Data\StreamingAssets\preinstall\theme\rayman\sceneresourcesbackgroundelements\genami.b",332802,332802,286079,5157
"40D2E883AF32D84EAAD8E5D4215DF94BB5A1FE23","UNO_Data\StreamingAssets\preinstall\theme\rayman\sceneresourcesbackgroundelements\lums.b",475377,475377,409156,5158
"40D2E883AF32D84EAAD8E5D4215DF94BB5A1FE23","UNO_Data\StreamingAssets\preinstall\theme\rayman\skybox\materials.b",2689,2689,2110,5159
"40D2E883AF32D84EAAD8E5D4215DF94BB5A1FE23","UNO_Data\StreamingAssets\preinstall\theme\rayman\skybox\texture.b",61894,61894,46993,5160
"40D2E883AF32D84EAAD8E5D4215DF94BB5A1FE23","UNO_Data\StreamingAssets\preinstall\theme\rayman\themecards\dragon.b",479148,479148,420791,5161
"40D2E883AF32D84EAAD8E5D4215DF94BB5A1FE23","UNO_Data\StreamingAssets\preinstall\theme\rayman\themecards\escape.b",187900,187900,166415,5162
"40D2E883AF32D84EAAD8E5D4215DF94BB5A1FE23","UNO_Data\StreamingAssets\preinstall\theme\rayman\themecards\mirror.b",10102,10102,7413,5163
"40D2E883AF32D84EAAD8E5D4215DF94BB5A1FE23","UNO_Data\StreamingAssets\preinstall\theme\rayman\themecards\punching.b",490842,490842,422439,5164
"40D2E883AF32D84EAAD8E5D4215DF94BB5A1FE23","UNO_Data\StreamingAssets\preinstall\theme\rayman\themecards\timmer.b",50599,50599,45641,5165
"40D2E883AF32D84EAAD8E5D4215DF94BB5A1FE23","UNO_Data\StreamingAssets\preinstall\theme\rayman\themecards\dragon\mesh.b",56469,56469,40709,5166
"40D2E883AF32D84EAAD8E5D4215DF94BB5A1FE23","UNO_Data\StreamingAssets\preinstall\theme\rayman\themecards\dragon\texture.b",157463,157463,144539,5167
"40D2E883AF32D84EAAD8E5D4215DF94BB5A1FE23","UNO_Data\StreamingAssets\preinstall\theme\rayman\themecards\escape\texture.b",618681,618681,495254,5168
"40D2E883AF32D84EAAD8E5D4215DF94BB5A1FE23","UNO_Data\StreamingAssets\preinstall\theme\rayman\themecards\mirror\materials.b",2988,2988,2385,5169
"40D2E883AF32D84EAAD8E5D4215DF94BB5A1FE23","UNO_Data\StreamingAssets\preinstall\theme\rayman\themecards\mirror\texture.b",128385,128385,111874,5170
"40D2E883AF32D84EAAD8E5D4215DF94BB5A1FE23","UNO_Data\StreamingAssets\preinstall\theme\rayman\themecards\punching\texture.b",156811,156811,132949,5171
"40D2E883AF32D84EAAD8E5D4215DF94BB5A1FE23","UNO_Data\StreamingAssets\preinstall\theme\valhalla\battlepanel.b",2856316,2856316,2454195,5172
"40D2E883AF32D84EAAD8E5D4215DF94BB5A1FE23","UNO_Data\StreamingAssets\preinstall\theme\valhalla\cards.b",94602,94602,51612,5173
"40D2E883AF32D84EAAD8E5D4215DF94BB5A1FE23","UNO_Data\StreamingAssets\preinstall\theme\valhalla\fx_camera.b",2587,2587,2022,5174
"40D2E883AF32D84EAAD8E5D4215DF94BB5A1FE23","UNO_Data\StreamingAssets\preinstall\theme\valhalla\gfx.b",2933,2933,2333,5175
"40D2E883AF32D84EAAD8E5D4215DF94BB5A1FE23","UNO_Data\StreamingAssets\preinstall\theme\valhalla\popup.b",14155,14155,10951,5176
"40D2E883AF32D84EAAD8E5D4215DF94BB5A1FE23","UNO_Data\StreamingAssets\preinstall\theme\valhalla\themecards.b",2151050,2151050,2081066,5177
"40D2E883AF32D84EAAD8E5D4215DF94BB5A1FE23","UNO_Data\StreamingAssets\preinstall\theme\valhalla\themepicker.b",584187,584187,513978,5178
"40D2E883AF32D84EAAD8E5D4215DF94BB5A1FE23","UNO_Data\StreamingAssets\preinstall\theme\valhalla\valhallahud.b",1144273,1144273,923039,5179
"40D2E883AF32D84EAAD8E5D4215DF94BB5A1FE23","UNO_Data\StreamingAssets\preinstall\theme\valhalla\animation\active_player.b",7834,7834,5634,5180
"40D2E883AF32D84EAAD8E5D4215DF94BB5A1FE23","UNO_Data\StreamingAssets\preinstall\theme\valhalla\animation\arrows.b",21094,21094,16431,5181
"40D2E883AF32D84EAAD8E5D4215DF94BB5A1FE23","UNO_Data\StreamingAssets\preinstall\theme\valhalla\animation\avater.b",9663,9663,7182,5182
"40D2E883AF32D84EAAD8E5D4215DF94BB5A1FE23","UNO_Data\StreamingAssets\preinstall\theme\valhalla\animation\board_circle.b",6463,6463,4548,5183
"40D2E883AF32D84EAAD8E5D4215DF94BB5A1FE23","UNO_Data\StreamingAssets\preinstall\theme\valhalla\animation\button_glow.b",152765,152765,129330,5184
"40D2E883AF32D84EAAD8E5D4215DF94BB5A1FE23","UNO_Data\StreamingAssets\preinstall\theme\valhalla\animation\call_uno.b",22082,22082,19143,5185
"40D2E883AF32D84EAAD8E5D4215DF94BB5A1FE23","UNO_Data\StreamingAssets\preinstall\theme\valhalla\animation\challenge_wilddraw4.b",10877,10877,8285,5186
"40D2E883AF32D84EAAD8E5D4215DF94BB5A1FE23","UNO_Data\StreamingAssets\preinstall\theme\valhalla\animation\deck_sfx.b",6601,6601,4681,5187
"40D2E883AF32D84EAAD8E5D4215DF94BB5A1FE23","UNO_Data\StreamingAssets\preinstall\theme\valhalla\animation\didnt_calluno.b",6518,6518,4660,5188
"40D2E883AF32D84EAAD8E5D4215DF94BB5A1FE23","UNO_Data\StreamingAssets\preinstall\theme\valhalla\animation\drawcard.b",6594,6594,4730,5189
"40D2E883AF32D84EAAD8E5D4215DF94BB5A1FE23","UNO_Data\StreamingAssets\preinstall\theme\valhalla\animation\drawtwo.b",17264,17264,12611,5190
"40D2E883AF32D84EAAD8E5D4215DF94BB5A1FE23","UNO_Data\StreamingAssets\preinstall\theme\valhalla\animation\joker.b",235150,235150,196034,5191
"40D2E883AF32D84EAAD8E5D4215DF94BB5A1FE23","UNO_Data\StreamingAssets\preinstall\theme\valhalla\animation\jump_in.b",79623,79623,61015,5192
"40D2E883AF32D84EAAD8E5D4215DF94BB5A1FE23","UNO_Data\StreamingAssets\preinstall\theme\valhalla\animation\particle_cardglow.b",6103,6103,4300,5193
"40D2E883AF32D84EAAD8E5D4215DF94BB5A1FE23","UNO_Data\StreamingAssets\preinstall\theme\valhalla\animation\preparecalluno.b",6964,6964,5068,5194
"40D2E883AF32D84EAAD8E5D4215DF94BB5A1FE23","UNO_Data\StreamingAssets\preinstall\theme\valhalla\animation\ps4_cross_button.b",112651,112651,89771,5195
"40D2E883AF32D84EAAD8E5D4215DF94BB5A1FE23","UNO_Data\StreamingAssets\preinstall\theme\valhalla\animation\reverse.b",8270,8270,6277,5196
"40D2E883AF32D84EAAD8E5D4215DF94BB5A1FE23","UNO_Data\StreamingAssets\preinstall\theme\valhalla\animation\sevenzero.b",27522,27522,18007,5197
"40D2E883AF32D84EAAD8E5D4215DF94BB5A1FE23","UNO_Data\StreamingAssets\preinstall\theme\valhalla\animation\single_card.b",6195,6195,4369,5198
"40D2E883AF32D84EAAD8E5D4215DF94BB5A1FE23","UNO_Data\StreamingAssets\preinstall\theme\valhalla\animation\skip.b",10653,10653,8206,5199
"40D2E883AF32D84EAAD8E5D4215DF94BB5A1FE23","UNO_Data\StreamingAssets\preinstall\theme\valhalla\animation\stacking.b",10893,10893,8656,5200
"40D2E883AF32D84EAAD8E5D4215DF94BB5A1FE23","UNO_Data\StreamingAssets\preinstall\theme\valhalla\animation\tutorial_arrow.b",6148,6148,4335,5201
"40D2E883AF32D84EAAD8E5D4215DF94BB5A1FE23","UNO_Data\StreamingAssets\preinstall\theme\valhalla\animation\voice_chat.b",7346,7346,5403,5202
"40D2E883AF32D84EAAD8E5D4215DF94BB5A1FE23","UNO_Data\StreamingAssets\preinstall\theme\valhalla\animation\wild.b",241322,241322,201405,5203
"40D2E883AF32D84EAAD8E5D4215DF94BB5A1FE23","UNO_Data\StreamingAssets\preinstall\theme\valhalla\animation\xbox1_cross_button.b",11799,11799,8936,5204
"40D2E883AF32D84EAAD8E5D4215DF94BB5A1FE23","UNO_Data\StreamingAssets\preinstall\theme\valhalla\animation\active_player\anicontroller.b",6807,6807,5507,5205
"40D2E883AF32D84EAAD8E5D4215DF94BB5A1FE23","UNO_Data\StreamingAssets\preinstall\theme\valhalla\animation\arrows\anicontroller.b",5230,5230,4144,5206
"40D2E883AF32D84EAAD8E5D4215DF94BB5A1FE23","UNO_Data\StreamingAssets\preinstall\theme\valhalla\animation\arrows\materials.b",2652,2652,2096,5207
"40D2E883AF32D84EAAD8E5D4215DF94BB5A1FE23","UNO_Data\StreamingAssets\preinstall\theme\valhalla\animation\arrows\texture.b",328444,328444,287340,5208
"40D2E883AF32D84EAAD8E5D4215DF94BB5A1FE23","UNO_Data\StreamingAssets\preinstall\theme\valhalla\animation\avater\anicontroller.b",5588,5588,4432,5209
"40D2E883AF32D84EAAD8E5D4215DF94BB5A1FE23","UNO_Data\StreamingAssets\preinstall\theme\valhalla\animation\board_circle\anicontroller.b",4702,4702,3645,5210
"40D2E883AF32D84EAAD8E5D4215DF94BB5A1FE23","UNO_Data\StreamingAssets\preinstall\theme\valhalla\animation\button_glow\anicontroller.b",5048,5048,3979,5211
"40D2E883AF32D84EAAD8E5D4215DF94BB5A1FE23","UNO_Data\StreamingAssets\preinstall\theme\valhalla\animation\button_glow\materials.b",2844,2844,2260,5212
"40D2E883AF32D84EAAD8E5D4215DF94BB5A1FE23","UNO_Data\StreamingAssets\preinstall\theme\valhalla\animation\call_uno\anicontroller.b",4702,4702,3675,5213
"40D2E883AF32D84EAAD8E5D4215DF94BB5A1FE23","UNO_Data\StreamingAssets\preinstall\theme\valhalla\animation\challenge_wilddraw4\anicontroller.b",6573,6573,5263,5214
"40D2E883AF32D84EAAD8E5D4215DF94BB5A1FE23","UNO_Data\StreamingAssets\preinstall\theme\valhalla\animation\challenge_wilddraw4\materials.b",2861,2861,2269,5215
"40D2E883AF32D84EAAD8E5D4215DF94BB5A1FE23","UNO_Data\StreamingAssets\preinstall\theme\valhalla\animation\challenge_wilddraw4\mesh.b",46325,46325,33244,5216
"40D2E883AF32D84EAAD8E5D4215DF94BB5A1FE23","UNO_Data\StreamingAssets\preinstall\theme\valhalla\animation\challenge_wilddraw4\texture.b",355289,355289,272671,5217
"40D2E883AF32D84EAAD8E5D4215DF94BB5A1FE23","UNO_Data\StreamingAssets\preinstall\theme\valhalla\animation\deck_sfx\anicontroller.b",4684,4684,3631,5218
"40D2E883AF32D84EAAD8E5D4215DF94BB5A1FE23","UNO_Data\StreamingAssets\preinstall\theme\valhalla\animation\didnt_calluno\anicontroller.b",4695,4695,3635,5219
"40D2E883AF32D84EAAD8E5D4215DF94BB5A1FE23","UNO_Data\StreamingAssets\preinstall\theme\valhalla\animation\didnt_calluno\materials.b",2612,2612,2054,5220
"40D2E883AF32D84EAAD8E5D4215DF94BB5A1FE23","UNO_Data\StreamingAssets\preinstall\theme\valhalla\animation\didnt_calluno\mesh.b",53116,53116,38233,5221
"40D2E883AF32D84EAAD8E5D4215DF94BB5A1FE23","UNO_Data\StreamingAssets\preinstall\theme\valhalla\animation\didnt_calluno\texture.b",11378,11378,9239,5222
"40D2E883AF32D84EAAD8E5D4215DF94BB5A1FE23","UNO_Data\StreamingAssets\preinstall\theme\valhalla\animation\drawcard\anicontroller.b",4936,4936,3880,5223
"40D2E883AF32D84EAAD8E5D4215DF94BB5A1FE23","UNO_Data\StreamingAssets\preinstall\theme\valhalla\animation\drawcard\materials.b",2852,2852,2274,5224
"40D2E883AF32D84EAAD8E5D4215DF94BB5A1FE23","UNO_Data\StreamingAssets\preinstall\theme\valhalla\animation\drawcard\mesh.b",47577,47577,34192,5225
"40D2E883AF32D84EAAD8E5D4215DF94BB5A1FE23","UNO_Data\StreamingAssets\preinstall\theme\valhalla\animation\drawcard\texture.b",134406,134406,107547,5226
"40D2E883AF32D84EAAD8E5D4215DF94BB5A1FE23","UNO_Data\StreamingAssets\preinstall\theme\valhalla\animation\drawtwo\anicontroller.b",11390,11390,9562,5227
"40D2E883AF32D84EAAD8E5D4215DF94BB5A1FE23","UNO_Data\StreamingAssets\preinstall\theme\valhalla\animation\drawtwo\choosebottomplaceholder.b",10350,10350,7627,5228
"40D2E883AF32D84EAAD8E5D4215DF94BB5A1FE23","UNO_Data\StreamingAssets\preinstall\theme\valhalla\animation\joker\anicontroller.b",6203,6203,4935,5229
"40D2E883AF32D84EAAD8E5D4215DF94BB5A1FE23","UNO_Data\StreamingAssets\preinstall\theme\valhalla\animation\jump_in\anicontroller.b",5610,5610,4478,5230
"40D2E883AF32D84EAAD8E5D4215DF94BB5A1FE23","UNO_Data\StreamingAssets\preinstall\theme\valhalla\animation\jump_in\materials.b",2899,2899,2316,5231
"40D2E883AF32D84EAAD8E5D4215DF94BB5A1FE23","UNO_Data\StreamingAssets\preinstall\theme\valhalla\animation\jump_in\mesh.b",59083,59083,43902,5232
"40D2E883AF32D84EAAD8E5D4215DF94BB5A1FE23","UNO_Data\StreamingAssets\preinstall\theme\valhalla\animation\jump_in\texture.b",113650,113650,98889,5233
"40D2E883AF32D84EAAD8E5D4215DF94BB5A1FE23","UNO_Data\StreamingAssets\preinstall\theme\valhalla\animation\particle_cardglow\anicontroller.b",4707,4707,3647,5234
"40D2E883AF32D84EAAD8E5D4215DF94BB5A1FE23","UNO_Data\StreamingAssets\preinstall\theme\valhalla\animation\preparecalluno\anicontroller.b",5083,5083,4010,5235
"40D2E883AF32D84EAAD8E5D4215DF94BB5A1FE23","UNO_Data\StreamingAssets\preinstall\theme\valhalla\animation\ps4_cross_button\anicontroller.b",5195,5195,4111,5236
"40D2E883AF32D84EAAD8E5D4215DF94BB5A1FE23","UNO_Data\StreamingAssets\preinstall\theme\valhalla\animation\reverse\anicontroller.b",5137,5137,4033,5237
"40D2E883AF32D84EAAD8E5D4215DF94BB5A1FE23","UNO_Data\StreamingAssets\preinstall\theme\valhalla\animation\sevenzero\anicontroller.b",14510,14510,12241,5238
"40D2E883AF32D84EAAD8E5D4215DF94BB5A1FE23","UNO_Data\StreamingAssets\preinstall\theme\valhalla\animation\sevenzero\materials.b",2685,2685,2119,5239
"40D2E883AF32D84EAAD8E5D4215DF94BB5A1FE23","UNO_Data\StreamingAssets\preinstall\theme\valhalla\animation\single_card\anicontroller.b",4729,4729,3665,5240
"40D2E883AF32D84EAAD8E5D4215DF94BB5A1FE23","UNO_Data\StreamingAssets\preinstall\theme\valhalla\animation\skip\anicontroller.b",7505,7505,6138,5241
"40D2E883AF32D84EAAD8E5D4215DF94BB5A1FE23","UNO_Data\StreamingAssets\preinstall\theme\valhalla\animation\stacking\anicontroller.b",5924,5924,4745,5242
"40D2E883AF32D84EAAD8E5D4215DF94BB5A1FE23","UNO_Data\StreamingAssets\preinstall\theme\valhalla\animation\stacking\materials.b",2836,2836,2253,5243
"40D2E883AF32D84EAAD8E5D4215DF94BB5A1FE23","UNO_Data\StreamingAssets\preinstall\theme\valhalla\animation\stacking\texture.b",246792,246792,210605,5244
"40D2E883AF32D84EAAD8E5D4215DF94BB5A1FE23","UNO_Data\StreamingAssets\preinstall\theme\valhalla\animation\tutorial_arrow\anicontroller.b",4700,4700,3644,5245
"40D2E883AF32D84EAAD8E5D4215DF94BB5A1FE23","UNO_Data\StreamingAssets\preinstall\theme\valhalla\animation\tutorial_arrow\materials.b",19881,19881,11054,5246
"40D2E883AF32D84EAAD8E5D4215DF94BB5A1FE23","UNO_Data\StreamingAssets\preinstall\theme\valhalla\animation\tutorial_arrow\texture.b",43089,43089,38267,5247
"40D2E883AF32D84EAAD8E5D4215DF94BB5A1FE23","UNO_Data\StreamingAssets\preinstall\theme\valhalla\animation\voice_chat\anicontroller.b",4688,4688,3624,5248
"40D2E883AF32D84EAAD8E5D4215DF94BB5A1FE23","UNO_Data\StreamingAssets\preinstall\theme\valhalla\animation\voice_chat\materials.b",2700,2700,2138,5249
"40D2E883AF32D84EAAD8E5D4215DF94BB5A1FE23","UNO_Data\StreamingAssets\preinstall\theme\valhalla\animation\voice_chat\texture.b",26135,26135,23502,5250
"40D2E883AF32D84EAAD8E5D4215DF94BB5A1FE23","UNO_Data\StreamingAssets\preinstall\theme\valhalla\animation\wild\anicontroller.b",6192,6192,4966,5251
"40D2E883AF32D84EAAD8E5D4215DF94BB5A1FE23","UNO_Data\StreamingAssets\preinstall\theme\valhalla\animation\xbox1_cross_button\anicontroller.b",5610,5610,4478,5252
"40D2E883AF32D84EAAD8E5D4215DF94BB5A1FE23","UNO_Data\StreamingAssets\preinstall\theme\valhalla\animation\xbox1_cross_button\materials.b",2625,2625,2058,5253
"40D2E883AF32D84EAAD8E5D4215DF94BB5A1FE23","UNO_Data\StreamingAssets\preinstall\theme\valhalla\animation\xbox1_cross_button\mesh.b",54759,54759,40639,5254
"40D2E883AF32D84EAAD8E5D4215DF94BB5A1FE23","UNO_Data\StreamingAssets\preinstall\theme\valhalla\animation\xbox1_cross_button\texture.b",2248,2248,1677,5255
"40D2E883AF32D84EAAD8E5D4215DF94BB5A1FE23","UNO_Data\StreamingAssets\preinstall\theme\valhalla\cardanimation\sevenzero.b",6408,6408,4542,5256
"40D2E883AF32D84EAAD8E5D4215DF94BB5A1FE23","UNO_Data\StreamingAssets\preinstall\theme\valhalla\cardcoveringeffect\colorchangeeffect.b",1256267,1256267,893545,5257
"40D2E883AF32D84EAAD8E5D4215DF94BB5A1FE23","UNO_Data\StreamingAssets\preinstall\theme\valhalla\classic_board\board_circle.b",357741,357741,276363,5258
"40D2E883AF32D84EAAD8E5D4215DF94BB5A1FE23","UNO_Data\StreamingAssets\preinstall\theme\valhalla\classic_board\board_glow.b",204765,204765,184419,5259
"40D2E883AF32D84EAAD8E5D4215DF94BB5A1FE23","UNO_Data\StreamingAssets\preinstall\theme\valhalla\classic_board\board_red.b",86125,86125,75026,5260
"40D2E883AF32D84EAAD8E5D4215DF94BB5A1FE23","UNO_Data\StreamingAssets\preinstall\theme\valhalla\classic_board\board_yellow.b",402342,402342,345895,5261
"40D2E883AF32D84EAAD8E5D4215DF94BB5A1FE23","UNO_Data\StreamingAssets\preinstall\theme\valhalla\classic_board\card_deck.b",46404,46404,39848,5262
"40D2E883AF32D84EAAD8E5D4215DF94BB5A1FE23","UNO_Data\StreamingAssets\preinstall\theme\valhalla\gfx\card_shadow.b",10790,10790,8191,5263
"40D2E883AF32D84EAAD8E5D4215DF94BB5A1FE23","UNO_Data\StreamingAssets\preinstall\theme\valhalla\gfx\active_player\materials.b",2644,2644,2077,5264
"40D2E883AF32D84EAAD8E5D4215DF94BB5A1FE23","UNO_Data\StreamingAssets\preinstall\theme\valhalla\gfx\active_player\mesh.b",54227,54227,40278,5265
"40D2E883AF32D84EAAD8E5D4215DF94BB5A1FE23","UNO_Data\StreamingAssets\preinstall\theme\valhalla\gfx\active_player\texture.b",27155,27155,24712,5266
"40D2E883AF32D84EAAD8E5D4215DF94BB5A1FE23","UNO_Data\StreamingAssets\preinstall\theme\valhalla\gfx\background_sphere\materials.b",2910,2910,2320,5267
"40D2E883AF32D84EAAD8E5D4215DF94BB5A1FE23","UNO_Data\StreamingAssets\preinstall\theme\valhalla\gfx\background_sphere\mesh.b",62866,62866,47693,5268
"40D2E883AF32D84EAAD8E5D4215DF94BB5A1FE23","UNO_Data\StreamingAssets\preinstall\theme\valhalla\gfx\background_sphere\texture.b",104012,104012,75420,5269
"40D2E883AF32D84EAAD8E5D4215DF94BB5A1FE23","UNO_Data\StreamingAssets\preinstall\theme\valhalla\gfx\call_uno\materials.b",3375,3375,2756,5270
"40D2E883AF32D84EAAD8E5D4215DF94BB5A1FE23","UNO_Data\StreamingAssets\preinstall\theme\valhalla\gfx\call_uno\mesh.b",68806,68806,50800,5271
"40D2E883AF32D84EAAD8E5D4215DF94BB5A1FE23","UNO_Data\StreamingAssets\preinstall\theme\valhalla\gfx\call_uno\texture.b",912007,912007,572102,5272
"40D2E883AF32D84EAAD8E5D4215DF94BB5A1FE23","UNO_Data\StreamingAssets\preinstall\theme\valhalla\gfx\card_shadow\texture.b",17883,17883,12716,5273
"40D2E883AF32D84EAAD8E5D4215DF94BB5A1FE23","UNO_Data\StreamingAssets\preinstall\theme\valhalla\gfx\cursor\materials.b",3695,3695,3014,5274
"40D2E883AF32D84EAAD8E5D4215DF94BB5A1FE23","UNO_Data\StreamingAssets\preinstall\theme\valhalla\gfx\cursor\mesh.b",66533,66533,51138,5275
"40D2E883AF32D84EAAD8E5D4215DF94BB5A1FE23","UNO_Data\StreamingAssets\preinstall\theme\valhalla\gfx\cursor\texture.b",123143,123143,66660,5276
"40D2E883AF32D84EAAD8E5D4215DF94BB5A1FE23","UNO_Data\StreamingAssets\preinstall\theme\valhalla\gfx\drawfour\materials.b",2818,2818,2241,5277
"40D2E883AF32D84EAAD8E5D4215DF94BB5A1FE23","UNO_Data\StreamingAssets\preinstall\theme\valhalla\gfx\drawfour\texture.b",376871,376871,330737,5278
"40D2E883AF32D84EAAD8E5D4215DF94BB5A1FE23","UNO_Data\StreamingAssets\preinstall\theme\valhalla\gfx\drawtwo\materials.b",2964,2964,2374,5279
"40D2E883AF32D84EAAD8E5D4215DF94BB5A1FE23","UNO_Data\StreamingAssets\preinstall\theme\valhalla\gfx\drawtwo\mesh.b",60109,60109,45988,5280
"40D2E883AF32D84EAAD8E5D4215DF94BB5A1FE23","UNO_Data\StreamingAssets\preinstall\theme\valhalla\gfx\drawtwo\texture.b",454841,454841,257969,5281
"40D2E883AF32D84EAAD8E5D4215DF94BB5A1FE23","UNO_Data\StreamingAssets\preinstall\theme\valhalla\gfx\particle_cardglow\materials.b",3458,3458,2809,5282
"40D2E883AF32D84EAAD8E5D4215DF94BB5A1FE23","UNO_Data\StreamingAssets\preinstall\theme\valhalla\gfx\particle_cardglow\mesh.b",51405,51405,37854,5283
"40D2E883AF32D84EAAD8E5D4215DF94BB5A1FE23","UNO_Data\StreamingAssets\preinstall\theme\valhalla\gfx\particle_cardglow\texture.b",310833,310833,249201,5284
"40D2E883AF32D84EAAD8E5D4215DF94BB5A1FE23","UNO_Data\StreamingAssets\preinstall\theme\valhalla\gfx\reverse\materials.b",3373,3373,2734,5285
"40D2E883AF32D84EAAD8E5D4215DF94BB5A1FE23","UNO_Data\StreamingAssets\preinstall\theme\valhalla\gfx\reverse\mesh.b",72290,72290,55724,5286
"40D2E883AF32D84EAAD8E5D4215DF94BB5A1FE23","UNO_Data\StreamingAssets\preinstall\theme\valhalla\gfx\reverse\texture.b",473640,473640,338420,5287
"40D2E883AF32D84EAAD8E5D4215DF94BB5A1FE23","UNO_Data\StreamingAssets\preinstall\theme\valhalla\gfx\sevenzero\materials.b",3425,3425,2787,5288
"40D2E883AF32D84EAAD8E5D4215DF94BB5A1FE23","UNO_Data\StreamingAssets\preinstall\theme\valhalla\gfx\sevenzero\mesh.b",62738,62738,48540,5289
"40D2E883AF32D84EAAD8E5D4215DF94BB5A1FE23","UNO_Data\StreamingAssets\preinstall\theme\valhalla\gfx\sevenzero\texture.b",787072,787072,508809,5290
"40D2E883AF32D84EAAD8E5D4215DF94BB5A1FE23","UNO_Data\StreamingAssets\preinstall\theme\valhalla\gfx\single_card\materials.b",2819,2819,2229,5291
"40D2E883AF32D84EAAD8E5D4215DF94BB5A1FE23","UNO_Data\StreamingAssets\preinstall\theme\valhalla\gfx\single_card\texture.b",161932,161932,137389,5292
"40D2E883AF32D84EAAD8E5D4215DF94BB5A1FE23","UNO_Data\StreamingAssets\preinstall\theme\valhalla\gfx\skip\materials.b",3344,3344,2721,5293
"40D2E883AF32D84EAAD8E5D4215DF94BB5A1FE23","UNO_Data\StreamingAssets\preinstall\theme\valhalla\gfx\skip\mesh.b",83169,83169,62357,5294
"40D2E883AF32D84EAAD8E5D4215DF94BB5A1FE23","UNO_Data\StreamingAssets\preinstall\theme\valhalla\gfx\skip\texture.b",577282,577282,456709,5295
"40D2E883AF32D84EAAD8E5D4215DF94BB5A1FE23","UNO_Data\StreamingAssets\preinstall\theme\valhalla\gfx_avater\materials.b",2965,2965,2379,5296
"40D2E883AF32D84EAAD8E5D4215DF94BB5A1FE23","UNO_Data\StreamingAssets\preinstall\theme\valhalla\gfx_avater\mesh.b",46528,46528,33350,5297
"40D2E883AF32D84EAAD8E5D4215DF94BB5A1FE23","UNO_Data\StreamingAssets\preinstall\theme\valhalla\gfx_avater\texture.b",153954,153954,129217,5298
"40D2E883AF32D84EAAD8E5D4215DF94BB5A1FE23","UNO_Data\StreamingAssets\preinstall\theme\valhalla\gfx_avater\materials\lights.b",3167,3167,2481,5299
"40D2E883AF32D84EAAD8E5D4215DF94BB5A1FE23","UNO_Data\StreamingAssets\preinstall\theme\valhalla\gfx_avater\materials\light_video.b",3298,3298,2589,5300
"40D2E883AF32D84EAAD8E5D4215DF94BB5A1FE23","UNO_Data\StreamingAssets\preinstall\theme\valhalla\gfx_avater\texture\lights.b",134032,134032,103735,5301
"40D2E883AF32D84EAAD8E5D4215DF94BB5A1FE23","UNO_Data\StreamingAssets\preinstall\theme\valhalla\gfx_avater\texture\light_video.b",161460,161460,126453,5302
"40D2E883AF32D84EAAD8E5D4215DF94BB5A1FE23","UNO_Data\StreamingAssets\preinstall\theme\valhalla\gfx_fx\fxanim.b",15258,15258,11842,5303
"40D2E883AF32D84EAAD8E5D4215DF94BB5A1FE23","UNO_Data\StreamingAssets\preinstall\theme\valhalla\gfx_fx\material.b",72665,72665,56717,5304
"40D2E883AF32D84EAAD8E5D4215DF94BB5A1FE23","UNO_Data\StreamingAssets\preinstall\theme\valhalla\gfx_fx\mesh.b",2769569,2769569,1769633,5305
"40D2E883AF32D84EAAD8E5D4215DF94BB5A1FE23","UNO_Data\StreamingAssets\preinstall\theme\valhalla\gfx_fx\texture.b",10424348,10424348,9417700,5306
"40D2E883AF32D84EAAD8E5D4215DF94BB5A1FE23","UNO_Data\StreamingAssets\preinstall\theme\valhalla\popup\texture.b",7005801,7005801,6126083,5307
"40D2E883AF32D84EAAD8E5D4215DF94BB5A1FE23","UNO_Data\StreamingAssets\preinstall\theme\valhalla\sceneresources\uno_ack_apples.b",990064,990064,870212,5308
"40D2E883AF32D84EAAD8E5D4215DF94BB5A1FE23","UNO_Data\StreamingAssets\preinstall\theme\valhalla\sceneresources\uno_ack_battle.b",3111537,3111537,2795295,5309
"40D2E883AF32D84EAAD8E5D4215DF94BB5A1FE23","UNO_Data\StreamingAssets\preinstall\theme\valhalla\sceneresources\uno_ack_bowl.b",1300263,1300263,1195165,5310
"40D2E883AF32D84EAAD8E5D4215DF94BB5A1FE23","UNO_Data\StreamingAssets\preinstall\theme\valhalla\sceneresources\uno_ack_candleall.b",205285,205285,178615,5311
"40D2E883AF32D84EAAD8E5D4215DF94BB5A1FE23","UNO_Data\StreamingAssets\preinstall\theme\valhalla\sceneresources\uno_ack_candleholder_02.b",379325,379325,333503,5312
"40D2E883AF32D84EAAD8E5D4215DF94BB5A1FE23","UNO_Data\StreamingAssets\preinstall\theme\valhalla\sceneresources\uno_ack_cargo_b.b",1915932,1915932,1755333,5313
"40D2E883AF32D84EAAD8E5D4215DF94BB5A1FE23","UNO_Data\StreamingAssets\preinstall\theme\valhalla\sceneresources\uno_ack_carpet_01.b",976001,976001,913149,5314
"40D2E883AF32D84EAAD8E5D4215DF94BB5A1FE23","UNO_Data\StreamingAssets\preinstall\theme\valhalla\sceneresources\uno_ack_carpet_02.b",977212,977212,919012,5315
"40D2E883AF32D84EAAD8E5D4215DF94BB5A1FE23","UNO_Data\StreamingAssets\preinstall\theme\valhalla\sceneresources\uno_ack_event.b",216580,216580,192413,5316
"40D2E883AF32D84EAAD8E5D4215DF94BB5A1FE23","UNO_Data\StreamingAssets\preinstall\theme\valhalla\sceneresources\uno_ack_flag.b",265087,265087,224396,5317
"40D2E883AF32D84EAAD8E5D4215DF94BB5A1FE23","UNO_Data\StreamingAssets\preinstall\theme\valhalla\sceneresources\uno_ack_handlecandle.b",587460,587460,519830,5318
"40D2E883AF32D84EAAD8E5D4215DF94BB5A1FE23","UNO_Data\StreamingAssets\preinstall\theme\valhalla\sceneresources\uno_ack_jar.b",1222408,1222408,1090918,5319
"40D2E883AF32D84EAAD8E5D4215DF94BB5A1FE23","UNO_Data\StreamingAssets\preinstall\theme\valhalla\sceneresources\uno_ack_lambert.b",2510575,2510575,2253285,5320
"40D2E883AF32D84EAAD8E5D4215DF94BB5A1FE23","UNO_Data\StreamingAssets\preinstall\theme\valhalla\sceneresources\uno_ack_map.b",2593508,2593508,2178464,5321
"40D2E883AF32D84EAAD8E5D4215DF94BB5A1FE23","UNO_Data\StreamingAssets\preinstall\theme\valhalla\sceneresources\uno_ack_player.b",14736077,14736077,13166048,5322
"40D2E883AF32D84EAAD8E5D4215DF94BB5A1FE23","UNO_Data\StreamingAssets\preinstall\theme\valhalla\sceneresources\uno_ack_rose.b",3726747,3726747,3429472,5323
"40D2E883AF32D84EAAD8E5D4215DF94BB5A1FE23","UNO_Data\StreamingAssets\preinstall\theme\valhalla\sceneresources\uno_ack_scrollsfew.b",1454012,1454012,1312084,5324
"40D2E883AF32D84EAAD8E5D4215DF94BB5A1FE23","UNO_Data\StreamingAssets\preinstall\theme\valhalla\sceneresources\uno_ack_sculpture.b",16046773,16046773,14649706,5325
"40D2E883AF32D84EAAD8E5D4215DF94BB5A1FE23","UNO_Data\StreamingAssets\preinstall\theme\valhalla\sceneresources\uno_ack_shieldgold.b",1718678,1718678,1573709,5326
"40D2E883AF32D84EAAD8E5D4215DF94BB5A1FE23","UNO_Data\StreamingAssets\preinstall\theme\valhalla\sceneresources\uno_ack_table.b",6049933,6049933,5620126,5327
"40D2E883AF32D84EAAD8E5D4215DF94BB5A1FE23","UNO_Data\StreamingAssets\preinstall\theme\valhalla\sceneresources\uno_ack_treasure.b",3141543,3141543,2824923,5328
"40D2E883AF32D84EAAD8E5D4215DF94BB5A1FE23","UNO_Data\StreamingAssets\preinstall\theme\valhalla\sceneresources\uno_ack_ui.b",2399141,2399141,2079744,5329
"40D2E883AF32D84EAAD8E5D4215DF94BB5A1FE23","UNO_Data\StreamingAssets\preinstall\theme\valhalla\sceneresources\uno_ack_vikinghorn.b",4368268,4368268,3931283,5330
"40D2E883AF32D84EAAD8E5D4215DF94BB5A1FE23","UNO_Data\StreamingAssets\preinstall\theme\valhalla\sceneresources\uno_ack_jar\uno_ack_jay_03.fbm.b",1515405,1515405,1380884,5331
"40D2E883AF32D84EAAD8E5D4215DF94BB5A1FE23","UNO_Data\StreamingAssets\preinstall\theme\valhalla\skybox\materials.b",2711,2711,2144,5332
"40D2E883AF32D84EAAD8E5D4215DF94BB5A1FE23","UNO_Data\StreamingAssets\preinstall\theme\valhalla\skybox\texture.b",161198,161198,130178,5333
"40D2E883AF32D84EAAD8E5D4215DF94BB5A1FE23","UNO_Data\StreamingAssets\preinstall\theme\winter\cards.b",2878,2878,2289,5334
"40D2E883AF32D84EAAD8E5D4215DF94BB5A1FE23","UNO_Data\StreamingAssets\preinstall\theme\winter\animation\snowman.b",4698,4698,3675,5335
"40D2E883AF32D84EAAD8E5D4215DF94BB5A1FE23","UNO_Data\StreamingAssets\preinstall\theme\winter\animation\theme_picker.b",8927,8927,6640,5336
"40D2E883AF32D84EAAD8E5D4215DF94BB5A1FE23","UNO_Data\StreamingAssets\preinstall\theme\winter\animation\theme_picker\anicontroller.b",5028,5028,3941,5337
"40D2E883AF32D84EAAD8E5D4215DF94BB5A1FE23","UNO_Data\StreamingAssets\preinstall\theme\winter\animation\theme_picker\materials.b",2586,2586,2026,5338
"40D2E883AF32D84EAAD8E5D4215DF94BB5A1FE23","UNO_Data\StreamingAssets\preinstall\theme\winter\animation\theme_picker\texture.b",167847,167847,151030,5339
"40D2E883AF32D84EAAD8E5D4215DF94BB5A1FE23","UNO_Data\StreamingAssets\preinstall\theme\winter\cardcoveringeffect\colorchangeeffect.b",183325,183325,140754,5340
"40D2E883AF32D84EAAD8E5D4215DF94BB5A1FE23","UNO_Data\StreamingAssets\preinstall\theme\winter\gfx\materials.b",3295,3295,2676,5341
"40D2E883AF32D84EAAD8E5D4215DF94BB5A1FE23","UNO_Data\StreamingAssets\preinstall\theme\winter\gfx\mesh.b",459302,459302,349343,5342
"40D2E883AF32D84EAAD8E5D4215DF94BB5A1FE23","UNO_Data\StreamingAssets\preinstall\theme\winter\gfx\texture.b",2591493,2591493,2232338,5343
"40D2E883AF32D84EAAD8E5D4215DF94BB5A1FE23","UNO_Data\StreamingAssets\preinstall\theme\winter\skybox\materials.b",2711,2711,2142,5344
"40D2E883AF32D84EAAD8E5D4215DF94BB5A1FE23","UNO_Data\StreamingAssets\preinstall\treeuiresources\uianimations\gameresult.b",9358,9358,6623,5345
"40D2E883AF32D84EAAD8E5D4215DF94BB5A1FE23","UNO_Data\StreamingAssets\preinstall\_campaign\ac15anniversary.b",501407,501407,414577,5346
"40D2E883AF32D84EAAD8E5D4215DF94BB5A1FE23","UNO_Data\StreamingAssets\preinstall\_configurations\_ui\wildweeks.b",5180,5180,4334,5347
"40D2E883AF32D84EAAD8E5D4215DF94BB5A1FE23","UNO_Data\StreamingAssets\preinstall\_configurations\_ui\_goods.b",27826135,27826135,25659503,5348
"40D2E883AF32D84EAAD8E5D4215DF94BB5A1FE23","UNO_Data\StreamingAssets\preinstall\_configurations\_ui\_menu.b",9144,9144,7966,5349
"40D2E883AF32D84EAAD8E5D4215DF94BB5A1FE23","UNO_Data\StreamingAssets\preinstall\_menu\events.b",2219634,2219634,1511299,5350
"40D2E883AF32D84EAAD8E5D4215DF94BB5A1FE23","UNO_Data\StreamingAssets\preinstall\_menu\common\buttonlegend.b",7948,7948,6049,5351
"40D2E883AF32D84EAAD8E5D4215DF94BB5A1FE23","UNO_Data\StreamingAssets\preinstall\_menu\common\materials.b",1734027,1734027,1379073,5352
"40D2E883AF32D84EAAD8E5D4215DF94BB5A1FE23","UNO_Data\StreamingAssets\preinstall\_menu\common\textures.b",2893060,2893060,2270083,5353
"40D2E883AF32D84EAAD8E5D4215DF94BB5A1FE23","UNO_Data\StreamingAssets\preinstall\_menu\common\buttonlegend\sprites.b",340875,340875,135021,5354
"40D2E883AF32D84EAAD8E5D4215DF94BB5A1FE23","UNO_Data\StreamingAssets\preinstall\_menu\customization\animation.b",13330,13330,9695,5355
"40D2E883AF32D84EAAD8E5D4215DF94BB5A1FE23","UNO_Data\StreamingAssets\preinstall\_menu\customization\textures.b",2613157,2613157,2197362,5356
"40D2E883AF32D84EAAD8E5D4215DF94BB5A1FE23","UNO_Data\StreamingAssets\preinstall\_menu\customization\prefabs\rework.b",54656,54656,38320,5357
"40D2E883AF32D84EAAD8E5D4215DF94BB5A1FE23","UNO_Data\StreamingAssets\preinstall\_menu\dlcmenu\textures.b",1866749,1866749,1529039,5358
"40D2E883AF32D84EAAD8E5D4215DF94BB5A1FE23","UNO_Data\StreamingAssets\preinstall\_menu\events\corechallengeicons.b",491254,491254,349618,5359
"40D2E883AF32D84EAAD8E5D4215DF94BB5A1FE23","UNO_Data\StreamingAssets\preinstall\_menu\news\textures.b",7723142,7723142,6611962,5360
"40D2E883AF32D84EAAD8E5D4215DF94BB5A1FE23","UNO_Data\StreamingAssets\preinstall\_menu\optionsmenu\animations.b",36951,36951,29058,5361
"40D2E883AF32D84EAAD8E5D4215DF94BB5A1FE23","UNO_Data\StreamingAssets\preinstall\_menu\optionsmenu\textures.b",68855,68855,35718,5362
"40D2E883AF32D84EAAD8E5D4215DF94BB5A1FE23","UNO_Data\StreamingAssets\preinstall\_menu\optionsmenu\textures\controllers.b",297595,297595,237770,5363
"40D2E883AF32D84EAAD8E5D4215DF94BB5A1FE23","UNO_Data\StreamingAssets\preinstall\_menu\optionsmenu\textures\previews.b",1902091,1902091,1158121,5364
"40D2E883AF32D84EAAD8E5D4215DF94BB5A1FE23","UNO_Data\StreamingAssets\preinstall\_menu\optionsmenu\textures\tabicons.b",81171,81171,56147,5365
"40D2E883AF32D84EAAD8E5D4215DF94BB5A1FE23","UNO_Data\StreamingAssets\preinstall\_menu\optionsmenu\textures\tutorials.b",2804393,2804393,2375072,5366
"40D2E883AF32D84EAAD8E5D4215DF94BB5A1FE23","UNO_Data\StreamingAssets\preinstall\_menu\profile\textures.b",2797262,2797262,2426058,5367
"40D2E883AF32D84EAAD8E5D4215DF94BB5A1FE23","UNO_Data\StreamingAssets\preinstall\_menu\store\2dassets.b",230959,230959,186271,5368
"40D2E883AF32D84EAAD8E5D4215DF94BB5A1FE23","UNO_Data\StreamingAssets\preinstall\_menu\store\animation.b",12493,12493,9623,5369
"40D2E883AF32D84EAAD8E5D4215DF94BB5A1FE23","UNO_Data\StreamingAssets\preinstall\_menu\store\textures.b",145093,145093,94381,5370
"40D2E883AF32D84EAAD8E5D4215DF94BB5A1FE23","UNO_Data\StreamingAssets\preinstall\_menu\store\2dassets\tab.b",324141,324141,238232,5371
"40D2E883AF32D84EAAD8E5D4215DF94BB5A1FE23","UNO_Data\StreamingAssets\preinstall\_menu\store\textures\purchase.b",2063433,2063433,1738637,5372
"40D2E883AF32D84EAAD8E5D4215DF94BB5A1FE23","UNO_Data\StreamingAssets\preinstall\_menu\store\textures\storetabsystem.b",117826,117826,75199,5373
"40D2E883AF32D84EAAD8E5D4215DF94BB5A1FE23","UNO_Data\StreamingAssets\preinstall\_menu\store\textures\tilelabels.b",95375,95375,62110,5374
"40D2E883AF32D84EAAD8E5D4215DF94BB5A1FE23","UNO_Data\StreamingAssets\preinstall\_menu\twitch\animation.b",23851,23851,14705,5375
