"4740","58CC9F96A819A29FAAE7E1B553ABB23CBCE1D05C","0000-00-00",2465,146102161419,73273355,1318107683,3
"58CC9F96A819A29FAAE7E1B553ABB23CBCE1D05C","chunkmapping.mchunks",518956,518956,7663,0
"58CC9F96A819A29FAAE7E1B553ABB23CBCE1D05C","bink2w64.dll",414928,414928,199671,0
"58CC9F96A819A29FAAE7E1B553ABB23CBCE1D05C","codecl.txt",9,9,18,0
"58CC9F96A819A29FAAE7E1B553ABB23CBCE1D05C","d3d12core.dll",5401504,5401504,1241513,0
"58CC9F96A819A29FAAE7E1B553ABB23CBCE1D05C","d3dcompiler_47.dll",4896248,4896248,1830097,0
"58CC9F96A819A29FAAE7E1B553ABB23CBCE1D05C","dbgcore.dll",166552,166552,73220,0
"58CC9F96A819A29FAAE7E1B553ABB23CBCE1D05C","dbghelp.dll",1938072,1938072,713683,0
"58CC9F96A819A29FAAE7E1B553ABB23CBCE1D05C","dxcompiler.dll",20067744,20067744,7010553,0
"58CC9F96A819A29FAAE7E1B553ABB23CBCE1D05C","dxil.dll",1526184,1526184,596486,0
"58CC9F96A819A29FAAE7E1B553ABB23CBCE1D05C","upc_r2_loader64.dll",589632,589632,181665,0
"58CC9F96A819A29FAAE7E1B553ABB23CBCE1D05C","xinput1_4.dll",60600,60600,30187,0
"58CC9F96A819A29FAAE7E1B553ABB23CBCE1D05C","dstorage.dll",206880,206880,98313,0
"58CC9F96A819A29FAAE7E1B553ABB23CBCE1D05C","dstoragecore.dll",1458208,1458208,416542,0
"58CC9F96A819A29FAAE7E1B553ABB23CBCE1D05C","libxess.dll",77771112,77771112,45657511,0
"58CC9F96A819A29FAAE7E1B553ABB23CBCE1D05C","NRD.dll",891568,891568,242620,0
"58CC9F96A819A29FAAE7E1B553ABB23CBCE1D05C","nvngx_dlss.dll",49012784,49012784,32804313,0
"58CC9F96A819A29FAAE7E1B553ABB23CBCE1D05C","nvngx_dlssd.dll",72997408,72997408,32900000,0
"58CC9F96A819A29FAAE7E1B553ABB23CBCE1D05C","nvngx_dlssg.dll",7602720,7602720,3558957,0
"58CC9F96A819A29FAAE7E1B553ABB23CBCE1D05C","sl.interposer.dll",545752,545752,198399,0
"58CC9F96A819A29FAAE7E1B553ABB23CBCE1D05C","sl.dlss.dll",237016,237016,91176,0
"58CC9F96A819A29FAAE7E1B553ABB23CBCE1D05C","sl.dlss_d.dll",251352,251352,93375,0
"58CC9F96A819A29FAAE7E1B553ABB23CBCE1D05C","sl.dlss_g.dll",452568,452568,169043,0
"58CC9F96A819A29FAAE7E1B553ABB23CBCE1D05C","sl.pcl.dll",175064,175064,68035,0
"58CC9F96A819A29FAAE7E1B553ABB23CBCE1D05C","sl.reflex.dll",199136,199136,77329,0
"58CC9F96A819A29FAAE7E1B553ABB23CBCE1D05C","sl.common.dll",678360,678360,254486,0
"58CC9F96A819A29FAAE7E1B553ABB23CBCE1D05C","amd_ags_x64.dll",183560,183560,90267,0
"58CC9F96A819A29FAAE7E1B553ABB23CBCE1D05C","libxell.dll",346984,346984,100409,0
"58CC9F96A819A29FAAE7E1B553ABB23CBCE1D05C","libxess_fg.dll",45557608,45557608,23317532,0
"58CC9F96A819A29FAAE7E1B553ABB23CBCE1D05C","amd_fidelityfx_dx12.dll",6675664,6675664,1308223,0
"58CC9F96A819A29FAAE7E1B553ABB23CBCE1D05C","afop.exe",355900088,355900088,165534891,2
"58CC9F96A819A29FAAE7E1B553ABB23CBCE1D05C","afop_plus.exe",372790968,372790968,176705569,2
"58CC9F96A819A29FAAE7E1B553ABB23CBCE1D05C","dbdata.dll",149176,149176,70735,2
"58CC9F96A819A29FAAE7E1B553ABB23CBCE1D05C","Tools\vc_redist\VC_redist.x64.exe",25466016,25466016,24351932,4
"58CC9F96A819A29FAAE7E1B553ABB23CBCE1D05C","Tools\DirectX\Apr2005_d3dx9_25_x64.cab",1347354,1347354,1344743,4
"58CC9F96A819A29FAAE7E1B553ABB23CBCE1D05C","Tools\DirectX\Apr2005_d3dx9_25_x86.cab",1078962,1078962,1073855,4
"58CC9F96A819A29FAAE7E1B553ABB23CBCE1D05C","Tools\DirectX\Apr2006_d3dx9_30_x64.cab",1397830,1397830,1395153,4
"58CC9F96A819A29FAAE7E1B553ABB23CBCE1D05C","Tools\DirectX\Apr2006_d3dx9_30_x86.cab",1115221,1115221,1110388,4
"58CC9F96A819A29FAAE7E1B553ABB23CBCE1D05C","Tools\DirectX\Apr2006_MDX1_x86.cab",916430,916430,909712,4
"58CC9F96A819A29FAAE7E1B553ABB23CBCE1D05C","Tools\DirectX\Apr2006_MDX1_x86_Archive.cab",4162630,4162630,4153036,4
"58CC9F96A819A29FAAE7E1B553ABB23CBCE1D05C","Tools\DirectX\Apr2006_XACT_x64.cab",179133,179133,177074,4
"58CC9F96A819A29FAAE7E1B553ABB23CBCE1D05C","Tools\DirectX\Apr2006_XACT_x86.cab",133103,133103,130857,4
"58CC9F96A819A29FAAE7E1B553ABB23CBCE1D05C","Tools\DirectX\Apr2006_xinput_x64.cab",87101,87101,84983,4
"58CC9F96A819A29FAAE7E1B553ABB23CBCE1D05C","Tools\DirectX\Apr2006_xinput_x86.cab",46010,46010,43856,4
"58CC9F96A819A29FAAE7E1B553ABB23CBCE1D05C","Tools\DirectX\APR2007_d3dx10_33_x64.cab",698612,698612,696489,4
"58CC9F96A819A29FAAE7E1B553ABB23CBCE1D05C","Tools\DirectX\APR2007_d3dx10_33_x86.cab",695865,695865,693776,4
"58CC9F96A819A29FAAE7E1B553ABB23CBCE1D05C","Tools\DirectX\APR2007_d3dx9_33_x64.cab",1607358,1607358,1604459,4
"58CC9F96A819A29FAAE7E1B553ABB23CBCE1D05C","Tools\DirectX\APR2007_d3dx9_33_x86.cab",1606039,1606039,1600898,4
"58CC9F96A819A29FAAE7E1B553ABB23CBCE1D05C","Tools\DirectX\APR2007_XACT_x64.cab",195766,195766,193696,4
"58CC9F96A819A29FAAE7E1B553ABB23CBCE1D05C","Tools\DirectX\APR2007_XACT_x86.cab",151225,151225,149126,4
"58CC9F96A819A29FAAE7E1B553ABB23CBCE1D05C","Tools\DirectX\APR2007_xinput_x64.cab",96817,96817,94650,4
"58CC9F96A819A29FAAE7E1B553ABB23CBCE1D05C","Tools\DirectX\APR2007_xinput_x86.cab",53302,53302,51111,4
"58CC9F96A819A29FAAE7E1B553ABB23CBCE1D05C","Tools\DirectX\Aug2005_d3dx9_27_x64.cab",1350542,1350542,1348487,4
"58CC9F96A819A29FAAE7E1B553ABB23CBCE1D05C","Tools\DirectX\Aug2005_d3dx9_27_x86.cab",1077644,1077644,1072829,4
"58CC9F96A819A29FAAE7E1B553ABB23CBCE1D05C","Tools\DirectX\AUG2006_XACT_x64.cab",182903,182903,180849,4
"58CC9F96A819A29FAAE7E1B553ABB23CBCE1D05C","Tools\DirectX\AUG2006_XACT_x86.cab",137235,137235,135125,4
"58CC9F96A819A29FAAE7E1B553ABB23CBCE1D05C","Tools\DirectX\AUG2006_xinput_x64.cab",87142,87142,85003,4
"58CC9F96A819A29FAAE7E1B553ABB23CBCE1D05C","Tools\DirectX\AUG2006_xinput_x86.cab",46058,46058,43898,4
"58CC9F96A819A29FAAE7E1B553ABB23CBCE1D05C","Tools\DirectX\AUG2007_d3dx10_35_x64.cab",852286,852286,850191,4
"58CC9F96A819A29FAAE7E1B553ABB23CBCE1D05C","Tools\DirectX\AUG2007_d3dx10_35_x86.cab",796867,796867,794261,4
"58CC9F96A819A29FAAE7E1B553ABB23CBCE1D05C","Tools\DirectX\AUG2007_d3dx9_35_x64.cab",1800160,1800160,1797966,4
"58CC9F96A819A29FAAE7E1B553ABB23CBCE1D05C","Tools\DirectX\AUG2007_d3dx9_35_x86.cab",1708152,1708152,1703093,4
"58CC9F96A819A29FAAE7E1B553ABB23CBCE1D05C","Tools\DirectX\AUG2007_XACT_x64.cab",198096,198096,196036,4
"58CC9F96A819A29FAAE7E1B553ABB23CBCE1D05C","Tools\DirectX\AUG2007_XACT_x86.cab",153012,153012,150926,4
"58CC9F96A819A29FAAE7E1B553ABB23CBCE1D05C","Tools\DirectX\Aug2008_d3dx10_39_x64.cab",867612,867612,864799,4
"58CC9F96A819A29FAAE7E1B553ABB23CBCE1D05C","Tools\DirectX\Aug2008_d3dx10_39_x86.cab",849167,849167,846363,4
"58CC9F96A819A29FAAE7E1B553ABB23CBCE1D05C","Tools\DirectX\Aug2008_d3dx9_39_x64.cab",1794084,1794084,1790641,4
"58CC9F96A819A29FAAE7E1B553ABB23CBCE1D05C","Tools\DirectX\Aug2008_d3dx9_39_x86.cab",1464672,1464672,1462596,4
"58CC9F96A819A29FAAE7E1B553ABB23CBCE1D05C","Tools\DirectX\Aug2008_XACT_x64.cab",121772,121772,119651,4
"58CC9F96A819A29FAAE7E1B553ABB23CBCE1D05C","Tools\DirectX\Aug2008_XACT_x86.cab",92996,92996,90824,4
"58CC9F96A819A29FAAE7E1B553ABB23CBCE1D05C","Tools\DirectX\Aug2008_XAudio_x64.cab",271412,271412,269314,4
"58CC9F96A819A29FAAE7E1B553ABB23CBCE1D05C","Tools\DirectX\Aug2008_XAudio_x86.cab",271038,271038,268891,4
"58CC9F96A819A29FAAE7E1B553ABB23CBCE1D05C","Tools\DirectX\Aug2009_D3DCompiler_42_x64.cab",919044,919044,911897,4
"58CC9F96A819A29FAAE7E1B553ABB23CBCE1D05C","Tools\DirectX\Aug2009_D3DCompiler_42_x86.cab",900598,900598,895301,4
"58CC9F96A819A29FAAE7E1B553ABB23CBCE1D05C","Tools\DirectX\Aug2009_d3dcsx_42_x64.cab",3112111,3112111,3109978,4
"58CC9F96A819A29FAAE7E1B553ABB23CBCE1D05C","Tools\DirectX\Aug2009_d3dcsx_42_x86.cab",3319740,3319740,3315648,4
"58CC9F96A819A29FAAE7E1B553ABB23CBCE1D05C","Tools\DirectX\Aug2009_d3dx10_42_x64.cab",232635,232635,230581,4
"58CC9F96A819A29FAAE7E1B553ABB23CBCE1D05C","Tools\DirectX\Aug2009_d3dx10_42_x86.cab",192131,192131,190003,4
"58CC9F96A819A29FAAE7E1B553ABB23CBCE1D05C","Tools\DirectX\Aug2009_d3dx11_42_x64.cab",136301,136301,134308,4
"58CC9F96A819A29FAAE7E1B553ABB23CBCE1D05C","Tools\DirectX\Aug2009_d3dx11_42_x86.cab",105044,105044,102815,4
"58CC9F96A819A29FAAE7E1B553ABB23CBCE1D05C","Tools\DirectX\Aug2009_d3dx9_42_x64.cab",930116,930116,927088,4
"58CC9F96A819A29FAAE7E1B553ABB23CBCE1D05C","Tools\DirectX\Aug2009_d3dx9_42_x86.cab",728456,728456,725096,4
"58CC9F96A819A29FAAE7E1B553ABB23CBCE1D05C","Tools\DirectX\Aug2009_XACT_x64.cab",122408,122408,120284,4
"58CC9F96A819A29FAAE7E1B553ABB23CBCE1D05C","Tools\DirectX\Aug2009_XACT_x86.cab",93106,93106,90971,4
"58CC9F96A819A29FAAE7E1B553ABB23CBCE1D05C","Tools\DirectX\Aug2009_XAudio_x64.cab",273264,273264,271171,4
"58CC9F96A819A29FAAE7E1B553ABB23CBCE1D05C","Tools\DirectX\Aug2009_XAudio_x86.cab",272642,272642,270536,4
"58CC9F96A819A29FAAE7E1B553ABB23CBCE1D05C","Tools\DirectX\Dec2005_d3dx9_28_x64.cab",1357976,1357976,1355322,4
"58CC9F96A819A29FAAE7E1B553ABB23CBCE1D05C","Tools\DirectX\Dec2005_d3dx9_28_x86.cab",1079456,1079456,1074608,4
"58CC9F96A819A29FAAE7E1B553ABB23CBCE1D05C","Tools\DirectX\DEC2006_d3dx10_00_x64.cab",212807,212807,210722,4
"58CC9F96A819A29FAAE7E1B553ABB23CBCE1D05C","Tools\DirectX\DEC2006_d3dx10_00_x86.cab",191720,191720,189577,4
"58CC9F96A819A29FAAE7E1B553ABB23CBCE1D05C","Tools\DirectX\DEC2006_d3dx9_32_x64.cab",1571154,1571154,1568399,4
"58CC9F96A819A29FAAE7E1B553ABB23CBCE1D05C","Tools\DirectX\DEC2006_d3dx9_32_x86.cab",1574376,1574376,1569491,4
"58CC9F96A819A29FAAE7E1B553ABB23CBCE1D05C","Tools\DirectX\DEC2006_XACT_x64.cab",192475,192475,190396,4
"58CC9F96A819A29FAAE7E1B553ABB23CBCE1D05C","Tools\DirectX\DEC2006_XACT_x86.cab",145599,145599,143505,4
"58CC9F96A819A29FAAE7E1B553ABB23CBCE1D05C","Tools\DirectX\DSETUP.dll",95576,95576,47074,4
"58CC9F96A819A29FAAE7E1B553ABB23CBCE1D05C","Tools\DirectX\dsetup32.dll",1566040,1566040,115892,4
"58CC9F96A819A29FAAE7E1B553ABB23CBCE1D05C","Tools\DirectX\dxdllreg_x86.cab",44624,44624,42482,4
"58CC9F96A819A29FAAE7E1B553ABB23CBCE1D05C","Tools\DirectX\DXSETUP.exe",517976,517976,101701,4
"58CC9F96A819A29FAAE7E1B553ABB23CBCE1D05C","Tools\DirectX\dxupdate.cab",97152,97152,94901,4
"58CC9F96A819A29FAAE7E1B553ABB23CBCE1D05C","Tools\DirectX\Feb2005_d3dx9_24_x64.cab",1247499,1247499,1244922,4
"58CC9F96A819A29FAAE7E1B553ABB23CBCE1D05C","Tools\DirectX\Feb2005_d3dx9_24_x86.cab",1013225,1013225,1008342,4
"58CC9F96A819A29FAAE7E1B553ABB23CBCE1D05C","Tools\DirectX\Feb2006_d3dx9_29_x64.cab",1362796,1362796,1360185,4
"58CC9F96A819A29FAAE7E1B553ABB23CBCE1D05C","Tools\DirectX\Feb2006_d3dx9_29_x86.cab",1084720,1084720,1079685,4
"58CC9F96A819A29FAAE7E1B553ABB23CBCE1D05C","Tools\DirectX\Feb2006_XACT_x64.cab",178359,178359,176285,4
"58CC9F96A819A29FAAE7E1B553ABB23CBCE1D05C","Tools\DirectX\Feb2006_XACT_x86.cab",132409,132409,130142,4
"58CC9F96A819A29FAAE7E1B553ABB23CBCE1D05C","Tools\DirectX\FEB2007_XACT_x64.cab",194675,194675,192610,4
"58CC9F96A819A29FAAE7E1B553ABB23CBCE1D05C","Tools\DirectX\FEB2007_XACT_x86.cab",147983,147983,145887,4
"58CC9F96A819A29FAAE7E1B553ABB23CBCE1D05C","Tools\DirectX\Feb2010_X3DAudio_x64.cab",54678,54678,52477,4
"58CC9F96A819A29FAAE7E1B553ABB23CBCE1D05C","Tools\DirectX\Feb2010_X3DAudio_x86.cab",20713,20713,18464,4
"58CC9F96A819A29FAAE7E1B553ABB23CBCE1D05C","Tools\DirectX\Feb2010_XACT_x64.cab",122446,122446,120323,4
"58CC9F96A819A29FAAE7E1B553ABB23CBCE1D05C","Tools\DirectX\Feb2010_XACT_x86.cab",93180,93180,91043,4
"58CC9F96A819A29FAAE7E1B553ABB23CBCE1D05C","Tools\DirectX\Feb2010_XAudio_x64.cab",276960,276960,274871,4
"58CC9F96A819A29FAAE7E1B553ABB23CBCE1D05C","Tools\DirectX\Feb2010_XAudio_x86.cab",277191,277191,275079,4
"58CC9F96A819A29FAAE7E1B553ABB23CBCE1D05C","Tools\DirectX\Jun2005_d3dx9_26_x64.cab",1336002,1336002,1333316,4
"58CC9F96A819A29FAAE7E1B553ABB23CBCE1D05C","Tools\DirectX\Jun2005_d3dx9_26_x86.cab",1064925,1064925,1059886,4
"58CC9F96A819A29FAAE7E1B553ABB23CBCE1D05C","Tools\DirectX\JUN2006_XACT_x64.cab",180785,180785,178734,4
"58CC9F96A819A29FAAE7E1B553ABB23CBCE1D05C","Tools\DirectX\JUN2006_XACT_x86.cab",133671,133671,131426,4
"58CC9F96A819A29FAAE7E1B553ABB23CBCE1D05C","Tools\DirectX\JUN2007_d3dx10_34_x64.cab",699044,699044,696968,4
"58CC9F96A819A29FAAE7E1B553ABB23CBCE1D05C","Tools\DirectX\JUN2007_d3dx10_34_x86.cab",698472,698472,696399,4
"58CC9F96A819A29FAAE7E1B553ABB23CBCE1D05C","Tools\DirectX\JUN2007_d3dx9_34_x64.cab",1607774,1607774,1605070,4
"58CC9F96A819A29FAAE7E1B553ABB23CBCE1D05C","Tools\DirectX\JUN2007_d3dx9_34_x86.cab",1607286,1607286,1602095,4
"58CC9F96A819A29FAAE7E1B553ABB23CBCE1D05C","Tools\DirectX\JUN2007_XACT_x64.cab",197122,197122,195038,4
"58CC9F96A819A29FAAE7E1B553ABB23CBCE1D05C","Tools\DirectX\JUN2007_XACT_x86.cab",152909,152909,150823,4
"58CC9F96A819A29FAAE7E1B553ABB23CBCE1D05C","Tools\DirectX\JUN2008_d3dx10_38_x64.cab",867828,867828,865090,4
"58CC9F96A819A29FAAE7E1B553ABB23CBCE1D05C","Tools\DirectX\JUN2008_d3dx10_38_x86.cab",849919,849919,847157,4
"58CC9F96A819A29FAAE7E1B553ABB23CBCE1D05C","Tools\DirectX\JUN2008_d3dx9_38_x64.cab",1792608,1792608,1789141,4
"58CC9F96A819A29FAAE7E1B553ABB23CBCE1D05C","Tools\DirectX\JUN2008_d3dx9_38_x86.cab",1463878,1463878,1460619,4
"58CC9F96A819A29FAAE7E1B553ABB23CBCE1D05C","Tools\DirectX\JUN2008_X3DAudio_x64.cab",55154,55154,52952,4
"58CC9F96A819A29FAAE7E1B553ABB23CBCE1D05C","Tools\DirectX\JUN2008_X3DAudio_x86.cab",21905,21905,19681,4
"58CC9F96A819A29FAAE7E1B553ABB23CBCE1D05C","Tools\DirectX\JUN2008_XACT_x64.cab",121054,121054,118920,4
"58CC9F96A819A29FAAE7E1B553ABB23CBCE1D05C","Tools\DirectX\JUN2008_XACT_x86.cab",93128,93128,90976,4
"58CC9F96A819A29FAAE7E1B553ABB23CBCE1D05C","Tools\DirectX\JUN2008_XAudio_x64.cab",269628,269628,267524,4
"58CC9F96A819A29FAAE7E1B553ABB23CBCE1D05C","Tools\DirectX\JUN2008_XAudio_x86.cab",269024,269024,266917,4
"58CC9F96A819A29FAAE7E1B553ABB23CBCE1D05C","Tools\DirectX\Jun2010_D3DCompiler_43_x64.cab",944460,944460,942381,4
"58CC9F96A819A29FAAE7E1B553ABB23CBCE1D05C","Tools\DirectX\Jun2010_D3DCompiler_43_x86.cab",931471,931471,928562,4
"58CC9F96A819A29FAAE7E1B553ABB23CBCE1D05C","Tools\DirectX\Jun2010_d3dcsx_43_x64.cab",752783,752783,748290,4
"58CC9F96A819A29FAAE7E1B553ABB23CBCE1D05C","Tools\DirectX\Jun2010_d3dcsx_43_x86.cab",762188,762188,752535,4
"58CC9F96A819A29FAAE7E1B553ABB23CBCE1D05C","Tools\DirectX\Jun2010_d3dx10_43_x64.cab",235955,235955,233866,4
"58CC9F96A819A29FAAE7E1B553ABB23CBCE1D05C","Tools\DirectX\Jun2010_d3dx10_43_x86.cab",197283,197283,195103,4
"58CC9F96A819A29FAAE7E1B553ABB23CBCE1D05C","Tools\DirectX\Jun2010_d3dx11_43_x64.cab",138205,138205,136096,4
"58CC9F96A819A29FAAE7E1B553ABB23CBCE1D05C","Tools\DirectX\Jun2010_d3dx11_43_x86.cab",109445,109445,107204,4
"58CC9F96A819A29FAAE7E1B553ABB23CBCE1D05C","Tools\DirectX\Jun2010_d3dx9_43_x64.cab",937246,937246,934422,4
"58CC9F96A819A29FAAE7E1B553ABB23CBCE1D05C","Tools\DirectX\Jun2010_d3dx9_43_x86.cab",768036,768036,764920,4
"58CC9F96A819A29FAAE7E1B553ABB23CBCE1D05C","Tools\DirectX\Jun2010_XACT_x64.cab",124596,124596,122473,4
"58CC9F96A819A29FAAE7E1B553ABB23CBCE1D05C","Tools\DirectX\Jun2010_XACT_x86.cab",93686,93686,91545,4
"58CC9F96A819A29FAAE7E1B553ABB23CBCE1D05C","Tools\DirectX\Jun2010_XAudio_x64.cab",277338,277338,275253,4
"58CC9F96A819A29FAAE7E1B553ABB23CBCE1D05C","Tools\DirectX\Jun2010_XAudio_x86.cab",278060,278060,275939,4
"58CC9F96A819A29FAAE7E1B553ABB23CBCE1D05C","Tools\DirectX\Mar2008_d3dx10_37_x64.cab",844884,844884,842194,4
"58CC9F96A819A29FAAE7E1B553ABB23CBCE1D05C","Tools\DirectX\Mar2008_d3dx10_37_x86.cab",818260,818260,815183,4
"58CC9F96A819A29FAAE7E1B553ABB23CBCE1D05C","Tools\DirectX\Mar2008_d3dx9_37_x64.cab",1769862,1769862,1766187,4
"58CC9F96A819A29FAAE7E1B553ABB23CBCE1D05C","Tools\DirectX\Mar2008_d3dx9_37_x86.cab",1443282,1443282,1439864,4
"58CC9F96A819A29FAAE7E1B553ABB23CBCE1D05C","Tools\DirectX\Mar2008_X3DAudio_x64.cab",55058,55058,52851,4
"58CC9F96A819A29FAAE7E1B553ABB23CBCE1D05C","Tools\DirectX\Mar2008_X3DAudio_x86.cab",21867,21867,19616,4
"58CC9F96A819A29FAAE7E1B553ABB23CBCE1D05C","Tools\DirectX\Mar2008_XACT_x64.cab",122336,122336,120202,4
"58CC9F96A819A29FAAE7E1B553ABB23CBCE1D05C","Tools\DirectX\Mar2008_XACT_x86.cab",93734,93734,91589,4
"58CC9F96A819A29FAAE7E1B553ABB23CBCE1D05C","Tools\DirectX\Mar2008_XAudio_x64.cab",251194,251194,249162,4
"58CC9F96A819A29FAAE7E1B553ABB23CBCE1D05C","Tools\DirectX\Mar2008_XAudio_x86.cab",226250,226250,224152,4
"58CC9F96A819A29FAAE7E1B553ABB23CBCE1D05C","Tools\DirectX\Mar2009_d3dx10_41_x64.cab",1067160,1067160,1060563,4
"58CC9F96A819A29FAAE7E1B553ABB23CBCE1D05C","Tools\DirectX\Mar2009_d3dx10_41_x86.cab",1040745,1040745,1035703,4
"58CC9F96A819A29FAAE7E1B553ABB23CBCE1D05C","Tools\DirectX\Mar2009_d3dx9_41_x64.cab",1973702,1973702,1966092,4
"58CC9F96A819A29FAAE7E1B553ABB23CBCE1D05C","Tools\DirectX\Mar2009_d3dx9_41_x86.cab",1612446,1612446,1607990,4
"58CC9F96A819A29FAAE7E1B553ABB23CBCE1D05C","Tools\DirectX\Mar2009_X3DAudio_x64.cab",54600,54600,52391,4
"58CC9F96A819A29FAAE7E1B553ABB23CBCE1D05C","Tools\DirectX\Mar2009_X3DAudio_x86.cab",21298,21298,19078,4
"58CC9F96A819A29FAAE7E1B553ABB23CBCE1D05C","Tools\DirectX\Mar2009_XACT_x64.cab",121506,121506,119420,4
"58CC9F96A819A29FAAE7E1B553ABB23CBCE1D05C","Tools\DirectX\Mar2009_XACT_x86.cab",92740,92740,90591,4
"58CC9F96A819A29FAAE7E1B553ABB23CBCE1D05C","Tools\DirectX\Mar2009_XAudio_x64.cab",275044,275044,272953,4
"58CC9F96A819A29FAAE7E1B553ABB23CBCE1D05C","Tools\DirectX\Mar2009_XAudio_x86.cab",273018,273018,270882,4
"58CC9F96A819A29FAAE7E1B553ABB23CBCE1D05C","Tools\DirectX\Nov2007_d3dx10_36_x64.cab",864600,864600,862545,4
"58CC9F96A819A29FAAE7E1B553ABB23CBCE1D05C","Tools\DirectX\Nov2007_d3dx10_36_x86.cab",803884,803884,801800,4
"58CC9F96A819A29FAAE7E1B553ABB23CBCE1D05C","Tools\DirectX\Nov2007_d3dx9_36_x64.cab",1802058,1802058,1799814,4
"58CC9F96A819A29FAAE7E1B553ABB23CBCE1D05C","Tools\DirectX\Nov2007_d3dx9_36_x86.cab",1709360,1709360,1704019,4
"58CC9F96A819A29FAAE7E1B553ABB23CBCE1D05C","Tools\DirectX\NOV2007_X3DAudio_x64.cab",46144,46144,43941,4
"58CC9F96A819A29FAAE7E1B553ABB23CBCE1D05C","Tools\DirectX\NOV2007_X3DAudio_x86.cab",18496,18496,16258,4
"58CC9F96A819A29FAAE7E1B553ABB23CBCE1D05C","Tools\DirectX\NOV2007_XACT_x64.cab",196762,196762,194700,4
"58CC9F96A819A29FAAE7E1B553ABB23CBCE1D05C","Tools\DirectX\NOV2007_XACT_x86.cab",148264,148264,146169,4
"58CC9F96A819A29FAAE7E1B553ABB23CBCE1D05C","Tools\DirectX\Nov2008_d3dx10_40_x64.cab",994154,994154,988636,4
"58CC9F96A819A29FAAE7E1B553ABB23CBCE1D05C","Tools\DirectX\Nov2008_d3dx10_40_x86.cab",965421,965421,961167,4
"58CC9F96A819A29FAAE7E1B553ABB23CBCE1D05C","Tools\DirectX\Nov2008_d3dx9_40_x64.cab",1906878,1906878,1900499,4
"58CC9F96A819A29FAAE7E1B553ABB23CBCE1D05C","Tools\DirectX\Nov2008_d3dx9_40_x86.cab",1550796,1550796,1546785,4
"58CC9F96A819A29FAAE7E1B553ABB23CBCE1D05C","Tools\DirectX\Nov2008_X3DAudio_x64.cab",54522,54522,52317,4
"58CC9F96A819A29FAAE7E1B553ABB23CBCE1D05C","Tools\DirectX\Nov2008_X3DAudio_x86.cab",21851,21851,19598,4
"58CC9F96A819A29FAAE7E1B553ABB23CBCE1D05C","Tools\DirectX\Nov2008_XACT_x64.cab",121794,121794,119696,4
"58CC9F96A819A29FAAE7E1B553ABB23CBCE1D05C","Tools\DirectX\Nov2008_XACT_x86.cab",92684,92684,90518,4
"58CC9F96A819A29FAAE7E1B553ABB23CBCE1D05C","Tools\DirectX\Nov2008_XAudio_x64.cab",273960,273960,271856,4
"58CC9F96A819A29FAAE7E1B553ABB23CBCE1D05C","Tools\DirectX\Nov2008_XAudio_x86.cab",272611,272611,270502,4
"58CC9F96A819A29FAAE7E1B553ABB23CBCE1D05C","Tools\DirectX\Oct2005_xinput_x64.cab",86037,86037,83861,4
"58CC9F96A819A29FAAE7E1B553ABB23CBCE1D05C","Tools\DirectX\Oct2005_xinput_x86.cab",45359,45359,43194,4
"58CC9F96A819A29FAAE7E1B553ABB23CBCE1D05C","Tools\DirectX\OCT2006_d3dx9_31_x64.cab",1412902,1412902,1410210,4
"58CC9F96A819A29FAAE7E1B553ABB23CBCE1D05C","Tools\DirectX\OCT2006_d3dx9_31_x86.cab",1127217,1127217,1122040,4
"58CC9F96A819A29FAAE7E1B553ABB23CBCE1D05C","Tools\DirectX\OCT2006_XACT_x64.cab",182361,182361,180283,4
"58CC9F96A819A29FAAE7E1B553ABB23CBCE1D05C","Tools\DirectX\OCT2006_XACT_x86.cab",138017,138017,135912,4
"58CC9F96A819A29FAAE7E1B553ABB23CBCE1D05C","rogue\sdf\pc\data\sdf.sdftoc",60225240,60225240,59798871,5
"58CC9F96A819A29FAAE7E1B553ABB23CBCE1D05C","rogue\sdf\pc\data\sdf.sdfver",437,437,196,5
"58CC9F96A819A29FAAE7E1B553ABB23CBCE1D05C","rogue\sdf\pc\data\sdf-A-0000.sdfdata",67110384,67110384,55240359,5
"58CC9F96A819A29FAAE7E1B553ABB23CBCE1D05C","rogue\sdf\pc\data\sdf-A-0001.sdfdata",67110174,67110174,55237520,5
"58CC9F96A819A29FAAE7E1B553ABB23CBCE1D05C","rogue\sdf\pc\data\sdf-A-0002.sdfdata",67110563,67110563,55174463,5
"58CC9F96A819A29FAAE7E1B553ABB23CBCE1D05C","rogue\sdf\pc\data\sdf-A-0003.sdfdata",67110514,67110514,55196206,5
"58CC9F96A819A29FAAE7E1B553ABB23CBCE1D05C","rogue\sdf\pc\data\sdf-A-0004.sdfdata",26309095,26309095,21896149,5
"58CC9F96A819A29FAAE7E1B553ABB23CBCE1D05C","rogue\sdf\pc\data\sdf-A-0005.sdfdata",11084928,11084928,8515107,5
"58CC9F96A819A29FAAE7E1B553ABB23CBCE1D05C","rogue\sdf\pc\data\sdf-A-0006.sdfdata",58405,58405,52257,5
"58CC9F96A819A29FAAE7E1B553ABB23CBCE1D05C","rogue\sdf\pc\data\sdf-A-0007.sdfdata",36575655,36575655,29669387,5
"58CC9F96A819A29FAAE7E1B553ABB23CBCE1D05C","rogue\sdf\pc\data\sdf-A-0008.sdfdata",27736536,27736536,22924671,5
"58CC9F96A819A29FAAE7E1B553ABB23CBCE1D05C","rogue\sdf\pc\data\sdf-A-0010.sdfdata",67069845,67069845,46373858,5
"58CC9F96A819A29FAAE7E1B553ABB23CBCE1D05C","rogue\sdf\pc\data\sdf-A-0011.sdfdata",67039071,67039071,51078042,5
"58CC9F96A819A29FAAE7E1B553ABB23CBCE1D05C","rogue\sdf\pc\data\sdf-A-0012.sdfdata",67105616,67105616,50899955,5
"58CC9F96A819A29FAAE7E1B553ABB23CBCE1D05C","rogue\sdf\pc\data\sdf-A-0013.sdfdata",67084788,67084788,49128560,5
"58CC9F96A819A29FAAE7E1B553ABB23CBCE1D05C","rogue\sdf\pc\data\sdf-A-0014.sdfdata",65651546,65651546,56626433,5
"58CC9F96A819A29FAAE7E1B553ABB23CBCE1D05C","rogue\sdf\pc\data\sdf-A-0015.sdfdata",64233465,64233465,59611669,5
"58CC9F96A819A29FAAE7E1B553ABB23CBCE1D05C","rogue\sdf\pc\data\sdf-A-0016.sdfdata",66664268,66664268,62597709,5
"58CC9F96A819A29FAAE7E1B553ABB23CBCE1D05C","rogue\sdf\pc\data\sdf-A-0017.sdfdata",66363398,66363398,62504230,5
"58CC9F96A819A29FAAE7E1B553ABB23CBCE1D05C","rogue\sdf\pc\data\sdf-A-0018.sdfdata",65408488,65408488,58663230,5
"58CC9F96A819A29FAAE7E1B553ABB23CBCE1D05C","rogue\sdf\pc\data\sdf-A-0019.sdfdata",67063108,67063108,63454097,5
"58CC9F96A819A29FAAE7E1B553ABB23CBCE1D05C","rogue\sdf\pc\data\sdf-A-0020.sdfdata",66907209,66907209,61932699,5
"58CC9F96A819A29FAAE7E1B553ABB23CBCE1D05C","rogue\sdf\pc\data\sdf-A-0021.sdfdata",67088052,67088052,62956926,5
"58CC9F96A819A29FAAE7E1B553ABB23CBCE1D05C","rogue\sdf\pc\data\sdf-A-0022.sdfdata",65171462,65171462,60502264,5
"58CC9F96A819A29FAAE7E1B553ABB23CBCE1D05C","rogue\sdf\pc\data\sdf-A-0023.sdfdata",65712705,65712705,61180141,5
"58CC9F96A819A29FAAE7E1B553ABB23CBCE1D05C","rogue\sdf\pc\data\sdf-A-0024.sdfdata",66786480,66786480,58848230,5
"58CC9F96A819A29FAAE7E1B553ABB23CBCE1D05C","rogue\sdf\pc\data\sdf-A-0025.sdfdata",64987248,64987248,61294543,5
"58CC9F96A819A29FAAE7E1B553ABB23CBCE1D05C","rogue\sdf\pc\data\sdf-A-0026.sdfdata",66155117,66155117,58573323,5
"58CC9F96A819A29FAAE7E1B553ABB23CBCE1D05C","rogue\sdf\pc\data\sdf-A-0027.sdfdata",65232220,65232220,61815580,5
"58CC9F96A819A29FAAE7E1B553ABB23CBCE1D05C","rogue\sdf\pc\data\sdf-A-0028.sdfdata",66784018,66784018,59533659,5
"58CC9F96A819A29FAAE7E1B553ABB23CBCE1D05C","rogue\sdf\pc\data\sdf-A-0029.sdfdata",66923186,66923186,62182128,5
"58CC9F96A819A29FAAE7E1B553ABB23CBCE1D05C","rogue\sdf\pc\data\sdf-A-0030.sdfdata",67045152,67045152,61523891,5
"58CC9F96A819A29FAAE7E1B553ABB23CBCE1D05C","rogue\sdf\pc\data\sdf-A-0031.sdfdata",63025295,63025295,59396123,5
"58CC9F96A819A29FAAE7E1B553ABB23CBCE1D05C","rogue\sdf\pc\data\sdf-A-0032.sdfdata",65386868,65386868,60209532,5
"58CC9F96A819A29FAAE7E1B553ABB23CBCE1D05C","rogue\sdf\pc\data\sdf-A-0033.sdfdata",66709261,66709261,59507474,5
"58CC9F96A819A29FAAE7E1B553ABB23CBCE1D05C","rogue\sdf\pc\data\sdf-A-0034.sdfdata",66425934,66425934,63439945,5
"58CC9F96A819A29FAAE7E1B553ABB23CBCE1D05C","rogue\sdf\pc\data\sdf-A-0035.sdfdata",66133970,66133970,59173166,5
"58CC9F96A819A29FAAE7E1B553ABB23CBCE1D05C","rogue\sdf\pc\data\sdf-A-0036.sdfdata",66729650,66729650,60236933,5
"58CC9F96A819A29FAAE7E1B553ABB23CBCE1D05C","rogue\sdf\pc\data\sdf-A-0037.sdfdata",64623678,64623678,59405484,5
"58CC9F96A819A29FAAE7E1B553ABB23CBCE1D05C","rogue\sdf\pc\data\sdf-A-0038.sdfdata",63267860,63267860,55953701,5
"58CC9F96A819A29FAAE7E1B553ABB23CBCE1D05C","rogue\sdf\pc\data\sdf-A-0039.sdfdata",65735526,65735526,60712393,5
"58CC9F96A819A29FAAE7E1B553ABB23CBCE1D05C","rogue\sdf\pc\data\sdf-A-0040.sdfdata",66425502,66425502,62993916,5
"58CC9F96A819A29FAAE7E1B553ABB23CBCE1D05C","rogue\sdf\pc\data\sdf-A-0041.sdfdata",67051068,67051068,59491178,5
"58CC9F96A819A29FAAE7E1B553ABB23CBCE1D05C","rogue\sdf\pc\data\sdf-A-0042.sdfdata",67076545,67076545,61873053,5
"58CC9F96A819A29FAAE7E1B553ABB23CBCE1D05C","rogue\sdf\pc\data\sdf-A-0043.sdfdata",66206978,66206978,61665263,5
"58CC9F96A819A29FAAE7E1B553ABB23CBCE1D05C","rogue\sdf\pc\data\sdf-A-0044.sdfdata",66891743,66891743,63404353,5
"58CC9F96A819A29FAAE7E1B553ABB23CBCE1D05C","rogue\sdf\pc\data\sdf-A-0045.sdfdata",66690710,66690710,63824647,5
"58CC9F96A819A29FAAE7E1B553ABB23CBCE1D05C","rogue\sdf\pc\data\sdf-A-0046.sdfdata",66864165,66864165,62971981,5
"58CC9F96A819A29FAAE7E1B553ABB23CBCE1D05C","rogue\sdf\pc\data\sdf-A-0047.sdfdata",66553928,66553928,59052023,5
"58CC9F96A819A29FAAE7E1B553ABB23CBCE1D05C","rogue\sdf\pc\data\sdf-A-0048.sdfdata",66276938,66276938,61726803,5
"58CC9F96A819A29FAAE7E1B553ABB23CBCE1D05C","rogue\sdf\pc\data\sdf-A-0049.sdfdata",66945398,66945398,64132435,5
"58CC9F96A819A29FAAE7E1B553ABB23CBCE1D05C","rogue\sdf\pc\data\sdf-A-0050.sdfdata",66736741,66736741,62324766,5
"58CC9F96A819A29FAAE7E1B553ABB23CBCE1D05C","rogue\sdf\pc\data\sdf-A-0051.sdfdata",63733101,63733101,61050326,5
"58CC9F96A819A29FAAE7E1B553ABB23CBCE1D05C","rogue\sdf\pc\data\sdf-A-0052.sdfdata",66238154,66238154,63852876,5
"58CC9F96A819A29FAAE7E1B553ABB23CBCE1D05C","rogue\sdf\pc\data\sdf-A-0053.sdfdata",67017933,67017933,61646130,5
"58CC9F96A819A29FAAE7E1B553ABB23CBCE1D05C","rogue\sdf\pc\data\sdf-A-0054.sdfdata",64981558,64981558,62425615,5
"58CC9F96A819A29FAAE7E1B553ABB23CBCE1D05C","rogue\sdf\pc\data\sdf-A-0055.sdfdata",66112410,66112410,62464342,5
"58CC9F96A819A29FAAE7E1B553ABB23CBCE1D05C","rogue\sdf\pc\data\sdf-A-0056.sdfdata",66695404,66695404,63725341,5
"58CC9F96A819A29FAAE7E1B553ABB23CBCE1D05C","rogue\sdf\pc\data\sdf-A-0057.sdfdata",64862176,64862176,61936590,5
"58CC9F96A819A29FAAE7E1B553ABB23CBCE1D05C","rogue\sdf\pc\data\sdf-A-0058.sdfdata",65768720,65768720,62545438,5
"58CC9F96A819A29FAAE7E1B553ABB23CBCE1D05C","rogue\sdf\pc\data\sdf-A-0059.sdfdata",65816885,65816885,61662242,5
"58CC9F96A819A29FAAE7E1B553ABB23CBCE1D05C","rogue\sdf\pc\data\sdf-A-0060.sdfdata",66628324,66628324,61125679,5
"58CC9F96A819A29FAAE7E1B553ABB23CBCE1D05C","rogue\sdf\pc\data\sdf-A-0061.sdfdata",65290348,65290348,60655292,5
"58CC9F96A819A29FAAE7E1B553ABB23CBCE1D05C","rogue\sdf\pc\data\sdf-A-0062.sdfdata",66087671,66087671,58810757,5
"58CC9F96A819A29FAAE7E1B553ABB23CBCE1D05C","rogue\sdf\pc\data\sdf-A-0063.sdfdata",66081300,66081300,60377215,5
"58CC9F96A819A29FAAE7E1B553ABB23CBCE1D05C","rogue\sdf\pc\data\sdf-A-0064.sdfdata",66056543,66056543,60722732,5
"58CC9F96A819A29FAAE7E1B553ABB23CBCE1D05C","rogue\sdf\pc\data\sdf-A-0065.sdfdata",65909024,65909024,60220251,5
"58CC9F96A819A29FAAE7E1B553ABB23CBCE1D05C","rogue\sdf\pc\data\sdf-A-0066.sdfdata",67043282,67043282,61629559,5
"58CC9F96A819A29FAAE7E1B553ABB23CBCE1D05C","rogue\sdf\pc\data\sdf-A-0067.sdfdata",68303980,68303980,62027266,5
"58CC9F96A819A29FAAE7E1B553ABB23CBCE1D05C","rogue\sdf\pc\data\sdf-A-0068.sdfdata",66488486,66488486,57045606,5
"58CC9F96A819A29FAAE7E1B553ABB23CBCE1D05C","rogue\sdf\pc\data\sdf-A-0069.sdfdata",65695018,65695018,56726592,5
"58CC9F96A819A29FAAE7E1B553ABB23CBCE1D05C","rogue\sdf\pc\data\sdf-A-0070.sdfdata",65929420,65929420,56785056,5
"58CC9F96A819A29FAAE7E1B553ABB23CBCE1D05C","rogue\sdf\pc\data\sdf-A-0071.sdfdata",63576463,63576463,55822668,5
"58CC9F96A819A29FAAE7E1B553ABB23CBCE1D05C","rogue\sdf\pc\data\sdf-A-0072.sdfdata",65676632,65676632,58047194,5
"58CC9F96A819A29FAAE7E1B553ABB23CBCE1D05C","rogue\sdf\pc\data\sdf-A-0073.sdfdata",64044931,64044931,56329677,5
"58CC9F96A819A29FAAE7E1B553ABB23CBCE1D05C","rogue\sdf\pc\data\sdf-A-0074.sdfdata",64406845,64406845,56077471,5
"58CC9F96A819A29FAAE7E1B553ABB23CBCE1D05C","rogue\sdf\pc\data\sdf-A-0075.sdfdata",64392275,64392275,55718145,5
"58CC9F96A819A29FAAE7E1B553ABB23CBCE1D05C","rogue\sdf\pc\data\sdf-A-0076.sdfdata",67104627,67104627,42204587,5
"58CC9F96A819A29FAAE7E1B553ABB23CBCE1D05C","rogue\sdf\pc\data\sdf-A-0077.sdfdata",67106247,67106247,56827100,5
"58CC9F96A819A29FAAE7E1B553ABB23CBCE1D05C","rogue\sdf\pc\data\sdf-A-0078.sdfdata",66966649,66966649,57850415,5
"58CC9F96A819A29FAAE7E1B553ABB23CBCE1D05C","rogue\sdf\pc\data\sdf-A-0079.sdfdata",66204108,66204108,51934702,5
"58CC9F96A819A29FAAE7E1B553ABB23CBCE1D05C","rogue\sdf\pc\data\sdf-A-0080.sdfdata",66800050,66800050,46863456,5
"58CC9F96A819A29FAAE7E1B553ABB23CBCE1D05C","rogue\sdf\pc\data\sdf-A-0081.sdfdata",66607668,66607668,44933534,5
"58CC9F96A819A29FAAE7E1B553ABB23CBCE1D05C","rogue\sdf\pc\data\sdf-A-0082.sdfdata",67081608,67081608,40758204,5
"58CC9F96A819A29FAAE7E1B553ABB23CBCE1D05C","rogue\sdf\pc\data\sdf-A-0083.sdfdata",66378699,66378699,53933383,5
"58CC9F96A819A29FAAE7E1B553ABB23CBCE1D05C","rogue\sdf\pc\data\sdf-A-0084.sdfdata",67315882,67315882,62331301,5
"58CC9F96A819A29FAAE7E1B553ABB23CBCE1D05C","rogue\sdf\pc\data\sdf-A-0085.sdfdata",66274360,66274360,63979229,5
"58CC9F96A819A29FAAE7E1B553ABB23CBCE1D05C","rogue\sdf\pc\data\sdf-A-0086.sdfdata",67084849,67084849,63900401,5
"58CC9F96A819A29FAAE7E1B553ABB23CBCE1D05C","rogue\sdf\pc\data\sdf-A-0087.sdfdata",66414764,66414764,62112243,5
"58CC9F96A819A29FAAE7E1B553ABB23CBCE1D05C","rogue\sdf\pc\data\sdf-A-0088.sdfdata",67391489,67391489,62510796,5
"58CC9F96A819A29FAAE7E1B553ABB23CBCE1D05C","rogue\sdf\pc\data\sdf-A-0089.sdfdata",59603967,59603967,49174973,5
"58CC9F96A819A29FAAE7E1B553ABB23CBCE1D05C","rogue\sdf\pc\data\sdf-A-0090.sdfdata",67103447,67103447,60221627,5
"58CC9F96A819A29FAAE7E1B553ABB23CBCE1D05C","rogue\sdf\pc\data\sdf-A-0091.sdfdata",63628258,63628258,34838107,5
"58CC9F96A819A29FAAE7E1B553ABB23CBCE1D05C","rogue\sdf\pc\data\sdf-A-0092.sdfdata",56541544,56541544,53201526,5
"58CC9F96A819A29FAAE7E1B553ABB23CBCE1D05C","rogue\sdf\pc\data\sdf-A-0093.sdfdata",57174124,57174124,54945405,5
"58CC9F96A819A29FAAE7E1B553ABB23CBCE1D05C","rogue\sdf\pc\data\sdf-A-0094.sdfdata",63749160,63749160,61664828,5
"58CC9F96A819A29FAAE7E1B553ABB23CBCE1D05C","rogue\sdf\pc\data\sdf-A-0095.sdfdata",21456212,21456212,20868542,5
"58CC9F96A819A29FAAE7E1B553ABB23CBCE1D05C","rogue\sdf\pc\data\sdf-A-0096.sdfdata",50916444,50916444,46097634,5
"58CC9F96A819A29FAAE7E1B553ABB23CBCE1D05C","rogue\sdf\pc\data\sdf-A-0097.sdfdata",56270504,56270504,49043433,5
"58CC9F96A819A29FAAE7E1B553ABB23CBCE1D05C","rogue\sdf\pc\data\sdf-A-0098.sdfdata",50654104,50654104,50190590,5
"58CC9F96A819A29FAAE7E1B553ABB23CBCE1D05C","rogue\sdf\pc\data\sdf-A-0099.sdfdata",68227216,68227216,67622140,5
"58CC9F96A819A29FAAE7E1B553ABB23CBCE1D05C","rogue\sdf\pc\data\sdf-A-0100.sdfdata",75213408,75213408,74895989,5
"58CC9F96A819A29FAAE7E1B553ABB23CBCE1D05C","rogue\sdf\pc\data\sdf-A-0101.sdfdata",27851428,27851428,26975067,5
"58CC9F96A819A29FAAE7E1B553ABB23CBCE1D05C","rogue\sdf\pc\data\sdf-A-0102.sdfdata",209667012,209667012,117070337,5
"58CC9F96A819A29FAAE7E1B553ABB23CBCE1D05C","rogue\sdf\pc\data\sdf-A-0103.sdfdata",13031660,13031660,12278321,5
"58CC9F96A819A29FAAE7E1B553ABB23CBCE1D05C","rogue\sdf\pc\data\sdf-A-0104.sdfdata",450575260,450575260,436015169,5
"58CC9F96A819A29FAAE7E1B553ABB23CBCE1D05C","rogue\sdf\pc\data\sdf-A-0105.sdfdata",28188644,28188644,25360359,5
"58CC9F96A819A29FAAE7E1B553ABB23CBCE1D05C","rogue\sdf\pc\data\sdf-A-0106.sdfdata",52822712,52822712,47795087,5
"58CC9F96A819A29FAAE7E1B553ABB23CBCE1D05C","rogue\sdf\pc\data\sdf-A-0107.sdfdata",67426896,67426896,65724790,5
"58CC9F96A819A29FAAE7E1B553ABB23CBCE1D05C","rogue\sdf\pc\data\sdf-A-0108.sdfdata",62031316,62031316,60500209,5
"58CC9F96A819A29FAAE7E1B553ABB23CBCE1D05C","rogue\sdf\pc\data\sdf-A-0109.sdfdata",158021596,158021596,125791378,5
"58CC9F96A819A29FAAE7E1B553ABB23CBCE1D05C","rogue\sdf\pc\data\sdf-A-0110.sdfdata",54006432,54006432,48903468,5
"58CC9F96A819A29FAAE7E1B553ABB23CBCE1D05C","rogue\sdf\pc\data\sdf-A-0111.sdfdata",131990608,131990608,128196329,5
"58CC9F96A819A29FAAE7E1B553ABB23CBCE1D05C","rogue\sdf\pc\data\sdf-A-0112.sdfdata",137887760,137887760,132369202,5
"58CC9F96A819A29FAAE7E1B553ABB23CBCE1D05C","rogue\sdf\pc\data\sdf-A-0113.sdfdata",150435276,150435276,146435936,5
"58CC9F96A819A29FAAE7E1B553ABB23CBCE1D05C","rogue\sdf\pc\data\sdf-A-0114.sdfdata",46601020,46601020,42969325,5
"58CC9F96A819A29FAAE7E1B553ABB23CBCE1D05C","rogue\sdf\pc\data\sdf-A-0115.sdfdata",49600316,49600316,42937681,5
"58CC9F96A819A29FAAE7E1B553ABB23CBCE1D05C","rogue\sdf\pc\data\sdf-A-0116.sdfdata",59624812,59624812,55493902,5
"58CC9F96A819A29FAAE7E1B553ABB23CBCE1D05C","rogue\sdf\pc\data\sdf-A-0117.sdfdata",116927380,116927380,115479240,5
"58CC9F96A819A29FAAE7E1B553ABB23CBCE1D05C","rogue\sdf\pc\data\sdf-A-0118.sdfdata",51214992,51214992,48803358,5
"58CC9F96A819A29FAAE7E1B553ABB23CBCE1D05C","rogue\sdf\pc\data\sdf-A-0119.sdfdata",49154120,49154120,42543870,5
"58CC9F96A819A29FAAE7E1B553ABB23CBCE1D05C","rogue\sdf\pc\data\sdf-A-0120.sdfdata",52479912,52479912,51106463,5
"58CC9F96A819A29FAAE7E1B553ABB23CBCE1D05C","rogue\sdf\pc\data\sdf-A-0121.sdfdata",111835104,111835104,108857325,5
"58CC9F96A819A29FAAE7E1B553ABB23CBCE1D05C","rogue\sdf\pc\data\sdf-A-0122.sdfdata",133036792,133036792,129777720,5
"58CC9F96A819A29FAAE7E1B553ABB23CBCE1D05C","rogue\sdf\pc\data\sdf-A-0123.sdfdata",20848536,20848536,17975888,5
"58CC9F96A819A29FAAE7E1B553ABB23CBCE1D05C","rogue\sdf\pc\data\sdf-A-0124.sdfdata",182291452,182291452,177756829,5
"58CC9F96A819A29FAAE7E1B553ABB23CBCE1D05C","rogue\sdf\pc\data\sdf-A-0125.sdfdata",41366780,41366780,35449497,5
"58CC9F96A819A29FAAE7E1B553ABB23CBCE1D05C","rogue\sdf\pc\data\sdf-A-0126.sdfdata",300542184,300542184,300224394,5
"58CC9F96A819A29FAAE7E1B553ABB23CBCE1D05C","rogue\sdf\pc\data\sdf-A-0127.sdfdata",66568580,66568580,64991150,5
"58CC9F96A819A29FAAE7E1B553ABB23CBCE1D05C","rogue\sdf\pc\data\sdf-A-0128.sdfdata",87833032,87833032,85498025,5
"58CC9F96A819A29FAAE7E1B553ABB23CBCE1D05C","rogue\sdf\pc\data\sdf-A-0129.sdfdata",77988704,77988704,75978061,5
"58CC9F96A819A29FAAE7E1B553ABB23CBCE1D05C","rogue\sdf\pc\data\sdf-A-0130.sdfdata",38553600,38553600,38530855,5
"58CC9F96A819A29FAAE7E1B553ABB23CBCE1D05C","rogue\sdf\pc\data\sdf-A-0131.sdfdata",44838752,44838752,38612506,5
"58CC9F96A819A29FAAE7E1B553ABB23CBCE1D05C","rogue\sdf\pc\data\sdf-A-0132.sdfdata",42071308,42071308,36093007,5
"58CC9F96A819A29FAAE7E1B553ABB23CBCE1D05C","rogue\sdf\pc\data\sdf-A-0133.sdfdata",38453744,38453744,32802785,5
"58CC9F96A819A29FAAE7E1B553ABB23CBCE1D05C","rogue\sdf\pc\data\sdf-A-0134.sdfdata",55484372,55484372,48329780,5
"58CC9F96A819A29FAAE7E1B553ABB23CBCE1D05C","rogue\sdf\pc\data\sdf-A-0135.sdfdata",26702940,26702940,25958276,5
"58CC9F96A819A29FAAE7E1B553ABB23CBCE1D05C","rogue\sdf\pc\data\sdf-A-0136.sdfdata",87779536,87779536,85669152,5
"58CC9F96A819A29FAAE7E1B553ABB23CBCE1D05C","rogue\sdf\pc\data\sdf-A-0137.sdfdata",54735268,54735268,47647041,5
"58CC9F96A819A29FAAE7E1B553ABB23CBCE1D05C","rogue\sdf\pc\data\sdf-A-0138.sdfdata",274248692,274248692,266868026,5
"58CC9F96A819A29FAAE7E1B553ABB23CBCE1D05C","rogue\sdf\pc\data\sdf-A-0139.sdfdata",92780756,92780756,90381739,5
"58CC9F96A819A29FAAE7E1B553ABB23CBCE1D05C","rogue\sdf\pc\data\sdf-A-0140.sdfdata",38030876,38030876,37161332,5
"58CC9F96A819A29FAAE7E1B553ABB23CBCE1D05C","rogue\sdf\pc\data\sdf-A-0141.sdfdata",172455092,172455092,167403293,5
"58CC9F96A819A29FAAE7E1B553ABB23CBCE1D05C","rogue\sdf\pc\data\sdf-A-0142.sdfdata",52276300,52276300,51037538,5
"58CC9F96A819A29FAAE7E1B553ABB23CBCE1D05C","rogue\sdf\pc\data\sdf-A-0143.sdfdata",161737096,161737096,157778775,5
"58CC9F96A819A29FAAE7E1B553ABB23CBCE1D05C","rogue\sdf\pc\data\sdf-A-0144.sdfdata",55377440,55377440,48224008,5
"58CC9F96A819A29FAAE7E1B553ABB23CBCE1D05C","rogue\sdf\pc\data\sdf-A-0145.sdfdata",49818684,49818684,43148091,5
"58CC9F96A819A29FAAE7E1B553ABB23CBCE1D05C","rogue\sdf\pc\data\sdf-A-0146.sdfdata",55128312,55128312,47978282,5
"58CC9F96A819A29FAAE7E1B553ABB23CBCE1D05C","rogue\sdf\pc\data\sdf-A-0147.sdfdata",29529592,29529592,27287119,5
"58CC9F96A819A29FAAE7E1B553ABB23CBCE1D05C","rogue\sdf\pc\data\sdf-A-0148.sdfdata",200819724,200819724,199918912,5
"58CC9F96A819A29FAAE7E1B553ABB23CBCE1D05C","rogue\sdf\pc\data\sdf-A-0149.sdfdata",162537924,162537924,158171026,5
"58CC9F96A819A29FAAE7E1B553ABB23CBCE1D05C","rogue\sdf\pc\data\sdf-A-0150.sdfdata",46553620,46553620,46538827,5
"58CC9F96A819A29FAAE7E1B553ABB23CBCE1D05C","rogue\sdf\pc\data\sdf-A-0151.sdfdata",103232208,103232208,99235081,5
"58CC9F96A819A29FAAE7E1B553ABB23CBCE1D05C","rogue\sdf\pc\data\sdf-A-0152.sdfdata",52099284,52099284,47185300,5
"58CC9F96A819A29FAAE7E1B553ABB23CBCE1D05C","rogue\sdf\pc\data\sdf-A-0153.sdfdata",82858424,82858424,80469745,5
"58CC9F96A819A29FAAE7E1B553ABB23CBCE1D05C","rogue\sdf\pc\data\sdf-A-0154.sdfdata",50026992,50026992,45624143,5
"58CC9F96A819A29FAAE7E1B553ABB23CBCE1D05C","rogue\sdf\pc\data\sdf-A-0155.sdfdata",44850392,44850392,42269692,5
"58CC9F96A819A29FAAE7E1B553ABB23CBCE1D05C","rogue\sdf\pc\data\sdf-A-0156.sdfdata",43176032,43176032,39024340,5
"58CC9F96A819A29FAAE7E1B553ABB23CBCE1D05C","rogue\sdf\pc\data\sdf-A-0157.sdfdata",33663776,33663776,28075611,5
"58CC9F96A819A29FAAE7E1B553ABB23CBCE1D05C","rogue\sdf\pc\data\sdf-A-0158.sdfdata",257650964,257650964,251432056,5
"58CC9F96A819A29FAAE7E1B553ABB23CBCE1D05C","rogue\sdf\pc\data\sdf-A-0159.sdfdata",23289184,23289184,23154051,5
"58CC9F96A819A29FAAE7E1B553ABB23CBCE1D05C","rogue\sdf\pc\data\sdf-A-0160.sdfdata",68992244,68992244,65161357,5
"58CC9F96A819A29FAAE7E1B553ABB23CBCE1D05C","rogue\sdf\pc\data\sdf-A-0161.sdfdata",68992244,68992244,65161357,5
"58CC9F96A819A29FAAE7E1B553ABB23CBCE1D05C","rogue\sdf\pc\data\sdf-A-0162.sdfdata",5103840,5103840,4876972,5
"58CC9F96A819A29FAAE7E1B553ABB23CBCE1D05C","rogue\sdf\pc\data\sdf-A-0163.sdfdata",104161060,104161060,103778580,5
"58CC9F96A819A29FAAE7E1B553ABB23CBCE1D05C","rogue\sdf\pc\data\sdf-A-0164.sdfdata",51093284,51093284,50398120,5
"58CC9F96A819A29FAAE7E1B553ABB23CBCE1D05C","rogue\sdf\pc\data\sdf-A-0165.sdfdata",49674360,49674360,49126647,5
"58CC9F96A819A29FAAE7E1B553ABB23CBCE1D05C","rogue\sdf\pc\data\sdf-A-0166.sdfdata",93127804,93127804,92618044,5
"58CC9F96A819A29FAAE7E1B553ABB23CBCE1D05C","rogue\sdf\pc\data\sdf-A-0167.sdfdata",64126000,64126000,63758583,5
"58CC9F96A819A29FAAE7E1B553ABB23CBCE1D05C","rogue\sdf\pc\data\sdf-A-0168.sdfdata",66962576,66962576,66476868,5
"58CC9F96A819A29FAAE7E1B553ABB23CBCE1D05C","rogue\sdf\pc\data\sdf-A-0169.sdfdata",67091871,67091871,66080656,5
"58CC9F96A819A29FAAE7E1B553ABB23CBCE1D05C","rogue\sdf\pc\data\sdf-A-0170.sdfdata",67043477,67043477,55844869,5
"58CC9F96A819A29FAAE7E1B553ABB23CBCE1D05C","rogue\sdf\pc\data\sdf-A-0171.sdfdata",67075950,67075950,55108399,5
"58CC9F96A819A29FAAE7E1B553ABB23CBCE1D05C","rogue\sdf\pc\data\sdf-A-0172.sdfdata",67085578,67085578,57040522,5
"58CC9F96A819A29FAAE7E1B553ABB23CBCE1D05C","rogue\sdf\pc\data\sdf-A-0173.sdfdata",67067767,67067767,58547015,5
"58CC9F96A819A29FAAE7E1B553ABB23CBCE1D05C","rogue\sdf\pc\data\sdf-A-0174.sdfdata",66930126,66930126,53431763,5
"58CC9F96A819A29FAAE7E1B553ABB23CBCE1D05C","rogue\sdf\pc\data\sdf-A-0175.sdfdata",67102171,67102171,57517796,5
"58CC9F96A819A29FAAE7E1B553ABB23CBCE1D05C","rogue\sdf\pc\data\sdf-A-0176.sdfdata",67334841,67334841,60474844,5
"58CC9F96A819A29FAAE7E1B553ABB23CBCE1D05C","rogue\sdf\pc\data\sdf-A-0177.sdfdata",67091796,67091796,60140668,5
"58CC9F96A819A29FAAE7E1B553ABB23CBCE1D05C","rogue\sdf\pc\data\sdf-A-0178.sdfdata",67094897,67094897,60996004,5
"58CC9F96A819A29FAAE7E1B553ABB23CBCE1D05C","rogue\sdf\pc\data\sdf-A-0179.sdfdata",67093919,67093919,57630745,5
"58CC9F96A819A29FAAE7E1B553ABB23CBCE1D05C","rogue\sdf\pc\data\sdf-A-0180.sdfdata",30933852,30933852,27756597,5
"58CC9F96A819A29FAAE7E1B553ABB23CBCE1D05C","rogue\sdf\pc\data\sdf-A-0181.sdfdata",67096944,67096944,62918887,5
"58CC9F96A819A29FAAE7E1B553ABB23CBCE1D05C","rogue\sdf\pc\data\sdf-A-0182.sdfdata",66957210,66957210,59210045,5
"58CC9F96A819A29FAAE7E1B553ABB23CBCE1D05C","rogue\sdf\pc\data\sdf-A-0183.sdfdata",65808950,65808950,60435000,5
"58CC9F96A819A29FAAE7E1B553ABB23CBCE1D05C","rogue\sdf\pc\data\sdf-A-0184.sdfdata",62455848,62455848,55163924,5
"58CC9F96A819A29FAAE7E1B553ABB23CBCE1D05C","rogue\sdf\pc\data\sdf-A-0185.sdfdata",67075856,67075856,59042948,5
"58CC9F96A819A29FAAE7E1B553ABB23CBCE1D05C","rogue\sdf\pc\data\sdf-A-0186.sdfdata",67066119,67066119,61261067,5
"58CC9F96A819A29FAAE7E1B553ABB23CBCE1D05C","rogue\sdf\pc\data\sdf-A-0187.sdfdata",64889125,64889125,58067951,5
"58CC9F96A819A29FAAE7E1B553ABB23CBCE1D05C","rogue\sdf\pc\data\sdf-A-0188.sdfdata",66962423,66962423,59485828,5
"58CC9F96A819A29FAAE7E1B553ABB23CBCE1D05C","rogue\sdf\pc\data\sdf-A-0189.sdfdata",67059981,67059981,62762877,5
"58CC9F96A819A29FAAE7E1B553ABB23CBCE1D05C","rogue\sdf\pc\data\sdf-A-0190.sdfdata",67103176,67103176,60828592,5
"58CC9F96A819A29FAAE7E1B553ABB23CBCE1D05C","rogue\sdf\pc\data\sdf-A-0191.sdfdata",66039389,66039389,59535515,5
"58CC9F96A819A29FAAE7E1B553ABB23CBCE1D05C","rogue\sdf\pc\data\sdf-A-0192.sdfdata",64922853,64922853,58555082,5
"58CC9F96A819A29FAAE7E1B553ABB23CBCE1D05C","rogue\sdf\pc\data\sdf-A-0193.sdfdata",66309769,66309769,58835813,5
"58CC9F96A819A29FAAE7E1B553ABB23CBCE1D05C","rogue\sdf\pc\data\sdf-A-0194.sdfdata",64390311,64390311,56768687,5
"58CC9F96A819A29FAAE7E1B553ABB23CBCE1D05C","rogue\sdf\pc\data\sdf-A-0195.sdfdata",67061059,67061059,60992974,5
"58CC9F96A819A29FAAE7E1B553ABB23CBCE1D05C","rogue\sdf\pc\data\sdf-A-0196.sdfdata",67103759,67103759,60520805,5
"58CC9F96A819A29FAAE7E1B553ABB23CBCE1D05C","rogue\sdf\pc\data\sdf-A-0197.sdfdata",67069235,67069235,59715140,5
"58CC9F96A819A29FAAE7E1B553ABB23CBCE1D05C","rogue\sdf\pc\data\sdf-A-0198.sdfdata",66906437,66906437,60178698,5
"58CC9F96A819A29FAAE7E1B553ABB23CBCE1D05C","rogue\sdf\pc\data\sdf-A-0199.sdfdata",35336038,35336038,31464031,5
"58CC9F96A819A29FAAE7E1B553ABB23CBCE1D05C","rogue\sdf\pc\data\sdf-A-0200.sdfdata",62834222,62834222,56911733,5
"58CC9F96A819A29FAAE7E1B553ABB23CBCE1D05C","rogue\sdf\pc\data\sdf-A-0201.sdfdata",66429006,66429006,58562618,5
"58CC9F96A819A29FAAE7E1B553ABB23CBCE1D05C","rogue\sdf\pc\data\sdf-A-0202.sdfdata",66995082,66995082,61206309,5
"58CC9F96A819A29FAAE7E1B553ABB23CBCE1D05C","rogue\sdf\pc\data\sdf-A-0203.sdfdata",65680925,65680925,59310386,5
"58CC9F96A819A29FAAE7E1B553ABB23CBCE1D05C","rogue\sdf\pc\data\sdf-A-0204.sdfdata",66914866,66914866,59810328,5
"58CC9F96A819A29FAAE7E1B553ABB23CBCE1D05C","rogue\sdf\pc\data\sdf-A-0205.sdfdata",67097525,67097525,59961169,5
"58CC9F96A819A29FAAE7E1B553ABB23CBCE1D05C","rogue\sdf\pc\data\sdf-A-0206.sdfdata",65656054,65656054,59593761,5
"58CC9F96A819A29FAAE7E1B553ABB23CBCE1D05C","rogue\sdf\pc\data\sdf-A-0207.sdfdata",66671448,66671448,59852756,5
"58CC9F96A819A29FAAE7E1B553ABB23CBCE1D05C","rogue\sdf\pc\data\sdf-A-0208.sdfdata",66787894,66787894,55979230,5
"58CC9F96A819A29FAAE7E1B553ABB23CBCE1D05C","rogue\sdf\pc\data\sdf-A-0209.sdfdata",66992204,66992204,58084658,5
"58CC9F96A819A29FAAE7E1B553ABB23CBCE1D05C","rogue\sdf\pc\data\sdf-A-0210.sdfdata",66807438,66807438,53907792,5
"58CC9F96A819A29FAAE7E1B553ABB23CBCE1D05C","rogue\sdf\pc\data\sdf-A-0211.sdfdata",67112216,67112216,57137368,5
"58CC9F96A819A29FAAE7E1B553ABB23CBCE1D05C","rogue\sdf\pc\data\sdf-A-0212.sdfdata",63737815,63737815,55264468,5
"58CC9F96A819A29FAAE7E1B553ABB23CBCE1D05C","rogue\sdf\pc\data\sdf-A-0213.sdfdata",28409049,28409049,24166480,5
"58CC9F96A819A29FAAE7E1B553ABB23CBCE1D05C","rogue\sdf\pc\data\sdf-A-0214.sdfdata",67107136,67107136,62953955,5
"58CC9F96A819A29FAAE7E1B553ABB23CBCE1D05C","rogue\sdf\pc\data\sdf-A-0215.sdfdata",66259038,66259038,59361596,5
"58CC9F96A819A29FAAE7E1B553ABB23CBCE1D05C","rogue\sdf\pc\data\sdf-A-0216.sdfdata",67108166,67108166,60314626,5
"58CC9F96A819A29FAAE7E1B553ABB23CBCE1D05C","rogue\sdf\pc\data\sdf-A-0217.sdfdata",65350112,65350112,58154707,5
"58CC9F96A819A29FAAE7E1B553ABB23CBCE1D05C","rogue\sdf\pc\data\sdf-A-0218.sdfdata",63719305,63719305,59704989,5
"58CC9F96A819A29FAAE7E1B553ABB23CBCE1D05C","rogue\sdf\pc\data\sdf-A-0219.sdfdata",66192395,66192395,59967931,5
"58CC9F96A819A29FAAE7E1B553ABB23CBCE1D05C","rogue\sdf\pc\data\sdf-A-0220.sdfdata",66856007,66856007,58864468,5
"58CC9F96A819A29FAAE7E1B553ABB23CBCE1D05C","rogue\sdf\pc\data\sdf-A-0221.sdfdata",66178551,66178551,60002697,5
"58CC9F96A819A29FAAE7E1B553ABB23CBCE1D05C","rogue\sdf\pc\data\sdf-A-0222.sdfdata",67096917,67096917,60301546,5
"58CC9F96A819A29FAAE7E1B553ABB23CBCE1D05C","rogue\sdf\pc\data\sdf-A-0223.sdfdata",66906872,66906872,59454627,5
"58CC9F96A819A29FAAE7E1B553ABB23CBCE1D05C","rogue\sdf\pc\data\sdf-A-0224.sdfdata",67107388,67107388,60086430,5
"58CC9F96A819A29FAAE7E1B553ABB23CBCE1D05C","rogue\sdf\pc\data\sdf-A-0225.sdfdata",67105627,67105627,60280975,5
"58CC9F96A819A29FAAE7E1B553ABB23CBCE1D05C","rogue\sdf\pc\data\sdf-A-0226.sdfdata",67078263,67078263,60644907,5
"58CC9F96A819A29FAAE7E1B553ABB23CBCE1D05C","rogue\sdf\pc\data\sdf-A-0227.sdfdata",67107665,67107665,57176377,5
"58CC9F96A819A29FAAE7E1B553ABB23CBCE1D05C","rogue\sdf\pc\data\sdf-A-0228.sdfdata",66884301,66884301,58188781,5
"58CC9F96A819A29FAAE7E1B553ABB23CBCE1D05C","rogue\sdf\pc\data\sdf-A-0229.sdfdata",67064798,67064798,54571755,5
"58CC9F96A819A29FAAE7E1B553ABB23CBCE1D05C","rogue\sdf\pc\data\sdf-A-0230.sdfdata",67112368,67112368,55909292,5
"58CC9F96A819A29FAAE7E1B553ABB23CBCE1D05C","rogue\sdf\pc\data\sdf-A-0231.sdfdata",47468189,47468189,41170738,5
"58CC9F96A819A29FAAE7E1B553ABB23CBCE1D05C","rogue\sdf\pc\data\sdf-A-0232.sdfdata",67101503,67101503,51643855,5
"58CC9F96A819A29FAAE7E1B553ABB23CBCE1D05C","rogue\sdf\pc\data\sdf-A-0233.sdfdata",52612699,52612699,27265972,5
"58CC9F96A819A29FAAE7E1B553ABB23CBCE1D05C","rogue\sdf\pc\data\sdf-A-0234.sdfdata",67100926,67100926,47672023,5
"58CC9F96A819A29FAAE7E1B553ABB23CBCE1D05C","rogue\sdf\pc\data\sdf-A-0235.sdfdata",67077466,67077466,47882816,5
"58CC9F96A819A29FAAE7E1B553ABB23CBCE1D05C","rogue\sdf\pc\data\sdf-A-0236.sdfdata",67095788,67095788,47555833,5
"58CC9F96A819A29FAAE7E1B553ABB23CBCE1D05C","rogue\sdf\pc\data\sdf-A-0237.sdfdata",67094398,67094398,47714585,5
"58CC9F96A819A29FAAE7E1B553ABB23CBCE1D05C","rogue\sdf\pc\data\sdf-A-0238.sdfdata",67092273,67092273,47609526,5
"58CC9F96A819A29FAAE7E1B553ABB23CBCE1D05C","rogue\sdf\pc\data\sdf-A-0239.sdfdata",52962560,52962560,48098986,5
"58CC9F96A819A29FAAE7E1B553ABB23CBCE1D05C","rogue\sdf\pc\data\sdf-A-0240.sdfdata",67107088,67107088,47406818,5
"58CC9F96A819A29FAAE7E1B553ABB23CBCE1D05C","rogue\sdf\pc\data\sdf-A-0241.sdfdata",67094834,67094834,47725506,5
"58CC9F96A819A29FAAE7E1B553ABB23CBCE1D05C","rogue\sdf\pc\data\sdf-A-0242.sdfdata",67083246,67083246,46626466,5
"58CC9F96A819A29FAAE7E1B553ABB23CBCE1D05C","rogue\sdf\pc\data\sdf-A-0243.sdfdata",67047486,67047486,47533856,5
"58CC9F96A819A29FAAE7E1B553ABB23CBCE1D05C","rogue\sdf\pc\data\sdf-A-0244.sdfdata",66753020,66753020,64650425,5
"58CC9F96A819A29FAAE7E1B553ABB23CBCE1D05C","rogue\sdf\pc\data\sdf-A-0245.sdfdata",66786833,66786833,65226130,5
"58CC9F96A819A29FAAE7E1B553ABB23CBCE1D05C","rogue\sdf\pc\data\sdf-A-0246.sdfdata",67037191,67037191,65657142,5
"58CC9F96A819A29FAAE7E1B553ABB23CBCE1D05C","rogue\sdf\pc\data\sdf-A-0247.sdfdata",64280440,64280440,63327333,5
"58CC9F96A819A29FAAE7E1B553ABB23CBCE1D05C","rogue\sdf\pc\data\sdf-A-0248.sdfdata",66743744,66743744,65141776,5
"58CC9F96A819A29FAAE7E1B553ABB23CBCE1D05C","rogue\sdf\pc\data\sdf-A-0249.sdfdata",66971666,66971666,65442156,5
"58CC9F96A819A29FAAE7E1B553ABB23CBCE1D05C","rogue\sdf\pc\data\sdf-A-0250.sdfdata",67044942,67044942,65867754,5
"58CC9F96A819A29FAAE7E1B553ABB23CBCE1D05C","rogue\sdf\pc\data\sdf-A-0251.sdfdata",66796148,66796148,65428895,5
"58CC9F96A819A29FAAE7E1B553ABB23CBCE1D05C","rogue\sdf\pc\data\sdf-A-0252.sdfdata",67088528,67088528,65492778,5
"58CC9F96A819A29FAAE7E1B553ABB23CBCE1D05C","rogue\sdf\pc\data\sdf-A-0253.sdfdata",67071038,67071038,65020739,5
"58CC9F96A819A29FAAE7E1B553ABB23CBCE1D05C","rogue\sdf\pc\data\sdf-A-0254.sdfdata",65886124,65886124,64763176,5
"58CC9F96A819A29FAAE7E1B553ABB23CBCE1D05C","rogue\sdf\pc\data\sdf-A-0255.sdfdata",62855282,62855282,61921921,5
"58CC9F96A819A29FAAE7E1B553ABB23CBCE1D05C","rogue\sdf\pc\data\sdf-A-0256.sdfdata",67082969,67082969,66351016,5
"58CC9F96A819A29FAAE7E1B553ABB23CBCE1D05C","rogue\sdf\pc\data\sdf-A-0257.sdfdata",67086371,67086371,66555701,5
"58CC9F96A819A29FAAE7E1B553ABB23CBCE1D05C","rogue\sdf\pc\data\sdf-A-0258.sdfdata",67092950,67092950,66078577,5
"58CC9F96A819A29FAAE7E1B553ABB23CBCE1D05C","rogue\sdf\pc\data\sdf-A-0259.sdfdata",66769654,66769654,66243178,5
"58CC9F96A819A29FAAE7E1B553ABB23CBCE1D05C","rogue\sdf\pc\data\sdf-A-0260.sdfdata",66842524,66842524,66037940,5
"58CC9F96A819A29FAAE7E1B553ABB23CBCE1D05C","rogue\sdf\pc\data\sdf-A-0261.sdfdata",66914059,66914059,66494682,5
"58CC9F96A819A29FAAE7E1B553ABB23CBCE1D05C","rogue\sdf\pc\data\sdf-A-0262.sdfdata",64825243,64825243,64295003,5
"58CC9F96A819A29FAAE7E1B553ABB23CBCE1D05C","rogue\sdf\pc\data\sdf-A-0263.sdfdata",66099498,66099498,65604233,5
"58CC9F96A819A29FAAE7E1B553ABB23CBCE1D05C","rogue\sdf\pc\data\sdf-A-0264.sdfdata",62944317,62944317,62431785,5
"58CC9F96A819A29FAAE7E1B553ABB23CBCE1D05C","rogue\sdf\pc\data\sdf-A-0265.sdfdata",54080108,54080108,53683493,5
"58CC9F96A819A29FAAE7E1B553ABB23CBCE1D05C","rogue\sdf\pc\data\sdf-A-0266.sdfdata",66997137,66997137,66373035,5
"58CC9F96A819A29FAAE7E1B553ABB23CBCE1D05C","rogue\sdf\pc\data\sdf-A-0267.sdfdata",65828382,65828382,65117617,5
"58CC9F96A819A29FAAE7E1B553ABB23CBCE1D05C","rogue\sdf\pc\data\sdf-A-0268.sdfdata",66091936,66091936,65256537,5
"58CC9F96A819A29FAAE7E1B553ABB23CBCE1D05C","rogue\sdf\pc\data\sdf-A-0269.sdfdata",65667979,65667979,65074470,5
"58CC9F96A819A29FAAE7E1B553ABB23CBCE1D05C","rogue\sdf\pc\data\sdf-A-0270.sdfdata",66749285,66749285,66290789,5
"58CC9F96A819A29FAAE7E1B553ABB23CBCE1D05C","rogue\sdf\pc\data\sdf-A-0271.sdfdata",66838388,66838388,66343407,5
"58CC9F96A819A29FAAE7E1B553ABB23CBCE1D05C","rogue\sdf\pc\data\sdf-A-0272.sdfdata",66006655,66006655,65354576,5
"58CC9F96A819A29FAAE7E1B553ABB23CBCE1D05C","rogue\sdf\pc\data\sdf-A-0273.sdfdata",67073863,67073863,66339752,5
"58CC9F96A819A29FAAE7E1B553ABB23CBCE1D05C","rogue\sdf\pc\data\sdf-A-0274.sdfdata",52579096,52579096,52142080,5
"58CC9F96A819A29FAAE7E1B553ABB23CBCE1D05C","rogue\sdf\pc\data\sdf-A-0275.sdfdata",62153244,62153244,61029429,5
"58CC9F96A819A29FAAE7E1B553ABB23CBCE1D05C","rogue\sdf\pc\data\sdf-A-0276.sdfdata",66761258,66761258,66150820,5
"58CC9F96A819A29FAAE7E1B553ABB23CBCE1D05C","rogue\sdf\pc\data\sdf-A-0277.sdfdata",66565990,66565990,65921040,5
"58CC9F96A819A29FAAE7E1B553ABB23CBCE1D05C","rogue\sdf\pc\data\sdf-A-0278.sdfdata",66333195,66333195,65598176,5
"58CC9F96A819A29FAAE7E1B553ABB23CBCE1D05C","rogue\sdf\pc\data\sdf-A-0279.sdfdata",67104588,67104588,66144346,5
"58CC9F96A819A29FAAE7E1B553ABB23CBCE1D05C","rogue\sdf\pc\data\sdf-A-0280.sdfdata",66432119,66432119,65457383,5
"58CC9F96A819A29FAAE7E1B553ABB23CBCE1D05C","rogue\sdf\pc\data\sdf-A-0281.sdfdata",66275762,66275762,65058916,5
"58CC9F96A819A29FAAE7E1B553ABB23CBCE1D05C","rogue\sdf\pc\data\sdf-A-0282.sdfdata",67003787,67003787,65869137,5
"58CC9F96A819A29FAAE7E1B553ABB23CBCE1D05C","rogue\sdf\pc\data\sdf-A-0283.sdfdata",67019300,67019300,65891433,5
"58CC9F96A819A29FAAE7E1B553ABB23CBCE1D05C","rogue\sdf\pc\data\sdf-A-0284.sdfdata",67077488,67077488,65987473,5
"58CC9F96A819A29FAAE7E1B553ABB23CBCE1D05C","rogue\sdf\pc\data\sdf-A-0285.sdfdata",66830359,66830359,65748215,5
"58CC9F96A819A29FAAE7E1B553ABB23CBCE1D05C","rogue\sdf\pc\data\sdf-A-0286.sdfdata",66213093,66213093,65101616,5
"58CC9F96A819A29FAAE7E1B553ABB23CBCE1D05C","rogue\sdf\pc\data\sdf-A-0287.sdfdata",66585728,66585728,65336072,5
"58CC9F96A819A29FAAE7E1B553ABB23CBCE1D05C","rogue\sdf\pc\data\sdf-A-0288.sdfdata",66961434,66961434,65725612,5
"58CC9F96A819A29FAAE7E1B553ABB23CBCE1D05C","rogue\sdf\pc\data\sdf-A-0289.sdfdata",67106872,67106872,66367696,5
"58CC9F96A819A29FAAE7E1B553ABB23CBCE1D05C","rogue\sdf\pc\data\sdf-A-0290.sdfdata",67097531,67097531,65826471,5
"58CC9F96A819A29FAAE7E1B553ABB23CBCE1D05C","rogue\sdf\pc\data\sdf-A-0291.sdfdata",67035282,67035282,65970767,5
"58CC9F96A819A29FAAE7E1B553ABB23CBCE1D05C","rogue\sdf\pc\data\sdf-A-0292.sdfdata",67073527,67073527,66346283,5
"58CC9F96A819A29FAAE7E1B553ABB23CBCE1D05C","rogue\sdf\pc\data\sdf-A-0293.sdfdata",67095489,67095489,65981767,5
"58CC9F96A819A29FAAE7E1B553ABB23CBCE1D05C","rogue\sdf\pc\data\sdf-A-0294.sdfdata",66135643,66135643,64992321,5
"58CC9F96A819A29FAAE7E1B553ABB23CBCE1D05C","rogue\sdf\pc\data\sdf-A-0295.sdfdata",66754975,66754975,65938313,5
"58CC9F96A819A29FAAE7E1B553ABB23CBCE1D05C","rogue\sdf\pc\data\sdf-A-0296.sdfdata",65248476,65248476,64414338,5
"58CC9F96A819A29FAAE7E1B553ABB23CBCE1D05C","rogue\sdf\pc\data\sdf-A-0297.sdfdata",66963874,66963874,65972024,5
"58CC9F96A819A29FAAE7E1B553ABB23CBCE1D05C","rogue\sdf\pc\data\sdf-A-0298.sdfdata",67069391,67069391,65773740,5
"58CC9F96A819A29FAAE7E1B553ABB23CBCE1D05C","rogue\sdf\pc\data\sdf-A-0299.sdfdata",67106589,67106589,65881173,5
"58CC9F96A819A29FAAE7E1B553ABB23CBCE1D05C","rogue\sdf\pc\data\sdf-A-0300.sdfdata",66974862,66974862,66026682,5
"58CC9F96A819A29FAAE7E1B553ABB23CBCE1D05C","rogue\sdf\pc\data\sdf-A-0301.sdfdata",66440925,66440925,65392758,5
"58CC9F96A819A29FAAE7E1B553ABB23CBCE1D05C","rogue\sdf\pc\data\sdf-A-0302.sdfdata",66405883,66405883,65481670,5
"58CC9F96A819A29FAAE7E1B553ABB23CBCE1D05C","rogue\sdf\pc\data\sdf-A-0303.sdfdata",66288814,66288814,65385950,5
"58CC9F96A819A29FAAE7E1B553ABB23CBCE1D05C","rogue\sdf\pc\data\sdf-A-0304.sdfdata",57891419,57891419,56983788,5
"58CC9F96A819A29FAAE7E1B553ABB23CBCE1D05C","rogue\sdf\pc\data\sdf-A-0305.sdfdata",66231185,66231185,65301497,5
"58CC9F96A819A29FAAE7E1B553ABB23CBCE1D05C","rogue\sdf\pc\data\sdf-A-0306.sdfdata",67083032,67083032,66239557,5
"58CC9F96A819A29FAAE7E1B553ABB23CBCE1D05C","rogue\sdf\pc\data\sdf-A-0307.sdfdata",67100040,67100040,65941860,5
"58CC9F96A819A29FAAE7E1B553ABB23CBCE1D05C","rogue\sdf\pc\data\sdf-A-0308.sdfdata",67080208,67080208,65901929,5
"58CC9F96A819A29FAAE7E1B553ABB23CBCE1D05C","rogue\sdf\pc\data\sdf-A-0309.sdfdata",67008829,67008829,65955192,5
"58CC9F96A819A29FAAE7E1B553ABB23CBCE1D05C","rogue\sdf\pc\data\sdf-A-0310.sdfdata",66290577,66290577,65399106,5
"58CC9F96A819A29FAAE7E1B553ABB23CBCE1D05C","rogue\sdf\pc\data\sdf-A-0311.sdfdata",66959051,66959051,65996648,5
"58CC9F96A819A29FAAE7E1B553ABB23CBCE1D05C","rogue\sdf\pc\data\sdf-A-0312.sdfdata",66102483,66102483,65242499,5
"58CC9F96A819A29FAAE7E1B553ABB23CBCE1D05C","rogue\sdf\pc\data\sdf-A-0313.sdfdata",65689198,65689198,64408010,5
"58CC9F96A819A29FAAE7E1B553ABB23CBCE1D05C","rogue\sdf\pc\data\sdf-A-0314.sdfdata",66083981,66083981,65168451,5
"58CC9F96A819A29FAAE7E1B553ABB23CBCE1D05C","rogue\sdf\pc\data\sdf-A-0315.sdfdata",66480809,66480809,65686514,5
"58CC9F96A819A29FAAE7E1B553ABB23CBCE1D05C","rogue\sdf\pc\data\sdf-A-0316.sdfdata",61322777,61322777,60512968,5
"58CC9F96A819A29FAAE7E1B553ABB23CBCE1D05C","rogue\sdf\pc\data\sdf-A-0317.sdfdata",66833372,66833372,65934631,5
"58CC9F96A819A29FAAE7E1B553ABB23CBCE1D05C","rogue\sdf\pc\data\sdf-A-0318.sdfdata",66970039,66970039,65766509,5
"58CC9F96A819A29FAAE7E1B553ABB23CBCE1D05C","rogue\sdf\pc\data\sdf-A-0319.sdfdata",61730022,61730022,60760659,5
"58CC9F96A819A29FAAE7E1B553ABB23CBCE1D05C","rogue\sdf\pc\data\sdf-A-0320.sdfdata",64830838,64830838,63939232,5
"58CC9F96A819A29FAAE7E1B553ABB23CBCE1D05C","rogue\sdf\pc\data\sdf-A-0321.sdfdata",66036027,66036027,65104075,5
"58CC9F96A819A29FAAE7E1B553ABB23CBCE1D05C","rogue\sdf\pc\data\sdf-A-0322.sdfdata",66347733,66347733,65397290,5
"58CC9F96A819A29FAAE7E1B553ABB23CBCE1D05C","rogue\sdf\pc\data\sdf-A-0323.sdfdata",66274466,66274466,65499068,5
"58CC9F96A819A29FAAE7E1B553ABB23CBCE1D05C","rogue\sdf\pc\data\sdf-A-0324.sdfdata",67080451,67080451,65991589,5
"58CC9F96A819A29FAAE7E1B553ABB23CBCE1D05C","rogue\sdf\pc\data\sdf-A-0325.sdfdata",66952591,66952591,66070286,5
"58CC9F96A819A29FAAE7E1B553ABB23CBCE1D05C","rogue\sdf\pc\data\sdf-A-0326.sdfdata",66068140,66068140,65034769,5
"58CC9F96A819A29FAAE7E1B553ABB23CBCE1D05C","rogue\sdf\pc\data\sdf-A-0327.sdfdata",64040558,64040558,63342161,5
"58CC9F96A819A29FAAE7E1B553ABB23CBCE1D05C","rogue\sdf\pc\data\sdf-A-0328.sdfdata",65771732,65771732,64762188,5
"58CC9F96A819A29FAAE7E1B553ABB23CBCE1D05C","rogue\sdf\pc\data\sdf-A-0329.sdfdata",66779062,66779062,65879929,5
"58CC9F96A819A29FAAE7E1B553ABB23CBCE1D05C","rogue\sdf\pc\data\sdf-A-0330.sdfdata",67099176,67099176,66273823,5
"58CC9F96A819A29FAAE7E1B553ABB23CBCE1D05C","rogue\sdf\pc\data\sdf-A-0331.sdfdata",67069452,67069452,65895135,5
"58CC9F96A819A29FAAE7E1B553ABB23CBCE1D05C","rogue\sdf\pc\data\sdf-A-0332.sdfdata",65255253,65255253,64487312,5
"58CC9F96A819A29FAAE7E1B553ABB23CBCE1D05C","rogue\sdf\pc\data\sdf-A-0333.sdfdata",67097796,67097796,66246738,5
"58CC9F96A819A29FAAE7E1B553ABB23CBCE1D05C","rogue\sdf\pc\data\sdf-A-0334.sdfdata",63248366,63248366,62536940,5
"58CC9F96A819A29FAAE7E1B553ABB23CBCE1D05C","rogue\sdf\pc\data\sdf-A-0335.sdfdata",66332822,66332822,65412948,5
"58CC9F96A819A29FAAE7E1B553ABB23CBCE1D05C","rogue\sdf\pc\data\sdf-A-0336.sdfdata",66861766,66861766,65795925,5
"58CC9F96A819A29FAAE7E1B553ABB23CBCE1D05C","rogue\sdf\pc\data\sdf-A-0337.sdfdata",58821361,58821361,57881988,5
"58CC9F96A819A29FAAE7E1B553ABB23CBCE1D05C","rogue\sdf\pc\data\sdf-A-0338.sdfdata",65123977,65123977,63855738,5
"58CC9F96A819A29FAAE7E1B553ABB23CBCE1D05C","rogue\sdf\pc\data\sdf-A-0339.sdfdata",64208565,64208565,63270298,5
"58CC9F96A819A29FAAE7E1B553ABB23CBCE1D05C","rogue\sdf\pc\data\sdf-A-0340.sdfdata",66547363,66547363,65766844,5
"58CC9F96A819A29FAAE7E1B553ABB23CBCE1D05C","rogue\sdf\pc\data\sdf-A-0341.sdfdata",66979768,66979768,65901050,5
"58CC9F96A819A29FAAE7E1B553ABB23CBCE1D05C","rogue\sdf\pc\data\sdf-A-0342.sdfdata",66141675,66141675,65127656,5
"58CC9F96A819A29FAAE7E1B553ABB23CBCE1D05C","rogue\sdf\pc\data\sdf-A-0343.sdfdata",65842564,65842564,65054654,5
"58CC9F96A819A29FAAE7E1B553ABB23CBCE1D05C","rogue\sdf\pc\data\sdf-A-0344.sdfdata",66848777,66848777,66094479,5
"58CC9F96A819A29FAAE7E1B553ABB23CBCE1D05C","rogue\sdf\pc\data\sdf-A-0345.sdfdata",60616797,60616797,59718134,5
"58CC9F96A819A29FAAE7E1B553ABB23CBCE1D05C","rogue\sdf\pc\data\sdf-A-0346.sdfdata",66680107,66680107,65621386,5
"58CC9F96A819A29FAAE7E1B553ABB23CBCE1D05C","rogue\sdf\pc\data\sdf-A-0347.sdfdata",66922251,66922251,66051511,5
"58CC9F96A819A29FAAE7E1B553ABB23CBCE1D05C","rogue\sdf\pc\data\sdf-A-0348.sdfdata",59975545,59975545,59179658,5
"58CC9F96A819A29FAAE7E1B553ABB23CBCE1D05C","rogue\sdf\pc\data\sdf-A-0349.sdfdata",67088718,67088718,65874006,5
"58CC9F96A819A29FAAE7E1B553ABB23CBCE1D05C","rogue\sdf\pc\data\sdf-A-0350.sdfdata",63835090,63835090,62938758,5
"58CC9F96A819A29FAAE7E1B553ABB23CBCE1D05C","rogue\sdf\pc\data\sdf-A-0351.sdfdata",64917700,64917700,63992092,5
"58CC9F96A819A29FAAE7E1B553ABB23CBCE1D05C","rogue\sdf\pc\data\sdf-A-0352.sdfdata",66693340,66693340,65623931,5
"58CC9F96A819A29FAAE7E1B553ABB23CBCE1D05C","rogue\sdf\pc\data\sdf-A-0353.sdfdata",64498645,64498645,63704830,5
"58CC9F96A819A29FAAE7E1B553ABB23CBCE1D05C","rogue\sdf\pc\data\sdf-A-0354.sdfdata",66892058,66892058,65696749,5
"58CC9F96A819A29FAAE7E1B553ABB23CBCE1D05C","rogue\sdf\pc\data\sdf-A-0355.sdfdata",66284647,66284647,65457692,5
"58CC9F96A819A29FAAE7E1B553ABB23CBCE1D05C","rogue\sdf\pc\data\sdf-A-0356.sdfdata",66740813,66740813,65638761,5
"58CC9F96A819A29FAAE7E1B553ABB23CBCE1D05C","rogue\sdf\pc\data\sdf-A-0357.sdfdata",66263575,66263575,65139573,5
"58CC9F96A819A29FAAE7E1B553ABB23CBCE1D05C","rogue\sdf\pc\data\sdf-A-0358.sdfdata",66686416,66686416,65430898,5
"58CC9F96A819A29FAAE7E1B553ABB23CBCE1D05C","rogue\sdf\pc\data\sdf-A-0359.sdfdata",66967307,66967307,65996041,5
"58CC9F96A819A29FAAE7E1B553ABB23CBCE1D05C","rogue\sdf\pc\data\sdf-A-0360.sdfdata",65584093,65584093,64678067,5
"58CC9F96A819A29FAAE7E1B553ABB23CBCE1D05C","rogue\sdf\pc\data\sdf-A-0361.sdfdata",66849419,66849419,65940445,5
"58CC9F96A819A29FAAE7E1B553ABB23CBCE1D05C","rogue\sdf\pc\data\sdf-A-0362.sdfdata",67103375,67103375,66112308,5
"58CC9F96A819A29FAAE7E1B553ABB23CBCE1D05C","rogue\sdf\pc\data\sdf-A-0363.sdfdata",66382290,66382290,65484448,5
"58CC9F96A819A29FAAE7E1B553ABB23CBCE1D05C","rogue\sdf\pc\data\sdf-A-0364.sdfdata",56441331,56441331,55615298,5
"58CC9F96A819A29FAAE7E1B553ABB23CBCE1D05C","rogue\sdf\pc\data\sdf-A-0365.sdfdata",67054990,67054990,65964724,5
"58CC9F96A819A29FAAE7E1B553ABB23CBCE1D05C","rogue\sdf\pc\data\sdf-A-0366.sdfdata",66153702,66153702,65023105,5
"58CC9F96A819A29FAAE7E1B553ABB23CBCE1D05C","rogue\sdf\pc\data\sdf-A-0367.sdfdata",66782553,66782553,66115785,5
"58CC9F96A819A29FAAE7E1B553ABB23CBCE1D05C","rogue\sdf\pc\data\sdf-A-0368.sdfdata",66082639,66082639,65269295,5
"58CC9F96A819A29FAAE7E1B553ABB23CBCE1D05C","rogue\sdf\pc\data\sdf-A-0369.sdfdata",66103216,66103216,65242017,5
"58CC9F96A819A29FAAE7E1B553ABB23CBCE1D05C","rogue\sdf\pc\data\sdf-A-0370.sdfdata",67082898,67082898,65866652,5
"58CC9F96A819A29FAAE7E1B553ABB23CBCE1D05C","rogue\sdf\pc\data\sdf-A-0371.sdfdata",67084269,67084269,66179523,5
"58CC9F96A819A29FAAE7E1B553ABB23CBCE1D05C","rogue\sdf\pc\data\sdf-A-0372.sdfdata",66939490,66939490,66009808,5
"58CC9F96A819A29FAAE7E1B553ABB23CBCE1D05C","rogue\sdf\pc\data\sdf-A-0373.sdfdata",67095257,67095257,66207853,5
"58CC9F96A819A29FAAE7E1B553ABB23CBCE1D05C","rogue\sdf\pc\data\sdf-A-0374.sdfdata",66433325,66433325,65251610,5
"58CC9F96A819A29FAAE7E1B553ABB23CBCE1D05C","rogue\sdf\pc\data\sdf-A-0375.sdfdata",66601637,66601637,65634695,5
"58CC9F96A819A29FAAE7E1B553ABB23CBCE1D05C","rogue\sdf\pc\data\sdf-A-0376.sdfdata",64191765,64191765,63410901,5
"58CC9F96A819A29FAAE7E1B553ABB23CBCE1D05C","rogue\sdf\pc\data\sdf-A-0377.sdfdata",67063327,67063327,66107802,5
"58CC9F96A819A29FAAE7E1B553ABB23CBCE1D05C","rogue\sdf\pc\data\sdf-A-0378.sdfdata",66525344,66525344,65446969,5
"58CC9F96A819A29FAAE7E1B553ABB23CBCE1D05C","rogue\sdf\pc\data\sdf-A-0379.sdfdata",66011772,66011772,58271807,5
"58CC9F96A819A29FAAE7E1B553ABB23CBCE1D05C","rogue\sdf\pc\data\sdf-A-0380.sdfdata",66667217,66667217,58995693,5
"58CC9F96A819A29FAAE7E1B553ABB23CBCE1D05C","rogue\sdf\pc\data\sdf-A-0381.sdfdata",63161553,63161553,55454811,5
"58CC9F96A819A29FAAE7E1B553ABB23CBCE1D05C","rogue\sdf\pc\data\sdf-A-0382.sdfdata",66775772,66775772,57446995,5
"58CC9F96A819A29FAAE7E1B553ABB23CBCE1D05C","rogue\sdf\pc\data\sdf-A-0383.sdfdata",66397042,66397042,55984996,5
"58CC9F96A819A29FAAE7E1B553ABB23CBCE1D05C","rogue\sdf\pc\data\sdf-A-0384.sdfdata",63282542,63282542,56898810,5
"58CC9F96A819A29FAAE7E1B553ABB23CBCE1D05C","rogue\sdf\pc\data\sdf-A-0385.sdfdata",65298576,65298576,56820130,5
"58CC9F96A819A29FAAE7E1B553ABB23CBCE1D05C","rogue\sdf\pc\data\sdf-A-0386.sdfdata",65806030,65806030,58587411,5
"58CC9F96A819A29FAAE7E1B553ABB23CBCE1D05C","rogue\sdf\pc\data\sdf-A-0387.sdfdata",58343216,58343216,51644843,5
"58CC9F96A819A29FAAE7E1B553ABB23CBCE1D05C","rogue\sdf\pc\data\sdf-A-0388.sdfdata",66832765,66832765,60962908,5
"58CC9F96A819A29FAAE7E1B553ABB23CBCE1D05C","rogue\sdf\pc\data\sdf-A-0389.sdfdata",65935908,65935908,57072717,5
"58CC9F96A819A29FAAE7E1B553ABB23CBCE1D05C","rogue\sdf\pc\data\sdf-A-0390.sdfdata",66345099,66345099,56659360,5
"58CC9F96A819A29FAAE7E1B553ABB23CBCE1D05C","rogue\sdf\pc\data\sdf-A-0391.sdfdata",65243297,65243297,55645745,5
"58CC9F96A819A29FAAE7E1B553ABB23CBCE1D05C","rogue\sdf\pc\data\sdf-A-0392.sdfdata",56921971,56921971,50312199,5
"58CC9F96A819A29FAAE7E1B553ABB23CBCE1D05C","rogue\sdf\pc\data\sdf-A-0393.sdfdata",82739766,82739766,72884704,5
"58CC9F96A819A29FAAE7E1B553ABB23CBCE1D05C","rogue\sdf\pc\data\sdf-A-0394.sdfdata",65238293,65238293,57018002,5
"58CC9F96A819A29FAAE7E1B553ABB23CBCE1D05C","rogue\sdf\pc\data\sdf-A-0395.sdfdata",65933458,65933458,57033240,5
"58CC9F96A819A29FAAE7E1B553ABB23CBCE1D05C","rogue\sdf\pc\data\sdf-A-0396.sdfdata",64963374,64963374,53188591,5
"58CC9F96A819A29FAAE7E1B553ABB23CBCE1D05C","rogue\sdf\pc\data\sdf-A-0397.sdfdata",65008342,65008342,54620599,5
"58CC9F96A819A29FAAE7E1B553ABB23CBCE1D05C","rogue\sdf\pc\data\sdf-A-0398.sdfdata",65152787,65152787,55725544,5
"58CC9F96A819A29FAAE7E1B553ABB23CBCE1D05C","rogue\sdf\pc\data\sdf-A-0399.sdfdata",63733952,63733952,54226834,5
"58CC9F96A819A29FAAE7E1B553ABB23CBCE1D05C","rogue\sdf\pc\data\sdf-A-0400.sdfdata",63529706,63529706,54142095,5
"58CC9F96A819A29FAAE7E1B553ABB23CBCE1D05C","rogue\sdf\pc\data\sdf-A-0401.sdfdata",60795381,60795381,52746938,5
"58CC9F96A819A29FAAE7E1B553ABB23CBCE1D05C","rogue\sdf\pc\data\sdf-A-0402.sdfdata",66536198,66536198,57783701,5
"58CC9F96A819A29FAAE7E1B553ABB23CBCE1D05C","rogue\sdf\pc\data\sdf-A-0403.sdfdata",52128384,52128384,43921036,5
"58CC9F96A819A29FAAE7E1B553ABB23CBCE1D05C","rogue\sdf\pc\data\sdf-A-0404.sdfdata",66934164,66934164,59962560,5
"58CC9F96A819A29FAAE7E1B553ABB23CBCE1D05C","rogue\sdf\pc\data\sdf-A-0405.sdfdata",66955322,66955322,57311566,5
"58CC9F96A819A29FAAE7E1B553ABB23CBCE1D05C","rogue\sdf\pc\data\sdf-A-0406.sdfdata",67085185,67085185,56067306,5
"58CC9F96A819A29FAAE7E1B553ABB23CBCE1D05C","rogue\sdf\pc\data\sdf-A-0407.sdfdata",66887296,66887296,59216882,5
"58CC9F96A819A29FAAE7E1B553ABB23CBCE1D05C","rogue\sdf\pc\data\sdf-A-0408.sdfdata",65369960,65369960,58623313,5
"58CC9F96A819A29FAAE7E1B553ABB23CBCE1D05C","rogue\sdf\pc\data\sdf-A-0409.sdfdata",65366914,65366914,58219514,5
"58CC9F96A819A29FAAE7E1B553ABB23CBCE1D05C","rogue\sdf\pc\data\sdf-A-0410.sdfdata",66988996,66988996,61078731,5
"58CC9F96A819A29FAAE7E1B553ABB23CBCE1D05C","rogue\sdf\pc\data\sdf-A-0411.sdfdata",66295488,66295488,60342849,5
"58CC9F96A819A29FAAE7E1B553ABB23CBCE1D05C","rogue\sdf\pc\data\sdf-A-0412.sdfdata",65876574,65876574,60274700,5
"58CC9F96A819A29FAAE7E1B553ABB23CBCE1D05C","rogue\sdf\pc\data\sdf-A-0413.sdfdata",66893071,66893071,59473684,5
"58CC9F96A819A29FAAE7E1B553ABB23CBCE1D05C","rogue\sdf\pc\data\sdf-A-0414.sdfdata",64218516,64218516,56637282,5
"58CC9F96A819A29FAAE7E1B553ABB23CBCE1D05C","rogue\sdf\pc\data\sdf-A-0415.sdfdata",59368079,59368079,52271062,5
"58CC9F96A819A29FAAE7E1B553ABB23CBCE1D05C","rogue\sdf\pc\data\sdf-A-0416.sdfdata",65856392,65856392,56658839,5
"58CC9F96A819A29FAAE7E1B553ABB23CBCE1D05C","rogue\sdf\pc\data\sdf-A-0417.sdfdata",66323073,66323073,57151981,5
"58CC9F96A819A29FAAE7E1B553ABB23CBCE1D05C","rogue\sdf\pc\data\sdf-A-0418.sdfdata",66865443,66865443,58067804,5
"58CC9F96A819A29FAAE7E1B553ABB23CBCE1D05C","rogue\sdf\pc\data\sdf-A-0419.sdfdata",63087764,63087764,55524814,5
"58CC9F96A819A29FAAE7E1B553ABB23CBCE1D05C","rogue\sdf\pc\data\sdf-A-0420.sdfdata",67104584,67104584,59279912,5
"58CC9F96A819A29FAAE7E1B553ABB23CBCE1D05C","rogue\sdf\pc\data\sdf-A-0421.sdfdata",67076856,67076856,60453381,5
"58CC9F96A819A29FAAE7E1B553ABB23CBCE1D05C","rogue\sdf\pc\data\sdf-A-0422.sdfdata",57185794,57185794,49869225,5
"58CC9F96A819A29FAAE7E1B553ABB23CBCE1D05C","rogue\sdf\pc\data\sdf-A-0423.sdfdata",66544704,66544704,59503487,5
"58CC9F96A819A29FAAE7E1B553ABB23CBCE1D05C","rogue\sdf\pc\data\sdf-A-0424.sdfdata",65876109,65876109,57939671,5
"58CC9F96A819A29FAAE7E1B553ABB23CBCE1D05C","rogue\sdf\pc\data\sdf-A-0425.sdfdata",60389641,60389641,54375012,5
"58CC9F96A819A29FAAE7E1B553ABB23CBCE1D05C","rogue\sdf\pc\data\sdf-A-0426.sdfdata",66590302,66590302,62607220,5
"58CC9F96A819A29FAAE7E1B553ABB23CBCE1D05C","rogue\sdf\pc\data\sdf-A-0427.sdfdata",67108694,67108694,63625718,5
"58CC9F96A819A29FAAE7E1B553ABB23CBCE1D05C","rogue\sdf\pc\data\sdf-A-0428.sdfdata",65268735,65268735,62727482,5
"58CC9F96A819A29FAAE7E1B553ABB23CBCE1D05C","rogue\sdf\pc\data\sdf-A-0429.sdfdata",66931987,66931987,63258245,5
"58CC9F96A819A29FAAE7E1B553ABB23CBCE1D05C","rogue\sdf\pc\data\sdf-A-0430.sdfdata",61369766,61369766,58518952,5
"58CC9F96A819A29FAAE7E1B553ABB23CBCE1D05C","rogue\sdf\pc\data\sdf-A-0431.sdfdata",65976788,65976788,62625640,5
"58CC9F96A819A29FAAE7E1B553ABB23CBCE1D05C","rogue\sdf\pc\data\sdf-A-0432.sdfdata",66371500,66371500,63008609,5
"58CC9F96A819A29FAAE7E1B553ABB23CBCE1D05C","rogue\sdf\pc\data\sdf-A-0433.sdfdata",67020551,67020551,62978256,5
"58CC9F96A819A29FAAE7E1B553ABB23CBCE1D05C","rogue\sdf\pc\data\sdf-A-0434.sdfdata",12603898,12603898,11662222,5
"58CC9F96A819A29FAAE7E1B553ABB23CBCE1D05C","rogue\sdf\pc\data\sdf-A-0435.sdfdata",90747028,90747028,87324801,5
"58CC9F96A819A29FAAE7E1B553ABB23CBCE1D05C","rogue\sdf\pc\data\sdf-A-0436.sdfdata",66029490,66029490,63262059,5
"58CC9F96A819A29FAAE7E1B553ABB23CBCE1D05C","rogue\sdf\pc\data\sdf-A-0437.sdfdata",64382506,64382506,60928090,5
"58CC9F96A819A29FAAE7E1B553ABB23CBCE1D05C","rogue\sdf\pc\data\sdf-A-0438.sdfdata",64822234,64822234,62120660,5
"58CC9F96A819A29FAAE7E1B553ABB23CBCE1D05C","rogue\sdf\pc\data\sdf-A-0439.sdfdata",65973386,65973386,62685710,5
"58CC9F96A819A29FAAE7E1B553ABB23CBCE1D05C","rogue\sdf\pc\data\sdf-A-0440.sdfdata",67105126,67105126,56483458,5
"58CC9F96A819A29FAAE7E1B553ABB23CBCE1D05C","rogue\sdf\pc\data\sdf-A-0441.sdfdata",64007081,64007081,47145165,5
"58CC9F96A819A29FAAE7E1B553ABB23CBCE1D05C","rogue\sdf\pc\data\sdf-A-0442.sdfdata",67108706,67108706,63390796,5
"58CC9F96A819A29FAAE7E1B553ABB23CBCE1D05C","rogue\sdf\pc\data\sdf-A-0443.sdfdata",66885403,66885403,62269213,5
"58CC9F96A819A29FAAE7E1B553ABB23CBCE1D05C","rogue\sdf\pc\data\sdf-A-0444.sdfdata",66701173,66701173,60189402,5
"58CC9F96A819A29FAAE7E1B553ABB23CBCE1D05C","rogue\sdf\pc\data\sdf-A-0445.sdfdata",64764545,64764545,56945438,5
"58CC9F96A819A29FAAE7E1B553ABB23CBCE1D05C","rogue\sdf\pc\data\sdf-A-0446.sdfdata",65007229,65007229,63004037,5
"58CC9F96A819A29FAAE7E1B553ABB23CBCE1D05C","rogue\sdf\pc\data\sdf-A-0447.sdfdata",66731005,66731005,64094944,5
"58CC9F96A819A29FAAE7E1B553ABB23CBCE1D05C","rogue\sdf\pc\data\sdf-A-0448.sdfdata",66834548,66834548,62600570,5
"58CC9F96A819A29FAAE7E1B553ABB23CBCE1D05C","rogue\sdf\pc\data\sdf-A-0449.sdfdata",66300478,66300478,62477492,5
"58CC9F96A819A29FAAE7E1B553ABB23CBCE1D05C","rogue\sdf\pc\data\sdf-A-0450.sdfdata",63911094,63911094,60508117,5
"58CC9F96A819A29FAAE7E1B553ABB23CBCE1D05C","rogue\sdf\pc\data\sdf-A-0451.sdfdata",66725433,66725433,63280028,5
"58CC9F96A819A29FAAE7E1B553ABB23CBCE1D05C","rogue\sdf\pc\data\sdf-A-0452.sdfdata",66266236,66266236,62953728,5
"58CC9F96A819A29FAAE7E1B553ABB23CBCE1D05C","rogue\sdf\pc\data\sdf-A-0453.sdfdata",65309167,65309167,61462149,5
"58CC9F96A819A29FAAE7E1B553ABB23CBCE1D05C","rogue\sdf\pc\data\sdf-A-0454.sdfdata",66473319,66473319,62531928,5
"58CC9F96A819A29FAAE7E1B553ABB23CBCE1D05C","rogue\sdf\pc\data\sdf-A-0455.sdfdata",64817256,64817256,61610269,5
"58CC9F96A819A29FAAE7E1B553ABB23CBCE1D05C","rogue\sdf\pc\data\sdf-A-0456.sdfdata",65463622,65463622,61752133,5
"58CC9F96A819A29FAAE7E1B553ABB23CBCE1D05C","rogue\sdf\pc\data\sdf-A-0457.sdfdata",65646422,65646422,62383868,5
"58CC9F96A819A29FAAE7E1B553ABB23CBCE1D05C","rogue\sdf\pc\data\sdf-A-0458.sdfdata",66520104,66520104,63498256,5
"58CC9F96A819A29FAAE7E1B553ABB23CBCE1D05C","rogue\sdf\pc\data\sdf-A-0459.sdfdata",64834891,64834891,61922481,5
"58CC9F96A819A29FAAE7E1B553ABB23CBCE1D05C","rogue\sdf\pc\data\sdf-A-0460.sdfdata",65356015,65356015,62193900,5
"58CC9F96A819A29FAAE7E1B553ABB23CBCE1D05C","rogue\sdf\pc\data\sdf-A-0461.sdfdata",66232617,66232617,62357193,5
"58CC9F96A819A29FAAE7E1B553ABB23CBCE1D05C","rogue\sdf\pc\data\sdf-A-0462.sdfdata",67097638,67097638,63478471,5
"58CC9F96A819A29FAAE7E1B553ABB23CBCE1D05C","rogue\sdf\pc\data\sdf-A-0463.sdfdata",65691776,65691776,61712074,5
"58CC9F96A819A29FAAE7E1B553ABB23CBCE1D05C","rogue\sdf\pc\data\sdf-A-0464.sdfdata",66179751,66179751,62648950,5
"58CC9F96A819A29FAAE7E1B553ABB23CBCE1D05C","rogue\sdf\pc\data\sdf-A-0465.sdfdata",66619840,66619840,63003096,5
"58CC9F96A819A29FAAE7E1B553ABB23CBCE1D05C","rogue\sdf\pc\data\sdf-A-0466.sdfdata",64017161,64017161,60188965,5
"58CC9F96A819A29FAAE7E1B553ABB23CBCE1D05C","rogue\sdf\pc\data\sdf-A-0467.sdfdata",62969791,62969791,59129746,5
"58CC9F96A819A29FAAE7E1B553ABB23CBCE1D05C","rogue\sdf\pc\data\sdf-A-0468.sdfdata",63709778,63709778,60663268,5
"58CC9F96A819A29FAAE7E1B553ABB23CBCE1D05C","rogue\sdf\pc\data\sdf-A-0469.sdfdata",64874745,64874745,61458059,5
"58CC9F96A819A29FAAE7E1B553ABB23CBCE1D05C","rogue\sdf\pc\data\sdf-A-0470.sdfdata",66711202,66711202,62900485,5
"58CC9F96A819A29FAAE7E1B553ABB23CBCE1D05C","rogue\sdf\pc\data\sdf-A-0471.sdfdata",66983478,66983478,63499846,5
"58CC9F96A819A29FAAE7E1B553ABB23CBCE1D05C","rogue\sdf\pc\data\sdf-A-0472.sdfdata",65633451,65633451,61735442,5
"58CC9F96A819A29FAAE7E1B553ABB23CBCE1D05C","rogue\sdf\pc\data\sdf-A-0473.sdfdata",64860732,64860732,61577386,5
"58CC9F96A819A29FAAE7E1B553ABB23CBCE1D05C","rogue\sdf\pc\data\sdf-A-0474.sdfdata",66446157,66446157,63510386,5
"58CC9F96A819A29FAAE7E1B553ABB23CBCE1D05C","rogue\sdf\pc\data\sdf-A-0475.sdfdata",64550449,64550449,62213666,5
"58CC9F96A819A29FAAE7E1B553ABB23CBCE1D05C","rogue\sdf\pc\data\sdf-A-0476.sdfdata",64911772,64911772,62235994,5
"58CC9F96A819A29FAAE7E1B553ABB23CBCE1D05C","rogue\sdf\pc\data\sdf-A-0477.sdfdata",64521187,64521187,61948790,5
"58CC9F96A819A29FAAE7E1B553ABB23CBCE1D05C","rogue\sdf\pc\data\sdf-A-0478.sdfdata",66676506,66676506,63731637,5
"58CC9F96A819A29FAAE7E1B553ABB23CBCE1D05C","rogue\sdf\pc\data\sdf-A-0479.sdfdata",67102986,67102986,64272276,5
"58CC9F96A819A29FAAE7E1B553ABB23CBCE1D05C","rogue\sdf\pc\data\sdf-A-0480.sdfdata",66329310,66329310,64092853,5
"58CC9F96A819A29FAAE7E1B553ABB23CBCE1D05C","rogue\sdf\pc\data\sdf-A-0481.sdfdata",66852426,66852426,64359840,5
"58CC9F96A819A29FAAE7E1B553ABB23CBCE1D05C","rogue\sdf\pc\data\sdf-A-0482.sdfdata",66977239,66977239,64512342,5
"58CC9F96A819A29FAAE7E1B553ABB23CBCE1D05C","rogue\sdf\pc\data\sdf-A-0483.sdfdata",67060882,67060882,63648086,5
"58CC9F96A819A29FAAE7E1B553ABB23CBCE1D05C","rogue\sdf\pc\data\sdf-A-0484.sdfdata",66258543,66258543,63694861,5
"58CC9F96A819A29FAAE7E1B553ABB23CBCE1D05C","rogue\sdf\pc\data\sdf-A-0485.sdfdata",66274016,66274016,62405355,5
"58CC9F96A819A29FAAE7E1B553ABB23CBCE1D05C","rogue\sdf\pc\data\sdf-A-0486.sdfdata",64498481,64498481,61670104,5
"58CC9F96A819A29FAAE7E1B553ABB23CBCE1D05C","rogue\sdf\pc\data\sdf-A-0487.sdfdata",66727460,66727460,64153917,5
"58CC9F96A819A29FAAE7E1B553ABB23CBCE1D05C","rogue\sdf\pc\data\sdf-A-0488.sdfdata",66449646,66449646,63711034,5
"58CC9F96A819A29FAAE7E1B553ABB23CBCE1D05C","rogue\sdf\pc\data\sdf-A-0489.sdfdata",67093934,67093934,64095496,5
"58CC9F96A819A29FAAE7E1B553ABB23CBCE1D05C","rogue\sdf\pc\data\sdf-A-0490.sdfdata",65782314,65782314,62785660,5
"58CC9F96A819A29FAAE7E1B553ABB23CBCE1D05C","rogue\sdf\pc\data\sdf-A-0491.sdfdata",66264486,66264486,63519956,5
"58CC9F96A819A29FAAE7E1B553ABB23CBCE1D05C","rogue\sdf\pc\data\sdf-A-0492.sdfdata",66739177,66739177,63848830,5
"58CC9F96A819A29FAAE7E1B553ABB23CBCE1D05C","rogue\sdf\pc\data\sdf-A-0493.sdfdata",67062162,67062162,64293793,5
"58CC9F96A819A29FAAE7E1B553ABB23CBCE1D05C","rogue\sdf\pc\data\sdf-A-0494.sdfdata",66947500,66947500,63941729,5
"58CC9F96A819A29FAAE7E1B553ABB23CBCE1D05C","rogue\sdf\pc\data\sdf-A-0495.sdfdata",66770971,66770971,63478378,5
"58CC9F96A819A29FAAE7E1B553ABB23CBCE1D05C","rogue\sdf\pc\data\sdf-A-0496.sdfdata",65965619,65965619,63476938,5
"58CC9F96A819A29FAAE7E1B553ABB23CBCE1D05C","rogue\sdf\pc\data\sdf-A-0497.sdfdata",67101974,67101974,63695895,5
"58CC9F96A819A29FAAE7E1B553ABB23CBCE1D05C","rogue\sdf\pc\data\sdf-A-0498.sdfdata",66361382,66361382,63512827,5
"58CC9F96A819A29FAAE7E1B553ABB23CBCE1D05C","rogue\sdf\pc\data\sdf-A-0499.sdfdata",66395502,66395502,63955605,5
"58CC9F96A819A29FAAE7E1B553ABB23CBCE1D05C","rogue\sdf\pc\data\sdf-A-0500.sdfdata",66891167,66891167,64352877,5
"58CC9F96A819A29FAAE7E1B553ABB23CBCE1D05C","rogue\sdf\pc\data\sdf-A-0501.sdfdata",66612660,66612660,63794862,5
"58CC9F96A819A29FAAE7E1B553ABB23CBCE1D05C","rogue\sdf\pc\data\sdf-A-0502.sdfdata",66849871,66849871,64366624,5
"58CC9F96A819A29FAAE7E1B553ABB23CBCE1D05C","rogue\sdf\pc\data\sdf-A-0503.sdfdata",64411051,64411051,61413636,5
"58CC9F96A819A29FAAE7E1B553ABB23CBCE1D05C","rogue\sdf\pc\data\sdf-A-0504.sdfdata",67050433,67050433,64367711,5
"58CC9F96A819A29FAAE7E1B553ABB23CBCE1D05C","rogue\sdf\pc\data\sdf-A-0505.sdfdata",67043495,67043495,62912036,5
"58CC9F96A819A29FAAE7E1B553ABB23CBCE1D05C","rogue\sdf\pc\data\sdf-A-0506.sdfdata",65957890,65957890,62492189,5
"58CC9F96A819A29FAAE7E1B553ABB23CBCE1D05C","rogue\sdf\pc\data\sdf-A-0507.sdfdata",66482270,66482270,63444814,5
"58CC9F96A819A29FAAE7E1B553ABB23CBCE1D05C","rogue\sdf\pc\data\sdf-A-0508.sdfdata",65974762,65974762,63091340,5
"58CC9F96A819A29FAAE7E1B553ABB23CBCE1D05C","rogue\sdf\pc\data\sdf-A-0509.sdfdata",64416166,64416166,61507147,5
"58CC9F96A819A29FAAE7E1B553ABB23CBCE1D05C","rogue\sdf\pc\data\sdf-A-0510.sdfdata",66693149,66693149,63464388,5
"58CC9F96A819A29FAAE7E1B553ABB23CBCE1D05C","rogue\sdf\pc\data\sdf-A-0511.sdfdata",66562732,66562732,63376702,5
"58CC9F96A819A29FAAE7E1B553ABB23CBCE1D05C","rogue\sdf\pc\data\sdf-A-0512.sdfdata",65607659,65607659,62057585,5
"58CC9F96A819A29FAAE7E1B553ABB23CBCE1D05C","rogue\sdf\pc\data\sdf-A-0513.sdfdata",63345991,63345991,60174315,5
"58CC9F96A819A29FAAE7E1B553ABB23CBCE1D05C","rogue\sdf\pc\data\sdf-A-0514.sdfdata",65337848,65337848,62348480,5
"58CC9F96A819A29FAAE7E1B553ABB23CBCE1D05C","rogue\sdf\pc\data\sdf-A-0515.sdfdata",67093305,67093305,63944472,5
"58CC9F96A819A29FAAE7E1B553ABB23CBCE1D05C","rogue\sdf\pc\data\sdf-A-0516.sdfdata",67045695,67045695,63865912,5
"58CC9F96A819A29FAAE7E1B553ABB23CBCE1D05C","rogue\sdf\pc\data\sdf-A-0517.sdfdata",63181488,63181488,60708686,5
"58CC9F96A819A29FAAE7E1B553ABB23CBCE1D05C","rogue\sdf\pc\data\sdf-A-0518.sdfdata",66577205,66577205,64144093,5
"58CC9F96A819A29FAAE7E1B553ABB23CBCE1D05C","rogue\sdf\pc\data\sdf-A-0519.sdfdata",66870422,66870422,63738725,5
"58CC9F96A819A29FAAE7E1B553ABB23CBCE1D05C","rogue\sdf\pc\data\sdf-A-0520.sdfdata",66595957,66595957,63843985,5
"58CC9F96A819A29FAAE7E1B553ABB23CBCE1D05C","rogue\sdf\pc\data\sdf-A-0521.sdfdata",66917364,66917364,64579003,5
"58CC9F96A819A29FAAE7E1B553ABB23CBCE1D05C","rogue\sdf\pc\data\sdf-A-0522.sdfdata",67105174,67105174,64192235,5
"58CC9F96A819A29FAAE7E1B553ABB23CBCE1D05C","rogue\sdf\pc\data\sdf-A-0523.sdfdata",67063077,67063077,64308065,5
"58CC9F96A819A29FAAE7E1B553ABB23CBCE1D05C","rogue\sdf\pc\data\sdf-A-0524.sdfdata",65643577,65643577,63184354,5
"58CC9F96A819A29FAAE7E1B553ABB23CBCE1D05C","rogue\sdf\pc\data\sdf-A-0525.sdfdata",66789729,66789729,64242679,5
"58CC9F96A819A29FAAE7E1B553ABB23CBCE1D05C","rogue\sdf\pc\data\sdf-A-0526.sdfdata",65585858,65585858,62950399,5
"58CC9F96A819A29FAAE7E1B553ABB23CBCE1D05C","rogue\sdf\pc\data\sdf-A-0527.sdfdata",66994903,66994903,64393187,5
"58CC9F96A819A29FAAE7E1B553ABB23CBCE1D05C","rogue\sdf\pc\data\sdf-A-0528.sdfdata",63879200,63879200,61405367,5
"58CC9F96A819A29FAAE7E1B553ABB23CBCE1D05C","rogue\sdf\pc\data\sdf-A-0529.sdfdata",66336553,66336553,64165246,5
"58CC9F96A819A29FAAE7E1B553ABB23CBCE1D05C","rogue\sdf\pc\data\sdf-A-0530.sdfdata",67088234,67088234,64306277,5
"58CC9F96A819A29FAAE7E1B553ABB23CBCE1D05C","rogue\sdf\pc\data\sdf-A-0531.sdfdata",66325379,66325379,64427729,5
"58CC9F96A819A29FAAE7E1B553ABB23CBCE1D05C","rogue\sdf\pc\data\sdf-A-0532.sdfdata",63153535,63153535,61060792,5
"58CC9F96A819A29FAAE7E1B553ABB23CBCE1D05C","rogue\sdf\pc\data\sdf-A-0533.sdfdata",63982829,63982829,61791098,5
"58CC9F96A819A29FAAE7E1B553ABB23CBCE1D05C","rogue\sdf\pc\data\sdf-A-0534.sdfdata",67010501,67010501,64732178,5
"58CC9F96A819A29FAAE7E1B553ABB23CBCE1D05C","rogue\sdf\pc\data\sdf-A-0535.sdfdata",65093081,65093081,62312370,5
"58CC9F96A819A29FAAE7E1B553ABB23CBCE1D05C","rogue\sdf\pc\data\sdf-A-0536.sdfdata",67097549,67097549,64410329,5
"58CC9F96A819A29FAAE7E1B553ABB23CBCE1D05C","rogue\sdf\pc\data\sdf-A-0537.sdfdata",67093994,67093994,64525804,5
"58CC9F96A819A29FAAE7E1B553ABB23CBCE1D05C","rogue\sdf\pc\data\sdf-A-0538.sdfdata",67099152,67099152,64225498,5
"58CC9F96A819A29FAAE7E1B553ABB23CBCE1D05C","rogue\sdf\pc\data\sdf-A-0539.sdfdata",64942255,64942255,62059356,5
"58CC9F96A819A29FAAE7E1B553ABB23CBCE1D05C","rogue\sdf\pc\data\sdf-A-0540.sdfdata",66370411,66370411,63336768,5
"58CC9F96A819A29FAAE7E1B553ABB23CBCE1D05C","rogue\sdf\pc\data\sdf-A-0541.sdfdata",66830263,66830263,64090735,5
"58CC9F96A819A29FAAE7E1B553ABB23CBCE1D05C","rogue\sdf\pc\data\sdf-A-0542.sdfdata",66627705,66627705,62912979,5
"58CC9F96A819A29FAAE7E1B553ABB23CBCE1D05C","rogue\sdf\pc\data\sdf-A-0543.sdfdata",67105693,67105693,63828811,5
"58CC9F96A819A29FAAE7E1B553ABB23CBCE1D05C","rogue\sdf\pc\data\sdf-A-0544.sdfdata",66636672,66636672,63398181,5
"58CC9F96A819A29FAAE7E1B553ABB23CBCE1D05C","rogue\sdf\pc\data\sdf-A-0545.sdfdata",67108199,67108199,64647276,5
"58CC9F96A819A29FAAE7E1B553ABB23CBCE1D05C","rogue\sdf\pc\data\sdf-A-0546.sdfdata",66142449,66142449,63256749,5
"58CC9F96A819A29FAAE7E1B553ABB23CBCE1D05C","rogue\sdf\pc\data\sdf-A-0547.sdfdata",66654657,66654657,64102925,5
"58CC9F96A819A29FAAE7E1B553ABB23CBCE1D05C","rogue\sdf\pc\data\sdf-A-0548.sdfdata",66200730,66200730,63398233,5
"58CC9F96A819A29FAAE7E1B553ABB23CBCE1D05C","rogue\sdf\pc\data\sdf-A-0549.sdfdata",62977187,62977187,60908802,5
"58CC9F96A819A29FAAE7E1B553ABB23CBCE1D05C","rogue\sdf\pc\data\sdf-A-0550.sdfdata",66513220,66513220,63533866,5
"58CC9F96A819A29FAAE7E1B553ABB23CBCE1D05C","rogue\sdf\pc\data\sdf-A-0551.sdfdata",67052466,67052466,64425183,5
"58CC9F96A819A29FAAE7E1B553ABB23CBCE1D05C","rogue\sdf\pc\data\sdf-A-0552.sdfdata",66824917,66824917,64035825,5
"58CC9F96A819A29FAAE7E1B553ABB23CBCE1D05C","rogue\sdf\pc\data\sdf-A-0553.sdfdata",65902980,65902980,62716208,5
"58CC9F96A819A29FAAE7E1B553ABB23CBCE1D05C","rogue\sdf\pc\data\sdf-A-0554.sdfdata",66838419,66838419,64119047,5
"58CC9F96A819A29FAAE7E1B553ABB23CBCE1D05C","rogue\sdf\pc\data\sdf-A-0555.sdfdata",67100628,67100628,63817573,5
"58CC9F96A819A29FAAE7E1B553ABB23CBCE1D05C","rogue\sdf\pc\data\sdf-A-0556.sdfdata",63937355,63937355,61252590,5
"58CC9F96A819A29FAAE7E1B553ABB23CBCE1D05C","rogue\sdf\pc\data\sdf-A-0557.sdfdata",67054822,67054822,64557869,5
"58CC9F96A819A29FAAE7E1B553ABB23CBCE1D05C","rogue\sdf\pc\data\sdf-A-0558.sdfdata",66624017,66624017,63833381,5
"58CC9F96A819A29FAAE7E1B553ABB23CBCE1D05C","rogue\sdf\pc\data\sdf-A-0559.sdfdata",65978612,65978612,62415892,5
"58CC9F96A819A29FAAE7E1B553ABB23CBCE1D05C","rogue\sdf\pc\data\sdf-A-0560.sdfdata",66383828,66383828,64313475,5
"58CC9F96A819A29FAAE7E1B553ABB23CBCE1D05C","rogue\sdf\pc\data\sdf-A-0561.sdfdata",63091779,63091779,59286055,5
"58CC9F96A819A29FAAE7E1B553ABB23CBCE1D05C","rogue\sdf\pc\data\sdf-A-0562.sdfdata",64022332,64022332,60657331,5
"58CC9F96A819A29FAAE7E1B553ABB23CBCE1D05C","rogue\sdf\pc\data\sdf-A-0563.sdfdata",66931687,66931687,63679307,5
"58CC9F96A819A29FAAE7E1B553ABB23CBCE1D05C","rogue\sdf\pc\data\sdf-A-0564.sdfdata",66245395,66245395,63770375,5
"58CC9F96A819A29FAAE7E1B553ABB23CBCE1D05C","rogue\sdf\pc\data\sdf-A-0565.sdfdata",67071748,67071748,64556249,5
"58CC9F96A819A29FAAE7E1B553ABB23CBCE1D05C","rogue\sdf\pc\data\sdf-A-0566.sdfdata",66231738,66231738,63514264,5
"58CC9F96A819A29FAAE7E1B553ABB23CBCE1D05C","rogue\sdf\pc\data\sdf-A-0567.sdfdata",67078157,67078157,63787162,5
"58CC9F96A819A29FAAE7E1B553ABB23CBCE1D05C","rogue\sdf\pc\data\sdf-A-0568.sdfdata",66441906,66441906,63411923,5
"58CC9F96A819A29FAAE7E1B553ABB23CBCE1D05C","rogue\sdf\pc\data\sdf-A-0569.sdfdata",64692626,64692626,61691953,5
"58CC9F96A819A29FAAE7E1B553ABB23CBCE1D05C","rogue\sdf\pc\data\sdf-A-0570.sdfdata",65786647,65786647,63355376,5
"58CC9F96A819A29FAAE7E1B553ABB23CBCE1D05C","rogue\sdf\pc\data\sdf-A-0571.sdfdata",67068652,67068652,63990699,5
"58CC9F96A819A29FAAE7E1B553ABB23CBCE1D05C","rogue\sdf\pc\data\sdf-A-0572.sdfdata",66094281,66094281,63462779,5
"58CC9F96A819A29FAAE7E1B553ABB23CBCE1D05C","rogue\sdf\pc\data\sdf-A-0573.sdfdata",66973234,66973234,63128686,5
"58CC9F96A819A29FAAE7E1B553ABB23CBCE1D05C","rogue\sdf\pc\data\sdf-A-0574.sdfdata",66942550,66942550,63667955,5
"58CC9F96A819A29FAAE7E1B553ABB23CBCE1D05C","rogue\sdf\pc\data\sdf-A-0575.sdfdata",66852388,66852388,64145354,5
"58CC9F96A819A29FAAE7E1B553ABB23CBCE1D05C","rogue\sdf\pc\data\sdf-A-0576.sdfdata",63520345,63520345,60871301,5
"58CC9F96A819A29FAAE7E1B553ABB23CBCE1D05C","rogue\sdf\pc\data\sdf-A-0577.sdfdata",67035323,67035323,64264924,5
"58CC9F96A819A29FAAE7E1B553ABB23CBCE1D05C","rogue\sdf\pc\data\sdf-A-0578.sdfdata",65295040,65295040,62833010,5
"58CC9F96A819A29FAAE7E1B553ABB23CBCE1D05C","rogue\sdf\pc\data\sdf-A-0579.sdfdata",66890604,66890604,64189663,5
"58CC9F96A819A29FAAE7E1B553ABB23CBCE1D05C","rogue\sdf\pc\data\sdf-A-0580.sdfdata",66652030,66652030,63884286,5
"58CC9F96A819A29FAAE7E1B553ABB23CBCE1D05C","rogue\sdf\pc\data\sdf-A-0581.sdfdata",66844615,66844615,64578420,5
"58CC9F96A819A29FAAE7E1B553ABB23CBCE1D05C","rogue\sdf\pc\data\sdf-A-0582.sdfdata",66759470,66759470,62597539,5
"58CC9F96A819A29FAAE7E1B553ABB23CBCE1D05C","rogue\sdf\pc\data\sdf-A-0583.sdfdata",66270031,66270031,62394504,5
"58CC9F96A819A29FAAE7E1B553ABB23CBCE1D05C","rogue\sdf\pc\data\sdf-A-0584.sdfdata",65134160,65134160,62245875,5
"58CC9F96A819A29FAAE7E1B553ABB23CBCE1D05C","rogue\sdf\pc\data\sdf-A-0585.sdfdata",67100657,67100657,63859990,5
"58CC9F96A819A29FAAE7E1B553ABB23CBCE1D05C","rogue\sdf\pc\data\sdf-A-0586.sdfdata",66734175,66734175,63965187,5
"58CC9F96A819A29FAAE7E1B553ABB23CBCE1D05C","rogue\sdf\pc\data\sdf-A-0587.sdfdata",65879083,65879083,62954492,5
"58CC9F96A819A29FAAE7E1B553ABB23CBCE1D05C","rogue\sdf\pc\data\sdf-A-0588.sdfdata",67004021,67004021,62886594,5
"58CC9F96A819A29FAAE7E1B553ABB23CBCE1D05C","rogue\sdf\pc\data\sdf-A-0589.sdfdata",66922210,66922210,64073227,5
"58CC9F96A819A29FAAE7E1B553ABB23CBCE1D05C","rogue\sdf\pc\data\sdf-A-0590.sdfdata",66808888,66808888,63952969,5
"58CC9F96A819A29FAAE7E1B553ABB23CBCE1D05C","rogue\sdf\pc\data\sdf-A-0591.sdfdata",67089472,67089472,64148740,5
"58CC9F96A819A29FAAE7E1B553ABB23CBCE1D05C","rogue\sdf\pc\data\sdf-A-0592.sdfdata",66583342,66583342,63905870,5
"58CC9F96A819A29FAAE7E1B553ABB23CBCE1D05C","rogue\sdf\pc\data\sdf-A-0593.sdfdata",63696124,63696124,60751185,5
"58CC9F96A819A29FAAE7E1B553ABB23CBCE1D05C","rogue\sdf\pc\data\sdf-A-0594.sdfdata",66952627,66952627,63719114,5
"58CC9F96A819A29FAAE7E1B553ABB23CBCE1D05C","rogue\sdf\pc\data\sdf-A-0595.sdfdata",67103611,67103611,64301871,5
"58CC9F96A819A29FAAE7E1B553ABB23CBCE1D05C","rogue\sdf\pc\data\sdf-A-0596.sdfdata",67097405,67097405,63731721,5
"58CC9F96A819A29FAAE7E1B553ABB23CBCE1D05C","rogue\sdf\pc\data\sdf-A-0597.sdfdata",66692183,66692183,62444978,5
"58CC9F96A819A29FAAE7E1B553ABB23CBCE1D05C","rogue\sdf\pc\data\sdf-A-0598.sdfdata",67041986,67041986,62403337,5
"58CC9F96A819A29FAAE7E1B553ABB23CBCE1D05C","rogue\sdf\pc\data\sdf-A-0599.sdfdata",63337992,63337992,60939093,5
"58CC9F96A819A29FAAE7E1B553ABB23CBCE1D05C","rogue\sdf\pc\data\sdf-A-0600.sdfdata",64294720,64294720,62444629,5
"58CC9F96A819A29FAAE7E1B553ABB23CBCE1D05C","rogue\sdf\pc\data\sdf-A-0601.sdfdata",67088854,67088854,65302814,5
"58CC9F96A819A29FAAE7E1B553ABB23CBCE1D05C","rogue\sdf\pc\data\sdf-A-0602.sdfdata",67096989,67096989,65254547,5
"58CC9F96A819A29FAAE7E1B553ABB23CBCE1D05C","rogue\sdf\pc\data\sdf-A-0603.sdfdata",66966012,66966012,65029069,5
"58CC9F96A819A29FAAE7E1B553ABB23CBCE1D05C","rogue\sdf\pc\data\sdf-A-0604.sdfdata",66933021,66933021,63849786,5
"58CC9F96A819A29FAAE7E1B553ABB23CBCE1D05C","rogue\sdf\pc\data\sdf-A-0605.sdfdata",66789039,66789039,63665162,5
"58CC9F96A819A29FAAE7E1B553ABB23CBCE1D05C","rogue\sdf\pc\data\sdf-A-0606.sdfdata",66076816,66076816,63275097,5
"58CC9F96A819A29FAAE7E1B553ABB23CBCE1D05C","rogue\sdf\pc\data\sdf-A-0607.sdfdata",66332430,66332430,63118678,5
"58CC9F96A819A29FAAE7E1B553ABB23CBCE1D05C","rogue\sdf\pc\data\sdf-A-0608.sdfdata",67058234,67058234,64299726,5
"58CC9F96A819A29FAAE7E1B553ABB23CBCE1D05C","rogue\sdf\pc\data\sdf-A-0609.sdfdata",67108315,67108315,63742933,5
"58CC9F96A819A29FAAE7E1B553ABB23CBCE1D05C","rogue\sdf\pc\data\sdf-A-0610.sdfdata",66299693,66299693,63547133,5
"58CC9F96A819A29FAAE7E1B553ABB23CBCE1D05C","rogue\sdf\pc\data\sdf-A-0611.sdfdata",67056755,67056755,64339426,5
"58CC9F96A819A29FAAE7E1B553ABB23CBCE1D05C","rogue\sdf\pc\data\sdf-A-0612.sdfdata",66050219,66050219,63338644,5
"58CC9F96A819A29FAAE7E1B553ABB23CBCE1D05C","rogue\sdf\pc\data\sdf-A-0613.sdfdata",66037571,66037571,63197034,5
"58CC9F96A819A29FAAE7E1B553ABB23CBCE1D05C","rogue\sdf\pc\data\sdf-A-0614.sdfdata",67088025,67088025,63954624,5
"58CC9F96A819A29FAAE7E1B553ABB23CBCE1D05C","rogue\sdf\pc\data\sdf-A-0615.sdfdata",66881772,66881772,63865411,5
"58CC9F96A819A29FAAE7E1B553ABB23CBCE1D05C","rogue\sdf\pc\data\sdf-A-0616.sdfdata",66752154,66752154,63698394,5
"58CC9F96A819A29FAAE7E1B553ABB23CBCE1D05C","rogue\sdf\pc\data\sdf-A-0617.sdfdata",66805222,66805222,63926033,5
"58CC9F96A819A29FAAE7E1B553ABB23CBCE1D05C","rogue\sdf\pc\data\sdf-A-0618.sdfdata",66762490,66762490,64112614,5
"58CC9F96A819A29FAAE7E1B553ABB23CBCE1D05C","rogue\sdf\pc\data\sdf-A-0619.sdfdata",67107478,67107478,64791603,5
"58CC9F96A819A29FAAE7E1B553ABB23CBCE1D05C","rogue\sdf\pc\data\sdf-A-0620.sdfdata",65961313,65961313,62412439,5
"58CC9F96A819A29FAAE7E1B553ABB23CBCE1D05C","rogue\sdf\pc\data\sdf-A-0621.sdfdata",65682689,65682689,63154221,5
"58CC9F96A819A29FAAE7E1B553ABB23CBCE1D05C","rogue\sdf\pc\data\sdf-A-0622.sdfdata",66886366,66886366,63571497,5
"58CC9F96A819A29FAAE7E1B553ABB23CBCE1D05C","rogue\sdf\pc\data\sdf-A-0623.sdfdata",64976757,64976757,61640933,5
"58CC9F96A819A29FAAE7E1B553ABB23CBCE1D05C","rogue\sdf\pc\data\sdf-A-0624.sdfdata",66872855,66872855,63898920,5
"58CC9F96A819A29FAAE7E1B553ABB23CBCE1D05C","rogue\sdf\pc\data\sdf-A-0625.sdfdata",66180073,66180073,63464277,5
"58CC9F96A819A29FAAE7E1B553ABB23CBCE1D05C","rogue\sdf\pc\data\sdf-A-0626.sdfdata",67059377,67059377,64393506,5
"58CC9F96A819A29FAAE7E1B553ABB23CBCE1D05C","rogue\sdf\pc\data\sdf-A-0627.sdfdata",67075720,67075720,63840083,5
"58CC9F96A819A29FAAE7E1B553ABB23CBCE1D05C","rogue\sdf\pc\data\sdf-A-0628.sdfdata",63561783,63561783,60617561,5
"58CC9F96A819A29FAAE7E1B553ABB23CBCE1D05C","rogue\sdf\pc\data\sdf-A-0629.sdfdata",64306823,64306823,61422758,5
"58CC9F96A819A29FAAE7E1B553ABB23CBCE1D05C","rogue\sdf\pc\data\sdf-A-0630.sdfdata",65974952,65974952,62784425,5
"58CC9F96A819A29FAAE7E1B553ABB23CBCE1D05C","rogue\sdf\pc\data\sdf-A-0631.sdfdata",66491529,66491529,63497884,5
"58CC9F96A819A29FAAE7E1B553ABB23CBCE1D05C","rogue\sdf\pc\data\sdf-A-0632.sdfdata",66088492,66088492,63018610,5
"58CC9F96A819A29FAAE7E1B553ABB23CBCE1D05C","rogue\sdf\pc\data\sdf-A-0633.sdfdata",64949058,64949058,62175711,5
"58CC9F96A819A29FAAE7E1B553ABB23CBCE1D05C","rogue\sdf\pc\data\sdf-A-0634.sdfdata",66932440,66932440,63063028,5
"58CC9F96A819A29FAAE7E1B553ABB23CBCE1D05C","rogue\sdf\pc\data\sdf-A-0635.sdfdata",64070319,64070319,61278428,5
"58CC9F96A819A29FAAE7E1B553ABB23CBCE1D05C","rogue\sdf\pc\data\sdf-A-0636.sdfdata",65782209,65782209,62524489,5
"58CC9F96A819A29FAAE7E1B553ABB23CBCE1D05C","rogue\sdf\pc\data\sdf-A-0637.sdfdata",66716920,66716920,63606074,5
"58CC9F96A819A29FAAE7E1B553ABB23CBCE1D05C","rogue\sdf\pc\data\sdf-A-0638.sdfdata",66787557,66787557,64428728,5
"58CC9F96A819A29FAAE7E1B553ABB23CBCE1D05C","rogue\sdf\pc\data\sdf-A-0639.sdfdata",66846843,66846843,63356097,5
"58CC9F96A819A29FAAE7E1B553ABB23CBCE1D05C","rogue\sdf\pc\data\sdf-A-0640.sdfdata",66534503,66534503,63843789,5
"58CC9F96A819A29FAAE7E1B553ABB23CBCE1D05C","rogue\sdf\pc\data\sdf-A-0641.sdfdata",65232755,65232755,63089122,5
"58CC9F96A819A29FAAE7E1B553ABB23CBCE1D05C","rogue\sdf\pc\data\sdf-A-0642.sdfdata",65295178,65295178,62317438,5
"58CC9F96A819A29FAAE7E1B553ABB23CBCE1D05C","rogue\sdf\pc\data\sdf-A-0643.sdfdata",66162260,66162260,63497106,5
"58CC9F96A819A29FAAE7E1B553ABB23CBCE1D05C","rogue\sdf\pc\data\sdf-A-0644.sdfdata",67002053,67002053,64123075,5
"58CC9F96A819A29FAAE7E1B553ABB23CBCE1D05C","rogue\sdf\pc\data\sdf-A-0645.sdfdata",66980873,66980873,64741615,5
"58CC9F96A819A29FAAE7E1B553ABB23CBCE1D05C","rogue\sdf\pc\data\sdf-A-0646.sdfdata",63823567,63823567,61388122,5
"58CC9F96A819A29FAAE7E1B553ABB23CBCE1D05C","rogue\sdf\pc\data\sdf-A-0647.sdfdata",66973844,66973844,64527062,5
"58CC9F96A819A29FAAE7E1B553ABB23CBCE1D05C","rogue\sdf\pc\data\sdf-A-0648.sdfdata",66447585,66447585,63890668,5
"58CC9F96A819A29FAAE7E1B553ABB23CBCE1D05C","rogue\sdf\pc\data\sdf-A-0649.sdfdata",66926396,66926396,63021979,5
"58CC9F96A819A29FAAE7E1B553ABB23CBCE1D05C","rogue\sdf\pc\data\sdf-A-0650.sdfdata",66884313,66884313,64316007,5
"58CC9F96A819A29FAAE7E1B553ABB23CBCE1D05C","rogue\sdf\pc\data\sdf-A-0651.sdfdata",65283718,65283718,62785942,5
"58CC9F96A819A29FAAE7E1B553ABB23CBCE1D05C","rogue\sdf\pc\data\sdf-A-0652.sdfdata",64843186,64843186,62184320,5
"58CC9F96A819A29FAAE7E1B553ABB23CBCE1D05C","rogue\sdf\pc\data\sdf-A-0653.sdfdata",63613398,63613398,61127991,5
"58CC9F96A819A29FAAE7E1B553ABB23CBCE1D05C","rogue\sdf\pc\data\sdf-A-0654.sdfdata",64388875,64388875,61971508,5
"58CC9F96A819A29FAAE7E1B553ABB23CBCE1D05C","rogue\sdf\pc\data\sdf-A-0655.sdfdata",63884422,63884422,61487123,5
"58CC9F96A819A29FAAE7E1B553ABB23CBCE1D05C","rogue\sdf\pc\data\sdf-A-0656.sdfdata",67038897,67038897,64142807,5
"58CC9F96A819A29FAAE7E1B553ABB23CBCE1D05C","rogue\sdf\pc\data\sdf-A-0657.sdfdata",67103814,67103814,64229469,5
"58CC9F96A819A29FAAE7E1B553ABB23CBCE1D05C","rogue\sdf\pc\data\sdf-A-0658.sdfdata",64578694,64578694,61845076,5
"58CC9F96A819A29FAAE7E1B553ABB23CBCE1D05C","rogue\sdf\pc\data\sdf-A-0659.sdfdata",66690833,66690833,64031392,5
"58CC9F96A819A29FAAE7E1B553ABB23CBCE1D05C","rogue\sdf\pc\data\sdf-A-0660.sdfdata",67056357,67056357,64043337,5
"58CC9F96A819A29FAAE7E1B553ABB23CBCE1D05C","rogue\sdf\pc\data\sdf-A-0661.sdfdata",67078126,67078126,64489443,5
"58CC9F96A819A29FAAE7E1B553ABB23CBCE1D05C","rogue\sdf\pc\data\sdf-A-0662.sdfdata",66786707,66786707,63881874,5
"58CC9F96A819A29FAAE7E1B553ABB23CBCE1D05C","rogue\sdf\pc\data\sdf-A-0663.sdfdata",63392882,63392882,61168677,5
"58CC9F96A819A29FAAE7E1B553ABB23CBCE1D05C","rogue\sdf\pc\data\sdf-A-0664.sdfdata",67053337,67053337,64536608,5
"58CC9F96A819A29FAAE7E1B553ABB23CBCE1D05C","rogue\sdf\pc\data\sdf-A-0665.sdfdata",64478323,64478323,61949633,5
"58CC9F96A819A29FAAE7E1B553ABB23CBCE1D05C","rogue\sdf\pc\data\sdf-A-0666.sdfdata",64801496,64801496,62283249,5
"58CC9F96A819A29FAAE7E1B553ABB23CBCE1D05C","rogue\sdf\pc\data\sdf-A-0667.sdfdata",63494897,63494897,61261113,5
"58CC9F96A819A29FAAE7E1B553ABB23CBCE1D05C","rogue\sdf\pc\data\sdf-A-0668.sdfdata",67043535,67043535,64513458,5
"58CC9F96A819A29FAAE7E1B553ABB23CBCE1D05C","rogue\sdf\pc\data\sdf-A-0669.sdfdata",66970393,66970393,64290389,5
"58CC9F96A819A29FAAE7E1B553ABB23CBCE1D05C","rogue\sdf\pc\data\sdf-A-0670.sdfdata",63485281,63485281,61335376,5
"58CC9F96A819A29FAAE7E1B553ABB23CBCE1D05C","rogue\sdf\pc\data\sdf-A-0671.sdfdata",65750173,65750173,62797038,5
"58CC9F96A819A29FAAE7E1B553ABB23CBCE1D05C","rogue\sdf\pc\data\sdf-A-0672.sdfdata",62051389,62051389,57855859,5
"58CC9F96A819A29FAAE7E1B553ABB23CBCE1D05C","rogue\sdf\pc\data\sdf-A-0673.sdfdata",66245384,66245384,61656949,5
"58CC9F96A819A29FAAE7E1B553ABB23CBCE1D05C","rogue\sdf\pc\data\sdf-A-0674.sdfdata",64723055,64723055,62325236,5
"58CC9F96A819A29FAAE7E1B553ABB23CBCE1D05C","rogue\sdf\pc\data\sdf-A-0675.sdfdata",65847977,65847977,63444640,5
"58CC9F96A819A29FAAE7E1B553ABB23CBCE1D05C","rogue\sdf\pc\data\sdf-A-0676.sdfdata",67047376,67047376,64415531,5
"58CC9F96A819A29FAAE7E1B553ABB23CBCE1D05C","rogue\sdf\pc\data\sdf-A-0677.sdfdata",64681774,64681774,61306971,5
"58CC9F96A819A29FAAE7E1B553ABB23CBCE1D05C","rogue\sdf\pc\data\sdf-A-0678.sdfdata",67015432,67015432,64472643,5
"58CC9F96A819A29FAAE7E1B553ABB23CBCE1D05C","rogue\sdf\pc\data\sdf-A-0679.sdfdata",66898413,66898413,63762978,5
"58CC9F96A819A29FAAE7E1B553ABB23CBCE1D05C","rogue\sdf\pc\data\sdf-A-0680.sdfdata",67098971,67098971,63989594,5
"58CC9F96A819A29FAAE7E1B553ABB23CBCE1D05C","rogue\sdf\pc\data\sdf-A-0681.sdfdata",66972893,66972893,63882646,5
"58CC9F96A819A29FAAE7E1B553ABB23CBCE1D05C","rogue\sdf\pc\data\sdf-A-0682.sdfdata",66744288,66744288,63376109,5
"58CC9F96A819A29FAAE7E1B553ABB23CBCE1D05C","rogue\sdf\pc\data\sdf-A-0683.sdfdata",66826795,66826795,63593463,5
"58CC9F96A819A29FAAE7E1B553ABB23CBCE1D05C","rogue\sdf\pc\data\sdf-A-0684.sdfdata",67083976,67083976,64425941,5
"58CC9F96A819A29FAAE7E1B553ABB23CBCE1D05C","rogue\sdf\pc\data\sdf-A-0685.sdfdata",66986601,66986601,64630263,5
"58CC9F96A819A29FAAE7E1B553ABB23CBCE1D05C","rogue\sdf\pc\data\sdf-A-0686.sdfdata",66986906,66986906,63563828,5
"58CC9F96A819A29FAAE7E1B553ABB23CBCE1D05C","rogue\sdf\pc\data\sdf-A-0687.sdfdata",66193199,66193199,63638662,5
"58CC9F96A819A29FAAE7E1B553ABB23CBCE1D05C","rogue\sdf\pc\data\sdf-A-0688.sdfdata",66712163,66712163,63216978,5
"58CC9F96A819A29FAAE7E1B553ABB23CBCE1D05C","rogue\sdf\pc\data\sdf-A-0689.sdfdata",67038624,67038624,64850953,5
"58CC9F96A819A29FAAE7E1B553ABB23CBCE1D05C","rogue\sdf\pc\data\sdf-A-0690.sdfdata",66965286,66965286,63619920,5
"58CC9F96A819A29FAAE7E1B553ABB23CBCE1D05C","rogue\sdf\pc\data\sdf-A-0691.sdfdata",67080973,67080973,64492205,5
"58CC9F96A819A29FAAE7E1B553ABB23CBCE1D05C","rogue\sdf\pc\data\sdf-A-0692.sdfdata",64254351,64254351,61439682,5
"58CC9F96A819A29FAAE7E1B553ABB23CBCE1D05C","rogue\sdf\pc\data\sdf-A-0693.sdfdata",66933106,66933106,65066091,5
"58CC9F96A819A29FAAE7E1B553ABB23CBCE1D05C","rogue\sdf\pc\data\sdf-A-0694.sdfdata",66541644,66541644,64768227,5
"58CC9F96A819A29FAAE7E1B553ABB23CBCE1D05C","rogue\sdf\pc\data\sdf-A-0695.sdfdata",66268443,66268443,63544667,5
"58CC9F96A819A29FAAE7E1B553ABB23CBCE1D05C","rogue\sdf\pc\data\sdf-A-0696.sdfdata",56762144,56762144,54558053,5
"58CC9F96A819A29FAAE7E1B553ABB23CBCE1D05C","rogue\sdf\pc\data\sdf-A-0697.sdfdata",66927750,66927750,64947297,5
"58CC9F96A819A29FAAE7E1B553ABB23CBCE1D05C","rogue\sdf\pc\data\sdf-A-0698.sdfdata",66902442,66902442,63066506,5
"58CC9F96A819A29FAAE7E1B553ABB23CBCE1D05C","rogue\sdf\pc\data\sdf-A-0699.sdfdata",66806492,66806492,64127474,5
"58CC9F96A819A29FAAE7E1B553ABB23CBCE1D05C","rogue\sdf\pc\data\sdf-A-0700.sdfdata",66293376,66293376,63850724,5
"58CC9F96A819A29FAAE7E1B553ABB23CBCE1D05C","rogue\sdf\pc\data\sdf-A-0701.sdfdata",65327725,65327725,62196289,5
"58CC9F96A819A29FAAE7E1B553ABB23CBCE1D05C","rogue\sdf\pc\data\sdf-A-0702.sdfdata",66839028,66839028,64200129,5
"58CC9F96A819A29FAAE7E1B553ABB23CBCE1D05C","rogue\sdf\pc\data\sdf-A-0703.sdfdata",66462985,66462985,64204038,5
"58CC9F96A819A29FAAE7E1B553ABB23CBCE1D05C","rogue\sdf\pc\data\sdf-A-0704.sdfdata",67092291,67092291,65039658,5
"58CC9F96A819A29FAAE7E1B553ABB23CBCE1D05C","rogue\sdf\pc\data\sdf-A-0705.sdfdata",65780719,65780719,63087521,5
"58CC9F96A819A29FAAE7E1B553ABB23CBCE1D05C","rogue\sdf\pc\data\sdf-A-0706.sdfdata",67052503,67052503,63792921,5
"58CC9F96A819A29FAAE7E1B553ABB23CBCE1D05C","rogue\sdf\pc\data\sdf-A-0707.sdfdata",66117924,66117924,63016063,5
"58CC9F96A819A29FAAE7E1B553ABB23CBCE1D05C","rogue\sdf\pc\data\sdf-A-0708.sdfdata",66565776,66565776,63042063,5
"58CC9F96A819A29FAAE7E1B553ABB23CBCE1D05C","rogue\sdf\pc\data\sdf-A-0709.sdfdata",66605105,66605105,61897157,5
"58CC9F96A819A29FAAE7E1B553ABB23CBCE1D05C","rogue\sdf\pc\data\sdf-A-0710.sdfdata",66426631,66426631,62862919,5
"58CC9F96A819A29FAAE7E1B553ABB23CBCE1D05C","rogue\sdf\pc\data\sdf-A-0711.sdfdata",66524123,66524123,62928168,5
"58CC9F96A819A29FAAE7E1B553ABB23CBCE1D05C","rogue\sdf\pc\data\sdf-A-0712.sdfdata",67102743,67102743,63912661,5
"58CC9F96A819A29FAAE7E1B553ABB23CBCE1D05C","rogue\sdf\pc\data\sdf-A-0713.sdfdata",67047040,67047040,64478967,5
"58CC9F96A819A29FAAE7E1B553ABB23CBCE1D05C","rogue\sdf\pc\data\sdf-A-0714.sdfdata",67102600,67102600,63399056,5
"58CC9F96A819A29FAAE7E1B553ABB23CBCE1D05C","rogue\sdf\pc\data\sdf-A-0715.sdfdata",66807083,66807083,63117276,5
"58CC9F96A819A29FAAE7E1B553ABB23CBCE1D05C","rogue\sdf\pc\data\sdf-A-0716.sdfdata",67039588,67039588,63418874,5
"58CC9F96A819A29FAAE7E1B553ABB23CBCE1D05C","rogue\sdf\pc\data\sdf-A-0717.sdfdata",67028363,67028363,63354567,5
"58CC9F96A819A29FAAE7E1B553ABB23CBCE1D05C","rogue\sdf\pc\data\sdf-A-0718.sdfdata",64518149,64518149,61398246,5
"58CC9F96A819A29FAAE7E1B553ABB23CBCE1D05C","rogue\sdf\pc\data\sdf-A-0719.sdfdata",66652347,66652347,63761435,5
"58CC9F96A819A29FAAE7E1B553ABB23CBCE1D05C","rogue\sdf\pc\data\sdf-A-0720.sdfdata",65123430,65123430,62397231,5
"58CC9F96A819A29FAAE7E1B553ABB23CBCE1D05C","rogue\sdf\pc\data\sdf-A-0721.sdfdata",65266550,65266550,62701423,5
"58CC9F96A819A29FAAE7E1B553ABB23CBCE1D05C","rogue\sdf\pc\data\sdf-A-0722.sdfdata",66981053,66981053,63457076,5
"58CC9F96A819A29FAAE7E1B553ABB23CBCE1D05C","rogue\sdf\pc\data\sdf-A-0723.sdfdata",67090868,67090868,63873321,5
"58CC9F96A819A29FAAE7E1B553ABB23CBCE1D05C","rogue\sdf\pc\data\sdf-A-0724.sdfdata",57395770,57395770,54674815,5
"58CC9F96A819A29FAAE7E1B553ABB23CBCE1D05C","rogue\sdf\pc\data\sdf-A-0725.sdfdata",38553086,38553086,33072162,5
"58CC9F96A819A29FAAE7E1B553ABB23CBCE1D05C","rogue\sdf\pc\data\sdf-A-0726.sdfdata",27867222,27867222,25362345,5
"58CC9F96A819A29FAAE7E1B553ABB23CBCE1D05C","rogue\sdf\pc\data\sdf-A-0727.sdfdata",42955669,42955669,37503133,5
"58CC9F96A819A29FAAE7E1B553ABB23CBCE1D05C","rogue\sdf\pc\data\sdf-A-0728.sdfdata",32661207,32661207,25390901,5
"58CC9F96A819A29FAAE7E1B553ABB23CBCE1D05C","rogue\sdf\pc\data\sdf-A-0729.sdfdata",29992385,29992385,27143394,5
"58CC9F96A819A29FAAE7E1B553ABB23CBCE1D05C","rogue\sdf\pc\data\sdf-A-0730.sdfdata",33089654,33089654,29663506,5
"58CC9F96A819A29FAAE7E1B553ABB23CBCE1D05C","rogue\sdf\pc\data\sdf-A-0731.sdfdata",28752952,28752952,26282311,5
"58CC9F96A819A29FAAE7E1B553ABB23CBCE1D05C","rogue\sdf\pc\data\sdf-A-0732.sdfdata",38351418,38351418,25929715,5
"58CC9F96A819A29FAAE7E1B553ABB23CBCE1D05C","rogue\sdf\pc\data\sdf-A-0733.sdfdata",55524815,55524815,40836040,5
"58CC9F96A819A29FAAE7E1B553ABB23CBCE1D05C","rogue\sdf\pc\data\sdf-A-0734.sdfdata",67247187,67247187,53314024,5
"58CC9F96A819A29FAAE7E1B553ABB23CBCE1D05C","rogue\sdf\pc\data\sdf-A-0735.sdfdata",67221914,67221914,54423550,5
"58CC9F96A819A29FAAE7E1B553ABB23CBCE1D05C","rogue\sdf\pc\data\sdf-A-0736.sdfdata",67205605,67205605,54222789,5
"58CC9F96A819A29FAAE7E1B553ABB23CBCE1D05C","rogue\sdf\pc\data\sdf-A-0737.sdfdata",67192704,67192704,52744593,5
"58CC9F96A819A29FAAE7E1B553ABB23CBCE1D05C","rogue\sdf\pc\data\sdf-A-0738.sdfdata",67229760,67229760,57836146,5
"58CC9F96A819A29FAAE7E1B553ABB23CBCE1D05C","rogue\sdf\pc\data\sdf-A-0739.sdfdata",67190797,67190797,60160758,5
"58CC9F96A819A29FAAE7E1B553ABB23CBCE1D05C","rogue\sdf\pc\data\sdf-A-0740.sdfdata",67236468,67236468,60324703,5
"58CC9F96A819A29FAAE7E1B553ABB23CBCE1D05C","rogue\sdf\pc\data\sdf-A-0741.sdfdata",67307495,67307495,60379220,5
"58CC9F96A819A29FAAE7E1B553ABB23CBCE1D05C","rogue\sdf\pc\data\sdf-A-0742.sdfdata",67187407,67187407,63571036,5
"58CC9F96A819A29FAAE7E1B553ABB23CBCE1D05C","rogue\sdf\pc\data\sdf-A-0743.sdfdata",67091682,67091682,66373660,5
"58CC9F96A819A29FAAE7E1B553ABB23CBCE1D05C","rogue\sdf\pc\data\sdf-A-0744.sdfdata",67099146,67099146,66476627,5
"58CC9F96A819A29FAAE7E1B553ABB23CBCE1D05C","rogue\sdf\pc\data\sdf-A-0745.sdfdata",67107573,67107573,66280141,5
"58CC9F96A819A29FAAE7E1B553ABB23CBCE1D05C","rogue\sdf\pc\data\sdf-A-0746.sdfdata",67086627,67086627,66531518,5
"58CC9F96A819A29FAAE7E1B553ABB23CBCE1D05C","rogue\sdf\pc\data\sdf-A-0747.sdfdata",67105847,67105847,65955295,5
"58CC9F96A819A29FAAE7E1B553ABB23CBCE1D05C","rogue\sdf\pc\data\sdf-A-0748.sdfdata",67096630,67096630,66547581,5
"58CC9F96A819A29FAAE7E1B553ABB23CBCE1D05C","rogue\sdf\pc\data\sdf-A-0749.sdfdata",67039221,67039221,66509356,5
"58CC9F96A819A29FAAE7E1B553ABB23CBCE1D05C","rogue\sdf\pc\data\sdf-A-0750.sdfdata",60805938,60805938,60201715,5
"58CC9F96A819A29FAAE7E1B553ABB23CBCE1D05C","rogue\sdf\pc\data\sdf-A-0751.sdfdata",29591886,29591886,26797205,5
"58CC9F96A819A29FAAE7E1B553ABB23CBCE1D05C","rogue\sdf\pc\data\sdf-A-0752.sdfdata",67129357,67129357,53057811,5
"58CC9F96A819A29FAAE7E1B553ABB23CBCE1D05C","rogue\sdf\pc\data\sdf-A-0753.sdfdata",67196088,67196088,48466936,5
"58CC9F96A819A29FAAE7E1B553ABB23CBCE1D05C","rogue\sdf\pc\data\sdf-A-0754.sdfdata",67147087,67147087,60717753,5
"58CC9F96A819A29FAAE7E1B553ABB23CBCE1D05C","rogue\sdf\pc\data\sdf-A-0755.sdfdata",36928076,36928076,33940405,5
"58CC9F96A819A29FAAE7E1B553ABB23CBCE1D05C","rogue\sdf\pc\data\sdf-A-0756.sdfdata",4025738,4025738,3182470,5
"58CC9F96A819A29FAAE7E1B553ABB23CBCE1D05C","rogue\sdf\pc\data\sdf-A-0757.sdfdata",66711031,66711031,45614198,5
"58CC9F96A819A29FAAE7E1B553ABB23CBCE1D05C","rogue\sdf\pc\data\sdf-A-0758.sdfdata",66632706,66632706,46715536,5
"58CC9F96A819A29FAAE7E1B553ABB23CBCE1D05C","rogue\sdf\pc\data\sdf-A-0759.sdfdata",66609676,66609676,45849519,5
"58CC9F96A819A29FAAE7E1B553ABB23CBCE1D05C","rogue\sdf\pc\data\sdf-A-0760.sdfdata",66544391,66544391,46398166,5
"58CC9F96A819A29FAAE7E1B553ABB23CBCE1D05C","rogue\sdf\pc\data\sdf-A-0761.sdfdata",66634536,66634536,46141864,5
"58CC9F96A819A29FAAE7E1B553ABB23CBCE1D05C","rogue\sdf\pc\data\sdf-A-0762.sdfdata",66432861,66432861,44773398,5
"58CC9F96A819A29FAAE7E1B553ABB23CBCE1D05C","rogue\sdf\pc\data\sdf-A-0763.sdfdata",66599145,66599145,45610633,5
"58CC9F96A819A29FAAE7E1B553ABB23CBCE1D05C","rogue\sdf\pc\data\sdf-A-0764.sdfdata",66496304,66496304,46109691,5
"58CC9F96A819A29FAAE7E1B553ABB23CBCE1D05C","rogue\sdf\pc\data\sdf-A-0765.sdfdata",66691225,66691225,45454753,5
"58CC9F96A819A29FAAE7E1B553ABB23CBCE1D05C","rogue\sdf\pc\data\sdf-A-0766.sdfdata",67183280,67183280,56707829,5
"58CC9F96A819A29FAAE7E1B553ABB23CBCE1D05C","rogue\sdf\pc\data\sdf-A-0767.sdfdata",67084854,67084854,61723642,5
"58CC9F96A819A29FAAE7E1B553ABB23CBCE1D05C","rogue\sdf\pc\data\sdf-A-0768.sdfdata",14909194,14909194,13334288,5
"58CC9F96A819A29FAAE7E1B553ABB23CBCE1D05C","rogue\sdf\pc\data\sdf-A-0769.sdfdata",21034248,21034248,19197330,5
"58CC9F96A819A29FAAE7E1B553ABB23CBCE1D05C","rogue\sdf\pc\data\sdf-A-0770.sdfdata",27150288,27150288,21622830,5
"58CC9F96A819A29FAAE7E1B553ABB23CBCE1D05C","rogue\sdf\pc\data\sdf-A-0771.sdfdata",53984918,53984918,45905902,5
"58CC9F96A819A29FAAE7E1B553ABB23CBCE1D05C","rogue\sdf\pc\data\sdf-A-0772.sdfdata",43572388,43572388,36858079,5
"58CC9F96A819A29FAAE7E1B553ABB23CBCE1D05C","rogue\sdf\pc\data\sdf-A-0773.sdfdata",6203239,6203239,5709020,5
"58CC9F96A819A29FAAE7E1B553ABB23CBCE1D05C","rogue\sdf\pc\data\sdf-B-1000.sdfdata",67112481,67112481,32223816,5
"58CC9F96A819A29FAAE7E1B553ABB23CBCE1D05C","rogue\sdf\pc\data\sdf-B-1001.sdfdata",67106907,67106907,36375588,5
"58CC9F96A819A29FAAE7E1B553ABB23CBCE1D05C","rogue\sdf\pc\data\sdf-B-1002.sdfdata",67126380,67126380,36443343,5
"58CC9F96A819A29FAAE7E1B553ABB23CBCE1D05C","rogue\sdf\pc\data\sdf-B-1003.sdfdata",67110688,67110688,38488228,5
"58CC9F96A819A29FAAE7E1B553ABB23CBCE1D05C","rogue\sdf\pc\data\sdf-B-1004.sdfdata",67050158,67050158,32232015,5
"58CC9F96A819A29FAAE7E1B553ABB23CBCE1D05C","rogue\sdf\pc\data\sdf-B-1005.sdfdata",67108545,67108545,33987283,5
"58CC9F96A819A29FAAE7E1B553ABB23CBCE1D05C","rogue\sdf\pc\data\sdf-B-1006.sdfdata",67108858,67108858,34865228,5
"58CC9F96A819A29FAAE7E1B553ABB23CBCE1D05C","rogue\sdf\pc\data\sdf-B-1007.sdfdata",67107241,67107241,60226145,5
"58CC9F96A819A29FAAE7E1B553ABB23CBCE1D05C","rogue\sdf\pc\data\sdf-B-1008.sdfdata",66737366,66737366,60007829,5
"58CC9F96A819A29FAAE7E1B553ABB23CBCE1D05C","rogue\sdf\pc\data\sdf-B-1009.sdfdata",66683329,66683329,61123948,5
"58CC9F96A819A29FAAE7E1B553ABB23CBCE1D05C","rogue\sdf\pc\data\sdf-B-1010.sdfdata",66961129,66961129,62994245,5
"58CC9F96A819A29FAAE7E1B553ABB23CBCE1D05C","rogue\sdf\pc\data\sdf-B-1011.sdfdata",67134342,67134342,54818824,5
"58CC9F96A819A29FAAE7E1B553ABB23CBCE1D05C","rogue\sdf\pc\data\sdf-B-1012.sdfdata",67106785,67106785,52670437,5
"58CC9F96A819A29FAAE7E1B553ABB23CBCE1D05C","rogue\sdf\pc\data\sdf-B-1013.sdfdata",67086874,67086874,52961737,5
"58CC9F96A819A29FAAE7E1B553ABB23CBCE1D05C","rogue\sdf\pc\data\sdf-B-1014.sdfdata",67107613,67107613,52957967,5
"58CC9F96A819A29FAAE7E1B553ABB23CBCE1D05C","rogue\sdf\pc\data\sdf-B-1015.sdfdata",67280925,67280925,60830373,5
"58CC9F96A819A29FAAE7E1B553ABB23CBCE1D05C","rogue\sdf\pc\data\sdf-B-1016.sdfdata",67101613,67101613,60875049,5
"58CC9F96A819A29FAAE7E1B553ABB23CBCE1D05C","rogue\sdf\pc\data\sdf-B-1017.sdfdata",67090597,67090597,59491864,5
"58CC9F96A819A29FAAE7E1B553ABB23CBCE1D05C","rogue\sdf\pc\data\sdf-B-1018.sdfdata",67070363,67070363,55541290,5
"58CC9F96A819A29FAAE7E1B553ABB23CBCE1D05C","rogue\sdf\pc\data\sdf-B-1019.sdfdata",67018260,67018260,56668438,5
"58CC9F96A819A29FAAE7E1B553ABB23CBCE1D05C","rogue\sdf\pc\data\sdf-B-1020.sdfdata",67106217,67106217,60722190,5
"58CC9F96A819A29FAAE7E1B553ABB23CBCE1D05C","rogue\sdf\pc\data\sdf-B-1021.sdfdata",67073694,67073694,44488440,5
"58CC9F96A819A29FAAE7E1B553ABB23CBCE1D05C","rogue\sdf\pc\data\sdf-B-1022.sdfdata",67100872,67100872,56129287,5
"58CC9F96A819A29FAAE7E1B553ABB23CBCE1D05C","rogue\sdf\pc\data\sdf-B-1023.sdfdata",67046497,67046497,61955728,5
"58CC9F96A819A29FAAE7E1B553ABB23CBCE1D05C","rogue\sdf\pc\data\sdf-B-1024.sdfdata",67066867,67066867,52706938,5
"58CC9F96A819A29FAAE7E1B553ABB23CBCE1D05C","rogue\sdf\pc\data\sdf-B-1025.sdfdata",67098402,67098402,59800312,5
"58CC9F96A819A29FAAE7E1B553ABB23CBCE1D05C","rogue\sdf\pc\data\sdf-B-1026.sdfdata",67085743,67085743,60755437,5
"58CC9F96A819A29FAAE7E1B553ABB23CBCE1D05C","rogue\sdf\pc\data\sdf-B-1027.sdfdata",66897405,66897405,60219848,5
"58CC9F96A819A29FAAE7E1B553ABB23CBCE1D05C","rogue\sdf\pc\data\sdf-B-1028.sdfdata",67107747,67107747,58252247,5
"58CC9F96A819A29FAAE7E1B553ABB23CBCE1D05C","rogue\sdf\pc\data\sdf-B-1029.sdfdata",67093493,67093493,55197567,5
"58CC9F96A819A29FAAE7E1B553ABB23CBCE1D05C","rogue\sdf\pc\data\sdf-B-1030.sdfdata",66944398,66944398,60997832,5
"58CC9F96A819A29FAAE7E1B553ABB23CBCE1D05C","rogue\sdf\pc\data\sdf-B-1031.sdfdata",66104095,66104095,61555288,5
"58CC9F96A819A29FAAE7E1B553ABB23CBCE1D05C","rogue\sdf\pc\data\sdf-B-1032.sdfdata",66770556,66770556,61927017,5
"58CC9F96A819A29FAAE7E1B553ABB23CBCE1D05C","rogue\sdf\pc\data\sdf-B-1033.sdfdata",66904060,66904060,60841061,5
"58CC9F96A819A29FAAE7E1B553ABB23CBCE1D05C","rogue\sdf\pc\data\sdf-B-1034.sdfdata",66797694,66797694,62724410,5
"58CC9F96A819A29FAAE7E1B553ABB23CBCE1D05C","rogue\sdf\pc\data\sdf-B-1035.sdfdata",66715715,66715715,62657366,5
"58CC9F96A819A29FAAE7E1B553ABB23CBCE1D05C","rogue\sdf\pc\data\sdf-B-1036.sdfdata",66533734,66533734,60565706,5
"58CC9F96A819A29FAAE7E1B553ABB23CBCE1D05C","rogue\sdf\pc\data\sdf-B-1037.sdfdata",66534807,66534807,55961826,5
"58CC9F96A819A29FAAE7E1B553ABB23CBCE1D05C","rogue\sdf\pc\data\sdf-B-1038.sdfdata",66956467,66956467,57795497,5
"58CC9F96A819A29FAAE7E1B553ABB23CBCE1D05C","rogue\sdf\pc\data\sdf-B-1039.sdfdata",66623651,66623651,57436196,5
"58CC9F96A819A29FAAE7E1B553ABB23CBCE1D05C","rogue\sdf\pc\data\sdf-B-1040.sdfdata",67053554,67053554,43917608,5
"58CC9F96A819A29FAAE7E1B553ABB23CBCE1D05C","rogue\sdf\pc\data\sdf-B-1041.sdfdata",66745213,66745213,43580628,5
"58CC9F96A819A29FAAE7E1B553ABB23CBCE1D05C","rogue\sdf\pc\data\sdf-B-1042.sdfdata",66636972,66636972,64274323,5
"58CC9F96A819A29FAAE7E1B553ABB23CBCE1D05C","rogue\sdf\pc\data\sdf-B-1043.sdfdata",67796548,67796548,65094025,5
"58CC9F96A819A29FAAE7E1B553ABB23CBCE1D05C","rogue\sdf\pc\data\sdf-B-1044.sdfdata",66910606,66910606,61472082,5
"58CC9F96A819A29FAAE7E1B553ABB23CBCE1D05C","rogue\sdf\pc\data\sdf-B-1045.sdfdata",66020490,66020490,63293895,5
"58CC9F96A819A29FAAE7E1B553ABB23CBCE1D05C","rogue\sdf\pc\data\sdf-B-1046.sdfdata",65102562,65102562,62319243,5
"58CC9F96A819A29FAAE7E1B553ABB23CBCE1D05C","rogue\sdf\pc\data\sdf-B-1047.sdfdata",67107970,67107970,62014501,5
"58CC9F96A819A29FAAE7E1B553ABB23CBCE1D05C","rogue\sdf\pc\data\sdf-B-1048.sdfdata",67087182,67087182,62559685,5
"58CC9F96A819A29FAAE7E1B553ABB23CBCE1D05C","rogue\sdf\pc\data\sdf-B-1049.sdfdata",67095122,67095122,61483601,5
"58CC9F96A819A29FAAE7E1B553ABB23CBCE1D05C","rogue\sdf\pc\data\sdf-B-1050.sdfdata",67099103,67099103,59986806,5
"58CC9F96A819A29FAAE7E1B553ABB23CBCE1D05C","rogue\sdf\pc\data\sdf-B-1051.sdfdata",67089462,67089462,58403081,5
"58CC9F96A819A29FAAE7E1B553ABB23CBCE1D05C","rogue\sdf\pc\data\sdf-B-1052.sdfdata",67102420,67102420,59779915,5
"58CC9F96A819A29FAAE7E1B553ABB23CBCE1D05C","rogue\sdf\pc\data\sdf-B-1053.sdfdata",67081678,67081678,62816762,5
"58CC9F96A819A29FAAE7E1B553ABB23CBCE1D05C","rogue\sdf\pc\data\sdf-B-1054.sdfdata",67099122,67099122,63359298,5
"58CC9F96A819A29FAAE7E1B553ABB23CBCE1D05C","rogue\sdf\pc\data\sdf-B-1055.sdfdata",67091282,67091282,63786965,5
"58CC9F96A819A29FAAE7E1B553ABB23CBCE1D05C","rogue\sdf\pc\data\sdf-B-1056.sdfdata",67077829,67077829,63704404,5
"58CC9F96A819A29FAAE7E1B553ABB23CBCE1D05C","rogue\sdf\pc\data\sdf-B-1057.sdfdata",67095076,67095076,61664860,5
"58CC9F96A819A29FAAE7E1B553ABB23CBCE1D05C","rogue\sdf\pc\data\sdf-B-1058.sdfdata",67057874,67057874,62169975,5
"58CC9F96A819A29FAAE7E1B553ABB23CBCE1D05C","rogue\sdf\pc\data\sdf-B-1059.sdfdata",67087071,67087071,63398213,5
"58CC9F96A819A29FAAE7E1B553ABB23CBCE1D05C","rogue\sdf\pc\data\sdf-B-1060.sdfdata",67108593,67108593,62633375,5
"58CC9F96A819A29FAAE7E1B553ABB23CBCE1D05C","rogue\sdf\pc\data\sdf-B-1061.sdfdata",67105027,67105027,62557440,5
"58CC9F96A819A29FAAE7E1B553ABB23CBCE1D05C","rogue\sdf\pc\data\sdf-B-1062.sdfdata",67097753,67097753,62684126,5
"58CC9F96A819A29FAAE7E1B553ABB23CBCE1D05C","rogue\sdf\pc\data\sdf-B-1063.sdfdata",67089004,67089004,63504843,5
"58CC9F96A819A29FAAE7E1B553ABB23CBCE1D05C","rogue\sdf\pc\data\sdf-B-1064.sdfdata",67023014,67023014,49902174,5
"58CC9F96A819A29FAAE7E1B553ABB23CBCE1D05C","rogue\sdf\pc\data\sdf-B-1065.sdfdata",67129257,67129257,62348127,5
"58CC9F96A819A29FAAE7E1B553ABB23CBCE1D05C","rogue\sdf\pc\data\sdf-B-1066.sdfdata",67114682,67114682,62325966,5
"58CC9F96A819A29FAAE7E1B553ABB23CBCE1D05C","rogue\sdf\pc\data\sdf-B-1067.sdfdata",67107501,67107501,62337856,5
"58CC9F96A819A29FAAE7E1B553ABB23CBCE1D05C","rogue\sdf\pc\data\sdf-B-1068.sdfdata",67117512,67117512,62467661,5
"58CC9F96A819A29FAAE7E1B553ABB23CBCE1D05C","rogue\sdf\pc\data\sdf-B-1069.sdfdata",67101660,67101660,62386462,5
"58CC9F96A819A29FAAE7E1B553ABB23CBCE1D05C","rogue\sdf\pc\data\sdf-B-1070.sdfdata",67122821,67122821,62380005,5
"58CC9F96A819A29FAAE7E1B553ABB23CBCE1D05C","rogue\sdf\pc\data\sdf-B-1071.sdfdata",67120675,67120675,62354145,5
"58CC9F96A819A29FAAE7E1B553ABB23CBCE1D05C","rogue\sdf\pc\data\sdf-B-1072.sdfdata",67116973,67116973,62501531,5
"58CC9F96A819A29FAAE7E1B553ABB23CBCE1D05C","rogue\sdf\pc\data\sdf-B-1073.sdfdata",67125951,67125951,62399391,5
"58CC9F96A819A29FAAE7E1B553ABB23CBCE1D05C","rogue\sdf\pc\data\sdf-B-1074.sdfdata",67118371,67118371,62469579,5
"58CC9F96A819A29FAAE7E1B553ABB23CBCE1D05C","rogue\sdf\pc\data\sdf-B-1075.sdfdata",67109157,67109157,62405812,5
"58CC9F96A819A29FAAE7E1B553ABB23CBCE1D05C","rogue\sdf\pc\data\sdf-B-1076.sdfdata",67112356,67112356,62422317,5
"58CC9F96A819A29FAAE7E1B553ABB23CBCE1D05C","rogue\sdf\pc\data\sdf-B-1077.sdfdata",67119792,67119792,62412427,5
"58CC9F96A819A29FAAE7E1B553ABB23CBCE1D05C","rogue\sdf\pc\data\sdf-B-1078.sdfdata",67122311,67122311,62378663,5
"58CC9F96A819A29FAAE7E1B553ABB23CBCE1D05C","rogue\sdf\pc\data\sdf-B-1079.sdfdata",67116693,67116693,62484203,5
"58CC9F96A819A29FAAE7E1B553ABB23CBCE1D05C","rogue\sdf\pc\data\sdf-B-1080.sdfdata",67107220,67107220,62375559,5
"58CC9F96A819A29FAAE7E1B553ABB23CBCE1D05C","rogue\sdf\pc\data\sdf-B-1081.sdfdata",67097881,67097881,62353004,5
"58CC9F96A819A29FAAE7E1B553ABB23CBCE1D05C","rogue\sdf\pc\data\sdf-B-1082.sdfdata",67112115,67112115,62369832,5
"58CC9F96A819A29FAAE7E1B553ABB23CBCE1D05C","rogue\sdf\pc\data\sdf-B-1083.sdfdata",67124370,67124370,62311314,5
"58CC9F96A819A29FAAE7E1B553ABB23CBCE1D05C","rogue\sdf\pc\data\sdf-B-1084.sdfdata",67120736,67120736,62425482,5
"58CC9F96A819A29FAAE7E1B553ABB23CBCE1D05C","rogue\sdf\pc\data\sdf-B-1085.sdfdata",67133884,67133884,62376898,5
"58CC9F96A819A29FAAE7E1B553ABB23CBCE1D05C","rogue\sdf\pc\data\sdf-B-1086.sdfdata",67103310,67103310,62435640,5
"58CC9F96A819A29FAAE7E1B553ABB23CBCE1D05C","rogue\sdf\pc\data\sdf-B-1087.sdfdata",67106003,67106003,62427125,5
"58CC9F96A819A29FAAE7E1B553ABB23CBCE1D05C","rogue\sdf\pc\data\sdf-B-1088.sdfdata",67109398,67109398,62427505,5
"58CC9F96A819A29FAAE7E1B553ABB23CBCE1D05C","rogue\sdf\pc\data\sdf-B-1089.sdfdata",67119666,67119666,62399312,5
"58CC9F96A819A29FAAE7E1B553ABB23CBCE1D05C","rogue\sdf\pc\data\sdf-B-1090.sdfdata",67107801,67107801,62424103,5
"58CC9F96A819A29FAAE7E1B553ABB23CBCE1D05C","rogue\sdf\pc\data\sdf-B-1091.sdfdata",67109966,67109966,62400041,5
"58CC9F96A819A29FAAE7E1B553ABB23CBCE1D05C","rogue\sdf\pc\data\sdf-B-1092.sdfdata",67122238,67122238,62404470,5
"58CC9F96A819A29FAAE7E1B553ABB23CBCE1D05C","rogue\sdf\pc\data\sdf-B-1093.sdfdata",67108056,67108056,62313754,5
"58CC9F96A819A29FAAE7E1B553ABB23CBCE1D05C","rogue\sdf\pc\data\sdf-B-1094.sdfdata",67106469,67106469,62366363,5
"58CC9F96A819A29FAAE7E1B553ABB23CBCE1D05C","rogue\sdf\pc\data\sdf-B-1095.sdfdata",67121382,67121382,62327575,5
"58CC9F96A819A29FAAE7E1B553ABB23CBCE1D05C","rogue\sdf\pc\data\sdf-B-1096.sdfdata",67124159,67124159,62427703,5
"58CC9F96A819A29FAAE7E1B553ABB23CBCE1D05C","rogue\sdf\pc\data\sdf-B-1097.sdfdata",67110828,67110828,62330956,5
"58CC9F96A819A29FAAE7E1B553ABB23CBCE1D05C","rogue\sdf\pc\data\sdf-B-1098.sdfdata",67122547,67122547,62489891,5
"58CC9F96A819A29FAAE7E1B553ABB23CBCE1D05C","rogue\sdf\pc\data\sdf-B-1099.sdfdata",67124922,67124922,62388465,5
"58CC9F96A819A29FAAE7E1B553ABB23CBCE1D05C","rogue\sdf\pc\data\sdf-B-1100.sdfdata",67102538,67102538,62397688,5
"58CC9F96A819A29FAAE7E1B553ABB23CBCE1D05C","rogue\sdf\pc\data\sdf-B-1101.sdfdata",67124261,67124261,62422206,5
"58CC9F96A819A29FAAE7E1B553ABB23CBCE1D05C","rogue\sdf\pc\data\sdf-B-1102.sdfdata",67128561,67128561,62300507,5
"58CC9F96A819A29FAAE7E1B553ABB23CBCE1D05C","rogue\sdf\pc\data\sdf-B-1103.sdfdata",67104874,67104874,62419644,5
"58CC9F96A819A29FAAE7E1B553ABB23CBCE1D05C","rogue\sdf\pc\data\sdf-B-1104.sdfdata",67105671,67105671,62397412,5
"58CC9F96A819A29FAAE7E1B553ABB23CBCE1D05C","rogue\sdf\pc\data\sdf-B-1105.sdfdata",67115417,67115417,62347122,5
"58CC9F96A819A29FAAE7E1B553ABB23CBCE1D05C","rogue\sdf\pc\data\sdf-B-1106.sdfdata",67103556,67103556,62346201,5
"58CC9F96A819A29FAAE7E1B553ABB23CBCE1D05C","rogue\sdf\pc\data\sdf-B-1107.sdfdata",67108545,67108545,62429016,5
"58CC9F96A819A29FAAE7E1B553ABB23CBCE1D05C","rogue\sdf\pc\data\sdf-B-1108.sdfdata",67116592,67116592,62424942,5
"58CC9F96A819A29FAAE7E1B553ABB23CBCE1D05C","rogue\sdf\pc\data\sdf-B-1109.sdfdata",67106177,67106177,62527111,5
"58CC9F96A819A29FAAE7E1B553ABB23CBCE1D05C","rogue\sdf\pc\data\sdf-B-1110.sdfdata",67117410,67117410,62266376,5
"58CC9F96A819A29FAAE7E1B553ABB23CBCE1D05C","rogue\sdf\pc\data\sdf-B-1111.sdfdata",67110750,67110750,62451668,5
"58CC9F96A819A29FAAE7E1B553ABB23CBCE1D05C","rogue\sdf\pc\data\sdf-B-1112.sdfdata",67106533,67106533,62418314,5
"58CC9F96A819A29FAAE7E1B553ABB23CBCE1D05C","rogue\sdf\pc\data\sdf-B-1113.sdfdata",67115983,67115983,62424907,5
"58CC9F96A819A29FAAE7E1B553ABB23CBCE1D05C","rogue\sdf\pc\data\sdf-B-1114.sdfdata",67114438,67114438,62461080,5
"58CC9F96A819A29FAAE7E1B553ABB23CBCE1D05C","rogue\sdf\pc\data\sdf-B-1115.sdfdata",67117759,67117759,62268747,5
"58CC9F96A819A29FAAE7E1B553ABB23CBCE1D05C","rogue\sdf\pc\data\sdf-B-1116.sdfdata",67107083,67107083,62358544,5
"58CC9F96A819A29FAAE7E1B553ABB23CBCE1D05C","rogue\sdf\pc\data\sdf-B-1117.sdfdata",67112277,67112277,62488293,5
"58CC9F96A819A29FAAE7E1B553ABB23CBCE1D05C","rogue\sdf\pc\data\sdf-B-1118.sdfdata",67115152,67115152,62386775,5
"58CC9F96A819A29FAAE7E1B553ABB23CBCE1D05C","rogue\sdf\pc\data\sdf-B-1119.sdfdata",67121045,67121045,62382708,5
"58CC9F96A819A29FAAE7E1B553ABB23CBCE1D05C","rogue\sdf\pc\data\sdf-B-1120.sdfdata",67128751,67128751,62406551,5
"58CC9F96A819A29FAAE7E1B553ABB23CBCE1D05C","rogue\sdf\pc\data\sdf-B-1121.sdfdata",67098144,67098144,62460466,5
"58CC9F96A819A29FAAE7E1B553ABB23CBCE1D05C","rogue\sdf\pc\data\sdf-B-1122.sdfdata",67104985,67104985,62367605,5
"58CC9F96A819A29FAAE7E1B553ABB23CBCE1D05C","rogue\sdf\pc\data\sdf-B-1123.sdfdata",67113487,67113487,62328021,5
"58CC9F96A819A29FAAE7E1B553ABB23CBCE1D05C","rogue\sdf\pc\data\sdf-B-1124.sdfdata",67099486,67099486,62356987,5
"58CC9F96A819A29FAAE7E1B553ABB23CBCE1D05C","rogue\sdf\pc\data\sdf-B-1125.sdfdata",67104142,67104142,62333652,5
"58CC9F96A819A29FAAE7E1B553ABB23CBCE1D05C","rogue\sdf\pc\data\sdf-B-1126.sdfdata",67101696,67101696,59764154,5
"58CC9F96A819A29FAAE7E1B553ABB23CBCE1D05C","rogue\sdf\pc\data\sdf-B-1127.sdfdata",67108147,67108147,58050550,5
"58CC9F96A819A29FAAE7E1B553ABB23CBCE1D05C","rogue\sdf\pc\data\sdf-B-1128.sdfdata",67106495,67106495,56464684,5
"58CC9F96A819A29FAAE7E1B553ABB23CBCE1D05C","rogue\sdf\pc\data\sdf-B-1129.sdfdata",67099640,67099640,55843714,5
"58CC9F96A819A29FAAE7E1B553ABB23CBCE1D05C","rogue\sdf\pc\data\sdf-B-1130.sdfdata",66550758,66550758,54326615,5
"58CC9F96A819A29FAAE7E1B553ABB23CBCE1D05C","rogue\sdf\pc\data\sdf-B-1131.sdfdata",64982389,64982389,55123437,5
"58CC9F96A819A29FAAE7E1B553ABB23CBCE1D05C","rogue\sdf\pc\data\sdf-B-1132.sdfdata",67041428,67041428,62443497,5
"58CC9F96A819A29FAAE7E1B553ABB23CBCE1D05C","rogue\sdf\pc\data\sdf-B-1133.sdfdata",67014406,67014406,62157034,5
"58CC9F96A819A29FAAE7E1B553ABB23CBCE1D05C","rogue\sdf\pc\data\sdf-B-1134.sdfdata",67090025,67090025,59910802,5
"58CC9F96A819A29FAAE7E1B553ABB23CBCE1D05C","rogue\sdf\pc\data\sdf-B-1135.sdfdata",64001846,64001846,48928072,5
"58CC9F96A819A29FAAE7E1B553ABB23CBCE1D05C","rogue\sdf\pc\data\sdf-B-1136.sdfdata",67106182,67106182,61829429,5
"58CC9F96A819A29FAAE7E1B553ABB23CBCE1D05C","rogue\sdf\pc\data\sdf-B-1137.sdfdata",67103930,67103930,61335344,5
"58CC9F96A819A29FAAE7E1B553ABB23CBCE1D05C","rogue\sdf\pc\data\sdf-B-1138.sdfdata",66788750,66788750,66620725,5
"58CC9F96A819A29FAAE7E1B553ABB23CBCE1D05C","rogue\sdf\pc\data\sdf-B-1139.sdfdata",67033884,67033884,66922447,5
"58CC9F96A819A29FAAE7E1B553ABB23CBCE1D05C","rogue\sdf\pc\data\sdf-B-1140.sdfdata",67062693,67062693,67036049,5
"58CC9F96A819A29FAAE7E1B553ABB23CBCE1D05C","rogue\sdf\pc\data\sdf-B-1141.sdfdata",66983795,66983795,66870801,5
"58CC9F96A819A29FAAE7E1B553ABB23CBCE1D05C","rogue\sdf\pc\data\sdf-B-1142.sdfdata",67098075,67098075,66895166,5
"58CC9F96A819A29FAAE7E1B553ABB23CBCE1D05C","rogue\sdf\pc\data\sdf-B-1143.sdfdata",67087194,67087194,65202373,5
"58CC9F96A819A29FAAE7E1B553ABB23CBCE1D05C","rogue\sdf\pc\data\sdf-B-1144.sdfdata",67101109,67101109,63646301,5
"58CC9F96A819A29FAAE7E1B553ABB23CBCE1D05C","rogue\sdf\pc\data\sdf-B-1145.sdfdata",67031551,67031551,66716553,5
"58CC9F96A819A29FAAE7E1B553ABB23CBCE1D05C","rogue\sdf\pc\data\sdf-B-1146.sdfdata",67019179,67019179,66981019,5
"58CC9F96A819A29FAAE7E1B553ABB23CBCE1D05C","rogue\sdf\pc\data\sdf-B-1147.sdfdata",66728218,66728218,66469984,5
"58CC9F96A819A29FAAE7E1B553ABB23CBCE1D05C","rogue\sdf\pc\data\sdf-B-1148.sdfdata",80386490,80386490,74109989,5
"58CC9F96A819A29FAAE7E1B553ABB23CBCE1D05C","rogue\sdf\pc\data\sdf-B-1149.sdfdata",87615029,87615029,78807094,5
"58CC9F96A819A29FAAE7E1B553ABB23CBCE1D05C","rogue\sdf\pc\data\sdf-B-1150.sdfdata",67098909,67098909,57123244,5
"58CC9F96A819A29FAAE7E1B553ABB23CBCE1D05C","rogue\sdf\pc\data\sdf-B-1151.sdfdata",66920751,66920751,60306268,5
"58CC9F96A819A29FAAE7E1B553ABB23CBCE1D05C","rogue\sdf\pc\data\sdf-B-1152.sdfdata",66901529,66901529,63179388,5
"58CC9F96A819A29FAAE7E1B553ABB23CBCE1D05C","rogue\sdf\pc\data\sdf-B-1153.sdfdata",67053257,67053257,62704429,5
"58CC9F96A819A29FAAE7E1B553ABB23CBCE1D05C","rogue\sdf\pc\data\sdf-B-1154.sdfdata",67045988,67045988,62746193,5
"58CC9F96A819A29FAAE7E1B553ABB23CBCE1D05C","rogue\sdf\pc\data\sdf-B-1155.sdfdata",67094799,67094799,63799734,5
"58CC9F96A819A29FAAE7E1B553ABB23CBCE1D05C","rogue\sdf\pc\data\sdf-B-1156.sdfdata",67082214,67082214,61759835,5
"58CC9F96A819A29FAAE7E1B553ABB23CBCE1D05C","rogue\sdf\pc\data\sdf-B-1157.sdfdata",67104586,67104586,61461309,5
"58CC9F96A819A29FAAE7E1B553ABB23CBCE1D05C","rogue\sdf\pc\data\sdf-B-1158.sdfdata",67076336,67076336,64709437,5
"58CC9F96A819A29FAAE7E1B553ABB23CBCE1D05C","rogue\sdf\pc\data\sdf-B-1159.sdfdata",66648315,66648315,63500522,5
"58CC9F96A819A29FAAE7E1B553ABB23CBCE1D05C","rogue\sdf\pc\data\sdf-B-1160.sdfdata",66950715,66950715,64068882,5
"58CC9F96A819A29FAAE7E1B553ABB23CBCE1D05C","rogue\sdf\pc\data\sdf-B-1161.sdfdata",67107923,67107923,60449240,5
"58CC9F96A819A29FAAE7E1B553ABB23CBCE1D05C","rogue\sdf\pc\data\sdf-B-1162.sdfdata",66289775,66289775,62617197,5
"58CC9F96A819A29FAAE7E1B553ABB23CBCE1D05C","rogue\sdf\pc\data\sdf-B-1163.sdfdata",52477114,52477114,50758270,5
"58CC9F96A819A29FAAE7E1B553ABB23CBCE1D05C","rogue\sdf\pc\data\sdf-B-1164.sdfdata",75086568,75086568,74564570,5
"58CC9F96A819A29FAAE7E1B553ABB23CBCE1D05C","rogue\sdf\pc\data\sdf-B-1165.sdfdata",75257208,75257208,72272325,5
"58CC9F96A819A29FAAE7E1B553ABB23CBCE1D05C","rogue\sdf\pc\data\sdf-B-1166.sdfdata",66181050,66181050,62624555,5
"58CC9F96A819A29FAAE7E1B553ABB23CBCE1D05C","rogue\sdf\pc\data\sdf-B-1167.sdfdata",67055922,67055922,60515650,5
"58CC9F96A819A29FAAE7E1B553ABB23CBCE1D05C","rogue\sdf\pc\data\sdf-B-1168.sdfdata",65429679,65429679,59474338,5
"58CC9F96A819A29FAAE7E1B553ABB23CBCE1D05C","rogue\sdf\pc\data\sdf-B-1169.sdfdata",66019229,66019229,62151347,5
"58CC9F96A819A29FAAE7E1B553ABB23CBCE1D05C","rogue\sdf\pc\data\sdf-B-1170.sdfdata",118749265,118749265,106469524,5
"58CC9F96A819A29FAAE7E1B553ABB23CBCE1D05C","rogue\sdf\pc\data\sdf-B-1171.sdfdata",116669795,116669795,106336711,5
"58CC9F96A819A29FAAE7E1B553ABB23CBCE1D05C","rogue\sdf\pc\data\sdf-B-1172.sdfdata",66945018,66945018,58181708,5
"58CC9F96A819A29FAAE7E1B553ABB23CBCE1D05C","rogue\sdf\pc\data\sdf-B-1173.sdfdata",64871277,64871277,56607109,5
"58CC9F96A819A29FAAE7E1B553ABB23CBCE1D05C","rogue\sdf\pc\data\sdf-B-1174.sdfdata",63602371,63602371,55321179,5
"58CC9F96A819A29FAAE7E1B553ABB23CBCE1D05C","rogue\sdf\pc\data\sdf-B-1175.sdfdata",66163509,66163509,57006648,5
"58CC9F96A819A29FAAE7E1B553ABB23CBCE1D05C","rogue\sdf\pc\data\sdf-B-1176.sdfdata",67015146,67015146,56611123,5
"58CC9F96A819A29FAAE7E1B553ABB23CBCE1D05C","rogue\sdf\pc\data\sdf-B-1177.sdfdata",59451798,59451798,50670332,5
"58CC9F96A819A29FAAE7E1B553ABB23CBCE1D05C","rogue\sdf\pc\data\sdf-B-1178.sdfdata",66394240,66394240,57392067,5
"58CC9F96A819A29FAAE7E1B553ABB23CBCE1D05C","rogue\sdf\pc\data\sdf-B-1179.sdfdata",12328907,12328907,9952477,5
"58CC9F96A819A29FAAE7E1B553ABB23CBCE1D05C","rogue\sdf\pc\data\sdf-B-1180.sdfdata",81261167,81261167,77185073,5
"58CC9F96A819A29FAAE7E1B553ABB23CBCE1D05C","rogue\sdf\pc\data\sdf-B-1181.sdfdata",52143927,52143927,49875397,5
"58CC9F96A819A29FAAE7E1B553ABB23CBCE1D05C","rogue\sdf\pc\data\sdf-B-1182.sdfdata",61116804,61116804,58842829,5
"58CC9F96A819A29FAAE7E1B553ABB23CBCE1D05C","rogue\sdf\pc\data\sdf-B-1183.sdfdata",65858027,65858027,63540685,5
"58CC9F96A819A29FAAE7E1B553ABB23CBCE1D05C","rogue\sdf\pc\data\sdf-B-1184.sdfdata",33883228,33883228,32437686,5
"58CC9F96A819A29FAAE7E1B553ABB23CBCE1D05C","rogue\sdf\pc\data\sdf-B-1185.sdfdata",66165097,66165097,63474142,5
"58CC9F96A819A29FAAE7E1B553ABB23CBCE1D05C","rogue\sdf\pc\data\sdf-B-1186.sdfdata",66737716,66737716,63820352,5
"58CC9F96A819A29FAAE7E1B553ABB23CBCE1D05C","rogue\sdf\pc\data\sdf-B-1187.sdfdata",65101211,65101211,62077786,5
"58CC9F96A819A29FAAE7E1B553ABB23CBCE1D05C","rogue\sdf\pc\data\sdf-B-1188.sdfdata",62144571,62144571,59604002,5
"58CC9F96A819A29FAAE7E1B553ABB23CBCE1D05C","rogue\sdf\pc\data\sdf-B-1189.sdfdata",61324944,61324944,58431517,5
"58CC9F96A819A29FAAE7E1B553ABB23CBCE1D05C","rogue\sdf\pc\data\sdf-B-1190.sdfdata",60852406,60852406,58027400,5
"58CC9F96A819A29FAAE7E1B553ABB23CBCE1D05C","rogue\sdf\pc\data\sdf-B-1191.sdfdata",61110102,61110102,58261372,5
"58CC9F96A819A29FAAE7E1B553ABB23CBCE1D05C","rogue\sdf\pc\data\sdf-B-1192.sdfdata",65672530,65672530,62605568,5
"58CC9F96A819A29FAAE7E1B553ABB23CBCE1D05C","rogue\sdf\pc\data\sdf-B-1193.sdfdata",64740584,64740584,61888033,5
"58CC9F96A819A29FAAE7E1B553ABB23CBCE1D05C","rogue\sdf\pc\data\sdf-B-1194.sdfdata",67047300,67047300,59081960,5
"58CC9F96A819A29FAAE7E1B553ABB23CBCE1D05C","rogue\sdf\pc\data\sdf-B-1195.sdfdata",59102831,59102831,51746812,5
"58CC9F96A819A29FAAE7E1B553ABB23CBCE1D05C","rogue\sdf\pc\data\sdf-B-1196.sdfdata",64936084,64936084,57101450,5
"58CC9F96A819A29FAAE7E1B553ABB23CBCE1D05C","rogue\sdf\pc\data\sdf-B-1197.sdfdata",67060354,67060354,57319239,5
"58CC9F96A819A29FAAE7E1B553ABB23CBCE1D05C","rogue\sdf\pc\data\sdf-B-1198.sdfdata",63251295,63251295,54553967,5
"58CC9F96A819A29FAAE7E1B553ABB23CBCE1D05C","rogue\sdf\pc\data\sdf-B-1199.sdfdata",66863266,66863266,57301147,5
"58CC9F96A819A29FAAE7E1B553ABB23CBCE1D05C","rogue\sdf\pc\data\sdf-B-1200.sdfdata",60788460,60788460,52359397,5
"58CC9F96A819A29FAAE7E1B553ABB23CBCE1D05C","rogue\sdf\pc\data\sdf-B-1201.sdfdata",66817839,66817839,59194268,5
"58CC9F96A819A29FAAE7E1B553ABB23CBCE1D05C","rogue\sdf\pc\data\sdf-B-1202.sdfdata",65680392,65680392,56785942,5
"58CC9F96A819A29FAAE7E1B553ABB23CBCE1D05C","rogue\sdf\pc\data\sdf-B-1203.sdfdata",65998138,65998138,56712355,5
"58CC9F96A819A29FAAE7E1B553ABB23CBCE1D05C","rogue\sdf\pc\data\sdf-B-1204.sdfdata",66099899,66099899,56390861,5
"58CC9F96A819A29FAAE7E1B553ABB23CBCE1D05C","rogue\sdf\pc\data\sdf-B-1205.sdfdata",66155703,66155703,55187295,5
"58CC9F96A819A29FAAE7E1B553ABB23CBCE1D05C","rogue\sdf\pc\data\sdf-B-1206.sdfdata",66561019,66561019,58043211,5
"58CC9F96A819A29FAAE7E1B553ABB23CBCE1D05C","rogue\sdf\pc\data\sdf-B-1207.sdfdata",66470698,66470698,57413917,5
"58CC9F96A819A29FAAE7E1B553ABB23CBCE1D05C","rogue\sdf\pc\data\sdf-B-1208.sdfdata",52348857,52348857,45788759,5
"58CC9F96A819A29FAAE7E1B553ABB23CBCE1D05C","rogue\sdf\pc\data\sdf-B-1209.sdfdata",61553284,61553284,57242658,5
"58CC9F96A819A29FAAE7E1B553ABB23CBCE1D05C","rogue\sdf\pc\data\sdf-B-1210.sdfdata",34863520,34863520,33040143,5
"58CC9F96A819A29FAAE7E1B553ABB23CBCE1D05C","rogue\sdf\pc\data\sdf-B-1211.sdfdata",70921145,70921145,63867107,5
"58CC9F96A819A29FAAE7E1B553ABB23CBCE1D05C","rogue\sdf\pc\data\sdf-B-1212.sdfdata",66926986,66926986,61179939,5
"58CC9F96A819A29FAAE7E1B553ABB23CBCE1D05C","rogue\sdf\pc\data\sdf-B-1213.sdfdata",64767283,64767283,56869015,5
"58CC9F96A819A29FAAE7E1B553ABB23CBCE1D05C","rogue\sdf\pc\data\sdf-B-1214.sdfdata",66315777,66315777,57126898,5
"58CC9F96A819A29FAAE7E1B553ABB23CBCE1D05C","rogue\sdf\pc\data\sdf-B-1215.sdfdata",63526555,63526555,57355807,5
"58CC9F96A819A29FAAE7E1B553ABB23CBCE1D05C","rogue\sdf\pc\data\sdf-B-1216.sdfdata",62864097,62864097,54854055,5
"58CC9F96A819A29FAAE7E1B553ABB23CBCE1D05C","rogue\sdf\pc\data\sdf-B-1217.sdfdata",52787586,52787586,48473876,5
"58CC9F96A819A29FAAE7E1B553ABB23CBCE1D05C","rogue\sdf\pc\data\sdf-B-1218.sdfdata",61706377,61706377,58710071,5
"58CC9F96A819A29FAAE7E1B553ABB23CBCE1D05C","rogue\sdf\pc\data\sdf-B-1219.sdfdata",66302487,66302487,59232423,5
"58CC9F96A819A29FAAE7E1B553ABB23CBCE1D05C","rogue\sdf\pc\data\sdf-B-1220.sdfdata",64909701,64909701,60406683,5
"58CC9F96A819A29FAAE7E1B553ABB23CBCE1D05C","rogue\sdf\pc\data\sdf-B-1221.sdfdata",65198595,65198595,62009346,5
"58CC9F96A819A29FAAE7E1B553ABB23CBCE1D05C","rogue\sdf\pc\data\sdf-B-1222.sdfdata",66628336,66628336,63512283,5
"58CC9F96A819A29FAAE7E1B553ABB23CBCE1D05C","rogue\sdf\pc\data\sdf-B-1223.sdfdata",65762797,65762797,61905781,5
"58CC9F96A819A29FAAE7E1B553ABB23CBCE1D05C","rogue\sdf\pc\data\sdf-B-1224.sdfdata",66378881,66378881,57399605,5
"58CC9F96A819A29FAAE7E1B553ABB23CBCE1D05C","rogue\sdf\pc\data\sdf-B-1225.sdfdata",64947978,64947978,58287802,5
"58CC9F96A819A29FAAE7E1B553ABB23CBCE1D05C","rogue\sdf\pc\data\sdf-B-1226.sdfdata",66207794,66207794,55439505,5
"58CC9F96A819A29FAAE7E1B553ABB23CBCE1D05C","rogue\sdf\pc\data\sdf-B-1227.sdfdata",62578543,62578543,54666569,5
"58CC9F96A819A29FAAE7E1B553ABB23CBCE1D05C","rogue\sdf\pc\data\sdf-B-1228.sdfdata",64404926,64404926,57223078,5
"58CC9F96A819A29FAAE7E1B553ABB23CBCE1D05C","rogue\sdf\pc\data\sdf-B-1229.sdfdata",54620376,54620376,47035701,5
"58CC9F96A819A29FAAE7E1B553ABB23CBCE1D05C","rogue\sdf\pc\data\sdf-B-1230.sdfdata",62857819,62857819,54440696,5
"58CC9F96A819A29FAAE7E1B553ABB23CBCE1D05C","rogue\sdf\pc\data\sdf-B-1231.sdfdata",64958416,64958416,55638339,5
"58CC9F96A819A29FAAE7E1B553ABB23CBCE1D05C","rogue\sdf\pc\data\sdf-B-1232.sdfdata",64502755,64502755,56143143,5
"58CC9F96A819A29FAAE7E1B553ABB23CBCE1D05C","rogue\sdf\pc\data\sdf-B-1233.sdfdata",57980563,57980563,50224674,5
"58CC9F96A819A29FAAE7E1B553ABB23CBCE1D05C","rogue\sdf\pc\data\sdf-B-1234.sdfdata",66194716,66194716,56446156,5
"58CC9F96A819A29FAAE7E1B553ABB23CBCE1D05C","rogue\sdf\pc\data\sdf-B-1235.sdfdata",66587922,66587922,58977928,5
"58CC9F96A819A29FAAE7E1B553ABB23CBCE1D05C","rogue\sdf\pc\data\sdf-B-1236.sdfdata",64369947,64369947,55821532,5
"58CC9F96A819A29FAAE7E1B553ABB23CBCE1D05C","rogue\sdf\pc\data\sdf-B-1237.sdfdata",64554985,64554985,55963831,5
"58CC9F96A819A29FAAE7E1B553ABB23CBCE1D05C","rogue\sdf\pc\data\sdf-B-1238.sdfdata",66560171,66560171,52777833,5
"58CC9F96A819A29FAAE7E1B553ABB23CBCE1D05C","rogue\sdf\pc\data\sdf-B-1239.sdfdata",66078152,66078152,57199458,5
"58CC9F96A819A29FAAE7E1B553ABB23CBCE1D05C","rogue\sdf\pc\data\sdf-B-1240.sdfdata",66731957,66731957,59797665,5
"58CC9F96A819A29FAAE7E1B553ABB23CBCE1D05C","rogue\sdf\pc\data\sdf-B-1241.sdfdata",66358058,66358058,59494159,5
"58CC9F96A819A29FAAE7E1B553ABB23CBCE1D05C","rogue\sdf\pc\data\sdf-B-1242.sdfdata",27400367,27400367,23075397,5
"58CC9F96A819A29FAAE7E1B553ABB23CBCE1D05C","rogue\sdf\pc\data\sdf-B-1243.sdfdata",95102929,95102929,92952914,5
"58CC9F96A819A29FAAE7E1B553ABB23CBCE1D05C","rogue\sdf\pc\data\sdf-B-1244.sdfdata",66756186,66756186,62573524,5
"58CC9F96A819A29FAAE7E1B553ABB23CBCE1D05C","rogue\sdf\pc\data\sdf-B-1245.sdfdata",66438393,66438393,56354123,5
"58CC9F96A819A29FAAE7E1B553ABB23CBCE1D05C","rogue\sdf\pc\data\sdf-B-1246.sdfdata",66875216,66875216,58188841,5
"58CC9F96A819A29FAAE7E1B553ABB23CBCE1D05C","rogue\sdf\pc\data\sdf-B-1247.sdfdata",64597373,64597373,57184997,5
"58CC9F96A819A29FAAE7E1B553ABB23CBCE1D05C","rogue\sdf\pc\data\sdf-B-1248.sdfdata",63252020,63252020,58538951,5
"58CC9F96A819A29FAAE7E1B553ABB23CBCE1D05C","rogue\sdf\pc\data\sdf-B-1249.sdfdata",65251692,65251692,60618534,5
"58CC9F96A819A29FAAE7E1B553ABB23CBCE1D05C","rogue\sdf\pc\data\sdf-B-1250.sdfdata",64609848,64609848,59504175,5
"58CC9F96A819A29FAAE7E1B553ABB23CBCE1D05C","rogue\sdf\pc\data\sdf-B-1251.sdfdata",66179200,66179200,61167213,5
"58CC9F96A819A29FAAE7E1B553ABB23CBCE1D05C","rogue\sdf\pc\data\sdf-B-1252.sdfdata",54709213,54709213,50667328,5
"58CC9F96A819A29FAAE7E1B553ABB23CBCE1D05C","rogue\sdf\pc\data\sdf-B-1253.sdfdata",60647900,60647900,57568629,5
"58CC9F96A819A29FAAE7E1B553ABB23CBCE1D05C","rogue\sdf\pc\data\sdf-B-1254.sdfdata",65963754,65963754,62734363,5
"58CC9F96A819A29FAAE7E1B553ABB23CBCE1D05C","rogue\sdf\pc\data\sdf-B-1255.sdfdata",65180720,65180720,61894719,5
"58CC9F96A819A29FAAE7E1B553ABB23CBCE1D05C","rogue\sdf\pc\data\sdf-B-1256.sdfdata",62294268,62294268,59654950,5
"58CC9F96A819A29FAAE7E1B553ABB23CBCE1D05C","rogue\sdf\pc\data\sdf-B-1257.sdfdata",67093547,67093547,64195326,5
"58CC9F96A819A29FAAE7E1B553ABB23CBCE1D05C","rogue\sdf\pc\data\sdf-B-1258.sdfdata",65192640,65192640,61834997,5
"58CC9F96A819A29FAAE7E1B553ABB23CBCE1D05C","rogue\sdf\pc\data\sdf-B-1259.sdfdata",66842289,66842289,63170042,5
"58CC9F96A819A29FAAE7E1B553ABB23CBCE1D05C","rogue\sdf\pc\data\sdf-B-1260.sdfdata",66599112,66599112,61201743,5
"58CC9F96A819A29FAAE7E1B553ABB23CBCE1D05C","rogue\sdf\pc\data\sdf-B-1261.sdfdata",65280814,65280814,60835009,5
"58CC9F96A819A29FAAE7E1B553ABB23CBCE1D05C","rogue\sdf\pc\data\sdf-B-1262.sdfdata",65747189,65747189,63116191,5
"58CC9F96A819A29FAAE7E1B553ABB23CBCE1D05C","rogue\sdf\pc\data\sdf-B-1263.sdfdata",62984880,62984880,56833767,5
"58CC9F96A819A29FAAE7E1B553ABB23CBCE1D05C","rogue\sdf\pc\data\sdf-B-1264.sdfdata",65045690,65045690,59774427,5
"58CC9F96A819A29FAAE7E1B553ABB23CBCE1D05C","rogue\sdf\pc\data\sdf-B-1265.sdfdata",65456336,65456336,61956010,5
"58CC9F96A819A29FAAE7E1B553ABB23CBCE1D05C","rogue\sdf\pc\data\sdf-B-1266.sdfdata",63937229,63937229,60960883,5
"58CC9F96A819A29FAAE7E1B553ABB23CBCE1D05C","rogue\sdf\pc\data\sdf-B-1267.sdfdata",64740056,64740056,61700942,5
"58CC9F96A819A29FAAE7E1B553ABB23CBCE1D05C","rogue\sdf\pc\data\sdf-B-1268.sdfdata",62232367,62232367,59564459,5
"58CC9F96A819A29FAAE7E1B553ABB23CBCE1D05C","rogue\sdf\pc\data\sdf-B-1269.sdfdata",60036658,60036658,57095235,5
"58CC9F96A819A29FAAE7E1B553ABB23CBCE1D05C","rogue\sdf\pc\data\sdf-B-1270.sdfdata",67037801,67037801,62326190,5
"58CC9F96A819A29FAAE7E1B553ABB23CBCE1D05C","rogue\sdf\pc\data\sdf-B-1271.sdfdata",64121960,64121960,60809132,5
"58CC9F96A819A29FAAE7E1B553ABB23CBCE1D05C","rogue\sdf\pc\data\sdf-B-1272.sdfdata",64474383,64474383,60783908,5
"58CC9F96A819A29FAAE7E1B553ABB23CBCE1D05C","rogue\sdf\pc\data\sdf-B-1273.sdfdata",65116304,65116304,61860239,5
"58CC9F96A819A29FAAE7E1B553ABB23CBCE1D05C","rogue\sdf\pc\data\sdf-B-1274.sdfdata",65738976,65738976,62724770,5
"58CC9F96A819A29FAAE7E1B553ABB23CBCE1D05C","rogue\sdf\pc\data\sdf-B-1275.sdfdata",65274282,65274282,62360680,5
"58CC9F96A819A29FAAE7E1B553ABB23CBCE1D05C","rogue\sdf\pc\data\sdf-B-1276.sdfdata",59516868,59516868,56611911,5
"58CC9F96A819A29FAAE7E1B553ABB23CBCE1D05C","rogue\sdf\pc\data\sdf-B-1277.sdfdata",65689032,65689032,62735180,5
"58CC9F96A819A29FAAE7E1B553ABB23CBCE1D05C","rogue\sdf\pc\data\sdf-B-1278.sdfdata",64882306,64882306,61952855,5
"58CC9F96A819A29FAAE7E1B553ABB23CBCE1D05C","rogue\sdf\pc\data\sdf-B-1279.sdfdata",66304263,66304263,63384645,5
"58CC9F96A819A29FAAE7E1B553ABB23CBCE1D05C","rogue\sdf\pc\data\sdf-B-1280.sdfdata",65839003,65839003,62689269,5
"58CC9F96A819A29FAAE7E1B553ABB23CBCE1D05C","rogue\sdf\pc\data\sdf-B-1281.sdfdata",66824052,66824052,63789176,5
"58CC9F96A819A29FAAE7E1B553ABB23CBCE1D05C","rogue\sdf\pc\data\sdf-B-1282.sdfdata",64521279,64521279,61572297,5
"58CC9F96A819A29FAAE7E1B553ABB23CBCE1D05C","rogue\sdf\pc\data\sdf-B-1283.sdfdata",60963134,60963134,58420001,5
"58CC9F96A819A29FAAE7E1B553ABB23CBCE1D05C","rogue\sdf\pc\data\sdf-B-1284.sdfdata",54311080,54311080,51985222,5
"58CC9F96A819A29FAAE7E1B553ABB23CBCE1D05C","rogue\sdf\pc\data\sdf-B-1285.sdfdata",58616890,58616890,55937181,5
"58CC9F96A819A29FAAE7E1B553ABB23CBCE1D05C","rogue\sdf\pc\data\sdf-B-1286.sdfdata",62022493,62022493,58862666,5
"58CC9F96A819A29FAAE7E1B553ABB23CBCE1D05C","rogue\sdf\pc\data\sdf-B-1287.sdfdata",63358101,63358101,60220159,5
"58CC9F96A819A29FAAE7E1B553ABB23CBCE1D05C","rogue\sdf\pc\data\sdf-B-1288.sdfdata",63937425,63937425,60918530,5
"58CC9F96A819A29FAAE7E1B553ABB23CBCE1D05C","rogue\sdf\pc\data\sdf-B-1289.sdfdata",66269232,66269232,63162942,5
"58CC9F96A819A29FAAE7E1B553ABB23CBCE1D05C","rogue\sdf\pc\data\sdf-B-1290.sdfdata",59946245,59946245,57013762,5
"58CC9F96A819A29FAAE7E1B553ABB23CBCE1D05C","rogue\sdf\pc\data\sdf-B-1291.sdfdata",63082482,63082482,60025204,5
"58CC9F96A819A29FAAE7E1B553ABB23CBCE1D05C","rogue\sdf\pc\data\sdf-B-1292.sdfdata",64879551,64879551,61860185,5
"58CC9F96A819A29FAAE7E1B553ABB23CBCE1D05C","rogue\sdf\pc\data\sdf-B-1293.sdfdata",63952304,63952304,61064110,5
"58CC9F96A819A29FAAE7E1B553ABB23CBCE1D05C","rogue\sdf\pc\data\sdf-B-1294.sdfdata",62958750,62958750,59849127,5
"58CC9F96A819A29FAAE7E1B553ABB23CBCE1D05C","rogue\sdf\pc\data\sdf-B-1295.sdfdata",65822981,65822981,62680645,5
"58CC9F96A819A29FAAE7E1B553ABB23CBCE1D05C","rogue\sdf\pc\data\sdf-B-1296.sdfdata",65321908,65321908,60070499,5
"58CC9F96A819A29FAAE7E1B553ABB23CBCE1D05C","rogue\sdf\pc\data\sdf-B-1297.sdfdata",64900630,64900630,61300406,5
"58CC9F96A819A29FAAE7E1B553ABB23CBCE1D05C","rogue\sdf\pc\data\sdf-B-1298.sdfdata",65117997,65117997,61067027,5
"58CC9F96A819A29FAAE7E1B553ABB23CBCE1D05C","rogue\sdf\pc\data\sdf-B-1299.sdfdata",63805400,63805400,59926917,5
"58CC9F96A819A29FAAE7E1B553ABB23CBCE1D05C","rogue\sdf\pc\data\sdf-B-1300.sdfdata",63183354,63183354,56593885,5
"58CC9F96A819A29FAAE7E1B553ABB23CBCE1D05C","rogue\sdf\pc\data\sdf-B-1301.sdfdata",63624719,63624719,55530210,5
"58CC9F96A819A29FAAE7E1B553ABB23CBCE1D05C","rogue\sdf\pc\data\sdf-B-1302.sdfdata",40622343,40622343,35326977,5
"58CC9F96A819A29FAAE7E1B553ABB23CBCE1D05C","rogue\sdf\pc\data\sdf-B-1303.sdfdata",66923647,66923647,61883281,5
"58CC9F96A819A29FAAE7E1B553ABB23CBCE1D05C","rogue\sdf\pc\data\sdf-B-1304.sdfdata",64753027,64753027,55775486,5
"58CC9F96A819A29FAAE7E1B553ABB23CBCE1D05C","rogue\sdf\pc\data\sdf-B-1305.sdfdata",63758926,63758926,54843933,5
"58CC9F96A819A29FAAE7E1B553ABB23CBCE1D05C","rogue\sdf\pc\data\sdf-B-1306.sdfdata",63555675,63555675,55171675,5
"58CC9F96A819A29FAAE7E1B553ABB23CBCE1D05C","rogue\sdf\pc\data\sdf-B-1307.sdfdata",66597542,66597542,56390826,5
"58CC9F96A819A29FAAE7E1B553ABB23CBCE1D05C","rogue\sdf\pc\data\sdf-B-1308.sdfdata",66878664,66878664,57150028,5
"58CC9F96A819A29FAAE7E1B553ABB23CBCE1D05C","rogue\sdf\pc\data\sdf-B-1309.sdfdata",65785460,65785460,56512927,5
"58CC9F96A819A29FAAE7E1B553ABB23CBCE1D05C","rogue\sdf\pc\data\sdf-B-1310.sdfdata",67003234,67003234,60929073,5
"58CC9F96A819A29FAAE7E1B553ABB23CBCE1D05C","rogue\sdf\pc\data\sdf-B-1311.sdfdata",65657834,65657834,59754265,5
"58CC9F96A819A29FAAE7E1B553ABB23CBCE1D05C","rogue\sdf\pc\data\sdf-B-1312.sdfdata",62698375,62698375,56505582,5
"58CC9F96A819A29FAAE7E1B553ABB23CBCE1D05C","rogue\sdf\pc\data\sdf-B-1313.sdfdata",66701845,66701845,63962414,5
"58CC9F96A819A29FAAE7E1B553ABB23CBCE1D05C","rogue\sdf\pc\data\sdf-B-1314.sdfdata",65808123,65808123,62028760,5
"58CC9F96A819A29FAAE7E1B553ABB23CBCE1D05C","rogue\sdf\pc\data\sdf-B-1315.sdfdata",66435921,66435921,63178226,5
"58CC9F96A819A29FAAE7E1B553ABB23CBCE1D05C","rogue\sdf\pc\data\sdf-B-1316.sdfdata",65859932,65859932,63751018,5
"58CC9F96A819A29FAAE7E1B553ABB23CBCE1D05C","rogue\sdf\pc\data\sdf-B-1317.sdfdata",66255551,66255551,62966131,5
"58CC9F96A819A29FAAE7E1B553ABB23CBCE1D05C","rogue\sdf\pc\data\sdf-B-1318.sdfdata",65739089,65739089,62776776,5
"58CC9F96A819A29FAAE7E1B553ABB23CBCE1D05C","rogue\sdf\pc\data\sdf-B-1319.sdfdata",61931877,61931877,58939899,5
"58CC9F96A819A29FAAE7E1B553ABB23CBCE1D05C","rogue\sdf\pc\data\sdf-B-1320.sdfdata",65964942,65964942,63477934,5
"58CC9F96A819A29FAAE7E1B553ABB23CBCE1D05C","rogue\sdf\pc\data\sdf-B-1321.sdfdata",65279645,65279645,62907758,5
"58CC9F96A819A29FAAE7E1B553ABB23CBCE1D05C","rogue\sdf\pc\data\sdf-B-1322.sdfdata",66544227,66544227,63845200,5
"58CC9F96A819A29FAAE7E1B553ABB23CBCE1D05C","rogue\sdf\pc\data\sdf-B-1323.sdfdata",65377264,65377264,62245239,5
"58CC9F96A819A29FAAE7E1B553ABB23CBCE1D05C","rogue\sdf\pc\data\sdf-B-1324.sdfdata",65923067,65923067,62602488,5
"58CC9F96A819A29FAAE7E1B553ABB23CBCE1D05C","rogue\sdf\pc\data\sdf-B-1325.sdfdata",65504533,65504533,63195918,5
"58CC9F96A819A29FAAE7E1B553ABB23CBCE1D05C","rogue\sdf\pc\data\sdf-B-1326.sdfdata",67041345,67041345,64262870,5
"58CC9F96A819A29FAAE7E1B553ABB23CBCE1D05C","rogue\sdf\pc\data\sdf-B-1327.sdfdata",66861286,66861286,63919244,5
"58CC9F96A819A29FAAE7E1B553ABB23CBCE1D05C","rogue\sdf\pc\data\sdf-B-1328.sdfdata",67031136,67031136,64452181,5
"58CC9F96A819A29FAAE7E1B553ABB23CBCE1D05C","rogue\sdf\pc\data\sdf-B-1329.sdfdata",66928793,66928793,63976156,5
"58CC9F96A819A29FAAE7E1B553ABB23CBCE1D05C","rogue\sdf\pc\data\sdf-B-1330.sdfdata",66856922,66856922,64479742,5
"58CC9F96A819A29FAAE7E1B553ABB23CBCE1D05C","rogue\sdf\pc\data\sdf-B-1331.sdfdata",66341036,66341036,63637113,5
"58CC9F96A819A29FAAE7E1B553ABB23CBCE1D05C","rogue\sdf\pc\data\sdf-B-1332.sdfdata",63330817,63330817,60396076,5
"58CC9F96A819A29FAAE7E1B553ABB23CBCE1D05C","rogue\sdf\pc\data\sdf-B-1333.sdfdata",65631031,65631031,62781414,5
"58CC9F96A819A29FAAE7E1B553ABB23CBCE1D05C","rogue\sdf\pc\data\sdf-B-1334.sdfdata",65424852,65424852,62053349,5
"58CC9F96A819A29FAAE7E1B553ABB23CBCE1D05C","rogue\sdf\pc\data\sdf-B-1335.sdfdata",67049613,67049613,64209846,5
"58CC9F96A819A29FAAE7E1B553ABB23CBCE1D05C","rogue\sdf\pc\data\sdf-B-1336.sdfdata",64632548,64632548,62220239,5
"58CC9F96A819A29FAAE7E1B553ABB23CBCE1D05C","rogue\sdf\pc\data\sdf-B-1337.sdfdata",65275914,65275914,62410460,5
"58CC9F96A819A29FAAE7E1B553ABB23CBCE1D05C","rogue\sdf\pc\data\sdf-B-1338.sdfdata",65294880,65294880,62002895,5
"58CC9F96A819A29FAAE7E1B553ABB23CBCE1D05C","rogue\sdf\pc\data\sdf-B-1339.sdfdata",62359736,62359736,58652743,5
"58CC9F96A819A29FAAE7E1B553ABB23CBCE1D05C","rogue\sdf\pc\data\sdf-B-1340.sdfdata",61321699,61321699,58107768,5
"58CC9F96A819A29FAAE7E1B553ABB23CBCE1D05C","rogue\sdf\pc\data\sdf-B-1341.sdfdata",66824028,66824028,63723716,5
"58CC9F96A819A29FAAE7E1B553ABB23CBCE1D05C","rogue\sdf\pc\data\sdf-B-1342.sdfdata",65218356,65218356,62028449,5
"58CC9F96A819A29FAAE7E1B553ABB23CBCE1D05C","rogue\sdf\pc\data\sdf-B-1343.sdfdata",66102026,66102026,62825911,5
"58CC9F96A819A29FAAE7E1B553ABB23CBCE1D05C","rogue\sdf\pc\data\sdf-B-1344.sdfdata",66945143,66945143,63804065,5
"58CC9F96A819A29FAAE7E1B553ABB23CBCE1D05C","rogue\sdf\pc\data\sdf-B-1345.sdfdata",67098344,67098344,63012751,5
"58CC9F96A819A29FAAE7E1B553ABB23CBCE1D05C","rogue\sdf\pc\data\sdf-B-1346.sdfdata",67046761,67046761,66550781,5
"58CC9F96A819A29FAAE7E1B553ABB23CBCE1D05C","rogue\sdf\pc\data\sdf-B-1347.sdfdata",67085070,67085070,66896474,5
"58CC9F96A819A29FAAE7E1B553ABB23CBCE1D05C","rogue\sdf\pc\data\sdf-B-1348.sdfdata",67064399,67064399,66969615,5
"58CC9F96A819A29FAAE7E1B553ABB23CBCE1D05C","rogue\sdf\pc\data\sdf-B-1349.sdfdata",67077881,67077881,67011173,5
"58CC9F96A819A29FAAE7E1B553ABB23CBCE1D05C","rogue\sdf\pc\data\sdf-B-1350.sdfdata",67106676,67106676,67058008,5
"58CC9F96A819A29FAAE7E1B553ABB23CBCE1D05C","rogue\sdf\pc\data\sdf-B-1351.sdfdata",67031177,67031177,66888244,5
"58CC9F96A819A29FAAE7E1B553ABB23CBCE1D05C","rogue\sdf\pc\data\sdf-B-1352.sdfdata",67083848,67083848,66960293,5
"58CC9F96A819A29FAAE7E1B553ABB23CBCE1D05C","rogue\sdf\pc\data\sdf-B-1353.sdfdata",67049690,67049690,66894189,5
"58CC9F96A819A29FAAE7E1B553ABB23CBCE1D05C","rogue\sdf\pc\data\sdf-B-1354.sdfdata",67057017,67057017,66923606,5
"58CC9F96A819A29FAAE7E1B553ABB23CBCE1D05C","rogue\sdf\pc\data\sdf-B-1355.sdfdata",67103466,67103466,66951945,5
"58CC9F96A819A29FAAE7E1B553ABB23CBCE1D05C","rogue\sdf\pc\data\sdf-B-1356.sdfdata",67058718,67058718,66869809,5
"58CC9F96A819A29FAAE7E1B553ABB23CBCE1D05C","rogue\sdf\pc\data\sdf-B-1357.sdfdata",67089621,67089621,66945400,5
"58CC9F96A819A29FAAE7E1B553ABB23CBCE1D05C","rogue\sdf\pc\data\sdf-B-1358.sdfdata",67081969,67081969,66945429,5
"58CC9F96A819A29FAAE7E1B553ABB23CBCE1D05C","rogue\sdf\pc\data\sdf-B-1359.sdfdata",67099113,67099113,66985803,5
"58CC9F96A819A29FAAE7E1B553ABB23CBCE1D05C","rogue\sdf\pc\data\sdf-B-1360.sdfdata",67097802,67097802,67022678,5
"58CC9F96A819A29FAAE7E1B553ABB23CBCE1D05C","rogue\sdf\pc\data\sdf-B-1361.sdfdata",67076698,67076698,66999045,5
"58CC9F96A819A29FAAE7E1B553ABB23CBCE1D05C","rogue\sdf\pc\data\sdf-B-1362.sdfdata",67091680,67091680,67000411,5
"58CC9F96A819A29FAAE7E1B553ABB23CBCE1D05C","rogue\sdf\pc\data\sdf-B-1363.sdfdata",67076427,67076427,66984927,5
"58CC9F96A819A29FAAE7E1B553ABB23CBCE1D05C","rogue\sdf\pc\data\sdf-B-1364.sdfdata",67090558,67090558,66998283,5
"58CC9F96A819A29FAAE7E1B553ABB23CBCE1D05C","rogue\sdf\pc\data\sdf-B-1365.sdfdata",67071991,67071991,66980883,5
"58CC9F96A819A29FAAE7E1B553ABB23CBCE1D05C","rogue\sdf\pc\data\sdf-B-1366.sdfdata",67103964,67103964,66375681,5
"58CC9F96A819A29FAAE7E1B553ABB23CBCE1D05C","rogue\sdf\pc\data\sdf-B-1367.sdfdata",67100421,67100421,66201208,5
"58CC9F96A819A29FAAE7E1B553ABB23CBCE1D05C","rogue\sdf\pc\data\sdf-B-1368.sdfdata",67108108,67108108,66223324,5
"58CC9F96A819A29FAAE7E1B553ABB23CBCE1D05C","rogue\sdf\pc\data\sdf-B-1369.sdfdata",67101257,67101257,66266206,5
"58CC9F96A819A29FAAE7E1B553ABB23CBCE1D05C","rogue\sdf\pc\data\sdf-B-1370.sdfdata",67093607,67093607,66119787,5
"58CC9F96A819A29FAAE7E1B553ABB23CBCE1D05C","rogue\sdf\pc\data\sdf-B-1371.sdfdata",67103841,67103841,66051413,5
"58CC9F96A819A29FAAE7E1B553ABB23CBCE1D05C","rogue\sdf\pc\data\sdf-B-1372.sdfdata",67085414,67085414,63393039,5
"58CC9F96A819A29FAAE7E1B553ABB23CBCE1D05C","rogue\sdf\pc\data\sdf-B-1373.sdfdata",67097068,67097068,61915179,5
"58CC9F96A819A29FAAE7E1B553ABB23CBCE1D05C","rogue\sdf\pc\data\sdf-B-1374.sdfdata",67067388,67067388,61818542,5
"58CC9F96A819A29FAAE7E1B553ABB23CBCE1D05C","rogue\sdf\pc\data\sdf-B-1375.sdfdata",67056145,67056145,62509862,5
"58CC9F96A819A29FAAE7E1B553ABB23CBCE1D05C","rogue\sdf\pc\data\sdf-B-1376.sdfdata",67101412,67101412,62824842,5
"58CC9F96A819A29FAAE7E1B553ABB23CBCE1D05C","rogue\sdf\pc\data\sdf-B-1377.sdfdata",67040653,67040653,63122649,5
"58CC9F96A819A29FAAE7E1B553ABB23CBCE1D05C","rogue\sdf\pc\data\sdf-B-1378.sdfdata",67058590,67058590,63731510,5
"58CC9F96A819A29FAAE7E1B553ABB23CBCE1D05C","rogue\sdf\pc\data\sdf-B-1379.sdfdata",67106535,67106535,64098766,5
"58CC9F96A819A29FAAE7E1B553ABB23CBCE1D05C","rogue\sdf\pc\data\sdf-B-1380.sdfdata",67099044,67099044,64151022,5
"58CC9F96A819A29FAAE7E1B553ABB23CBCE1D05C","rogue\sdf\pc\data\sdf-B-1381.sdfdata",67047560,67047560,64241579,5
"58CC9F96A819A29FAAE7E1B553ABB23CBCE1D05C","rogue\sdf\pc\data\sdf-B-1382.sdfdata",67104723,67104723,63462254,5
"58CC9F96A819A29FAAE7E1B553ABB23CBCE1D05C","rogue\sdf\pc\data\sdf-B-1383.sdfdata",67073593,67073593,65183158,5
"58CC9F96A819A29FAAE7E1B553ABB23CBCE1D05C","rogue\sdf\pc\data\sdf-B-1384.sdfdata",67081646,67081646,62199101,5
"58CC9F96A819A29FAAE7E1B553ABB23CBCE1D05C","rogue\sdf\pc\data\sdf-B-1385.sdfdata",67095812,67095812,65663539,5
"58CC9F96A819A29FAAE7E1B553ABB23CBCE1D05C","rogue\sdf\pc\data\sdf-B-1386.sdfdata",67108791,67108791,44581621,5
"58CC9F96A819A29FAAE7E1B553ABB23CBCE1D05C","rogue\sdf\pc\data\sdf-B-1387.sdfdata",64804227,64804227,51952686,5
"58CC9F96A819A29FAAE7E1B553ABB23CBCE1D05C","rogue\sdf\pc\data\sdf-B-1388.sdfdata",66367511,66367511,62718374,5
"58CC9F96A819A29FAAE7E1B553ABB23CBCE1D05C","rogue\sdf\pc\data\sdf-B-1389.sdfdata",66973870,66973870,64383985,5
"58CC9F96A819A29FAAE7E1B553ABB23CBCE1D05C","rogue\sdf\pc\data\sdf-B-1390.sdfdata",66209818,66209818,63567507,5
"58CC9F96A819A29FAAE7E1B553ABB23CBCE1D05C","rogue\sdf\pc\data\sdf-B-1391.sdfdata",66370002,66370002,62982672,5
"58CC9F96A819A29FAAE7E1B553ABB23CBCE1D05C","rogue\sdf\pc\data\sdf-B-1392.sdfdata",64656217,64656217,62255570,5
"58CC9F96A819A29FAAE7E1B553ABB23CBCE1D05C","rogue\sdf\pc\data\sdf-B-1393.sdfdata",66055430,66055430,63486256,5
"58CC9F96A819A29FAAE7E1B553ABB23CBCE1D05C","rogue\sdf\pc\data\sdf-B-1394.sdfdata",66803021,66803021,63930352,5
"58CC9F96A819A29FAAE7E1B553ABB23CBCE1D05C","rogue\sdf\pc\data\sdf-B-1395.sdfdata",66340776,66340776,63565777,5
"58CC9F96A819A29FAAE7E1B553ABB23CBCE1D05C","rogue\sdf\pc\data\sdf-B-1396.sdfdata",66741206,66741206,62707198,5
"58CC9F96A819A29FAAE7E1B553ABB23CBCE1D05C","rogue\sdf\pc\data\sdf-B-1397.sdfdata",65282340,65282340,62439471,5
"58CC9F96A819A29FAAE7E1B553ABB23CBCE1D05C","rogue\sdf\pc\data\sdf-B-1398.sdfdata",66931792,66931792,64330130,5
"58CC9F96A819A29FAAE7E1B553ABB23CBCE1D05C","rogue\sdf\pc\data\sdf-B-1399.sdfdata",66979445,66979445,65168584,5
"58CC9F96A819A29FAAE7E1B553ABB23CBCE1D05C","rogue\sdf\pc\data\sdf-B-1400.sdfdata",66750840,66750840,64427813,5
"58CC9F96A819A29FAAE7E1B553ABB23CBCE1D05C","rogue\sdf\pc\data\sdf-B-1401.sdfdata",65768905,65768905,61600796,5
"58CC9F96A819A29FAAE7E1B553ABB23CBCE1D05C","rogue\sdf\pc\data\sdf-B-1402.sdfdata",63627590,63627590,61469475,5
"58CC9F96A819A29FAAE7E1B553ABB23CBCE1D05C","rogue\sdf\pc\data\sdf-B-1403.sdfdata",66722722,66722722,64917592,5
"58CC9F96A819A29FAAE7E1B553ABB23CBCE1D05C","rogue\sdf\pc\data\sdf-B-1404.sdfdata",66964223,66964223,64497033,5
"58CC9F96A819A29FAAE7E1B553ABB23CBCE1D05C","rogue\sdf\pc\data\sdf-B-1405.sdfdata",66368396,66368396,64210841,5
"58CC9F96A819A29FAAE7E1B553ABB23CBCE1D05C","rogue\sdf\pc\data\sdf-B-1406.sdfdata",67064749,67064749,65062810,5
"58CC9F96A819A29FAAE7E1B553ABB23CBCE1D05C","rogue\sdf\pc\data\sdf-B-1407.sdfdata",66958583,66958583,63708221,5
"58CC9F96A819A29FAAE7E1B553ABB23CBCE1D05C","rogue\sdf\pc\data\sdf-B-1408.sdfdata",66767455,66767455,63788123,5
"58CC9F96A819A29FAAE7E1B553ABB23CBCE1D05C","rogue\sdf\pc\data\sdf-B-1409.sdfdata",66912989,66912989,64217127,5
"58CC9F96A819A29FAAE7E1B553ABB23CBCE1D05C","rogue\sdf\pc\data\sdf-B-1410.sdfdata",67087800,67087800,64014199,5
"58CC9F96A819A29FAAE7E1B553ABB23CBCE1D05C","rogue\sdf\pc\data\sdf-B-1411.sdfdata",66688903,66688903,63985419,5
"58CC9F96A819A29FAAE7E1B553ABB23CBCE1D05C","rogue\sdf\pc\data\sdf-B-1412.sdfdata",66457018,66457018,63351132,5
"58CC9F96A819A29FAAE7E1B553ABB23CBCE1D05C","rogue\sdf\pc\data\sdf-B-1413.sdfdata",66228917,66228917,63416129,5
"58CC9F96A819A29FAAE7E1B553ABB23CBCE1D05C","rogue\sdf\pc\data\sdf-B-1414.sdfdata",66379353,66379353,63497984,5
"58CC9F96A819A29FAAE7E1B553ABB23CBCE1D05C","rogue\sdf\pc\data\sdf-B-1415.sdfdata",67060702,67060702,64102652,5
"58CC9F96A819A29FAAE7E1B553ABB23CBCE1D05C","rogue\sdf\pc\data\sdf-B-1416.sdfdata",66954745,66954745,64085099,5
"58CC9F96A819A29FAAE7E1B553ABB23CBCE1D05C","rogue\sdf\pc\data\sdf-B-1417.sdfdata",64842339,64842339,61876671,5
"58CC9F96A819A29FAAE7E1B553ABB23CBCE1D05C","rogue\sdf\pc\data\sdf-B-1418.sdfdata",66874573,66874573,63615055,5
"58CC9F96A819A29FAAE7E1B553ABB23CBCE1D05C","rogue\sdf\pc\data\sdf-B-1419.sdfdata",66405053,66405053,63566762,5
"58CC9F96A819A29FAAE7E1B553ABB23CBCE1D05C","rogue\sdf\pc\data\sdf-B-1420.sdfdata",67101647,67101647,64575524,5
"58CC9F96A819A29FAAE7E1B553ABB23CBCE1D05C","rogue\sdf\pc\data\sdf-B-1421.sdfdata",66991244,66991244,64219347,5
"58CC9F96A819A29FAAE7E1B553ABB23CBCE1D05C","rogue\sdf\pc\data\sdf-B-1422.sdfdata",66919419,66919419,64529836,5
"58CC9F96A819A29FAAE7E1B553ABB23CBCE1D05C","rogue\sdf\pc\data\sdf-B-1423.sdfdata",65745744,65745744,61007533,5
"58CC9F96A819A29FAAE7E1B553ABB23CBCE1D05C","rogue\sdf\pc\data\sdf-B-1424.sdfdata",64513721,64513721,62185246,5
"58CC9F96A819A29FAAE7E1B553ABB23CBCE1D05C","rogue\sdf\pc\data\sdf-B-1425.sdfdata",66957431,66957431,64068912,5
"58CC9F96A819A29FAAE7E1B553ABB23CBCE1D05C","rogue\sdf\pc\data\sdf-B-1426.sdfdata",66739659,66739659,63811772,5
"58CC9F96A819A29FAAE7E1B553ABB23CBCE1D05C","rogue\sdf\pc\data\sdf-B-1427.sdfdata",66803915,66803915,64301123,5
"58CC9F96A819A29FAAE7E1B553ABB23CBCE1D05C","rogue\sdf\pc\data\sdf-B-1428.sdfdata",67028477,67028477,64437765,5
"58CC9F96A819A29FAAE7E1B553ABB23CBCE1D05C","rogue\sdf\pc\data\sdf-B-1429.sdfdata",66697038,66697038,63933224,5
"58CC9F96A819A29FAAE7E1B553ABB23CBCE1D05C","rogue\sdf\pc\data\sdf-B-1430.sdfdata",66982210,66982210,63665891,5
"58CC9F96A819A29FAAE7E1B553ABB23CBCE1D05C","rogue\sdf\pc\data\sdf-B-1431.sdfdata",67080726,67080726,64047795,5
"58CC9F96A819A29FAAE7E1B553ABB23CBCE1D05C","rogue\sdf\pc\data\sdf-B-1432.sdfdata",65738001,65738001,62915138,5
"58CC9F96A819A29FAAE7E1B553ABB23CBCE1D05C","rogue\sdf\pc\data\sdf-B-1433.sdfdata",66401120,66401120,63268699,5
"58CC9F96A819A29FAAE7E1B553ABB23CBCE1D05C","rogue\sdf\pc\data\sdf-B-1434.sdfdata",66149106,66149106,62631619,5
"58CC9F96A819A29FAAE7E1B553ABB23CBCE1D05C","rogue\sdf\pc\data\sdf-B-1435.sdfdata",66749063,66749063,63508744,5
"58CC9F96A819A29FAAE7E1B553ABB23CBCE1D05C","rogue\sdf\pc\data\sdf-B-1436.sdfdata",66498769,66498769,63244241,5
"58CC9F96A819A29FAAE7E1B553ABB23CBCE1D05C","rogue\sdf\pc\data\sdf-B-1437.sdfdata",66796404,66796404,63652055,5
"58CC9F96A819A29FAAE7E1B553ABB23CBCE1D05C","rogue\sdf\pc\data\sdf-B-1438.sdfdata",66647961,66647961,64341991,5
"58CC9F96A819A29FAAE7E1B553ABB23CBCE1D05C","rogue\sdf\pc\data\sdf-B-1439.sdfdata",66214005,66214005,63371647,5
"58CC9F96A819A29FAAE7E1B553ABB23CBCE1D05C","rogue\sdf\pc\data\sdf-B-1440.sdfdata",65710341,65710341,61821059,5
"58CC9F96A819A29FAAE7E1B553ABB23CBCE1D05C","rogue\sdf\pc\data\sdf-B-1441.sdfdata",66432942,66432942,62341311,5
"58CC9F96A819A29FAAE7E1B553ABB23CBCE1D05C","rogue\sdf\pc\data\sdf-B-1442.sdfdata",66770158,66770158,63815688,5
"58CC9F96A819A29FAAE7E1B553ABB23CBCE1D05C","rogue\sdf\pc\data\sdf-B-1443.sdfdata",66686581,66686581,64162414,5
"58CC9F96A819A29FAAE7E1B553ABB23CBCE1D05C","rogue\sdf\pc\data\sdf-B-1444.sdfdata",67078572,67078572,63969032,5
"58CC9F96A819A29FAAE7E1B553ABB23CBCE1D05C","rogue\sdf\pc\data\sdf-B-1445.sdfdata",66349335,66349335,62484234,5
"58CC9F96A819A29FAAE7E1B553ABB23CBCE1D05C","rogue\sdf\pc\data\sdf-B-1446.sdfdata",66389944,66389944,63987617,5
"58CC9F96A819A29FAAE7E1B553ABB23CBCE1D05C","rogue\sdf\pc\data\sdf-B-1447.sdfdata",67093207,67093207,64631972,5
"58CC9F96A819A29FAAE7E1B553ABB23CBCE1D05C","rogue\sdf\pc\data\sdf-B-1448.sdfdata",67047145,67047145,63979575,5
"58CC9F96A819A29FAAE7E1B553ABB23CBCE1D05C","rogue\sdf\pc\data\sdf-B-1449.sdfdata",67067307,67067307,64645055,5
"58CC9F96A819A29FAAE7E1B553ABB23CBCE1D05C","rogue\sdf\pc\data\sdf-B-1450.sdfdata",66919830,66919830,64283490,5
"58CC9F96A819A29FAAE7E1B553ABB23CBCE1D05C","rogue\sdf\pc\data\sdf-B-1451.sdfdata",67007595,67007595,64063990,5
"58CC9F96A819A29FAAE7E1B553ABB23CBCE1D05C","rogue\sdf\pc\data\sdf-B-1452.sdfdata",63481529,63481529,60048442,5
"58CC9F96A819A29FAAE7E1B553ABB23CBCE1D05C","rogue\sdf\pc\data\sdf-B-1453.sdfdata",65428690,65428690,62169252,5
"58CC9F96A819A29FAAE7E1B553ABB23CBCE1D05C","rogue\sdf\pc\data\sdf-B-1454.sdfdata",66991520,66991520,64441229,5
"58CC9F96A819A29FAAE7E1B553ABB23CBCE1D05C","rogue\sdf\pc\data\sdf-B-1455.sdfdata",65768771,65768771,62303039,5
"58CC9F96A819A29FAAE7E1B553ABB23CBCE1D05C","rogue\sdf\pc\data\sdf-B-1456.sdfdata",66325126,66325126,63338118,5
"58CC9F96A819A29FAAE7E1B553ABB23CBCE1D05C","rogue\sdf\pc\data\sdf-B-1457.sdfdata",67108204,67108204,64135971,5
"58CC9F96A819A29FAAE7E1B553ABB23CBCE1D05C","rogue\sdf\pc\data\sdf-B-1458.sdfdata",66890695,66890695,63629899,5
"58CC9F96A819A29FAAE7E1B553ABB23CBCE1D05C","rogue\sdf\pc\data\sdf-B-1459.sdfdata",67061440,67061440,63015284,5
"58CC9F96A819A29FAAE7E1B553ABB23CBCE1D05C","rogue\sdf\pc\data\sdf-B-1460.sdfdata",64719777,64719777,61522642,5
"58CC9F96A819A29FAAE7E1B553ABB23CBCE1D05C","rogue\sdf\pc\data\sdf-B-1461.sdfdata",66181373,66181373,63091123,5
"58CC9F96A819A29FAAE7E1B553ABB23CBCE1D05C","rogue\sdf\pc\data\sdf-B-1462.sdfdata",65114440,65114440,62147366,5
"58CC9F96A819A29FAAE7E1B553ABB23CBCE1D05C","rogue\sdf\pc\data\sdf-B-1463.sdfdata",66479629,66479629,64115751,5
"58CC9F96A819A29FAAE7E1B553ABB23CBCE1D05C","rogue\sdf\pc\data\sdf-B-1464.sdfdata",64251106,64251106,60965770,5
"58CC9F96A819A29FAAE7E1B553ABB23CBCE1D05C","rogue\sdf\pc\data\sdf-B-1465.sdfdata",66805563,66805563,63693038,5
"58CC9F96A819A29FAAE7E1B553ABB23CBCE1D05C","rogue\sdf\pc\data\sdf-B-1466.sdfdata",66169834,66169834,63323857,5
"58CC9F96A819A29FAAE7E1B553ABB23CBCE1D05C","rogue\sdf\pc\data\sdf-B-1467.sdfdata",66998289,66998289,63867885,5
"58CC9F96A819A29FAAE7E1B553ABB23CBCE1D05C","rogue\sdf\pc\data\sdf-B-1468.sdfdata",65959071,65959071,63159365,5
"58CC9F96A819A29FAAE7E1B553ABB23CBCE1D05C","rogue\sdf\pc\data\sdf-B-1469.sdfdata",65581204,65581204,62862238,5
"58CC9F96A819A29FAAE7E1B553ABB23CBCE1D05C","rogue\sdf\pc\data\sdf-B-1470.sdfdata",67006754,67006754,63794415,5
"58CC9F96A819A29FAAE7E1B553ABB23CBCE1D05C","rogue\sdf\pc\data\sdf-B-1471.sdfdata",63777975,63777975,60787250,5
"58CC9F96A819A29FAAE7E1B553ABB23CBCE1D05C","rogue\sdf\pc\data\sdf-B-1472.sdfdata",66702839,66702839,63428073,5
"58CC9F96A819A29FAAE7E1B553ABB23CBCE1D05C","rogue\sdf\pc\data\sdf-B-1473.sdfdata",66878799,66878799,63755750,5
"58CC9F96A819A29FAAE7E1B553ABB23CBCE1D05C","rogue\sdf\pc\data\sdf-B-1474.sdfdata",65181635,65181635,62887691,5
"58CC9F96A819A29FAAE7E1B553ABB23CBCE1D05C","rogue\sdf\pc\data\sdf-B-1475.sdfdata",66508663,66508663,62213706,5
"58CC9F96A819A29FAAE7E1B553ABB23CBCE1D05C","rogue\sdf\pc\data\sdf-B-1476.sdfdata",64986779,64986779,62392457,5
"58CC9F96A819A29FAAE7E1B553ABB23CBCE1D05C","rogue\sdf\pc\data\sdf-B-1477.sdfdata",64065521,64065521,61849258,5
"58CC9F96A819A29FAAE7E1B553ABB23CBCE1D05C","rogue\sdf\pc\data\sdf-B-1478.sdfdata",66099944,66099944,63114312,5
"58CC9F96A819A29FAAE7E1B553ABB23CBCE1D05C","rogue\sdf\pc\data\sdf-B-1479.sdfdata",67014915,67014915,64491908,5
"58CC9F96A819A29FAAE7E1B553ABB23CBCE1D05C","rogue\sdf\pc\data\sdf-B-1480.sdfdata",67058888,67058888,62969593,5
"58CC9F96A819A29FAAE7E1B553ABB23CBCE1D05C","rogue\sdf\pc\data\sdf-B-1481.sdfdata",67007903,67007903,64749684,5
"58CC9F96A819A29FAAE7E1B553ABB23CBCE1D05C","rogue\sdf\pc\data\sdf-B-1482.sdfdata",66162958,66162958,63138518,5
"58CC9F96A819A29FAAE7E1B553ABB23CBCE1D05C","rogue\sdf\pc\data\sdf-B-1483.sdfdata",64307393,64307393,61170034,5
"58CC9F96A819A29FAAE7E1B553ABB23CBCE1D05C","rogue\sdf\pc\data\sdf-B-1484.sdfdata",66111685,66111685,62561464,5
"58CC9F96A819A29FAAE7E1B553ABB23CBCE1D05C","rogue\sdf\pc\data\sdf-B-1485.sdfdata",64389836,64389836,61316609,5
"58CC9F96A819A29FAAE7E1B553ABB23CBCE1D05C","rogue\sdf\pc\data\sdf-B-1486.sdfdata",66845066,66845066,61843335,5
"58CC9F96A819A29FAAE7E1B553ABB23CBCE1D05C","rogue\sdf\pc\data\sdf-B-1487.sdfdata",64578955,64578955,60119708,5
"58CC9F96A819A29FAAE7E1B553ABB23CBCE1D05C","rogue\sdf\pc\data\sdf-B-1488.sdfdata",64739124,64739124,59929676,5
"58CC9F96A819A29FAAE7E1B553ABB23CBCE1D05C","rogue\sdf\pc\data\sdf-B-1489.sdfdata",66747764,66747764,64370464,5
"58CC9F96A819A29FAAE7E1B553ABB23CBCE1D05C","rogue\sdf\pc\data\sdf-B-1490.sdfdata",63363125,63363125,60711885,5
"58CC9F96A819A29FAAE7E1B553ABB23CBCE1D05C","rogue\sdf\pc\data\sdf-B-1491.sdfdata",66318552,66318552,64281152,5
"58CC9F96A819A29FAAE7E1B553ABB23CBCE1D05C","rogue\sdf\pc\data\sdf-B-1492.sdfdata",67005736,67005736,64413584,5
"58CC9F96A819A29FAAE7E1B553ABB23CBCE1D05C","rogue\sdf\pc\data\sdf-B-1493.sdfdata",67066139,67066139,64432633,5
"58CC9F96A819A29FAAE7E1B553ABB23CBCE1D05C","rogue\sdf\pc\data\sdf-B-1494.sdfdata",64120307,64120307,60716441,5
"58CC9F96A819A29FAAE7E1B553ABB23CBCE1D05C","rogue\sdf\pc\data\sdf-B-1495.sdfdata",67000791,67000791,64930091,5
"58CC9F96A819A29FAAE7E1B553ABB23CBCE1D05C","rogue\sdf\pc\data\sdf-B-1496.sdfdata",66853224,66853224,63243481,5
"58CC9F96A819A29FAAE7E1B553ABB23CBCE1D05C","rogue\sdf\pc\data\sdf-B-1497.sdfdata",66787850,66787850,59845472,5
"58CC9F96A819A29FAAE7E1B553ABB23CBCE1D05C","rogue\sdf\pc\data\sdf-B-1498.sdfdata",67043496,67043496,60920369,5
"58CC9F96A819A29FAAE7E1B553ABB23CBCE1D05C","rogue\sdf\pc\data\sdf-B-1499.sdfdata",64003584,64003584,60535274,5
"58CC9F96A819A29FAAE7E1B553ABB23CBCE1D05C","rogue\sdf\pc\data\sdf-B-1500.sdfdata",63783013,63783013,60944673,5
"58CC9F96A819A29FAAE7E1B553ABB23CBCE1D05C","rogue\sdf\pc\data\sdf-B-1501.sdfdata",65978293,65978293,63125506,5
"58CC9F96A819A29FAAE7E1B553ABB23CBCE1D05C","rogue\sdf\pc\data\sdf-B-1502.sdfdata",66973040,66973040,63327756,5
"58CC9F96A819A29FAAE7E1B553ABB23CBCE1D05C","rogue\sdf\pc\data\sdf-B-1503.sdfdata",66026457,66026457,63059473,5
"58CC9F96A819A29FAAE7E1B553ABB23CBCE1D05C","rogue\sdf\pc\data\sdf-B-1504.sdfdata",63541882,63541882,60694695,5
"58CC9F96A819A29FAAE7E1B553ABB23CBCE1D05C","rogue\sdf\pc\data\sdf-B-1505.sdfdata",65168447,65168447,62454554,5
"58CC9F96A819A29FAAE7E1B553ABB23CBCE1D05C","rogue\sdf\pc\data\sdf-B-1506.sdfdata",64939929,64939929,61555298,5
"58CC9F96A819A29FAAE7E1B553ABB23CBCE1D05C","rogue\sdf\pc\data\sdf-B-1507.sdfdata",66381031,66381031,63241168,5
"58CC9F96A819A29FAAE7E1B553ABB23CBCE1D05C","rogue\sdf\pc\data\sdf-B-1508.sdfdata",65617495,65617495,62873425,5
"58CC9F96A819A29FAAE7E1B553ABB23CBCE1D05C","rogue\sdf\pc\data\sdf-B-1509.sdfdata",67077620,67077620,64209080,5
"58CC9F96A819A29FAAE7E1B553ABB23CBCE1D05C","rogue\sdf\pc\data\sdf-B-1510.sdfdata",63937191,63937191,60782222,5
"58CC9F96A819A29FAAE7E1B553ABB23CBCE1D05C","rogue\sdf\pc\data\sdf-B-1511.sdfdata",65658561,65658561,62181048,5
"58CC9F96A819A29FAAE7E1B553ABB23CBCE1D05C","rogue\sdf\pc\data\sdf-B-1512.sdfdata",67100507,67100507,64410031,5
"58CC9F96A819A29FAAE7E1B553ABB23CBCE1D05C","rogue\sdf\pc\data\sdf-B-1513.sdfdata",67032969,67032969,63748894,5
"58CC9F96A819A29FAAE7E1B553ABB23CBCE1D05C","rogue\sdf\pc\data\sdf-B-1514.sdfdata",66902169,66902169,63997631,5
"58CC9F96A819A29FAAE7E1B553ABB23CBCE1D05C","rogue\sdf\pc\data\sdf-B-1515.sdfdata",65635529,65635529,62089994,5
"58CC9F96A819A29FAAE7E1B553ABB23CBCE1D05C","rogue\sdf\pc\data\sdf-B-1516.sdfdata",66664830,66664830,63645744,5
"58CC9F96A819A29FAAE7E1B553ABB23CBCE1D05C","rogue\sdf\pc\data\sdf-B-1517.sdfdata",67099665,67099665,64486237,5
"58CC9F96A819A29FAAE7E1B553ABB23CBCE1D05C","rogue\sdf\pc\data\sdf-B-1518.sdfdata",65706627,65706627,62757289,5
"58CC9F96A819A29FAAE7E1B553ABB23CBCE1D05C","rogue\sdf\pc\data\sdf-B-1519.sdfdata",66741464,66741464,63253115,5
"58CC9F96A819A29FAAE7E1B553ABB23CBCE1D05C","rogue\sdf\pc\data\sdf-B-1520.sdfdata",64523363,64523363,62494001,5
"58CC9F96A819A29FAAE7E1B553ABB23CBCE1D05C","rogue\sdf\pc\data\sdf-B-1521.sdfdata",66998528,66998528,63892990,5
"58CC9F96A819A29FAAE7E1B553ABB23CBCE1D05C","rogue\sdf\pc\data\sdf-B-1522.sdfdata",66490405,66490405,63361910,5
"58CC9F96A819A29FAAE7E1B553ABB23CBCE1D05C","rogue\sdf\pc\data\sdf-B-1523.sdfdata",64211425,64211425,61457910,5
"58CC9F96A819A29FAAE7E1B553ABB23CBCE1D05C","rogue\sdf\pc\data\sdf-B-1524.sdfdata",64615196,64615196,61831131,5
"58CC9F96A819A29FAAE7E1B553ABB23CBCE1D05C","rogue\sdf\pc\data\sdf-B-1525.sdfdata",66171821,66171821,63779843,5
"58CC9F96A819A29FAAE7E1B553ABB23CBCE1D05C","rogue\sdf\pc\data\sdf-B-1526.sdfdata",64540500,64540500,62247820,5
"58CC9F96A819A29FAAE7E1B553ABB23CBCE1D05C","rogue\sdf\pc\data\sdf-B-1527.sdfdata",65988365,65988365,62850415,5
"58CC9F96A819A29FAAE7E1B553ABB23CBCE1D05C","rogue\sdf\pc\data\sdf-B-1528.sdfdata",67022006,67022006,63626093,5
"58CC9F96A819A29FAAE7E1B553ABB23CBCE1D05C","rogue\sdf\pc\data\sdf-B-1529.sdfdata",67105425,67105425,63544702,5
"58CC9F96A819A29FAAE7E1B553ABB23CBCE1D05C","rogue\sdf\pc\data\sdf-B-1530.sdfdata",66837987,66837987,63300005,5
"58CC9F96A819A29FAAE7E1B553ABB23CBCE1D05C","rogue\sdf\pc\data\sdf-B-1531.sdfdata",67107334,67107334,63641439,5
"58CC9F96A819A29FAAE7E1B553ABB23CBCE1D05C","rogue\sdf\pc\data\sdf-B-1532.sdfdata",66982747,66982747,63531504,5
"58CC9F96A819A29FAAE7E1B553ABB23CBCE1D05C","rogue\sdf\pc\data\sdf-B-1533.sdfdata",66882960,66882960,63900422,5
"58CC9F96A819A29FAAE7E1B553ABB23CBCE1D05C","rogue\sdf\pc\data\sdf-B-1534.sdfdata",67082159,67082159,63764003,5
"58CC9F96A819A29FAAE7E1B553ABB23CBCE1D05C","rogue\sdf\pc\data\sdf-B-1535.sdfdata",66446468,66446468,63382898,5
"58CC9F96A819A29FAAE7E1B553ABB23CBCE1D05C","rogue\sdf\pc\data\sdf-B-1536.sdfdata",67071242,67071242,63593117,5
"58CC9F96A819A29FAAE7E1B553ABB23CBCE1D05C","rogue\sdf\pc\data\sdf-B-1537.sdfdata",66887052,66887052,63620668,5
"58CC9F96A819A29FAAE7E1B553ABB23CBCE1D05C","rogue\sdf\pc\data\sdf-B-1538.sdfdata",67092280,67092280,63589605,5
"58CC9F96A819A29FAAE7E1B553ABB23CBCE1D05C","rogue\sdf\pc\data\sdf-B-1539.sdfdata",67006120,67006120,64061654,5
"58CC9F96A819A29FAAE7E1B553ABB23CBCE1D05C","rogue\sdf\pc\data\sdf-B-1540.sdfdata",67106059,67106059,58442878,5
"58CC9F96A819A29FAAE7E1B553ABB23CBCE1D05C","rogue\sdf\pc\data\sdf-B-1541.sdfdata",67108559,67108559,50796877,5
"58CC9F96A819A29FAAE7E1B553ABB23CBCE1D05C","rogue\sdf\pc\data\sdf-B-1542.sdfdata",67075991,67075991,64576769,5
"58CC9F96A819A29FAAE7E1B553ABB23CBCE1D05C","rogue\sdf\pc\data\sdf-B-1543.sdfdata",66398865,66398865,64284875,5
"58CC9F96A819A29FAAE7E1B553ABB23CBCE1D05C","rogue\sdf\pc\data\sdf-B-1544.sdfdata",66692020,66692020,64153825,5
"58CC9F96A819A29FAAE7E1B553ABB23CBCE1D05C","rogue\sdf\pc\data\sdf-B-1545.sdfdata",66811755,66811755,63574832,5
"58CC9F96A819A29FAAE7E1B553ABB23CBCE1D05C","rogue\sdf\pc\data\sdf-B-1546.sdfdata",66461492,66461492,63436213,5
"58CC9F96A819A29FAAE7E1B553ABB23CBCE1D05C","rogue\sdf\pc\data\sdf-B-1547.sdfdata",63986046,63986046,60317574,5
"58CC9F96A819A29FAAE7E1B553ABB23CBCE1D05C","rogue\sdf\pc\data\sdf-B-1548.sdfdata",67071307,67071307,64490758,5
"58CC9F96A819A29FAAE7E1B553ABB23CBCE1D05C","rogue\sdf\pc\data\sdf-B-1549.sdfdata",38282638,38282638,37096932,5
"58CC9F96A819A29FAAE7E1B553ABB23CBCE1D05C","rogue\sdf\pc\data\sdf-B-1550.sdfdata",62412323,62412323,61057783,5
"58CC9F96A819A29FAAE7E1B553ABB23CBCE1D05C","rogue\sdf\pc\data\sdf-B-1551.sdfdata",55718406,55718406,54557172,5
"58CC9F96A819A29FAAE7E1B553ABB23CBCE1D05C","rogue\sdf\pc\data\sdf-B-1552.sdfdata",37293411,37293411,35550017,5
"58CC9F96A819A29FAAE7E1B553ABB23CBCE1D05C","rogue\sdf\pc\data\sdf-B-1553.sdfdata",39390683,39390683,38512567,5
"58CC9F96A819A29FAAE7E1B553ABB23CBCE1D05C","rogue\sdf\pc\data\sdf-B-1554.sdfdata",36041338,36041338,24910780,5
"58CC9F96A819A29FAAE7E1B553ABB23CBCE1D05C","rogue\sdf\pc\data\sdf-B-1555.sdfdata",31516330,31516330,29436588,5
"58CC9F96A819A29FAAE7E1B553ABB23CBCE1D05C","rogue\sdf\pc\data\sdf-B-1556.sdfdata",20725553,20725553,19701609,5
"58CC9F96A819A29FAAE7E1B553ABB23CBCE1D05C","rogue\sdf\pc\data\sdf-B-1557.sdfdata",27922168,27922168,21487555,5
"58CC9F96A819A29FAAE7E1B553ABB23CBCE1D05C","rogue\sdf\pc\data\sdf-B-1558.sdfdata",39928196,39928196,34619088,5
"58CC9F96A819A29FAAE7E1B553ABB23CBCE1D05C","rogue\sdf\pc\data\sdf-B-1559.sdfdata",37965650,37965650,33194500,5
"58CC9F96A819A29FAAE7E1B553ABB23CBCE1D05C","rogue\sdf\pc\data\sdf-B-1560.sdfdata",40398038,40398038,32667948,5
"58CC9F96A819A29FAAE7E1B553ABB23CBCE1D05C","rogue\sdf\pc\data\sdf-B-1561.sdfdata",41746974,41746974,33769620,5
"58CC9F96A819A29FAAE7E1B553ABB23CBCE1D05C","rogue\sdf\pc\data\sdf-B-1562.sdfdata",57773625,57773625,43089287,5
"58CC9F96A819A29FAAE7E1B553ABB23CBCE1D05C","rogue\sdf\pc\data\sdf-B-1563.sdfdata",55955414,55955414,51123614,5
"58CC9F96A819A29FAAE7E1B553ABB23CBCE1D05C","rogue\sdf\pc\data\sdf-B-1564.sdfdata",39702158,39702158,35444976,5
"58CC9F96A819A29FAAE7E1B553ABB23CBCE1D05C","rogue\sdf\pc\data\sdf-B-1565.sdfdata",43343723,43343723,37942717,5
"58CC9F96A819A29FAAE7E1B553ABB23CBCE1D05C","rogue\sdf\pc\data\sdf-B-1566.sdfdata",8142400,8142400,7110922,5
"58CC9F96A819A29FAAE7E1B553ABB23CBCE1D05C","rogue\sdf\pc\data\sdf-C-2000-en-US.sdfdata",67106018,67106018,35758869,5
"58CC9F96A819A29FAAE7E1B553ABB23CBCE1D05C","rogue\sdf\pc\data\sdf-C-2001-en-US.sdfdata",67108279,67108279,34987141,5
"58CC9F96A819A29FAAE7E1B553ABB23CBCE1D05C","rogue\sdf\pc\data\sdf-C-2002-en-US.sdfdata",67107681,67107681,37607951,5
"58CC9F96A819A29FAAE7E1B553ABB23CBCE1D05C","rogue\sdf\pc\data\sdf-C-2003-en-US.sdfdata",67096280,67096280,33721289,5
"58CC9F96A819A29FAAE7E1B553ABB23CBCE1D05C","rogue\sdf\pc\data\sdf-C-2004-en-US.sdfdata",67108046,67108046,32572093,5
"58CC9F96A819A29FAAE7E1B553ABB23CBCE1D05C","rogue\sdf\pc\data\sdf-C-2005-en-US.sdfdata",67105842,67105842,33518627,5
"58CC9F96A819A29FAAE7E1B553ABB23CBCE1D05C","rogue\sdf\pc\data\sdf-C-2006-en-US.sdfdata",67107911,67107911,39372539,5
"58CC9F96A819A29FAAE7E1B553ABB23CBCE1D05C","rogue\sdf\pc\data\sdf-C-2007-en-US.sdfdata",67101864,67101864,65377165,5
"58CC9F96A819A29FAAE7E1B553ABB23CBCE1D05C","rogue\sdf\pc\data\sdf-C-2008-en-US.sdfdata",67081559,67081559,65456996,5
"58CC9F96A819A29FAAE7E1B553ABB23CBCE1D05C","rogue\sdf\pc\data\sdf-C-2009-en-US.sdfdata",67108482,67108482,65802305,5
"58CC9F96A819A29FAAE7E1B553ABB23CBCE1D05C","rogue\sdf\pc\data\sdf-C-2010-en-US.sdfdata",67066409,67066409,65744783,5
"58CC9F96A819A29FAAE7E1B553ABB23CBCE1D05C","rogue\sdf\pc\data\sdf-C-2011-en-US.sdfdata",67088259,67088259,65104618,5
"58CC9F96A819A29FAAE7E1B553ABB23CBCE1D05C","rogue\sdf\pc\data\sdf-C-2012-en-US.sdfdata",67096743,67096743,65869667,5
"58CC9F96A819A29FAAE7E1B553ABB23CBCE1D05C","rogue\sdf\pc\data\sdf-C-2013-en-US.sdfdata",67089433,67089433,65948534,5
"58CC9F96A819A29FAAE7E1B553ABB23CBCE1D05C","rogue\sdf\pc\data\sdf-C-2014-en-US.sdfdata",67086556,67086556,66115992,5
"58CC9F96A819A29FAAE7E1B553ABB23CBCE1D05C","rogue\sdf\pc\data\sdf-C-2015-en-US.sdfdata",67108156,67108156,66121959,5
"58CC9F96A819A29FAAE7E1B553ABB23CBCE1D05C","rogue\sdf\pc\data\sdf-C-2016-en-US.sdfdata",67099277,67099277,65987261,5
"58CC9F96A819A29FAAE7E1B553ABB23CBCE1D05C","rogue\sdf\pc\data\sdf-C-2017-en-US.sdfdata",67108376,67108376,65840654,5
"58CC9F96A819A29FAAE7E1B553ABB23CBCE1D05C","rogue\sdf\pc\data\sdf-C-2018-en-US.sdfdata",67092587,67092587,65687367,5
"58CC9F96A819A29FAAE7E1B553ABB23CBCE1D05C","rogue\sdf\pc\data\sdf-C-2019-en-US.sdfdata",67091880,67091880,65912214,5
"58CC9F96A819A29FAAE7E1B553ABB23CBCE1D05C","rogue\sdf\pc\data\sdf-C-2020-en-US.sdfdata",67075457,67075457,66134540,5
"58CC9F96A819A29FAAE7E1B553ABB23CBCE1D05C","rogue\sdf\pc\data\sdf-C-2021-en-US.sdfdata",67078413,67078413,66210520,5
"58CC9F96A819A29FAAE7E1B553ABB23CBCE1D05C","rogue\sdf\pc\data\sdf-C-2022-en-US.sdfdata",66570306,66570306,64961325,5
"58CC9F96A819A29FAAE7E1B553ABB23CBCE1D05C","rogue\sdf\pc\data\sdf-C-2023-en-US.sdfdata",67077613,67077613,66219388,5
"58CC9F96A819A29FAAE7E1B553ABB23CBCE1D05C","rogue\sdf\pc\data\sdf-C-2024-en-US.sdfdata",67052724,67052724,66147562,5
"58CC9F96A819A29FAAE7E1B553ABB23CBCE1D05C","rogue\sdf\pc\data\sdf-C-2025-en-US.sdfdata",67036320,67036320,65127687,5
"58CC9F96A819A29FAAE7E1B553ABB23CBCE1D05C","rogue\sdf\pc\data\sdf-C-2026-en-US.sdfdata",67102396,67102396,63140338,5
"58CC9F96A819A29FAAE7E1B553ABB23CBCE1D05C","rogue\sdf\pc\data\sdf-C-2027-en-US.sdfdata",67007533,67007533,65683214,5
"58CC9F96A819A29FAAE7E1B553ABB23CBCE1D05C","rogue\sdf\pc\data\sdf-C-2028-en-US.sdfdata",67084603,67084603,65900040,5
"58CC9F96A819A29FAAE7E1B553ABB23CBCE1D05C","rogue\sdf\pc\data\sdf-C-2029-en-US.sdfdata",67093016,67093016,65325648,5
"58CC9F96A819A29FAAE7E1B553ABB23CBCE1D05C","rogue\sdf\pc\data\sdf-C-2030-en-US.sdfdata",67087162,67087162,65484946,5
"58CC9F96A819A29FAAE7E1B553ABB23CBCE1D05C","rogue\sdf\pc\data\sdf-C-2031-en-US.sdfdata",66853629,66853629,65515583,5
"58CC9F96A819A29FAAE7E1B553ABB23CBCE1D05C","rogue\sdf\pc\data\sdf-C-2032-en-US.sdfdata",67096113,67096113,63666968,5
"58CC9F96A819A29FAAE7E1B553ABB23CBCE1D05C","rogue\sdf\pc\data\sdf-C-2033-en-US.sdfdata",67103115,67103115,65278264,5
"58CC9F96A819A29FAAE7E1B553ABB23CBCE1D05C","rogue\sdf\pc\data\sdf-C-2034-en-US.sdfdata",67102369,67102369,65318251,5
"58CC9F96A819A29FAAE7E1B553ABB23CBCE1D05C","rogue\sdf\pc\data\sdf-C-2035-en-US.sdfdata",67107433,67107433,65192617,5
"58CC9F96A819A29FAAE7E1B553ABB23CBCE1D05C","rogue\sdf\pc\data\sdf-C-2036-en-US.sdfdata",67100325,67100325,65384445,5
"58CC9F96A819A29FAAE7E1B553ABB23CBCE1D05C","rogue\sdf\pc\data\sdf-C-2037-en-US.sdfdata",66796203,66796203,65742326,5
"58CC9F96A819A29FAAE7E1B553ABB23CBCE1D05C","rogue\sdf\pc\data\sdf-C-2038-en-US.sdfdata",21158143,21158143,20425279,5
"58CC9F96A819A29FAAE7E1B553ABB23CBCE1D05C","rogue\sdf\pc\data\sdf-C-2039-en-US.sdfdata",49449077,49449077,48514337,5
"58CC9F96A819A29FAAE7E1B553ABB23CBCE1D05C","rogue\sdf\pc\data\sdf-C-2100-fr-FR.sdfdata",67105070,67105070,36737278,6
"58CC9F96A819A29FAAE7E1B553ABB23CBCE1D05C","rogue\sdf\pc\data\sdf-C-2101-fr-FR.sdfdata",67173292,67173292,35174835,6
"58CC9F96A819A29FAAE7E1B553ABB23CBCE1D05C","rogue\sdf\pc\data\sdf-C-2102-fr-FR.sdfdata",67107096,67107096,36333457,6
"58CC9F96A819A29FAAE7E1B553ABB23CBCE1D05C","rogue\sdf\pc\data\sdf-C-2103-fr-FR.sdfdata",67097209,67097209,33792058,6
"58CC9F96A819A29FAAE7E1B553ABB23CBCE1D05C","rogue\sdf\pc\data\sdf-C-2104-fr-FR.sdfdata",67103230,67103230,32493894,6
"58CC9F96A819A29FAAE7E1B553ABB23CBCE1D05C","rogue\sdf\pc\data\sdf-C-2105-fr-FR.sdfdata",67105945,67105945,33179253,6
"58CC9F96A819A29FAAE7E1B553ABB23CBCE1D05C","rogue\sdf\pc\data\sdf-C-2106-fr-FR.sdfdata",67099967,67099967,54625255,6
"58CC9F96A819A29FAAE7E1B553ABB23CBCE1D05C","rogue\sdf\pc\data\sdf-C-2107-fr-FR.sdfdata",67094147,67094147,65382263,6
"58CC9F96A819A29FAAE7E1B553ABB23CBCE1D05C","rogue\sdf\pc\data\sdf-C-2108-fr-FR.sdfdata",67099324,67099324,65756993,6
"58CC9F96A819A29FAAE7E1B553ABB23CBCE1D05C","rogue\sdf\pc\data\sdf-C-2109-fr-FR.sdfdata",67106596,67106596,65772893,6
"58CC9F96A819A29FAAE7E1B553ABB23CBCE1D05C","rogue\sdf\pc\data\sdf-C-2110-fr-FR.sdfdata",67100358,67100358,65325675,6
"58CC9F96A819A29FAAE7E1B553ABB23CBCE1D05C","rogue\sdf\pc\data\sdf-C-2111-fr-FR.sdfdata",67104290,67104290,65894239,6
"58CC9F96A819A29FAAE7E1B553ABB23CBCE1D05C","rogue\sdf\pc\data\sdf-C-2112-fr-FR.sdfdata",67091960,67091960,66006281,6
"58CC9F96A819A29FAAE7E1B553ABB23CBCE1D05C","rogue\sdf\pc\data\sdf-C-2113-fr-FR.sdfdata",67083117,67083117,66068375,6
"58CC9F96A819A29FAAE7E1B553ABB23CBCE1D05C","rogue\sdf\pc\data\sdf-C-2114-fr-FR.sdfdata",67081182,67081182,66128579,6
"58CC9F96A819A29FAAE7E1B553ABB23CBCE1D05C","rogue\sdf\pc\data\sdf-C-2115-fr-FR.sdfdata",67081482,67081482,65612830,6
"58CC9F96A819A29FAAE7E1B553ABB23CBCE1D05C","rogue\sdf\pc\data\sdf-C-2116-fr-FR.sdfdata",67098907,67098907,65696858,6
"58CC9F96A819A29FAAE7E1B553ABB23CBCE1D05C","rogue\sdf\pc\data\sdf-C-2117-fr-FR.sdfdata",67082110,67082110,65775258,6
"58CC9F96A819A29FAAE7E1B553ABB23CBCE1D05C","rogue\sdf\pc\data\sdf-C-2118-fr-FR.sdfdata",67100295,67100295,65993192,6
"58CC9F96A819A29FAAE7E1B553ABB23CBCE1D05C","rogue\sdf\pc\data\sdf-C-2119-fr-FR.sdfdata",67001549,67001549,65934199,6
"58CC9F96A819A29FAAE7E1B553ABB23CBCE1D05C","rogue\sdf\pc\data\sdf-C-2120-fr-FR.sdfdata",67106882,67106882,66153440,6
"58CC9F96A819A29FAAE7E1B553ABB23CBCE1D05C","rogue\sdf\pc\data\sdf-C-2121-fr-FR.sdfdata",67081033,67081033,64889971,6
"58CC9F96A819A29FAAE7E1B553ABB23CBCE1D05C","rogue\sdf\pc\data\sdf-C-2122-fr-FR.sdfdata",67076544,67076544,65795451,6
"58CC9F96A819A29FAAE7E1B553ABB23CBCE1D05C","rogue\sdf\pc\data\sdf-C-2123-fr-FR.sdfdata",67094333,67094333,65153658,6
"58CC9F96A819A29FAAE7E1B553ABB23CBCE1D05C","rogue\sdf\pc\data\sdf-C-2124-fr-FR.sdfdata",67106445,67106445,62962497,6
"58CC9F96A819A29FAAE7E1B553ABB23CBCE1D05C","rogue\sdf\pc\data\sdf-C-2125-fr-FR.sdfdata",67063374,67063374,65664749,6
"58CC9F96A819A29FAAE7E1B553ABB23CBCE1D05C","rogue\sdf\pc\data\sdf-C-2126-fr-FR.sdfdata",67103101,67103101,65735823,6
"58CC9F96A819A29FAAE7E1B553ABB23CBCE1D05C","rogue\sdf\pc\data\sdf-C-2127-fr-FR.sdfdata",67108588,67108588,65513435,6
"58CC9F96A819A29FAAE7E1B553ABB23CBCE1D05C","rogue\sdf\pc\data\sdf-C-2128-fr-FR.sdfdata",67104973,67104973,65429687,6
"58CC9F96A819A29FAAE7E1B553ABB23CBCE1D05C","rogue\sdf\pc\data\sdf-C-2129-fr-FR.sdfdata",67103556,67103556,63666009,6
"58CC9F96A819A29FAAE7E1B553ABB23CBCE1D05C","rogue\sdf\pc\data\sdf-C-2130-fr-FR.sdfdata",67047763,67047763,65293344,6
"58CC9F96A819A29FAAE7E1B553ABB23CBCE1D05C","rogue\sdf\pc\data\sdf-C-2131-fr-FR.sdfdata",67105194,67105194,65342289,6
"58CC9F96A819A29FAAE7E1B553ABB23CBCE1D05C","rogue\sdf\pc\data\sdf-C-2132-fr-FR.sdfdata",67056351,67056351,64976305,6
"58CC9F96A819A29FAAE7E1B553ABB23CBCE1D05C","rogue\sdf\pc\data\sdf-C-2133-fr-FR.sdfdata",67089229,67089229,65238023,6
"58CC9F96A819A29FAAE7E1B553ABB23CBCE1D05C","rogue\sdf\pc\data\sdf-C-2134-fr-FR.sdfdata",67100265,67100265,65859911,6
"58CC9F96A819A29FAAE7E1B553ABB23CBCE1D05C","rogue\sdf\pc\data\sdf-C-2135-fr-FR.sdfdata",67102524,67102524,65428141,6
"58CC9F96A819A29FAAE7E1B553ABB23CBCE1D05C","rogue\sdf\pc\data\sdf-C-2136-fr-FR.sdfdata",29073856,29073856,28603592,6
"58CC9F96A819A29FAAE7E1B553ABB23CBCE1D05C","rogue\sdf\pc\data\sdf-C-2137-fr-FR.sdfdata",57912918,57912918,56425953,6
"58CC9F96A819A29FAAE7E1B553ABB23CBCE1D05C","rogue\sdf\pc\data\sdf-C-2138-fr-FR.sdfdata",67108634,67108634,65790110,6
"58CC9F96A819A29FAAE7E1B553ABB23CBCE1D05C","rogue\sdf\pc\data\sdf-C-2139-fr-FR.sdfdata",25653093,25653093,24991778,6
"58CC9F96A819A29FAAE7E1B553ABB23CBCE1D05C","rogue\sdf\pc\data\sdf-C-2200-de-DE.sdfdata",67108275,67108275,37212320,7
"58CC9F96A819A29FAAE7E1B553ABB23CBCE1D05C","rogue\sdf\pc\data\sdf-C-2201-de-DE.sdfdata",67105390,67105390,37004328,7
"58CC9F96A819A29FAAE7E1B553ABB23CBCE1D05C","rogue\sdf\pc\data\sdf-C-2202-de-DE.sdfdata",67105273,67105273,38128346,7
"58CC9F96A819A29FAAE7E1B553ABB23CBCE1D05C","rogue\sdf\pc\data\sdf-C-2203-de-DE.sdfdata",67101566,67101566,36767282,7
"58CC9F96A819A29FAAE7E1B553ABB23CBCE1D05C","rogue\sdf\pc\data\sdf-C-2204-de-DE.sdfdata",67105302,67105302,33525115,7
"58CC9F96A819A29FAAE7E1B553ABB23CBCE1D05C","rogue\sdf\pc\data\sdf-C-2205-de-DE.sdfdata",67105447,67105447,34521852,7
"58CC9F96A819A29FAAE7E1B553ABB23CBCE1D05C","rogue\sdf\pc\data\sdf-C-2206-de-DE.sdfdata",67042436,67042436,54209332,7
"58CC9F96A819A29FAAE7E1B553ABB23CBCE1D05C","rogue\sdf\pc\data\sdf-C-2207-de-DE.sdfdata",67107089,67107089,65528042,7
"58CC9F96A819A29FAAE7E1B553ABB23CBCE1D05C","rogue\sdf\pc\data\sdf-C-2208-de-DE.sdfdata",67100613,67100613,65769332,7
"58CC9F96A819A29FAAE7E1B553ABB23CBCE1D05C","rogue\sdf\pc\data\sdf-C-2209-de-DE.sdfdata",67090341,67090341,65907466,7
"58CC9F96A819A29FAAE7E1B553ABB23CBCE1D05C","rogue\sdf\pc\data\sdf-C-2210-de-DE.sdfdata",67095409,67095409,65661989,7
"58CC9F96A819A29FAAE7E1B553ABB23CBCE1D05C","rogue\sdf\pc\data\sdf-C-2211-de-DE.sdfdata",67047891,67047891,65461929,7
"58CC9F96A819A29FAAE7E1B553ABB23CBCE1D05C","rogue\sdf\pc\data\sdf-C-2212-de-DE.sdfdata",67094111,67094111,66047402,7
"58CC9F96A819A29FAAE7E1B553ABB23CBCE1D05C","rogue\sdf\pc\data\sdf-C-2213-de-DE.sdfdata",67064185,67064185,66097762,7
"58CC9F96A819A29FAAE7E1B553ABB23CBCE1D05C","rogue\sdf\pc\data\sdf-C-2214-de-DE.sdfdata",67096283,67096283,66167958,7
"58CC9F96A819A29FAAE7E1B553ABB23CBCE1D05C","rogue\sdf\pc\data\sdf-C-2215-de-DE.sdfdata",67105711,67105711,66212179,7
"58CC9F96A819A29FAAE7E1B553ABB23CBCE1D05C","rogue\sdf\pc\data\sdf-C-2216-de-DE.sdfdata",67096667,67096667,65744243,7
"58CC9F96A819A29FAAE7E1B553ABB23CBCE1D05C","rogue\sdf\pc\data\sdf-C-2217-de-DE.sdfdata",67097735,67097735,65868680,7
"58CC9F96A819A29FAAE7E1B553ABB23CBCE1D05C","rogue\sdf\pc\data\sdf-C-2218-de-DE.sdfdata",67091661,67091661,65819987,7
"58CC9F96A819A29FAAE7E1B553ABB23CBCE1D05C","rogue\sdf\pc\data\sdf-C-2219-de-DE.sdfdata",67100813,67100813,65998891,7
"58CC9F96A819A29FAAE7E1B553ABB23CBCE1D05C","rogue\sdf\pc\data\sdf-C-2220-de-DE.sdfdata",67037175,67037175,66020095,7
"58CC9F96A819A29FAAE7E1B553ABB23CBCE1D05C","rogue\sdf\pc\data\sdf-C-2221-de-DE.sdfdata",67067039,67067039,66057475,7
"58CC9F96A819A29FAAE7E1B553ABB23CBCE1D05C","rogue\sdf\pc\data\sdf-C-2222-de-DE.sdfdata",66864062,66864062,64734981,7
"58CC9F96A819A29FAAE7E1B553ABB23CBCE1D05C","rogue\sdf\pc\data\sdf-C-2223-de-DE.sdfdata",67087619,67087619,66260178,7
"58CC9F96A819A29FAAE7E1B553ABB23CBCE1D05C","rogue\sdf\pc\data\sdf-C-2224-de-DE.sdfdata",67070702,67070702,65943500,7
"58CC9F96A819A29FAAE7E1B553ABB23CBCE1D05C","rogue\sdf\pc\data\sdf-C-2225-de-DE.sdfdata",67103914,67103914,65132625,7
"58CC9F96A819A29FAAE7E1B553ABB23CBCE1D05C","rogue\sdf\pc\data\sdf-C-2226-de-DE.sdfdata",67085218,67085218,63254011,7
"58CC9F96A819A29FAAE7E1B553ABB23CBCE1D05C","rogue\sdf\pc\data\sdf-C-2227-de-DE.sdfdata",67077968,67077968,65781236,7
"58CC9F96A819A29FAAE7E1B553ABB23CBCE1D05C","rogue\sdf\pc\data\sdf-C-2228-de-DE.sdfdata",67069476,67069476,65904282,7
"58CC9F96A819A29FAAE7E1B553ABB23CBCE1D05C","rogue\sdf\pc\data\sdf-C-2229-de-DE.sdfdata",67098924,67098924,65561459,7
"58CC9F96A819A29FAAE7E1B553ABB23CBCE1D05C","rogue\sdf\pc\data\sdf-C-2230-de-DE.sdfdata",67093387,67093387,65190245,7
"58CC9F96A819A29FAAE7E1B553ABB23CBCE1D05C","rogue\sdf\pc\data\sdf-C-2231-de-DE.sdfdata",67102689,67102689,64485156,7
"58CC9F96A819A29FAAE7E1B553ABB23CBCE1D05C","rogue\sdf\pc\data\sdf-C-2232-de-DE.sdfdata",67088656,67088656,64471385,7
"58CC9F96A819A29FAAE7E1B553ABB23CBCE1D05C","rogue\sdf\pc\data\sdf-C-2233-de-DE.sdfdata",67095608,67095608,65408433,7
"58CC9F96A819A29FAAE7E1B553ABB23CBCE1D05C","rogue\sdf\pc\data\sdf-C-2234-de-DE.sdfdata",67108361,67108361,65607751,7
"58CC9F96A819A29FAAE7E1B553ABB23CBCE1D05C","rogue\sdf\pc\data\sdf-C-2235-de-DE.sdfdata",67104724,67104724,65533109,7
"58CC9F96A819A29FAAE7E1B553ABB23CBCE1D05C","rogue\sdf\pc\data\sdf-C-2236-de-DE.sdfdata",67045317,67045317,65360361,7
"58CC9F96A819A29FAAE7E1B553ABB23CBCE1D05C","rogue\sdf\pc\data\sdf-C-2237-de-DE.sdfdata",67088119,67088119,65814635,7
"58CC9F96A819A29FAAE7E1B553ABB23CBCE1D05C","rogue\sdf\pc\data\sdf-C-2238-de-DE.sdfdata",28989517,28989517,28609135,7
"58CC9F96A819A29FAAE7E1B553ABB23CBCE1D05C","rogue\sdf\pc\data\sdf-C-2239-de-DE.sdfdata",54224468,54224468,52723089,7
"58CC9F96A819A29FAAE7E1B553ABB23CBCE1D05C","rogue\sdf\pc\data\sdf-C-2240-de-DE.sdfdata",67108231,67108231,65747377,7
"58CC9F96A819A29FAAE7E1B553ABB23CBCE1D05C","rogue\sdf\pc\data\sdf-C-2241-de-DE.sdfdata",12328423,12328423,12224623,7
"58CC9F96A819A29FAAE7E1B553ABB23CBCE1D05C","rogue\sdf\pc\data\sdf-C-2300-es-ES.sdfdata",67106267,67106267,37796978,8
"58CC9F96A819A29FAAE7E1B553ABB23CBCE1D05C","rogue\sdf\pc\data\sdf-C-2301-es-ES.sdfdata",67107753,67107753,37751505,8
"58CC9F96A819A29FAAE7E1B553ABB23CBCE1D05C","rogue\sdf\pc\data\sdf-C-2302-es-ES.sdfdata",67107826,67107826,38111415,8
"58CC9F96A819A29FAAE7E1B553ABB23CBCE1D05C","rogue\sdf\pc\data\sdf-C-2303-es-ES.sdfdata",67105820,67105820,35480303,8
"58CC9F96A819A29FAAE7E1B553ABB23CBCE1D05C","rogue\sdf\pc\data\sdf-C-2304-es-ES.sdfdata",67106719,67106719,33726833,8
"58CC9F96A819A29FAAE7E1B553ABB23CBCE1D05C","rogue\sdf\pc\data\sdf-C-2305-es-ES.sdfdata",67098092,67098092,34390980,8
"58CC9F96A819A29FAAE7E1B553ABB23CBCE1D05C","rogue\sdf\pc\data\sdf-C-2306-es-ES.sdfdata",67095935,67095935,51399590,8
"58CC9F96A819A29FAAE7E1B553ABB23CBCE1D05C","rogue\sdf\pc\data\sdf-C-2307-es-ES.sdfdata",67098614,67098614,65477125,8
"58CC9F96A819A29FAAE7E1B553ABB23CBCE1D05C","rogue\sdf\pc\data\sdf-C-2308-es-ES.sdfdata",67084812,67084812,65740411,8
"58CC9F96A819A29FAAE7E1B553ABB23CBCE1D05C","rogue\sdf\pc\data\sdf-C-2309-es-ES.sdfdata",67085257,67085257,65790036,8
"58CC9F96A819A29FAAE7E1B553ABB23CBCE1D05C","rogue\sdf\pc\data\sdf-C-2310-es-ES.sdfdata",67106416,67106416,65807894,8
"58CC9F96A819A29FAAE7E1B553ABB23CBCE1D05C","rogue\sdf\pc\data\sdf-C-2311-es-ES.sdfdata",67098751,67098751,65381619,8
"58CC9F96A819A29FAAE7E1B553ABB23CBCE1D05C","rogue\sdf\pc\data\sdf-C-2312-es-ES.sdfdata",67086180,67086180,65988906,8
"58CC9F96A819A29FAAE7E1B553ABB23CBCE1D05C","rogue\sdf\pc\data\sdf-C-2313-es-ES.sdfdata",67034101,67034101,65949344,8
"58CC9F96A819A29FAAE7E1B553ABB23CBCE1D05C","rogue\sdf\pc\data\sdf-C-2314-es-ES.sdfdata",67063957,67063957,66149974,8
"58CC9F96A819A29FAAE7E1B553ABB23CBCE1D05C","rogue\sdf\pc\data\sdf-C-2315-es-ES.sdfdata",67096458,67096458,66166571,8
"58CC9F96A819A29FAAE7E1B553ABB23CBCE1D05C","rogue\sdf\pc\data\sdf-C-2316-es-ES.sdfdata",67078836,67078836,65908026,8
"58CC9F96A819A29FAAE7E1B553ABB23CBCE1D05C","rogue\sdf\pc\data\sdf-C-2317-es-ES.sdfdata",67101736,67101736,65907429,8
"58CC9F96A819A29FAAE7E1B553ABB23CBCE1D05C","rogue\sdf\pc\data\sdf-C-2318-es-ES.sdfdata",67019569,67019569,65719207,8
"58CC9F96A819A29FAAE7E1B553ABB23CBCE1D05C","rogue\sdf\pc\data\sdf-C-2319-es-ES.sdfdata",67078003,67078003,65828324,8
"58CC9F96A819A29FAAE7E1B553ABB23CBCE1D05C","rogue\sdf\pc\data\sdf-C-2320-es-ES.sdfdata",66928477,66928477,65869152,8
"58CC9F96A819A29FAAE7E1B553ABB23CBCE1D05C","rogue\sdf\pc\data\sdf-C-2321-es-ES.sdfdata",67090002,67090002,66047205,8
"58CC9F96A819A29FAAE7E1B553ABB23CBCE1D05C","rogue\sdf\pc\data\sdf-C-2322-es-ES.sdfdata",67101879,67101879,66094375,8
"58CC9F96A819A29FAAE7E1B553ABB23CBCE1D05C","rogue\sdf\pc\data\sdf-C-2323-es-ES.sdfdata",67087975,67087975,65322424,8
"58CC9F96A819A29FAAE7E1B553ABB23CBCE1D05C","rogue\sdf\pc\data\sdf-C-2324-es-ES.sdfdata",67101553,67101553,66142379,8
"58CC9F96A819A29FAAE7E1B553ABB23CBCE1D05C","rogue\sdf\pc\data\sdf-C-2325-es-ES.sdfdata",67086570,67086570,65987936,8
"58CC9F96A819A29FAAE7E1B553ABB23CBCE1D05C","rogue\sdf\pc\data\sdf-C-2326-es-ES.sdfdata",67100104,67100104,64925360,8
"58CC9F96A819A29FAAE7E1B553ABB23CBCE1D05C","rogue\sdf\pc\data\sdf-C-2327-es-ES.sdfdata",67103461,67103461,63209761,8
"58CC9F96A819A29FAAE7E1B553ABB23CBCE1D05C","rogue\sdf\pc\data\sdf-C-2328-es-ES.sdfdata",66991848,66991848,65805037,8
"58CC9F96A819A29FAAE7E1B553ABB23CBCE1D05C","rogue\sdf\pc\data\sdf-C-2329-es-ES.sdfdata",67042734,67042734,65877091,8
"58CC9F96A819A29FAAE7E1B553ABB23CBCE1D05C","rogue\sdf\pc\data\sdf-C-2330-es-ES.sdfdata",67097666,67097666,65442554,8
"58CC9F96A819A29FAAE7E1B553ABB23CBCE1D05C","rogue\sdf\pc\data\sdf-C-2331-es-ES.sdfdata",67094965,67094965,65310118,8
"58CC9F96A819A29FAAE7E1B553ABB23CBCE1D05C","rogue\sdf\pc\data\sdf-C-2332-es-ES.sdfdata",67070020,67070020,64350692,8
"58CC9F96A819A29FAAE7E1B553ABB23CBCE1D05C","rogue\sdf\pc\data\sdf-C-2333-es-ES.sdfdata",67056754,67056754,65003272,8
"58CC9F96A819A29FAAE7E1B553ABB23CBCE1D05C","rogue\sdf\pc\data\sdf-C-2334-es-ES.sdfdata",67073352,67073352,65367010,8
"58CC9F96A819A29FAAE7E1B553ABB23CBCE1D05C","rogue\sdf\pc\data\sdf-C-2335-es-ES.sdfdata",67107330,67107330,65536132,8
"58CC9F96A819A29FAAE7E1B553ABB23CBCE1D05C","rogue\sdf\pc\data\sdf-C-2336-es-ES.sdfdata",67096758,67096758,65266301,8
"58CC9F96A819A29FAAE7E1B553ABB23CBCE1D05C","rogue\sdf\pc\data\sdf-C-2337-es-ES.sdfdata",67008803,67008803,65379416,8
"58CC9F96A819A29FAAE7E1B553ABB23CBCE1D05C","rogue\sdf\pc\data\sdf-C-2338-es-ES.sdfdata",67102503,67102503,65683268,8
"58CC9F96A819A29FAAE7E1B553ABB23CBCE1D05C","rogue\sdf\pc\data\sdf-C-2339-es-ES.sdfdata",66258149,66258149,65266874,8
"58CC9F96A819A29FAAE7E1B553ABB23CBCE1D05C","rogue\sdf\pc\data\sdf-C-2340-es-ES.sdfdata",7581560,7581560,2881337,8
"58CC9F96A819A29FAAE7E1B553ABB23CBCE1D05C","rogue\sdf\pc\data\sdf-C-2341-es-ES.sdfdata",59111885,59111885,57801059,8
"58CC9F96A819A29FAAE7E1B553ABB23CBCE1D05C","rogue\sdf\pc\data\sdf-C-2342-es-ES.sdfdata",67103735,67103735,65850528,8
"58CC9F96A819A29FAAE7E1B553ABB23CBCE1D05C","rogue\sdf\pc\data\sdf-C-2343-es-ES.sdfdata",7983928,7983928,7946313,8
"58CC9F96A819A29FAAE7E1B553ABB23CBCE1D05C","rogue\sdf\pc\data\sdf-C-2400-pt-BR.sdfdata",67103430,67103430,37270880,10
"58CC9F96A819A29FAAE7E1B553ABB23CBCE1D05C","rogue\sdf\pc\data\sdf-C-2401-pt-BR.sdfdata",67211408,67211408,36381374,10
"58CC9F96A819A29FAAE7E1B553ABB23CBCE1D05C","rogue\sdf\pc\data\sdf-C-2402-pt-BR.sdfdata",67106463,67106463,37823992,10
"58CC9F96A819A29FAAE7E1B553ABB23CBCE1D05C","rogue\sdf\pc\data\sdf-C-2403-pt-BR.sdfdata",67104591,67104591,36402725,10
"58CC9F96A819A29FAAE7E1B553ABB23CBCE1D05C","rogue\sdf\pc\data\sdf-C-2404-pt-BR.sdfdata",67098579,67098579,33759800,10
"58CC9F96A819A29FAAE7E1B553ABB23CBCE1D05C","rogue\sdf\pc\data\sdf-C-2405-pt-BR.sdfdata",67102802,67102802,33924102,10
"58CC9F96A819A29FAAE7E1B553ABB23CBCE1D05C","rogue\sdf\pc\data\sdf-C-2406-pt-BR.sdfdata",67149398,67149398,44900044,10
"58CC9F96A819A29FAAE7E1B553ABB23CBCE1D05C","rogue\sdf\pc\data\sdf-C-2407-pt-BR.sdfdata",67103131,67103131,65312216,10
"58CC9F96A819A29FAAE7E1B553ABB23CBCE1D05C","rogue\sdf\pc\data\sdf-C-2408-pt-BR.sdfdata",67083583,67083583,65526651,10
"58CC9F96A819A29FAAE7E1B553ABB23CBCE1D05C","rogue\sdf\pc\data\sdf-C-2409-pt-BR.sdfdata",67108717,67108717,65719808,10
"58CC9F96A819A29FAAE7E1B553ABB23CBCE1D05C","rogue\sdf\pc\data\sdf-C-2410-pt-BR.sdfdata",67092049,67092049,65515457,10
"58CC9F96A819A29FAAE7E1B553ABB23CBCE1D05C","rogue\sdf\pc\data\sdf-C-2411-pt-BR.sdfdata",67064637,67064637,65283376,10
"58CC9F96A819A29FAAE7E1B553ABB23CBCE1D05C","rogue\sdf\pc\data\sdf-C-2412-pt-BR.sdfdata",67099970,67099970,65950842,10
"58CC9F96A819A29FAAE7E1B553ABB23CBCE1D05C","rogue\sdf\pc\data\sdf-C-2413-pt-BR.sdfdata",67105066,67105066,66176204,10
"58CC9F96A819A29FAAE7E1B553ABB23CBCE1D05C","rogue\sdf\pc\data\sdf-C-2414-pt-BR.sdfdata",67091869,67091869,66015354,10
"58CC9F96A819A29FAAE7E1B553ABB23CBCE1D05C","rogue\sdf\pc\data\sdf-C-2415-pt-BR.sdfdata",67073023,67073023,66120205,10
"58CC9F96A819A29FAAE7E1B553ABB23CBCE1D05C","rogue\sdf\pc\data\sdf-C-2416-pt-BR.sdfdata",67070154,67070154,65543789,10
"58CC9F96A819A29FAAE7E1B553ABB23CBCE1D05C","rogue\sdf\pc\data\sdf-C-2417-pt-BR.sdfdata",67097017,67097017,65660966,10
"58CC9F96A819A29FAAE7E1B553ABB23CBCE1D05C","rogue\sdf\pc\data\sdf-C-2418-pt-BR.sdfdata",67096472,67096472,65669823,10
"58CC9F96A819A29FAAE7E1B553ABB23CBCE1D05C","rogue\sdf\pc\data\sdf-C-2419-pt-BR.sdfdata",67063035,67063035,65958524,10
"58CC9F96A819A29FAAE7E1B553ABB23CBCE1D05C","rogue\sdf\pc\data\sdf-C-2420-pt-BR.sdfdata",67073492,67073492,66006754,10
"58CC9F96A819A29FAAE7E1B553ABB23CBCE1D05C","rogue\sdf\pc\data\sdf-C-2421-pt-BR.sdfdata",67061413,67061413,65985419,10
"58CC9F96A819A29FAAE7E1B553ABB23CBCE1D05C","rogue\sdf\pc\data\sdf-C-2422-pt-BR.sdfdata",67086401,67086401,65060589,10
"58CC9F96A819A29FAAE7E1B553ABB23CBCE1D05C","rogue\sdf\pc\data\sdf-C-2423-pt-BR.sdfdata",67097832,67097832,66062861,10
"58CC9F96A819A29FAAE7E1B553ABB23CBCE1D05C","rogue\sdf\pc\data\sdf-C-2424-pt-BR.sdfdata",67108163,67108163,65902311,10
"58CC9F96A819A29FAAE7E1B553ABB23CBCE1D05C","rogue\sdf\pc\data\sdf-C-2425-pt-BR.sdfdata",67103224,67103224,64614746,10
"58CC9F96A819A29FAAE7E1B553ABB23CBCE1D05C","rogue\sdf\pc\data\sdf-C-2426-pt-BR.sdfdata",67096514,67096514,63555217,10
"58CC9F96A819A29FAAE7E1B553ABB23CBCE1D05C","rogue\sdf\pc\data\sdf-C-2427-pt-BR.sdfdata",66955362,66955362,65783033,10
"58CC9F96A819A29FAAE7E1B553ABB23CBCE1D05C","rogue\sdf\pc\data\sdf-C-2428-pt-BR.sdfdata",67097462,67097462,65591127,10
"58CC9F96A819A29FAAE7E1B553ABB23CBCE1D05C","rogue\sdf\pc\data\sdf-C-2429-pt-BR.sdfdata",67080391,67080391,65406365,10
"58CC9F96A819A29FAAE7E1B553ABB23CBCE1D05C","rogue\sdf\pc\data\sdf-C-2430-pt-BR.sdfdata",67046260,67046260,65382332,10
"58CC9F96A819A29FAAE7E1B553ABB23CBCE1D05C","rogue\sdf\pc\data\sdf-C-2431-pt-BR.sdfdata",67106048,67106048,63318216,10
"58CC9F96A819A29FAAE7E1B553ABB23CBCE1D05C","rogue\sdf\pc\data\sdf-C-2432-pt-BR.sdfdata",67100916,67100916,65546403,10
"58CC9F96A819A29FAAE7E1B553ABB23CBCE1D05C","rogue\sdf\pc\data\sdf-C-2433-pt-BR.sdfdata",67096288,67096288,65464590,10
"58CC9F96A819A29FAAE7E1B553ABB23CBCE1D05C","rogue\sdf\pc\data\sdf-C-2434-pt-BR.sdfdata",67064930,67064930,65017102,10
"58CC9F96A819A29FAAE7E1B553ABB23CBCE1D05C","rogue\sdf\pc\data\sdf-C-2435-pt-BR.sdfdata",67096373,67096373,65598886,10
"58CC9F96A819A29FAAE7E1B553ABB23CBCE1D05C","rogue\sdf\pc\data\sdf-C-2436-pt-BR.sdfdata",67100972,67100972,65815336,10
"58CC9F96A819A29FAAE7E1B553ABB23CBCE1D05C","rogue\sdf\pc\data\sdf-C-2437-pt-BR.sdfdata",67108104,67108104,65629087,10
"58CC9F96A819A29FAAE7E1B553ABB23CBCE1D05C","rogue\sdf\pc\data\sdf-C-2438-pt-BR.sdfdata",37288326,37288326,36577724,10
"58CC9F96A819A29FAAE7E1B553ABB23CBCE1D05C","rogue\sdf\pc\data\sdf-C-2439-pt-BR.sdfdata",8758153,8758153,4804038,10
"58CC9F96A819A29FAAE7E1B553ABB23CBCE1D05C","rogue\sdf\pc\data\sdf-C-2440-pt-BR.sdfdata",27524633,27524633,24676173,10
"58CC9F96A819A29FAAE7E1B553ABB23CBCE1D05C","rogue\sdf\pc\data\sdf-C-2441-pt-BR.sdfdata",67108153,67108153,66005981,10
"58CC9F96A819A29FAAE7E1B553ABB23CBCE1D05C","rogue\sdf\pc\data\sdf-C-2442-pt-BR.sdfdata",67107156,67107156,65797610,10
"58CC9F96A819A29FAAE7E1B553ABB23CBCE1D05C","rogue\sdf\pc\data\sdf-C-2443-pt-BR.sdfdata",67107852,67107852,66231071,10
"58CC9F96A819A29FAAE7E1B553ABB23CBCE1D05C","rogue\sdf\pc\data\sdf-C-2444-pt-BR.sdfdata",34665465,34665465,33817682,10
"58CC9F96A819A29FAAE7E1B553ABB23CBCE1D05C","dlc1\versioning_file.txt",15,15,24,101
"58CC9F96A819A29FAAE7E1B553ABB23CBCE1D05C","dlc1\sdf\pc\data\sdf.sdftoc",7437725,7437725,7123642,101
"58CC9F96A819A29FAAE7E1B553ABB23CBCE1D05C","dlc1\sdf\pc\data\sdf.sdfver",418,418,184,101
"58CC9F96A819A29FAAE7E1B553ABB23CBCE1D05C","dlc1\sdf\pc\data\sdf-A-0000.sdfdata",329,329,278,101
"58CC9F96A819A29FAAE7E1B553ABB23CBCE1D05C","dlc1\sdf\pc\data\sdf-A-0010.sdfdata",66411402,66411402,59158768,101
"58CC9F96A819A29FAAE7E1B553ABB23CBCE1D05C","dlc1\sdf\pc\data\sdf-A-0011.sdfdata",64318384,64318384,57928347,101
"58CC9F96A819A29FAAE7E1B553ABB23CBCE1D05C","dlc1\sdf\pc\data\sdf-A-0012.sdfdata",66518116,66518116,59551008,101
"58CC9F96A819A29FAAE7E1B553ABB23CBCE1D05C","dlc1\sdf\pc\data\sdf-A-0013.sdfdata",66884690,66884690,58893806,101
"58CC9F96A819A29FAAE7E1B553ABB23CBCE1D05C","dlc1\sdf\pc\data\sdf-A-0014.sdfdata",67056003,67056003,60468536,101
"58CC9F96A819A29FAAE7E1B553ABB23CBCE1D05C","dlc1\sdf\pc\data\sdf-A-0015.sdfdata",67074056,67074056,58512210,101
"58CC9F96A819A29FAAE7E1B553ABB23CBCE1D05C","dlc1\sdf\pc\data\sdf-A-0016.sdfdata",66348938,66348938,57167919,101
"58CC9F96A819A29FAAE7E1B553ABB23CBCE1D05C","dlc1\sdf\pc\data\sdf-A-0017.sdfdata",66218308,66218308,63327180,101
"58CC9F96A819A29FAAE7E1B553ABB23CBCE1D05C","dlc1\sdf\pc\data\sdf-A-0018.sdfdata",67091204,67091204,64377376,101
"58CC9F96A819A29FAAE7E1B553ABB23CBCE1D05C","dlc1\sdf\pc\data\sdf-A-0019.sdfdata",66906266,66906266,64063662,101
"58CC9F96A819A29FAAE7E1B553ABB23CBCE1D05C","dlc1\sdf\pc\data\sdf-A-0020.sdfdata",59724884,59724884,57196821,101
"58CC9F96A819A29FAAE7E1B553ABB23CBCE1D05C","dlc1\sdf\pc\data\sdf-A-0021.sdfdata",2917666,2917666,2578486,101
"58CC9F96A819A29FAAE7E1B553ABB23CBCE1D05C","dlc1\sdf\pc\data\sdf-A-0022.sdfdata",3241800,3241800,2899195,101
"58CC9F96A819A29FAAE7E1B553ABB23CBCE1D05C","dlc1\sdf\pc\data\sdf-A-0023.sdfdata",2913313,2913313,2585621,101
"58CC9F96A819A29FAAE7E1B553ABB23CBCE1D05C","dlc1\sdf\pc\data\sdf-A-0024.sdfdata",2911511,2911511,2585008,101
"58CC9F96A819A29FAAE7E1B553ABB23CBCE1D05C","dlc1\sdf\pc\data\sdf-B-1000.sdfdata",67101070,67101070,34965137,101
"58CC9F96A819A29FAAE7E1B553ABB23CBCE1D05C","dlc1\sdf\pc\data\sdf-B-1001.sdfdata",67102250,67102250,45057357,101
"58CC9F96A819A29FAAE7E1B553ABB23CBCE1D05C","dlc1\sdf\pc\data\sdf-B-1002.sdfdata",67092417,67092417,60401717,101
"58CC9F96A819A29FAAE7E1B553ABB23CBCE1D05C","dlc1\sdf\pc\data\sdf-B-1003.sdfdata",67070275,67070275,55319133,101
"58CC9F96A819A29FAAE7E1B553ABB23CBCE1D05C","dlc1\sdf\pc\data\sdf-B-1004.sdfdata",66787097,66787097,48879697,101
"58CC9F96A819A29FAAE7E1B553ABB23CBCE1D05C","dlc1\sdf\pc\data\sdf-B-1005.sdfdata",66911209,66911209,59384753,101
"58CC9F96A819A29FAAE7E1B553ABB23CBCE1D05C","dlc1\sdf\pc\data\sdf-B-1006.sdfdata",66873064,66873064,61201382,101
"58CC9F96A819A29FAAE7E1B553ABB23CBCE1D05C","dlc1\sdf\pc\data\sdf-B-1007.sdfdata",67102183,67102183,60112932,101
"58CC9F96A819A29FAAE7E1B553ABB23CBCE1D05C","dlc1\sdf\pc\data\sdf-B-1008.sdfdata",67096359,67096359,59907776,101
"58CC9F96A819A29FAAE7E1B553ABB23CBCE1D05C","dlc1\sdf\pc\data\sdf-B-1009.sdfdata",67099794,67099794,61373562,101
"58CC9F96A819A29FAAE7E1B553ABB23CBCE1D05C","dlc1\sdf\pc\data\sdf-B-1010.sdfdata",67100253,67100253,61512525,101
"58CC9F96A819A29FAAE7E1B553ABB23CBCE1D05C","dlc1\sdf\pc\data\sdf-B-1011.sdfdata",67107571,67107571,61848529,101
"58CC9F96A819A29FAAE7E1B553ABB23CBCE1D05C","dlc1\sdf\pc\data\sdf-B-1012.sdfdata",67067431,67067431,60249005,101
"58CC9F96A819A29FAAE7E1B553ABB23CBCE1D05C","dlc1\sdf\pc\data\sdf-B-1013.sdfdata",67111596,67111596,61787757,101
"58CC9F96A819A29FAAE7E1B553ABB23CBCE1D05C","dlc1\sdf\pc\data\sdf-B-1014.sdfdata",67098556,67098556,61766649,101
"58CC9F96A819A29FAAE7E1B553ABB23CBCE1D05C","dlc1\sdf\pc\data\sdf-B-1015.sdfdata",67104380,67104380,61794481,101
"58CC9F96A819A29FAAE7E1B553ABB23CBCE1D05C","dlc1\sdf\pc\data\sdf-B-1016.sdfdata",67106757,67106757,61730572,101
"58CC9F96A819A29FAAE7E1B553ABB23CBCE1D05C","dlc1\sdf\pc\data\sdf-B-1017.sdfdata",67108363,67108363,61782976,101
"58CC9F96A819A29FAAE7E1B553ABB23CBCE1D05C","dlc1\sdf\pc\data\sdf-B-1018.sdfdata",67101530,67101530,61761502,101
"58CC9F96A819A29FAAE7E1B553ABB23CBCE1D05C","dlc1\sdf\pc\data\sdf-B-1019.sdfdata",67106100,67106100,61789504,101
"58CC9F96A819A29FAAE7E1B553ABB23CBCE1D05C","dlc1\sdf\pc\data\sdf-B-1020.sdfdata",67096097,67096097,61736581,101
"58CC9F96A819A29FAAE7E1B553ABB23CBCE1D05C","dlc1\sdf\pc\data\sdf-B-1021.sdfdata",67103489,67103489,61829217,101
"58CC9F96A819A29FAAE7E1B553ABB23CBCE1D05C","dlc1\sdf\pc\data\sdf-B-1022.sdfdata",67112905,67112905,61769203,101
"58CC9F96A819A29FAAE7E1B553ABB23CBCE1D05C","dlc1\sdf\pc\data\sdf-B-1023.sdfdata",67100478,67100478,61728046,101
"58CC9F96A819A29FAAE7E1B553ABB23CBCE1D05C","dlc1\sdf\pc\data\sdf-B-1024.sdfdata",67102991,67102991,61745989,101
"58CC9F96A819A29FAAE7E1B553ABB23CBCE1D05C","dlc1\sdf\pc\data\sdf-B-1025.sdfdata",67108765,67108765,58560949,101
"58CC9F96A819A29FAAE7E1B553ABB23CBCE1D05C","dlc1\sdf\pc\data\sdf-B-1026.sdfdata",67106365,67106365,58912457,101
"58CC9F96A819A29FAAE7E1B553ABB23CBCE1D05C","dlc1\sdf\pc\data\sdf-B-1027.sdfdata",66982935,66982935,65204173,101
"58CC9F96A819A29FAAE7E1B553ABB23CBCE1D05C","dlc1\sdf\pc\data\sdf-B-1028.sdfdata",67067774,67067774,63421798,101
"58CC9F96A819A29FAAE7E1B553ABB23CBCE1D05C","dlc1\sdf\pc\data\sdf-B-1029.sdfdata",67102705,67102705,60378120,101
"58CC9F96A819A29FAAE7E1B553ABB23CBCE1D05C","dlc1\sdf\pc\data\sdf-B-1030.sdfdata",66730314,66730314,55878506,101
"58CC9F96A819A29FAAE7E1B553ABB23CBCE1D05C","dlc1\sdf\pc\data\sdf-B-1031.sdfdata",64367509,64367509,57572965,101
"58CC9F96A819A29FAAE7E1B553ABB23CBCE1D05C","dlc1\sdf\pc\data\sdf-B-1032.sdfdata",65682736,65682736,61958114,101
"58CC9F96A819A29FAAE7E1B553ABB23CBCE1D05C","dlc1\sdf\pc\data\sdf-B-1033.sdfdata",66561089,66561089,58569966,101
"58CC9F96A819A29FAAE7E1B553ABB23CBCE1D05C","dlc1\sdf\pc\data\sdf-B-1034.sdfdata",67033584,67033584,56933980,101
"58CC9F96A819A29FAAE7E1B553ABB23CBCE1D05C","dlc1\sdf\pc\data\sdf-B-1035.sdfdata",66277911,66277911,53997106,101
"58CC9F96A819A29FAAE7E1B553ABB23CBCE1D05C","dlc1\sdf\pc\data\sdf-B-1036.sdfdata",66702065,66702065,55983501,101
"58CC9F96A819A29FAAE7E1B553ABB23CBCE1D05C","dlc1\sdf\pc\data\sdf-B-1037.sdfdata",52240874,52240874,44729137,101
"58CC9F96A819A29FAAE7E1B553ABB23CBCE1D05C","dlc1\sdf\pc\data\sdf-B-1038.sdfdata",61353975,61353975,48957238,101
"58CC9F96A819A29FAAE7E1B553ABB23CBCE1D05C","dlc1\sdf\pc\data\sdf-B-1039.sdfdata",66597348,66597348,61585918,101
"58CC9F96A819A29FAAE7E1B553ABB23CBCE1D05C","dlc1\sdf\pc\data\sdf-B-1040.sdfdata",66005901,66005901,62534791,101
"58CC9F96A819A29FAAE7E1B553ABB23CBCE1D05C","dlc1\sdf\pc\data\sdf-B-1041.sdfdata",64928453,64928453,60269104,101
"58CC9F96A819A29FAAE7E1B553ABB23CBCE1D05C","dlc1\sdf\pc\data\sdf-B-1042.sdfdata",67088497,67088497,63897816,101
"58CC9F96A819A29FAAE7E1B553ABB23CBCE1D05C","dlc1\sdf\pc\data\sdf-B-1043.sdfdata",64222891,64222891,61578373,101
"58CC9F96A819A29FAAE7E1B553ABB23CBCE1D05C","dlc1\sdf\pc\data\sdf-B-1044.sdfdata",64211948,64211948,61513325,101
"58CC9F96A819A29FAAE7E1B553ABB23CBCE1D05C","dlc1\sdf\pc\data\sdf-B-1045.sdfdata",66024958,66024958,63763053,101
"58CC9F96A819A29FAAE7E1B553ABB23CBCE1D05C","dlc1\sdf\pc\data\sdf-B-1046.sdfdata",66757588,66757588,63440045,101
"58CC9F96A819A29FAAE7E1B553ABB23CBCE1D05C","dlc1\sdf\pc\data\sdf-B-1047.sdfdata",65117034,65117034,61354725,101
"58CC9F96A819A29FAAE7E1B553ABB23CBCE1D05C","dlc1\sdf\pc\data\sdf-B-1048.sdfdata",64596117,64596117,61116955,101
"58CC9F96A819A29FAAE7E1B553ABB23CBCE1D05C","dlc1\sdf\pc\data\sdf-B-1049.sdfdata",65171975,65171975,62543631,101
"58CC9F96A819A29FAAE7E1B553ABB23CBCE1D05C","dlc1\sdf\pc\data\sdf-B-1050.sdfdata",67047300,67047300,64351500,101
"58CC9F96A819A29FAAE7E1B553ABB23CBCE1D05C","dlc1\sdf\pc\data\sdf-B-1051.sdfdata",67090227,67090227,66978072,101
"58CC9F96A819A29FAAE7E1B553ABB23CBCE1D05C","dlc1\sdf\pc\data\sdf-B-1052.sdfdata",67077703,67077703,66748386,101
"58CC9F96A819A29FAAE7E1B553ABB23CBCE1D05C","dlc1\sdf\pc\data\sdf-B-1053.sdfdata",67093470,67093470,66934650,101
"58CC9F96A819A29FAAE7E1B553ABB23CBCE1D05C","dlc1\sdf\pc\data\sdf-B-1054.sdfdata",67086868,67086868,66948480,101
"58CC9F96A819A29FAAE7E1B553ABB23CBCE1D05C","dlc1\sdf\pc\data\sdf-B-1055.sdfdata",67102791,67102791,66388773,101
"58CC9F96A819A29FAAE7E1B553ABB23CBCE1D05C","dlc1\sdf\pc\data\sdf-B-1056.sdfdata",67048574,67048574,65221106,101
"58CC9F96A819A29FAAE7E1B553ABB23CBCE1D05C","dlc1\sdf\pc\data\sdf-B-1057.sdfdata",67059128,67059128,59769463,101
"58CC9F96A819A29FAAE7E1B553ABB23CBCE1D05C","dlc1\sdf\pc\data\sdf-B-1058.sdfdata",67041661,67041661,62273687,101
"58CC9F96A819A29FAAE7E1B553ABB23CBCE1D05C","dlc1\sdf\pc\data\sdf-B-1059.sdfdata",67101222,67101222,62129089,101
"58CC9F96A819A29FAAE7E1B553ABB23CBCE1D05C","dlc1\sdf\pc\data\sdf-B-1060.sdfdata",66763615,66763615,54244553,101
"58CC9F96A819A29FAAE7E1B553ABB23CBCE1D05C","dlc1\sdf\pc\data\sdf-B-1061.sdfdata",64132149,64132149,61346972,101
"58CC9F96A819A29FAAE7E1B553ABB23CBCE1D05C","dlc1\sdf\pc\data\sdf-B-1062.sdfdata",64445422,64445422,61011485,101
"58CC9F96A819A29FAAE7E1B553ABB23CBCE1D05C","dlc1\sdf\pc\data\sdf-B-1063.sdfdata",66629254,66629254,63655607,101
"58CC9F96A819A29FAAE7E1B553ABB23CBCE1D05C","dlc1\sdf\pc\data\sdf-B-1064.sdfdata",67068888,67068888,64554661,101
"58CC9F96A819A29FAAE7E1B553ABB23CBCE1D05C","dlc1\sdf\pc\data\sdf-B-1065.sdfdata",67011099,67011099,63477471,101
"58CC9F96A819A29FAAE7E1B553ABB23CBCE1D05C","dlc1\sdf\pc\data\sdf-B-1066.sdfdata",66997938,66997938,60771570,101
"58CC9F96A819A29FAAE7E1B553ABB23CBCE1D05C","dlc1\sdf\pc\data\sdf-B-1067.sdfdata",65912097,65912097,61683754,101
"58CC9F96A819A29FAAE7E1B553ABB23CBCE1D05C","dlc1\sdf\pc\data\sdf-B-1068.sdfdata",63885615,63885615,60134910,101
"58CC9F96A819A29FAAE7E1B553ABB23CBCE1D05C","dlc1\sdf\pc\data\sdf-B-1069.sdfdata",66524855,66524855,64011298,101
"58CC9F96A819A29FAAE7E1B553ABB23CBCE1D05C","dlc1\sdf\pc\data\sdf-B-1070.sdfdata",66827603,66827603,63672031,101
"58CC9F96A819A29FAAE7E1B553ABB23CBCE1D05C","dlc1\sdf\pc\data\sdf-B-1071.sdfdata",65157135,65157135,62582408,101
"58CC9F96A819A29FAAE7E1B553ABB23CBCE1D05C","dlc1\sdf\pc\data\sdf-B-1072.sdfdata",66629593,66629593,63351488,101
"58CC9F96A819A29FAAE7E1B553ABB23CBCE1D05C","dlc1\sdf\pc\data\sdf-B-1073.sdfdata",66914009,66914009,64112395,101
"58CC9F96A819A29FAAE7E1B553ABB23CBCE1D05C","dlc1\sdf\pc\data\sdf-B-1074.sdfdata",66895765,66895765,63561671,101
"58CC9F96A819A29FAAE7E1B553ABB23CBCE1D05C","dlc1\sdf\pc\data\sdf-B-1075.sdfdata",67101302,67101302,63780225,101
"58CC9F96A819A29FAAE7E1B553ABB23CBCE1D05C","dlc1\sdf\pc\data\sdf-B-1076.sdfdata",39319144,39319144,34965704,101
"58CC9F96A819A29FAAE7E1B553ABB23CBCE1D05C","dlc1\sdf\pc\data\sdf-B-1077.sdfdata",30862303,30862303,29264442,101
"58CC9F96A819A29FAAE7E1B553ABB23CBCE1D05C","dlc1\sdf\pc\data\sdf-B-1078.sdfdata",31700691,31700691,27812981,101
"58CC9F96A819A29FAAE7E1B553ABB23CBCE1D05C","dlc1\sdf\pc\data\sdf-B-1079.sdfdata",37373964,37373964,33442601,101
"58CC9F96A819A29FAAE7E1B553ABB23CBCE1D05C","dlc1\sdf\pc\data\sdf-B-1080.sdfdata",24847851,24847851,22833845,101
"58CC9F96A819A29FAAE7E1B553ABB23CBCE1D05C","dlc1\sdf\pc\data\sdf-B-1081.sdfdata",20907650,20907650,19112593,101
"58CC9F96A819A29FAAE7E1B553ABB23CBCE1D05C","dlc1\sdf\pc\data\sdf-B-1082.sdfdata",20870900,20870900,18970918,101
"58CC9F96A819A29FAAE7E1B553ABB23CBCE1D05C","dlc1\sdf\pc\data\sdf-B-1083.sdfdata",20936448,20936448,19113440,101
"58CC9F96A819A29FAAE7E1B553ABB23CBCE1D05C","dlc1\sdf\pc\data\sdf-B-1084.sdfdata",20797459,20797459,18962308,101
"58CC9F96A819A29FAAE7E1B553ABB23CBCE1D05C","dlc1\sdf\pc\data\sdf-B-1085.sdfdata",20887973,20887973,19016070,101
"58CC9F96A819A29FAAE7E1B553ABB23CBCE1D05C","dlc1\sdf\pc\data\sdf-B-1086.sdfdata",20874088,20874088,19058553,101
"58CC9F96A819A29FAAE7E1B553ABB23CBCE1D05C","dlc1\sdf\pc\data\sdf-B-1087.sdfdata",20939473,20939473,19064111,101
"58CC9F96A819A29FAAE7E1B553ABB23CBCE1D05C","dlc1\sdf\pc\data\sdf-B-1088.sdfdata",35189179,35189179,30997131,101
"58CC9F96A819A29FAAE7E1B553ABB23CBCE1D05C","dlc1\sdf\pc\data\sdf-B-1089.sdfdata",30897817,30897817,27546603,101
"58CC9F96A819A29FAAE7E1B553ABB23CBCE1D05C","dlc1\sdf\pc\data\sdf-B-1090.sdfdata",24694815,24694815,22706766,101
"58CC9F96A819A29FAAE7E1B553ABB23CBCE1D05C","dlc1\sdf\pc\data\sdf-B-1091.sdfdata",21056781,21056781,19289861,101
"58CC9F96A819A29FAAE7E1B553ABB23CBCE1D05C","dlc1\sdf\pc\data\sdf-B-1092.sdfdata",20968925,20968925,19135988,101
"58CC9F96A819A29FAAE7E1B553ABB23CBCE1D05C","dlc1\sdf\pc\data\sdf-B-1093.sdfdata",21003740,21003740,19230106,101
"58CC9F96A819A29FAAE7E1B553ABB23CBCE1D05C","dlc1\sdf\pc\data\sdf-B-1094.sdfdata",21134452,21134452,19240554,101
"58CC9F96A819A29FAAE7E1B553ABB23CBCE1D05C","dlc1\sdf\pc\data\sdf-B-1095.sdfdata",21003855,21003855,19164660,101
"58CC9F96A819A29FAAE7E1B553ABB23CBCE1D05C","dlc1\sdf\pc\data\sdf-B-1096.sdfdata",21026393,21026393,19218134,101
"58CC9F96A819A29FAAE7E1B553ABB23CBCE1D05C","dlc1\sdf\pc\data\sdf-B-1097.sdfdata",21145686,21145686,19295481,101
"58CC9F96A819A29FAAE7E1B553ABB23CBCE1D05C","dlc1\sdf\pc\data\sdf-B-1098.sdfdata",32406012,32406012,28568739,101
"58CC9F96A819A29FAAE7E1B553ABB23CBCE1D05C","dlc1\sdf\pc\data\sdf-B-1099.sdfdata",36472523,36472523,32537275,101
"58CC9F96A819A29FAAE7E1B553ABB23CBCE1D05C","dlc1\sdf\pc\data\sdf-B-1100.sdfdata",23255037,23255037,21187290,101
"58CC9F96A819A29FAAE7E1B553ABB23CBCE1D05C","dlc1\sdf\pc\data\sdf-B-1101.sdfdata",21102668,21102668,19340989,101
"58CC9F96A819A29FAAE7E1B553ABB23CBCE1D05C","dlc1\sdf\pc\data\sdf-B-1102.sdfdata",21258711,21258711,19456642,101
"58CC9F96A819A29FAAE7E1B553ABB23CBCE1D05C","dlc1\sdf\pc\data\sdf-B-1103.sdfdata",21033153,21033153,19228069,101
"58CC9F96A819A29FAAE7E1B553ABB23CBCE1D05C","dlc1\sdf\pc\data\sdf-B-1104.sdfdata",21413126,21413126,19546260,101
"58CC9F96A819A29FAAE7E1B553ABB23CBCE1D05C","dlc1\sdf\pc\data\sdf-B-1105.sdfdata",21127091,21127091,19348871,101
"58CC9F96A819A29FAAE7E1B553ABB23CBCE1D05C","dlc1\sdf\pc\data\sdf-B-1106.sdfdata",21159945,21159945,19293021,101
"58CC9F96A819A29FAAE7E1B553ABB23CBCE1D05C","dlc1\sdf\pc\data\sdf-B-1107.sdfdata",21170782,21170782,19353966,101
"58CC9F96A819A29FAAE7E1B553ABB23CBCE1D05C","dlc1\sdf\pc\data\sdf-B-1108.sdfdata",25458632,25458632,22782559,101
"58CC9F96A819A29FAAE7E1B553ABB23CBCE1D05C","dlc1\sdf\pc\data\sdf-B-1109.sdfdata",44953238,44953238,40074323,101
"58CC9F96A819A29FAAE7E1B553ABB23CBCE1D05C","dlc1\sdf\pc\data\sdf-B-1110.sdfdata",2045888,2045888,1843929,101
"58CC9F96A819A29FAAE7E1B553ABB23CBCE1D05C","dlc2\versioning_file.txt",15,15,24,102
"58CC9F96A819A29FAAE7E1B553ABB23CBCE1D05C","dlc2\sdf\pc\data\sdf.sdftoc",9068979,9068979,8756426,102
"58CC9F96A819A29FAAE7E1B553ABB23CBCE1D05C","dlc2\sdf\pc\data\sdf.sdfver",421,421,191,102
"58CC9F96A819A29FAAE7E1B553ABB23CBCE1D05C","dlc2\sdf\pc\data\sdf-A-0000.sdfdata",112,112,104,102
"58CC9F96A819A29FAAE7E1B553ABB23CBCE1D05C","dlc2\sdf\pc\data\sdf-A-0010.sdfdata",66786606,66786606,58031940,102
"58CC9F96A819A29FAAE7E1B553ABB23CBCE1D05C","dlc2\sdf\pc\data\sdf-A-0011.sdfdata",65966828,65966828,59471640,102
"58CC9F96A819A29FAAE7E1B553ABB23CBCE1D05C","dlc2\sdf\pc\data\sdf-A-0012.sdfdata",64418966,64418966,57464013,102
"58CC9F96A819A29FAAE7E1B553ABB23CBCE1D05C","dlc2\sdf\pc\data\sdf-A-0013.sdfdata",64675644,64675644,57696838,102
"58CC9F96A819A29FAAE7E1B553ABB23CBCE1D05C","dlc2\sdf\pc\data\sdf-A-0014.sdfdata",65724138,65724138,58905210,102
"58CC9F96A819A29FAAE7E1B553ABB23CBCE1D05C","dlc2\sdf\pc\data\sdf-A-0015.sdfdata",64736390,64736390,60229705,102
"58CC9F96A819A29FAAE7E1B553ABB23CBCE1D05C","dlc2\sdf\pc\data\sdf-A-0016.sdfdata",66918807,66918807,60169704,102
"58CC9F96A819A29FAAE7E1B553ABB23CBCE1D05C","dlc2\sdf\pc\data\sdf-A-0017.sdfdata",66919631,66919631,59389086,102
"58CC9F96A819A29FAAE7E1B553ABB23CBCE1D05C","dlc2\sdf\pc\data\sdf-A-0018.sdfdata",67095682,67095682,60046948,102
"58CC9F96A819A29FAAE7E1B553ABB23CBCE1D05C","dlc2\sdf\pc\data\sdf-A-0019.sdfdata",66965510,66965510,58070747,102
"58CC9F96A819A29FAAE7E1B553ABB23CBCE1D05C","dlc2\sdf\pc\data\sdf-A-0020.sdfdata",66589354,66589354,59352551,102
"58CC9F96A819A29FAAE7E1B553ABB23CBCE1D05C","dlc2\sdf\pc\data\sdf-A-0021.sdfdata",66645064,66645064,59592494,102
"58CC9F96A819A29FAAE7E1B553ABB23CBCE1D05C","dlc2\sdf\pc\data\sdf-A-0022.sdfdata",66450095,66450095,60437098,102
"58CC9F96A819A29FAAE7E1B553ABB23CBCE1D05C","dlc2\sdf\pc\data\sdf-A-0023.sdfdata",66938088,66938088,59315042,102
"58CC9F96A819A29FAAE7E1B553ABB23CBCE1D05C","dlc2\sdf\pc\data\sdf-A-0024.sdfdata",67104171,67104171,60125927,102
"58CC9F96A819A29FAAE7E1B553ABB23CBCE1D05C","dlc2\sdf\pc\data\sdf-A-0025.sdfdata",63579409,63579409,54819210,102
"58CC9F96A819A29FAAE7E1B553ABB23CBCE1D05C","dlc2\sdf\pc\data\sdf-A-0026.sdfdata",67108437,67108437,56129261,102
"58CC9F96A819A29FAAE7E1B553ABB23CBCE1D05C","dlc2\sdf\pc\data\sdf-A-0027.sdfdata",64612378,64612378,58809487,102
"58CC9F96A819A29FAAE7E1B553ABB23CBCE1D05C","dlc2\sdf\pc\data\sdf-A-0028.sdfdata",64332585,64332585,61041594,102
"58CC9F96A819A29FAAE7E1B553ABB23CBCE1D05C","dlc2\sdf\pc\data\sdf-A-0029.sdfdata",66137988,66137988,62924230,102
"58CC9F96A819A29FAAE7E1B553ABB23CBCE1D05C","dlc2\sdf\pc\data\sdf-A-0030.sdfdata",66964768,66964768,63530981,102
"58CC9F96A819A29FAAE7E1B553ABB23CBCE1D05C","dlc2\sdf\pc\data\sdf-A-0031.sdfdata",65267440,65267440,62509710,102
"58CC9F96A819A29FAAE7E1B553ABB23CBCE1D05C","dlc2\sdf\pc\data\sdf-A-0032.sdfdata",64494319,64494319,62449076,102
"58CC9F96A819A29FAAE7E1B553ABB23CBCE1D05C","dlc2\sdf\pc\data\sdf-A-0033.sdfdata",66858914,66858914,64511034,102
"58CC9F96A819A29FAAE7E1B553ABB23CBCE1D05C","dlc2\sdf\pc\data\sdf-A-0034.sdfdata",66918270,66918270,64565363,102
"58CC9F96A819A29FAAE7E1B553ABB23CBCE1D05C","dlc2\sdf\pc\data\sdf-A-0035.sdfdata",37658880,37658880,36011007,102
"58CC9F96A819A29FAAE7E1B553ABB23CBCE1D05C","dlc2\sdf\pc\data\sdf-A-0036.sdfdata",29597088,29597088,26304901,102
"58CC9F96A819A29FAAE7E1B553ABB23CBCE1D05C","dlc2\sdf\pc\data\sdf-A-0037.sdfdata",120657,120657,110298,102
"58CC9F96A819A29FAAE7E1B553ABB23CBCE1D05C","dlc2\sdf\pc\data\sdf-A-0038.sdfdata",16969382,16969382,15143745,102
"58CC9F96A819A29FAAE7E1B553ABB23CBCE1D05C","dlc2\sdf\pc\data\sdf-A-0039.sdfdata",14438374,14438374,12784413,102
"58CC9F96A819A29FAAE7E1B553ABB23CBCE1D05C","dlc2\sdf\pc\data\sdf-A-0040.sdfdata",13920151,13920151,12273942,102
"58CC9F96A819A29FAAE7E1B553ABB23CBCE1D05C","dlc2\sdf\pc\data\sdf-B-1000.sdfdata",67108556,67108556,28350535,102
"58CC9F96A819A29FAAE7E1B553ABB23CBCE1D05C","dlc2\sdf\pc\data\sdf-B-1001.sdfdata",67159435,67159435,40341428,102
"58CC9F96A819A29FAAE7E1B553ABB23CBCE1D05C","dlc2\sdf\pc\data\sdf-B-1002.sdfdata",66964441,66964441,59802911,102
"58CC9F96A819A29FAAE7E1B553ABB23CBCE1D05C","dlc2\sdf\pc\data\sdf-B-1003.sdfdata",67071714,67071714,61076138,102
"58CC9F96A819A29FAAE7E1B553ABB23CBCE1D05C","dlc2\sdf\pc\data\sdf-B-1004.sdfdata",67090395,67090395,59648003,102
"58CC9F96A819A29FAAE7E1B553ABB23CBCE1D05C","dlc2\sdf\pc\data\sdf-B-1005.sdfdata",67089330,67089330,61087504,102
"58CC9F96A819A29FAAE7E1B553ABB23CBCE1D05C","dlc2\sdf\pc\data\sdf-B-1006.sdfdata",67041113,67041113,60957088,102
"58CC9F96A819A29FAAE7E1B553ABB23CBCE1D05C","dlc2\sdf\pc\data\sdf-B-1007.sdfdata",67048696,67048696,62857747,102
"58CC9F96A819A29FAAE7E1B553ABB23CBCE1D05C","dlc2\sdf\pc\data\sdf-B-1008.sdfdata",67090249,67090249,62529518,102
"58CC9F96A819A29FAAE7E1B553ABB23CBCE1D05C","dlc2\sdf\pc\data\sdf-B-1009.sdfdata",67097217,67097217,62964122,102
"58CC9F96A819A29FAAE7E1B553ABB23CBCE1D05C","dlc2\sdf\pc\data\sdf-B-1010.sdfdata",67080041,67080041,61853228,102
"58CC9F96A819A29FAAE7E1B553ABB23CBCE1D05C","dlc2\sdf\pc\data\sdf-B-1011.sdfdata",67107235,67107235,61330467,102
"58CC9F96A819A29FAAE7E1B553ABB23CBCE1D05C","dlc2\sdf\pc\data\sdf-B-1012.sdfdata",66901301,66901301,61211118,102
"58CC9F96A819A29FAAE7E1B553ABB23CBCE1D05C","dlc2\sdf\pc\data\sdf-B-1013.sdfdata",66676465,66676465,62698859,102
"58CC9F96A819A29FAAE7E1B553ABB23CBCE1D05C","dlc2\sdf\pc\data\sdf-B-1014.sdfdata",67108689,67108689,56259780,102
"58CC9F96A819A29FAAE7E1B553ABB23CBCE1D05C","dlc2\sdf\pc\data\sdf-B-1015.sdfdata",66932527,66932527,62346153,102
"58CC9F96A819A29FAAE7E1B553ABB23CBCE1D05C","dlc2\sdf\pc\data\sdf-B-1016.sdfdata",66119242,66119242,62939207,102
"58CC9F96A819A29FAAE7E1B553ABB23CBCE1D05C","dlc2\sdf\pc\data\sdf-B-1017.sdfdata",66733314,66733314,62848327,102
"58CC9F96A819A29FAAE7E1B553ABB23CBCE1D05C","dlc2\sdf\pc\data\sdf-B-1018.sdfdata",66224905,66224905,62663483,102
"58CC9F96A819A29FAAE7E1B553ABB23CBCE1D05C","dlc2\sdf\pc\data\sdf-B-1019.sdfdata",67045317,67045317,62294168,102
"58CC9F96A819A29FAAE7E1B553ABB23CBCE1D05C","dlc2\sdf\pc\data\sdf-B-1020.sdfdata",67091049,67091049,61137141,102
"58CC9F96A819A29FAAE7E1B553ABB23CBCE1D05C","dlc2\sdf\pc\data\sdf-B-1021.sdfdata",67097510,67097510,61955156,102
"58CC9F96A819A29FAAE7E1B553ABB23CBCE1D05C","dlc2\sdf\pc\data\sdf-B-1022.sdfdata",67068329,67068329,61924627,102
"58CC9F96A819A29FAAE7E1B553ABB23CBCE1D05C","dlc2\sdf\pc\data\sdf-B-1023.sdfdata",67099982,67099982,63040370,102
"58CC9F96A819A29FAAE7E1B553ABB23CBCE1D05C","dlc2\sdf\pc\data\sdf-B-1024.sdfdata",67082375,67082375,63551471,102
"58CC9F96A819A29FAAE7E1B553ABB23CBCE1D05C","dlc2\sdf\pc\data\sdf-B-1025.sdfdata",67110055,67110055,58125939,102
"58CC9F96A819A29FAAE7E1B553ABB23CBCE1D05C","dlc2\sdf\pc\data\sdf-B-1026.sdfdata",67101996,67101996,62290246,102
"58CC9F96A819A29FAAE7E1B553ABB23CBCE1D05C","dlc2\sdf\pc\data\sdf-B-1027.sdfdata",67115713,67115713,62316757,102
"58CC9F96A819A29FAAE7E1B553ABB23CBCE1D05C","dlc2\sdf\pc\data\sdf-B-1028.sdfdata",67131292,67131292,62317350,102
"58CC9F96A819A29FAAE7E1B553ABB23CBCE1D05C","dlc2\sdf\pc\data\sdf-B-1029.sdfdata",67118676,67118676,62372735,102
"58CC9F96A819A29FAAE7E1B553ABB23CBCE1D05C","dlc2\sdf\pc\data\sdf-B-1030.sdfdata",67106604,67106604,62267055,102
"58CC9F96A819A29FAAE7E1B553ABB23CBCE1D05C","dlc2\sdf\pc\data\sdf-B-1031.sdfdata",67129114,67129114,62336233,102
"58CC9F96A819A29FAAE7E1B553ABB23CBCE1D05C","dlc2\sdf\pc\data\sdf-B-1032.sdfdata",67089404,67089404,62339789,102
"58CC9F96A819A29FAAE7E1B553ABB23CBCE1D05C","dlc2\sdf\pc\data\sdf-B-1033.sdfdata",67130992,67130992,62276772,102
"58CC9F96A819A29FAAE7E1B553ABB23CBCE1D05C","dlc2\sdf\pc\data\sdf-B-1034.sdfdata",67113799,67113799,62381324,102
"58CC9F96A819A29FAAE7E1B553ABB23CBCE1D05C","dlc2\sdf\pc\data\sdf-B-1035.sdfdata",67121575,67121575,62327181,102
"58CC9F96A819A29FAAE7E1B553ABB23CBCE1D05C","dlc2\sdf\pc\data\sdf-B-1036.sdfdata",67106445,67106445,62288387,102
"58CC9F96A819A29FAAE7E1B553ABB23CBCE1D05C","dlc2\sdf\pc\data\sdf-B-1037.sdfdata",67101645,67101645,62274516,102
"58CC9F96A819A29FAAE7E1B553ABB23CBCE1D05C","dlc2\sdf\pc\data\sdf-B-1038.sdfdata",67110808,67110808,62373191,102
"58CC9F96A819A29FAAE7E1B553ABB23CBCE1D05C","dlc2\sdf\pc\data\sdf-B-1039.sdfdata",67118666,67118666,62365633,102
"58CC9F96A819A29FAAE7E1B553ABB23CBCE1D05C","dlc2\sdf\pc\data\sdf-B-1040.sdfdata",67120876,67120876,62344584,102
"58CC9F96A819A29FAAE7E1B553ABB23CBCE1D05C","dlc2\sdf\pc\data\sdf-B-1041.sdfdata",67094589,67094589,62372747,102
"58CC9F96A819A29FAAE7E1B553ABB23CBCE1D05C","dlc2\sdf\pc\data\sdf-B-1042.sdfdata",67125319,67125319,62336127,102
"58CC9F96A819A29FAAE7E1B553ABB23CBCE1D05C","dlc2\sdf\pc\data\sdf-B-1043.sdfdata",67108624,67108624,62252108,102
"58CC9F96A819A29FAAE7E1B553ABB23CBCE1D05C","dlc2\sdf\pc\data\sdf-B-1044.sdfdata",67121639,67121639,62341927,102
"58CC9F96A819A29FAAE7E1B553ABB23CBCE1D05C","dlc2\sdf\pc\data\sdf-B-1045.sdfdata",67109790,67109790,62321846,102
"58CC9F96A819A29FAAE7E1B553ABB23CBCE1D05C","dlc2\sdf\pc\data\sdf-B-1046.sdfdata",67080425,67080425,60301225,102
"58CC9F96A819A29FAAE7E1B553ABB23CBCE1D05C","dlc2\sdf\pc\data\sdf-B-1047.sdfdata",67094687,67094687,57624373,102
"58CC9F96A819A29FAAE7E1B553ABB23CBCE1D05C","dlc2\sdf\pc\data\sdf-B-1048.sdfdata",67065686,67065686,54876864,102
"58CC9F96A819A29FAAE7E1B553ABB23CBCE1D05C","dlc2\sdf\pc\data\sdf-B-1049.sdfdata",66832658,66832658,62416148,102
"58CC9F96A819A29FAAE7E1B553ABB23CBCE1D05C","dlc2\sdf\pc\data\sdf-B-1050.sdfdata",67042800,67042800,62089272,102
"58CC9F96A819A29FAAE7E1B553ABB23CBCE1D05C","dlc2\sdf\pc\data\sdf-B-1051.sdfdata",67032542,67032542,59675207,102
"58CC9F96A819A29FAAE7E1B553ABB23CBCE1D05C","dlc2\sdf\pc\data\sdf-B-1052.sdfdata",67002903,67002903,63796233,102
"58CC9F96A819A29FAAE7E1B553ABB23CBCE1D05C","dlc2\sdf\pc\data\sdf-B-1053.sdfdata",67074688,67074688,60327362,102
"58CC9F96A819A29FAAE7E1B553ABB23CBCE1D05C","dlc2\sdf\pc\data\sdf-B-1054.sdfdata",66935177,66935177,62524980,102
"58CC9F96A819A29FAAE7E1B553ABB23CBCE1D05C","dlc2\sdf\pc\data\sdf-B-1055.sdfdata",66477313,66477313,63507346,102
"58CC9F96A819A29FAAE7E1B553ABB23CBCE1D05C","dlc2\sdf\pc\data\sdf-B-1056.sdfdata",66909575,66909575,58939038,102
"58CC9F96A819A29FAAE7E1B553ABB23CBCE1D05C","dlc2\sdf\pc\data\sdf-B-1057.sdfdata",62170423,62170423,58105131,102
"58CC9F96A819A29FAAE7E1B553ABB23CBCE1D05C","dlc2\sdf\pc\data\sdf-B-1058.sdfdata",65957411,65957411,57504252,102
"58CC9F96A819A29FAAE7E1B553ABB23CBCE1D05C","dlc2\sdf\pc\data\sdf-B-1059.sdfdata",66806319,66806319,57523037,102
"58CC9F96A819A29FAAE7E1B553ABB23CBCE1D05C","dlc2\sdf\pc\data\sdf-B-1060.sdfdata",51668714,51668714,43215087,102
"58CC9F96A819A29FAAE7E1B553ABB23CBCE1D05C","dlc2\sdf\pc\data\sdf-B-1061.sdfdata",67025013,67025013,59134589,102
"58CC9F96A819A29FAAE7E1B553ABB23CBCE1D05C","dlc2\sdf\pc\data\sdf-B-1062.sdfdata",66902960,66902960,53224347,102
"58CC9F96A819A29FAAE7E1B553ABB23CBCE1D05C","dlc2\sdf\pc\data\sdf-B-1063.sdfdata",64686476,64686476,53751330,102
"58CC9F96A819A29FAAE7E1B553ABB23CBCE1D05C","dlc2\sdf\pc\data\sdf-B-1064.sdfdata",66413845,66413845,62699963,102
"58CC9F96A819A29FAAE7E1B553ABB23CBCE1D05C","dlc2\sdf\pc\data\sdf-B-1065.sdfdata",65535069,65535069,60951144,102
"58CC9F96A819A29FAAE7E1B553ABB23CBCE1D05C","dlc2\sdf\pc\data\sdf-B-1066.sdfdata",66409832,66409832,63052916,102
"58CC9F96A819A29FAAE7E1B553ABB23CBCE1D05C","dlc2\sdf\pc\data\sdf-B-1067.sdfdata",65801773,65801773,61975303,102
"58CC9F96A819A29FAAE7E1B553ABB23CBCE1D05C","dlc2\sdf\pc\data\sdf-B-1068.sdfdata",61390484,61390484,57329266,102
"58CC9F96A819A29FAAE7E1B553ABB23CBCE1D05C","dlc2\sdf\pc\data\sdf-B-1069.sdfdata",58583344,58583344,55764758,102
"58CC9F96A819A29FAAE7E1B553ABB23CBCE1D05C","dlc2\sdf\pc\data\sdf-B-1070.sdfdata",58465743,58465743,55682176,102
"58CC9F96A819A29FAAE7E1B553ABB23CBCE1D05C","dlc2\sdf\pc\data\sdf-B-1071.sdfdata",64014166,64014166,61537942,102
"58CC9F96A819A29FAAE7E1B553ABB23CBCE1D05C","dlc2\sdf\pc\data\sdf-B-1072.sdfdata",52084037,52084037,49044268,102
"58CC9F96A819A29FAAE7E1B553ABB23CBCE1D05C","dlc2\sdf\pc\data\sdf-B-1073.sdfdata",66944922,66944922,63672754,102
"58CC9F96A819A29FAAE7E1B553ABB23CBCE1D05C","dlc2\sdf\pc\data\sdf-B-1074.sdfdata",64810098,64810098,60568477,102
"58CC9F96A819A29FAAE7E1B553ABB23CBCE1D05C","dlc2\sdf\pc\data\sdf-B-1075.sdfdata",64531659,64531659,60618986,102
"58CC9F96A819A29FAAE7E1B553ABB23CBCE1D05C","dlc2\sdf\pc\data\sdf-B-1076.sdfdata",66544266,66544266,62002572,102
"58CC9F96A819A29FAAE7E1B553ABB23CBCE1D05C","dlc2\sdf\pc\data\sdf-B-1077.sdfdata",61713919,61713919,57165773,102
"58CC9F96A819A29FAAE7E1B553ABB23CBCE1D05C","dlc2\sdf\pc\data\sdf-B-1078.sdfdata",64576518,64576518,61537496,102
"58CC9F96A819A29FAAE7E1B553ABB23CBCE1D05C","dlc2\sdf\pc\data\sdf-B-1079.sdfdata",66996141,66996141,57361646,102
"58CC9F96A819A29FAAE7E1B553ABB23CBCE1D05C","dlc2\sdf\pc\data\sdf-B-1080.sdfdata",66228732,66228732,63286397,102
"58CC9F96A819A29FAAE7E1B553ABB23CBCE1D05C","dlc2\sdf\pc\data\sdf-B-1081.sdfdata",66354661,66354661,64015810,102
"58CC9F96A819A29FAAE7E1B553ABB23CBCE1D05C","dlc2\sdf\pc\data\sdf-B-1082.sdfdata",63069551,63069551,60197680,102
"58CC9F96A819A29FAAE7E1B553ABB23CBCE1D05C","dlc2\sdf\pc\data\sdf-B-1083.sdfdata",64066035,64066035,61257451,102
"58CC9F96A819A29FAAE7E1B553ABB23CBCE1D05C","dlc2\sdf\pc\data\sdf-B-1084.sdfdata",66065277,66065277,63181791,102
"58CC9F96A819A29FAAE7E1B553ABB23CBCE1D05C","dlc2\sdf\pc\data\sdf-B-1085.sdfdata",64075708,64075708,61421886,102
"58CC9F96A819A29FAAE7E1B553ABB23CBCE1D05C","dlc2\sdf\pc\data\sdf-B-1086.sdfdata",65750278,65750278,62357818,102
"58CC9F96A819A29FAAE7E1B553ABB23CBCE1D05C","dlc2\sdf\pc\data\sdf-B-1087.sdfdata",64945032,64945032,62184719,102
"58CC9F96A819A29FAAE7E1B553ABB23CBCE1D05C","dlc2\sdf\pc\data\sdf-B-1088.sdfdata",66144328,66144328,62715954,102
"58CC9F96A819A29FAAE7E1B553ABB23CBCE1D05C","dlc2\sdf\pc\data\sdf-B-1089.sdfdata",65902718,65902718,62260019,102
"58CC9F96A819A29FAAE7E1B553ABB23CBCE1D05C","dlc2\sdf\pc\data\sdf-B-1090.sdfdata",66148125,66148125,63250306,102
"58CC9F96A819A29FAAE7E1B553ABB23CBCE1D05C","dlc2\sdf\pc\data\sdf-B-1091.sdfdata",65228222,65228222,62329076,102
"58CC9F96A819A29FAAE7E1B553ABB23CBCE1D05C","dlc2\sdf\pc\data\sdf-B-1092.sdfdata",65278609,65278609,62534862,102
"58CC9F96A819A29FAAE7E1B553ABB23CBCE1D05C","dlc2\sdf\pc\data\sdf-B-1093.sdfdata",67061248,67061248,66113199,102
"58CC9F96A819A29FAAE7E1B553ABB23CBCE1D05C","dlc2\sdf\pc\data\sdf-B-1094.sdfdata",67072301,67072301,66955007,102
"58CC9F96A819A29FAAE7E1B553ABB23CBCE1D05C","dlc2\sdf\pc\data\sdf-B-1095.sdfdata",67086195,67086195,66971839,102
"58CC9F96A819A29FAAE7E1B553ABB23CBCE1D05C","dlc2\sdf\pc\data\sdf-B-1096.sdfdata",67062896,67062896,66922994,102
"58CC9F96A819A29FAAE7E1B553ABB23CBCE1D05C","dlc2\sdf\pc\data\sdf-B-1097.sdfdata",67044526,67044526,66773203,102
"58CC9F96A819A29FAAE7E1B553ABB23CBCE1D05C","dlc2\sdf\pc\data\sdf-B-1098.sdfdata",67093619,67093619,63840161,102
"58CC9F96A819A29FAAE7E1B553ABB23CBCE1D05C","dlc2\sdf\pc\data\sdf-B-1099.sdfdata",67085300,67085300,60696388,102
"58CC9F96A819A29FAAE7E1B553ABB23CBCE1D05C","dlc2\sdf\pc\data\sdf-B-1100.sdfdata",67094440,67094440,62360455,102
"58CC9F96A819A29FAAE7E1B553ABB23CBCE1D05C","dlc2\sdf\pc\data\sdf-B-1101.sdfdata",67108323,67108323,56794403,102
"58CC9F96A819A29FAAE7E1B553ABB23CBCE1D05C","dlc2\sdf\pc\data\sdf-B-1102.sdfdata",64692839,64692839,58556690,102
"58CC9F96A819A29FAAE7E1B553ABB23CBCE1D05C","dlc2\sdf\pc\data\sdf-B-1103.sdfdata",67070139,67070139,64187227,102
"58CC9F96A819A29FAAE7E1B553ABB23CBCE1D05C","dlc2\sdf\pc\data\sdf-B-1104.sdfdata",66884902,66884902,64161759,102
"58CC9F96A819A29FAAE7E1B553ABB23CBCE1D05C","dlc2\sdf\pc\data\sdf-B-1105.sdfdata",66446333,66446333,63674068,102
"58CC9F96A819A29FAAE7E1B553ABB23CBCE1D05C","dlc2\sdf\pc\data\sdf-B-1106.sdfdata",65819051,65819051,62821384,102
"58CC9F96A819A29FAAE7E1B553ABB23CBCE1D05C","dlc2\sdf\pc\data\sdf-B-1107.sdfdata",59022382,59022382,55548385,102
"58CC9F96A819A29FAAE7E1B553ABB23CBCE1D05C","dlc2\sdf\pc\data\sdf-B-1108.sdfdata",67078161,67078161,63754126,102
"58CC9F96A819A29FAAE7E1B553ABB23CBCE1D05C","dlc2\sdf\pc\data\sdf-B-1109.sdfdata",66629059,66629059,62858748,102
"58CC9F96A819A29FAAE7E1B553ABB23CBCE1D05C","dlc2\sdf\pc\data\sdf-B-1110.sdfdata",63197282,63197282,59782680,102
"58CC9F96A819A29FAAE7E1B553ABB23CBCE1D05C","dlc2\sdf\pc\data\sdf-B-1111.sdfdata",66552587,66552587,63155462,102
"58CC9F96A819A29FAAE7E1B553ABB23CBCE1D05C","dlc2\sdf\pc\data\sdf-B-1112.sdfdata",65422140,65422140,61533185,102
"58CC9F96A819A29FAAE7E1B553ABB23CBCE1D05C","dlc2\sdf\pc\data\sdf-B-1113.sdfdata",67032712,67032712,63634142,102
"58CC9F96A819A29FAAE7E1B553ABB23CBCE1D05C","dlc2\sdf\pc\data\sdf-B-1114.sdfdata",65504773,65504773,62285642,102
"58CC9F96A819A29FAAE7E1B553ABB23CBCE1D05C","dlc2\sdf\pc\data\sdf-B-1115.sdfdata",66222544,66222544,63494389,102
"58CC9F96A819A29FAAE7E1B553ABB23CBCE1D05C","dlc2\sdf\pc\data\sdf-B-1116.sdfdata",66264293,66264293,62918168,102
"58CC9F96A819A29FAAE7E1B553ABB23CBCE1D05C","dlc2\sdf\pc\data\sdf-B-1117.sdfdata",66816619,66816619,63974914,102
"58CC9F96A819A29FAAE7E1B553ABB23CBCE1D05C","dlc2\sdf\pc\data\sdf-B-1118.sdfdata",66610554,66610554,62825222,102
"58CC9F96A819A29FAAE7E1B553ABB23CBCE1D05C","dlc2\sdf\pc\data\sdf-B-1119.sdfdata",66978211,66978211,63178560,102
"58CC9F96A819A29FAAE7E1B553ABB23CBCE1D05C","dlc2\sdf\pc\data\sdf-B-1120.sdfdata",66687692,66687692,62984881,102
"58CC9F96A819A29FAAE7E1B553ABB23CBCE1D05C","dlc2\sdf\pc\data\sdf-B-1121.sdfdata",66707172,66707172,62916485,102
"58CC9F96A819A29FAAE7E1B553ABB23CBCE1D05C","dlc2\sdf\pc\data\sdf-B-1122.sdfdata",67104936,67104936,62135830,102
"58CC9F96A819A29FAAE7E1B553ABB23CBCE1D05C","dlc2\sdf\pc\data\sdf-B-1123.sdfdata",13661068,13661068,11428999,102
"58CC9F96A819A29FAAE7E1B553ABB23CBCE1D05C","dlc2\sdf\pc\data\sdf-B-1124.sdfdata",39119098,39119098,36479828,102
"58CC9F96A819A29FAAE7E1B553ABB23CBCE1D05C","dlc2\sdf\pc\data\sdf-B-1125.sdfdata",38907220,38907220,22066746,102
"58CC9F96A819A29FAAE7E1B553ABB23CBCE1D05C","dlc2\sdf\pc\data\sdf-B-1126.sdfdata",38515650,38515650,33374013,102
"58CC9F96A819A29FAAE7E1B553ABB23CBCE1D05C","dlc2\sdf\pc\data\sdf-B-1127.sdfdata",48510584,48510584,42314013,102
"58CC9F96A819A29FAAE7E1B553ABB23CBCE1D05C","dlc2\sdf\pc\data\sdf-B-1128.sdfdata",48422585,48422585,42727820,102
"58CC9F96A819A29FAAE7E1B553ABB23CBCE1D05C","dlc2\sdf\pc\data\sdf-B-1129.sdfdata",29704617,29704617,25989392,102
"58CC9F96A819A29FAAE7E1B553ABB23CBCE1D05C","dlc2\sdf\pc\data\sdf-B-1130.sdfdata",57567698,57567698,37752724,102
"58CC9F96A819A29FAAE7E1B553ABB23CBCE1D05C","dlc2\sdf\pc\data\sdf-B-1131.sdfdata",23626627,23626627,21786753,102
"58CC9F96A819A29FAAE7E1B553ABB23CBCE1D05C","dlc2\sdf\pc\data\sdf-B-1132.sdfdata",57994958,57994958,50645681,102
"58CC9F96A819A29FAAE7E1B553ABB23CBCE1D05C","dlc2\sdf\pc\data\sdf-B-1133.sdfdata",58856032,58856032,51829195,102
"58CC9F96A819A29FAAE7E1B553ABB23CBCE1D05C","dlc2\sdf\pc\data\sdf-B-1134.sdfdata",59249638,59249638,52162233,102
"58CC9F96A819A29FAAE7E1B553ABB23CBCE1D05C","dlc2\sdf\pc\data\sdf-B-1135.sdfdata",21773678,21773678,20148380,102
"58CC9F96A819A29FAAE7E1B553ABB23CBCE1D05C","dlc2\sdf\pc\data\sdf-B-1136.sdfdata",21530560,21530560,19912518,102
"58CC9F96A819A29FAAE7E1B553ABB23CBCE1D05C","dlc2\sdf\pc\data\sdf-B-1137.sdfdata",21533266,21533266,19869724,102
"58CC9F96A819A29FAAE7E1B553ABB23CBCE1D05C","dlc2\sdf\pc\data\sdf-B-1138.sdfdata",21566756,21566756,19931318,102
"58CC9F96A819A29FAAE7E1B553ABB23CBCE1D05C","dlc2\sdf\pc\data\sdf-B-1139.sdfdata",21651690,21651690,19991322,102
"58CC9F96A819A29FAAE7E1B553ABB23CBCE1D05C","dlc2\sdf\pc\data\sdf-B-1140.sdfdata",21504208,21504208,19882728,102
"58CC9F96A819A29FAAE7E1B553ABB23CBCE1D05C","dlc2\sdf\pc\data\sdf-B-1141.sdfdata",21664032,21664032,20044390,102
"58CC9F96A819A29FAAE7E1B553ABB23CBCE1D05C","dlc2\sdf\pc\data\sdf-B-1142.sdfdata",21570018,21570018,19927352,102
"58CC9F96A819A29FAAE7E1B553ABB23CBCE1D05C","dlc2\sdf\pc\data\sdf-B-1143.sdfdata",21702435,21702435,20041261,102
"58CC9F96A819A29FAAE7E1B553ABB23CBCE1D05C","dlc2\sdf\pc\data\sdf-B-1144.sdfdata",21697584,21697584,20013342,102
"58CC9F96A819A29FAAE7E1B553ABB23CBCE1D05C","dlc2\sdf\pc\data\sdf-B-1145.sdfdata",25387010,25387010,22848005,102
"58CC9F96A819A29FAAE7E1B553ABB23CBCE1D05C","dlc2\sdf\pc\data\sdf-B-1146.sdfdata",21781391,21781391,20258863,102
"58CC9F96A819A29FAAE7E1B553ABB23CBCE1D05C","dlc2\sdf\pc\data\sdf-B-1147.sdfdata",21649266,21649266,20120326,102
"58CC9F96A819A29FAAE7E1B553ABB23CBCE1D05C","dlc2\sdf\pc\data\sdf-B-1148.sdfdata",21788435,21788435,20249577,102
"58CC9F96A819A29FAAE7E1B553ABB23CBCE1D05C","dlc2\sdf\pc\data\sdf-B-1149.sdfdata",21748593,21748593,20142578,102
"58CC9F96A819A29FAAE7E1B553ABB23CBCE1D05C","dlc2\sdf\pc\data\sdf-B-1150.sdfdata",21794974,21794974,20252447,102
"58CC9F96A819A29FAAE7E1B553ABB23CBCE1D05C","dlc2\sdf\pc\data\sdf-B-1151.sdfdata",21784757,21784757,20274023,102
"58CC9F96A819A29FAAE7E1B553ABB23CBCE1D05C","dlc2\sdf\pc\data\sdf-B-1152.sdfdata",21830448,21830448,20275958,102
"58CC9F96A819A29FAAE7E1B553ABB23CBCE1D05C","dlc2\sdf\pc\data\sdf-B-1153.sdfdata",21656220,21656220,20091119,102
"58CC9F96A819A29FAAE7E1B553ABB23CBCE1D05C","dlc2\sdf\pc\data\sdf-B-1154.sdfdata",21903389,21903389,20389420,102
"58CC9F96A819A29FAAE7E1B553ABB23CBCE1D05C","dlc2\sdf\pc\data\sdf-B-1155.sdfdata",21651850,21651850,20112933,102
"58CC9F96A819A29FAAE7E1B553ABB23CBCE1D05C","dlc2\sdf\pc\data\sdf-B-1156.sdfdata",21944998,21944998,20408367,102
"58CC9F96A819A29FAAE7E1B553ABB23CBCE1D05C","dlc2\sdf\pc\data\sdf-B-1157.sdfdata",21758163,21758163,20214846,102
"58CC9F96A819A29FAAE7E1B553ABB23CBCE1D05C","dlc2\sdf\pc\data\sdf-B-1158.sdfdata",21865909,21865909,20354999,102
"58CC9F96A819A29FAAE7E1B553ABB23CBCE1D05C","dlc2\sdf\pc\data\sdf-B-1159.sdfdata",21659593,21659593,20092342,102
"58CC9F96A819A29FAAE7E1B553ABB23CBCE1D05C","dlc2\sdf\pc\data\sdf-B-1160.sdfdata",21725199,21725199,20162032,102
"58CC9F96A819A29FAAE7E1B553ABB23CBCE1D05C","dlc2\sdf\pc\data\sdf-B-1161.sdfdata",21747823,21747823,20190150,102
"58CC9F96A819A29FAAE7E1B553ABB23CBCE1D05C","dlc2\sdf\pc\data\sdf-B-1162.sdfdata",20621903,20621903,18385107,102
"58CC9F96A819A29FAAE7E1B553ABB23CBCE1D05C","dlc3\versioning_file.txt",15,15,24,103
"58CC9F96A819A29FAAE7E1B553ABB23CBCE1D05C","dlc3\sdf\pc\data\sdf.sdftoc",23226567,23226567,22900013,103
"58CC9F96A819A29FAAE7E1B553ABB23CBCE1D05C","dlc3\sdf\pc\data\sdf.sdfver",427,427,195,103
"58CC9F96A819A29FAAE7E1B553ABB23CBCE1D05C","dlc3\sdf\pc\data\sdf-A-0000.sdfdata",347,347,297,103
"58CC9F96A819A29FAAE7E1B553ABB23CBCE1D05C","dlc3\sdf\pc\data\sdf-A-0001.sdfdata",456,456,392,103
"58CC9F96A819A29FAAE7E1B553ABB23CBCE1D05C","dlc3\sdf\pc\data\sdf-A-0010.sdfdata",66928830,66928830,55645614,103
"58CC9F96A819A29FAAE7E1B553ABB23CBCE1D05C","dlc3\sdf\pc\data\sdf-A-0011.sdfdata",61908353,61908353,56088010,103
"58CC9F96A819A29FAAE7E1B553ABB23CBCE1D05C","dlc3\sdf\pc\data\sdf-A-0012.sdfdata",67051724,67051724,59906135,103
"58CC9F96A819A29FAAE7E1B553ABB23CBCE1D05C","dlc3\sdf\pc\data\sdf-A-0013.sdfdata",65224996,65224996,57220755,103
"58CC9F96A819A29FAAE7E1B553ABB23CBCE1D05C","dlc3\sdf\pc\data\sdf-A-0014.sdfdata",63977529,63977529,57778179,103
"58CC9F96A819A29FAAE7E1B553ABB23CBCE1D05C","dlc3\sdf\pc\data\sdf-A-0015.sdfdata",65562458,65562458,60090147,103
"58CC9F96A819A29FAAE7E1B553ABB23CBCE1D05C","dlc3\sdf\pc\data\sdf-A-0016.sdfdata",64394216,64394216,58580655,103
"58CC9F96A819A29FAAE7E1B553ABB23CBCE1D05C","dlc3\sdf\pc\data\sdf-A-0017.sdfdata",65826503,65826503,60115929,103
"58CC9F96A819A29FAAE7E1B553ABB23CBCE1D05C","dlc3\sdf\pc\data\sdf-A-0018.sdfdata",67074341,67074341,60772803,103
"58CC9F96A819A29FAAE7E1B553ABB23CBCE1D05C","dlc3\sdf\pc\data\sdf-A-0019.sdfdata",66657406,66657406,60213639,103
"58CC9F96A819A29FAAE7E1B553ABB23CBCE1D05C","dlc3\sdf\pc\data\sdf-A-0020.sdfdata",67053253,67053253,59602248,103
"58CC9F96A819A29FAAE7E1B553ABB23CBCE1D05C","dlc3\sdf\pc\data\sdf-A-0021.sdfdata",64931081,64931081,57731505,103
"58CC9F96A819A29FAAE7E1B553ABB23CBCE1D05C","dlc3\sdf\pc\data\sdf-A-0022.sdfdata",65949770,65949770,58968115,103
"58CC9F96A819A29FAAE7E1B553ABB23CBCE1D05C","dlc3\sdf\pc\data\sdf-A-0023.sdfdata",66273308,66273308,58246841,103
"58CC9F96A819A29FAAE7E1B553ABB23CBCE1D05C","dlc3\sdf\pc\data\sdf-A-0024.sdfdata",66769965,66769965,59484465,103
"58CC9F96A819A29FAAE7E1B553ABB23CBCE1D05C","dlc3\sdf\pc\data\sdf-A-0025.sdfdata",66980416,66980416,59353282,103
"58CC9F96A819A29FAAE7E1B553ABB23CBCE1D05C","dlc3\sdf\pc\data\sdf-A-0026.sdfdata",64832324,64832324,58937636,103
"58CC9F96A819A29FAAE7E1B553ABB23CBCE1D05C","dlc3\sdf\pc\data\sdf-A-0027.sdfdata",67039219,67039219,58269079,103
"58CC9F96A819A29FAAE7E1B553ABB23CBCE1D05C","dlc3\sdf\pc\data\sdf-A-0028.sdfdata",67523742,67523742,57991547,103
"58CC9F96A819A29FAAE7E1B553ABB23CBCE1D05C","dlc3\sdf\pc\data\sdf-A-0029.sdfdata",66503520,66503520,57703320,103
"58CC9F96A819A29FAAE7E1B553ABB23CBCE1D05C","dlc3\sdf\pc\data\sdf-A-0030.sdfdata",66756247,66756247,60192821,103
"58CC9F96A819A29FAAE7E1B553ABB23CBCE1D05C","dlc3\sdf\pc\data\sdf-A-0031.sdfdata",60550686,60550686,54264755,103
"58CC9F96A819A29FAAE7E1B553ABB23CBCE1D05C","dlc3\sdf\pc\data\sdf-A-0032.sdfdata",65548812,65548812,60308411,103
"58CC9F96A819A29FAAE7E1B553ABB23CBCE1D05C","dlc3\sdf\pc\data\sdf-A-0033.sdfdata",42830080,42830080,39252498,103
"58CC9F96A819A29FAAE7E1B553ABB23CBCE1D05C","dlc3\sdf\pc\data\sdf-A-0034.sdfdata",66944630,66944630,61986323,103
"58CC9F96A819A29FAAE7E1B553ABB23CBCE1D05C","dlc3\sdf\pc\data\sdf-A-0035.sdfdata",66792160,66792160,60185755,103
"58CC9F96A819A29FAAE7E1B553ABB23CBCE1D05C","dlc3\sdf\pc\data\sdf-A-0036.sdfdata",66694705,66694705,58931254,103
"58CC9F96A819A29FAAE7E1B553ABB23CBCE1D05C","dlc3\sdf\pc\data\sdf-A-0037.sdfdata",66999216,66999216,59365299,103
"58CC9F96A819A29FAAE7E1B553ABB23CBCE1D05C","dlc3\sdf\pc\data\sdf-A-0038.sdfdata",67025545,67025545,61295793,103
"58CC9F96A819A29FAAE7E1B553ABB23CBCE1D05C","dlc3\sdf\pc\data\sdf-A-0039.sdfdata",66986847,66986847,57907854,103
"58CC9F96A819A29FAAE7E1B553ABB23CBCE1D05C","dlc3\sdf\pc\data\sdf-A-0040.sdfdata",66849285,66849285,57519344,103
"58CC9F96A819A29FAAE7E1B553ABB23CBCE1D05C","dlc3\sdf\pc\data\sdf-A-0041.sdfdata",67102164,67102164,57974213,103
"58CC9F96A819A29FAAE7E1B553ABB23CBCE1D05C","dlc3\sdf\pc\data\sdf-A-0042.sdfdata",65575125,65575125,59475318,103
"58CC9F96A819A29FAAE7E1B553ABB23CBCE1D05C","dlc3\sdf\pc\data\sdf-A-0043.sdfdata",61035645,61035645,57821159,103
"58CC9F96A819A29FAAE7E1B553ABB23CBCE1D05C","dlc3\sdf\pc\data\sdf-A-0044.sdfdata",57349585,57349585,51365262,103
"58CC9F96A819A29FAAE7E1B553ABB23CBCE1D05C","dlc3\sdf\pc\data\sdf-A-0045.sdfdata",61545628,61545628,56005680,103
"58CC9F96A819A29FAAE7E1B553ABB23CBCE1D05C","dlc3\sdf\pc\data\sdf-A-0046.sdfdata",56555677,56555677,52364769,103
"58CC9F96A819A29FAAE7E1B553ABB23CBCE1D05C","dlc3\sdf\pc\data\sdf-A-0047.sdfdata",50209052,50209052,46727163,103
"58CC9F96A819A29FAAE7E1B553ABB23CBCE1D05C","dlc3\sdf\pc\data\sdf-A-0048.sdfdata",63886299,63886299,59143683,103
"58CC9F96A819A29FAAE7E1B553ABB23CBCE1D05C","dlc3\sdf\pc\data\sdf-A-0049.sdfdata",47602178,47602178,44066939,103
"58CC9F96A819A29FAAE7E1B553ABB23CBCE1D05C","dlc3\sdf\pc\data\sdf-A-0050.sdfdata",58619301,58619301,54250642,103
"58CC9F96A819A29FAAE7E1B553ABB23CBCE1D05C","dlc3\sdf\pc\data\sdf-A-0051.sdfdata",64834397,64834397,60664935,103
"58CC9F96A819A29FAAE7E1B553ABB23CBCE1D05C","dlc3\sdf\pc\data\sdf-A-0052.sdfdata",66327699,66327699,57417696,103
"58CC9F96A819A29FAAE7E1B553ABB23CBCE1D05C","dlc3\sdf\pc\data\sdf-A-0053.sdfdata",66297806,66297806,57823963,103
"58CC9F96A819A29FAAE7E1B553ABB23CBCE1D05C","dlc3\sdf\pc\data\sdf-A-0054.sdfdata",64953585,64953585,55898238,103
"58CC9F96A819A29FAAE7E1B553ABB23CBCE1D05C","dlc3\sdf\pc\data\sdf-A-0055.sdfdata",61699236,61699236,53506058,103
"58CC9F96A819A29FAAE7E1B553ABB23CBCE1D05C","dlc3\sdf\pc\data\sdf-A-0056.sdfdata",65376564,65376564,58896286,103
"58CC9F96A819A29FAAE7E1B553ABB23CBCE1D05C","dlc3\sdf\pc\data\sdf-A-0057.sdfdata",66147355,66147355,55171016,103
"58CC9F96A819A29FAAE7E1B553ABB23CBCE1D05C","dlc3\sdf\pc\data\sdf-A-0058.sdfdata",63848390,63848390,59036254,103
"58CC9F96A819A29FAAE7E1B553ABB23CBCE1D05C","dlc3\sdf\pc\data\sdf-A-0059.sdfdata",67078579,67078579,64360262,103
"58CC9F96A819A29FAAE7E1B553ABB23CBCE1D05C","dlc3\sdf\pc\data\sdf-A-0060.sdfdata",67092013,67092013,63752072,103
"58CC9F96A819A29FAAE7E1B553ABB23CBCE1D05C","dlc3\sdf\pc\data\sdf-A-0061.sdfdata",58478552,58478552,56832488,103
"58CC9F96A819A29FAAE7E1B553ABB23CBCE1D05C","dlc3\sdf\pc\data\sdf-A-0062.sdfdata",56656503,56656503,54615618,103
"58CC9F96A819A29FAAE7E1B553ABB23CBCE1D05C","dlc3\sdf\pc\data\sdf-A-0063.sdfdata",65183410,65183410,62492979,103
"58CC9F96A819A29FAAE7E1B553ABB23CBCE1D05C","dlc3\sdf\pc\data\sdf-A-0064.sdfdata",65033920,65033920,62340146,103
"58CC9F96A819A29FAAE7E1B553ABB23CBCE1D05C","dlc3\sdf\pc\data\sdf-A-0065.sdfdata",66323623,66323623,63660830,103
"58CC9F96A819A29FAAE7E1B553ABB23CBCE1D05C","dlc3\sdf\pc\data\sdf-A-0066.sdfdata",66501876,66501876,64029811,103
"58CC9F96A819A29FAAE7E1B553ABB23CBCE1D05C","dlc3\sdf\pc\data\sdf-A-0067.sdfdata",65074686,65074686,63013629,103
"58CC9F96A819A29FAAE7E1B553ABB23CBCE1D05C","dlc3\sdf\pc\data\sdf-A-0068.sdfdata",63796245,63796245,61036420,103
"58CC9F96A819A29FAAE7E1B553ABB23CBCE1D05C","dlc3\sdf\pc\data\sdf-A-0069.sdfdata",66934669,66934669,64543869,103
"58CC9F96A819A29FAAE7E1B553ABB23CBCE1D05C","dlc3\sdf\pc\data\sdf-A-0070.sdfdata",67048180,67048180,64550426,103
"58CC9F96A819A29FAAE7E1B553ABB23CBCE1D05C","dlc3\sdf\pc\data\sdf-A-0071.sdfdata",65735830,65735830,62519324,103
"58CC9F96A819A29FAAE7E1B553ABB23CBCE1D05C","dlc3\sdf\pc\data\sdf-A-0072.sdfdata",67057455,67057455,64356945,103
"58CC9F96A819A29FAAE7E1B553ABB23CBCE1D05C","dlc3\sdf\pc\data\sdf-A-0073.sdfdata",67047198,67047198,64106313,103
"58CC9F96A819A29FAAE7E1B553ABB23CBCE1D05C","dlc3\sdf\pc\data\sdf-A-0074.sdfdata",66898576,66898576,64171874,103
"58CC9F96A819A29FAAE7E1B553ABB23CBCE1D05C","dlc3\sdf\pc\data\sdf-A-0075.sdfdata",66323355,66323355,63573681,103
"58CC9F96A819A29FAAE7E1B553ABB23CBCE1D05C","dlc3\sdf\pc\data\sdf-A-0076.sdfdata",65891504,65891504,63239584,103
"58CC9F96A819A29FAAE7E1B553ABB23CBCE1D05C","dlc3\sdf\pc\data\sdf-A-0077.sdfdata",66477640,66477640,63321862,103
"58CC9F96A819A29FAAE7E1B553ABB23CBCE1D05C","dlc3\sdf\pc\data\sdf-A-0078.sdfdata",66376120,66376120,63509283,103
"58CC9F96A819A29FAAE7E1B553ABB23CBCE1D05C","dlc3\sdf\pc\data\sdf-A-0079.sdfdata",66980473,66980473,64229264,103
"58CC9F96A819A29FAAE7E1B553ABB23CBCE1D05C","dlc3\sdf\pc\data\sdf-A-0080.sdfdata",65340803,65340803,62837371,103
"58CC9F96A819A29FAAE7E1B553ABB23CBCE1D05C","dlc3\sdf\pc\data\sdf-A-0081.sdfdata",64810821,64810821,61477182,103
"58CC9F96A819A29FAAE7E1B553ABB23CBCE1D05C","dlc3\sdf\pc\data\sdf-A-0082.sdfdata",66944815,66944815,63820678,103
"58CC9F96A819A29FAAE7E1B553ABB23CBCE1D05C","dlc3\sdf\pc\data\sdf-A-0083.sdfdata",66998846,66998846,64532436,103
"58CC9F96A819A29FAAE7E1B553ABB23CBCE1D05C","dlc3\sdf\pc\data\sdf-A-0084.sdfdata",66734600,66734600,63425267,103
"58CC9F96A819A29FAAE7E1B553ABB23CBCE1D05C","dlc3\sdf\pc\data\sdf-A-0085.sdfdata",60400847,60400847,57099516,103
"58CC9F96A819A29FAAE7E1B553ABB23CBCE1D05C","dlc3\sdf\pc\data\sdf-A-0086.sdfdata",64068356,64068356,61415047,103
"58CC9F96A819A29FAAE7E1B553ABB23CBCE1D05C","dlc3\sdf\pc\data\sdf-A-0087.sdfdata",66704842,66704842,64254021,103
"58CC9F96A819A29FAAE7E1B553ABB23CBCE1D05C","dlc3\sdf\pc\data\sdf-A-0088.sdfdata",66908103,66908103,64446992,103
"58CC9F96A819A29FAAE7E1B553ABB23CBCE1D05C","dlc3\sdf\pc\data\sdf-A-0089.sdfdata",42258213,42258213,40292932,103
"58CC9F96A819A29FAAE7E1B553ABB23CBCE1D05C","dlc3\sdf\pc\data\sdf-A-0090.sdfdata",32161034,32161034,28872987,103
"58CC9F96A819A29FAAE7E1B553ABB23CBCE1D05C","dlc3\sdf\pc\data\sdf-A-0091.sdfdata",34096492,34096492,30317961,103
"58CC9F96A819A29FAAE7E1B553ABB23CBCE1D05C","dlc3\sdf\pc\data\sdf-A-0092.sdfdata",33031911,33031911,28670408,103
"58CC9F96A819A29FAAE7E1B553ABB23CBCE1D05C","dlc3\sdf\pc\data\sdf-A-0093.sdfdata",33708612,33708612,30291337,103
"58CC9F96A819A29FAAE7E1B553ABB23CBCE1D05C","dlc3\sdf\pc\data\sdf-A-0094.sdfdata",44647399,44647399,40404008,103
"58CC9F96A819A29FAAE7E1B553ABB23CBCE1D05C","dlc3\sdf\pc\data\sdf-A-0095.sdfdata",22548959,22548959,21460576,103
"58CC9F96A819A29FAAE7E1B553ABB23CBCE1D05C","dlc3\sdf\pc\data\sdf-A-0096.sdfdata",44580966,44580966,43154017,103
"58CC9F96A819A29FAAE7E1B553ABB23CBCE1D05C","dlc3\sdf\pc\data\sdf-A-0097.sdfdata",41128069,41128069,37317990,103
"58CC9F96A819A29FAAE7E1B553ABB23CBCE1D05C","dlc3\sdf\pc\data\sdf-A-0098.sdfdata",17138341,17138341,15361369,103
"58CC9F96A819A29FAAE7E1B553ABB23CBCE1D05C","dlc3\sdf\pc\data\sdf-A-0099.sdfdata",32344624,32344624,29119947,103
"58CC9F96A819A29FAAE7E1B553ABB23CBCE1D05C","dlc3\sdf\pc\data\sdf-A-0100.sdfdata",15427360,15427360,13733374,103
"58CC9F96A819A29FAAE7E1B553ABB23CBCE1D05C","dlc3\sdf\pc\data\sdf-A-0101.sdfdata",41283588,41283588,37349458,103
"58CC9F96A819A29FAAE7E1B553ABB23CBCE1D05C","dlc3\sdf\pc\data\sdf-A-0102.sdfdata",9336889,9336889,8124644,103
"58CC9F96A819A29FAAE7E1B553ABB23CBCE1D05C","dlc3\sdf\pc\data\sdf-A-0103.sdfdata",652914,652914,646455,103
"58CC9F96A819A29FAAE7E1B553ABB23CBCE1D05C","dlc3\sdf\pc\data\sdf-B-1000.sdfdata",67760221,67760221,32054305,103
"58CC9F96A819A29FAAE7E1B553ABB23CBCE1D05C","dlc3\sdf\pc\data\sdf-B-1001.sdfdata",67120644,67120644,37559447,103
"58CC9F96A819A29FAAE7E1B553ABB23CBCE1D05C","dlc3\sdf\pc\data\sdf-B-1002.sdfdata",66988847,66988847,30325333,103
"58CC9F96A819A29FAAE7E1B553ABB23CBCE1D05C","dlc3\sdf\pc\data\sdf-B-1003.sdfdata",67324949,67324949,45718655,103
"58CC9F96A819A29FAAE7E1B553ABB23CBCE1D05C","dlc3\sdf\pc\data\sdf-B-1004.sdfdata",65144607,65144607,58507219,103
"58CC9F96A819A29FAAE7E1B553ABB23CBCE1D05C","dlc3\sdf\pc\data\sdf-B-1005.sdfdata",67283129,67283129,61785063,103
"58CC9F96A819A29FAAE7E1B553ABB23CBCE1D05C","dlc3\sdf\pc\data\sdf-B-1006.sdfdata",67798386,67798386,63177352,103
"58CC9F96A819A29FAAE7E1B553ABB23CBCE1D05C","dlc3\sdf\pc\data\sdf-B-1007.sdfdata",67104099,67104099,61161673,103
"58CC9F96A819A29FAAE7E1B553ABB23CBCE1D05C","dlc3\sdf\pc\data\sdf-B-1008.sdfdata",67095085,67095085,60912724,103
"58CC9F96A819A29FAAE7E1B553ABB23CBCE1D05C","dlc3\sdf\pc\data\sdf-B-1009.sdfdata",67097135,67097135,55923738,103
"58CC9F96A819A29FAAE7E1B553ABB23CBCE1D05C","dlc3\sdf\pc\data\sdf-B-1010.sdfdata",67103718,67103718,57976976,103
"58CC9F96A819A29FAAE7E1B553ABB23CBCE1D05C","dlc3\sdf\pc\data\sdf-B-1011.sdfdata",67074047,67074047,60164359,103
"58CC9F96A819A29FAAE7E1B553ABB23CBCE1D05C","dlc3\sdf\pc\data\sdf-B-1012.sdfdata",67101229,67101229,62181578,103
"58CC9F96A819A29FAAE7E1B553ABB23CBCE1D05C","dlc3\sdf\pc\data\sdf-B-1013.sdfdata",67012216,67012216,61818569,103
"58CC9F96A819A29FAAE7E1B553ABB23CBCE1D05C","dlc3\sdf\pc\data\sdf-B-1014.sdfdata",67086880,67086880,53622940,103
"58CC9F96A819A29FAAE7E1B553ABB23CBCE1D05C","dlc3\sdf\pc\data\sdf-B-1015.sdfdata",67084397,67084397,52587833,103
"58CC9F96A819A29FAAE7E1B553ABB23CBCE1D05C","dlc3\sdf\pc\data\sdf-B-1016.sdfdata",66950226,66950226,51564298,103
"58CC9F96A819A29FAAE7E1B553ABB23CBCE1D05C","dlc3\sdf\pc\data\sdf-B-1017.sdfdata",67103011,67103011,55774052,103
"58CC9F96A819A29FAAE7E1B553ABB23CBCE1D05C","dlc3\sdf\pc\data\sdf-B-1018.sdfdata",67081964,67081964,56841918,103
"58CC9F96A819A29FAAE7E1B553ABB23CBCE1D05C","dlc3\sdf\pc\data\sdf-B-1019.sdfdata",67106555,67106555,57272617,103
"58CC9F96A819A29FAAE7E1B553ABB23CBCE1D05C","dlc3\sdf\pc\data\sdf-B-1020.sdfdata",67075315,67075315,58774549,103
"58CC9F96A819A29FAAE7E1B553ABB23CBCE1D05C","dlc3\sdf\pc\data\sdf-B-1021.sdfdata",66927143,66927143,60430900,103
"58CC9F96A819A29FAAE7E1B553ABB23CBCE1D05C","dlc3\sdf\pc\data\sdf-B-1022.sdfdata",66636064,66636064,61919588,103
"58CC9F96A819A29FAAE7E1B553ABB23CBCE1D05C","dlc3\sdf\pc\data\sdf-B-1023.sdfdata",67029115,67029115,56736022,103
"58CC9F96A819A29FAAE7E1B553ABB23CBCE1D05C","dlc3\sdf\pc\data\sdf-B-1024.sdfdata",67085162,67085162,48314183,103
"58CC9F96A819A29FAAE7E1B553ABB23CBCE1D05C","dlc3\sdf\pc\data\sdf-B-1025.sdfdata",66214373,66214373,57612961,103
"58CC9F96A819A29FAAE7E1B553ABB23CBCE1D05C","dlc3\sdf\pc\data\sdf-B-1026.sdfdata",67019339,67019339,60651642,103
"58CC9F96A819A29FAAE7E1B553ABB23CBCE1D05C","dlc3\sdf\pc\data\sdf-B-1027.sdfdata",66076801,66076801,62820723,103
"58CC9F96A819A29FAAE7E1B553ABB23CBCE1D05C","dlc3\sdf\pc\data\sdf-B-1028.sdfdata",67061071,67061071,60497975,103
"58CC9F96A819A29FAAE7E1B553ABB23CBCE1D05C","dlc3\sdf\pc\data\sdf-B-1029.sdfdata",67102512,67102512,58098836,103
"58CC9F96A819A29FAAE7E1B553ABB23CBCE1D05C","dlc3\sdf\pc\data\sdf-B-1030.sdfdata",67061986,67061986,57001926,103
"58CC9F96A819A29FAAE7E1B553ABB23CBCE1D05C","dlc3\sdf\pc\data\sdf-B-1031.sdfdata",67082120,67082120,61660252,103
"58CC9F96A819A29FAAE7E1B553ABB23CBCE1D05C","dlc3\sdf\pc\data\sdf-B-1032.sdfdata",67085697,67085697,61313522,103
"58CC9F96A819A29FAAE7E1B553ABB23CBCE1D05C","dlc3\sdf\pc\data\sdf-B-1033.sdfdata",67101489,67101489,61381285,103
"58CC9F96A819A29FAAE7E1B553ABB23CBCE1D05C","dlc3\sdf\pc\data\sdf-B-1034.sdfdata",67098069,67098069,60693699,103
"58CC9F96A819A29FAAE7E1B553ABB23CBCE1D05C","dlc3\sdf\pc\data\sdf-B-1035.sdfdata",67086950,67086950,60869903,103
"58CC9F96A819A29FAAE7E1B553ABB23CBCE1D05C","dlc3\sdf\pc\data\sdf-B-1036.sdfdata",67058266,67058266,60424094,103
"58CC9F96A819A29FAAE7E1B553ABB23CBCE1D05C","dlc3\sdf\pc\data\sdf-B-1037.sdfdata",67083345,67083345,61769475,103
"58CC9F96A819A29FAAE7E1B553ABB23CBCE1D05C","dlc3\sdf\pc\data\sdf-B-1038.sdfdata",67105951,67105951,62555658,103
"58CC9F96A819A29FAAE7E1B553ABB23CBCE1D05C","dlc3\sdf\pc\data\sdf-B-1039.sdfdata",67089365,67089365,61498563,103
"58CC9F96A819A29FAAE7E1B553ABB23CBCE1D05C","dlc3\sdf\pc\data\sdf-B-1040.sdfdata",67086400,67086400,61151227,103
"58CC9F96A819A29FAAE7E1B553ABB23CBCE1D05C","dlc3\sdf\pc\data\sdf-B-1041.sdfdata",67107044,67107044,62033828,103
"58CC9F96A819A29FAAE7E1B553ABB23CBCE1D05C","dlc3\sdf\pc\data\sdf-B-1042.sdfdata",67096964,67096964,62589819,103
"58CC9F96A819A29FAAE7E1B553ABB23CBCE1D05C","dlc3\sdf\pc\data\sdf-B-1043.sdfdata",67094411,67094411,62624771,103
"58CC9F96A819A29FAAE7E1B553ABB23CBCE1D05C","dlc3\sdf\pc\data\sdf-B-1044.sdfdata",67095958,67095958,63331861,103
"58CC9F96A819A29FAAE7E1B553ABB23CBCE1D05C","dlc3\sdf\pc\data\sdf-B-1045.sdfdata",67072694,67072694,64508858,103
"58CC9F96A819A29FAAE7E1B553ABB23CBCE1D05C","dlc3\sdf\pc\data\sdf-B-1046.sdfdata",67095211,67095211,64401830,103
"58CC9F96A819A29FAAE7E1B553ABB23CBCE1D05C","dlc3\sdf\pc\data\sdf-B-1047.sdfdata",67098344,67098344,64369153,103
"58CC9F96A819A29FAAE7E1B553ABB23CBCE1D05C","dlc3\sdf\pc\data\sdf-B-1048.sdfdata",67839369,67839369,48621833,103
"58CC9F96A819A29FAAE7E1B553ABB23CBCE1D05C","dlc3\sdf\pc\data\sdf-B-1049.sdfdata",71272587,71272587,66612568,103
"58CC9F96A819A29FAAE7E1B553ABB23CBCE1D05C","dlc3\sdf\pc\data\sdf-B-1050.sdfdata",71936643,71936643,67276438,103
"58CC9F96A819A29FAAE7E1B553ABB23CBCE1D05C","dlc3\sdf\pc\data\sdf-B-1051.sdfdata",72092852,72092852,67382965,103
"58CC9F96A819A29FAAE7E1B553ABB23CBCE1D05C","dlc3\sdf\pc\data\sdf-B-1052.sdfdata",72080894,72080894,67392670,103
"58CC9F96A819A29FAAE7E1B553ABB23CBCE1D05C","dlc3\sdf\pc\data\sdf-B-1053.sdfdata",72239379,72239379,67553906,103
"58CC9F96A819A29FAAE7E1B553ABB23CBCE1D05C","dlc3\sdf\pc\data\sdf-B-1054.sdfdata",73220743,73220743,68491987,103
"58CC9F96A819A29FAAE7E1B553ABB23CBCE1D05C","dlc3\sdf\pc\data\sdf-B-1055.sdfdata",72622453,72622453,67889829,103
"58CC9F96A819A29FAAE7E1B553ABB23CBCE1D05C","dlc3\sdf\pc\data\sdf-B-1056.sdfdata",72136816,72136816,67360045,103
"58CC9F96A819A29FAAE7E1B553ABB23CBCE1D05C","dlc3\sdf\pc\data\sdf-B-1057.sdfdata",71716853,71716853,67052382,103
"58CC9F96A819A29FAAE7E1B553ABB23CBCE1D05C","dlc3\sdf\pc\data\sdf-B-1058.sdfdata",72107547,72107547,67437442,103
"58CC9F96A819A29FAAE7E1B553ABB23CBCE1D05C","dlc3\sdf\pc\data\sdf-B-1059.sdfdata",72279144,72279144,67604518,103
"58CC9F96A819A29FAAE7E1B553ABB23CBCE1D05C","dlc3\sdf\pc\data\sdf-B-1060.sdfdata",71171701,71171701,66495545,103
"58CC9F96A819A29FAAE7E1B553ABB23CBCE1D05C","dlc3\sdf\pc\data\sdf-B-1061.sdfdata",72073316,72073316,67389401,103
"58CC9F96A819A29FAAE7E1B553ABB23CBCE1D05C","dlc3\sdf\pc\data\sdf-B-1062.sdfdata",71756293,71756293,67133706,103
"58CC9F96A819A29FAAE7E1B553ABB23CBCE1D05C","dlc3\sdf\pc\data\sdf-B-1063.sdfdata",72207363,72207363,67457576,103
"58CC9F96A819A29FAAE7E1B553ABB23CBCE1D05C","dlc3\sdf\pc\data\sdf-B-1064.sdfdata",71655566,71655566,66955176,103
"58CC9F96A819A29FAAE7E1B553ABB23CBCE1D05C","dlc3\sdf\pc\data\sdf-B-1065.sdfdata",71339500,71339500,66712738,103
"58CC9F96A819A29FAAE7E1B553ABB23CBCE1D05C","dlc3\sdf\pc\data\sdf-B-1066.sdfdata",72929368,72929368,68230700,103
"58CC9F96A819A29FAAE7E1B553ABB23CBCE1D05C","dlc3\sdf\pc\data\sdf-B-1067.sdfdata",72247931,72247931,67627100,103
"58CC9F96A819A29FAAE7E1B553ABB23CBCE1D05C","dlc3\sdf\pc\data\sdf-B-1068.sdfdata",72495083,72495083,67673792,103
"58CC9F96A819A29FAAE7E1B553ABB23CBCE1D05C","dlc3\sdf\pc\data\sdf-B-1069.sdfdata",71276252,71276252,66606211,103
"58CC9F96A819A29FAAE7E1B553ABB23CBCE1D05C","dlc3\sdf\pc\data\sdf-B-1070.sdfdata",72181365,72181365,67437804,103
"58CC9F96A819A29FAAE7E1B553ABB23CBCE1D05C","dlc3\sdf\pc\data\sdf-B-1071.sdfdata",72118647,72118647,67396217,103
"58CC9F96A819A29FAAE7E1B553ABB23CBCE1D05C","dlc3\sdf\pc\data\sdf-B-1072.sdfdata",72736697,72736697,68020447,103
"58CC9F96A819A29FAAE7E1B553ABB23CBCE1D05C","dlc3\sdf\pc\data\sdf-B-1073.sdfdata",72836579,72836579,68174967,103
"58CC9F96A819A29FAAE7E1B553ABB23CBCE1D05C","dlc3\sdf\pc\data\sdf-B-1074.sdfdata",71720196,71720196,67015604,103
"58CC9F96A819A29FAAE7E1B553ABB23CBCE1D05C","dlc3\sdf\pc\data\sdf-B-1075.sdfdata",70677013,70677013,66018229,103
"58CC9F96A819A29FAAE7E1B553ABB23CBCE1D05C","dlc3\sdf\pc\data\sdf-B-1076.sdfdata",71123014,71123014,66485056,103
"58CC9F96A819A29FAAE7E1B553ABB23CBCE1D05C","dlc3\sdf\pc\data\sdf-B-1077.sdfdata",72069378,72069378,67313801,103
"58CC9F96A819A29FAAE7E1B553ABB23CBCE1D05C","dlc3\sdf\pc\data\sdf-B-1078.sdfdata",72579483,72579483,67835365,103
"58CC9F96A819A29FAAE7E1B553ABB23CBCE1D05C","dlc3\sdf\pc\data\sdf-B-1079.sdfdata",72617162,72617162,67986268,103
"58CC9F96A819A29FAAE7E1B553ABB23CBCE1D05C","dlc3\sdf\pc\data\sdf-B-1080.sdfdata",71315746,71315746,66642929,103
"58CC9F96A819A29FAAE7E1B553ABB23CBCE1D05C","dlc3\sdf\pc\data\sdf-B-1081.sdfdata",72163617,72163617,67521279,103
"58CC9F96A819A29FAAE7E1B553ABB23CBCE1D05C","dlc3\sdf\pc\data\sdf-B-1082.sdfdata",71735590,71735590,67031632,103
"58CC9F96A819A29FAAE7E1B553ABB23CBCE1D05C","dlc3\sdf\pc\data\sdf-B-1083.sdfdata",71005878,71005878,66328594,103
"58CC9F96A819A29FAAE7E1B553ABB23CBCE1D05C","dlc3\sdf\pc\data\sdf-B-1084.sdfdata",72363434,72363434,67582391,103
"58CC9F96A819A29FAAE7E1B553ABB23CBCE1D05C","dlc3\sdf\pc\data\sdf-B-1085.sdfdata",72631121,72631121,67823664,103
"58CC9F96A819A29FAAE7E1B553ABB23CBCE1D05C","dlc3\sdf\pc\data\sdf-B-1086.sdfdata",71817351,71817351,67199115,103
"58CC9F96A819A29FAAE7E1B553ABB23CBCE1D05C","dlc3\sdf\pc\data\sdf-B-1087.sdfdata",71790080,71790080,67121568,103
"58CC9F96A819A29FAAE7E1B553ABB23CBCE1D05C","dlc3\sdf\pc\data\sdf-B-1088.sdfdata",71465630,71465630,66844624,103
"58CC9F96A819A29FAAE7E1B553ABB23CBCE1D05C","dlc3\sdf\pc\data\sdf-B-1089.sdfdata",70908241,70908241,66226582,103
"58CC9F96A819A29FAAE7E1B553ABB23CBCE1D05C","dlc3\sdf\pc\data\sdf-B-1090.sdfdata",72145176,72145176,67446778,103
"58CC9F96A819A29FAAE7E1B553ABB23CBCE1D05C","dlc3\sdf\pc\data\sdf-B-1091.sdfdata",71937101,71937101,67208065,103
"58CC9F96A819A29FAAE7E1B553ABB23CBCE1D05C","dlc3\sdf\pc\data\sdf-B-1092.sdfdata",72687189,72687189,67905752,103
"58CC9F96A819A29FAAE7E1B553ABB23CBCE1D05C","dlc3\sdf\pc\data\sdf-B-1093.sdfdata",71095837,71095837,66405185,103
"58CC9F96A819A29FAAE7E1B553ABB23CBCE1D05C","dlc3\sdf\pc\data\sdf-B-1094.sdfdata",71505773,71505773,66827690,103
"58CC9F96A819A29FAAE7E1B553ABB23CBCE1D05C","dlc3\sdf\pc\data\sdf-B-1095.sdfdata",72225070,72225070,67545306,103
"58CC9F96A819A29FAAE7E1B553ABB23CBCE1D05C","dlc3\sdf\pc\data\sdf-B-1096.sdfdata",67094030,67094030,56008042,103
"58CC9F96A819A29FAAE7E1B553ABB23CBCE1D05C","dlc3\sdf\pc\data\sdf-B-1097.sdfdata",67107451,67107451,52968922,103
"58CC9F96A819A29FAAE7E1B553ABB23CBCE1D05C","dlc3\sdf\pc\data\sdf-B-1098.sdfdata",67103723,67103723,49335616,103
"58CC9F96A819A29FAAE7E1B553ABB23CBCE1D05C","dlc3\sdf\pc\data\sdf-B-1099.sdfdata",67097478,67097478,55963934,103
"58CC9F96A819A29FAAE7E1B553ABB23CBCE1D05C","dlc3\sdf\pc\data\sdf-B-1100.sdfdata",66956956,66956956,58887305,103
"58CC9F96A819A29FAAE7E1B553ABB23CBCE1D05C","dlc3\sdf\pc\data\sdf-B-1101.sdfdata",67106762,67106762,58165469,103
"58CC9F96A819A29FAAE7E1B553ABB23CBCE1D05C","dlc3\sdf\pc\data\sdf-B-1102.sdfdata",67099075,67099075,59439704,103
"58CC9F96A819A29FAAE7E1B553ABB23CBCE1D05C","dlc3\sdf\pc\data\sdf-B-1103.sdfdata",66985486,66985486,57547014,103
"58CC9F96A819A29FAAE7E1B553ABB23CBCE1D05C","dlc3\sdf\pc\data\sdf-B-1104.sdfdata",66670442,66670442,65552167,103
"58CC9F96A819A29FAAE7E1B553ABB23CBCE1D05C","dlc3\sdf\pc\data\sdf-B-1105.sdfdata",66601037,66601037,66047205,103
"58CC9F96A819A29FAAE7E1B553ABB23CBCE1D05C","dlc3\sdf\pc\data\sdf-B-1106.sdfdata",67089119,67089119,63552607,103
"58CC9F96A819A29FAAE7E1B553ABB23CBCE1D05C","dlc3\sdf\pc\data\sdf-B-1107.sdfdata",66906633,66906633,65261280,103
"58CC9F96A819A29FAAE7E1B553ABB23CBCE1D05C","dlc3\sdf\pc\data\sdf-B-1108.sdfdata",66996404,66996404,66960393,103
"58CC9F96A819A29FAAE7E1B553ABB23CBCE1D05C","dlc3\sdf\pc\data\sdf-B-1109.sdfdata",67071659,67071659,62445980,103
"58CC9F96A819A29FAAE7E1B553ABB23CBCE1D05C","dlc3\sdf\pc\data\sdf-B-1110.sdfdata",60197619,60197619,53467053,103
"58CC9F96A819A29FAAE7E1B553ABB23CBCE1D05C","dlc3\sdf\pc\data\sdf-B-1111.sdfdata",65549742,65549742,57221421,103
"58CC9F96A819A29FAAE7E1B553ABB23CBCE1D05C","dlc3\sdf\pc\data\sdf-B-1112.sdfdata",67071309,67071309,61187922,103
"58CC9F96A819A29FAAE7E1B553ABB23CBCE1D05C","dlc3\sdf\pc\data\sdf-B-1113.sdfdata",67073871,67073871,62817245,103
"58CC9F96A819A29FAAE7E1B553ABB23CBCE1D05C","dlc3\sdf\pc\data\sdf-B-1114.sdfdata",67125615,67125615,63425403,103
"58CC9F96A819A29FAAE7E1B553ABB23CBCE1D05C","dlc3\sdf\pc\data\sdf-B-1115.sdfdata",67118129,67118129,62743858,103
"58CC9F96A819A29FAAE7E1B553ABB23CBCE1D05C","dlc3\sdf\pc\data\sdf-B-1116.sdfdata",67145546,67145546,62670433,103
"58CC9F96A819A29FAAE7E1B553ABB23CBCE1D05C","dlc3\sdf\pc\data\sdf-B-1117.sdfdata",67083174,67083174,62660993,103
"58CC9F96A819A29FAAE7E1B553ABB23CBCE1D05C","dlc3\sdf\pc\data\sdf-B-1118.sdfdata",67099766,67099766,62719331,103
"58CC9F96A819A29FAAE7E1B553ABB23CBCE1D05C","dlc3\sdf\pc\data\sdf-B-1119.sdfdata",67102231,67102231,62712234,103
"58CC9F96A819A29FAAE7E1B553ABB23CBCE1D05C","dlc3\sdf\pc\data\sdf-B-1120.sdfdata",66228905,66228905,59206403,103
"58CC9F96A819A29FAAE7E1B553ABB23CBCE1D05C","dlc3\sdf\pc\data\sdf-B-1121.sdfdata",1017331104,1017331104,1009479357,103
"58CC9F96A819A29FAAE7E1B553ABB23CBCE1D05C","dlc3\sdf\pc\data\sdf-B-1122.sdfdata",67036885,67036885,61151020,103
"58CC9F96A819A29FAAE7E1B553ABB23CBCE1D05C","dlc3\sdf\pc\data\sdf-B-1123.sdfdata",63673898,63673898,56834552,103
"58CC9F96A819A29FAAE7E1B553ABB23CBCE1D05C","dlc3\sdf\pc\data\sdf-B-1124.sdfdata",66810584,66810584,54774011,103
"58CC9F96A819A29FAAE7E1B553ABB23CBCE1D05C","dlc3\sdf\pc\data\sdf-B-1125.sdfdata",63377660,63377660,54519012,103
"58CC9F96A819A29FAAE7E1B553ABB23CBCE1D05C","dlc3\sdf\pc\data\sdf-B-1126.sdfdata",65422420,65422420,58022189,103
"58CC9F96A819A29FAAE7E1B553ABB23CBCE1D05C","dlc3\sdf\pc\data\sdf-B-1127.sdfdata",66388124,66388124,59278765,103
"58CC9F96A819A29FAAE7E1B553ABB23CBCE1D05C","dlc3\sdf\pc\data\sdf-B-1128.sdfdata",64334384,64334384,59097955,103
"58CC9F96A819A29FAAE7E1B553ABB23CBCE1D05C","dlc3\sdf\pc\data\sdf-B-1129.sdfdata",58992940,58992940,53473583,103
"58CC9F96A819A29FAAE7E1B553ABB23CBCE1D05C","dlc3\sdf\pc\data\sdf-B-1130.sdfdata",57974309,57974309,55721090,103
"58CC9F96A819A29FAAE7E1B553ABB23CBCE1D05C","dlc3\sdf\pc\data\sdf-B-1131.sdfdata",62714418,62714418,55709265,103
"58CC9F96A819A29FAAE7E1B553ABB23CBCE1D05C","dlc3\sdf\pc\data\sdf-B-1132.sdfdata",65251048,65251048,56092886,103
"58CC9F96A819A29FAAE7E1B553ABB23CBCE1D05C","dlc3\sdf\pc\data\sdf-B-1133.sdfdata",66234530,66234530,57118779,103
"58CC9F96A819A29FAAE7E1B553ABB23CBCE1D05C","dlc3\sdf\pc\data\sdf-B-1134.sdfdata",65714966,65714966,55882120,103
"58CC9F96A819A29FAAE7E1B553ABB23CBCE1D05C","dlc3\sdf\pc\data\sdf-B-1135.sdfdata",61712570,61712570,55763752,103
"58CC9F96A819A29FAAE7E1B553ABB23CBCE1D05C","dlc3\sdf\pc\data\sdf-B-1136.sdfdata",65510578,65510578,59641589,103
"58CC9F96A819A29FAAE7E1B553ABB23CBCE1D05C","dlc3\sdf\pc\data\sdf-B-1137.sdfdata",66552840,66552840,59113528,103
"58CC9F96A819A29FAAE7E1B553ABB23CBCE1D05C","dlc3\sdf\pc\data\sdf-B-1138.sdfdata",60336595,60336595,53332031,103
"58CC9F96A819A29FAAE7E1B553ABB23CBCE1D05C","dlc3\sdf\pc\data\sdf-B-1139.sdfdata",67028560,67028560,60454303,103
"58CC9F96A819A29FAAE7E1B553ABB23CBCE1D05C","dlc3\sdf\pc\data\sdf-B-1140.sdfdata",67014018,67014018,57775507,103
"58CC9F96A819A29FAAE7E1B553ABB23CBCE1D05C","dlc3\sdf\pc\data\sdf-B-1141.sdfdata",62381700,62381700,58690664,103
"58CC9F96A819A29FAAE7E1B553ABB23CBCE1D05C","dlc3\sdf\pc\data\sdf-B-1142.sdfdata",64316466,64316466,60945800,103
"58CC9F96A819A29FAAE7E1B553ABB23CBCE1D05C","dlc3\sdf\pc\data\sdf-B-1143.sdfdata",63800055,63800055,57199991,103
"58CC9F96A819A29FAAE7E1B553ABB23CBCE1D05C","dlc3\sdf\pc\data\sdf-B-1144.sdfdata",66666498,66666498,59382556,103
"58CC9F96A819A29FAAE7E1B553ABB23CBCE1D05C","dlc3\sdf\pc\data\sdf-B-1145.sdfdata",60901701,60901701,52230287,103
"58CC9F96A819A29FAAE7E1B553ABB23CBCE1D05C","dlc3\sdf\pc\data\sdf-B-1146.sdfdata",62257488,62257488,55377904,103
"58CC9F96A819A29FAAE7E1B553ABB23CBCE1D05C","dlc3\sdf\pc\data\sdf-B-1147.sdfdata",65667298,65667298,57706318,103
"58CC9F96A819A29FAAE7E1B553ABB23CBCE1D05C","dlc3\sdf\pc\data\sdf-B-1148.sdfdata",65666271,65666271,58574584,103
"58CC9F96A819A29FAAE7E1B553ABB23CBCE1D05C","dlc3\sdf\pc\data\sdf-B-1149.sdfdata",67100213,67100213,60737381,103
"58CC9F96A819A29FAAE7E1B553ABB23CBCE1D05C","dlc3\sdf\pc\data\sdf-B-1150.sdfdata",65673261,65673261,60169411,103
"58CC9F96A819A29FAAE7E1B553ABB23CBCE1D05C","dlc3\sdf\pc\data\sdf-B-1151.sdfdata",61049778,61049778,57781650,103
"58CC9F96A819A29FAAE7E1B553ABB23CBCE1D05C","dlc3\sdf\pc\data\sdf-B-1152.sdfdata",66589844,66589844,63121419,103
"58CC9F96A819A29FAAE7E1B553ABB23CBCE1D05C","dlc3\sdf\pc\data\sdf-B-1153.sdfdata",62802217,62802217,59230429,103
"58CC9F96A819A29FAAE7E1B553ABB23CBCE1D05C","dlc3\sdf\pc\data\sdf-B-1154.sdfdata",60957089,60957089,57073878,103
"58CC9F96A819A29FAAE7E1B553ABB23CBCE1D05C","dlc3\sdf\pc\data\sdf-B-1155.sdfdata",66641854,66641854,62030038,103
"58CC9F96A819A29FAAE7E1B553ABB23CBCE1D05C","dlc3\sdf\pc\data\sdf-B-1156.sdfdata",65614627,65614627,61765857,103
"58CC9F96A819A29FAAE7E1B553ABB23CBCE1D05C","dlc3\sdf\pc\data\sdf-B-1157.sdfdata",65239153,65239153,59020702,103
"58CC9F96A819A29FAAE7E1B553ABB23CBCE1D05C","dlc3\sdf\pc\data\sdf-B-1158.sdfdata",59806301,59806301,56554869,103
"58CC9F96A819A29FAAE7E1B553ABB23CBCE1D05C","dlc3\sdf\pc\data\sdf-B-1159.sdfdata",59609772,59609772,56988722,103
"58CC9F96A819A29FAAE7E1B553ABB23CBCE1D05C","dlc3\sdf\pc\data\sdf-B-1160.sdfdata",57014834,57014834,54319283,103
"58CC9F96A819A29FAAE7E1B553ABB23CBCE1D05C","dlc3\sdf\pc\data\sdf-B-1161.sdfdata",64544565,64544565,60386998,103
"58CC9F96A819A29FAAE7E1B553ABB23CBCE1D05C","dlc3\sdf\pc\data\sdf-B-1162.sdfdata",60459538,60459538,55781170,103
"58CC9F96A819A29FAAE7E1B553ABB23CBCE1D05C","dlc3\sdf\pc\data\sdf-B-1163.sdfdata",61875915,61875915,57426377,103
"58CC9F96A819A29FAAE7E1B553ABB23CBCE1D05C","dlc3\sdf\pc\data\sdf-B-1164.sdfdata",65259848,65259848,61841438,103
"58CC9F96A819A29FAAE7E1B553ABB23CBCE1D05C","dlc3\sdf\pc\data\sdf-B-1165.sdfdata",67009892,67009892,60142506,103
"58CC9F96A819A29FAAE7E1B553ABB23CBCE1D05C","dlc3\sdf\pc\data\sdf-B-1166.sdfdata",27567739,27567739,25812331,103
"58CC9F96A819A29FAAE7E1B553ABB23CBCE1D05C","dlc3\sdf\pc\data\sdf-B-1167.sdfdata",109528276,109528276,99701640,103
"58CC9F96A819A29FAAE7E1B553ABB23CBCE1D05C","dlc3\sdf\pc\data\sdf-B-1168.sdfdata",64330099,64330099,61019240,103
"58CC9F96A819A29FAAE7E1B553ABB23CBCE1D05C","dlc3\sdf\pc\data\sdf-B-1169.sdfdata",66411661,66411661,63144680,103
"58CC9F96A819A29FAAE7E1B553ABB23CBCE1D05C","dlc3\sdf\pc\data\sdf-B-1170.sdfdata",66839749,66839749,64021947,103
"58CC9F96A819A29FAAE7E1B553ABB23CBCE1D05C","dlc3\sdf\pc\data\sdf-B-1171.sdfdata",66587841,66587841,63130635,103
"58CC9F96A819A29FAAE7E1B553ABB23CBCE1D05C","dlc3\sdf\pc\data\sdf-B-1172.sdfdata",66240945,66240945,63145818,103
"58CC9F96A819A29FAAE7E1B553ABB23CBCE1D05C","dlc3\sdf\pc\data\sdf-B-1173.sdfdata",66133654,66133654,63696488,103
"58CC9F96A819A29FAAE7E1B553ABB23CBCE1D05C","dlc3\sdf\pc\data\sdf-B-1174.sdfdata",63880003,63880003,61288796,103
"58CC9F96A819A29FAAE7E1B553ABB23CBCE1D05C","dlc3\sdf\pc\data\sdf-B-1175.sdfdata",66710029,66710029,63648798,103
"58CC9F96A819A29FAAE7E1B553ABB23CBCE1D05C","dlc3\sdf\pc\data\sdf-B-1176.sdfdata",65325912,65325912,62090232,103
"58CC9F96A819A29FAAE7E1B553ABB23CBCE1D05C","dlc3\sdf\pc\data\sdf-B-1177.sdfdata",65483953,65483953,61922620,103
"58CC9F96A819A29FAAE7E1B553ABB23CBCE1D05C","dlc3\sdf\pc\data\sdf-B-1178.sdfdata",66174225,66174225,62875234,103
"58CC9F96A819A29FAAE7E1B553ABB23CBCE1D05C","dlc3\sdf\pc\data\sdf-B-1179.sdfdata",62805868,62805868,60481057,103
"58CC9F96A819A29FAAE7E1B553ABB23CBCE1D05C","dlc3\sdf\pc\data\sdf-B-1180.sdfdata",66678157,66678157,63831754,103
"58CC9F96A819A29FAAE7E1B553ABB23CBCE1D05C","dlc3\sdf\pc\data\sdf-B-1181.sdfdata",63847771,63847771,60538834,103
"58CC9F96A819A29FAAE7E1B553ABB23CBCE1D05C","dlc3\sdf\pc\data\sdf-B-1182.sdfdata",65059957,65059957,61239908,103
"58CC9F96A819A29FAAE7E1B553ABB23CBCE1D05C","dlc3\sdf\pc\data\sdf-B-1183.sdfdata",67074563,67074563,63006577,103
"58CC9F96A819A29FAAE7E1B553ABB23CBCE1D05C","dlc3\sdf\pc\data\sdf-B-1184.sdfdata",67054250,67054250,66685263,103
"58CC9F96A819A29FAAE7E1B553ABB23CBCE1D05C","dlc3\sdf\pc\data\sdf-B-1185.sdfdata",67085569,67085569,66912913,103
"58CC9F96A819A29FAAE7E1B553ABB23CBCE1D05C","dlc3\sdf\pc\data\sdf-B-1186.sdfdata",67050248,67050248,66955318,103
"58CC9F96A819A29FAAE7E1B553ABB23CBCE1D05C","dlc3\sdf\pc\data\sdf-B-1187.sdfdata",67053559,67053559,66994339,103
"58CC9F96A819A29FAAE7E1B553ABB23CBCE1D05C","dlc3\sdf\pc\data\sdf-B-1188.sdfdata",67048146,67048146,66998827,103
"58CC9F96A819A29FAAE7E1B553ABB23CBCE1D05C","dlc3\sdf\pc\data\sdf-B-1189.sdfdata",67100063,67100063,66963121,103
"58CC9F96A819A29FAAE7E1B553ABB23CBCE1D05C","dlc3\sdf\pc\data\sdf-B-1190.sdfdata",67043167,67043167,66936418,103
"58CC9F96A819A29FAAE7E1B553ABB23CBCE1D05C","dlc3\sdf\pc\data\sdf-B-1191.sdfdata",67087424,67087424,66966576,103
"58CC9F96A819A29FAAE7E1B553ABB23CBCE1D05C","dlc3\sdf\pc\data\sdf-B-1192.sdfdata",67100499,67100499,66967607,103
"58CC9F96A819A29FAAE7E1B553ABB23CBCE1D05C","dlc3\sdf\pc\data\sdf-B-1193.sdfdata",67045187,67045187,66915998,103
"58CC9F96A819A29FAAE7E1B553ABB23CBCE1D05C","dlc3\sdf\pc\data\sdf-B-1194.sdfdata",67052344,67052344,66882141,103
"58CC9F96A819A29FAAE7E1B553ABB23CBCE1D05C","dlc3\sdf\pc\data\sdf-B-1195.sdfdata",67059689,67059689,66941327,103
"58CC9F96A819A29FAAE7E1B553ABB23CBCE1D05C","dlc3\sdf\pc\data\sdf-B-1196.sdfdata",67085625,67085625,66960049,103
"58CC9F96A819A29FAAE7E1B553ABB23CBCE1D05C","dlc3\sdf\pc\data\sdf-B-1197.sdfdata",67101258,67101258,66966981,103
"58CC9F96A819A29FAAE7E1B553ABB23CBCE1D05C","dlc3\sdf\pc\data\sdf-B-1198.sdfdata",67074886,67074886,67003232,103
"58CC9F96A819A29FAAE7E1B553ABB23CBCE1D05C","dlc3\sdf\pc\data\sdf-B-1199.sdfdata",67070810,67070810,66997774,103
"58CC9F96A819A29FAAE7E1B553ABB23CBCE1D05C","dlc3\sdf\pc\data\sdf-B-1200.sdfdata",67101416,67101416,67007298,103
"58CC9F96A819A29FAAE7E1B553ABB23CBCE1D05C","dlc3\sdf\pc\data\sdf-B-1201.sdfdata",67057968,67057968,66969636,103
"58CC9F96A819A29FAAE7E1B553ABB23CBCE1D05C","dlc3\sdf\pc\data\sdf-B-1202.sdfdata",67095897,67095897,67024923,103
"58CC9F96A819A29FAAE7E1B553ABB23CBCE1D05C","dlc3\sdf\pc\data\sdf-B-1203.sdfdata",67106143,67106143,66759667,103
"58CC9F96A819A29FAAE7E1B553ABB23CBCE1D05C","dlc3\sdf\pc\data\sdf-B-1204.sdfdata",67101473,67101473,66465785,103
"58CC9F96A819A29FAAE7E1B553ABB23CBCE1D05C","dlc3\sdf\pc\data\sdf-B-1205.sdfdata",67103832,67103832,66178870,103
"58CC9F96A819A29FAAE7E1B553ABB23CBCE1D05C","dlc3\sdf\pc\data\sdf-B-1206.sdfdata",67105745,67105745,66228505,103
"58CC9F96A819A29FAAE7E1B553ABB23CBCE1D05C","dlc3\sdf\pc\data\sdf-B-1207.sdfdata",67096498,67096498,66187932,103
"58CC9F96A819A29FAAE7E1B553ABB23CBCE1D05C","dlc3\sdf\pc\data\sdf-B-1208.sdfdata",67105434,67105434,65943123,103
"58CC9F96A819A29FAAE7E1B553ABB23CBCE1D05C","dlc3\sdf\pc\data\sdf-B-1209.sdfdata",67092918,67092918,64899845,103
"58CC9F96A819A29FAAE7E1B553ABB23CBCE1D05C","dlc3\sdf\pc\data\sdf-B-1210.sdfdata",67078725,67078725,62812079,103
"58CC9F96A819A29FAAE7E1B553ABB23CBCE1D05C","dlc3\sdf\pc\data\sdf-B-1211.sdfdata",67082272,67082272,61177031,103
"58CC9F96A819A29FAAE7E1B553ABB23CBCE1D05C","dlc3\sdf\pc\data\sdf-B-1212.sdfdata",67052594,67052594,61533310,103
"58CC9F96A819A29FAAE7E1B553ABB23CBCE1D05C","dlc3\sdf\pc\data\sdf-B-1213.sdfdata",67104585,67104585,60963491,103
"58CC9F96A819A29FAAE7E1B553ABB23CBCE1D05C","dlc3\sdf\pc\data\sdf-B-1214.sdfdata",67082653,67082653,62727330,103
"58CC9F96A819A29FAAE7E1B553ABB23CBCE1D05C","dlc3\sdf\pc\data\sdf-B-1215.sdfdata",67041628,67041628,63933052,103
"58CC9F96A819A29FAAE7E1B553ABB23CBCE1D05C","dlc3\sdf\pc\data\sdf-B-1216.sdfdata",67047560,67047560,64257139,103
"58CC9F96A819A29FAAE7E1B553ABB23CBCE1D05C","dlc3\sdf\pc\data\sdf-B-1217.sdfdata",67073639,67073639,64295420,103
"58CC9F96A819A29FAAE7E1B553ABB23CBCE1D05C","dlc3\sdf\pc\data\sdf-B-1218.sdfdata",67047560,67047560,64337820,103
"58CC9F96A819A29FAAE7E1B553ABB23CBCE1D05C","dlc3\sdf\pc\data\sdf-B-1219.sdfdata",67047560,67047560,64244705,103
"58CC9F96A819A29FAAE7E1B553ABB23CBCE1D05C","dlc3\sdf\pc\data\sdf-B-1220.sdfdata",64752354,64752354,60979862,103
"58CC9F96A819A29FAAE7E1B553ABB23CBCE1D05C","dlc3\sdf\pc\data\sdf-B-1221.sdfdata",67381293,67381293,61689767,103
"58CC9F96A819A29FAAE7E1B553ABB23CBCE1D05C","dlc3\sdf\pc\data\sdf-B-1222.sdfdata",67096132,67096132,65213864,103
"58CC9F96A819A29FAAE7E1B553ABB23CBCE1D05C","dlc3\sdf\pc\data\sdf-B-1223.sdfdata",69190204,69190204,47854958,103
"58CC9F96A819A29FAAE7E1B553ABB23CBCE1D05C","dlc3\sdf\pc\data\sdf-B-1224.sdfdata",67057303,67057303,60535399,103
"58CC9F96A819A29FAAE7E1B553ABB23CBCE1D05C","dlc3\sdf\pc\data\sdf-B-1225.sdfdata",66844499,66844499,64832675,103
"58CC9F96A819A29FAAE7E1B553ABB23CBCE1D05C","dlc3\sdf\pc\data\sdf-B-1226.sdfdata",66475856,66475856,63250472,103
"58CC9F96A819A29FAAE7E1B553ABB23CBCE1D05C","dlc3\sdf\pc\data\sdf-B-1227.sdfdata",66329976,66329976,63318694,103
"58CC9F96A819A29FAAE7E1B553ABB23CBCE1D05C","dlc3\sdf\pc\data\sdf-B-1228.sdfdata",66681949,66681949,63350900,103
"58CC9F96A819A29FAAE7E1B553ABB23CBCE1D05C","dlc3\sdf\pc\data\sdf-B-1229.sdfdata",66277146,66277146,63290677,103
"58CC9F96A819A29FAAE7E1B553ABB23CBCE1D05C","dlc3\sdf\pc\data\sdf-B-1230.sdfdata",67081673,67081673,64402832,103
"58CC9F96A819A29FAAE7E1B553ABB23CBCE1D05C","dlc3\sdf\pc\data\sdf-B-1231.sdfdata",64785537,64785537,62167057,103
"58CC9F96A819A29FAAE7E1B553ABB23CBCE1D05C","dlc3\sdf\pc\data\sdf-B-1232.sdfdata",67037528,67037528,64367794,103
"58CC9F96A819A29FAAE7E1B553ABB23CBCE1D05C","dlc3\sdf\pc\data\sdf-B-1233.sdfdata",65956006,65956006,62738768,103
"58CC9F96A819A29FAAE7E1B553ABB23CBCE1D05C","dlc3\sdf\pc\data\sdf-B-1234.sdfdata",66493857,66493857,62669617,103
"58CC9F96A819A29FAAE7E1B553ABB23CBCE1D05C","dlc3\sdf\pc\data\sdf-B-1235.sdfdata",64660058,64660058,61859562,103
"58CC9F96A819A29FAAE7E1B553ABB23CBCE1D05C","dlc3\sdf\pc\data\sdf-B-1236.sdfdata",66814208,66814208,63999160,103
"58CC9F96A819A29FAAE7E1B553ABB23CBCE1D05C","dlc3\sdf\pc\data\sdf-B-1237.sdfdata",66091164,66091164,63115295,103
"58CC9F96A819A29FAAE7E1B553ABB23CBCE1D05C","dlc3\sdf\pc\data\sdf-B-1238.sdfdata",66127824,66127824,63566503,103
"58CC9F96A819A29FAAE7E1B553ABB23CBCE1D05C","dlc3\sdf\pc\data\sdf-B-1239.sdfdata",66990217,66990217,63937419,103
"58CC9F96A819A29FAAE7E1B553ABB23CBCE1D05C","dlc3\sdf\pc\data\sdf-B-1240.sdfdata",66984131,66984131,64741689,103
"58CC9F96A819A29FAAE7E1B553ABB23CBCE1D05C","dlc3\sdf\pc\data\sdf-B-1241.sdfdata",65903911,65903911,62874190,103
"58CC9F96A819A29FAAE7E1B553ABB23CBCE1D05C","dlc3\sdf\pc\data\sdf-B-1242.sdfdata",65354152,65354152,60570620,103
"58CC9F96A819A29FAAE7E1B553ABB23CBCE1D05C","dlc3\sdf\pc\data\sdf-B-1243.sdfdata",66688111,66688111,63894950,103
"58CC9F96A819A29FAAE7E1B553ABB23CBCE1D05C","dlc3\sdf\pc\data\sdf-B-1244.sdfdata",66418212,66418212,63395496,103
"58CC9F96A819A29FAAE7E1B553ABB23CBCE1D05C","dlc3\sdf\pc\data\sdf-B-1245.sdfdata",66502208,66502208,62207682,103
"58CC9F96A819A29FAAE7E1B553ABB23CBCE1D05C","dlc3\sdf\pc\data\sdf-B-1246.sdfdata",66970453,66970453,63870329,103
"58CC9F96A819A29FAAE7E1B553ABB23CBCE1D05C","dlc3\sdf\pc\data\sdf-B-1247.sdfdata",66860797,66860797,63826304,103
"58CC9F96A819A29FAAE7E1B553ABB23CBCE1D05C","dlc3\sdf\pc\data\sdf-B-1248.sdfdata",66983942,66983942,64560392,103
"58CC9F96A819A29FAAE7E1B553ABB23CBCE1D05C","dlc3\sdf\pc\data\sdf-B-1249.sdfdata",66821145,66821145,64058254,103
"58CC9F96A819A29FAAE7E1B553ABB23CBCE1D05C","dlc3\sdf\pc\data\sdf-B-1250.sdfdata",66322577,66322577,62797948,103
"58CC9F96A819A29FAAE7E1B553ABB23CBCE1D05C","dlc3\sdf\pc\data\sdf-B-1251.sdfdata",66837646,66837646,64055606,103
"58CC9F96A819A29FAAE7E1B553ABB23CBCE1D05C","dlc3\sdf\pc\data\sdf-B-1252.sdfdata",66247143,66247143,62984711,103
"58CC9F96A819A29FAAE7E1B553ABB23CBCE1D05C","dlc3\sdf\pc\data\sdf-B-1253.sdfdata",66203137,66203137,62744301,103
"58CC9F96A819A29FAAE7E1B553ABB23CBCE1D05C","dlc3\sdf\pc\data\sdf-B-1254.sdfdata",67080958,67080958,63917529,103
"58CC9F96A819A29FAAE7E1B553ABB23CBCE1D05C","dlc3\sdf\pc\data\sdf-B-1255.sdfdata",67040024,67040024,63584255,103
"58CC9F96A819A29FAAE7E1B553ABB23CBCE1D05C","dlc3\sdf\pc\data\sdf-B-1256.sdfdata",66602591,66602591,63365721,103
"58CC9F96A819A29FAAE7E1B553ABB23CBCE1D05C","dlc3\sdf\pc\data\sdf-B-1257.sdfdata",66981862,66981862,63779154,103
"58CC9F96A819A29FAAE7E1B553ABB23CBCE1D05C","dlc3\sdf\pc\data\sdf-B-1258.sdfdata",67108859,67108859,56298375,103
"58CC9F96A819A29FAAE7E1B553ABB23CBCE1D05C","dlc3\sdf\pc\data\sdf-B-1259.sdfdata",65707345,65707345,62347786,103
"58CC9F96A819A29FAAE7E1B553ABB23CBCE1D05C","dlc3\sdf\pc\data\sdf-B-1260.sdfdata",36265502,36265502,30409178,103
"58CC9F96A819A29FAAE7E1B553ABB23CBCE1D05C","dlc3\sdf\pc\data\sdf-B-1261.sdfdata",49256054,49256054,44233205,103
"58CC9F96A819A29FAAE7E1B553ABB23CBCE1D05C","dlc3\sdf\pc\data\sdf-B-1262.sdfdata",21821917,21821917,18899577,103
"58CC9F96A819A29FAAE7E1B553ABB23CBCE1D05C","dlc3\sdf\pc\data\sdf-B-1263.sdfdata",28876310,28876310,26538067,103
"58CC9F96A819A29FAAE7E1B553ABB23CBCE1D05C","dlc3\sdf\pc\data\sdf-B-1264.sdfdata",26257290,26257290,23780748,103
"58CC9F96A819A29FAAE7E1B553ABB23CBCE1D05C","dlc3\sdf\pc\data\sdf-B-1265.sdfdata",15731891,15731891,13344697,103
"58CC9F96A819A29FAAE7E1B553ABB23CBCE1D05C","dlc3\sdf\pc\data\sdf-B-1266.sdfdata",36267249,36267249,34587233,103
"58CC9F96A819A29FAAE7E1B553ABB23CBCE1D05C","dlc3\sdf\pc\data\sdf-B-1267.sdfdata",20048128,20048128,19160094,103
"58CC9F96A819A29FAAE7E1B553ABB23CBCE1D05C","dlc3\sdf\pc\data\sdf-B-1268.sdfdata",28175064,28175064,26647847,103
"58CC9F96A819A29FAAE7E1B553ABB23CBCE1D05C","dlc3\sdf\pc\data\sdf-B-1269.sdfdata",26205846,26205846,25510827,103
"58CC9F96A819A29FAAE7E1B553ABB23CBCE1D05C","dlc3\sdf\pc\data\sdf-B-1270.sdfdata",21618568,21618568,21443827,103
"58CC9F96A819A29FAAE7E1B553ABB23CBCE1D05C","dlc3\sdf\pc\data\sdf-B-1271.sdfdata",54941437,54941437,51121955,103
"58CC9F96A819A29FAAE7E1B553ABB23CBCE1D05C","dlc3\sdf\pc\data\sdf-B-1272.sdfdata",55797497,55797497,50980165,103
"58CC9F96A819A29FAAE7E1B553ABB23CBCE1D05C","dlc3\sdf\pc\data\sdf-B-1273.sdfdata",24724716,24724716,19079284,103
"58CC9F96A819A29FAAE7E1B553ABB23CBCE1D05C","dlc3\sdf\pc\data\sdf-B-1274.sdfdata",43416765,43416765,39456924,103
"58CC9F96A819A29FAAE7E1B553ABB23CBCE1D05C","dlc3\sdf\pc\data\sdf-B-1275.sdfdata",44863775,44863775,40124556,103
"58CC9F96A819A29FAAE7E1B553ABB23CBCE1D05C","dlc3\sdf\pc\data\sdf-B-1276.sdfdata",41214462,41214462,37106076,103
"58CC9F96A819A29FAAE7E1B553ABB23CBCE1D05C","dlc3\sdf\pc\data\sdf-B-1277.sdfdata",36503106,36503106,32535322,103
"58CC9F96A819A29FAAE7E1B553ABB23CBCE1D05C","dlc3\sdf\pc\data\sdf-B-1278.sdfdata",28833443,28833443,25858169,103
"58CC9F96A819A29FAAE7E1B553ABB23CBCE1D05C","dlc3\sdf\pc\data\sdf-B-1279.sdfdata",34269181,34269181,30089758,103
"58CC9F96A819A29FAAE7E1B553ABB23CBCE1D05C","dlc3\sdf\pc\data\sdf-B-1280.sdfdata",40139847,40139847,36976043,103
"58CC9F96A819A29FAAE7E1B553ABB23CBCE1D05C","dlc3\sdf\pc\data\sdf-B-1281.sdfdata",45355836,45355836,39733682,103
"58CC9F96A819A29FAAE7E1B553ABB23CBCE1D05C","dlc3\sdf\pc\data\sdf-B-1282.sdfdata",47118898,47118898,41660290,103
"58CC9F96A819A29FAAE7E1B553ABB23CBCE1D05C","dlc3\sdf\pc\data\sdf-B-1283.sdfdata",20495683,20495683,18345740,103
"58CC9F96A819A29FAAE7E1B553ABB23CBCE1D05C","dlc3\sdf\pc\data\sdf-B-1284.sdfdata",48816626,48816626,42442114,103
"58CC9F96A819A29FAAE7E1B553ABB23CBCE1D05C","dlc3\sdf\pc\data\sdf-B-1285.sdfdata",9682073,9682073,9485175,103
"58CC9F96A819A29FAAE7E1B553ABB23CBCE1D05C","dlc3\sdf\pc\data\sdf-B-1286.sdfdata",27504640,27504640,26379034,103
"58CC9F96A819A29FAAE7E1B553ABB23CBCE1D05C","dlc3\sdf\pc\data\sdf-B-1287.sdfdata",56985488,56985488,52957329,103
"58CC9F96A819A29FAAE7E1B553ABB23CBCE1D05C","dlc3\sdf\pc\data\sdf-B-1288.sdfdata",28822887,28822887,27359087,103
"58CC9F96A819A29FAAE7E1B553ABB23CBCE1D05C","dlc3\sdf\pc\data\sdf-B-1289.sdfdata",19996445,19996445,16387383,103
"58CC9F96A819A29FAAE7E1B553ABB23CBCE1D05C","dlc3\sdf\pc\data\sdf-B-1290.sdfdata",61570548,61570548,54176733,103
"58CC9F96A819A29FAAE7E1B553ABB23CBCE1D05C","dlc3\sdf\pc\data\sdf-B-1291.sdfdata",62262549,62262549,53378027,103
"58CC9F96A819A29FAAE7E1B553ABB23CBCE1D05C","dlc3\sdf\pc\data\sdf-B-1292.sdfdata",39994218,39994218,35504008,103
"58CC9F96A819A29FAAE7E1B553ABB23CBCE1D05C","dlc3\sdf\pc\data\sdf-B-1293.sdfdata",42035456,42035456,39390213,103
"58CC9F96A819A29FAAE7E1B553ABB23CBCE1D05C","dlc3\sdf\pc\data\sdf-B-1294.sdfdata",4626584,4626584,4056335,103
