"4932","89F9E725F908B7AB740CAEFC1444ED71B1352681","0000-00-00",4337,132746891029,3897872149,4278074765,3
"89F9E725F908B7AB740CAEFC1444ED71B1352681","TheDivision2.exe",84480504,84480504,76907283,0
"89F9E725F908B7AB740CAEFC1444ED71B1352681","TheDivision2Launcher.exe",160968,160968,88534,0
"89F9E725F908B7AB740CAEFC1444ED71B1352681","bink2w64.dll",380928,380928,183652,0
"89F9E725F908B7AB740CAEFC1444ED71B1352681","dbghelp.dll",1643840,1643840,632023,0
"89F9E725F908B7AB740CAEFC1444ED71B1352681","dbgcore.dll",166720,166720,73918,0
"89F9E725F908B7AB740CAEFC1444ED71B1352681","amd_ags_x64.dll",179408,179408,89626,0
"89F9E725F908B7AB740CAEFC1444ED71B1352681","CgSDK.x64_2015.dll",220880,220880,58980,0
"89F9E725F908B7AB740CAEFC1444ED71B1352681","api-ms-win-core-console-l1-1-0.dll",19264,19264,10237,0
"89F9E725F908B7AB740CAEFC1444ED71B1352681","api-ms-win-core-datetime-l1-1-0.dll",18752,18752,10073,0
"89F9E725F908B7AB740CAEFC1444ED71B1352681","api-ms-win-core-debug-l1-1-0.dll",18752,18752,10083,0
"89F9E725F908B7AB740CAEFC1444ED71B1352681","api-ms-win-core-errorhandling-l1-1-0.dll",18752,18752,10137,0
"89F9E725F908B7AB740CAEFC1444ED71B1352681","api-ms-win-core-file-l1-1-0.dll",22336,22336,11090,0
"89F9E725F908B7AB740CAEFC1444ED71B1352681","api-ms-win-core-file-l1-2-0.dll",18744,18744,10098,0
"89F9E725F908B7AB740CAEFC1444ED71B1352681","api-ms-win-core-file-l2-1-0.dll",18752,18752,10232,0
"89F9E725F908B7AB740CAEFC1444ED71B1352681","api-ms-win-core-handle-l1-1-0.dll",18752,18752,10111,0
"89F9E725F908B7AB740CAEFC1444ED71B1352681","api-ms-win-core-heap-l1-1-0.dll",19264,19264,10271,0
"89F9E725F908B7AB740CAEFC1444ED71B1352681","api-ms-win-core-interlocked-l1-1-0.dll",18752,18752,10123,0
"89F9E725F908B7AB740CAEFC1444ED71B1352681","api-ms-win-core-libraryloader-l1-1-0.dll",19264,19264,10327,0
"89F9E725F908B7AB740CAEFC1444ED71B1352681","api-ms-win-core-localization-l1-2-0.dll",21312,21312,10883,0
"89F9E725F908B7AB740CAEFC1444ED71B1352681","api-ms-win-core-memory-l1-1-0.dll",19264,19264,10267,0
"89F9E725F908B7AB740CAEFC1444ED71B1352681","api-ms-win-core-namedpipe-l1-1-0.dll",18752,18752,10214,0
"89F9E725F908B7AB740CAEFC1444ED71B1352681","api-ms-win-core-processenvironment-l1-1-0.dll",19776,19776,10306,0
"89F9E725F908B7AB740CAEFC1444ED71B1352681","api-ms-win-core-processthreads-l1-1-0.dll",20792,20792,10781,0
"89F9E725F908B7AB740CAEFC1444ED71B1352681","api-ms-win-core-processthreads-l1-1-1.dll",19264,19264,10310,0
"89F9E725F908B7AB740CAEFC1444ED71B1352681","api-ms-win-core-profile-l1-1-0.dll",18240,18240,10083,0
"89F9E725F908B7AB740CAEFC1444ED71B1352681","api-ms-win-core-rtlsupport-l1-1-0.dll",19264,19264,10295,0
"89F9E725F908B7AB740CAEFC1444ED71B1352681","api-ms-win-core-string-l1-1-0.dll",18752,18752,10156,0
"89F9E725F908B7AB740CAEFC1444ED71B1352681","api-ms-win-core-synch-l1-1-0.dll",20800,20800,10618,0
"89F9E725F908B7AB740CAEFC1444ED71B1352681","api-ms-win-core-synch-l1-2-0.dll",19264,19264,10338,0
"89F9E725F908B7AB740CAEFC1444ED71B1352681","api-ms-win-core-sysinfo-l1-1-0.dll",19776,19776,10385,0
"89F9E725F908B7AB740CAEFC1444ED71B1352681","api-ms-win-core-timezone-l1-1-0.dll",18752,18752,10184,0
"89F9E725F908B7AB740CAEFC1444ED71B1352681","api-ms-win-core-util-l1-1-0.dll",18752,18752,10068,0
"89F9E725F908B7AB740CAEFC1444ED71B1352681","api-ms-win-crt-conio-l1-1-0.dll",19776,19776,10387,0
"89F9E725F908B7AB740CAEFC1444ED71B1352681","api-ms-win-crt-convert-l1-1-0.dll",22848,22848,11272,0
"89F9E725F908B7AB740CAEFC1444ED71B1352681","api-ms-win-crt-environment-l1-1-0.dll",19256,19256,10231,0
"89F9E725F908B7AB740CAEFC1444ED71B1352681","api-ms-win-crt-filesystem-l1-1-0.dll",20800,20800,10777,0
"89F9E725F908B7AB740CAEFC1444ED71B1352681","api-ms-win-crt-heap-l1-1-0.dll",19776,19776,10380,0
"89F9E725F908B7AB740CAEFC1444ED71B1352681","api-ms-win-crt-locale-l1-1-0.dll",19264,19264,10362,0
"89F9E725F908B7AB740CAEFC1444ED71B1352681","api-ms-win-crt-math-l1-1-0.dll",27968,27968,12879,0
"89F9E725F908B7AB740CAEFC1444ED71B1352681","api-ms-win-crt-multibyte-l1-1-0.dll",26944,26944,12122,0
"89F9E725F908B7AB740CAEFC1444ED71B1352681","api-ms-win-crt-private-l1-1-0.dll",71488,71488,23125,0
"89F9E725F908B7AB740CAEFC1444ED71B1352681","api-ms-win-crt-process-l1-1-0.dll",19776,19776,10393,0
"89F9E725F908B7AB740CAEFC1444ED71B1352681","api-ms-win-crt-runtime-l1-1-0.dll",23360,23360,11505,0
"89F9E725F908B7AB740CAEFC1444ED71B1352681","api-ms-win-crt-stdio-l1-1-0.dll",24896,24896,11904,0
"89F9E725F908B7AB740CAEFC1444ED71B1352681","api-ms-win-crt-string-l1-1-0.dll",24888,24888,11882,0
"89F9E725F908B7AB740CAEFC1444ED71B1352681","api-ms-win-crt-time-l1-1-0.dll",21312,21312,10844,0
"89F9E725F908B7AB740CAEFC1444ED71B1352681","api-ms-win-crt-utility-l1-1-0.dll",19264,19264,10389,0
"89F9E725F908B7AB740CAEFC1444ED71B1352681","ucrtbase.dll",1001792,1001792,415722,0
"89F9E725F908B7AB740CAEFC1444ED71B1352681","certs\pks_pc.pem",822,822,628,0
"89F9E725F908B7AB740CAEFC1444ED71B1352681","certs\livepatchcert_pc.pem",1498,1498,1104,0
"89F9E725F908B7AB740CAEFC1444ED71B1352681","uplay_r1_loader64.dll",416768,416768,150982,0
"89F9E725F908B7AB740CAEFC1444ED71B1352681","tobii_gameintegration_x64.dll",2084832,2084832,792128,0
"89F9E725F908B7AB740CAEFC1444ED71B1352681","d3dcompiler_47.dll",4488896,4488896,1621974,0
"89F9E725F908B7AB740CAEFC1444ED71B1352681","dxcompiler.dll",17837088,17837088,6358264,0
"89F9E725F908B7AB740CAEFC1444ED71B1352681","dxil.dll",1097744,1097744,425046,0
"89F9E725F908B7AB740CAEFC1444ED71B1352681","EACLaunch.exe",3975920,3975920,1833839,0
"89F9E725F908B7AB740CAEFC1444ED71B1352681","EOSSDK-Win64-Shipping.dll",19035600,19035600,6535388,0
"89F9E725F908B7AB740CAEFC1444ED71B1352681","libEOSSDK-Linux-Shipping.so",25978880,25978880,8239578,0
"89F9E725F908B7AB740CAEFC1444ED71B1352681","libEOSSDK-LinuxArm64-Shipping.so",23425224,23425224,7053001,0
"89F9E725F908B7AB740CAEFC1444ED71B1352681","libEOSSDK-Mac-Shipping.dylib",47369360,47369360,13983540,0
"89F9E725F908B7AB740CAEFC1444ED71B1352681","EasyAntiCheat\Settings.json",422,422,247,0
"89F9E725F908B7AB740CAEFC1444ED71B1352681","EasyAntiCheat\SplashScreen.png",402713,402713,400852,0
"89F9E725F908B7AB740CAEFC1444ED71B1352681","EasyAntiCheat\EasyAntiCheat_EOS_Setup.exe",959216,959216,396886,0
"89F9E725F908B7AB740CAEFC1444ED71B1352681","EasyAntiCheat\Licenses\Apache-2.0.txt",11560,11560,3830,0
"89F9E725F908B7AB740CAEFC1444ED71B1352681","EasyAntiCheat\Licenses\Licenses.txt",9808,9808,2630,0
"89F9E725F908B7AB740CAEFC1444ED71B1352681","EasyAntiCheat\Licenses\MIT.txt",1093,1093,656,0
"89F9E725F908B7AB740CAEFC1444ED71B1352681","EasyAntiCheat\Localization\ar_sa.cfg",11031,11031,3395,0
"89F9E725F908B7AB740CAEFC1444ED71B1352681","EasyAntiCheat\Localization\cs_cz.cfg",9330,9330,3376,0
"89F9E725F908B7AB740CAEFC1444ED71B1352681","EasyAntiCheat\Localization\de_de.cfg",9540,9540,3258,0
"89F9E725F908B7AB740CAEFC1444ED71B1352681","EasyAntiCheat\Localization\en_us.cfg",8499,8499,2671,0
"89F9E725F908B7AB740CAEFC1444ED71B1352681","EasyAntiCheat\Localization\es_ar.cfg",9584,9584,3179,0
"89F9E725F908B7AB740CAEFC1444ED71B1352681","EasyAntiCheat\Localization\es_es.cfg",9800,9800,3213,0
"89F9E725F908B7AB740CAEFC1444ED71B1352681","EasyAntiCheat\Localization\fr_fr.cfg",9547,9547,3127,0
"89F9E725F908B7AB740CAEFC1444ED71B1352681","EasyAntiCheat\Localization\id_id.cfg",8807,8807,2866,0
"89F9E725F908B7AB740CAEFC1444ED71B1352681","EasyAntiCheat\Localization\it_it.cfg",9120,9120,3021,0
"89F9E725F908B7AB740CAEFC1444ED71B1352681","EasyAntiCheat\Localization\ja_ja.cfg",11333,11333,3655,0
"89F9E725F908B7AB740CAEFC1444ED71B1352681","EasyAntiCheat\Localization\ko_kr.cfg",9990,9990,3457,0
"89F9E725F908B7AB740CAEFC1444ED71B1352681","EasyAntiCheat\Localization\nl_nl.cfg",9103,9103,3050,0
"89F9E725F908B7AB740CAEFC1444ED71B1352681","EasyAntiCheat\Localization\pl_pl.cfg",9523,9523,3433,0
"89F9E725F908B7AB740CAEFC1444ED71B1352681","EasyAntiCheat\Localization\pt_br.cfg",9383,9383,3041,0
"89F9E725F908B7AB740CAEFC1444ED71B1352681","EasyAntiCheat\Localization\ru_ru.cfg",12683,12683,3808,0
"89F9E725F908B7AB740CAEFC1444ED71B1352681","EasyAntiCheat\Localization\th_th.cfg",15727,15727,3663,0
"89F9E725F908B7AB740CAEFC1444ED71B1352681","EasyAntiCheat\Localization\tr_tr.cfg",9076,9076,3135,0
"89F9E725F908B7AB740CAEFC1444ED71B1352681","EasyAntiCheat\Localization\vi_vn.cfg",10575,10575,3344,0
"89F9E725F908B7AB740CAEFC1444ED71B1352681","EasyAntiCheat\Localization\zh_cn.cfg",8277,8277,3227,0
"89F9E725F908B7AB740CAEFC1444ED71B1352681","EasyAntiCheat\Localization\zh_tw.cfg",8243,8243,3260,0
"89F9E725F908B7AB740CAEFC1444ED71B1352681","EasyAntiCheat\Certificates\base.bin",116478,116478,83870,0
"89F9E725F908B7AB740CAEFC1444ED71B1352681","EasyAntiCheat\Certificates\base.cer",1144,1144,1105,0
"89F9E725F908B7AB740CAEFC1444ED71B1352681","EasyAntiCheat\Certificates\runtime.conf",1108,1108,552,0
"89F9E725F908B7AB740CAEFC1444ED71B1352681","Support\Readme\Arabic\Readme.txt",8419,8419,2337,0
"89F9E725F908B7AB740CAEFC1444ED71B1352681","Support\Readme\Brazilian\Readme.txt",6184,6184,2107,0
"89F9E725F908B7AB740CAEFC1444ED71B1352681","Support\Readme\Chinese\Readme.txt",5293,5293,2127,0
"89F9E725F908B7AB740CAEFC1444ED71B1352681","Support\Readme\ChineseSimple\Readme.txt",5245,5245,2101,0
"89F9E725F908B7AB740CAEFC1444ED71B1352681","Support\Readme\Czech\Readme.txt",6399,6399,2264,0
"89F9E725F908B7AB740CAEFC1444ED71B1352681","Support\Readme\Dutch\Readme.txt",5736,5736,1990,0
"89F9E725F908B7AB740CAEFC1444ED71B1352681","Support\Readme\English\Readme.txt",5736,5736,1990,0
"89F9E725F908B7AB740CAEFC1444ED71B1352681","Support\Readme\French\Readme.txt",7092,7092,2317,0
"89F9E725F908B7AB740CAEFC1444ED71B1352681","Support\Readme\German\Readme.txt",6551,6551,2163,0
"89F9E725F908B7AB740CAEFC1444ED71B1352681","Support\Readme\Italian\Readme.txt",6030,6030,2029,0
"89F9E725F908B7AB740CAEFC1444ED71B1352681","Support\Readme\Japanese\Readme.txt",5996,5996,2056,0
"89F9E725F908B7AB740CAEFC1444ED71B1352681","Support\Readme\Korean\Readme.txt",5957,5957,2080,0
"89F9E725F908B7AB740CAEFC1444ED71B1352681","Support\Readme\Mexican\Readme.txt",6628,6628,2173,0
"89F9E725F908B7AB740CAEFC1444ED71B1352681","Support\Readme\Polish\Readme.txt",6709,6709,2360,0
"89F9E725F908B7AB740CAEFC1444ED71B1352681","Support\Readme\Roumanian\Readme.txt",5736,5736,1990,0
"89F9E725F908B7AB740CAEFC1444ED71B1352681","Support\Readme\Russian\Readme.txt",9892,9892,2660,0
"89F9E725F908B7AB740CAEFC1444ED71B1352681","Support\Readme\Spanish\Readme.txt",6561,6561,2130,0
"89F9E725F908B7AB740CAEFC1444ED71B1352681","Support\Readme\Swedish\Readme.txt",5736,5736,1990,0
"89F9E725F908B7AB740CAEFC1444ED71B1352681","Tools\VC_Redist\vcredist_x64_2012.exe",7186992,7186992,6970433,2
"89F9E725F908B7AB740CAEFC1444ED71B1352681","Tools\VC_Redist\vc_redist_2015.x64.exe",15302984,15302984,14236287,2
"89F9E725F908B7AB740CAEFC1444ED71B1352681","Tools\VC_Redist\vc_redist_2022.x64.exe",25641968,25641968,24518212,2
"89F9E725F908B7AB740CAEFC1444ED71B1352681","Tools\WindowsKB\Windows6.1-KB2670838-x64.msu",11840839,11840839,11834822,2
"89F9E725F908B7AB740CAEFC1444ED71B1352681","Tools\DirectX\Apr2005_d3dx9_25_x64.cab",1347354,1347354,1344743,2
"89F9E725F908B7AB740CAEFC1444ED71B1352681","Tools\DirectX\Apr2005_d3dx9_25_x86.cab",1078962,1078962,1073855,2
"89F9E725F908B7AB740CAEFC1444ED71B1352681","Tools\DirectX\Apr2006_d3dx9_30_x64.cab",1397830,1397830,1395153,2
"89F9E725F908B7AB740CAEFC1444ED71B1352681","Tools\DirectX\Apr2006_d3dx9_30_x86.cab",1115221,1115221,1110388,2
"89F9E725F908B7AB740CAEFC1444ED71B1352681","Tools\DirectX\Apr2006_MDX1_x86.cab",916430,916430,909712,2
"89F9E725F908B7AB740CAEFC1444ED71B1352681","Tools\DirectX\Apr2006_MDX1_x86_Archive.cab",4162630,4162630,4153036,2
"89F9E725F908B7AB740CAEFC1444ED71B1352681","Tools\DirectX\Apr2006_XACT_x64.cab",179133,179133,177074,2
"89F9E725F908B7AB740CAEFC1444ED71B1352681","Tools\DirectX\Apr2006_XACT_x86.cab",133103,133103,130857,2
"89F9E725F908B7AB740CAEFC1444ED71B1352681","Tools\DirectX\Apr2006_xinput_x64.cab",87101,87101,84983,2
"89F9E725F908B7AB740CAEFC1444ED71B1352681","Tools\DirectX\Apr2006_xinput_x86.cab",46010,46010,43856,2
"89F9E725F908B7AB740CAEFC1444ED71B1352681","Tools\DirectX\APR2007_d3dx10_33_x64.cab",698612,698612,696489,2
"89F9E725F908B7AB740CAEFC1444ED71B1352681","Tools\DirectX\APR2007_d3dx10_33_x86.cab",695865,695865,693776,2
"89F9E725F908B7AB740CAEFC1444ED71B1352681","Tools\DirectX\APR2007_d3dx9_33_x64.cab",1607358,1607358,1604459,2
"89F9E725F908B7AB740CAEFC1444ED71B1352681","Tools\DirectX\APR2007_d3dx9_33_x86.cab",1606039,1606039,1600898,2
"89F9E725F908B7AB740CAEFC1444ED71B1352681","Tools\DirectX\APR2007_XACT_x64.cab",195766,195766,193696,2
"89F9E725F908B7AB740CAEFC1444ED71B1352681","Tools\DirectX\APR2007_XACT_x86.cab",151225,151225,149126,2
"89F9E725F908B7AB740CAEFC1444ED71B1352681","Tools\DirectX\APR2007_xinput_x64.cab",96817,96817,94650,2
"89F9E725F908B7AB740CAEFC1444ED71B1352681","Tools\DirectX\APR2007_xinput_x86.cab",53302,53302,51111,2
"89F9E725F908B7AB740CAEFC1444ED71B1352681","Tools\DirectX\Aug2005_d3dx9_27_x64.cab",1350542,1350542,1348487,2
"89F9E725F908B7AB740CAEFC1444ED71B1352681","Tools\DirectX\Aug2005_d3dx9_27_x86.cab",1077644,1077644,1072829,2
"89F9E725F908B7AB740CAEFC1444ED71B1352681","Tools\DirectX\AUG2006_XACT_x64.cab",182903,182903,180849,2
"89F9E725F908B7AB740CAEFC1444ED71B1352681","Tools\DirectX\AUG2006_XACT_x86.cab",137235,137235,135125,2
"89F9E725F908B7AB740CAEFC1444ED71B1352681","Tools\DirectX\AUG2006_xinput_x64.cab",87142,87142,85003,2
"89F9E725F908B7AB740CAEFC1444ED71B1352681","Tools\DirectX\AUG2006_xinput_x86.cab",46058,46058,43898,2
"89F9E725F908B7AB740CAEFC1444ED71B1352681","Tools\DirectX\AUG2007_d3dx10_35_x64.cab",852286,852286,850191,2
"89F9E725F908B7AB740CAEFC1444ED71B1352681","Tools\DirectX\AUG2007_d3dx10_35_x86.cab",796867,796867,794261,2
"89F9E725F908B7AB740CAEFC1444ED71B1352681","Tools\DirectX\AUG2007_d3dx9_35_x64.cab",1800160,1800160,1797966,2
"89F9E725F908B7AB740CAEFC1444ED71B1352681","Tools\DirectX\AUG2007_d3dx9_35_x86.cab",1708152,1708152,1703093,2
"89F9E725F908B7AB740CAEFC1444ED71B1352681","Tools\DirectX\AUG2007_XACT_x64.cab",198096,198096,196036,2
"89F9E725F908B7AB740CAEFC1444ED71B1352681","Tools\DirectX\AUG2007_XACT_x86.cab",153012,153012,150926,2
"89F9E725F908B7AB740CAEFC1444ED71B1352681","Tools\DirectX\Aug2008_d3dx10_39_x64.cab",867612,867612,864799,2
"89F9E725F908B7AB740CAEFC1444ED71B1352681","Tools\DirectX\Aug2008_d3dx10_39_x86.cab",849167,849167,846363,2
"89F9E725F908B7AB740CAEFC1444ED71B1352681","Tools\DirectX\Aug2008_d3dx9_39_x64.cab",1794084,1794084,1790641,2
"89F9E725F908B7AB740CAEFC1444ED71B1352681","Tools\DirectX\Aug2008_d3dx9_39_x86.cab",1464672,1464672,1462596,2
"89F9E725F908B7AB740CAEFC1444ED71B1352681","Tools\DirectX\Aug2008_XACT_x64.cab",121772,121772,119651,2
"89F9E725F908B7AB740CAEFC1444ED71B1352681","Tools\DirectX\Aug2008_XACT_x86.cab",92996,92996,90824,2
"89F9E725F908B7AB740CAEFC1444ED71B1352681","Tools\DirectX\Aug2008_XAudio_x64.cab",271412,271412,269314,2
"89F9E725F908B7AB740CAEFC1444ED71B1352681","Tools\DirectX\Aug2008_XAudio_x86.cab",271038,271038,268891,2
"89F9E725F908B7AB740CAEFC1444ED71B1352681","Tools\DirectX\Aug2009_D3DCompiler_42_x64.cab",919044,919044,911897,2
"89F9E725F908B7AB740CAEFC1444ED71B1352681","Tools\DirectX\Aug2009_D3DCompiler_42_x86.cab",900598,900598,895301,2
"89F9E725F908B7AB740CAEFC1444ED71B1352681","Tools\DirectX\Aug2009_d3dcsx_42_x64.cab",3112111,3112111,3109978,2
"89F9E725F908B7AB740CAEFC1444ED71B1352681","Tools\DirectX\Aug2009_d3dcsx_42_x86.cab",3319740,3319740,3315648,2
"89F9E725F908B7AB740CAEFC1444ED71B1352681","Tools\DirectX\Aug2009_d3dx10_42_x64.cab",232635,232635,230581,2
"89F9E725F908B7AB740CAEFC1444ED71B1352681","Tools\DirectX\Aug2009_d3dx10_42_x86.cab",192131,192131,190003,2
"89F9E725F908B7AB740CAEFC1444ED71B1352681","Tools\DirectX\Aug2009_d3dx11_42_x64.cab",136301,136301,134308,2
"89F9E725F908B7AB740CAEFC1444ED71B1352681","Tools\DirectX\Aug2009_d3dx11_42_x86.cab",105044,105044,102815,2
"89F9E725F908B7AB740CAEFC1444ED71B1352681","Tools\DirectX\Aug2009_d3dx9_42_x64.cab",930116,930116,927088,2
"89F9E725F908B7AB740CAEFC1444ED71B1352681","Tools\DirectX\Aug2009_d3dx9_42_x86.cab",728456,728456,725096,2
"89F9E725F908B7AB740CAEFC1444ED71B1352681","Tools\DirectX\Aug2009_XACT_x64.cab",122408,122408,120284,2
"89F9E725F908B7AB740CAEFC1444ED71B1352681","Tools\DirectX\Aug2009_XACT_x86.cab",93106,93106,90971,2
"89F9E725F908B7AB740CAEFC1444ED71B1352681","Tools\DirectX\Aug2009_XAudio_x64.cab",273264,273264,271171,2
"89F9E725F908B7AB740CAEFC1444ED71B1352681","Tools\DirectX\Aug2009_XAudio_x86.cab",272642,272642,270536,2
"89F9E725F908B7AB740CAEFC1444ED71B1352681","Tools\DirectX\Dec2005_d3dx9_28_x64.cab",1357976,1357976,1355322,2
"89F9E725F908B7AB740CAEFC1444ED71B1352681","Tools\DirectX\Dec2005_d3dx9_28_x86.cab",1079456,1079456,1074608,2
"89F9E725F908B7AB740CAEFC1444ED71B1352681","Tools\DirectX\DEC2006_d3dx10_00_x64.cab",212807,212807,210722,2
"89F9E725F908B7AB740CAEFC1444ED71B1352681","Tools\DirectX\DEC2006_d3dx10_00_x86.cab",191720,191720,189577,2
"89F9E725F908B7AB740CAEFC1444ED71B1352681","Tools\DirectX\DEC2006_d3dx9_32_x64.cab",1571154,1571154,1568399,2
"89F9E725F908B7AB740CAEFC1444ED71B1352681","Tools\DirectX\DEC2006_d3dx9_32_x86.cab",1574376,1574376,1569491,2
"89F9E725F908B7AB740CAEFC1444ED71B1352681","Tools\DirectX\DEC2006_XACT_x64.cab",192475,192475,190396,2
"89F9E725F908B7AB740CAEFC1444ED71B1352681","Tools\DirectX\DEC2006_XACT_x86.cab",145599,145599,143505,2
"89F9E725F908B7AB740CAEFC1444ED71B1352681","Tools\DirectX\DSETUP.dll",95576,95576,47074,2
"89F9E725F908B7AB740CAEFC1444ED71B1352681","Tools\DirectX\dsetup32.dll",1566040,1566040,115892,2
"89F9E725F908B7AB740CAEFC1444ED71B1352681","Tools\DirectX\dxdllreg_x86.cab",44624,44624,42482,2
"89F9E725F908B7AB740CAEFC1444ED71B1352681","Tools\DirectX\DXSETUP.exe",517976,517976,101701,2
"89F9E725F908B7AB740CAEFC1444ED71B1352681","Tools\DirectX\dxupdate.cab",97152,97152,94901,2
"89F9E725F908B7AB740CAEFC1444ED71B1352681","Tools\DirectX\Feb2005_d3dx9_24_x64.cab",1247499,1247499,1244922,2
"89F9E725F908B7AB740CAEFC1444ED71B1352681","Tools\DirectX\Feb2005_d3dx9_24_x86.cab",1013225,1013225,1008342,2
"89F9E725F908B7AB740CAEFC1444ED71B1352681","Tools\DirectX\Feb2006_d3dx9_29_x64.cab",1362796,1362796,1360185,2
"89F9E725F908B7AB740CAEFC1444ED71B1352681","Tools\DirectX\Feb2006_d3dx9_29_x86.cab",1084720,1084720,1079685,2
"89F9E725F908B7AB740CAEFC1444ED71B1352681","Tools\DirectX\Feb2006_XACT_x64.cab",178359,178359,176285,2
"89F9E725F908B7AB740CAEFC1444ED71B1352681","Tools\DirectX\Feb2006_XACT_x86.cab",132409,132409,130142,2
"89F9E725F908B7AB740CAEFC1444ED71B1352681","Tools\DirectX\FEB2007_XACT_x64.cab",194675,194675,192610,2
"89F9E725F908B7AB740CAEFC1444ED71B1352681","Tools\DirectX\FEB2007_XACT_x86.cab",147983,147983,145887,2
"89F9E725F908B7AB740CAEFC1444ED71B1352681","Tools\DirectX\Feb2010_X3DAudio_x64.cab",54678,54678,52477,2
"89F9E725F908B7AB740CAEFC1444ED71B1352681","Tools\DirectX\Feb2010_X3DAudio_x86.cab",20713,20713,18464,2
"89F9E725F908B7AB740CAEFC1444ED71B1352681","Tools\DirectX\Feb2010_XACT_x64.cab",122446,122446,120323,2
"89F9E725F908B7AB740CAEFC1444ED71B1352681","Tools\DirectX\Feb2010_XACT_x86.cab",93180,93180,91043,2
"89F9E725F908B7AB740CAEFC1444ED71B1352681","Tools\DirectX\Feb2010_XAudio_x64.cab",276960,276960,274871,2
"89F9E725F908B7AB740CAEFC1444ED71B1352681","Tools\DirectX\Feb2010_XAudio_x86.cab",277191,277191,275079,2
"89F9E725F908B7AB740CAEFC1444ED71B1352681","Tools\DirectX\Jun2005_d3dx9_26_x64.cab",1336002,1336002,1333316,2
"89F9E725F908B7AB740CAEFC1444ED71B1352681","Tools\DirectX\Jun2005_d3dx9_26_x86.cab",1064925,1064925,1059886,2
"89F9E725F908B7AB740CAEFC1444ED71B1352681","Tools\DirectX\JUN2006_XACT_x64.cab",180785,180785,178734,2
"89F9E725F908B7AB740CAEFC1444ED71B1352681","Tools\DirectX\JUN2006_XACT_x86.cab",133671,133671,131426,2
"89F9E725F908B7AB740CAEFC1444ED71B1352681","Tools\DirectX\JUN2007_d3dx10_34_x64.cab",699044,699044,696968,2
"89F9E725F908B7AB740CAEFC1444ED71B1352681","Tools\DirectX\JUN2007_d3dx10_34_x86.cab",698472,698472,696399,2
"89F9E725F908B7AB740CAEFC1444ED71B1352681","Tools\DirectX\JUN2007_d3dx9_34_x64.cab",1607774,1607774,1605070,2
"89F9E725F908B7AB740CAEFC1444ED71B1352681","Tools\DirectX\JUN2007_d3dx9_34_x86.cab",1607286,1607286,1602095,2
"89F9E725F908B7AB740CAEFC1444ED71B1352681","Tools\DirectX\JUN2007_XACT_x64.cab",197122,197122,195038,2
"89F9E725F908B7AB740CAEFC1444ED71B1352681","Tools\DirectX\JUN2007_XACT_x86.cab",152909,152909,150823,2
"89F9E725F908B7AB740CAEFC1444ED71B1352681","Tools\DirectX\JUN2008_d3dx10_38_x64.cab",867828,867828,865090,2
"89F9E725F908B7AB740CAEFC1444ED71B1352681","Tools\DirectX\JUN2008_d3dx10_38_x86.cab",849919,849919,847157,2
"89F9E725F908B7AB740CAEFC1444ED71B1352681","Tools\DirectX\JUN2008_d3dx9_38_x64.cab",1792608,1792608,1789141,2
"89F9E725F908B7AB740CAEFC1444ED71B1352681","Tools\DirectX\JUN2008_d3dx9_38_x86.cab",1463878,1463878,1460619,2
"89F9E725F908B7AB740CAEFC1444ED71B1352681","Tools\DirectX\JUN2008_X3DAudio_x64.cab",55154,55154,52952,2
"89F9E725F908B7AB740CAEFC1444ED71B1352681","Tools\DirectX\JUN2008_X3DAudio_x86.cab",21905,21905,19681,2
"89F9E725F908B7AB740CAEFC1444ED71B1352681","Tools\DirectX\JUN2008_XACT_x64.cab",121054,121054,118920,2
"89F9E725F908B7AB740CAEFC1444ED71B1352681","Tools\DirectX\JUN2008_XACT_x86.cab",93128,93128,90976,2
"89F9E725F908B7AB740CAEFC1444ED71B1352681","Tools\DirectX\JUN2008_XAudio_x64.cab",269628,269628,267524,2
"89F9E725F908B7AB740CAEFC1444ED71B1352681","Tools\DirectX\JUN2008_XAudio_x86.cab",269024,269024,266917,2
"89F9E725F908B7AB740CAEFC1444ED71B1352681","Tools\DirectX\Jun2010_D3DCompiler_43_x64.cab",944460,944460,942381,2
"89F9E725F908B7AB740CAEFC1444ED71B1352681","Tools\DirectX\Jun2010_D3DCompiler_43_x86.cab",931471,931471,928562,2
"89F9E725F908B7AB740CAEFC1444ED71B1352681","Tools\DirectX\Jun2010_d3dcsx_43_x64.cab",752783,752783,748290,2
"89F9E725F908B7AB740CAEFC1444ED71B1352681","Tools\DirectX\Jun2010_d3dcsx_43_x86.cab",762188,762188,752535,2
"89F9E725F908B7AB740CAEFC1444ED71B1352681","Tools\DirectX\Jun2010_d3dx10_43_x64.cab",235955,235955,233866,2
"89F9E725F908B7AB740CAEFC1444ED71B1352681","Tools\DirectX\Jun2010_d3dx10_43_x86.cab",197283,197283,195103,2
"89F9E725F908B7AB740CAEFC1444ED71B1352681","Tools\DirectX\Jun2010_d3dx11_43_x64.cab",138205,138205,136096,2
"89F9E725F908B7AB740CAEFC1444ED71B1352681","Tools\DirectX\Jun2010_d3dx11_43_x86.cab",109445,109445,107204,2
"89F9E725F908B7AB740CAEFC1444ED71B1352681","Tools\DirectX\Jun2010_d3dx9_43_x64.cab",937246,937246,934422,2
"89F9E725F908B7AB740CAEFC1444ED71B1352681","Tools\DirectX\Jun2010_d3dx9_43_x86.cab",768036,768036,764920,2
"89F9E725F908B7AB740CAEFC1444ED71B1352681","Tools\DirectX\Jun2010_XACT_x64.cab",124596,124596,122473,2
"89F9E725F908B7AB740CAEFC1444ED71B1352681","Tools\DirectX\Jun2010_XACT_x86.cab",93686,93686,91545,2
"89F9E725F908B7AB740CAEFC1444ED71B1352681","Tools\DirectX\Jun2010_XAudio_x64.cab",277338,277338,275253,2
"89F9E725F908B7AB740CAEFC1444ED71B1352681","Tools\DirectX\Jun2010_XAudio_x86.cab",278060,278060,275939,2
"89F9E725F908B7AB740CAEFC1444ED71B1352681","Tools\DirectX\Mar2008_d3dx10_37_x64.cab",844884,844884,842194,2
"89F9E725F908B7AB740CAEFC1444ED71B1352681","Tools\DirectX\Mar2008_d3dx10_37_x86.cab",818260,818260,815183,2
"89F9E725F908B7AB740CAEFC1444ED71B1352681","Tools\DirectX\Mar2008_d3dx9_37_x64.cab",1769862,1769862,1766187,2
"89F9E725F908B7AB740CAEFC1444ED71B1352681","Tools\DirectX\Mar2008_d3dx9_37_x86.cab",1443282,1443282,1439864,2
"89F9E725F908B7AB740CAEFC1444ED71B1352681","Tools\DirectX\Mar2008_X3DAudio_x64.cab",55058,55058,52851,2
"89F9E725F908B7AB740CAEFC1444ED71B1352681","Tools\DirectX\Mar2008_X3DAudio_x86.cab",21867,21867,19616,2
"89F9E725F908B7AB740CAEFC1444ED71B1352681","Tools\DirectX\Mar2008_XACT_x64.cab",122336,122336,120202,2
"89F9E725F908B7AB740CAEFC1444ED71B1352681","Tools\DirectX\Mar2008_XACT_x86.cab",93734,93734,91589,2
"89F9E725F908B7AB740CAEFC1444ED71B1352681","Tools\DirectX\Mar2008_XAudio_x64.cab",251194,251194,249162,2
"89F9E725F908B7AB740CAEFC1444ED71B1352681","Tools\DirectX\Mar2008_XAudio_x86.cab",226250,226250,224152,2
"89F9E725F908B7AB740CAEFC1444ED71B1352681","Tools\DirectX\Mar2009_d3dx10_41_x64.cab",1067160,1067160,1060563,2
"89F9E725F908B7AB740CAEFC1444ED71B1352681","Tools\DirectX\Mar2009_d3dx10_41_x86.cab",1040745,1040745,1035703,2
"89F9E725F908B7AB740CAEFC1444ED71B1352681","Tools\DirectX\Mar2009_d3dx9_41_x64.cab",1973702,1973702,1966092,2
"89F9E725F908B7AB740CAEFC1444ED71B1352681","Tools\DirectX\Mar2009_d3dx9_41_x86.cab",1612446,1612446,1607990,2
"89F9E725F908B7AB740CAEFC1444ED71B1352681","Tools\DirectX\Mar2009_X3DAudio_x64.cab",54600,54600,52391,2
"89F9E725F908B7AB740CAEFC1444ED71B1352681","Tools\DirectX\Mar2009_X3DAudio_x86.cab",21298,21298,19078,2
"89F9E725F908B7AB740CAEFC1444ED71B1352681","Tools\DirectX\Mar2009_XACT_x64.cab",121506,121506,119420,2
"89F9E725F908B7AB740CAEFC1444ED71B1352681","Tools\DirectX\Mar2009_XACT_x86.cab",92740,92740,90591,2
"89F9E725F908B7AB740CAEFC1444ED71B1352681","Tools\DirectX\Mar2009_XAudio_x64.cab",275044,275044,272953,2
"89F9E725F908B7AB740CAEFC1444ED71B1352681","Tools\DirectX\Mar2009_XAudio_x86.cab",273018,273018,270882,2
"89F9E725F908B7AB740CAEFC1444ED71B1352681","Tools\DirectX\Nov2007_d3dx10_36_x64.cab",864600,864600,862545,2
"89F9E725F908B7AB740CAEFC1444ED71B1352681","Tools\DirectX\Nov2007_d3dx10_36_x86.cab",803884,803884,801800,2
"89F9E725F908B7AB740CAEFC1444ED71B1352681","Tools\DirectX\Nov2007_d3dx9_36_x64.cab",1802058,1802058,1799814,2
"89F9E725F908B7AB740CAEFC1444ED71B1352681","Tools\DirectX\Nov2007_d3dx9_36_x86.cab",1709360,1709360,1704019,2
"89F9E725F908B7AB740CAEFC1444ED71B1352681","Tools\DirectX\NOV2007_X3DAudio_x64.cab",46144,46144,43941,2
"89F9E725F908B7AB740CAEFC1444ED71B1352681","Tools\DirectX\NOV2007_X3DAudio_x86.cab",18496,18496,16258,2
"89F9E725F908B7AB740CAEFC1444ED71B1352681","Tools\DirectX\NOV2007_XACT_x64.cab",196762,196762,194700,2
"89F9E725F908B7AB740CAEFC1444ED71B1352681","Tools\DirectX\NOV2007_XACT_x86.cab",148264,148264,146169,2
"89F9E725F908B7AB740CAEFC1444ED71B1352681","Tools\DirectX\Nov2008_d3dx10_40_x64.cab",994154,994154,988636,2
"89F9E725F908B7AB740CAEFC1444ED71B1352681","Tools\DirectX\Nov2008_d3dx10_40_x86.cab",965421,965421,961167,2
"89F9E725F908B7AB740CAEFC1444ED71B1352681","Tools\DirectX\Nov2008_d3dx9_40_x64.cab",1906878,1906878,1900499,2
"89F9E725F908B7AB740CAEFC1444ED71B1352681","Tools\DirectX\Nov2008_d3dx9_40_x86.cab",1550796,1550796,1546785,2
"89F9E725F908B7AB740CAEFC1444ED71B1352681","Tools\DirectX\Nov2008_X3DAudio_x64.cab",54522,54522,52317,2
"89F9E725F908B7AB740CAEFC1444ED71B1352681","Tools\DirectX\Nov2008_X3DAudio_x86.cab",21851,21851,19598,2
"89F9E725F908B7AB740CAEFC1444ED71B1352681","Tools\DirectX\Nov2008_XACT_x64.cab",121794,121794,119696,2
"89F9E725F908B7AB740CAEFC1444ED71B1352681","Tools\DirectX\Nov2008_XACT_x86.cab",92684,92684,90518,2
"89F9E725F908B7AB740CAEFC1444ED71B1352681","Tools\DirectX\Nov2008_XAudio_x64.cab",273960,273960,271856,2
"89F9E725F908B7AB740CAEFC1444ED71B1352681","Tools\DirectX\Nov2008_XAudio_x86.cab",272611,272611,270502,2
"89F9E725F908B7AB740CAEFC1444ED71B1352681","Tools\DirectX\Oct2005_xinput_x64.cab",86037,86037,83861,2
"89F9E725F908B7AB740CAEFC1444ED71B1352681","Tools\DirectX\Oct2005_xinput_x86.cab",45359,45359,43194,2
"89F9E725F908B7AB740CAEFC1444ED71B1352681","Tools\DirectX\OCT2006_d3dx9_31_x64.cab",1412902,1412902,1410210,2
"89F9E725F908B7AB740CAEFC1444ED71B1352681","Tools\DirectX\OCT2006_d3dx9_31_x86.cab",1127217,1127217,1122040,2
"89F9E725F908B7AB740CAEFC1444ED71B1352681","Tools\DirectX\OCT2006_XACT_x64.cab",182361,182361,180283,2
"89F9E725F908B7AB740CAEFC1444ED71B1352681","Tools\DirectX\OCT2006_XACT_x86.cab",138017,138017,135912,2
"89F9E725F908B7AB740CAEFC1444ED71B1352681","hunter\sdf\pc\data\sdf.sdftoc",73020233,73020233,72140918,5
"89F9E725F908B7AB740CAEFC1444ED71B1352681","hunter\sdf\pc\data\sdf.sdfver",9004,9004,2998,5
"89F9E725F908B7AB740CAEFC1444ED71B1352681","hunter\sdf\pc\data\sdf-A-0000.sdfdata",550531136,550531136,483061118,5
"89F9E725F908B7AB740CAEFC1444ED71B1352681","hunter\sdf\pc\data\sdf-A-0002.sdfdata",33554417,33554417,26487808,5
"89F9E725F908B7AB740CAEFC1444ED71B1352681","hunter\sdf\pc\data\sdf-A-0003.sdfdata",4018528,4018528,3572658,5
"89F9E725F908B7AB740CAEFC1444ED71B1352681","hunter\sdf\pc\data\sdf-A-0004.sdfdata",2432753,2432753,1937831,5
"89F9E725F908B7AB740CAEFC1444ED71B1352681","hunter\sdf\pc\data\sdf-A-0005.sdfdata",2360682,2360682,1885588,5
"89F9E725F908B7AB740CAEFC1444ED71B1352681","hunter\sdf\pc\data\sdf-A-0006.sdfdata",2585492,2585492,1915241,5
"89F9E725F908B7AB740CAEFC1444ED71B1352681","hunter\sdf\pc\data\sdf-A-0007.sdfdata",2315877,2315877,1869185,5
"89F9E725F908B7AB740CAEFC1444ED71B1352681","hunter\sdf\pc\data\sdf-A-0008.sdfdata",2528419,2528419,2040601,5
"89F9E725F908B7AB740CAEFC1444ED71B1352681","hunter\sdf\pc\data\sdf-A-0009.sdfdata",2511752,2511752,2079348,5
"89F9E725F908B7AB740CAEFC1444ED71B1352681","hunter\sdf\pc\data\sdf-A-0010.sdfdata",4680399,4680399,3813289,5
"89F9E725F908B7AB740CAEFC1444ED71B1352681","hunter\sdf\pc\data\sdf-A-0011.sdfdata",2601841,2601841,1947632,5
"89F9E725F908B7AB740CAEFC1444ED71B1352681","hunter\sdf\pc\data\sdf-A-0012.sdfdata",2278002,2278002,1903348,5
"89F9E725F908B7AB740CAEFC1444ED71B1352681","hunter\sdf\pc\data\sdf-A-0013.sdfdata",2581683,2581683,2059759,5
"89F9E725F908B7AB740CAEFC1444ED71B1352681","hunter\sdf\pc\data\sdf-A-0014.sdfdata",7746427,7746427,6199834,5
"89F9E725F908B7AB740CAEFC1444ED71B1352681","hunter\sdf\pc\data\sdf-A-0015.sdfdata",2416103,2416103,2022193,5
"89F9E725F908B7AB740CAEFC1444ED71B1352681","hunter\sdf\pc\data\sdf-A-0016.sdfdata",98108,98108,52092,5
"89F9E725F908B7AB740CAEFC1444ED71B1352681","hunter\sdf\pc\data\sdf-A-0017.sdfdata",16121,16121,10647,5
"89F9E725F908B7AB740CAEFC1444ED71B1352681","hunter\sdf\pc\data\sdf-A-0018.sdfdata",30192,30192,15419,5
"89F9E725F908B7AB740CAEFC1444ED71B1352681","hunter\sdf\pc\data\sdf-A-0019.sdfdata",40345,40345,7663,5
"89F9E725F908B7AB740CAEFC1444ED71B1352681","hunter\sdf\pc\data\sdf-A-0020.sdfdata",16738124,16738124,15479720,5
"89F9E725F908B7AB740CAEFC1444ED71B1352681","hunter\sdf\pc\data\sdf-A-0021.sdfdata",5731307,5731307,5578347,5
"89F9E725F908B7AB740CAEFC1444ED71B1352681","hunter\sdf\pc\data\sdf-A-0022.sdfdata",2564259,2564259,2492090,5
"89F9E725F908B7AB740CAEFC1444ED71B1352681","hunter\sdf\pc\data\sdf-A-0023.sdfdata",11908438,11908438,11529073,5
"89F9E725F908B7AB740CAEFC1444ED71B1352681","hunter\sdf\pc\data\sdf-A-0024.sdfdata",14737830,14737830,14278173,5
"89F9E725F908B7AB740CAEFC1444ED71B1352681","hunter\sdf\pc\data\sdf-A-0025.sdfdata",27738082,27738082,26564346,5
"89F9E725F908B7AB740CAEFC1444ED71B1352681","hunter\sdf\pc\data\sdf-A-0026.sdfdata",1114308,1114308,1096851,5
"89F9E725F908B7AB740CAEFC1444ED71B1352681","hunter\sdf\pc\data\sdf-A-0027.sdfdata",15866268,15866268,14911449,5
"89F9E725F908B7AB740CAEFC1444ED71B1352681","hunter\sdf\pc\data\sdf-A-0028.sdfdata",2127697,2127697,1993459,5
"89F9E725F908B7AB740CAEFC1444ED71B1352681","hunter\sdf\pc\data\sdf-A-0029.sdfdata",25915208,25915208,24388520,5
"89F9E725F908B7AB740CAEFC1444ED71B1352681","hunter\sdf\pc\data\sdf-A-0030.sdfdata",4513667,4513667,4434945,5
"89F9E725F908B7AB740CAEFC1444ED71B1352681","hunter\sdf\pc\data\sdf-A-0031.sdfdata",33505543,33505543,32292703,5
"89F9E725F908B7AB740CAEFC1444ED71B1352681","hunter\sdf\pc\data\sdf-A-0032.sdfdata",34158075,34158075,31505708,5
"89F9E725F908B7AB740CAEFC1444ED71B1352681","hunter\sdf\pc\data\sdf-A-0033.sdfdata",15558519,15558519,15403357,5
"89F9E725F908B7AB740CAEFC1444ED71B1352681","hunter\sdf\pc\data\sdf-A-0034.sdfdata",45226292,45226292,44445290,5
"89F9E725F908B7AB740CAEFC1444ED71B1352681","hunter\sdf\pc\data\sdf-A-0035.sdfdata",11706074,11706074,10966932,5
"89F9E725F908B7AB740CAEFC1444ED71B1352681","hunter\sdf\pc\data\sdf-A-0036.sdfdata",20449764,20449764,19354854,5
"89F9E725F908B7AB740CAEFC1444ED71B1352681","hunter\sdf\pc\data\sdf-A-0037.sdfdata",19888203,19888203,18957300,5
"89F9E725F908B7AB740CAEFC1444ED71B1352681","hunter\sdf\pc\data\sdf-A-0038.sdfdata",21489077,21489077,20353886,5
"89F9E725F908B7AB740CAEFC1444ED71B1352681","hunter\sdf\pc\data\sdf-A-0039.sdfdata",20436946,20436946,19100305,5
"89F9E725F908B7AB740CAEFC1444ED71B1352681","hunter\sdf\pc\data\sdf-A-0040.sdfdata",12823764,12823764,12225964,5
"89F9E725F908B7AB740CAEFC1444ED71B1352681","hunter\sdf\pc\data\sdf-A-0041.sdfdata",16851145,16851145,15642585,5
"89F9E725F908B7AB740CAEFC1444ED71B1352681","hunter\sdf\pc\data\sdf-A-0042.sdfdata",24973044,24973044,23662938,5
"89F9E725F908B7AB740CAEFC1444ED71B1352681","hunter\sdf\pc\data\sdf-A-0043.sdfdata",17187658,17187658,16134146,5
"89F9E725F908B7AB740CAEFC1444ED71B1352681","hunter\sdf\pc\data\sdf-A-0044.sdfdata",18770867,18770867,18035336,5
"89F9E725F908B7AB740CAEFC1444ED71B1352681","hunter\sdf\pc\data\sdf-A-0045.sdfdata",29250461,29250461,27662896,5
"89F9E725F908B7AB740CAEFC1444ED71B1352681","hunter\sdf\pc\data\sdf-A-0046.sdfdata",28163825,28163825,26889267,5
"89F9E725F908B7AB740CAEFC1444ED71B1352681","hunter\sdf\pc\data\sdf-A-0047.sdfdata",27967531,27967531,25960002,5
"89F9E725F908B7AB740CAEFC1444ED71B1352681","hunter\sdf\pc\data\sdf-A-0048.sdfdata",16938213,16938213,16095102,5
"89F9E725F908B7AB740CAEFC1444ED71B1352681","hunter\sdf\pc\data\sdf-A-0049.sdfdata",25771655,25771655,24401344,5
"89F9E725F908B7AB740CAEFC1444ED71B1352681","hunter\sdf\pc\data\sdf-A-0050.sdfdata",22863500,22863500,21748028,5
"89F9E725F908B7AB740CAEFC1444ED71B1352681","hunter\sdf\pc\data\sdf-A-0051.sdfdata",19851316,19851316,18908779,5
"89F9E725F908B7AB740CAEFC1444ED71B1352681","hunter\sdf\pc\data\sdf-A-0052.sdfdata",18515190,18515190,17609058,5
"89F9E725F908B7AB740CAEFC1444ED71B1352681","hunter\sdf\pc\data\sdf-A-0053.sdfdata",18913028,18913028,17929173,5
"89F9E725F908B7AB740CAEFC1444ED71B1352681","hunter\sdf\pc\data\sdf-A-0054.sdfdata",16121465,16121465,15275462,5
"89F9E725F908B7AB740CAEFC1444ED71B1352681","hunter\sdf\pc\data\sdf-A-0055.sdfdata",19963960,19963960,18521011,5
"89F9E725F908B7AB740CAEFC1444ED71B1352681","hunter\sdf\pc\data\sdf-A-0056.sdfdata",13685987,13685987,12752269,5
"89F9E725F908B7AB740CAEFC1444ED71B1352681","hunter\sdf\pc\data\sdf-A-0057.sdfdata",51646662,51646662,50098329,5
"89F9E725F908B7AB740CAEFC1444ED71B1352681","hunter\sdf\pc\data\sdf-A-0058.sdfdata",37461481,37461481,36314930,5
"89F9E725F908B7AB740CAEFC1444ED71B1352681","hunter\sdf\pc\data\sdf-A-0059.sdfdata",23535707,23535707,22675375,5
"89F9E725F908B7AB740CAEFC1444ED71B1352681","hunter\sdf\pc\data\sdf-A-0060.sdfdata",33247941,33247941,25787699,5
"89F9E725F908B7AB740CAEFC1444ED71B1352681","hunter\sdf\pc\data\sdf-A-0061.sdfdata",33244879,33244879,25700133,5
"89F9E725F908B7AB740CAEFC1444ED71B1352681","hunter\sdf\pc\data\sdf-A-0062.sdfdata",33364895,33364895,25284533,5
"89F9E725F908B7AB740CAEFC1444ED71B1352681","hunter\sdf\pc\data\sdf-A-0063.sdfdata",33318299,33318299,25515388,5
"89F9E725F908B7AB740CAEFC1444ED71B1352681","hunter\sdf\pc\data\sdf-A-0064.sdfdata",33441669,33441669,21423229,5
"89F9E725F908B7AB740CAEFC1444ED71B1352681","hunter\sdf\pc\data\sdf-A-0065.sdfdata",33480181,33480181,21820149,5
"89F9E725F908B7AB740CAEFC1444ED71B1352681","hunter\sdf\pc\data\sdf-A-0066.sdfdata",33291006,33291006,22590748,5
"89F9E725F908B7AB740CAEFC1444ED71B1352681","hunter\sdf\pc\data\sdf-A-0067.sdfdata",33511140,33511140,25617567,5
"89F9E725F908B7AB740CAEFC1444ED71B1352681","hunter\sdf\pc\data\sdf-A-0068.sdfdata",33246775,33246775,21589692,5
"89F9E725F908B7AB740CAEFC1444ED71B1352681","hunter\sdf\pc\data\sdf-A-0069.sdfdata",322219,322219,285608,5
"89F9E725F908B7AB740CAEFC1444ED71B1352681","hunter\sdf\pc\data\sdf-A-0070.sdfdata",474203,474203,431640,5
"89F9E725F908B7AB740CAEFC1444ED71B1352681","hunter\sdf\pc\data\sdf-A-0071.sdfdata",5157160,5157160,3776219,5
"89F9E725F908B7AB740CAEFC1444ED71B1352681","hunter\sdf\pc\data\sdf-A-0072.sdfdata",349738,349738,300396,5
"89F9E725F908B7AB740CAEFC1444ED71B1352681","hunter\sdf\pc\data\sdf-A-0073.sdfdata",413519,413519,308466,5
"89F9E725F908B7AB740CAEFC1444ED71B1352681","hunter\sdf\pc\data\sdf-A-0074.sdfdata",878655,878655,703035,5
"89F9E725F908B7AB740CAEFC1444ED71B1352681","hunter\sdf\pc\data\sdf-A-0075.sdfdata",14072077,14072077,9971492,5
"89F9E725F908B7AB740CAEFC1444ED71B1352681","hunter\sdf\pc\data\sdf-A-0076.sdfdata",224131,224131,166799,5
"89F9E725F908B7AB740CAEFC1444ED71B1352681","hunter\sdf\pc\data\sdf-A-0077.sdfdata",8249522,8249522,5772744,5
"89F9E725F908B7AB740CAEFC1444ED71B1352681","hunter\sdf\pc\data\sdf-A-0078.sdfdata",920322,920322,861589,5
"89F9E725F908B7AB740CAEFC1444ED71B1352681","hunter\sdf\pc\data\sdf-A-0079.sdfdata",5123591,5123591,3267627,5
"89F9E725F908B7AB740CAEFC1444ED71B1352681","hunter\sdf\pc\data\sdf-A-0080.sdfdata",2002722,2002722,1373319,5
"89F9E725F908B7AB740CAEFC1444ED71B1352681","hunter\sdf\pc\data\sdf-A-0081.sdfdata",1600509,1600509,1326605,5
"89F9E725F908B7AB740CAEFC1444ED71B1352681","hunter\sdf\pc\data\sdf-A-0082.sdfdata",5721352,5721352,3688069,5
"89F9E725F908B7AB740CAEFC1444ED71B1352681","hunter\sdf\pc\data\sdf-A-0083.sdfdata",7392863,7392863,5125507,5
"89F9E725F908B7AB740CAEFC1444ED71B1352681","hunter\sdf\pc\data\sdf-A-0084.sdfdata",9622060,9622060,6782913,5
"89F9E725F908B7AB740CAEFC1444ED71B1352681","hunter\sdf\pc\data\sdf-A-0085.sdfdata",2395211,2395211,1826521,5
"89F9E725F908B7AB740CAEFC1444ED71B1352681","hunter\sdf\pc\data\sdf-A-0086.sdfdata",5764797,5764797,4055805,5
"89F9E725F908B7AB740CAEFC1444ED71B1352681","hunter\sdf\pc\data\sdf-A-0087.sdfdata",466645,466645,390551,5
"89F9E725F908B7AB740CAEFC1444ED71B1352681","hunter\sdf\pc\data\sdf-A-0088.sdfdata",67157,67157,61678,5
"89F9E725F908B7AB740CAEFC1444ED71B1352681","hunter\sdf\pc\data\sdf-A-0089.sdfdata",1918744,1918744,1662395,5
"89F9E725F908B7AB740CAEFC1444ED71B1352681","hunter\sdf\pc\data\sdf-A-0090.sdfdata",34263,34263,32743,5
"89F9E725F908B7AB740CAEFC1444ED71B1352681","hunter\sdf\pc\data\sdf-A-0091.sdfdata",5139,5139,3229,5
"89F9E725F908B7AB740CAEFC1444ED71B1352681","hunter\sdf\pc\data\sdf-A-0092.sdfdata",21210,21210,10722,5
"89F9E725F908B7AB740CAEFC1444ED71B1352681","hunter\sdf\pc\data\sdf-A-0093.sdfdata",114274,114274,106501,5
"89F9E725F908B7AB740CAEFC1444ED71B1352681","hunter\sdf\pc\data\sdf-A-0100.sdfdata",25851429,25851429,20913022,5
"89F9E725F908B7AB740CAEFC1444ED71B1352681","hunter\sdf\pc\data\sdf-A-0101.sdfdata",33426629,33426629,31023610,5
"89F9E725F908B7AB740CAEFC1444ED71B1352681","hunter\sdf\pc\data\sdf-A-0102.sdfdata",33094150,33094150,29149985,5
"89F9E725F908B7AB740CAEFC1444ED71B1352681","hunter\sdf\pc\data\sdf-A-0103.sdfdata",26367407,26367407,23201325,5
"89F9E725F908B7AB740CAEFC1444ED71B1352681","hunter\sdf\pc\data\sdf-A-0104.sdfdata",15381685,15381685,13413170,5
"89F9E725F908B7AB740CAEFC1444ED71B1352681","hunter\sdf\pc\data\sdf-A-0105.sdfdata",22680246,22680246,20259508,5
"89F9E725F908B7AB740CAEFC1444ED71B1352681","hunter\sdf\pc\data\sdf-A-0106.sdfdata",33221687,33221687,31838697,5
"89F9E725F908B7AB740CAEFC1444ED71B1352681","hunter\sdf\pc\data\sdf-A-0107.sdfdata",30786234,30786234,29433512,5
"89F9E725F908B7AB740CAEFC1444ED71B1352681","hunter\sdf\pc\data\sdf-A-0108.sdfdata",31922303,31922303,30723762,5
"89F9E725F908B7AB740CAEFC1444ED71B1352681","hunter\sdf\pc\data\sdf-A-0109.sdfdata",33753816,33753816,31513589,5
"89F9E725F908B7AB740CAEFC1444ED71B1352681","hunter\sdf\pc\data\sdf-A-0110.sdfdata",33543954,33543954,32571499,5
"89F9E725F908B7AB740CAEFC1444ED71B1352681","hunter\sdf\pc\data\sdf-A-0111.sdfdata",31866463,31866463,30892059,5
"89F9E725F908B7AB740CAEFC1444ED71B1352681","hunter\sdf\pc\data\sdf-A-0112.sdfdata",29798733,29798733,28763702,5
"89F9E725F908B7AB740CAEFC1444ED71B1352681","hunter\sdf\pc\data\sdf-A-0113.sdfdata",32969931,32969931,31554492,5
"89F9E725F908B7AB740CAEFC1444ED71B1352681","hunter\sdf\pc\data\sdf-A-0114.sdfdata",33180958,33180958,31833704,5
"89F9E725F908B7AB740CAEFC1444ED71B1352681","hunter\sdf\pc\data\sdf-A-0115.sdfdata",30045018,30045018,28632784,5
"89F9E725F908B7AB740CAEFC1444ED71B1352681","hunter\sdf\pc\data\sdf-A-0116.sdfdata",27926218,27926218,26560326,5
"89F9E725F908B7AB740CAEFC1444ED71B1352681","hunter\sdf\pc\data\sdf-A-0117.sdfdata",34693197,34693197,33090292,5
"89F9E725F908B7AB740CAEFC1444ED71B1352681","hunter\sdf\pc\data\sdf-A-0118.sdfdata",27345338,27345338,26012354,5
"89F9E725F908B7AB740CAEFC1444ED71B1352681","hunter\sdf\pc\data\sdf-A-0119.sdfdata",24927685,24927685,23844707,5
"89F9E725F908B7AB740CAEFC1444ED71B1352681","hunter\sdf\pc\data\sdf-A-0120.sdfdata",31234342,31234342,29977004,5
"89F9E725F908B7AB740CAEFC1444ED71B1352681","hunter\sdf\pc\data\sdf-A-0121.sdfdata",30833564,30833564,29552900,5
"89F9E725F908B7AB740CAEFC1444ED71B1352681","hunter\sdf\pc\data\sdf-A-0122.sdfdata",32620172,32620172,31478792,5
"89F9E725F908B7AB740CAEFC1444ED71B1352681","hunter\sdf\pc\data\sdf-A-0123.sdfdata",29824789,29824789,28750539,5
"89F9E725F908B7AB740CAEFC1444ED71B1352681","hunter\sdf\pc\data\sdf-A-0124.sdfdata",24825328,24825328,24212275,5
"89F9E725F908B7AB740CAEFC1444ED71B1352681","hunter\sdf\pc\data\sdf-A-0125.sdfdata",27571663,27571663,26772958,5
"89F9E725F908B7AB740CAEFC1444ED71B1352681","hunter\sdf\pc\data\sdf-A-0126.sdfdata",32154419,32154419,31092117,5
"89F9E725F908B7AB740CAEFC1444ED71B1352681","hunter\sdf\pc\data\sdf-A-0127.sdfdata",33061053,33061053,31665869,5
"89F9E725F908B7AB740CAEFC1444ED71B1352681","hunter\sdf\pc\data\sdf-A-0128.sdfdata",30442350,30442350,29177513,5
"89F9E725F908B7AB740CAEFC1444ED71B1352681","hunter\sdf\pc\data\sdf-A-0129.sdfdata",30344734,30344734,28971506,5
"89F9E725F908B7AB740CAEFC1444ED71B1352681","hunter\sdf\pc\data\sdf-A-0130.sdfdata",33619567,33619567,29846588,5
"89F9E725F908B7AB740CAEFC1444ED71B1352681","hunter\sdf\pc\data\sdf-A-0131.sdfdata",28242259,28242259,25103437,5
"89F9E725F908B7AB740CAEFC1444ED71B1352681","hunter\sdf\pc\data\sdf-A-0132.sdfdata",18090573,18090573,15936403,5
"89F9E725F908B7AB740CAEFC1444ED71B1352681","hunter\sdf\pc\data\sdf-A-0133.sdfdata",18850946,18850946,16720484,5
"89F9E725F908B7AB740CAEFC1444ED71B1352681","hunter\sdf\pc\data\sdf-A-0134.sdfdata",25204068,25204068,22793448,5
"89F9E725F908B7AB740CAEFC1444ED71B1352681","hunter\sdf\pc\data\sdf-A-0135.sdfdata",18593668,18593668,14070221,5
"89F9E725F908B7AB740CAEFC1444ED71B1352681","hunter\sdf\pc\data\sdf-A-0136.sdfdata",25352552,25352552,24048535,5
"89F9E725F908B7AB740CAEFC1444ED71B1352681","hunter\sdf\pc\data\sdf-A-0137.sdfdata",20858720,20858720,17811805,5
"89F9E725F908B7AB740CAEFC1444ED71B1352681","hunter\sdf\pc\data\sdf-A-0138.sdfdata",16632785,16632785,14560545,5
"89F9E725F908B7AB740CAEFC1444ED71B1352681","hunter\sdf\pc\data\sdf-A-0139.sdfdata",20323903,20323903,17874379,5
"89F9E725F908B7AB740CAEFC1444ED71B1352681","hunter\sdf\pc\data\sdf-A-0140.sdfdata",44119631,44119631,39289273,5
"89F9E725F908B7AB740CAEFC1444ED71B1352681","hunter\sdf\pc\data\sdf-A-0141.sdfdata",33760419,33760419,30213625,5
"89F9E725F908B7AB740CAEFC1444ED71B1352681","hunter\sdf\pc\data\sdf-A-0142.sdfdata",37630240,37630240,34499531,5
"89F9E725F908B7AB740CAEFC1444ED71B1352681","hunter\sdf\pc\data\sdf-A-0143.sdfdata",32972366,32972366,30293126,5
"89F9E725F908B7AB740CAEFC1444ED71B1352681","hunter\sdf\pc\data\sdf-A-0144.sdfdata",21730706,21730706,19827693,5
"89F9E725F908B7AB740CAEFC1444ED71B1352681","hunter\sdf\pc\data\sdf-A-0145.sdfdata",33922848,33922848,31707438,5
"89F9E725F908B7AB740CAEFC1444ED71B1352681","hunter\sdf\pc\data\sdf-A-0146.sdfdata",32483297,32483297,30751634,5
"89F9E725F908B7AB740CAEFC1444ED71B1352681","hunter\sdf\pc\data\sdf-A-0147.sdfdata",70529384,70529384,68635513,5
"89F9E725F908B7AB740CAEFC1444ED71B1352681","hunter\sdf\pc\data\sdf-A-0148.sdfdata",55605700,55605700,53735110,5
"89F9E725F908B7AB740CAEFC1444ED71B1352681","hunter\sdf\pc\data\sdf-A-0149.sdfdata",169443028,169443028,167020930,5
"89F9E725F908B7AB740CAEFC1444ED71B1352681","hunter\sdf\pc\data\sdf-A-0150.sdfdata",68740768,68740768,67538300,5
"89F9E725F908B7AB740CAEFC1444ED71B1352681","hunter\sdf\pc\data\sdf-A-0151.sdfdata",91799652,91799652,90624465,5
"89F9E725F908B7AB740CAEFC1444ED71B1352681","hunter\sdf\pc\data\sdf-A-0152.sdfdata",88181572,88181572,85948544,5
"89F9E725F908B7AB740CAEFC1444ED71B1352681","hunter\sdf\pc\data\sdf-A-0153.sdfdata",63241800,63241800,61705723,5
"89F9E725F908B7AB740CAEFC1444ED71B1352681","hunter\sdf\pc\data\sdf-A-0154.sdfdata",72483804,72483804,70844253,5
"89F9E725F908B7AB740CAEFC1444ED71B1352681","hunter\sdf\pc\data\sdf-A-0155.sdfdata",28858436,28858436,26126814,5
"89F9E725F908B7AB740CAEFC1444ED71B1352681","hunter\sdf\pc\data\sdf-A-0156.sdfdata",27941614,27941614,27466987,5
"89F9E725F908B7AB740CAEFC1444ED71B1352681","hunter\sdf\pc\data\sdf-A-0157.sdfdata",34805336,34805336,34559193,5
"89F9E725F908B7AB740CAEFC1444ED71B1352681","hunter\sdf\pc\data\sdf-A-0158.sdfdata",34593887,34593887,34381012,5
"89F9E725F908B7AB740CAEFC1444ED71B1352681","hunter\sdf\pc\data\sdf-A-0159.sdfdata",33589922,33589922,33354368,5
"89F9E725F908B7AB740CAEFC1444ED71B1352681","hunter\sdf\pc\data\sdf-A-0160.sdfdata",35115460,35115460,34751601,5
"89F9E725F908B7AB740CAEFC1444ED71B1352681","hunter\sdf\pc\data\sdf-A-0161.sdfdata",30382629,30382629,28476750,5
"89F9E725F908B7AB740CAEFC1444ED71B1352681","hunter\sdf\pc\data\sdf-A-0162.sdfdata",35143444,35143444,34602750,5
"89F9E725F908B7AB740CAEFC1444ED71B1352681","hunter\sdf\pc\data\sdf-A-0163.sdfdata",34607014,34607014,34315069,5
"89F9E725F908B7AB740CAEFC1444ED71B1352681","hunter\sdf\pc\data\sdf-A-0164.sdfdata",39658092,39658092,39272265,5
"89F9E725F908B7AB740CAEFC1444ED71B1352681","hunter\sdf\pc\data\sdf-A-0165.sdfdata",34983190,34983190,34486782,5
"89F9E725F908B7AB740CAEFC1444ED71B1352681","hunter\sdf\pc\data\sdf-A-0166.sdfdata",34184080,34184080,33865567,5
"89F9E725F908B7AB740CAEFC1444ED71B1352681","hunter\sdf\pc\data\sdf-A-0167.sdfdata",39474961,39474961,39007207,5
"89F9E725F908B7AB740CAEFC1444ED71B1352681","hunter\sdf\pc\data\sdf-A-0168.sdfdata",33453996,33453996,32502231,5
"89F9E725F908B7AB740CAEFC1444ED71B1352681","hunter\sdf\pc\data\sdf-A-0169.sdfdata",32930808,32930808,32522848,5
"89F9E725F908B7AB740CAEFC1444ED71B1352681","hunter\sdf\pc\data\sdf-A-0170.sdfdata",34760215,34760215,34564988,5
"89F9E725F908B7AB740CAEFC1444ED71B1352681","hunter\sdf\pc\data\sdf-A-0171.sdfdata",34817004,34817004,34459347,5
"89F9E725F908B7AB740CAEFC1444ED71B1352681","hunter\sdf\pc\data\sdf-A-0172.sdfdata",37661757,37661757,37109166,5
"89F9E725F908B7AB740CAEFC1444ED71B1352681","hunter\sdf\pc\data\sdf-A-0173.sdfdata",34347060,34347060,33717001,5
"89F9E725F908B7AB740CAEFC1444ED71B1352681","hunter\sdf\pc\data\sdf-A-0174.sdfdata",34704350,34704350,34493251,5
"89F9E725F908B7AB740CAEFC1444ED71B1352681","hunter\sdf\pc\data\sdf-A-0175.sdfdata",36342924,36342924,35670379,5
"89F9E725F908B7AB740CAEFC1444ED71B1352681","hunter\sdf\pc\data\sdf-A-0176.sdfdata",87005592,87005592,85886072,5
"89F9E725F908B7AB740CAEFC1444ED71B1352681","hunter\sdf\pc\data\sdf-A-0177.sdfdata",44892636,44892636,43760982,5
"89F9E725F908B7AB740CAEFC1444ED71B1352681","hunter\sdf\pc\data\sdf-A-0178.sdfdata",25478652,25478652,22150371,5
"89F9E725F908B7AB740CAEFC1444ED71B1352681","hunter\sdf\pc\data\sdf-A-0179.sdfdata",29797029,29797029,26517109,5
"89F9E725F908B7AB740CAEFC1444ED71B1352681","hunter\sdf\pc\data\sdf-A-0180.sdfdata",31127039,31127039,27505921,5
"89F9E725F908B7AB740CAEFC1444ED71B1352681","hunter\sdf\pc\data\sdf-A-0181.sdfdata",32156032,32156032,27932808,5
"89F9E725F908B7AB740CAEFC1444ED71B1352681","hunter\sdf\pc\data\sdf-A-0182.sdfdata",21904271,21904271,20036056,5
"89F9E725F908B7AB740CAEFC1444ED71B1352681","hunter\sdf\pc\data\sdf-A-0183.sdfdata",26791651,26791651,25683675,5
"89F9E725F908B7AB740CAEFC1444ED71B1352681","hunter\sdf\pc\data\sdf-A-0184.sdfdata",27229745,27229745,25333327,5
"89F9E725F908B7AB740CAEFC1444ED71B1352681","hunter\sdf\pc\data\sdf-A-0185.sdfdata",29478569,29478569,26181092,5
"89F9E725F908B7AB740CAEFC1444ED71B1352681","hunter\sdf\pc\data\sdf-A-0186.sdfdata",35430835,35430835,32476594,5
"89F9E725F908B7AB740CAEFC1444ED71B1352681","hunter\sdf\pc\data\sdf-A-0187.sdfdata",30852222,30852222,25623061,5
"89F9E725F908B7AB740CAEFC1444ED71B1352681","hunter\sdf\pc\data\sdf-A-0188.sdfdata",32656117,32656117,31327844,5
"89F9E725F908B7AB740CAEFC1444ED71B1352681","hunter\sdf\pc\data\sdf-A-0189.sdfdata",33621828,33621828,32342088,5
"89F9E725F908B7AB740CAEFC1444ED71B1352681","hunter\sdf\pc\data\sdf-A-0190.sdfdata",33436116,33436116,32526761,5
"89F9E725F908B7AB740CAEFC1444ED71B1352681","hunter\sdf\pc\data\sdf-A-0191.sdfdata",33589494,33589494,32730092,5
"89F9E725F908B7AB740CAEFC1444ED71B1352681","hunter\sdf\pc\data\sdf-A-0192.sdfdata",33663074,33663074,32676584,5
"89F9E725F908B7AB740CAEFC1444ED71B1352681","hunter\sdf\pc\data\sdf-A-0193.sdfdata",32282559,32282559,25552853,5
"89F9E725F908B7AB740CAEFC1444ED71B1352681","hunter\sdf\pc\data\sdf-A-0194.sdfdata",32269561,32269561,10774563,5
"89F9E725F908B7AB740CAEFC1444ED71B1352681","hunter\sdf\pc\data\sdf-A-0195.sdfdata",23483691,23483691,21379339,5
"89F9E725F908B7AB740CAEFC1444ED71B1352681","hunter\sdf\pc\data\sdf-A-0196.sdfdata",38067086,38067086,36538506,5
"89F9E725F908B7AB740CAEFC1444ED71B1352681","hunter\sdf\pc\data\sdf-A-0197.sdfdata",33794294,33794294,31994122,5
"89F9E725F908B7AB740CAEFC1444ED71B1352681","hunter\sdf\pc\data\sdf-A-0198.sdfdata",38780034,38780034,36987129,5
"89F9E725F908B7AB740CAEFC1444ED71B1352681","hunter\sdf\pc\data\sdf-A-0199.sdfdata",35378819,35378819,33270089,5
"89F9E725F908B7AB740CAEFC1444ED71B1352681","hunter\sdf\pc\data\sdf-A-0200.sdfdata",32044926,32044926,29131477,5
"89F9E725F908B7AB740CAEFC1444ED71B1352681","hunter\sdf\pc\data\sdf-A-0201.sdfdata",135371444,135371444,134273254,5
"89F9E725F908B7AB740CAEFC1444ED71B1352681","hunter\sdf\pc\data\sdf-A-0202.sdfdata",86432012,86432012,84603081,5
"89F9E725F908B7AB740CAEFC1444ED71B1352681","hunter\sdf\pc\data\sdf-A-0203.sdfdata",142653404,142653404,140938821,5
"89F9E725F908B7AB740CAEFC1444ED71B1352681","hunter\sdf\pc\data\sdf-A-0204.sdfdata",71754124,71754124,70839046,5
"89F9E725F908B7AB740CAEFC1444ED71B1352681","hunter\sdf\pc\data\sdf-A-0205.sdfdata",32431325,32431325,30688226,5
"89F9E725F908B7AB740CAEFC1444ED71B1352681","hunter\sdf\pc\data\sdf-A-0206.sdfdata",136268796,136268796,133894034,5
"89F9E725F908B7AB740CAEFC1444ED71B1352681","hunter\sdf\pc\data\sdf-A-0207.sdfdata",24829912,24829912,23315119,5
"89F9E725F908B7AB740CAEFC1444ED71B1352681","hunter\sdf\pc\data\sdf-A-0208.sdfdata",20635580,20635580,19923573,5
"89F9E725F908B7AB740CAEFC1444ED71B1352681","hunter\sdf\pc\data\sdf-A-0209.sdfdata",17908163,17908163,17259138,5
"89F9E725F908B7AB740CAEFC1444ED71B1352681","hunter\sdf\pc\data\sdf-A-0210.sdfdata",23013652,23013652,20516496,5
"89F9E725F908B7AB740CAEFC1444ED71B1352681","hunter\sdf\pc\data\sdf-A-0211.sdfdata",21121017,21121017,20165282,5
"89F9E725F908B7AB740CAEFC1444ED71B1352681","hunter\sdf\pc\data\sdf-A-0212.sdfdata",20669026,20669026,19652389,5
"89F9E725F908B7AB740CAEFC1444ED71B1352681","hunter\sdf\pc\data\sdf-A-0213.sdfdata",31177099,31177099,30306649,5
"89F9E725F908B7AB740CAEFC1444ED71B1352681","hunter\sdf\pc\data\sdf-A-0214.sdfdata",26236331,26236331,25207508,5
"89F9E725F908B7AB740CAEFC1444ED71B1352681","hunter\sdf\pc\data\sdf-A-0215.sdfdata",36682770,36682770,34552327,5
"89F9E725F908B7AB740CAEFC1444ED71B1352681","hunter\sdf\pc\data\sdf-A-0216.sdfdata",30746603,30746603,29658502,5
"89F9E725F908B7AB740CAEFC1444ED71B1352681","hunter\sdf\pc\data\sdf-A-0217.sdfdata",25060924,25060924,24137849,5
"89F9E725F908B7AB740CAEFC1444ED71B1352681","hunter\sdf\pc\data\sdf-A-0218.sdfdata",30874381,30874381,27026315,5
"89F9E725F908B7AB740CAEFC1444ED71B1352681","hunter\sdf\pc\data\sdf-A-0219.sdfdata",34854746,34854746,33570812,5
"89F9E725F908B7AB740CAEFC1444ED71B1352681","hunter\sdf\pc\data\sdf-A-0220.sdfdata",24797177,24797177,23745169,5
"89F9E725F908B7AB740CAEFC1444ED71B1352681","hunter\sdf\pc\data\sdf-A-0221.sdfdata",24623551,24623551,23318935,5
"89F9E725F908B7AB740CAEFC1444ED71B1352681","hunter\sdf\pc\data\sdf-A-0222.sdfdata",22330742,22330742,21178144,5
"89F9E725F908B7AB740CAEFC1444ED71B1352681","hunter\sdf\pc\data\sdf-A-0223.sdfdata",22206048,22206048,20964423,5
"89F9E725F908B7AB740CAEFC1444ED71B1352681","hunter\sdf\pc\data\sdf-A-0224.sdfdata",21910346,21910346,20406996,5
"89F9E725F908B7AB740CAEFC1444ED71B1352681","hunter\sdf\pc\data\sdf-A-0225.sdfdata",34180778,34180778,28934228,5
"89F9E725F908B7AB740CAEFC1444ED71B1352681","hunter\sdf\pc\data\sdf-A-0226.sdfdata",39548642,39548642,35322091,5
"89F9E725F908B7AB740CAEFC1444ED71B1352681","hunter\sdf\pc\data\sdf-A-0227.sdfdata",23651116,23651116,19971541,5
"89F9E725F908B7AB740CAEFC1444ED71B1352681","hunter\sdf\pc\data\sdf-A-0228.sdfdata",22203825,22203825,20691739,5
"89F9E725F908B7AB740CAEFC1444ED71B1352681","hunter\sdf\pc\data\sdf-A-0229.sdfdata",25275747,25275747,24012722,5
"89F9E725F908B7AB740CAEFC1444ED71B1352681","hunter\sdf\pc\data\sdf-A-0230.sdfdata",20935655,20935655,19003009,5
"89F9E725F908B7AB740CAEFC1444ED71B1352681","hunter\sdf\pc\data\sdf-A-0231.sdfdata",29109357,29109357,27064776,5
"89F9E725F908B7AB740CAEFC1444ED71B1352681","hunter\sdf\pc\data\sdf-A-0232.sdfdata",33772241,33772241,32332956,5
"89F9E725F908B7AB740CAEFC1444ED71B1352681","hunter\sdf\pc\data\sdf-A-0233.sdfdata",30267491,30267491,29539222,5
"89F9E725F908B7AB740CAEFC1444ED71B1352681","hunter\sdf\pc\data\sdf-A-0234.sdfdata",32905162,32905162,32613144,5
"89F9E725F908B7AB740CAEFC1444ED71B1352681","hunter\sdf\pc\data\sdf-A-0235.sdfdata",29633428,29633428,29525665,5
"89F9E725F908B7AB740CAEFC1444ED71B1352681","hunter\sdf\pc\data\sdf-A-0236.sdfdata",34861125,34861125,34454988,5
"89F9E725F908B7AB740CAEFC1444ED71B1352681","hunter\sdf\pc\data\sdf-A-0237.sdfdata",35347590,35347590,35077922,5
"89F9E725F908B7AB740CAEFC1444ED71B1352681","hunter\sdf\pc\data\sdf-A-0238.sdfdata",33837265,33837265,33710367,5
"89F9E725F908B7AB740CAEFC1444ED71B1352681","hunter\sdf\pc\data\sdf-A-0239.sdfdata",30239299,30239299,28989384,5
"89F9E725F908B7AB740CAEFC1444ED71B1352681","hunter\sdf\pc\data\sdf-A-0240.sdfdata",32812446,32812446,32607109,5
"89F9E725F908B7AB740CAEFC1444ED71B1352681","hunter\sdf\pc\data\sdf-A-0241.sdfdata",38515713,38515713,38381622,5
"89F9E725F908B7AB740CAEFC1444ED71B1352681","hunter\sdf\pc\data\sdf-A-0242.sdfdata",31398512,31398512,30959341,5
"89F9E725F908B7AB740CAEFC1444ED71B1352681","hunter\sdf\pc\data\sdf-A-0243.sdfdata",26863224,26863224,26736182,5
"89F9E725F908B7AB740CAEFC1444ED71B1352681","hunter\sdf\pc\data\sdf-A-0244.sdfdata",36491247,36491247,35975588,5
"89F9E725F908B7AB740CAEFC1444ED71B1352681","hunter\sdf\pc\data\sdf-A-0245.sdfdata",34631657,34631657,34317768,5
"89F9E725F908B7AB740CAEFC1444ED71B1352681","hunter\sdf\pc\data\sdf-A-0246.sdfdata",34352829,34352829,34051524,5
"89F9E725F908B7AB740CAEFC1444ED71B1352681","hunter\sdf\pc\data\sdf-A-0247.sdfdata",22400286,22400286,22262951,5
"89F9E725F908B7AB740CAEFC1444ED71B1352681","hunter\sdf\pc\data\sdf-A-0248.sdfdata",24592251,24592251,24464383,5
"89F9E725F908B7AB740CAEFC1444ED71B1352681","hunter\sdf\pc\data\sdf-A-0249.sdfdata",24529228,24529228,23791588,5
"89F9E725F908B7AB740CAEFC1444ED71B1352681","hunter\sdf\pc\data\sdf-A-0250.sdfdata",34701408,34701408,33805844,5
"89F9E725F908B7AB740CAEFC1444ED71B1352681","hunter\sdf\pc\data\sdf-A-0251.sdfdata",28857697,28857697,28703236,5
"89F9E725F908B7AB740CAEFC1444ED71B1352681","hunter\sdf\pc\data\sdf-A-0252.sdfdata",34361030,34361030,34207952,5
"89F9E725F908B7AB740CAEFC1444ED71B1352681","hunter\sdf\pc\data\sdf-A-0253.sdfdata",28800543,28800543,28670346,5
"89F9E725F908B7AB740CAEFC1444ED71B1352681","hunter\sdf\pc\data\sdf-A-0254.sdfdata",39283084,39283084,38784018,5
"89F9E725F908B7AB740CAEFC1444ED71B1352681","hunter\sdf\pc\data\sdf-A-0255.sdfdata",28204170,28204170,28047197,5
"89F9E725F908B7AB740CAEFC1444ED71B1352681","hunter\sdf\pc\data\sdf-A-0256.sdfdata",34464386,34464386,34147666,5
"89F9E725F908B7AB740CAEFC1444ED71B1352681","hunter\sdf\pc\data\sdf-A-0257.sdfdata",27443513,27443513,27313180,5
"89F9E725F908B7AB740CAEFC1444ED71B1352681","hunter\sdf\pc\data\sdf-A-0258.sdfdata",35338898,35338898,34377676,5
"89F9E725F908B7AB740CAEFC1444ED71B1352681","hunter\sdf\pc\data\sdf-A-0259.sdfdata",29247598,29247598,29182510,5
"89F9E725F908B7AB740CAEFC1444ED71B1352681","hunter\sdf\pc\data\sdf-A-0260.sdfdata",33868837,33868837,33703512,5
"89F9E725F908B7AB740CAEFC1444ED71B1352681","hunter\sdf\pc\data\sdf-A-0261.sdfdata",34914439,34914439,34666438,5
"89F9E725F908B7AB740CAEFC1444ED71B1352681","hunter\sdf\pc\data\sdf-A-0262.sdfdata",33198707,33198707,32796545,5
"89F9E725F908B7AB740CAEFC1444ED71B1352681","hunter\sdf\pc\data\sdf-A-0263.sdfdata",27404448,27404448,27277018,5
"89F9E725F908B7AB740CAEFC1444ED71B1352681","hunter\sdf\pc\data\sdf-A-0264.sdfdata",36566753,36566753,36145598,5
"89F9E725F908B7AB740CAEFC1444ED71B1352681","hunter\sdf\pc\data\sdf-A-0265.sdfdata",37842207,37842207,37260253,5
"89F9E725F908B7AB740CAEFC1444ED71B1352681","hunter\sdf\pc\data\sdf-A-0266.sdfdata",28373287,28373287,27985344,5
"89F9E725F908B7AB740CAEFC1444ED71B1352681","hunter\sdf\pc\data\sdf-A-0267.sdfdata",36698394,36698394,36314703,5
"89F9E725F908B7AB740CAEFC1444ED71B1352681","hunter\sdf\pc\data\sdf-A-0268.sdfdata",37232891,37232891,36664972,5
"89F9E725F908B7AB740CAEFC1444ED71B1352681","hunter\sdf\pc\data\sdf-A-0269.sdfdata",37188755,37188755,36733204,5
"89F9E725F908B7AB740CAEFC1444ED71B1352681","hunter\sdf\pc\data\sdf-A-0270.sdfdata",39413395,39413395,39042135,5
"89F9E725F908B7AB740CAEFC1444ED71B1352681","hunter\sdf\pc\data\sdf-A-0271.sdfdata",22494324,22494324,21718870,5
"89F9E725F908B7AB740CAEFC1444ED71B1352681","hunter\sdf\pc\data\sdf-A-0272.sdfdata",36963584,36963584,36711828,5
"89F9E725F908B7AB740CAEFC1444ED71B1352681","hunter\sdf\pc\data\sdf-A-0273.sdfdata",33247884,33247884,33100985,5
"89F9E725F908B7AB740CAEFC1444ED71B1352681","hunter\sdf\pc\data\sdf-A-0274.sdfdata",29741229,29741229,29527639,5
"89F9E725F908B7AB740CAEFC1444ED71B1352681","hunter\sdf\pc\data\sdf-A-0275.sdfdata",32874140,32874140,32579106,5
"89F9E725F908B7AB740CAEFC1444ED71B1352681","hunter\sdf\pc\data\sdf-A-0276.sdfdata",41761062,41761062,41067403,5
"89F9E725F908B7AB740CAEFC1444ED71B1352681","hunter\sdf\pc\data\sdf-A-0277.sdfdata",34433226,34433226,34160024,5
"89F9E725F908B7AB740CAEFC1444ED71B1352681","hunter\sdf\pc\data\sdf-A-0278.sdfdata",34993298,34993298,34871257,5
"89F9E725F908B7AB740CAEFC1444ED71B1352681","hunter\sdf\pc\data\sdf-A-0279.sdfdata",31611437,31611437,30692165,5
"89F9E725F908B7AB740CAEFC1444ED71B1352681","hunter\sdf\pc\data\sdf-A-0280.sdfdata",28406354,28406354,27927696,5
"89F9E725F908B7AB740CAEFC1444ED71B1352681","hunter\sdf\pc\data\sdf-A-0281.sdfdata",63401254,63401254,63076352,5
"89F9E725F908B7AB740CAEFC1444ED71B1352681","hunter\sdf\pc\data\sdf-A-0282.sdfdata",34684052,34684052,34475592,5
"89F9E725F908B7AB740CAEFC1444ED71B1352681","hunter\sdf\pc\data\sdf-A-0283.sdfdata",36272034,36272034,35987535,5
"89F9E725F908B7AB740CAEFC1444ED71B1352681","hunter\sdf\pc\data\sdf-A-0284.sdfdata",34384181,34384181,33843790,5
"89F9E725F908B7AB740CAEFC1444ED71B1352681","hunter\sdf\pc\data\sdf-A-0285.sdfdata",29258530,29258530,29101694,5
"89F9E725F908B7AB740CAEFC1444ED71B1352681","hunter\sdf\pc\data\sdf-A-0286.sdfdata",32475977,32475977,31508991,5
"89F9E725F908B7AB740CAEFC1444ED71B1352681","hunter\sdf\pc\data\sdf-A-0287.sdfdata",38634545,38634545,38459659,5
"89F9E725F908B7AB740CAEFC1444ED71B1352681","hunter\sdf\pc\data\sdf-A-0288.sdfdata",32186181,32186181,31997232,5
"89F9E725F908B7AB740CAEFC1444ED71B1352681","hunter\sdf\pc\data\sdf-A-0289.sdfdata",30920885,30920885,29952189,5
"89F9E725F908B7AB740CAEFC1444ED71B1352681","hunter\sdf\pc\data\sdf-A-0290.sdfdata",38742179,38742179,38556673,5
"89F9E725F908B7AB740CAEFC1444ED71B1352681","hunter\sdf\pc\data\sdf-A-0291.sdfdata",33271022,33271022,32711610,5
"89F9E725F908B7AB740CAEFC1444ED71B1352681","hunter\sdf\pc\data\sdf-A-0292.sdfdata",23291374,23291374,23132949,5
"89F9E725F908B7AB740CAEFC1444ED71B1352681","hunter\sdf\pc\data\sdf-A-0293.sdfdata",36883806,36883806,36498621,5
"89F9E725F908B7AB740CAEFC1444ED71B1352681","hunter\sdf\pc\data\sdf-A-0294.sdfdata",34326227,34326227,34103614,5
"89F9E725F908B7AB740CAEFC1444ED71B1352681","hunter\sdf\pc\data\sdf-A-0295.sdfdata",38880123,38880123,38653182,5
"89F9E725F908B7AB740CAEFC1444ED71B1352681","hunter\sdf\pc\data\sdf-A-0296.sdfdata",34436116,34436116,34362983,5
"89F9E725F908B7AB740CAEFC1444ED71B1352681","hunter\sdf\pc\data\sdf-A-0297.sdfdata",28334014,28334014,28122183,5
"89F9E725F908B7AB740CAEFC1444ED71B1352681","hunter\sdf\pc\data\sdf-A-0298.sdfdata",31276325,31276325,30890229,5
"89F9E725F908B7AB740CAEFC1444ED71B1352681","hunter\sdf\pc\data\sdf-A-0299.sdfdata",31923574,31923574,31454878,5
"89F9E725F908B7AB740CAEFC1444ED71B1352681","hunter\sdf\pc\data\sdf-A-0300.sdfdata",34118185,34118185,33987894,5
"89F9E725F908B7AB740CAEFC1444ED71B1352681","hunter\sdf\pc\data\sdf-A-0301.sdfdata",179452286,179452286,176811199,5
"89F9E725F908B7AB740CAEFC1444ED71B1352681","hunter\sdf\pc\data\sdf-A-0302.sdfdata",32704411,32704411,32371040,5
"89F9E725F908B7AB740CAEFC1444ED71B1352681","hunter\sdf\pc\data\sdf-A-0303.sdfdata",37557752,37557752,37323226,5
"89F9E725F908B7AB740CAEFC1444ED71B1352681","hunter\sdf\pc\data\sdf-A-0304.sdfdata",32743081,32743081,32378844,5
"89F9E725F908B7AB740CAEFC1444ED71B1352681","hunter\sdf\pc\data\sdf-A-0305.sdfdata",26420227,26420227,26145203,5
"89F9E725F908B7AB740CAEFC1444ED71B1352681","hunter\sdf\pc\data\sdf-A-0306.sdfdata",32500901,32500901,32169106,5
"89F9E725F908B7AB740CAEFC1444ED71B1352681","hunter\sdf\pc\data\sdf-A-0307.sdfdata",40054430,40054430,39295683,5
"89F9E725F908B7AB740CAEFC1444ED71B1352681","hunter\sdf\pc\data\sdf-A-0308.sdfdata",36388687,36388687,35713272,5
"89F9E725F908B7AB740CAEFC1444ED71B1352681","hunter\sdf\pc\data\sdf-A-0309.sdfdata",39770480,39770480,39587418,5
"89F9E725F908B7AB740CAEFC1444ED71B1352681","hunter\sdf\pc\data\sdf-A-0310.sdfdata",26809341,26809341,25787166,5
"89F9E725F908B7AB740CAEFC1444ED71B1352681","hunter\sdf\pc\data\sdf-A-0311.sdfdata",28370747,28370747,28255797,5
"89F9E725F908B7AB740CAEFC1444ED71B1352681","hunter\sdf\pc\data\sdf-A-0312.sdfdata",35253803,35253803,34502310,5
"89F9E725F908B7AB740CAEFC1444ED71B1352681","hunter\sdf\pc\data\sdf-A-0313.sdfdata",35212685,35212685,34652238,5
"89F9E725F908B7AB740CAEFC1444ED71B1352681","hunter\sdf\pc\data\sdf-A-0314.sdfdata",23336903,23336903,23245727,5
"89F9E725F908B7AB740CAEFC1444ED71B1352681","hunter\sdf\pc\data\sdf-A-0315.sdfdata",28636761,28636761,28166782,5
"89F9E725F908B7AB740CAEFC1444ED71B1352681","hunter\sdf\pc\data\sdf-A-0316.sdfdata",28262964,28262964,27339617,5
"89F9E725F908B7AB740CAEFC1444ED71B1352681","hunter\sdf\pc\data\sdf-A-0317.sdfdata",29304397,29304397,29076474,5
"89F9E725F908B7AB740CAEFC1444ED71B1352681","hunter\sdf\pc\data\sdf-A-0318.sdfdata",31700148,31700148,31582385,5
"89F9E725F908B7AB740CAEFC1444ED71B1352681","hunter\sdf\pc\data\sdf-A-0319.sdfdata",23195578,23195578,23049820,5
"89F9E725F908B7AB740CAEFC1444ED71B1352681","hunter\sdf\pc\data\sdf-A-0320.sdfdata",31831684,31831684,31466932,5
"89F9E725F908B7AB740CAEFC1444ED71B1352681","hunter\sdf\pc\data\sdf-A-0321.sdfdata",33111607,33111607,32615106,5
"89F9E725F908B7AB740CAEFC1444ED71B1352681","hunter\sdf\pc\data\sdf-A-0322.sdfdata",31272710,31272710,30643137,5
"89F9E725F908B7AB740CAEFC1444ED71B1352681","hunter\sdf\pc\data\sdf-A-0323.sdfdata",36726076,36726076,36459241,5
"89F9E725F908B7AB740CAEFC1444ED71B1352681","hunter\sdf\pc\data\sdf-A-0324.sdfdata",24536217,24536217,23353156,5
"89F9E725F908B7AB740CAEFC1444ED71B1352681","hunter\sdf\pc\data\sdf-A-0325.sdfdata",24621776,24621776,24510314,5
"89F9E725F908B7AB740CAEFC1444ED71B1352681","hunter\sdf\pc\data\sdf-A-0326.sdfdata",33486228,33486228,33246592,5
"89F9E725F908B7AB740CAEFC1444ED71B1352681","hunter\sdf\pc\data\sdf-A-0327.sdfdata",22672748,22672748,22559017,5
"89F9E725F908B7AB740CAEFC1444ED71B1352681","hunter\sdf\pc\data\sdf-A-0328.sdfdata",30955658,30955658,30618762,5
"89F9E725F908B7AB740CAEFC1444ED71B1352681","hunter\sdf\pc\data\sdf-A-0329.sdfdata",28443625,28443625,28363715,5
"89F9E725F908B7AB740CAEFC1444ED71B1352681","hunter\sdf\pc\data\sdf-A-0330.sdfdata",33415276,33415276,33131509,5
"89F9E725F908B7AB740CAEFC1444ED71B1352681","hunter\sdf\pc\data\sdf-A-0331.sdfdata",34977603,34977603,34797572,5
"89F9E725F908B7AB740CAEFC1444ED71B1352681","hunter\sdf\pc\data\sdf-A-0332.sdfdata",35847298,35847298,35763451,5
"89F9E725F908B7AB740CAEFC1444ED71B1352681","hunter\sdf\pc\data\sdf-A-0333.sdfdata",22837811,22837811,22765083,5
"89F9E725F908B7AB740CAEFC1444ED71B1352681","hunter\sdf\pc\data\sdf-A-0334.sdfdata",26498586,26498586,25261985,5
"89F9E725F908B7AB740CAEFC1444ED71B1352681","hunter\sdf\pc\data\sdf-A-0335.sdfdata",33394999,33394999,33060129,5
"89F9E725F908B7AB740CAEFC1444ED71B1352681","hunter\sdf\pc\data\sdf-A-0336.sdfdata",33239957,33239957,32962916,5
"89F9E725F908B7AB740CAEFC1444ED71B1352681","hunter\sdf\pc\data\sdf-A-0337.sdfdata",28200686,28200686,28036712,5
"89F9E725F908B7AB740CAEFC1444ED71B1352681","hunter\sdf\pc\data\sdf-A-0338.sdfdata",31599803,31599803,30849781,5
"89F9E725F908B7AB740CAEFC1444ED71B1352681","hunter\sdf\pc\data\sdf-A-0339.sdfdata",31791660,31791660,31442218,5
"89F9E725F908B7AB740CAEFC1444ED71B1352681","hunter\sdf\pc\data\sdf-A-0340.sdfdata",17016369,17016369,16753276,5
"89F9E725F908B7AB740CAEFC1444ED71B1352681","hunter\sdf\pc\data\sdf-A-0341.sdfdata",25138149,25138149,24976551,5
"89F9E725F908B7AB740CAEFC1444ED71B1352681","hunter\sdf\pc\data\sdf-A-0342.sdfdata",24144500,24144500,23153304,5
"89F9E725F908B7AB740CAEFC1444ED71B1352681","hunter\sdf\pc\data\sdf-A-0343.sdfdata",29791644,29791644,29522248,5
"89F9E725F908B7AB740CAEFC1444ED71B1352681","hunter\sdf\pc\data\sdf-A-0344.sdfdata",29099614,29099614,28921493,5
"89F9E725F908B7AB740CAEFC1444ED71B1352681","hunter\sdf\pc\data\sdf-A-0345.sdfdata",33693960,33693960,33205162,5
"89F9E725F908B7AB740CAEFC1444ED71B1352681","hunter\sdf\pc\data\sdf-A-0346.sdfdata",29667642,29667642,28895265,5
"89F9E725F908B7AB740CAEFC1444ED71B1352681","hunter\sdf\pc\data\sdf-A-0347.sdfdata",37635298,37635298,36836770,5
"89F9E725F908B7AB740CAEFC1444ED71B1352681","hunter\sdf\pc\data\sdf-A-0348.sdfdata",30678069,30678069,30533510,5
"89F9E725F908B7AB740CAEFC1444ED71B1352681","hunter\sdf\pc\data\sdf-A-0349.sdfdata",35566848,35566848,34261614,5
"89F9E725F908B7AB740CAEFC1444ED71B1352681","hunter\sdf\pc\data\sdf-A-0350.sdfdata",29014987,29014987,28604287,5
"89F9E725F908B7AB740CAEFC1444ED71B1352681","hunter\sdf\pc\data\sdf-A-0351.sdfdata",30950693,30950693,30668256,5
"89F9E725F908B7AB740CAEFC1444ED71B1352681","hunter\sdf\pc\data\sdf-A-0352.sdfdata",29111457,29111457,28714800,5
"89F9E725F908B7AB740CAEFC1444ED71B1352681","hunter\sdf\pc\data\sdf-A-0353.sdfdata",119374297,119374297,117638459,5
"89F9E725F908B7AB740CAEFC1444ED71B1352681","hunter\sdf\pc\data\sdf-A-0354.sdfdata",21972120,21972120,20950887,5
"89F9E725F908B7AB740CAEFC1444ED71B1352681","hunter\sdf\pc\data\sdf-A-0355.sdfdata",31489681,31489681,31038557,5
"89F9E725F908B7AB740CAEFC1444ED71B1352681","hunter\sdf\pc\data\sdf-A-0356.sdfdata",32231160,32231160,31440695,5
"89F9E725F908B7AB740CAEFC1444ED71B1352681","hunter\sdf\pc\data\sdf-A-0357.sdfdata",21528463,21528463,21421693,5
"89F9E725F908B7AB740CAEFC1444ED71B1352681","hunter\sdf\pc\data\sdf-A-0358.sdfdata",33862477,33862477,33430012,5
"89F9E725F908B7AB740CAEFC1444ED71B1352681","hunter\sdf\pc\data\sdf-A-0359.sdfdata",29100735,29100735,28757301,5
"89F9E725F908B7AB740CAEFC1444ED71B1352681","hunter\sdf\pc\data\sdf-A-0360.sdfdata",42872124,42872124,42574579,5
"89F9E725F908B7AB740CAEFC1444ED71B1352681","hunter\sdf\pc\data\sdf-A-0361.sdfdata",30999636,30999636,30719620,5
"89F9E725F908B7AB740CAEFC1444ED71B1352681","hunter\sdf\pc\data\sdf-A-0362.sdfdata",32975340,32975340,32268686,5
"89F9E725F908B7AB740CAEFC1444ED71B1352681","hunter\sdf\pc\data\sdf-A-0363.sdfdata",24333448,24333448,24036240,5
"89F9E725F908B7AB740CAEFC1444ED71B1352681","hunter\sdf\pc\data\sdf-A-0364.sdfdata",33181398,33181398,32346561,5
"89F9E725F908B7AB740CAEFC1444ED71B1352681","hunter\sdf\pc\data\sdf-A-0365.sdfdata",33819860,33819860,33602543,5
"89F9E725F908B7AB740CAEFC1444ED71B1352681","hunter\sdf\pc\data\sdf-A-0366.sdfdata",31484285,31484285,31209807,5
"89F9E725F908B7AB740CAEFC1444ED71B1352681","hunter\sdf\pc\data\sdf-A-0367.sdfdata",31157399,31157399,29457480,5
"89F9E725F908B7AB740CAEFC1444ED71B1352681","hunter\sdf\pc\data\sdf-A-0368.sdfdata",29414158,29414158,28894865,5
"89F9E725F908B7AB740CAEFC1444ED71B1352681","hunter\sdf\pc\data\sdf-A-0369.sdfdata",21463345,21463345,20344914,5
"89F9E725F908B7AB740CAEFC1444ED71B1352681","hunter\sdf\pc\data\sdf-A-0370.sdfdata",30119409,30119409,24685852,5
"89F9E725F908B7AB740CAEFC1444ED71B1352681","hunter\sdf\pc\data\sdf-A-0371.sdfdata",34768939,34768939,34239687,5
"89F9E725F908B7AB740CAEFC1444ED71B1352681","hunter\sdf\pc\data\sdf-A-0372.sdfdata",31129890,31129890,28209268,5
"89F9E725F908B7AB740CAEFC1444ED71B1352681","hunter\sdf\pc\data\sdf-A-0373.sdfdata",27749946,27749946,25745280,5
"89F9E725F908B7AB740CAEFC1444ED71B1352681","hunter\sdf\pc\data\sdf-A-0374.sdfdata",22421891,22421891,21074632,5
"89F9E725F908B7AB740CAEFC1444ED71B1352681","hunter\sdf\pc\data\sdf-A-0375.sdfdata",32430070,32430070,29271705,5
"89F9E725F908B7AB740CAEFC1444ED71B1352681","hunter\sdf\pc\data\sdf-A-0376.sdfdata",25582876,25582876,23562254,5
"89F9E725F908B7AB740CAEFC1444ED71B1352681","hunter\sdf\pc\data\sdf-A-0377.sdfdata",26004778,26004778,24827453,5
"89F9E725F908B7AB740CAEFC1444ED71B1352681","hunter\sdf\pc\data\sdf-A-0378.sdfdata",28128499,28128499,27432714,5
"89F9E725F908B7AB740CAEFC1444ED71B1352681","hunter\sdf\pc\data\sdf-A-0379.sdfdata",28546240,28546240,26357377,5
"89F9E725F908B7AB740CAEFC1444ED71B1352681","hunter\sdf\pc\data\sdf-A-0380.sdfdata",24162757,24162757,22831743,5
"89F9E725F908B7AB740CAEFC1444ED71B1352681","hunter\sdf\pc\data\sdf-A-0381.sdfdata",24905003,24905003,23158988,5
"89F9E725F908B7AB740CAEFC1444ED71B1352681","hunter\sdf\pc\data\sdf-A-0382.sdfdata",28526389,28526389,26501662,5
"89F9E725F908B7AB740CAEFC1444ED71B1352681","hunter\sdf\pc\data\sdf-A-0383.sdfdata",23770850,23770850,22706641,5
"89F9E725F908B7AB740CAEFC1444ED71B1352681","hunter\sdf\pc\data\sdf-A-0384.sdfdata",27918292,27918292,26967624,5
"89F9E725F908B7AB740CAEFC1444ED71B1352681","hunter\sdf\pc\data\sdf-A-0385.sdfdata",34171785,34171785,32473359,5
"89F9E725F908B7AB740CAEFC1444ED71B1352681","hunter\sdf\pc\data\sdf-A-0386.sdfdata",33448405,33448405,31449528,5
"89F9E725F908B7AB740CAEFC1444ED71B1352681","hunter\sdf\pc\data\sdf-A-0387.sdfdata",33254473,33254473,29335699,5
"89F9E725F908B7AB740CAEFC1444ED71B1352681","hunter\sdf\pc\data\sdf-A-0388.sdfdata",22462765,22462765,21093149,5
"89F9E725F908B7AB740CAEFC1444ED71B1352681","hunter\sdf\pc\data\sdf-A-0389.sdfdata",33542278,33542278,30881961,5
"89F9E725F908B7AB740CAEFC1444ED71B1352681","hunter\sdf\pc\data\sdf-A-0390.sdfdata",35598708,35598708,34176508,5
"89F9E725F908B7AB740CAEFC1444ED71B1352681","hunter\sdf\pc\data\sdf-A-0391.sdfdata",34889427,34889427,34203503,5
"89F9E725F908B7AB740CAEFC1444ED71B1352681","hunter\sdf\pc\data\sdf-A-0392.sdfdata",29143114,29143114,28612563,5
"89F9E725F908B7AB740CAEFC1444ED71B1352681","hunter\sdf\pc\data\sdf-A-0393.sdfdata",33564717,33564717,31037913,5
"89F9E725F908B7AB740CAEFC1444ED71B1352681","hunter\sdf\pc\data\sdf-A-0394.sdfdata",22382880,22382880,18661860,5
"89F9E725F908B7AB740CAEFC1444ED71B1352681","hunter\sdf\pc\data\sdf-A-0395.sdfdata",32793737,32793737,29977281,5
"89F9E725F908B7AB740CAEFC1444ED71B1352681","hunter\sdf\pc\data\sdf-A-0396.sdfdata",19673056,19673056,18505985,5
"89F9E725F908B7AB740CAEFC1444ED71B1352681","hunter\sdf\pc\data\sdf-A-0397.sdfdata",22289108,22289108,20927087,5
"89F9E725F908B7AB740CAEFC1444ED71B1352681","hunter\sdf\pc\data\sdf-A-0398.sdfdata",17556392,17556392,15267952,5
"89F9E725F908B7AB740CAEFC1444ED71B1352681","hunter\sdf\pc\data\sdf-A-0399.sdfdata",31619041,31619041,30025561,5
"89F9E725F908B7AB740CAEFC1444ED71B1352681","hunter\sdf\pc\data\sdf-A-0400.sdfdata",36512370,36512370,34743047,5
"89F9E725F908B7AB740CAEFC1444ED71B1352681","hunter\sdf\pc\data\sdf-A-0401.sdfdata",33570998,33570998,31703391,5
"89F9E725F908B7AB740CAEFC1444ED71B1352681","hunter\sdf\pc\data\sdf-A-0402.sdfdata",34065653,34065653,32207217,5
"89F9E725F908B7AB740CAEFC1444ED71B1352681","hunter\sdf\pc\data\sdf-A-0403.sdfdata",26895450,26895450,25266678,5
"89F9E725F908B7AB740CAEFC1444ED71B1352681","hunter\sdf\pc\data\sdf-A-0404.sdfdata",33620136,33620136,31414745,5
"89F9E725F908B7AB740CAEFC1444ED71B1352681","hunter\sdf\pc\data\sdf-A-0405.sdfdata",27277629,27277629,23476409,5
"89F9E725F908B7AB740CAEFC1444ED71B1352681","hunter\sdf\pc\data\sdf-A-0406.sdfdata",24879674,24879674,23785311,5
"89F9E725F908B7AB740CAEFC1444ED71B1352681","hunter\sdf\pc\data\sdf-A-0407.sdfdata",33034215,33034215,31710554,5
"89F9E725F908B7AB740CAEFC1444ED71B1352681","hunter\sdf\pc\data\sdf-A-0408.sdfdata",54172945,54172945,53302426,5
"89F9E725F908B7AB740CAEFC1444ED71B1352681","hunter\sdf\pc\data\sdf-A-0409.sdfdata",30363504,30363504,28475645,5
"89F9E725F908B7AB740CAEFC1444ED71B1352681","hunter\sdf\pc\data\sdf-A-0410.sdfdata",30304789,30304789,28304710,5
"89F9E725F908B7AB740CAEFC1444ED71B1352681","hunter\sdf\pc\data\sdf-A-0411.sdfdata",32893305,32893305,30946316,5
"89F9E725F908B7AB740CAEFC1444ED71B1352681","hunter\sdf\pc\data\sdf-A-0412.sdfdata",36157393,36157393,33544600,5
"89F9E725F908B7AB740CAEFC1444ED71B1352681","hunter\sdf\pc\data\sdf-A-0413.sdfdata",29209917,29209917,27783184,5
"89F9E725F908B7AB740CAEFC1444ED71B1352681","hunter\sdf\pc\data\sdf-A-0414.sdfdata",33071977,33071977,30951085,5
"89F9E725F908B7AB740CAEFC1444ED71B1352681","hunter\sdf\pc\data\sdf-A-0415.sdfdata",34262577,34262577,32527151,5
"89F9E725F908B7AB740CAEFC1444ED71B1352681","hunter\sdf\pc\data\sdf-A-0416.sdfdata",15575348,15575348,14156859,5
"89F9E725F908B7AB740CAEFC1444ED71B1352681","hunter\sdf\pc\data\sdf-A-0417.sdfdata",22528882,22528882,21882920,5
"89F9E725F908B7AB740CAEFC1444ED71B1352681","hunter\sdf\pc\data\sdf-A-0418.sdfdata",33845034,33845034,32147475,5
"89F9E725F908B7AB740CAEFC1444ED71B1352681","hunter\sdf\pc\data\sdf-A-0419.sdfdata",28758164,28758164,27102181,5
"89F9E725F908B7AB740CAEFC1444ED71B1352681","hunter\sdf\pc\data\sdf-A-0420.sdfdata",29759713,29759713,27818871,5
"89F9E725F908B7AB740CAEFC1444ED71B1352681","hunter\sdf\pc\data\sdf-A-0421.sdfdata",39079983,39079983,37717065,5
"89F9E725F908B7AB740CAEFC1444ED71B1352681","hunter\sdf\pc\data\sdf-A-0422.sdfdata",27287835,27287835,25547152,5
"89F9E725F908B7AB740CAEFC1444ED71B1352681","hunter\sdf\pc\data\sdf-A-0423.sdfdata",25108777,25108777,23601122,5
"89F9E725F908B7AB740CAEFC1444ED71B1352681","hunter\sdf\pc\data\sdf-A-0424.sdfdata",27182584,27182584,26244951,5
"89F9E725F908B7AB740CAEFC1444ED71B1352681","hunter\sdf\pc\data\sdf-A-0425.sdfdata",25199838,25199838,24367769,5
"89F9E725F908B7AB740CAEFC1444ED71B1352681","hunter\sdf\pc\data\sdf-A-0426.sdfdata",18964122,18964122,15560405,5
"89F9E725F908B7AB740CAEFC1444ED71B1352681","hunter\sdf\pc\data\sdf-A-0427.sdfdata",21871557,21871557,20808938,5
"89F9E725F908B7AB740CAEFC1444ED71B1352681","hunter\sdf\pc\data\sdf-A-0428.sdfdata",23182735,23182735,22507416,5
"89F9E725F908B7AB740CAEFC1444ED71B1352681","hunter\sdf\pc\data\sdf-A-0429.sdfdata",16244295,16244295,15725893,5
"89F9E725F908B7AB740CAEFC1444ED71B1352681","hunter\sdf\pc\data\sdf-A-0430.sdfdata",25665152,25665152,23180060,5
"89F9E725F908B7AB740CAEFC1444ED71B1352681","hunter\sdf\pc\data\sdf-A-0431.sdfdata",20212810,20212810,18864692,5
"89F9E725F908B7AB740CAEFC1444ED71B1352681","hunter\sdf\pc\data\sdf-A-0432.sdfdata",38258074,38258074,36606823,5
"89F9E725F908B7AB740CAEFC1444ED71B1352681","hunter\sdf\pc\data\sdf-A-0433.sdfdata",29200031,29200031,27795245,5
"89F9E725F908B7AB740CAEFC1444ED71B1352681","hunter\sdf\pc\data\sdf-A-0434.sdfdata",15192875,15192875,14735940,5
"89F9E725F908B7AB740CAEFC1444ED71B1352681","hunter\sdf\pc\data\sdf-A-0435.sdfdata",37917730,37917730,34116342,5
"89F9E725F908B7AB740CAEFC1444ED71B1352681","hunter\sdf\pc\data\sdf-A-0436.sdfdata",40737525,40737525,37429534,5
"89F9E725F908B7AB740CAEFC1444ED71B1352681","hunter\sdf\pc\data\sdf-A-0437.sdfdata",31405440,31405440,30370099,5
"89F9E725F908B7AB740CAEFC1444ED71B1352681","hunter\sdf\pc\data\sdf-A-0438.sdfdata",35906817,35906817,34570591,5
"89F9E725F908B7AB740CAEFC1444ED71B1352681","hunter\sdf\pc\data\sdf-A-0439.sdfdata",33720529,33720529,31653800,5
"89F9E725F908B7AB740CAEFC1444ED71B1352681","hunter\sdf\pc\data\sdf-A-0440.sdfdata",22103923,22103923,20922838,5
"89F9E725F908B7AB740CAEFC1444ED71B1352681","hunter\sdf\pc\data\sdf-A-0441.sdfdata",25558646,25558646,23377197,5
"89F9E725F908B7AB740CAEFC1444ED71B1352681","hunter\sdf\pc\data\sdf-A-0442.sdfdata",25576457,25576457,23672680,5
"89F9E725F908B7AB740CAEFC1444ED71B1352681","hunter\sdf\pc\data\sdf-A-0443.sdfdata",34497850,34497850,31906713,5
"89F9E725F908B7AB740CAEFC1444ED71B1352681","hunter\sdf\pc\data\sdf-A-0444.sdfdata",22652418,22652418,21443007,5
"89F9E725F908B7AB740CAEFC1444ED71B1352681","hunter\sdf\pc\data\sdf-A-0445.sdfdata",25037442,25037442,22891707,5
"89F9E725F908B7AB740CAEFC1444ED71B1352681","hunter\sdf\pc\data\sdf-A-0446.sdfdata",33965963,33965963,31319669,5
"89F9E725F908B7AB740CAEFC1444ED71B1352681","hunter\sdf\pc\data\sdf-A-0447.sdfdata",31534925,31534925,29826045,5
"89F9E725F908B7AB740CAEFC1444ED71B1352681","hunter\sdf\pc\data\sdf-A-0448.sdfdata",19879203,19879203,18838276,5
"89F9E725F908B7AB740CAEFC1444ED71B1352681","hunter\sdf\pc\data\sdf-A-0449.sdfdata",34178775,34178775,32277731,5
"89F9E725F908B7AB740CAEFC1444ED71B1352681","hunter\sdf\pc\data\sdf-A-0450.sdfdata",27701582,27701582,25729134,5
"89F9E725F908B7AB740CAEFC1444ED71B1352681","hunter\sdf\pc\data\sdf-A-0451.sdfdata",36915830,36915830,34248086,5
"89F9E725F908B7AB740CAEFC1444ED71B1352681","hunter\sdf\pc\data\sdf-A-0452.sdfdata",29751570,29751570,27687306,5
"89F9E725F908B7AB740CAEFC1444ED71B1352681","hunter\sdf\pc\data\sdf-A-0453.sdfdata",34138034,34138034,32365645,5
"89F9E725F908B7AB740CAEFC1444ED71B1352681","hunter\sdf\pc\data\sdf-A-0454.sdfdata",30105318,30105318,28028416,5
"89F9E725F908B7AB740CAEFC1444ED71B1352681","hunter\sdf\pc\data\sdf-A-0455.sdfdata",33314215,33314215,31585342,5
"89F9E725F908B7AB740CAEFC1444ED71B1352681","hunter\sdf\pc\data\sdf-A-0456.sdfdata",26262692,26262692,24715146,5
"89F9E725F908B7AB740CAEFC1444ED71B1352681","hunter\sdf\pc\data\sdf-A-0457.sdfdata",24635189,24635189,23097218,5
"89F9E725F908B7AB740CAEFC1444ED71B1352681","hunter\sdf\pc\data\sdf-A-0458.sdfdata",33799565,33799565,31789818,5
"89F9E725F908B7AB740CAEFC1444ED71B1352681","hunter\sdf\pc\data\sdf-A-0459.sdfdata",31771748,31771748,29676125,5
"89F9E725F908B7AB740CAEFC1444ED71B1352681","hunter\sdf\pc\data\sdf-A-0460.sdfdata",29878359,29878359,28407386,5
"89F9E725F908B7AB740CAEFC1444ED71B1352681","hunter\sdf\pc\data\sdf-A-0461.sdfdata",23152030,23152030,22136633,5
"89F9E725F908B7AB740CAEFC1444ED71B1352681","hunter\sdf\pc\data\sdf-A-0462.sdfdata",28221838,28221838,27064443,5
"89F9E725F908B7AB740CAEFC1444ED71B1352681","hunter\sdf\pc\data\sdf-A-0463.sdfdata",26551720,26551720,25082220,5
"89F9E725F908B7AB740CAEFC1444ED71B1352681","hunter\sdf\pc\data\sdf-A-0464.sdfdata",15294272,15294272,14601981,5
"89F9E725F908B7AB740CAEFC1444ED71B1352681","hunter\sdf\pc\data\sdf-A-0465.sdfdata",33298043,33298043,30885757,5
"89F9E725F908B7AB740CAEFC1444ED71B1352681","hunter\sdf\pc\data\sdf-A-0466.sdfdata",31981269,31981269,30250398,5
"89F9E725F908B7AB740CAEFC1444ED71B1352681","hunter\sdf\pc\data\sdf-A-0467.sdfdata",32657397,32657397,31024492,5
"89F9E725F908B7AB740CAEFC1444ED71B1352681","hunter\sdf\pc\data\sdf-A-0468.sdfdata",29366313,29366313,27927832,5
"89F9E725F908B7AB740CAEFC1444ED71B1352681","hunter\sdf\pc\data\sdf-A-0469.sdfdata",29594595,29594595,28029517,5
"89F9E725F908B7AB740CAEFC1444ED71B1352681","hunter\sdf\pc\data\sdf-A-0470.sdfdata",33562135,33562135,31864675,5
"89F9E725F908B7AB740CAEFC1444ED71B1352681","hunter\sdf\pc\data\sdf-A-0471.sdfdata",29915239,29915239,28487876,5
"89F9E725F908B7AB740CAEFC1444ED71B1352681","hunter\sdf\pc\data\sdf-A-0472.sdfdata",33450433,33450433,31842921,5
"89F9E725F908B7AB740CAEFC1444ED71B1352681","hunter\sdf\pc\data\sdf-A-0473.sdfdata",32060317,32060317,30489588,5
"89F9E725F908B7AB740CAEFC1444ED71B1352681","hunter\sdf\pc\data\sdf-A-0474.sdfdata",32829194,32829194,30594241,5
"89F9E725F908B7AB740CAEFC1444ED71B1352681","hunter\sdf\pc\data\sdf-A-0475.sdfdata",35058299,35058299,32760359,5
"89F9E725F908B7AB740CAEFC1444ED71B1352681","hunter\sdf\pc\data\sdf-A-0476.sdfdata",32534309,32534309,30432360,5
"89F9E725F908B7AB740CAEFC1444ED71B1352681","hunter\sdf\pc\data\sdf-A-0477.sdfdata",26509951,26509951,24782056,5
"89F9E725F908B7AB740CAEFC1444ED71B1352681","hunter\sdf\pc\data\sdf-A-0478.sdfdata",27421343,27421343,25407000,5
"89F9E725F908B7AB740CAEFC1444ED71B1352681","hunter\sdf\pc\data\sdf-A-0479.sdfdata",28961120,28961120,27256093,5
"89F9E725F908B7AB740CAEFC1444ED71B1352681","hunter\sdf\pc\data\sdf-A-0480.sdfdata",36101528,36101528,34414300,5
"89F9E725F908B7AB740CAEFC1444ED71B1352681","hunter\sdf\pc\data\sdf-A-0481.sdfdata",34685326,34685326,32693030,5
"89F9E725F908B7AB740CAEFC1444ED71B1352681","hunter\sdf\pc\data\sdf-A-0482.sdfdata",31775133,31775133,30001229,5
"89F9E725F908B7AB740CAEFC1444ED71B1352681","hunter\sdf\pc\data\sdf-A-0483.sdfdata",38278034,38278034,36598215,5
"89F9E725F908B7AB740CAEFC1444ED71B1352681","hunter\sdf\pc\data\sdf-A-0484.sdfdata",34501967,34501967,32330497,5
"89F9E725F908B7AB740CAEFC1444ED71B1352681","hunter\sdf\pc\data\sdf-A-0485.sdfdata",36215375,36215375,34232276,5
"89F9E725F908B7AB740CAEFC1444ED71B1352681","hunter\sdf\pc\data\sdf-A-0486.sdfdata",35579795,35579795,33662135,5
"89F9E725F908B7AB740CAEFC1444ED71B1352681","hunter\sdf\pc\data\sdf-A-0487.sdfdata",34144722,34144722,31770987,5
"89F9E725F908B7AB740CAEFC1444ED71B1352681","hunter\sdf\pc\data\sdf-A-0488.sdfdata",31291345,31291345,29797059,5
"89F9E725F908B7AB740CAEFC1444ED71B1352681","hunter\sdf\pc\data\sdf-A-0489.sdfdata",25431897,25431897,23693907,5
"89F9E725F908B7AB740CAEFC1444ED71B1352681","hunter\sdf\pc\data\sdf-A-0490.sdfdata",25614859,25614859,24035394,5
"89F9E725F908B7AB740CAEFC1444ED71B1352681","hunter\sdf\pc\data\sdf-A-0491.sdfdata",37217589,37217589,35065625,5
"89F9E725F908B7AB740CAEFC1444ED71B1352681","hunter\sdf\pc\data\sdf-A-0492.sdfdata",34640032,34640032,32920820,5
"89F9E725F908B7AB740CAEFC1444ED71B1352681","hunter\sdf\pc\data\sdf-A-0493.sdfdata",41960676,41960676,40496687,5
"89F9E725F908B7AB740CAEFC1444ED71B1352681","hunter\sdf\pc\data\sdf-A-0494.sdfdata",26455789,26455789,25723014,5
"89F9E725F908B7AB740CAEFC1444ED71B1352681","hunter\sdf\pc\data\sdf-A-0495.sdfdata",34773259,34773259,33509687,5
"89F9E725F908B7AB740CAEFC1444ED71B1352681","hunter\sdf\pc\data\sdf-A-0496.sdfdata",37217914,37217914,35744874,5
"89F9E725F908B7AB740CAEFC1444ED71B1352681","hunter\sdf\pc\data\sdf-A-0497.sdfdata",36014110,36014110,33949069,5
"89F9E725F908B7AB740CAEFC1444ED71B1352681","hunter\sdf\pc\data\sdf-A-0498.sdfdata",34671331,34671331,33204139,5
"89F9E725F908B7AB740CAEFC1444ED71B1352681","hunter\sdf\pc\data\sdf-A-0499.sdfdata",34137855,34137855,32592849,5
"89F9E725F908B7AB740CAEFC1444ED71B1352681","hunter\sdf\pc\data\sdf-A-0500.sdfdata",30178868,30178868,26719516,5
"89F9E725F908B7AB740CAEFC1444ED71B1352681","hunter\sdf\pc\data\sdf-A-0501.sdfdata",35367472,35367472,33252708,5
"89F9E725F908B7AB740CAEFC1444ED71B1352681","hunter\sdf\pc\data\sdf-A-0502.sdfdata",35389495,35389495,33023896,5
"89F9E725F908B7AB740CAEFC1444ED71B1352681","hunter\sdf\pc\data\sdf-A-0503.sdfdata",28549543,28549543,27099774,5
"89F9E725F908B7AB740CAEFC1444ED71B1352681","hunter\sdf\pc\data\sdf-A-0504.sdfdata",31783226,31783226,30788943,5
"89F9E725F908B7AB740CAEFC1444ED71B1352681","hunter\sdf\pc\data\sdf-A-0505.sdfdata",31174628,31174628,29935109,5
"89F9E725F908B7AB740CAEFC1444ED71B1352681","hunter\sdf\pc\data\sdf-A-0506.sdfdata",21670856,21670856,18152383,5
"89F9E725F908B7AB740CAEFC1444ED71B1352681","hunter\sdf\pc\data\sdf-A-0507.sdfdata",27389280,27389280,25395498,5
"89F9E725F908B7AB740CAEFC1444ED71B1352681","hunter\sdf\pc\data\sdf-A-0508.sdfdata",22845961,22845961,21889902,5
"89F9E725F908B7AB740CAEFC1444ED71B1352681","hunter\sdf\pc\data\sdf-A-0509.sdfdata",36178271,36178271,35018222,5
"89F9E725F908B7AB740CAEFC1444ED71B1352681","hunter\sdf\pc\data\sdf-A-0510.sdfdata",32765888,32765888,29405095,5
"89F9E725F908B7AB740CAEFC1444ED71B1352681","hunter\sdf\pc\data\sdf-A-0511.sdfdata",30756456,30756456,29336582,5
"89F9E725F908B7AB740CAEFC1444ED71B1352681","hunter\sdf\pc\data\sdf-A-0512.sdfdata",24455589,24455589,23374597,5
"89F9E725F908B7AB740CAEFC1444ED71B1352681","hunter\sdf\pc\data\sdf-A-0513.sdfdata",17351406,17351406,16570214,5
"89F9E725F908B7AB740CAEFC1444ED71B1352681","hunter\sdf\pc\data\sdf-A-0514.sdfdata",33194771,33194771,30676833,5
"89F9E725F908B7AB740CAEFC1444ED71B1352681","hunter\sdf\pc\data\sdf-A-0515.sdfdata",32521743,32521743,29825704,5
"89F9E725F908B7AB740CAEFC1444ED71B1352681","hunter\sdf\pc\data\sdf-A-0516.sdfdata",28879326,28879326,27351812,5
"89F9E725F908B7AB740CAEFC1444ED71B1352681","hunter\sdf\pc\data\sdf-A-0517.sdfdata",34700424,34700424,32581772,5
"89F9E725F908B7AB740CAEFC1444ED71B1352681","hunter\sdf\pc\data\sdf-A-0518.sdfdata",27779542,27779542,26483515,5
"89F9E725F908B7AB740CAEFC1444ED71B1352681","hunter\sdf\pc\data\sdf-A-0519.sdfdata",34971171,34971171,33590411,5
"89F9E725F908B7AB740CAEFC1444ED71B1352681","hunter\sdf\pc\data\sdf-A-0520.sdfdata",39206238,39206238,36465059,5
"89F9E725F908B7AB740CAEFC1444ED71B1352681","hunter\sdf\pc\data\sdf-A-0521.sdfdata",38095009,38095009,36080230,5
"89F9E725F908B7AB740CAEFC1444ED71B1352681","hunter\sdf\pc\data\sdf-A-0522.sdfdata",33354576,33354576,31664412,5
"89F9E725F908B7AB740CAEFC1444ED71B1352681","hunter\sdf\pc\data\sdf-A-0523.sdfdata",39290735,39290735,35159338,5
"89F9E725F908B7AB740CAEFC1444ED71B1352681","hunter\sdf\pc\data\sdf-A-0524.sdfdata",29241582,29241582,27800056,5
"89F9E725F908B7AB740CAEFC1444ED71B1352681","hunter\sdf\pc\data\sdf-A-0525.sdfdata",16809111,16809111,15639595,5
"89F9E725F908B7AB740CAEFC1444ED71B1352681","hunter\sdf\pc\data\sdf-A-0526.sdfdata",17162344,17162344,16463907,5
"89F9E725F908B7AB740CAEFC1444ED71B1352681","hunter\sdf\pc\data\sdf-A-0527.sdfdata",38250236,38250236,36863805,5
"89F9E725F908B7AB740CAEFC1444ED71B1352681","hunter\sdf\pc\data\sdf-A-0528.sdfdata",33691777,33691777,32267608,5
"89F9E725F908B7AB740CAEFC1444ED71B1352681","hunter\sdf\pc\data\sdf-A-0529.sdfdata",32896914,32896914,31337825,5
"89F9E725F908B7AB740CAEFC1444ED71B1352681","hunter\sdf\pc\data\sdf-A-0530.sdfdata",33008059,33008059,31163650,5
"89F9E725F908B7AB740CAEFC1444ED71B1352681","hunter\sdf\pc\data\sdf-A-0531.sdfdata",39259127,39259127,38047266,5
"89F9E725F908B7AB740CAEFC1444ED71B1352681","hunter\sdf\pc\data\sdf-A-0532.sdfdata",36951933,36951933,35204760,5
"89F9E725F908B7AB740CAEFC1444ED71B1352681","hunter\sdf\pc\data\sdf-A-0533.sdfdata",33727872,33727872,27739339,5
"89F9E725F908B7AB740CAEFC1444ED71B1352681","hunter\sdf\pc\data\sdf-A-0534.sdfdata",34779804,34779804,24487196,5
"89F9E725F908B7AB740CAEFC1444ED71B1352681","hunter\sdf\pc\data\sdf-A-0535.sdfdata",34718662,34718662,30304358,5
"89F9E725F908B7AB740CAEFC1444ED71B1352681","hunter\sdf\pc\data\sdf-A-0536.sdfdata",36847734,36847734,33487583,5
"89F9E725F908B7AB740CAEFC1444ED71B1352681","hunter\sdf\pc\data\sdf-A-0537.sdfdata",37401623,37401623,33558776,5
"89F9E725F908B7AB740CAEFC1444ED71B1352681","hunter\sdf\pc\data\sdf-A-0538.sdfdata",34984365,34984365,30067805,5
"89F9E725F908B7AB740CAEFC1444ED71B1352681","hunter\sdf\pc\data\sdf-A-0539.sdfdata",33651276,33651276,24924485,5
"89F9E725F908B7AB740CAEFC1444ED71B1352681","hunter\sdf\pc\data\sdf-A-0540.sdfdata",36108405,36108405,32814860,5
"89F9E725F908B7AB740CAEFC1444ED71B1352681","hunter\sdf\pc\data\sdf-A-0541.sdfdata",25272736,25272736,24236116,5
"89F9E725F908B7AB740CAEFC1444ED71B1352681","hunter\sdf\pc\data\sdf-A-0542.sdfdata",20494089,20494089,19098151,5
"89F9E725F908B7AB740CAEFC1444ED71B1352681","hunter\sdf\pc\data\sdf-A-0543.sdfdata",33726439,33726439,32172116,5
"89F9E725F908B7AB740CAEFC1444ED71B1352681","hunter\sdf\pc\data\sdf-A-0544.sdfdata",34682891,34682891,33036564,5
"89F9E725F908B7AB740CAEFC1444ED71B1352681","hunter\sdf\pc\data\sdf-A-0545.sdfdata",38086135,38086135,36554116,5
"89F9E725F908B7AB740CAEFC1444ED71B1352681","hunter\sdf\pc\data\sdf-A-0546.sdfdata",32947142,32947142,31492617,5
"89F9E725F908B7AB740CAEFC1444ED71B1352681","hunter\sdf\pc\data\sdf-A-0547.sdfdata",32617670,32617670,31045067,5
"89F9E725F908B7AB740CAEFC1444ED71B1352681","hunter\sdf\pc\data\sdf-A-0548.sdfdata",32977443,32977443,31477996,5
"89F9E725F908B7AB740CAEFC1444ED71B1352681","hunter\sdf\pc\data\sdf-A-0549.sdfdata",39738080,39738080,38135880,5
"89F9E725F908B7AB740CAEFC1444ED71B1352681","hunter\sdf\pc\data\sdf-A-0550.sdfdata",34309943,34309943,32752062,5
"89F9E725F908B7AB740CAEFC1444ED71B1352681","hunter\sdf\pc\data\sdf-A-0551.sdfdata",34093399,34093399,32445435,5
"89F9E725F908B7AB740CAEFC1444ED71B1352681","hunter\sdf\pc\data\sdf-A-0552.sdfdata",34707008,34707008,33248120,5
"89F9E725F908B7AB740CAEFC1444ED71B1352681","hunter\sdf\pc\data\sdf-A-0553.sdfdata",21530149,21530149,20382997,5
"89F9E725F908B7AB740CAEFC1444ED71B1352681","hunter\sdf\pc\data\sdf-A-0554.sdfdata",20132813,20132813,19077918,5
"89F9E725F908B7AB740CAEFC1444ED71B1352681","hunter\sdf\pc\data\sdf-A-0555.sdfdata",37683872,37683872,36031565,5
"89F9E725F908B7AB740CAEFC1444ED71B1352681","hunter\sdf\pc\data\sdf-A-0556.sdfdata",37234823,37234823,35323509,5
"89F9E725F908B7AB740CAEFC1444ED71B1352681","hunter\sdf\pc\data\sdf-A-0557.sdfdata",36372789,36372789,34612334,5
"89F9E725F908B7AB740CAEFC1444ED71B1352681","hunter\sdf\pc\data\sdf-A-0558.sdfdata",34391638,34391638,32385758,5
"89F9E725F908B7AB740CAEFC1444ED71B1352681","hunter\sdf\pc\data\sdf-A-0559.sdfdata",37589832,37589832,34725943,5
"89F9E725F908B7AB740CAEFC1444ED71B1352681","hunter\sdf\pc\data\sdf-A-0560.sdfdata",39700714,39700714,37641197,5
"89F9E725F908B7AB740CAEFC1444ED71B1352681","hunter\sdf\pc\data\sdf-A-0561.sdfdata",34201807,34201807,32174721,5
"89F9E725F908B7AB740CAEFC1444ED71B1352681","hunter\sdf\pc\data\sdf-A-0562.sdfdata",33686351,33686351,31959371,5
"89F9E725F908B7AB740CAEFC1444ED71B1352681","hunter\sdf\pc\data\sdf-A-0563.sdfdata",33889757,33889757,32155364,5
"89F9E725F908B7AB740CAEFC1444ED71B1352681","hunter\sdf\pc\data\sdf-A-0564.sdfdata",34298086,34298086,31971732,5
"89F9E725F908B7AB740CAEFC1444ED71B1352681","hunter\sdf\pc\data\sdf-A-0565.sdfdata",34167588,34167588,32138232,5
"89F9E725F908B7AB740CAEFC1444ED71B1352681","hunter\sdf\pc\data\sdf-A-0566.sdfdata",37683442,37683442,35816443,5
"89F9E725F908B7AB740CAEFC1444ED71B1352681","hunter\sdf\pc\data\sdf-A-0567.sdfdata",35659842,35659842,34353991,5
"89F9E725F908B7AB740CAEFC1444ED71B1352681","hunter\sdf\pc\data\sdf-A-0568.sdfdata",34209025,34209025,33058859,5
"89F9E725F908B7AB740CAEFC1444ED71B1352681","hunter\sdf\pc\data\sdf-A-0569.sdfdata",36847089,36847089,35258657,5
"89F9E725F908B7AB740CAEFC1444ED71B1352681","hunter\sdf\pc\data\sdf-A-0570.sdfdata",34739710,34739710,33242780,5
"89F9E725F908B7AB740CAEFC1444ED71B1352681","hunter\sdf\pc\data\sdf-A-0571.sdfdata",36563147,36563147,34776305,5
"89F9E725F908B7AB740CAEFC1444ED71B1352681","hunter\sdf\pc\data\sdf-A-0572.sdfdata",33210732,33210732,31642928,5
"89F9E725F908B7AB740CAEFC1444ED71B1352681","hunter\sdf\pc\data\sdf-A-0573.sdfdata",37172791,37172791,35590281,5
"89F9E725F908B7AB740CAEFC1444ED71B1352681","hunter\sdf\pc\data\sdf-A-0574.sdfdata",34372523,34372523,32411413,5
"89F9E725F908B7AB740CAEFC1444ED71B1352681","hunter\sdf\pc\data\sdf-A-0575.sdfdata",34860191,34860191,32889032,5
"89F9E725F908B7AB740CAEFC1444ED71B1352681","hunter\sdf\pc\data\sdf-A-0576.sdfdata",34350488,34350488,32568831,5
"89F9E725F908B7AB740CAEFC1444ED71B1352681","hunter\sdf\pc\data\sdf-A-0577.sdfdata",36621004,36621004,34215433,5
"89F9E725F908B7AB740CAEFC1444ED71B1352681","hunter\sdf\pc\data\sdf-A-0578.sdfdata",37755121,37755121,36271007,5
"89F9E725F908B7AB740CAEFC1444ED71B1352681","hunter\sdf\pc\data\sdf-A-0579.sdfdata",130074883,130074883,126968028,5
"89F9E725F908B7AB740CAEFC1444ED71B1352681","hunter\sdf\pc\data\sdf-A-0580.sdfdata",34491018,34491018,30896103,5
"89F9E725F908B7AB740CAEFC1444ED71B1352681","hunter\sdf\pc\data\sdf-A-0581.sdfdata",34936791,34936791,31662274,5
"89F9E725F908B7AB740CAEFC1444ED71B1352681","hunter\sdf\pc\data\sdf-A-0582.sdfdata",37908646,37908646,30213011,5
"89F9E725F908B7AB740CAEFC1444ED71B1352681","hunter\sdf\pc\data\sdf-A-0583.sdfdata",25220644,25220644,21552678,5
"89F9E725F908B7AB740CAEFC1444ED71B1352681","hunter\sdf\pc\data\sdf-A-0584.sdfdata",16704321,16704321,13469226,5
"89F9E725F908B7AB740CAEFC1444ED71B1352681","hunter\sdf\pc\data\sdf-A-0585.sdfdata",36508112,36508112,33088839,5
"89F9E725F908B7AB740CAEFC1444ED71B1352681","hunter\sdf\pc\data\sdf-A-0586.sdfdata",36088935,36088935,30909569,5
"89F9E725F908B7AB740CAEFC1444ED71B1352681","hunter\sdf\pc\data\sdf-A-0587.sdfdata",34354370,34354370,31496083,5
"89F9E725F908B7AB740CAEFC1444ED71B1352681","hunter\sdf\pc\data\sdf-A-0588.sdfdata",34114589,34114589,30068363,5
"89F9E725F908B7AB740CAEFC1444ED71B1352681","hunter\sdf\pc\data\sdf-A-0589.sdfdata",23616117,23616117,22292844,5
"89F9E725F908B7AB740CAEFC1444ED71B1352681","hunter\sdf\pc\data\sdf-A-0590.sdfdata",32333442,32333442,30755191,5
"89F9E725F908B7AB740CAEFC1444ED71B1352681","hunter\sdf\pc\data\sdf-A-0591.sdfdata",32002477,32002477,29363105,5
"89F9E725F908B7AB740CAEFC1444ED71B1352681","hunter\sdf\pc\data\sdf-A-0592.sdfdata",25757748,25757748,23924119,5
"89F9E725F908B7AB740CAEFC1444ED71B1352681","hunter\sdf\pc\data\sdf-A-0593.sdfdata",35322760,35322760,33307601,5
"89F9E725F908B7AB740CAEFC1444ED71B1352681","hunter\sdf\pc\data\sdf-A-0594.sdfdata",18241067,18241067,16993369,5
"89F9E725F908B7AB740CAEFC1444ED71B1352681","hunter\sdf\pc\data\sdf-A-0595.sdfdata",22611409,22611409,21742913,5
"89F9E725F908B7AB740CAEFC1444ED71B1352681","hunter\sdf\pc\data\sdf-A-0596.sdfdata",28425196,28425196,27166367,5
"89F9E725F908B7AB740CAEFC1444ED71B1352681","hunter\sdf\pc\data\sdf-A-0597.sdfdata",37881382,37881382,36326511,5
"89F9E725F908B7AB740CAEFC1444ED71B1352681","hunter\sdf\pc\data\sdf-A-0598.sdfdata",35805767,35805767,32926890,5
"89F9E725F908B7AB740CAEFC1444ED71B1352681","hunter\sdf\pc\data\sdf-A-0599.sdfdata",29734432,29734432,28117869,5
"89F9E725F908B7AB740CAEFC1444ED71B1352681","hunter\sdf\pc\data\sdf-A-0600.sdfdata",23739478,23739478,22482948,5
"89F9E725F908B7AB740CAEFC1444ED71B1352681","hunter\sdf\pc\data\sdf-A-0601.sdfdata",30217026,30217026,28597445,5
"89F9E725F908B7AB740CAEFC1444ED71B1352681","hunter\sdf\pc\data\sdf-A-0602.sdfdata",34265897,34265897,32111247,5
"89F9E725F908B7AB740CAEFC1444ED71B1352681","hunter\sdf\pc\data\sdf-A-0603.sdfdata",92950314,92950314,91148414,5
"89F9E725F908B7AB740CAEFC1444ED71B1352681","hunter\sdf\pc\data\sdf-A-0604.sdfdata",29346246,29346246,27945347,5
"89F9E725F908B7AB740CAEFC1444ED71B1352681","hunter\sdf\pc\data\sdf-A-0605.sdfdata",37316926,37316926,35157636,5
"89F9E725F908B7AB740CAEFC1444ED71B1352681","hunter\sdf\pc\data\sdf-A-0606.sdfdata",33302511,33302511,32000287,5
"89F9E725F908B7AB740CAEFC1444ED71B1352681","hunter\sdf\pc\data\sdf-A-0607.sdfdata",30500635,30500635,28812053,5
"89F9E725F908B7AB740CAEFC1444ED71B1352681","hunter\sdf\pc\data\sdf-A-0608.sdfdata",33937116,33937116,32527168,5
"89F9E725F908B7AB740CAEFC1444ED71B1352681","hunter\sdf\pc\data\sdf-A-0609.sdfdata",36650337,36650337,35293320,5
"89F9E725F908B7AB740CAEFC1444ED71B1352681","hunter\sdf\pc\data\sdf-A-0610.sdfdata",32716730,32716730,31118867,5
"89F9E725F908B7AB740CAEFC1444ED71B1352681","hunter\sdf\pc\data\sdf-A-0611.sdfdata",37786910,37786910,36025699,5
"89F9E725F908B7AB740CAEFC1444ED71B1352681","hunter\sdf\pc\data\sdf-A-0612.sdfdata",32620802,32620802,30942273,5
"89F9E725F908B7AB740CAEFC1444ED71B1352681","hunter\sdf\pc\data\sdf-A-0613.sdfdata",36528306,36528306,34300436,5
"89F9E725F908B7AB740CAEFC1444ED71B1352681","hunter\sdf\pc\data\sdf-A-0614.sdfdata",35266635,35266635,33368220,5
"89F9E725F908B7AB740CAEFC1444ED71B1352681","hunter\sdf\pc\data\sdf-A-0615.sdfdata",32470574,32470574,30366014,5
"89F9E725F908B7AB740CAEFC1444ED71B1352681","hunter\sdf\pc\data\sdf-A-0616.sdfdata",36980229,36980229,35308379,5
"89F9E725F908B7AB740CAEFC1444ED71B1352681","hunter\sdf\pc\data\sdf-A-0617.sdfdata",20027096,20027096,18773016,5
"89F9E725F908B7AB740CAEFC1444ED71B1352681","hunter\sdf\pc\data\sdf-A-0618.sdfdata",31278488,31278488,29518074,5
"89F9E725F908B7AB740CAEFC1444ED71B1352681","hunter\sdf\pc\data\sdf-A-0619.sdfdata",30197861,30197861,29027954,5
"89F9E725F908B7AB740CAEFC1444ED71B1352681","hunter\sdf\pc\data\sdf-A-0620.sdfdata",32469289,32469289,31047713,5
"89F9E725F908B7AB740CAEFC1444ED71B1352681","hunter\sdf\pc\data\sdf-A-0621.sdfdata",29890739,29890739,28629351,5
"89F9E725F908B7AB740CAEFC1444ED71B1352681","hunter\sdf\pc\data\sdf-A-0622.sdfdata",28786794,28786794,27471745,5
"89F9E725F908B7AB740CAEFC1444ED71B1352681","hunter\sdf\pc\data\sdf-A-0623.sdfdata",36845910,36845910,35144171,5
"89F9E725F908B7AB740CAEFC1444ED71B1352681","hunter\sdf\pc\data\sdf-A-0624.sdfdata",29511305,29511305,28459066,5
"89F9E725F908B7AB740CAEFC1444ED71B1352681","hunter\sdf\pc\data\sdf-A-0625.sdfdata",33029199,33029199,31282313,5
"89F9E725F908B7AB740CAEFC1444ED71B1352681","hunter\sdf\pc\data\sdf-A-0626.sdfdata",33792605,33792605,32073167,5
"89F9E725F908B7AB740CAEFC1444ED71B1352681","hunter\sdf\pc\data\sdf-A-0627.sdfdata",36673324,36673324,35085307,5
"89F9E725F908B7AB740CAEFC1444ED71B1352681","hunter\sdf\pc\data\sdf-A-0628.sdfdata",38088416,38088416,36472965,5
"89F9E725F908B7AB740CAEFC1444ED71B1352681","hunter\sdf\pc\data\sdf-A-0629.sdfdata",34900579,34900579,33022886,5
"89F9E725F908B7AB740CAEFC1444ED71B1352681","hunter\sdf\pc\data\sdf-A-0630.sdfdata",27799186,27799186,26000134,5
"89F9E725F908B7AB740CAEFC1444ED71B1352681","hunter\sdf\pc\data\sdf-A-0631.sdfdata",23581214,23581214,22689587,5
"89F9E725F908B7AB740CAEFC1444ED71B1352681","hunter\sdf\pc\data\sdf-A-0632.sdfdata",33801429,33801429,32229839,5
"89F9E725F908B7AB740CAEFC1444ED71B1352681","hunter\sdf\pc\data\sdf-A-0633.sdfdata",37329671,37329671,35347060,5
"89F9E725F908B7AB740CAEFC1444ED71B1352681","hunter\sdf\pc\data\sdf-A-0634.sdfdata",34150595,34150595,32573036,5
"89F9E725F908B7AB740CAEFC1444ED71B1352681","hunter\sdf\pc\data\sdf-A-0635.sdfdata",32265888,32265888,30663660,5
"89F9E725F908B7AB740CAEFC1444ED71B1352681","hunter\sdf\pc\data\sdf-A-0636.sdfdata",36861001,36861001,35417935,5
"89F9E725F908B7AB740CAEFC1444ED71B1352681","hunter\sdf\pc\data\sdf-A-0637.sdfdata",35847460,35847460,34004897,5
"89F9E725F908B7AB740CAEFC1444ED71B1352681","hunter\sdf\pc\data\sdf-A-0638.sdfdata",41810117,41810117,40248678,5
"89F9E725F908B7AB740CAEFC1444ED71B1352681","hunter\sdf\pc\data\sdf-A-0639.sdfdata",34646251,34646251,32811869,5
"89F9E725F908B7AB740CAEFC1444ED71B1352681","hunter\sdf\pc\data\sdf-A-0640.sdfdata",36450398,36450398,34090680,5
"89F9E725F908B7AB740CAEFC1444ED71B1352681","hunter\sdf\pc\data\sdf-A-0641.sdfdata",36568652,36568652,34278167,5
"89F9E725F908B7AB740CAEFC1444ED71B1352681","hunter\sdf\pc\data\sdf-A-0642.sdfdata",37292702,37292702,35272678,5
"89F9E725F908B7AB740CAEFC1444ED71B1352681","hunter\sdf\pc\data\sdf-A-0643.sdfdata",34215375,34215375,32061026,5
"89F9E725F908B7AB740CAEFC1444ED71B1352681","hunter\sdf\pc\data\sdf-A-0644.sdfdata",31617362,31617362,30373278,5
"89F9E725F908B7AB740CAEFC1444ED71B1352681","hunter\sdf\pc\data\sdf-A-0645.sdfdata",20503116,20503116,13894332,5
"89F9E725F908B7AB740CAEFC1444ED71B1352681","hunter\sdf\pc\data\sdf-A-0646.sdfdata",52664386,52664386,50851569,5
"89F9E725F908B7AB740CAEFC1444ED71B1352681","hunter\sdf\pc\data\sdf-A-0647.sdfdata",34965705,34965705,31408549,5
"89F9E725F908B7AB740CAEFC1444ED71B1352681","hunter\sdf\pc\data\sdf-A-0648.sdfdata",34701471,34701471,32563503,5
"89F9E725F908B7AB740CAEFC1444ED71B1352681","hunter\sdf\pc\data\sdf-A-0649.sdfdata",39841415,39841415,38000318,5
"89F9E725F908B7AB740CAEFC1444ED71B1352681","hunter\sdf\pc\data\sdf-A-0650.sdfdata",37721105,37721105,35681044,5
"89F9E725F908B7AB740CAEFC1444ED71B1352681","hunter\sdf\pc\data\sdf-A-0651.sdfdata",34921089,34921089,32837636,5
"89F9E725F908B7AB740CAEFC1444ED71B1352681","hunter\sdf\pc\data\sdf-A-0652.sdfdata",23499355,23499355,22210044,5
"89F9E725F908B7AB740CAEFC1444ED71B1352681","hunter\sdf\pc\data\sdf-A-0653.sdfdata",31760443,31760443,30069254,5
"89F9E725F908B7AB740CAEFC1444ED71B1352681","hunter\sdf\pc\data\sdf-A-0654.sdfdata",38406970,38406970,36678830,5
"89F9E725F908B7AB740CAEFC1444ED71B1352681","hunter\sdf\pc\data\sdf-A-0655.sdfdata",27648900,27648900,26351087,5
"89F9E725F908B7AB740CAEFC1444ED71B1352681","hunter\sdf\pc\data\sdf-A-0656.sdfdata",38413221,38413221,37006495,5
"89F9E725F908B7AB740CAEFC1444ED71B1352681","hunter\sdf\pc\data\sdf-A-0657.sdfdata",36787842,36787842,34993940,5
"89F9E725F908B7AB740CAEFC1444ED71B1352681","hunter\sdf\pc\data\sdf-A-0658.sdfdata",33707904,33707904,32203810,5
"89F9E725F908B7AB740CAEFC1444ED71B1352681","hunter\sdf\pc\data\sdf-A-0659.sdfdata",38519010,38519010,36774041,5
"89F9E725F908B7AB740CAEFC1444ED71B1352681","hunter\sdf\pc\data\sdf-A-0660.sdfdata",26553975,26553975,24006273,5
"89F9E725F908B7AB740CAEFC1444ED71B1352681","hunter\sdf\pc\data\sdf-A-0661.sdfdata",23334867,23334867,21543168,5
"89F9E725F908B7AB740CAEFC1444ED71B1352681","hunter\sdf\pc\data\sdf-A-0662.sdfdata",19553553,19553553,18664653,5
"89F9E725F908B7AB740CAEFC1444ED71B1352681","hunter\sdf\pc\data\sdf-A-0663.sdfdata",22524869,22524869,21555597,5
"89F9E725F908B7AB740CAEFC1444ED71B1352681","hunter\sdf\pc\data\sdf-A-0664.sdfdata",36016919,36016919,34896389,5
"89F9E725F908B7AB740CAEFC1444ED71B1352681","hunter\sdf\pc\data\sdf-A-0665.sdfdata",32093408,32093408,30910748,5
"89F9E725F908B7AB740CAEFC1444ED71B1352681","hunter\sdf\pc\data\sdf-A-0666.sdfdata",39040392,39040392,36906262,5
"89F9E725F908B7AB740CAEFC1444ED71B1352681","hunter\sdf\pc\data\sdf-A-0667.sdfdata",32894447,32894447,31768431,5
"89F9E725F908B7AB740CAEFC1444ED71B1352681","hunter\sdf\pc\data\sdf-A-0668.sdfdata",41052507,41052507,39525450,5
"89F9E725F908B7AB740CAEFC1444ED71B1352681","hunter\sdf\pc\data\sdf-A-0669.sdfdata",42864791,42864791,41058777,5
"89F9E725F908B7AB740CAEFC1444ED71B1352681","hunter\sdf\pc\data\sdf-A-0670.sdfdata",29909461,29909461,27992590,5
"89F9E725F908B7AB740CAEFC1444ED71B1352681","hunter\sdf\pc\data\sdf-A-0671.sdfdata",34858461,34858461,33308310,5
"89F9E725F908B7AB740CAEFC1444ED71B1352681","hunter\sdf\pc\data\sdf-A-0672.sdfdata",34624539,34624539,33718130,5
"89F9E725F908B7AB740CAEFC1444ED71B1352681","hunter\sdf\pc\data\sdf-A-0673.sdfdata",35047499,35047499,32396385,5
"89F9E725F908B7AB740CAEFC1444ED71B1352681","hunter\sdf\pc\data\sdf-A-0674.sdfdata",43050311,43050311,38107293,5
"89F9E725F908B7AB740CAEFC1444ED71B1352681","hunter\sdf\pc\data\sdf-A-0675.sdfdata",34038007,34038007,32221312,5
"89F9E725F908B7AB740CAEFC1444ED71B1352681","hunter\sdf\pc\data\sdf-A-0676.sdfdata",33666217,33666217,31087630,5
"89F9E725F908B7AB740CAEFC1444ED71B1352681","hunter\sdf\pc\data\sdf-A-0677.sdfdata",36109564,36109564,33514977,5
"89F9E725F908B7AB740CAEFC1444ED71B1352681","hunter\sdf\pc\data\sdf-A-0678.sdfdata",43474602,43474602,40196946,5
"89F9E725F908B7AB740CAEFC1444ED71B1352681","hunter\sdf\pc\data\sdf-A-0679.sdfdata",34176313,34176313,32948636,5
"89F9E725F908B7AB740CAEFC1444ED71B1352681","hunter\sdf\pc\data\sdf-A-0680.sdfdata",34603616,34603616,32961159,5
"89F9E725F908B7AB740CAEFC1444ED71B1352681","hunter\sdf\pc\data\sdf-A-0681.sdfdata",33410289,33410289,31446105,5
"89F9E725F908B7AB740CAEFC1444ED71B1352681","hunter\sdf\pc\data\sdf-A-0682.sdfdata",39511318,39511318,36989036,5
"89F9E725F908B7AB740CAEFC1444ED71B1352681","hunter\sdf\pc\data\sdf-A-0683.sdfdata",32767094,32767094,31124682,5
"89F9E725F908B7AB740CAEFC1444ED71B1352681","hunter\sdf\pc\data\sdf-A-0684.sdfdata",31721111,31721111,30192321,5
"89F9E725F908B7AB740CAEFC1444ED71B1352681","hunter\sdf\pc\data\sdf-A-0685.sdfdata",34819689,34819689,32344913,5
"89F9E725F908B7AB740CAEFC1444ED71B1352681","hunter\sdf\pc\data\sdf-A-0686.sdfdata",43643760,43643760,37686969,5
"89F9E725F908B7AB740CAEFC1444ED71B1352681","hunter\sdf\pc\data\sdf-A-0687.sdfdata",33932183,33932183,32115399,5
"89F9E725F908B7AB740CAEFC1444ED71B1352681","hunter\sdf\pc\data\sdf-A-0688.sdfdata",36906904,36906904,33941214,5
"89F9E725F908B7AB740CAEFC1444ED71B1352681","hunter\sdf\pc\data\sdf-A-0689.sdfdata",41777323,41777323,36724344,5
"89F9E725F908B7AB740CAEFC1444ED71B1352681","hunter\sdf\pc\data\sdf-A-0690.sdfdata",34972669,34972669,32433734,5
"89F9E725F908B7AB740CAEFC1444ED71B1352681","hunter\sdf\pc\data\sdf-A-0691.sdfdata",34523765,34523765,30696822,5
"89F9E725F908B7AB740CAEFC1444ED71B1352681","hunter\sdf\pc\data\sdf-A-0692.sdfdata",32993009,32993009,30636820,5
"89F9E725F908B7AB740CAEFC1444ED71B1352681","hunter\sdf\pc\data\sdf-A-0693.sdfdata",34684313,34684313,32934647,5
"89F9E725F908B7AB740CAEFC1444ED71B1352681","hunter\sdf\pc\data\sdf-A-0694.sdfdata",34947942,34947942,33450716,5
"89F9E725F908B7AB740CAEFC1444ED71B1352681","hunter\sdf\pc\data\sdf-A-0695.sdfdata",37190537,37190537,35315419,5
"89F9E725F908B7AB740CAEFC1444ED71B1352681","hunter\sdf\pc\data\sdf-A-0696.sdfdata",34412081,34412081,32521656,5
"89F9E725F908B7AB740CAEFC1444ED71B1352681","hunter\sdf\pc\data\sdf-A-0697.sdfdata",37094995,37094995,35370616,5
"89F9E725F908B7AB740CAEFC1444ED71B1352681","hunter\sdf\pc\data\sdf-A-0698.sdfdata",34851523,34851523,32692115,5
"89F9E725F908B7AB740CAEFC1444ED71B1352681","hunter\sdf\pc\data\sdf-A-0699.sdfdata",34571603,34571603,32590868,5
"89F9E725F908B7AB740CAEFC1444ED71B1352681","hunter\sdf\pc\data\sdf-A-0700.sdfdata",36351042,36351042,34467610,5
"89F9E725F908B7AB740CAEFC1444ED71B1352681","hunter\sdf\pc\data\sdf-A-0701.sdfdata",34131756,34131756,32460698,5
"89F9E725F908B7AB740CAEFC1444ED71B1352681","hunter\sdf\pc\data\sdf-A-0702.sdfdata",35971341,35971341,34323440,5
"89F9E725F908B7AB740CAEFC1444ED71B1352681","hunter\sdf\pc\data\sdf-A-0703.sdfdata",34300588,34300588,32820954,5
"89F9E725F908B7AB740CAEFC1444ED71B1352681","hunter\sdf\pc\data\sdf-A-0704.sdfdata",38017927,38017927,36415429,5
"89F9E725F908B7AB740CAEFC1444ED71B1352681","hunter\sdf\pc\data\sdf-A-0705.sdfdata",22717815,22717815,21635981,5
"89F9E725F908B7AB740CAEFC1444ED71B1352681","hunter\sdf\pc\data\sdf-A-0706.sdfdata",37375014,37375014,35895059,5
"89F9E725F908B7AB740CAEFC1444ED71B1352681","hunter\sdf\pc\data\sdf-A-0707.sdfdata",33660526,33660526,31871193,5
"89F9E725F908B7AB740CAEFC1444ED71B1352681","hunter\sdf\pc\data\sdf-A-0708.sdfdata",35388339,35388339,34072439,5
"89F9E725F908B7AB740CAEFC1444ED71B1352681","hunter\sdf\pc\data\sdf-A-0709.sdfdata",25464285,25464285,23597277,5
"89F9E725F908B7AB740CAEFC1444ED71B1352681","hunter\sdf\pc\data\sdf-A-0710.sdfdata",35519916,35519916,33174678,5
"89F9E725F908B7AB740CAEFC1444ED71B1352681","hunter\sdf\pc\data\sdf-A-0711.sdfdata",37787844,37787844,36259969,5
"89F9E725F908B7AB740CAEFC1444ED71B1352681","hunter\sdf\pc\data\sdf-A-0712.sdfdata",36606615,36606615,35379505,5
"89F9E725F908B7AB740CAEFC1444ED71B1352681","hunter\sdf\pc\data\sdf-A-0713.sdfdata",35583558,35583558,33747265,5
"89F9E725F908B7AB740CAEFC1444ED71B1352681","hunter\sdf\pc\data\sdf-A-0714.sdfdata",35501170,35501170,33389476,5
"89F9E725F908B7AB740CAEFC1444ED71B1352681","hunter\sdf\pc\data\sdf-A-0715.sdfdata",34468422,34468422,32547110,5
"89F9E725F908B7AB740CAEFC1444ED71B1352681","hunter\sdf\pc\data\sdf-A-0716.sdfdata",28486840,28486840,27340668,5
"89F9E725F908B7AB740CAEFC1444ED71B1352681","hunter\sdf\pc\data\sdf-A-0717.sdfdata",34486212,34486212,32908136,5
"89F9E725F908B7AB740CAEFC1444ED71B1352681","hunter\sdf\pc\data\sdf-A-0718.sdfdata",33780853,33780853,31831182,5
"89F9E725F908B7AB740CAEFC1444ED71B1352681","hunter\sdf\pc\data\sdf-A-0719.sdfdata",36533055,36533055,34646657,5
"89F9E725F908B7AB740CAEFC1444ED71B1352681","hunter\sdf\pc\data\sdf-A-0720.sdfdata",32718560,32718560,30530191,5
"89F9E725F908B7AB740CAEFC1444ED71B1352681","hunter\sdf\pc\data\sdf-A-0721.sdfdata",20022637,20022637,18536080,5
"89F9E725F908B7AB740CAEFC1444ED71B1352681","hunter\sdf\pc\data\sdf-A-0722.sdfdata",34115316,34115316,32119187,5
"89F9E725F908B7AB740CAEFC1444ED71B1352681","hunter\sdf\pc\data\sdf-A-0723.sdfdata",33599780,33599780,31232083,5
"89F9E725F908B7AB740CAEFC1444ED71B1352681","hunter\sdf\pc\data\sdf-A-0724.sdfdata",27645485,27645485,25278529,5
"89F9E725F908B7AB740CAEFC1444ED71B1352681","hunter\sdf\pc\data\sdf-A-0725.sdfdata",31139827,31139827,28784565,5
"89F9E725F908B7AB740CAEFC1444ED71B1352681","hunter\sdf\pc\data\sdf-A-0726.sdfdata",24717536,24717536,21470164,5
"89F9E725F908B7AB740CAEFC1444ED71B1352681","hunter\sdf\pc\data\sdf-A-0727.sdfdata",31394832,31394832,28987844,5
"89F9E725F908B7AB740CAEFC1444ED71B1352681","hunter\sdf\pc\data\sdf-A-0728.sdfdata",22757205,22757205,21041552,5
"89F9E725F908B7AB740CAEFC1444ED71B1352681","hunter\sdf\pc\data\sdf-A-0729.sdfdata",35129217,35129217,31635854,5
"89F9E725F908B7AB740CAEFC1444ED71B1352681","hunter\sdf\pc\data\sdf-A-0730.sdfdata",33534778,33534778,31640230,5
"89F9E725F908B7AB740CAEFC1444ED71B1352681","hunter\sdf\pc\data\sdf-A-0731.sdfdata",37510794,37510794,35396998,5
"89F9E725F908B7AB740CAEFC1444ED71B1352681","hunter\sdf\pc\data\sdf-A-0732.sdfdata",34329107,34329107,32242469,5
"89F9E725F908B7AB740CAEFC1444ED71B1352681","hunter\sdf\pc\data\sdf-A-0733.sdfdata",34611917,34611917,32759970,5
"89F9E725F908B7AB740CAEFC1444ED71B1352681","hunter\sdf\pc\data\sdf-A-0734.sdfdata",40563503,40563503,38879160,5
"89F9E725F908B7AB740CAEFC1444ED71B1352681","hunter\sdf\pc\data\sdf-A-0735.sdfdata",26324660,26324660,25055666,5
"89F9E725F908B7AB740CAEFC1444ED71B1352681","hunter\sdf\pc\data\sdf-A-0736.sdfdata",35071776,35071776,33253094,5
"89F9E725F908B7AB740CAEFC1444ED71B1352681","hunter\sdf\pc\data\sdf-A-0737.sdfdata",36240049,36240049,34173369,5
"89F9E725F908B7AB740CAEFC1444ED71B1352681","hunter\sdf\pc\data\sdf-A-0738.sdfdata",34503155,34503155,32487358,5
"89F9E725F908B7AB740CAEFC1444ED71B1352681","hunter\sdf\pc\data\sdf-A-0739.sdfdata",35094105,35094105,33069338,5
"89F9E725F908B7AB740CAEFC1444ED71B1352681","hunter\sdf\pc\data\sdf-A-0740.sdfdata",29499297,29499297,27895197,5
"89F9E725F908B7AB740CAEFC1444ED71B1352681","hunter\sdf\pc\data\sdf-A-0741.sdfdata",36339815,36339815,33332218,5
"89F9E725F908B7AB740CAEFC1444ED71B1352681","hunter\sdf\pc\data\sdf-A-0742.sdfdata",39402792,39402792,37307340,5
"89F9E725F908B7AB740CAEFC1444ED71B1352681","hunter\sdf\pc\data\sdf-A-0743.sdfdata",37658499,37658499,35829210,5
"89F9E725F908B7AB740CAEFC1444ED71B1352681","hunter\sdf\pc\data\sdf-A-0744.sdfdata",34818420,34818420,33094226,5
"89F9E725F908B7AB740CAEFC1444ED71B1352681","hunter\sdf\pc\data\sdf-A-0745.sdfdata",34544510,34544510,32814154,5
"89F9E725F908B7AB740CAEFC1444ED71B1352681","hunter\sdf\pc\data\sdf-A-0746.sdfdata",33495174,33495174,31470810,5
"89F9E725F908B7AB740CAEFC1444ED71B1352681","hunter\sdf\pc\data\sdf-A-0747.sdfdata",39628177,39628177,38170161,5
"89F9E725F908B7AB740CAEFC1444ED71B1352681","hunter\sdf\pc\data\sdf-A-0748.sdfdata",34197993,34197993,31446340,5
"89F9E725F908B7AB740CAEFC1444ED71B1352681","hunter\sdf\pc\data\sdf-A-0749.sdfdata",26350471,26350471,24051521,5
"89F9E725F908B7AB740CAEFC1444ED71B1352681","hunter\sdf\pc\data\sdf-A-0750.sdfdata",25295828,25295828,23718803,5
"89F9E725F908B7AB740CAEFC1444ED71B1352681","hunter\sdf\pc\data\sdf-A-0751.sdfdata",27997103,27997103,26809471,5
"89F9E725F908B7AB740CAEFC1444ED71B1352681","hunter\sdf\pc\data\sdf-A-0752.sdfdata",40949531,40949531,31843654,5
"89F9E725F908B7AB740CAEFC1444ED71B1352681","hunter\sdf\pc\data\sdf-A-0753.sdfdata",33996070,33996070,12723358,5
"89F9E725F908B7AB740CAEFC1444ED71B1352681","hunter\sdf\pc\data\sdf-A-0754.sdfdata",34797626,34797626,25574368,5
"89F9E725F908B7AB740CAEFC1444ED71B1352681","hunter\sdf\pc\data\sdf-A-0755.sdfdata",34543357,34543357,32914676,5
"89F9E725F908B7AB740CAEFC1444ED71B1352681","hunter\sdf\pc\data\sdf-A-0756.sdfdata",32287320,32287320,30576436,5
"89F9E725F908B7AB740CAEFC1444ED71B1352681","hunter\sdf\pc\data\sdf-A-0757.sdfdata",25787278,25787278,24586260,5
"89F9E725F908B7AB740CAEFC1444ED71B1352681","hunter\sdf\pc\data\sdf-A-0758.sdfdata",32977527,32977527,30567934,5
"89F9E725F908B7AB740CAEFC1444ED71B1352681","hunter\sdf\pc\data\sdf-A-0759.sdfdata",41468193,41468193,39424347,5
"89F9E725F908B7AB740CAEFC1444ED71B1352681","hunter\sdf\pc\data\sdf-A-0760.sdfdata",35981104,35981104,34465050,5
"89F9E725F908B7AB740CAEFC1444ED71B1352681","hunter\sdf\pc\data\sdf-A-0761.sdfdata",36678343,36678343,35263697,5
"89F9E725F908B7AB740CAEFC1444ED71B1352681","hunter\sdf\pc\data\sdf-A-0762.sdfdata",35085678,35085678,33278451,5
"89F9E725F908B7AB740CAEFC1444ED71B1352681","hunter\sdf\pc\data\sdf-A-0763.sdfdata",48544458,48544458,45059873,5
"89F9E725F908B7AB740CAEFC1444ED71B1352681","hunter\sdf\pc\data\sdf-A-0764.sdfdata",36013985,36013985,30742183,5
"89F9E725F908B7AB740CAEFC1444ED71B1352681","hunter\sdf\pc\data\sdf-A-0765.sdfdata",32167952,32167952,26505803,5
"89F9E725F908B7AB740CAEFC1444ED71B1352681","hunter\sdf\pc\data\sdf-A-0766.sdfdata",34534531,34534531,28876166,5
"89F9E725F908B7AB740CAEFC1444ED71B1352681","hunter\sdf\pc\data\sdf-A-0767.sdfdata",35017615,35017615,32322995,5
"89F9E725F908B7AB740CAEFC1444ED71B1352681","hunter\sdf\pc\data\sdf-A-0768.sdfdata",35774376,35774376,34335789,5
"89F9E725F908B7AB740CAEFC1444ED71B1352681","hunter\sdf\pc\data\sdf-A-0769.sdfdata",43419224,43419224,41875677,5
"89F9E725F908B7AB740CAEFC1444ED71B1352681","hunter\sdf\pc\data\sdf-A-0770.sdfdata",31843338,31843338,30389755,5
"89F9E725F908B7AB740CAEFC1444ED71B1352681","hunter\sdf\pc\data\sdf-A-0771.sdfdata",37886337,37886337,35958123,5
"89F9E725F908B7AB740CAEFC1444ED71B1352681","hunter\sdf\pc\data\sdf-A-0772.sdfdata",35792602,35792602,33890534,5
"89F9E725F908B7AB740CAEFC1444ED71B1352681","hunter\sdf\pc\data\sdf-A-0773.sdfdata",31848198,31848198,30391601,5
"89F9E725F908B7AB740CAEFC1444ED71B1352681","hunter\sdf\pc\data\sdf-A-0774.sdfdata",28943712,28943712,27816728,5
"89F9E725F908B7AB740CAEFC1444ED71B1352681","hunter\sdf\pc\data\sdf-A-0775.sdfdata",31016876,31016876,29275693,5
"89F9E725F908B7AB740CAEFC1444ED71B1352681","hunter\sdf\pc\data\sdf-A-0776.sdfdata",21933696,21933696,21069593,5
"89F9E725F908B7AB740CAEFC1444ED71B1352681","hunter\sdf\pc\data\sdf-A-0777.sdfdata",29332727,29332727,27948371,5
"89F9E725F908B7AB740CAEFC1444ED71B1352681","hunter\sdf\pc\data\sdf-A-0778.sdfdata",28160458,28160458,26508695,5
"89F9E725F908B7AB740CAEFC1444ED71B1352681","hunter\sdf\pc\data\sdf-A-0779.sdfdata",20624733,20624733,19125369,5
"89F9E725F908B7AB740CAEFC1444ED71B1352681","hunter\sdf\pc\data\sdf-A-0780.sdfdata",27380216,27380216,26370765,5
"89F9E725F908B7AB740CAEFC1444ED71B1352681","hunter\sdf\pc\data\sdf-A-0781.sdfdata",34804901,34804901,32861114,5
"89F9E725F908B7AB740CAEFC1444ED71B1352681","hunter\sdf\pc\data\sdf-A-0782.sdfdata",36794526,36794526,34677013,5
"89F9E725F908B7AB740CAEFC1444ED71B1352681","hunter\sdf\pc\data\sdf-A-0783.sdfdata",34780360,34780360,33081311,5
"89F9E725F908B7AB740CAEFC1444ED71B1352681","hunter\sdf\pc\data\sdf-A-0784.sdfdata",34493778,34493778,32872069,5
"89F9E725F908B7AB740CAEFC1444ED71B1352681","hunter\sdf\pc\data\sdf-A-0785.sdfdata",34989949,34989949,32709468,5
"89F9E725F908B7AB740CAEFC1444ED71B1352681","hunter\sdf\pc\data\sdf-A-0786.sdfdata",35234256,35234256,33859395,5
"89F9E725F908B7AB740CAEFC1444ED71B1352681","hunter\sdf\pc\data\sdf-A-0787.sdfdata",34464577,34464577,31798159,5
"89F9E725F908B7AB740CAEFC1444ED71B1352681","hunter\sdf\pc\data\sdf-A-0788.sdfdata",33440884,33440884,30504246,5
"89F9E725F908B7AB740CAEFC1444ED71B1352681","hunter\sdf\pc\data\sdf-A-0789.sdfdata",33653576,33653576,33457743,5
"89F9E725F908B7AB740CAEFC1444ED71B1352681","hunter\sdf\pc\data\sdf-A-0790.sdfdata",48075131,48075131,47456354,5
"89F9E725F908B7AB740CAEFC1444ED71B1352681","hunter\sdf\pc\data\sdf-A-0791.sdfdata",35703772,35703772,35657010,5
"89F9E725F908B7AB740CAEFC1444ED71B1352681","hunter\sdf\pc\data\sdf-A-0792.sdfdata",31504192,31504192,31379206,5
"89F9E725F908B7AB740CAEFC1444ED71B1352681","hunter\sdf\pc\data\sdf-A-0793.sdfdata",20668948,20668948,20571136,5
"89F9E725F908B7AB740CAEFC1444ED71B1352681","hunter\sdf\pc\data\sdf-A-0794.sdfdata",31121644,31121644,29951057,5
"89F9E725F908B7AB740CAEFC1444ED71B1352681","hunter\sdf\pc\data\sdf-A-0795.sdfdata",22696175,22696175,21383985,5
"89F9E725F908B7AB740CAEFC1444ED71B1352681","hunter\sdf\pc\data\sdf-A-0796.sdfdata",34332527,34332527,33533647,5
"89F9E725F908B7AB740CAEFC1444ED71B1352681","hunter\sdf\pc\data\sdf-A-0797.sdfdata",37483550,37483550,36513118,5
"89F9E725F908B7AB740CAEFC1444ED71B1352681","hunter\sdf\pc\data\sdf-A-0798.sdfdata",31580628,31580628,30206285,5
"89F9E725F908B7AB740CAEFC1444ED71B1352681","hunter\sdf\pc\data\sdf-A-0799.sdfdata",37172082,37172082,36093538,5
"89F9E725F908B7AB740CAEFC1444ED71B1352681","hunter\sdf\pc\data\sdf-A-0800.sdfdata",26097647,26097647,23723876,5
"89F9E725F908B7AB740CAEFC1444ED71B1352681","hunter\sdf\pc\data\sdf-A-0801.sdfdata",33228709,33228709,31137700,5
"89F9E725F908B7AB740CAEFC1444ED71B1352681","hunter\sdf\pc\data\sdf-A-0802.sdfdata",36777946,36777946,35634672,5
"89F9E725F908B7AB740CAEFC1444ED71B1352681","hunter\sdf\pc\data\sdf-A-0803.sdfdata",34658518,34658518,33545153,5
"89F9E725F908B7AB740CAEFC1444ED71B1352681","hunter\sdf\pc\data\sdf-A-0804.sdfdata",35819203,35819203,33972720,5
"89F9E725F908B7AB740CAEFC1444ED71B1352681","hunter\sdf\pc\data\sdf-A-0805.sdfdata",34417031,34417031,33048708,5
"89F9E725F908B7AB740CAEFC1444ED71B1352681","hunter\sdf\pc\data\sdf-A-0806.sdfdata",23458899,23458899,20179762,5
"89F9E725F908B7AB740CAEFC1444ED71B1352681","hunter\sdf\pc\data\sdf-A-0807.sdfdata",36947335,36947335,35690684,5
"89F9E725F908B7AB740CAEFC1444ED71B1352681","hunter\sdf\pc\data\sdf-A-0808.sdfdata",28358382,28358382,26246411,5
"89F9E725F908B7AB740CAEFC1444ED71B1352681","hunter\sdf\pc\data\sdf-A-0809.sdfdata",34825918,34825918,32321430,5
"89F9E725F908B7AB740CAEFC1444ED71B1352681","hunter\sdf\pc\data\sdf-A-0810.sdfdata",25441706,25441706,24145696,5
"89F9E725F908B7AB740CAEFC1444ED71B1352681","hunter\sdf\pc\data\sdf-A-0811.sdfdata",33294979,33294979,27768735,5
"89F9E725F908B7AB740CAEFC1444ED71B1352681","hunter\sdf\pc\data\sdf-A-0812.sdfdata",33069963,33069963,27234265,5
"89F9E725F908B7AB740CAEFC1444ED71B1352681","hunter\sdf\pc\data\sdf-A-0813.sdfdata",33447950,33447950,27486644,5
"89F9E725F908B7AB740CAEFC1444ED71B1352681","hunter\sdf\pc\data\sdf-A-0814.sdfdata",36555992,36555992,30680039,5
"89F9E725F908B7AB740CAEFC1444ED71B1352681","hunter\sdf\pc\data\sdf-A-0815.sdfdata",33400559,33400559,27241861,5
"89F9E725F908B7AB740CAEFC1444ED71B1352681","hunter\sdf\pc\data\sdf-A-0816.sdfdata",33100934,33100934,27542514,5
"89F9E725F908B7AB740CAEFC1444ED71B1352681","hunter\sdf\pc\data\sdf-A-0817.sdfdata",33113620,33113620,26557722,5
"89F9E725F908B7AB740CAEFC1444ED71B1352681","hunter\sdf\pc\data\sdf-A-0818.sdfdata",30894113,30894113,25294882,5
"89F9E725F908B7AB740CAEFC1444ED71B1352681","hunter\sdf\pc\data\sdf-A-0819.sdfdata",34384660,34384660,27780625,5
"89F9E725F908B7AB740CAEFC1444ED71B1352681","hunter\sdf\pc\data\sdf-A-0820.sdfdata",32902643,32902643,27468865,5
"89F9E725F908B7AB740CAEFC1444ED71B1352681","hunter\sdf\pc\data\sdf-A-0821.sdfdata",33834560,33834560,26675779,5
"89F9E725F908B7AB740CAEFC1444ED71B1352681","hunter\sdf\pc\data\sdf-A-0822.sdfdata",63202651,63202651,59132650,5
"89F9E725F908B7AB740CAEFC1444ED71B1352681","hunter\sdf\pc\data\sdf-A-0823.sdfdata",45803203,45803203,41468040,5
"89F9E725F908B7AB740CAEFC1444ED71B1352681","hunter\sdf\pc\data\sdf-A-0824.sdfdata",30395746,30395746,28429338,5
"89F9E725F908B7AB740CAEFC1444ED71B1352681","hunter\sdf\pc\data\sdf-A-0825.sdfdata",31347072,31347072,28861622,5
"89F9E725F908B7AB740CAEFC1444ED71B1352681","hunter\sdf\pc\data\sdf-A-0826.sdfdata",23503548,23503548,23055683,5
"89F9E725F908B7AB740CAEFC1444ED71B1352681","hunter\sdf\pc\data\sdf-A-0827.sdfdata",37145656,37145656,36822323,5
"89F9E725F908B7AB740CAEFC1444ED71B1352681","hunter\sdf\pc\data\sdf-A-0828.sdfdata",34491710,34491710,33845354,5
"89F9E725F908B7AB740CAEFC1444ED71B1352681","hunter\sdf\pc\data\sdf-A-0829.sdfdata",28738516,28738516,28629807,5
"89F9E725F908B7AB740CAEFC1444ED71B1352681","hunter\sdf\pc\data\sdf-A-0830.sdfdata",30571402,30571402,29068021,5
"89F9E725F908B7AB740CAEFC1444ED71B1352681","hunter\sdf\pc\data\sdf-A-0831.sdfdata",34977459,34977459,34002678,5
"89F9E725F908B7AB740CAEFC1444ED71B1352681","hunter\sdf\pc\data\sdf-A-0832.sdfdata",67466346,67466346,66140634,5
"89F9E725F908B7AB740CAEFC1444ED71B1352681","hunter\sdf\pc\data\sdf-A-0833.sdfdata",30634031,30634031,29666511,5
"89F9E725F908B7AB740CAEFC1444ED71B1352681","hunter\sdf\pc\data\sdf-A-0834.sdfdata",25982762,25982762,25476160,5
"89F9E725F908B7AB740CAEFC1444ED71B1352681","hunter\sdf\pc\data\sdf-A-0835.sdfdata",35415423,35415423,34469621,5
"89F9E725F908B7AB740CAEFC1444ED71B1352681","hunter\sdf\pc\data\sdf-A-0836.sdfdata",20906461,20906461,20256992,5
"89F9E725F908B7AB740CAEFC1444ED71B1352681","hunter\sdf\pc\data\sdf-A-0837.sdfdata",29407620,29407620,28175890,5
"89F9E725F908B7AB740CAEFC1444ED71B1352681","hunter\sdf\pc\data\sdf-A-0838.sdfdata",26102710,26102710,24489645,5
"89F9E725F908B7AB740CAEFC1444ED71B1352681","hunter\sdf\pc\data\sdf-A-0839.sdfdata",27863322,27863322,27022850,5
"89F9E725F908B7AB740CAEFC1444ED71B1352681","hunter\sdf\pc\data\sdf-A-0840.sdfdata",23273977,23273977,21649705,5
"89F9E725F908B7AB740CAEFC1444ED71B1352681","hunter\sdf\pc\data\sdf-A-0841.sdfdata",17446905,17446905,16274754,5
"89F9E725F908B7AB740CAEFC1444ED71B1352681","hunter\sdf\pc\data\sdf-A-0842.sdfdata",29743693,29743693,28157460,5
"89F9E725F908B7AB740CAEFC1444ED71B1352681","hunter\sdf\pc\data\sdf-A-0843.sdfdata",23140935,23140935,21896247,5
"89F9E725F908B7AB740CAEFC1444ED71B1352681","hunter\sdf\pc\data\sdf-A-0844.sdfdata",85646969,85646969,83583195,5
"89F9E725F908B7AB740CAEFC1444ED71B1352681","hunter\sdf\pc\data\sdf-A-0845.sdfdata",43712955,43712955,42711720,5
"89F9E725F908B7AB740CAEFC1444ED71B1352681","hunter\sdf\pc\data\sdf-A-0846.sdfdata",30876933,30876933,29867271,5
"89F9E725F908B7AB740CAEFC1444ED71B1352681","hunter\sdf\pc\data\sdf-A-0847.sdfdata",32051884,32051884,30731375,5
"89F9E725F908B7AB740CAEFC1444ED71B1352681","hunter\sdf\pc\data\sdf-A-0848.sdfdata",33133321,33133321,31770092,5
"89F9E725F908B7AB740CAEFC1444ED71B1352681","hunter\sdf\pc\data\sdf-A-0849.sdfdata",33583473,33583473,32222483,5
"89F9E725F908B7AB740CAEFC1444ED71B1352681","hunter\sdf\pc\data\sdf-A-0850.sdfdata",34007586,34007586,32855023,5
"89F9E725F908B7AB740CAEFC1444ED71B1352681","hunter\sdf\pc\data\sdf-A-0851.sdfdata",60809958,60809958,59489798,5
"89F9E725F908B7AB740CAEFC1444ED71B1352681","hunter\sdf\pc\data\sdf-A-0852.sdfdata",34956971,34956971,33019563,5
"89F9E725F908B7AB740CAEFC1444ED71B1352681","hunter\sdf\pc\data\sdf-A-0853.sdfdata",33351031,33351031,32016907,5
"89F9E725F908B7AB740CAEFC1444ED71B1352681","hunter\sdf\pc\data\sdf-A-0854.sdfdata",32432310,32432310,30735168,5
"89F9E725F908B7AB740CAEFC1444ED71B1352681","hunter\sdf\pc\data\sdf-A-0855.sdfdata",25780498,25780498,24225912,5
"89F9E725F908B7AB740CAEFC1444ED71B1352681","hunter\sdf\pc\data\sdf-A-0856.sdfdata",26624160,26624160,25291444,5
"89F9E725F908B7AB740CAEFC1444ED71B1352681","hunter\sdf\pc\data\sdf-A-0857.sdfdata",31992390,31992390,30839882,5
"89F9E725F908B7AB740CAEFC1444ED71B1352681","hunter\sdf\pc\data\sdf-A-0858.sdfdata",28512545,28512545,26262903,5
"89F9E725F908B7AB740CAEFC1444ED71B1352681","hunter\sdf\pc\data\sdf-A-0859.sdfdata",65376697,65376697,64526285,5
"89F9E725F908B7AB740CAEFC1444ED71B1352681","hunter\sdf\pc\data\sdf-A-0860.sdfdata",21977206,21977206,21359168,5
"89F9E725F908B7AB740CAEFC1444ED71B1352681","hunter\sdf\pc\data\sdf-A-0861.sdfdata",37505311,37505311,36295328,5
"89F9E725F908B7AB740CAEFC1444ED71B1352681","hunter\sdf\pc\data\sdf-A-0862.sdfdata",34739715,34739715,33588600,5
"89F9E725F908B7AB740CAEFC1444ED71B1352681","hunter\sdf\pc\data\sdf-A-0863.sdfdata",30625785,30625785,28241736,5
"89F9E725F908B7AB740CAEFC1444ED71B1352681","hunter\sdf\pc\data\sdf-A-0864.sdfdata",21453044,21453044,21217195,5
"89F9E725F908B7AB740CAEFC1444ED71B1352681","hunter\sdf\pc\data\sdf-A-0865.sdfdata",26448310,26448310,25109125,5
"89F9E725F908B7AB740CAEFC1444ED71B1352681","hunter\sdf\pc\data\sdf-A-0866.sdfdata",34255758,34255758,31713744,5
"89F9E725F908B7AB740CAEFC1444ED71B1352681","hunter\sdf\pc\data\sdf-A-0867.sdfdata",39588946,39588946,38317001,5
"89F9E725F908B7AB740CAEFC1444ED71B1352681","hunter\sdf\pc\data\sdf-A-0868.sdfdata",30709067,30709067,28626197,5
"89F9E725F908B7AB740CAEFC1444ED71B1352681","hunter\sdf\pc\data\sdf-A-0869.sdfdata",28261643,28261643,27338316,5
"89F9E725F908B7AB740CAEFC1444ED71B1352681","hunter\sdf\pc\data\sdf-A-0870.sdfdata",21771662,21771662,21105746,5
"89F9E725F908B7AB740CAEFC1444ED71B1352681","hunter\sdf\pc\data\sdf-A-0871.sdfdata",34898905,34898905,34407153,5
"89F9E725F908B7AB740CAEFC1444ED71B1352681","hunter\sdf\pc\data\sdf-A-0872.sdfdata",36146807,36146807,35207411,5
"89F9E725F908B7AB740CAEFC1444ED71B1352681","hunter\sdf\pc\data\sdf-A-0873.sdfdata",33192281,33192281,31824381,5
"89F9E725F908B7AB740CAEFC1444ED71B1352681","hunter\sdf\pc\data\sdf-A-0874.sdfdata",31453929,31453929,30003590,5
"89F9E725F908B7AB740CAEFC1444ED71B1352681","hunter\sdf\pc\data\sdf-A-0875.sdfdata",27951192,27951192,26151943,5
"89F9E725F908B7AB740CAEFC1444ED71B1352681","hunter\sdf\pc\data\sdf-A-0876.sdfdata",35945901,35945901,34516749,5
"89F9E725F908B7AB740CAEFC1444ED71B1352681","hunter\sdf\pc\data\sdf-A-0877.sdfdata",33879322,33879322,32299670,5
"89F9E725F908B7AB740CAEFC1444ED71B1352681","hunter\sdf\pc\data\sdf-A-0878.sdfdata",31977305,31977305,30043040,5
"89F9E725F908B7AB740CAEFC1444ED71B1352681","hunter\sdf\pc\data\sdf-A-0879.sdfdata",35057538,35057538,33189241,5
"89F9E725F908B7AB740CAEFC1444ED71B1352681","hunter\sdf\pc\data\sdf-A-0880.sdfdata",32763079,32763079,30316966,5
"89F9E725F908B7AB740CAEFC1444ED71B1352681","hunter\sdf\pc\data\sdf-A-0881.sdfdata",28888465,28888465,26894341,5
"89F9E725F908B7AB740CAEFC1444ED71B1352681","hunter\sdf\pc\data\sdf-A-0882.sdfdata",36153386,36153386,34814561,5
"89F9E725F908B7AB740CAEFC1444ED71B1352681","hunter\sdf\pc\data\sdf-A-0883.sdfdata",30370520,30370520,27376634,5
"89F9E725F908B7AB740CAEFC1444ED71B1352681","hunter\sdf\pc\data\sdf-A-0884.sdfdata",39563510,39563510,38911738,5
"89F9E725F908B7AB740CAEFC1444ED71B1352681","hunter\sdf\pc\data\sdf-A-0885.sdfdata",35599644,35599644,35105975,5
"89F9E725F908B7AB740CAEFC1444ED71B1352681","hunter\sdf\pc\data\sdf-A-0886.sdfdata",28324729,28324729,28186686,5
"89F9E725F908B7AB740CAEFC1444ED71B1352681","hunter\sdf\pc\data\sdf-A-0887.sdfdata",26563353,26563353,26436047,5
"89F9E725F908B7AB740CAEFC1444ED71B1352681","hunter\sdf\pc\data\sdf-A-0888.sdfdata",17994369,17994369,17794631,5
"89F9E725F908B7AB740CAEFC1444ED71B1352681","hunter\sdf\pc\data\sdf-A-0889.sdfdata",23688231,23688231,22560674,5
"89F9E725F908B7AB740CAEFC1444ED71B1352681","hunter\sdf\pc\data\sdf-A-0890.sdfdata",30881354,30881354,29687258,5
"89F9E725F908B7AB740CAEFC1444ED71B1352681","hunter\sdf\pc\data\sdf-A-0891.sdfdata",35367019,35367019,30556683,5
"89F9E725F908B7AB740CAEFC1444ED71B1352681","hunter\sdf\pc\data\sdf-A-0892.sdfdata",36348086,36348086,35111512,5
"89F9E725F908B7AB740CAEFC1444ED71B1352681","hunter\sdf\pc\data\sdf-A-0893.sdfdata",83300800,83300800,81870165,5
"89F9E725F908B7AB740CAEFC1444ED71B1352681","hunter\sdf\pc\data\sdf-A-0894.sdfdata",40588680,40588680,39528370,5
"89F9E725F908B7AB740CAEFC1444ED71B1352681","hunter\sdf\pc\data\sdf-A-0895.sdfdata",30790809,30790809,29185463,5
"89F9E725F908B7AB740CAEFC1444ED71B1352681","hunter\sdf\pc\data\sdf-A-0896.sdfdata",30978007,30978007,29228524,5
"89F9E725F908B7AB740CAEFC1444ED71B1352681","hunter\sdf\pc\data\sdf-A-0897.sdfdata",34739803,34739803,32437127,5
"89F9E725F908B7AB740CAEFC1444ED71B1352681","hunter\sdf\pc\data\sdf-A-0898.sdfdata",31625983,31625983,30510101,5
"89F9E725F908B7AB740CAEFC1444ED71B1352681","hunter\sdf\pc\data\sdf-A-0899.sdfdata",31069641,31069641,29396809,5
"89F9E725F908B7AB740CAEFC1444ED71B1352681","hunter\sdf\pc\data\sdf-A-0900.sdfdata",33715362,33715362,31882392,5
"89F9E725F908B7AB740CAEFC1444ED71B1352681","hunter\sdf\pc\data\sdf-A-0901.sdfdata",33949411,33949411,31460244,5
"89F9E725F908B7AB740CAEFC1444ED71B1352681","hunter\sdf\pc\data\sdf-A-0902.sdfdata",33525110,33525110,31919522,5
"89F9E725F908B7AB740CAEFC1444ED71B1352681","hunter\sdf\pc\data\sdf-A-0903.sdfdata",37330047,37330047,35416751,5
"89F9E725F908B7AB740CAEFC1444ED71B1352681","hunter\sdf\pc\data\sdf-A-0904.sdfdata",34175651,34175651,32367393,5
"89F9E725F908B7AB740CAEFC1444ED71B1352681","hunter\sdf\pc\data\sdf-A-0905.sdfdata",35352023,35352023,33573512,5
"89F9E725F908B7AB740CAEFC1444ED71B1352681","hunter\sdf\pc\data\sdf-A-0906.sdfdata",35386631,35386631,32928515,5
"89F9E725F908B7AB740CAEFC1444ED71B1352681","hunter\sdf\pc\data\sdf-A-0907.sdfdata",34719749,34719749,32575765,5
"89F9E725F908B7AB740CAEFC1444ED71B1352681","hunter\sdf\pc\data\sdf-A-0908.sdfdata",25094027,25094027,23190393,5
"89F9E725F908B7AB740CAEFC1444ED71B1352681","hunter\sdf\pc\data\sdf-A-0909.sdfdata",31942784,31942784,29766484,5
"89F9E725F908B7AB740CAEFC1444ED71B1352681","hunter\sdf\pc\data\sdf-A-0910.sdfdata",35729932,35729932,31937197,5
"89F9E725F908B7AB740CAEFC1444ED71B1352681","hunter\sdf\pc\data\sdf-A-0911.sdfdata",30599082,30599082,29146290,5
"89F9E725F908B7AB740CAEFC1444ED71B1352681","hunter\sdf\pc\data\sdf-A-0912.sdfdata",38414234,38414234,35944036,5
"89F9E725F908B7AB740CAEFC1444ED71B1352681","hunter\sdf\pc\data\sdf-A-0913.sdfdata",36300863,36300863,34036503,5
"89F9E725F908B7AB740CAEFC1444ED71B1352681","hunter\sdf\pc\data\sdf-A-0914.sdfdata",36779274,36779274,33262615,5
"89F9E725F908B7AB740CAEFC1444ED71B1352681","hunter\sdf\pc\data\sdf-A-0915.sdfdata",42592621,42592621,40916050,5
"89F9E725F908B7AB740CAEFC1444ED71B1352681","hunter\sdf\pc\data\sdf-A-0916.sdfdata",31925917,31925917,30148207,5
"89F9E725F908B7AB740CAEFC1444ED71B1352681","hunter\sdf\pc\data\sdf-A-0917.sdfdata",31526853,31526853,29507664,5
"89F9E725F908B7AB740CAEFC1444ED71B1352681","hunter\sdf\pc\data\sdf-A-0918.sdfdata",32809847,32809847,30695348,5
"89F9E725F908B7AB740CAEFC1444ED71B1352681","hunter\sdf\pc\data\sdf-A-0919.sdfdata",22219789,22219789,20801741,5
"89F9E725F908B7AB740CAEFC1444ED71B1352681","hunter\sdf\pc\data\sdf-A-0920.sdfdata",17517716,17517716,16397846,5
"89F9E725F908B7AB740CAEFC1444ED71B1352681","hunter\sdf\pc\data\sdf-A-0921.sdfdata",31216166,31216166,29738846,5
"89F9E725F908B7AB740CAEFC1444ED71B1352681","hunter\sdf\pc\data\sdf-A-0922.sdfdata",25071141,25071141,23458091,5
"89F9E725F908B7AB740CAEFC1444ED71B1352681","hunter\sdf\pc\data\sdf-A-0923.sdfdata",34046227,34046227,32752197,5
"89F9E725F908B7AB740CAEFC1444ED71B1352681","hunter\sdf\pc\data\sdf-A-0924.sdfdata",39290266,39290266,38400143,5
"89F9E725F908B7AB740CAEFC1444ED71B1352681","hunter\sdf\pc\data\sdf-A-0925.sdfdata",33553399,33553399,32419216,5
"89F9E725F908B7AB740CAEFC1444ED71B1352681","hunter\sdf\pc\data\sdf-A-0926.sdfdata",31785687,31785687,31222266,5
"89F9E725F908B7AB740CAEFC1444ED71B1352681","hunter\sdf\pc\data\sdf-A-0927.sdfdata",31697932,31697932,29003348,5
"89F9E725F908B7AB740CAEFC1444ED71B1352681","hunter\sdf\pc\data\sdf-A-0928.sdfdata",29048107,29048107,27887873,5
"89F9E725F908B7AB740CAEFC1444ED71B1352681","hunter\sdf\pc\data\sdf-A-0929.sdfdata",35522372,35522372,34172031,5
"89F9E725F908B7AB740CAEFC1444ED71B1352681","hunter\sdf\pc\data\sdf-A-0930.sdfdata",30987180,30987180,27372278,5
"89F9E725F908B7AB740CAEFC1444ED71B1352681","hunter\sdf\pc\data\sdf-A-0931.sdfdata",35227395,35227395,33161515,5
"89F9E725F908B7AB740CAEFC1444ED71B1352681","hunter\sdf\pc\data\sdf-A-0932.sdfdata",32365173,32365173,31602174,5
"89F9E725F908B7AB740CAEFC1444ED71B1352681","hunter\sdf\pc\data\sdf-A-0933.sdfdata",33657985,33657985,31684335,5
"89F9E725F908B7AB740CAEFC1444ED71B1352681","hunter\sdf\pc\data\sdf-A-0934.sdfdata",27801747,27801747,25290463,5
"89F9E725F908B7AB740CAEFC1444ED71B1352681","hunter\sdf\pc\data\sdf-A-0935.sdfdata",34489048,34489048,33553725,5
"89F9E725F908B7AB740CAEFC1444ED71B1352681","hunter\sdf\pc\data\sdf-A-0936.sdfdata",42330473,42330473,38733572,5
"89F9E725F908B7AB740CAEFC1444ED71B1352681","hunter\sdf\pc\data\sdf-A-0937.sdfdata",38113319,38113319,37519507,5
"89F9E725F908B7AB740CAEFC1444ED71B1352681","hunter\sdf\pc\data\sdf-A-0938.sdfdata",33629464,33629464,32861288,5
"89F9E725F908B7AB740CAEFC1444ED71B1352681","hunter\sdf\pc\data\sdf-A-0939.sdfdata",34774011,34774011,32728769,5
"89F9E725F908B7AB740CAEFC1444ED71B1352681","hunter\sdf\pc\data\sdf-A-0940.sdfdata",35714142,35714142,34553574,5
"89F9E725F908B7AB740CAEFC1444ED71B1352681","hunter\sdf\pc\data\sdf-A-0941.sdfdata",35863086,35863086,35332815,5
"89F9E725F908B7AB740CAEFC1444ED71B1352681","hunter\sdf\pc\data\sdf-A-0942.sdfdata",25710188,25710188,25628532,5
"89F9E725F908B7AB740CAEFC1444ED71B1352681","hunter\sdf\pc\data\sdf-A-0943.sdfdata",37175931,37175931,37027633,5
"89F9E725F908B7AB740CAEFC1444ED71B1352681","hunter\sdf\pc\data\sdf-A-0944.sdfdata",28739473,28739473,28443142,5
"89F9E725F908B7AB740CAEFC1444ED71B1352681","hunter\sdf\pc\data\sdf-A-0945.sdfdata",28977988,28977988,28833569,5
"89F9E725F908B7AB740CAEFC1444ED71B1352681","hunter\sdf\pc\data\sdf-A-0946.sdfdata",23533464,23533464,23477999,5
"89F9E725F908B7AB740CAEFC1444ED71B1352681","hunter\sdf\pc\data\sdf-A-0947.sdfdata",34757465,34757465,34639373,5
"89F9E725F908B7AB740CAEFC1444ED71B1352681","hunter\sdf\pc\data\sdf-A-0948.sdfdata",30027820,30027820,29051018,5
"89F9E725F908B7AB740CAEFC1444ED71B1352681","hunter\sdf\pc\data\sdf-A-0949.sdfdata",32398413,32398413,32267955,5
"89F9E725F908B7AB740CAEFC1444ED71B1352681","hunter\sdf\pc\data\sdf-A-0950.sdfdata",30953957,30953957,29920649,5
"89F9E725F908B7AB740CAEFC1444ED71B1352681","hunter\sdf\pc\data\sdf-A-0951.sdfdata",29709742,29709742,28410190,5
"89F9E725F908B7AB740CAEFC1444ED71B1352681","hunter\sdf\pc\data\sdf-A-0952.sdfdata",33454175,33454175,28834122,5
"89F9E725F908B7AB740CAEFC1444ED71B1352681","hunter\sdf\pc\data\sdf-A-0953.sdfdata",27451577,27451577,24772312,5
"89F9E725F908B7AB740CAEFC1444ED71B1352681","hunter\sdf\pc\data\sdf-A-0954.sdfdata",25944228,25944228,24625377,5
"89F9E725F908B7AB740CAEFC1444ED71B1352681","hunter\sdf\pc\data\sdf-A-0955.sdfdata",31009612,31009612,29687451,5
"89F9E725F908B7AB740CAEFC1444ED71B1352681","hunter\sdf\pc\data\sdf-A-0956.sdfdata",35306681,35306681,34006749,5
"89F9E725F908B7AB740CAEFC1444ED71B1352681","hunter\sdf\pc\data\sdf-A-0957.sdfdata",33806878,33806878,31847348,5
"89F9E725F908B7AB740CAEFC1444ED71B1352681","hunter\sdf\pc\data\sdf-A-0958.sdfdata",39536601,39536601,38566909,5
"89F9E725F908B7AB740CAEFC1444ED71B1352681","hunter\sdf\pc\data\sdf-A-0959.sdfdata",28337375,28337375,27115920,5
"89F9E725F908B7AB740CAEFC1444ED71B1352681","hunter\sdf\pc\data\sdf-A-0960.sdfdata",24515611,24515611,23636479,5
"89F9E725F908B7AB740CAEFC1444ED71B1352681","hunter\sdf\pc\data\sdf-A-0961.sdfdata",67433126,67433126,66425341,5
"89F9E725F908B7AB740CAEFC1444ED71B1352681","hunter\sdf\pc\data\sdf-A-0962.sdfdata",34754228,34754228,33192029,5
"89F9E725F908B7AB740CAEFC1444ED71B1352681","hunter\sdf\pc\data\sdf-A-0963.sdfdata",37082112,37082112,34576439,5
"89F9E725F908B7AB740CAEFC1444ED71B1352681","hunter\sdf\pc\data\sdf-A-0964.sdfdata",34835708,34835708,33242191,5
"89F9E725F908B7AB740CAEFC1444ED71B1352681","hunter\sdf\pc\data\sdf-A-0965.sdfdata",32530646,32530646,31604043,5
"89F9E725F908B7AB740CAEFC1444ED71B1352681","hunter\sdf\pc\data\sdf-A-0966.sdfdata",30607489,30607489,29422644,5
"89F9E725F908B7AB740CAEFC1444ED71B1352681","hunter\sdf\pc\data\sdf-A-0967.sdfdata",29995542,29995542,28842890,5
"89F9E725F908B7AB740CAEFC1444ED71B1352681","hunter\sdf\pc\data\sdf-A-0968.sdfdata",34269562,34269562,33146600,5
"89F9E725F908B7AB740CAEFC1444ED71B1352681","hunter\sdf\pc\data\sdf-A-0969.sdfdata",34855819,34855819,33454189,5
"89F9E725F908B7AB740CAEFC1444ED71B1352681","hunter\sdf\pc\data\sdf-A-0970.sdfdata",40030966,40030966,39023288,5
"89F9E725F908B7AB740CAEFC1444ED71B1352681","hunter\sdf\pc\data\sdf-A-0971.sdfdata",34635600,34635600,33190769,5
"89F9E725F908B7AB740CAEFC1444ED71B1352681","hunter\sdf\pc\data\sdf-A-0972.sdfdata",30702470,30702470,24789061,5
"89F9E725F908B7AB740CAEFC1444ED71B1352681","hunter\sdf\pc\data\sdf-A-0973.sdfdata",35513100,35513100,33827234,5
"89F9E725F908B7AB740CAEFC1444ED71B1352681","hunter\sdf\pc\data\sdf-A-0974.sdfdata",34873194,34873194,31389019,5
"89F9E725F908B7AB740CAEFC1444ED71B1352681","hunter\sdf\pc\data\sdf-A-0975.sdfdata",134815717,134815717,132460449,5
"89F9E725F908B7AB740CAEFC1444ED71B1352681","hunter\sdf\pc\data\sdf-A-0976.sdfdata",121737589,121737589,118923415,5
"89F9E725F908B7AB740CAEFC1444ED71B1352681","hunter\sdf\pc\data\sdf-A-0977.sdfdata",18857264,18857264,16652139,5
"89F9E725F908B7AB740CAEFC1444ED71B1352681","hunter\sdf\pc\data\sdf-A-0978.sdfdata",31621945,31621945,30157407,5
"89F9E725F908B7AB740CAEFC1444ED71B1352681","hunter\sdf\pc\data\sdf-A-0979.sdfdata",34533088,34533088,32758829,5
"89F9E725F908B7AB740CAEFC1444ED71B1352681","hunter\sdf\pc\data\sdf-A-0980.sdfdata",25793997,25793997,23330681,5
"89F9E725F908B7AB740CAEFC1444ED71B1352681","hunter\sdf\pc\data\sdf-A-0981.sdfdata",28590337,28590337,28460305,5
"89F9E725F908B7AB740CAEFC1444ED71B1352681","hunter\sdf\pc\data\sdf-A-0982.sdfdata",26619855,26619855,25902976,5
"89F9E725F908B7AB740CAEFC1444ED71B1352681","hunter\sdf\pc\data\sdf-A-0983.sdfdata",29051599,29051599,28973994,5
"89F9E725F908B7AB740CAEFC1444ED71B1352681","hunter\sdf\pc\data\sdf-A-0984.sdfdata",29672669,29672669,27803157,5
"89F9E725F908B7AB740CAEFC1444ED71B1352681","hunter\sdf\pc\data\sdf-A-0985.sdfdata",24006608,24006608,22855503,5
"89F9E725F908B7AB740CAEFC1444ED71B1352681","hunter\sdf\pc\data\sdf-A-0986.sdfdata",30469809,30469809,27922809,5
"89F9E725F908B7AB740CAEFC1444ED71B1352681","hunter\sdf\pc\data\sdf-A-0987.sdfdata",32029504,32029504,29417643,5
"89F9E725F908B7AB740CAEFC1444ED71B1352681","hunter\sdf\pc\data\sdf-A-0988.sdfdata",31462837,31462837,29639778,5
"89F9E725F908B7AB740CAEFC1444ED71B1352681","hunter\sdf\pc\data\sdf-A-0989.sdfdata",21709427,21709427,20650853,5
"89F9E725F908B7AB740CAEFC1444ED71B1352681","hunter\sdf\pc\data\sdf-A-0990.sdfdata",29330199,29330199,28003269,5
"89F9E725F908B7AB740CAEFC1444ED71B1352681","hunter\sdf\pc\data\sdf-A-0991.sdfdata",33597506,33597506,32257767,5
"89F9E725F908B7AB740CAEFC1444ED71B1352681","hunter\sdf\pc\data\sdf-A-0992.sdfdata",29803421,29803421,28052208,5
"89F9E725F908B7AB740CAEFC1444ED71B1352681","hunter\sdf\pc\data\sdf-A-0993.sdfdata",31969151,31969151,30941269,5
"89F9E725F908B7AB740CAEFC1444ED71B1352681","hunter\sdf\pc\data\sdf-A-0994.sdfdata",38652973,38652973,37298148,5
"89F9E725F908B7AB740CAEFC1444ED71B1352681","hunter\sdf\pc\data\sdf-A-0995.sdfdata",35918536,35918536,34746238,5
"89F9E725F908B7AB740CAEFC1444ED71B1352681","hunter\sdf\pc\data\sdf-A-0996.sdfdata",33337682,33337682,32266803,5
"89F9E725F908B7AB740CAEFC1444ED71B1352681","hunter\sdf\pc\data\sdf-A-0997.sdfdata",74048000,74048000,73411158,5
"89F9E725F908B7AB740CAEFC1444ED71B1352681","hunter\sdf\pc\data\sdf-A-0998.sdfdata",30172683,30172683,28770118,5
"89F9E725F908B7AB740CAEFC1444ED71B1352681","hunter\sdf\pc\data\sdf-A-0999.sdfdata",33307102,33307102,30872404,5
"89F9E725F908B7AB740CAEFC1444ED71B1352681","hunter\sdf\pc\data\sdf-B-1000.sdfdata",31759589,31759589,27559924,6
"89F9E725F908B7AB740CAEFC1444ED71B1352681","hunter\sdf\pc\data\sdf-B-1001.sdfdata",28458062,28458062,27135232,6
"89F9E725F908B7AB740CAEFC1444ED71B1352681","hunter\sdf\pc\data\sdf-B-1002.sdfdata",28272134,28272134,24731233,6
"89F9E725F908B7AB740CAEFC1444ED71B1352681","hunter\sdf\pc\data\sdf-B-1003.sdfdata",28032647,28032647,26088582,6
"89F9E725F908B7AB740CAEFC1444ED71B1352681","hunter\sdf\pc\data\sdf-B-1004.sdfdata",32298390,32298390,29761312,6
"89F9E725F908B7AB740CAEFC1444ED71B1352681","hunter\sdf\pc\data\sdf-B-1005.sdfdata",33552546,33552546,25351351,6
"89F9E725F908B7AB740CAEFC1444ED71B1352681","hunter\sdf\pc\data\sdf-B-1006.sdfdata",33479913,33479913,24677050,6
"89F9E725F908B7AB740CAEFC1444ED71B1352681","hunter\sdf\pc\data\sdf-B-1007.sdfdata",33491601,33491601,24203738,6
"89F9E725F908B7AB740CAEFC1444ED71B1352681","hunter\sdf\pc\data\sdf-B-1008.sdfdata",33527261,33527261,24170860,6
"89F9E725F908B7AB740CAEFC1444ED71B1352681","hunter\sdf\pc\data\sdf-B-1009.sdfdata",33528661,33528661,24764576,6
"89F9E725F908B7AB740CAEFC1444ED71B1352681","hunter\sdf\pc\data\sdf-B-1010.sdfdata",33546935,33546935,25596627,6
"89F9E725F908B7AB740CAEFC1444ED71B1352681","hunter\sdf\pc\data\sdf-B-1011.sdfdata",33541346,33541346,25436846,6
"89F9E725F908B7AB740CAEFC1444ED71B1352681","hunter\sdf\pc\data\sdf-B-1012.sdfdata",33485938,33485938,24359422,6
"89F9E725F908B7AB740CAEFC1444ED71B1352681","hunter\sdf\pc\data\sdf-B-1013.sdfdata",33556258,33556258,24126652,6
"89F9E725F908B7AB740CAEFC1444ED71B1352681","hunter\sdf\pc\data\sdf-B-1014.sdfdata",33552514,33552514,25457105,6
"89F9E725F908B7AB740CAEFC1444ED71B1352681","hunter\sdf\pc\data\sdf-B-1015.sdfdata",33548511,33548511,24373802,6
"89F9E725F908B7AB740CAEFC1444ED71B1352681","hunter\sdf\pc\data\sdf-B-1016.sdfdata",29463191,29463191,24329346,6
"89F9E725F908B7AB740CAEFC1444ED71B1352681","hunter\sdf\pc\data\sdf-B-1017.sdfdata",33842537,33842537,28301732,6
"89F9E725F908B7AB740CAEFC1444ED71B1352681","hunter\sdf\pc\data\sdf-B-1018.sdfdata",34044687,34044687,31097375,6
"89F9E725F908B7AB740CAEFC1444ED71B1352681","hunter\sdf\pc\data\sdf-B-1019.sdfdata",33657498,33657498,30957767,6
"89F9E725F908B7AB740CAEFC1444ED71B1352681","hunter\sdf\pc\data\sdf-B-1020.sdfdata",33180542,33180542,30113779,6
"89F9E725F908B7AB740CAEFC1444ED71B1352681","hunter\sdf\pc\data\sdf-B-1021.sdfdata",33540479,33540479,30975506,6
"89F9E725F908B7AB740CAEFC1444ED71B1352681","hunter\sdf\pc\data\sdf-B-1022.sdfdata",33575417,33575417,30665468,6
"89F9E725F908B7AB740CAEFC1444ED71B1352681","hunter\sdf\pc\data\sdf-B-1023.sdfdata",33659921,33659921,30799933,6
"89F9E725F908B7AB740CAEFC1444ED71B1352681","hunter\sdf\pc\data\sdf-B-1024.sdfdata",32755652,32755652,28902940,6
"89F9E725F908B7AB740CAEFC1444ED71B1352681","hunter\sdf\pc\data\sdf-B-1025.sdfdata",32733833,32733833,29361822,6
"89F9E725F908B7AB740CAEFC1444ED71B1352681","hunter\sdf\pc\data\sdf-B-1026.sdfdata",33536651,33536651,30918431,6
"89F9E725F908B7AB740CAEFC1444ED71B1352681","hunter\sdf\pc\data\sdf-B-1027.sdfdata",33239858,33239858,30644250,6
"89F9E725F908B7AB740CAEFC1444ED71B1352681","hunter\sdf\pc\data\sdf-B-1028.sdfdata",33490725,33490725,30864099,6
"89F9E725F908B7AB740CAEFC1444ED71B1352681","hunter\sdf\pc\data\sdf-B-1029.sdfdata",33285956,33285956,30780434,6
"89F9E725F908B7AB740CAEFC1444ED71B1352681","hunter\sdf\pc\data\sdf-B-1030.sdfdata",33644945,33644945,30359582,6
"89F9E725F908B7AB740CAEFC1444ED71B1352681","hunter\sdf\pc\data\sdf-B-1031.sdfdata",32390313,32390313,30464703,6
"89F9E725F908B7AB740CAEFC1444ED71B1352681","hunter\sdf\pc\data\sdf-B-1032.sdfdata",32439758,32439758,30420061,6
"89F9E725F908B7AB740CAEFC1444ED71B1352681","hunter\sdf\pc\data\sdf-B-1033.sdfdata",32685175,32685175,30715160,6
"89F9E725F908B7AB740CAEFC1444ED71B1352681","hunter\sdf\pc\data\sdf-B-1034.sdfdata",35088332,35088332,33273587,6
"89F9E725F908B7AB740CAEFC1444ED71B1352681","hunter\sdf\pc\data\sdf-B-1035.sdfdata",36512276,36512276,34627895,6
"89F9E725F908B7AB740CAEFC1444ED71B1352681","hunter\sdf\pc\data\sdf-B-1036.sdfdata",33452064,33452064,31374526,6
"89F9E725F908B7AB740CAEFC1444ED71B1352681","hunter\sdf\pc\data\sdf-B-1037.sdfdata",32674655,32674655,30727870,6
"89F9E725F908B7AB740CAEFC1444ED71B1352681","hunter\sdf\pc\data\sdf-B-1038.sdfdata",33518794,33518794,31561655,6
"89F9E725F908B7AB740CAEFC1444ED71B1352681","hunter\sdf\pc\data\sdf-B-1039.sdfdata",32836252,32836252,30959492,6
"89F9E725F908B7AB740CAEFC1444ED71B1352681","hunter\sdf\pc\data\sdf-B-1040.sdfdata",33654956,33654956,31551400,6
"89F9E725F908B7AB740CAEFC1444ED71B1352681","hunter\sdf\pc\data\sdf-B-1041.sdfdata",32388091,32388091,30538729,6
"89F9E725F908B7AB740CAEFC1444ED71B1352681","hunter\sdf\pc\data\sdf-B-1042.sdfdata",32994068,32994068,31337756,6
"89F9E725F908B7AB740CAEFC1444ED71B1352681","hunter\sdf\pc\data\sdf-B-1043.sdfdata",31265910,31265910,30074433,6
"89F9E725F908B7AB740CAEFC1444ED71B1352681","hunter\sdf\pc\data\sdf-B-1044.sdfdata",31130488,31130488,23172319,6
"89F9E725F908B7AB740CAEFC1444ED71B1352681","hunter\sdf\pc\data\sdf-B-1045.sdfdata",34061915,34061915,33497679,6
"89F9E725F908B7AB740CAEFC1444ED71B1352681","hunter\sdf\pc\data\sdf-B-1046.sdfdata",36774698,36774698,36583051,6
"89F9E725F908B7AB740CAEFC1444ED71B1352681","hunter\sdf\pc\data\sdf-B-1047.sdfdata",33050788,33050788,32009157,6
"89F9E725F908B7AB740CAEFC1444ED71B1352681","hunter\sdf\pc\data\sdf-B-1048.sdfdata",32878168,32878168,32530375,6
"89F9E725F908B7AB740CAEFC1444ED71B1352681","hunter\sdf\pc\data\sdf-B-1049.sdfdata",29631678,29631678,28926438,6
"89F9E725F908B7AB740CAEFC1444ED71B1352681","hunter\sdf\pc\data\sdf-B-1050.sdfdata",32808538,32808538,31777369,6
"89F9E725F908B7AB740CAEFC1444ED71B1352681","hunter\sdf\pc\data\sdf-B-1051.sdfdata",31361638,31361638,30979512,6
"89F9E725F908B7AB740CAEFC1444ED71B1352681","hunter\sdf\pc\data\sdf-B-1052.sdfdata",32073013,32073013,30311291,6
"89F9E725F908B7AB740CAEFC1444ED71B1352681","hunter\sdf\pc\data\sdf-B-1053.sdfdata",36565809,36565809,36378964,6
"89F9E725F908B7AB740CAEFC1444ED71B1352681","hunter\sdf\pc\data\sdf-B-1054.sdfdata",36343295,36343295,35959665,6
"89F9E725F908B7AB740CAEFC1444ED71B1352681","hunter\sdf\pc\data\sdf-B-1055.sdfdata",31283014,31283014,31028441,6
"89F9E725F908B7AB740CAEFC1444ED71B1352681","hunter\sdf\pc\data\sdf-B-1056.sdfdata",33306530,33306530,33143298,6
"89F9E725F908B7AB740CAEFC1444ED71B1352681","hunter\sdf\pc\data\sdf-B-1057.sdfdata",36632819,36632819,36465436,6
"89F9E725F908B7AB740CAEFC1444ED71B1352681","hunter\sdf\pc\data\sdf-B-1058.sdfdata",37110387,37110387,36957681,6
"89F9E725F908B7AB740CAEFC1444ED71B1352681","hunter\sdf\pc\data\sdf-B-1059.sdfdata",35671422,35671422,35336413,6
"89F9E725F908B7AB740CAEFC1444ED71B1352681","hunter\sdf\pc\data\sdf-B-1060.sdfdata",35275407,35275407,35092546,6
"89F9E725F908B7AB740CAEFC1444ED71B1352681","hunter\sdf\pc\data\sdf-B-1061.sdfdata",35324859,35324859,35204610,6
"89F9E725F908B7AB740CAEFC1444ED71B1352681","hunter\sdf\pc\data\sdf-B-1062.sdfdata",30223206,30223206,29548792,6
"89F9E725F908B7AB740CAEFC1444ED71B1352681","hunter\sdf\pc\data\sdf-B-1063.sdfdata",33137098,33137098,32795783,6
"89F9E725F908B7AB740CAEFC1444ED71B1352681","hunter\sdf\pc\data\sdf-B-1064.sdfdata",33439272,33439272,33097001,6
"89F9E725F908B7AB740CAEFC1444ED71B1352681","hunter\sdf\pc\data\sdf-B-1065.sdfdata",33615379,33615379,33247446,6
"89F9E725F908B7AB740CAEFC1444ED71B1352681","hunter\sdf\pc\data\sdf-B-1066.sdfdata",32953256,32953256,32755064,6
"89F9E725F908B7AB740CAEFC1444ED71B1352681","hunter\sdf\pc\data\sdf-B-1067.sdfdata",31889915,31889915,31193142,6
"89F9E725F908B7AB740CAEFC1444ED71B1352681","hunter\sdf\pc\data\sdf-B-1068.sdfdata",36467438,36467438,36103947,6
"89F9E725F908B7AB740CAEFC1444ED71B1352681","hunter\sdf\pc\data\sdf-B-1069.sdfdata",33781223,33781223,33685262,6
"89F9E725F908B7AB740CAEFC1444ED71B1352681","hunter\sdf\pc\data\sdf-B-1070.sdfdata",27664809,27664809,27224687,6
"89F9E725F908B7AB740CAEFC1444ED71B1352681","hunter\sdf\pc\data\sdf-B-1071.sdfdata",31266223,31266223,31104555,6
"89F9E725F908B7AB740CAEFC1444ED71B1352681","hunter\sdf\pc\data\sdf-B-1072.sdfdata",30978540,30978540,30787598,6
"89F9E725F908B7AB740CAEFC1444ED71B1352681","hunter\sdf\pc\data\sdf-B-1073.sdfdata",29429789,29429789,29014215,6
"89F9E725F908B7AB740CAEFC1444ED71B1352681","hunter\sdf\pc\data\sdf-B-1074.sdfdata",33184932,33184932,32938288,6
"89F9E725F908B7AB740CAEFC1444ED71B1352681","hunter\sdf\pc\data\sdf-B-1075.sdfdata",27226274,27226274,25821010,6
"89F9E725F908B7AB740CAEFC1444ED71B1352681","hunter\sdf\pc\data\sdf-B-1076.sdfdata",27711356,27711356,26372743,6
"89F9E725F908B7AB740CAEFC1444ED71B1352681","hunter\sdf\pc\data\sdf-B-1077.sdfdata",33033683,33033683,32730924,6
"89F9E725F908B7AB740CAEFC1444ED71B1352681","hunter\sdf\pc\data\sdf-B-1078.sdfdata",33856462,33856462,33711884,6
"89F9E725F908B7AB740CAEFC1444ED71B1352681","hunter\sdf\pc\data\sdf-B-1079.sdfdata",33222441,33222441,32724665,6
"89F9E725F908B7AB740CAEFC1444ED71B1352681","hunter\sdf\pc\data\sdf-B-1080.sdfdata",37623404,37623404,36979673,6
"89F9E725F908B7AB740CAEFC1444ED71B1352681","hunter\sdf\pc\data\sdf-B-1081.sdfdata",34417027,34417027,34196073,6
"89F9E725F908B7AB740CAEFC1444ED71B1352681","hunter\sdf\pc\data\sdf-B-1082.sdfdata",34375607,34375607,33839298,6
"89F9E725F908B7AB740CAEFC1444ED71B1352681","hunter\sdf\pc\data\sdf-B-1083.sdfdata",33818956,33818956,33509111,6
"89F9E725F908B7AB740CAEFC1444ED71B1352681","hunter\sdf\pc\data\sdf-B-1084.sdfdata",34697289,34697289,34461086,6
"89F9E725F908B7AB740CAEFC1444ED71B1352681","hunter\sdf\pc\data\sdf-B-1085.sdfdata",31155729,31155729,30719711,6
"89F9E725F908B7AB740CAEFC1444ED71B1352681","hunter\sdf\pc\data\sdf-B-1086.sdfdata",32329511,32329511,32190365,6
"89F9E725F908B7AB740CAEFC1444ED71B1352681","hunter\sdf\pc\data\sdf-B-1087.sdfdata",36021565,36021565,35868558,6
"89F9E725F908B7AB740CAEFC1444ED71B1352681","hunter\sdf\pc\data\sdf-B-1088.sdfdata",27450362,27450362,27253370,6
"89F9E725F908B7AB740CAEFC1444ED71B1352681","hunter\sdf\pc\data\sdf-B-1089.sdfdata",27042078,27042078,26730929,6
"89F9E725F908B7AB740CAEFC1444ED71B1352681","hunter\sdf\pc\data\sdf-B-1090.sdfdata",28293309,28293309,27988169,6
"89F9E725F908B7AB740CAEFC1444ED71B1352681","hunter\sdf\pc\data\sdf-B-1091.sdfdata",32651055,32651055,32192247,6
"89F9E725F908B7AB740CAEFC1444ED71B1352681","hunter\sdf\pc\data\sdf-B-1092.sdfdata",32651484,32651484,32320078,6
"89F9E725F908B7AB740CAEFC1444ED71B1352681","hunter\sdf\pc\data\sdf-B-1093.sdfdata",36480102,36480102,36160477,6
"89F9E725F908B7AB740CAEFC1444ED71B1352681","hunter\sdf\pc\data\sdf-B-1094.sdfdata",36909160,36909160,36630677,6
"89F9E725F908B7AB740CAEFC1444ED71B1352681","hunter\sdf\pc\data\sdf-B-1095.sdfdata",31051076,31051076,30831097,6
"89F9E725F908B7AB740CAEFC1444ED71B1352681","hunter\sdf\pc\data\sdf-B-1096.sdfdata",36021484,36021484,35752260,6
"89F9E725F908B7AB740CAEFC1444ED71B1352681","hunter\sdf\pc\data\sdf-B-1097.sdfdata",37968262,37968262,37653500,6
"89F9E725F908B7AB740CAEFC1444ED71B1352681","hunter\sdf\pc\data\sdf-B-1098.sdfdata",37448091,37448091,37137396,6
"89F9E725F908B7AB740CAEFC1444ED71B1352681","hunter\sdf\pc\data\sdf-B-1099.sdfdata",29880993,29880993,29557509,6
"89F9E725F908B7AB740CAEFC1444ED71B1352681","hunter\sdf\pc\data\sdf-B-1100.sdfdata",33107655,33107655,32819885,6
"89F9E725F908B7AB740CAEFC1444ED71B1352681","hunter\sdf\pc\data\sdf-B-1101.sdfdata",32890468,32890468,32457918,6
"89F9E725F908B7AB740CAEFC1444ED71B1352681","hunter\sdf\pc\data\sdf-B-1102.sdfdata",26069608,26069608,23905811,6
"89F9E725F908B7AB740CAEFC1444ED71B1352681","hunter\sdf\pc\data\sdf-B-1103.sdfdata",35982409,35982409,35678992,6
"89F9E725F908B7AB740CAEFC1444ED71B1352681","hunter\sdf\pc\data\sdf-B-1104.sdfdata",40271717,40271717,39934018,6
"89F9E725F908B7AB740CAEFC1444ED71B1352681","hunter\sdf\pc\data\sdf-B-1105.sdfdata",39070130,39070130,38725488,6
"89F9E725F908B7AB740CAEFC1444ED71B1352681","hunter\sdf\pc\data\sdf-B-1106.sdfdata",36638555,36638555,36400936,6
"89F9E725F908B7AB740CAEFC1444ED71B1352681","hunter\sdf\pc\data\sdf-B-1107.sdfdata",34599809,34599809,34260093,6
"89F9E725F908B7AB740CAEFC1444ED71B1352681","hunter\sdf\pc\data\sdf-B-1108.sdfdata",34060004,34060004,33768881,6
"89F9E725F908B7AB740CAEFC1444ED71B1352681","hunter\sdf\pc\data\sdf-B-1109.sdfdata",30219880,30219880,29972167,6
"89F9E725F908B7AB740CAEFC1444ED71B1352681","hunter\sdf\pc\data\sdf-B-1110.sdfdata",36448426,36448426,36192702,6
"89F9E725F908B7AB740CAEFC1444ED71B1352681","hunter\sdf\pc\data\sdf-B-1111.sdfdata",34552511,34552511,33598892,6
"89F9E725F908B7AB740CAEFC1444ED71B1352681","hunter\sdf\pc\data\sdf-B-1112.sdfdata",27790795,27790795,26898132,6
"89F9E725F908B7AB740CAEFC1444ED71B1352681","hunter\sdf\pc\data\sdf-B-1113.sdfdata",30375491,30375491,29968561,6
"89F9E725F908B7AB740CAEFC1444ED71B1352681","hunter\sdf\pc\data\sdf-B-1114.sdfdata",35601050,35601050,35405737,6
"89F9E725F908B7AB740CAEFC1444ED71B1352681","hunter\sdf\pc\data\sdf-B-1115.sdfdata",33791508,33791508,33025238,6
"89F9E725F908B7AB740CAEFC1444ED71B1352681","hunter\sdf\pc\data\sdf-B-1116.sdfdata",33099519,33099519,32649776,6
"89F9E725F908B7AB740CAEFC1444ED71B1352681","hunter\sdf\pc\data\sdf-B-1117.sdfdata",34564997,34564997,34253004,6
"89F9E725F908B7AB740CAEFC1444ED71B1352681","hunter\sdf\pc\data\sdf-B-1118.sdfdata",33466846,33466846,33198230,6
"89F9E725F908B7AB740CAEFC1444ED71B1352681","hunter\sdf\pc\data\sdf-B-1119.sdfdata",33543572,33543572,33336910,6
"89F9E725F908B7AB740CAEFC1444ED71B1352681","hunter\sdf\pc\data\sdf-B-1120.sdfdata",37322240,37322240,37058854,6
"89F9E725F908B7AB740CAEFC1444ED71B1352681","hunter\sdf\pc\data\sdf-B-1121.sdfdata",42276563,42276563,41834884,6
"89F9E725F908B7AB740CAEFC1444ED71B1352681","hunter\sdf\pc\data\sdf-B-1122.sdfdata",41158767,41158767,40931357,6
"89F9E725F908B7AB740CAEFC1444ED71B1352681","hunter\sdf\pc\data\sdf-B-1123.sdfdata",45380462,45380462,45056815,6
"89F9E725F908B7AB740CAEFC1444ED71B1352681","hunter\sdf\pc\data\sdf-B-1124.sdfdata",37358044,37358044,36322924,6
"89F9E725F908B7AB740CAEFC1444ED71B1352681","hunter\sdf\pc\data\sdf-B-1125.sdfdata",38085222,38085222,37615087,6
"89F9E725F908B7AB740CAEFC1444ED71B1352681","hunter\sdf\pc\data\sdf-B-1126.sdfdata",32317004,32317004,31881903,6
"89F9E725F908B7AB740CAEFC1444ED71B1352681","hunter\sdf\pc\data\sdf-B-1127.sdfdata",27690012,27690012,27074830,6
"89F9E725F908B7AB740CAEFC1444ED71B1352681","hunter\sdf\pc\data\sdf-B-1128.sdfdata",32397356,32397356,32038418,6
"89F9E725F908B7AB740CAEFC1444ED71B1352681","hunter\sdf\pc\data\sdf-B-1129.sdfdata",27300024,27300024,27038534,6
"89F9E725F908B7AB740CAEFC1444ED71B1352681","hunter\sdf\pc\data\sdf-B-1130.sdfdata",28988749,28988749,28614116,6
"89F9E725F908B7AB740CAEFC1444ED71B1352681","hunter\sdf\pc\data\sdf-B-1131.sdfdata",37758757,37758757,37036040,6
"89F9E725F908B7AB740CAEFC1444ED71B1352681","hunter\sdf\pc\data\sdf-B-1132.sdfdata",27134088,27134088,26370644,6
"89F9E725F908B7AB740CAEFC1444ED71B1352681","hunter\sdf\pc\data\sdf-B-1133.sdfdata",36285577,36285577,35295305,6
"89F9E725F908B7AB740CAEFC1444ED71B1352681","hunter\sdf\pc\data\sdf-B-1134.sdfdata",41370990,41370990,38503398,6
"89F9E725F908B7AB740CAEFC1444ED71B1352681","hunter\sdf\pc\data\sdf-B-1135.sdfdata",31273852,31273852,30800921,6
"89F9E725F908B7AB740CAEFC1444ED71B1352681","hunter\sdf\pc\data\sdf-B-1136.sdfdata",30599950,30599950,30168196,6
"89F9E725F908B7AB740CAEFC1444ED71B1352681","hunter\sdf\pc\data\sdf-B-1137.sdfdata",33052319,33052319,31857143,6
"89F9E725F908B7AB740CAEFC1444ED71B1352681","hunter\sdf\pc\data\sdf-B-1138.sdfdata",32705033,32705033,32093896,6
"89F9E725F908B7AB740CAEFC1444ED71B1352681","hunter\sdf\pc\data\sdf-B-1139.sdfdata",41315425,41315425,41036298,6
"89F9E725F908B7AB740CAEFC1444ED71B1352681","hunter\sdf\pc\data\sdf-B-1140.sdfdata",27898051,27898051,22806344,6
"89F9E725F908B7AB740CAEFC1444ED71B1352681","hunter\sdf\pc\data\sdf-B-1141.sdfdata",35572844,35572844,32203711,6
"89F9E725F908B7AB740CAEFC1444ED71B1352681","hunter\sdf\pc\data\sdf-B-1142.sdfdata",30858749,30858749,28386751,6
"89F9E725F908B7AB740CAEFC1444ED71B1352681","hunter\sdf\pc\data\sdf-B-1143.sdfdata",29057546,29057546,24654551,6
"89F9E725F908B7AB740CAEFC1444ED71B1352681","hunter\sdf\pc\data\sdf-B-1144.sdfdata",33282521,33282521,29271284,6
"89F9E725F908B7AB740CAEFC1444ED71B1352681","hunter\sdf\pc\data\sdf-B-1145.sdfdata",29565458,29565458,26780780,6
"89F9E725F908B7AB740CAEFC1444ED71B1352681","hunter\sdf\pc\data\sdf-B-1146.sdfdata",31925298,31925298,29115031,6
"89F9E725F908B7AB740CAEFC1444ED71B1352681","hunter\sdf\pc\data\sdf-B-1147.sdfdata",35211741,35211741,32281017,6
"89F9E725F908B7AB740CAEFC1444ED71B1352681","hunter\sdf\pc\data\sdf-B-1148.sdfdata",29501099,29501099,26712517,6
"89F9E725F908B7AB740CAEFC1444ED71B1352681","hunter\sdf\pc\data\sdf-B-1149.sdfdata",40105714,40105714,37618617,6
"89F9E725F908B7AB740CAEFC1444ED71B1352681","hunter\sdf\pc\data\sdf-B-1150.sdfdata",31678914,31678914,29063813,6
"89F9E725F908B7AB740CAEFC1444ED71B1352681","hunter\sdf\pc\data\sdf-B-1151.sdfdata",29325738,29325738,26379257,6
"89F9E725F908B7AB740CAEFC1444ED71B1352681","hunter\sdf\pc\data\sdf-B-1152.sdfdata",28464085,28464085,25850464,6
"89F9E725F908B7AB740CAEFC1444ED71B1352681","hunter\sdf\pc\data\sdf-B-1153.sdfdata",28417101,28417101,25372816,6
"89F9E725F908B7AB740CAEFC1444ED71B1352681","hunter\sdf\pc\data\sdf-B-1154.sdfdata",28462781,28462781,25983232,6
"89F9E725F908B7AB740CAEFC1444ED71B1352681","hunter\sdf\pc\data\sdf-B-1155.sdfdata",29318479,29318479,26092303,6
"89F9E725F908B7AB740CAEFC1444ED71B1352681","hunter\sdf\pc\data\sdf-B-1156.sdfdata",27039854,27039854,23880069,6
"89F9E725F908B7AB740CAEFC1444ED71B1352681","hunter\sdf\pc\data\sdf-B-1157.sdfdata",29637576,29637576,26676184,6
"89F9E725F908B7AB740CAEFC1444ED71B1352681","hunter\sdf\pc\data\sdf-B-1158.sdfdata",32545397,32545397,28558013,6
"89F9E725F908B7AB740CAEFC1444ED71B1352681","hunter\sdf\pc\data\sdf-B-1159.sdfdata",29772382,29772382,26781436,6
"89F9E725F908B7AB740CAEFC1444ED71B1352681","hunter\sdf\pc\data\sdf-B-1160.sdfdata",33457542,33457542,28827104,6
"89F9E725F908B7AB740CAEFC1444ED71B1352681","hunter\sdf\pc\data\sdf-B-1161.sdfdata",32934746,32934746,29001336,6
"89F9E725F908B7AB740CAEFC1444ED71B1352681","hunter\sdf\pc\data\sdf-B-1162.sdfdata",28673025,28673025,25698601,6
"89F9E725F908B7AB740CAEFC1444ED71B1352681","hunter\sdf\pc\data\sdf-B-1163.sdfdata",32006120,32006120,21571315,6
"89F9E725F908B7AB740CAEFC1444ED71B1352681","hunter\sdf\pc\data\sdf-B-1164.sdfdata",33187931,33187931,20423650,6
"89F9E725F908B7AB740CAEFC1444ED71B1352681","hunter\sdf\pc\data\sdf-B-1165.sdfdata",32620545,32620545,21749606,6
"89F9E725F908B7AB740CAEFC1444ED71B1352681","hunter\sdf\pc\data\sdf-B-1166.sdfdata",33661559,33661559,19339282,6
"89F9E725F908B7AB740CAEFC1444ED71B1352681","hunter\sdf\pc\data\sdf-B-1167.sdfdata",32972143,32972143,21699727,6
"89F9E725F908B7AB740CAEFC1444ED71B1352681","hunter\sdf\pc\data\sdf-B-1168.sdfdata",34152852,34152852,31578445,6
"89F9E725F908B7AB740CAEFC1444ED71B1352681","hunter\sdf\pc\data\sdf-B-1169.sdfdata",32932742,32932742,31093752,6
"89F9E725F908B7AB740CAEFC1444ED71B1352681","hunter\sdf\pc\data\sdf-B-1170.sdfdata",33543086,33543086,31789196,6
"89F9E725F908B7AB740CAEFC1444ED71B1352681","hunter\sdf\pc\data\sdf-B-1171.sdfdata",33491337,33491337,31624616,6
"89F9E725F908B7AB740CAEFC1444ED71B1352681","hunter\sdf\pc\data\sdf-B-1172.sdfdata",33094982,33094982,31654648,6
"89F9E725F908B7AB740CAEFC1444ED71B1352681","hunter\sdf\pc\data\sdf-B-1173.sdfdata",34106193,34106193,32359122,6
"89F9E725F908B7AB740CAEFC1444ED71B1352681","hunter\sdf\pc\data\sdf-B-1174.sdfdata",50020887,50020887,48745404,6
"89F9E725F908B7AB740CAEFC1444ED71B1352681","hunter\sdf\pc\data\sdf-B-1175.sdfdata",33455436,33455436,31807597,6
"89F9E725F908B7AB740CAEFC1444ED71B1352681","hunter\sdf\pc\data\sdf-B-1176.sdfdata",32058848,32058848,29816478,6
"89F9E725F908B7AB740CAEFC1444ED71B1352681","hunter\sdf\pc\data\sdf-B-1177.sdfdata",36197236,36197236,26676040,6
"89F9E725F908B7AB740CAEFC1444ED71B1352681","hunter\sdf\pc\data\sdf-B-1178.sdfdata",37061390,37061390,33960331,6
"89F9E725F908B7AB740CAEFC1444ED71B1352681","hunter\sdf\pc\data\sdf-B-1179.sdfdata",35027607,35027607,31916740,6
"89F9E725F908B7AB740CAEFC1444ED71B1352681","hunter\sdf\pc\data\sdf-B-1180.sdfdata",35012336,35012336,31831577,6
"89F9E725F908B7AB740CAEFC1444ED71B1352681","hunter\sdf\pc\data\sdf-B-1181.sdfdata",27753313,27753313,24461455,6
"89F9E725F908B7AB740CAEFC1444ED71B1352681","hunter\sdf\pc\data\sdf-B-1182.sdfdata",36411874,36411874,32775718,6
"89F9E725F908B7AB740CAEFC1444ED71B1352681","hunter\sdf\pc\data\sdf-B-1183.sdfdata",29435998,29435998,26788438,6
"89F9E725F908B7AB740CAEFC1444ED71B1352681","hunter\sdf\pc\data\sdf-B-1184.sdfdata",27568831,27568831,24379084,6
"89F9E725F908B7AB740CAEFC1444ED71B1352681","hunter\sdf\pc\data\sdf-B-1185.sdfdata",28436698,28436698,25469888,6
"89F9E725F908B7AB740CAEFC1444ED71B1352681","hunter\sdf\pc\data\sdf-B-1186.sdfdata",27999032,27999032,24686105,6
"89F9E725F908B7AB740CAEFC1444ED71B1352681","hunter\sdf\pc\data\sdf-B-1187.sdfdata",35359495,35359495,32333843,6
"89F9E725F908B7AB740CAEFC1444ED71B1352681","hunter\sdf\pc\data\sdf-B-1188.sdfdata",32517560,32517560,31053722,6
"89F9E725F908B7AB740CAEFC1444ED71B1352681","hunter\sdf\pc\data\sdf-B-1189.sdfdata",32123794,32123794,28998005,6
"89F9E725F908B7AB740CAEFC1444ED71B1352681","hunter\sdf\pc\data\sdf-B-1190.sdfdata",27737182,27737182,25049608,6
"89F9E725F908B7AB740CAEFC1444ED71B1352681","hunter\sdf\pc\data\sdf-B-1191.sdfdata",30320596,30320596,26228102,6
"89F9E725F908B7AB740CAEFC1444ED71B1352681","hunter\sdf\pc\data\sdf-B-1192.sdfdata",38836030,38836030,35871162,6
"89F9E725F908B7AB740CAEFC1444ED71B1352681","hunter\sdf\pc\data\sdf-B-1193.sdfdata",33589002,33589002,29185185,6
"89F9E725F908B7AB740CAEFC1444ED71B1352681","hunter\sdf\pc\data\sdf-B-1194.sdfdata",33854013,33854013,30178768,6
"89F9E725F908B7AB740CAEFC1444ED71B1352681","hunter\sdf\pc\data\sdf-B-1195.sdfdata",33108291,33108291,29353209,6
"89F9E725F908B7AB740CAEFC1444ED71B1352681","hunter\sdf\pc\data\sdf-B-1196.sdfdata",32465767,32465767,28654337,6
"89F9E725F908B7AB740CAEFC1444ED71B1352681","hunter\sdf\pc\data\sdf-B-1197.sdfdata",29678025,29678025,26107855,6
"89F9E725F908B7AB740CAEFC1444ED71B1352681","hunter\sdf\pc\data\sdf-B-1198.sdfdata",31894707,31894707,29296875,6
"89F9E725F908B7AB740CAEFC1444ED71B1352681","hunter\sdf\pc\data\sdf-B-1199.sdfdata",31794450,31794450,28187868,6
"89F9E725F908B7AB740CAEFC1444ED71B1352681","hunter\sdf\pc\data\sdf-B-1200.sdfdata",26995533,26995533,24202958,6
"89F9E725F908B7AB740CAEFC1444ED71B1352681","hunter\sdf\pc\data\sdf-B-1201.sdfdata",36535929,36535929,31387196,6
"89F9E725F908B7AB740CAEFC1444ED71B1352681","hunter\sdf\pc\data\sdf-B-1202.sdfdata",37383465,37383465,33347731,6
"89F9E725F908B7AB740CAEFC1444ED71B1352681","hunter\sdf\pc\data\sdf-B-1203.sdfdata",28040472,28040472,24800835,6
"89F9E725F908B7AB740CAEFC1444ED71B1352681","hunter\sdf\pc\data\sdf-B-1204.sdfdata",29114387,29114387,26017502,6
"89F9E725F908B7AB740CAEFC1444ED71B1352681","hunter\sdf\pc\data\sdf-B-1205.sdfdata",33654845,33654845,29431614,6
"89F9E725F908B7AB740CAEFC1444ED71B1352681","hunter\sdf\pc\data\sdf-B-1206.sdfdata",29170117,29170117,25793254,6
"89F9E725F908B7AB740CAEFC1444ED71B1352681","hunter\sdf\pc\data\sdf-B-1207.sdfdata",31623403,31623403,28109132,6
"89F9E725F908B7AB740CAEFC1444ED71B1352681","hunter\sdf\pc\data\sdf-B-1208.sdfdata",32677911,32677911,29382864,6
"89F9E725F908B7AB740CAEFC1444ED71B1352681","hunter\sdf\pc\data\sdf-B-1209.sdfdata",31453826,31453826,28063388,6
"89F9E725F908B7AB740CAEFC1444ED71B1352681","hunter\sdf\pc\data\sdf-B-1210.sdfdata",34503051,34503051,30541579,6
"89F9E725F908B7AB740CAEFC1444ED71B1352681","hunter\sdf\pc\data\sdf-B-1211.sdfdata",34354614,34354614,29876836,6
"89F9E725F908B7AB740CAEFC1444ED71B1352681","hunter\sdf\pc\data\sdf-B-1212.sdfdata",31569337,31569337,27762571,6
"89F9E725F908B7AB740CAEFC1444ED71B1352681","hunter\sdf\pc\data\sdf-B-1213.sdfdata",36967517,36967517,32903965,6
"89F9E725F908B7AB740CAEFC1444ED71B1352681","hunter\sdf\pc\data\sdf-B-1214.sdfdata",36647611,36647611,32612495,6
"89F9E725F908B7AB740CAEFC1444ED71B1352681","hunter\sdf\pc\data\sdf-B-1215.sdfdata",30401331,30401331,28095766,6
"89F9E725F908B7AB740CAEFC1444ED71B1352681","hunter\sdf\pc\data\sdf-B-1216.sdfdata",29461743,29461743,27701472,6
"89F9E725F908B7AB740CAEFC1444ED71B1352681","hunter\sdf\pc\data\sdf-B-1217.sdfdata",32024612,32024612,28499235,6
"89F9E725F908B7AB740CAEFC1444ED71B1352681","hunter\sdf\pc\data\sdf-B-1218.sdfdata",32344921,32344921,29476653,6
"89F9E725F908B7AB740CAEFC1444ED71B1352681","hunter\sdf\pc\data\sdf-B-1219.sdfdata",27973169,27973169,25420847,6
"89F9E725F908B7AB740CAEFC1444ED71B1352681","hunter\sdf\pc\data\sdf-B-1220.sdfdata",39707694,39707694,38010573,6
"89F9E725F908B7AB740CAEFC1444ED71B1352681","hunter\sdf\pc\data\sdf-B-1221.sdfdata",36062634,36062634,34116950,6
"89F9E725F908B7AB740CAEFC1444ED71B1352681","hunter\sdf\pc\data\sdf-B-1222.sdfdata",31679563,31679563,30541256,6
"89F9E725F908B7AB740CAEFC1444ED71B1352681","hunter\sdf\pc\data\sdf-B-1223.sdfdata",46650008,46650008,44974183,6
"89F9E725F908B7AB740CAEFC1444ED71B1352681","hunter\sdf\pc\data\sdf-B-1224.sdfdata",29468209,29468209,27692086,6
"89F9E725F908B7AB740CAEFC1444ED71B1352681","hunter\sdf\pc\data\sdf-B-1225.sdfdata",33238334,33238334,31124007,6
"89F9E725F908B7AB740CAEFC1444ED71B1352681","hunter\sdf\pc\data\sdf-B-1226.sdfdata",29396863,29396863,27677469,6
"89F9E725F908B7AB740CAEFC1444ED71B1352681","hunter\sdf\pc\data\sdf-B-1227.sdfdata",33869920,33869920,32290188,6
"89F9E725F908B7AB740CAEFC1444ED71B1352681","hunter\sdf\pc\data\sdf-B-1228.sdfdata",30613923,30613923,28901711,6
"89F9E725F908B7AB740CAEFC1444ED71B1352681","hunter\sdf\pc\data\sdf-B-1229.sdfdata",34578584,34578584,32591683,6
"89F9E725F908B7AB740CAEFC1444ED71B1352681","hunter\sdf\pc\data\sdf-B-1230.sdfdata",34934664,34934664,34177275,6
"89F9E725F908B7AB740CAEFC1444ED71B1352681","hunter\sdf\pc\data\sdf-B-1231.sdfdata",28604715,28604715,26888206,6
"89F9E725F908B7AB740CAEFC1444ED71B1352681","hunter\sdf\pc\data\sdf-B-1232.sdfdata",28419925,28419925,25242079,6
"89F9E725F908B7AB740CAEFC1444ED71B1352681","hunter\sdf\pc\data\sdf-B-1233.sdfdata",33757765,33757765,31799580,6
"89F9E725F908B7AB740CAEFC1444ED71B1352681","hunter\sdf\pc\data\sdf-B-1234.sdfdata",35723563,35723563,33910529,6
"89F9E725F908B7AB740CAEFC1444ED71B1352681","hunter\sdf\pc\data\sdf-B-1235.sdfdata",38314543,38314543,35393100,6
"89F9E725F908B7AB740CAEFC1444ED71B1352681","hunter\sdf\pc\data\sdf-B-1236.sdfdata",29086303,29086303,27025536,6
"89F9E725F908B7AB740CAEFC1444ED71B1352681","hunter\sdf\pc\data\sdf-B-1237.sdfdata",30400040,30400040,28356781,6
"89F9E725F908B7AB740CAEFC1444ED71B1352681","hunter\sdf\pc\data\sdf-B-1238.sdfdata",35728761,35728761,34041029,6
"89F9E725F908B7AB740CAEFC1444ED71B1352681","hunter\sdf\pc\data\sdf-B-1239.sdfdata",31790756,31790756,29470444,6
"89F9E725F908B7AB740CAEFC1444ED71B1352681","hunter\sdf\pc\data\sdf-B-1240.sdfdata",29293683,29293683,26037709,6
"89F9E725F908B7AB740CAEFC1444ED71B1352681","hunter\sdf\pc\data\sdf-B-1241.sdfdata",38430290,38430290,37391260,6
"89F9E725F908B7AB740CAEFC1444ED71B1352681","hunter\sdf\pc\data\sdf-B-1242.sdfdata",36385443,36385443,34686547,6
"89F9E725F908B7AB740CAEFC1444ED71B1352681","hunter\sdf\pc\data\sdf-B-1243.sdfdata",29046945,29046945,27444191,6
"89F9E725F908B7AB740CAEFC1444ED71B1352681","hunter\sdf\pc\data\sdf-B-1244.sdfdata",32400845,32400845,30490088,6
"89F9E725F908B7AB740CAEFC1444ED71B1352681","hunter\sdf\pc\data\sdf-B-1245.sdfdata",34854041,34854041,32903371,6
"89F9E725F908B7AB740CAEFC1444ED71B1352681","hunter\sdf\pc\data\sdf-B-1246.sdfdata",32812256,32812256,31357158,6
"89F9E725F908B7AB740CAEFC1444ED71B1352681","hunter\sdf\pc\data\sdf-B-1247.sdfdata",34221257,34221257,32622223,6
"89F9E725F908B7AB740CAEFC1444ED71B1352681","hunter\sdf\pc\data\sdf-B-1248.sdfdata",35141834,35141834,33173065,6
"89F9E725F908B7AB740CAEFC1444ED71B1352681","hunter\sdf\pc\data\sdf-B-1249.sdfdata",34157791,34157791,32286938,6
"89F9E725F908B7AB740CAEFC1444ED71B1352681","hunter\sdf\pc\data\sdf-B-1250.sdfdata",35788799,35788799,33687549,6
"89F9E725F908B7AB740CAEFC1444ED71B1352681","hunter\sdf\pc\data\sdf-B-1251.sdfdata",35266932,35266932,33187505,6
"89F9E725F908B7AB740CAEFC1444ED71B1352681","hunter\sdf\pc\data\sdf-B-1252.sdfdata",37412626,37412626,35375508,6
"89F9E725F908B7AB740CAEFC1444ED71B1352681","hunter\sdf\pc\data\sdf-B-1253.sdfdata",38001012,38001012,35735189,6
"89F9E725F908B7AB740CAEFC1444ED71B1352681","hunter\sdf\pc\data\sdf-B-1254.sdfdata",36366083,36366083,34521549,6
"89F9E725F908B7AB740CAEFC1444ED71B1352681","hunter\sdf\pc\data\sdf-B-1255.sdfdata",36843222,36843222,34902922,6
"89F9E725F908B7AB740CAEFC1444ED71B1352681","hunter\sdf\pc\data\sdf-B-1256.sdfdata",36042459,36042459,34217082,6
"89F9E725F908B7AB740CAEFC1444ED71B1352681","hunter\sdf\pc\data\sdf-B-1257.sdfdata",39123846,39123846,36955831,6
"89F9E725F908B7AB740CAEFC1444ED71B1352681","hunter\sdf\pc\data\sdf-B-1258.sdfdata",36609217,36609217,34859417,6
"89F9E725F908B7AB740CAEFC1444ED71B1352681","hunter\sdf\pc\data\sdf-B-1259.sdfdata",37183926,37183926,34962534,6
"89F9E725F908B7AB740CAEFC1444ED71B1352681","hunter\sdf\pc\data\sdf-B-1260.sdfdata",35809236,35809236,32695235,6
"89F9E725F908B7AB740CAEFC1444ED71B1352681","hunter\sdf\pc\data\sdf-B-1261.sdfdata",35736198,35736198,34056362,6
"89F9E725F908B7AB740CAEFC1444ED71B1352681","hunter\sdf\pc\data\sdf-B-1262.sdfdata",27878153,27878153,26077584,6
"89F9E725F908B7AB740CAEFC1444ED71B1352681","hunter\sdf\pc\data\sdf-B-1263.sdfdata",36033289,36033289,34294198,6
"89F9E725F908B7AB740CAEFC1444ED71B1352681","hunter\sdf\pc\data\sdf-B-1264.sdfdata",33526817,33526817,32244271,6
"89F9E725F908B7AB740CAEFC1444ED71B1352681","hunter\sdf\pc\data\sdf-B-1265.sdfdata",33460086,33460086,31882760,6
"89F9E725F908B7AB740CAEFC1444ED71B1352681","hunter\sdf\pc\data\sdf-B-1266.sdfdata",35439402,35439402,33445515,6
"89F9E725F908B7AB740CAEFC1444ED71B1352681","hunter\sdf\pc\data\sdf-B-1267.sdfdata",35914773,35914773,33754844,6
"89F9E725F908B7AB740CAEFC1444ED71B1352681","hunter\sdf\pc\data\sdf-B-1268.sdfdata",37877128,37877128,36155615,6
"89F9E725F908B7AB740CAEFC1444ED71B1352681","hunter\sdf\pc\data\sdf-B-1269.sdfdata",32614474,32614474,30722260,6
"89F9E725F908B7AB740CAEFC1444ED71B1352681","hunter\sdf\pc\data\sdf-B-1270.sdfdata",32024900,32024900,30357632,6
"89F9E725F908B7AB740CAEFC1444ED71B1352681","hunter\sdf\pc\data\sdf-B-1271.sdfdata",33141738,33141738,31924015,6
"89F9E725F908B7AB740CAEFC1444ED71B1352681","hunter\sdf\pc\data\sdf-B-1272.sdfdata",32104982,32104982,30355928,6
"89F9E725F908B7AB740CAEFC1444ED71B1352681","hunter\sdf\pc\data\sdf-B-1273.sdfdata",32535026,32535026,30938627,6
"89F9E725F908B7AB740CAEFC1444ED71B1352681","hunter\sdf\pc\data\sdf-B-1274.sdfdata",32444347,32444347,30625312,6
"89F9E725F908B7AB740CAEFC1444ED71B1352681","hunter\sdf\pc\data\sdf-B-1275.sdfdata",35935500,35935500,34321075,6
"89F9E725F908B7AB740CAEFC1444ED71B1352681","hunter\sdf\pc\data\sdf-B-1276.sdfdata",36810928,36810928,35072240,6
"89F9E725F908B7AB740CAEFC1444ED71B1352681","hunter\sdf\pc\data\sdf-B-1277.sdfdata",34507232,34507232,32585719,6
"89F9E725F908B7AB740CAEFC1444ED71B1352681","hunter\sdf\pc\data\sdf-B-1278.sdfdata",35354561,35354561,33542980,6
"89F9E725F908B7AB740CAEFC1444ED71B1352681","hunter\sdf\pc\data\sdf-B-1279.sdfdata",34920732,34920732,33181836,6
"89F9E725F908B7AB740CAEFC1444ED71B1352681","hunter\sdf\pc\data\sdf-B-1280.sdfdata",34603364,34603364,32866928,6
"89F9E725F908B7AB740CAEFC1444ED71B1352681","hunter\sdf\pc\data\sdf-B-1281.sdfdata",35601870,35601870,34097558,6
"89F9E725F908B7AB740CAEFC1444ED71B1352681","hunter\sdf\pc\data\sdf-B-1282.sdfdata",29626010,29626010,27928552,6
"89F9E725F908B7AB740CAEFC1444ED71B1352681","hunter\sdf\pc\data\sdf-B-1283.sdfdata",34139472,34139472,32087773,6
"89F9E725F908B7AB740CAEFC1444ED71B1352681","hunter\sdf\pc\data\sdf-B-1284.sdfdata",36567148,36567148,33592027,6
"89F9E725F908B7AB740CAEFC1444ED71B1352681","hunter\sdf\pc\data\sdf-B-1285.sdfdata",36937077,36937077,34250055,6
"89F9E725F908B7AB740CAEFC1444ED71B1352681","hunter\sdf\pc\data\sdf-B-1286.sdfdata",34561836,34561836,32491532,6
"89F9E725F908B7AB740CAEFC1444ED71B1352681","hunter\sdf\pc\data\sdf-B-1287.sdfdata",30392264,30392264,28904272,6
"89F9E725F908B7AB740CAEFC1444ED71B1352681","hunter\sdf\pc\data\sdf-B-1288.sdfdata",34480846,34480846,32836376,6
"89F9E725F908B7AB740CAEFC1444ED71B1352681","hunter\sdf\pc\data\sdf-B-1289.sdfdata",35232286,35232286,33221458,6
"89F9E725F908B7AB740CAEFC1444ED71B1352681","hunter\sdf\pc\data\sdf-B-1290.sdfdata",34787351,34787351,33083543,6
"89F9E725F908B7AB740CAEFC1444ED71B1352681","hunter\sdf\pc\data\sdf-B-1291.sdfdata",35609101,35609101,33591999,6
"89F9E725F908B7AB740CAEFC1444ED71B1352681","hunter\sdf\pc\data\sdf-B-1292.sdfdata",34936950,34936950,33103557,6
"89F9E725F908B7AB740CAEFC1444ED71B1352681","hunter\sdf\pc\data\sdf-B-1293.sdfdata",36534694,36534694,34392227,6
"89F9E725F908B7AB740CAEFC1444ED71B1352681","hunter\sdf\pc\data\sdf-B-1294.sdfdata",32563081,32563081,30706470,6
"89F9E725F908B7AB740CAEFC1444ED71B1352681","hunter\sdf\pc\data\sdf-B-1295.sdfdata",35876985,35876985,34001299,6
"89F9E725F908B7AB740CAEFC1444ED71B1352681","hunter\sdf\pc\data\sdf-B-1296.sdfdata",25664873,25664873,23912543,6
"89F9E725F908B7AB740CAEFC1444ED71B1352681","hunter\sdf\pc\data\sdf-B-1297.sdfdata",35382476,35382476,33201903,6
"89F9E725F908B7AB740CAEFC1444ED71B1352681","hunter\sdf\pc\data\sdf-B-1298.sdfdata",33245509,33245509,31372996,6
"89F9E725F908B7AB740CAEFC1444ED71B1352681","hunter\sdf\pc\data\sdf-B-1299.sdfdata",33646246,33646246,32081783,6
"89F9E725F908B7AB740CAEFC1444ED71B1352681","hunter\sdf\pc\data\sdf-B-1300.sdfdata",32400121,32400121,30707812,6
"89F9E725F908B7AB740CAEFC1444ED71B1352681","hunter\sdf\pc\data\sdf-B-1301.sdfdata",35651826,35651826,33735843,6
"89F9E725F908B7AB740CAEFC1444ED71B1352681","hunter\sdf\pc\data\sdf-B-1302.sdfdata",35958986,35958986,34097755,6
"89F9E725F908B7AB740CAEFC1444ED71B1352681","hunter\sdf\pc\data\sdf-B-1303.sdfdata",33746807,33746807,32043676,6
"89F9E725F908B7AB740CAEFC1444ED71B1352681","hunter\sdf\pc\data\sdf-B-1304.sdfdata",27739528,27739528,26137271,6
"89F9E725F908B7AB740CAEFC1444ED71B1352681","hunter\sdf\pc\data\sdf-B-1305.sdfdata",36348403,36348403,34288689,6
"89F9E725F908B7AB740CAEFC1444ED71B1352681","hunter\sdf\pc\data\sdf-B-1306.sdfdata",30862723,30862723,28979478,6
"89F9E725F908B7AB740CAEFC1444ED71B1352681","hunter\sdf\pc\data\sdf-B-1307.sdfdata",38756774,38756774,36356325,6
"89F9E725F908B7AB740CAEFC1444ED71B1352681","hunter\sdf\pc\data\sdf-B-1308.sdfdata",36390593,36390593,34490308,6
"89F9E725F908B7AB740CAEFC1444ED71B1352681","hunter\sdf\pc\data\sdf-B-1309.sdfdata",35778450,35778450,33796929,6
"89F9E725F908B7AB740CAEFC1444ED71B1352681","hunter\sdf\pc\data\sdf-B-1310.sdfdata",32282828,32282828,30292027,6
"89F9E725F908B7AB740CAEFC1444ED71B1352681","hunter\sdf\pc\data\sdf-B-1311.sdfdata",28910905,28910905,27290496,6
"89F9E725F908B7AB740CAEFC1444ED71B1352681","hunter\sdf\pc\data\sdf-B-1312.sdfdata",31042148,31042148,29343439,6
"89F9E725F908B7AB740CAEFC1444ED71B1352681","hunter\sdf\pc\data\sdf-B-1313.sdfdata",31578016,31578016,29777011,6
"89F9E725F908B7AB740CAEFC1444ED71B1352681","hunter\sdf\pc\data\sdf-B-1314.sdfdata",40016334,40016334,37831586,6
"89F9E725F908B7AB740CAEFC1444ED71B1352681","hunter\sdf\pc\data\sdf-B-1315.sdfdata",27528572,27528572,26079808,6
"89F9E725F908B7AB740CAEFC1444ED71B1352681","hunter\sdf\pc\data\sdf-B-1316.sdfdata",39404329,39404329,36273453,6
"89F9E725F908B7AB740CAEFC1444ED71B1352681","hunter\sdf\pc\data\sdf-B-1317.sdfdata",35587649,35587649,33639405,6
"89F9E725F908B7AB740CAEFC1444ED71B1352681","hunter\sdf\pc\data\sdf-B-1318.sdfdata",35729132,35729132,33992421,6
"89F9E725F908B7AB740CAEFC1444ED71B1352681","hunter\sdf\pc\data\sdf-B-1319.sdfdata",32368220,32368220,30301842,6
"89F9E725F908B7AB740CAEFC1444ED71B1352681","hunter\sdf\pc\data\sdf-B-1320.sdfdata",32357935,32357935,30108840,6
"89F9E725F908B7AB740CAEFC1444ED71B1352681","hunter\sdf\pc\data\sdf-B-1321.sdfdata",32603598,32603598,30627289,6
"89F9E725F908B7AB740CAEFC1444ED71B1352681","hunter\sdf\pc\data\sdf-B-1322.sdfdata",33269374,33269374,31057953,6
"89F9E725F908B7AB740CAEFC1444ED71B1352681","hunter\sdf\pc\data\sdf-B-1323.sdfdata",32651130,32651130,30876943,6
"89F9E725F908B7AB740CAEFC1444ED71B1352681","hunter\sdf\pc\data\sdf-B-1324.sdfdata",33892586,33892586,31799406,6
"89F9E725F908B7AB740CAEFC1444ED71B1352681","hunter\sdf\pc\data\sdf-B-1325.sdfdata",34628589,34628589,32720956,6
"89F9E725F908B7AB740CAEFC1444ED71B1352681","hunter\sdf\pc\data\sdf-B-1326.sdfdata",37911322,37911322,35830637,6
"89F9E725F908B7AB740CAEFC1444ED71B1352681","hunter\sdf\pc\data\sdf-B-1327.sdfdata",32385831,32385831,30947301,6
"89F9E725F908B7AB740CAEFC1444ED71B1352681","hunter\sdf\pc\data\sdf-B-1328.sdfdata",29470534,29470534,27940703,6
"89F9E725F908B7AB740CAEFC1444ED71B1352681","hunter\sdf\pc\data\sdf-B-1329.sdfdata",34812957,34812957,32623652,6
"89F9E725F908B7AB740CAEFC1444ED71B1352681","hunter\sdf\pc\data\sdf-B-1330.sdfdata",35086177,35086177,32640542,6
"89F9E725F908B7AB740CAEFC1444ED71B1352681","hunter\sdf\pc\data\sdf-B-1331.sdfdata",32332504,32332504,30296516,6
"89F9E725F908B7AB740CAEFC1444ED71B1352681","hunter\sdf\pc\data\sdf-B-1332.sdfdata",38952710,38952710,36849259,6
"89F9E725F908B7AB740CAEFC1444ED71B1352681","hunter\sdf\pc\data\sdf-B-1333.sdfdata",36129304,36129304,34369135,6
"89F9E725F908B7AB740CAEFC1444ED71B1352681","hunter\sdf\pc\data\sdf-B-1334.sdfdata",34133103,34133103,31928082,6
"89F9E725F908B7AB740CAEFC1444ED71B1352681","hunter\sdf\pc\data\sdf-B-1335.sdfdata",35278174,35278174,33395342,6
"89F9E725F908B7AB740CAEFC1444ED71B1352681","hunter\sdf\pc\data\sdf-B-1336.sdfdata",34903727,34903727,32217004,6
"89F9E725F908B7AB740CAEFC1444ED71B1352681","hunter\sdf\pc\data\sdf-B-1337.sdfdata",36170817,36170817,34518597,6
"89F9E725F908B7AB740CAEFC1444ED71B1352681","hunter\sdf\pc\data\sdf-B-1338.sdfdata",35705178,35705178,33865798,6
"89F9E725F908B7AB740CAEFC1444ED71B1352681","hunter\sdf\pc\data\sdf-B-1339.sdfdata",35771527,35771527,33201400,6
"89F9E725F908B7AB740CAEFC1444ED71B1352681","hunter\sdf\pc\data\sdf-B-1340.sdfdata",34913150,34913150,33129254,6
"89F9E725F908B7AB740CAEFC1444ED71B1352681","hunter\sdf\pc\data\sdf-B-1341.sdfdata",35277361,35277361,33413668,6
"89F9E725F908B7AB740CAEFC1444ED71B1352681","hunter\sdf\pc\data\sdf-B-1342.sdfdata",34876260,34876260,31660851,6
"89F9E725F908B7AB740CAEFC1444ED71B1352681","hunter\sdf\pc\data\sdf-B-1343.sdfdata",35224671,35224671,31913814,6
"89F9E725F908B7AB740CAEFC1444ED71B1352681","hunter\sdf\pc\data\sdf-B-1344.sdfdata",33587265,33587265,31809437,6
"89F9E725F908B7AB740CAEFC1444ED71B1352681","hunter\sdf\pc\data\sdf-B-1345.sdfdata",35611464,35611464,33986688,6
"89F9E725F908B7AB740CAEFC1444ED71B1352681","hunter\sdf\pc\data\sdf-B-1346.sdfdata",31776073,31776073,30201477,6
"89F9E725F908B7AB740CAEFC1444ED71B1352681","hunter\sdf\pc\data\sdf-B-1347.sdfdata",35062675,35062675,32361929,6
"89F9E725F908B7AB740CAEFC1444ED71B1352681","hunter\sdf\pc\data\sdf-B-1348.sdfdata",35988251,35988251,33890251,6
"89F9E725F908B7AB740CAEFC1444ED71B1352681","hunter\sdf\pc\data\sdf-B-1349.sdfdata",37014586,37014586,35080872,6
"89F9E725F908B7AB740CAEFC1444ED71B1352681","hunter\sdf\pc\data\sdf-B-1350.sdfdata",33477486,33477486,31685921,6
"89F9E725F908B7AB740CAEFC1444ED71B1352681","hunter\sdf\pc\data\sdf-B-1351.sdfdata",30250483,30250483,28767126,6
"89F9E725F908B7AB740CAEFC1444ED71B1352681","hunter\sdf\pc\data\sdf-B-1352.sdfdata",34531501,34531501,32705632,6
"89F9E725F908B7AB740CAEFC1444ED71B1352681","hunter\sdf\pc\data\sdf-B-1353.sdfdata",34616206,34616206,32853144,6
"89F9E725F908B7AB740CAEFC1444ED71B1352681","hunter\sdf\pc\data\sdf-B-1354.sdfdata",36298740,36298740,34446738,6
"89F9E725F908B7AB740CAEFC1444ED71B1352681","hunter\sdf\pc\data\sdf-B-1355.sdfdata",33593258,33593258,31954183,6
"89F9E725F908B7AB740CAEFC1444ED71B1352681","hunter\sdf\pc\data\sdf-B-1356.sdfdata",33157592,33157592,31051690,6
"89F9E725F908B7AB740CAEFC1444ED71B1352681","hunter\sdf\pc\data\sdf-B-1357.sdfdata",34118178,34118178,32309751,6
"89F9E725F908B7AB740CAEFC1444ED71B1352681","hunter\sdf\pc\data\sdf-B-1358.sdfdata",34315607,34315607,32522491,6
"89F9E725F908B7AB740CAEFC1444ED71B1352681","hunter\sdf\pc\data\sdf-B-1359.sdfdata",30775384,30775384,28845786,6
"89F9E725F908B7AB740CAEFC1444ED71B1352681","hunter\sdf\pc\data\sdf-B-1360.sdfdata",33274335,33274335,31304547,6
"89F9E725F908B7AB740CAEFC1444ED71B1352681","hunter\sdf\pc\data\sdf-B-1361.sdfdata",35663203,35663203,33948847,6
"89F9E725F908B7AB740CAEFC1444ED71B1352681","hunter\sdf\pc\data\sdf-B-1362.sdfdata",33487908,33487908,31828384,6
"89F9E725F908B7AB740CAEFC1444ED71B1352681","hunter\sdf\pc\data\sdf-B-1363.sdfdata",34578911,34578911,32824509,6
"89F9E725F908B7AB740CAEFC1444ED71B1352681","hunter\sdf\pc\data\sdf-B-1364.sdfdata",30740419,30740419,28924765,6
"89F9E725F908B7AB740CAEFC1444ED71B1352681","hunter\sdf\pc\data\sdf-B-1365.sdfdata",37079547,37079547,35324179,6
"89F9E725F908B7AB740CAEFC1444ED71B1352681","hunter\sdf\pc\data\sdf-B-1366.sdfdata",36347473,36347473,34637133,6
"89F9E725F908B7AB740CAEFC1444ED71B1352681","hunter\sdf\pc\data\sdf-B-1367.sdfdata",31686969,31686969,29847920,6
"89F9E725F908B7AB740CAEFC1444ED71B1352681","hunter\sdf\pc\data\sdf-B-1368.sdfdata",35010908,35010908,33022851,6
"89F9E725F908B7AB740CAEFC1444ED71B1352681","hunter\sdf\pc\data\sdf-B-1369.sdfdata",36458795,36458795,33708428,6
"89F9E725F908B7AB740CAEFC1444ED71B1352681","hunter\sdf\pc\data\sdf-B-1370.sdfdata",36606145,36606145,34543502,6
"89F9E725F908B7AB740CAEFC1444ED71B1352681","hunter\sdf\pc\data\sdf-B-1371.sdfdata",35837273,35837273,33693627,6
"89F9E725F908B7AB740CAEFC1444ED71B1352681","hunter\sdf\pc\data\sdf-B-1372.sdfdata",36417247,36417247,34279520,6
"89F9E725F908B7AB740CAEFC1444ED71B1352681","hunter\sdf\pc\data\sdf-B-1373.sdfdata",36081952,36081952,34348560,6
"89F9E725F908B7AB740CAEFC1444ED71B1352681","hunter\sdf\pc\data\sdf-B-1374.sdfdata",37447680,37447680,35538806,6
"89F9E725F908B7AB740CAEFC1444ED71B1352681","hunter\sdf\pc\data\sdf-B-1375.sdfdata",34925495,34925495,32967151,6
"89F9E725F908B7AB740CAEFC1444ED71B1352681","hunter\sdf\pc\data\sdf-B-1376.sdfdata",27983251,27983251,26173872,6
"89F9E725F908B7AB740CAEFC1444ED71B1352681","hunter\sdf\pc\data\sdf-B-1377.sdfdata",29868503,29868503,28205778,6
"89F9E725F908B7AB740CAEFC1444ED71B1352681","hunter\sdf\pc\data\sdf-B-1378.sdfdata",30335493,30335493,28508619,6
"89F9E725F908B7AB740CAEFC1444ED71B1352681","hunter\sdf\pc\data\sdf-B-1379.sdfdata",32277101,32277101,30378525,6
"89F9E725F908B7AB740CAEFC1444ED71B1352681","hunter\sdf\pc\data\sdf-B-1380.sdfdata",35704692,35704692,33869620,6
"89F9E725F908B7AB740CAEFC1444ED71B1352681","hunter\sdf\pc\data\sdf-B-1381.sdfdata",35704018,35704018,33633811,6
"89F9E725F908B7AB740CAEFC1444ED71B1352681","hunter\sdf\pc\data\sdf-B-1382.sdfdata",33536740,33536740,31993361,6
"89F9E725F908B7AB740CAEFC1444ED71B1352681","hunter\sdf\pc\data\sdf-B-1383.sdfdata",32787141,32787141,30635343,6
"89F9E725F908B7AB740CAEFC1444ED71B1352681","hunter\sdf\pc\data\sdf-B-1384.sdfdata",35840584,35840584,33276495,6
"89F9E725F908B7AB740CAEFC1444ED71B1352681","hunter\sdf\pc\data\sdf-B-1385.sdfdata",37064146,37064146,34557561,6
"89F9E725F908B7AB740CAEFC1444ED71B1352681","hunter\sdf\pc\data\sdf-B-1386.sdfdata",34813921,34813921,32665104,6
"89F9E725F908B7AB740CAEFC1444ED71B1352681","hunter\sdf\pc\data\sdf-B-1387.sdfdata",31611507,31611507,30239706,6
"89F9E725F908B7AB740CAEFC1444ED71B1352681","hunter\sdf\pc\data\sdf-B-1388.sdfdata",36273964,36273964,33504769,6
"89F9E725F908B7AB740CAEFC1444ED71B1352681","hunter\sdf\pc\data\sdf-B-1389.sdfdata",34714451,34714451,32916326,6
"89F9E725F908B7AB740CAEFC1444ED71B1352681","hunter\sdf\pc\data\sdf-B-1390.sdfdata",35747310,35747310,33553623,6
"89F9E725F908B7AB740CAEFC1444ED71B1352681","hunter\sdf\pc\data\sdf-B-1391.sdfdata",34387795,34387795,32865328,6
"89F9E725F908B7AB740CAEFC1444ED71B1352681","hunter\sdf\pc\data\sdf-B-1392.sdfdata",31292056,31292056,29352577,6
"89F9E725F908B7AB740CAEFC1444ED71B1352681","hunter\sdf\pc\data\sdf-B-1393.sdfdata",36206191,36206191,34199577,6
"89F9E725F908B7AB740CAEFC1444ED71B1352681","hunter\sdf\pc\data\sdf-B-1394.sdfdata",34851797,34851797,33054760,6
"89F9E725F908B7AB740CAEFC1444ED71B1352681","hunter\sdf\pc\data\sdf-B-1395.sdfdata",36996407,36996407,34469070,6
"89F9E725F908B7AB740CAEFC1444ED71B1352681","hunter\sdf\pc\data\sdf-B-1396.sdfdata",38279441,38279441,36100128,6
"89F9E725F908B7AB740CAEFC1444ED71B1352681","hunter\sdf\pc\data\sdf-B-1397.sdfdata",33650519,33650519,31827737,6
"89F9E725F908B7AB740CAEFC1444ED71B1352681","hunter\sdf\pc\data\sdf-B-1398.sdfdata",35199237,35199237,32964835,6
"89F9E725F908B7AB740CAEFC1444ED71B1352681","hunter\sdf\pc\data\sdf-B-1399.sdfdata",36358356,36358356,34481272,6
"89F9E725F908B7AB740CAEFC1444ED71B1352681","hunter\sdf\pc\data\sdf-B-1400.sdfdata",36696985,36696985,34569451,6
"89F9E725F908B7AB740CAEFC1444ED71B1352681","hunter\sdf\pc\data\sdf-B-1401.sdfdata",35152361,35152361,30932549,6
"89F9E725F908B7AB740CAEFC1444ED71B1352681","hunter\sdf\pc\data\sdf-B-1402.sdfdata",35763221,35763221,33383262,6
"89F9E725F908B7AB740CAEFC1444ED71B1352681","hunter\sdf\pc\data\sdf-B-1403.sdfdata",35569767,35569767,33820161,6
"89F9E725F908B7AB740CAEFC1444ED71B1352681","hunter\sdf\pc\data\sdf-B-1404.sdfdata",35799659,35799659,33242586,6
"89F9E725F908B7AB740CAEFC1444ED71B1352681","hunter\sdf\pc\data\sdf-B-1405.sdfdata",37170757,37170757,35015483,6
"89F9E725F908B7AB740CAEFC1444ED71B1352681","hunter\sdf\pc\data\sdf-B-1406.sdfdata",32566137,32566137,30912488,6
"89F9E725F908B7AB740CAEFC1444ED71B1352681","hunter\sdf\pc\data\sdf-B-1407.sdfdata",31056151,31056151,27472607,6
"89F9E725F908B7AB740CAEFC1444ED71B1352681","hunter\sdf\pc\data\sdf-B-1408.sdfdata",36381093,36381093,34419022,6
"89F9E725F908B7AB740CAEFC1444ED71B1352681","hunter\sdf\pc\data\sdf-B-1409.sdfdata",32288983,32288983,30479581,6
"89F9E725F908B7AB740CAEFC1444ED71B1352681","hunter\sdf\pc\data\sdf-B-1410.sdfdata",31209874,31209874,29430444,6
"89F9E725F908B7AB740CAEFC1444ED71B1352681","hunter\sdf\pc\data\sdf-B-1411.sdfdata",35165546,35165546,33036446,6
"89F9E725F908B7AB740CAEFC1444ED71B1352681","hunter\sdf\pc\data\sdf-B-1412.sdfdata",32894553,32894553,30210619,6
"89F9E725F908B7AB740CAEFC1444ED71B1352681","hunter\sdf\pc\data\sdf-B-1413.sdfdata",36383478,36383478,33401346,6
"89F9E725F908B7AB740CAEFC1444ED71B1352681","hunter\sdf\pc\data\sdf-B-1414.sdfdata",37672445,37672445,34857106,6
"89F9E725F908B7AB740CAEFC1444ED71B1352681","hunter\sdf\pc\data\sdf-B-1415.sdfdata",43150033,43150033,37761417,6
"89F9E725F908B7AB740CAEFC1444ED71B1352681","hunter\sdf\pc\data\sdf-B-1416.sdfdata",31477111,31477111,29052083,6
"89F9E725F908B7AB740CAEFC1444ED71B1352681","hunter\sdf\pc\data\sdf-B-1417.sdfdata",36600694,36600694,34943297,6
"89F9E725F908B7AB740CAEFC1444ED71B1352681","hunter\sdf\pc\data\sdf-B-1418.sdfdata",39032271,39032271,36295091,6
"89F9E725F908B7AB740CAEFC1444ED71B1352681","hunter\sdf\pc\data\sdf-B-1419.sdfdata",30767420,30767420,29205094,6
"89F9E725F908B7AB740CAEFC1444ED71B1352681","hunter\sdf\pc\data\sdf-B-1420.sdfdata",31229815,31229815,28740731,6
"89F9E725F908B7AB740CAEFC1444ED71B1352681","hunter\sdf\pc\data\sdf-B-1421.sdfdata",39208054,39208054,36078474,6
"89F9E725F908B7AB740CAEFC1444ED71B1352681","hunter\sdf\pc\data\sdf-B-1422.sdfdata",36661848,36661848,34270014,6
"89F9E725F908B7AB740CAEFC1444ED71B1352681","hunter\sdf\pc\data\sdf-B-1423.sdfdata",31692969,31692969,29752730,6
"89F9E725F908B7AB740CAEFC1444ED71B1352681","hunter\sdf\pc\data\sdf-B-1424.sdfdata",33944658,33944658,32103707,6
"89F9E725F908B7AB740CAEFC1444ED71B1352681","hunter\sdf\pc\data\sdf-B-1425.sdfdata",33292676,33292676,31414180,6
"89F9E725F908B7AB740CAEFC1444ED71B1352681","hunter\sdf\pc\data\sdf-B-1426.sdfdata",35807082,35807082,33233544,6
"89F9E725F908B7AB740CAEFC1444ED71B1352681","hunter\sdf\pc\data\sdf-B-1427.sdfdata",34749587,34749587,32589340,6
"89F9E725F908B7AB740CAEFC1444ED71B1352681","hunter\sdf\pc\data\sdf-B-1428.sdfdata",34189115,34189115,31895531,6
"89F9E725F908B7AB740CAEFC1444ED71B1352681","hunter\sdf\pc\data\sdf-B-1429.sdfdata",31233315,31233315,29464495,6
"89F9E725F908B7AB740CAEFC1444ED71B1352681","hunter\sdf\pc\data\sdf-B-1430.sdfdata",32166956,32166956,30091655,6
"89F9E725F908B7AB740CAEFC1444ED71B1352681","hunter\sdf\pc\data\sdf-B-1431.sdfdata",36032161,36032161,33600084,6
"89F9E725F908B7AB740CAEFC1444ED71B1352681","hunter\sdf\pc\data\sdf-B-1432.sdfdata",35337695,35337695,31704823,6
"89F9E725F908B7AB740CAEFC1444ED71B1352681","hunter\sdf\pc\data\sdf-B-1433.sdfdata",30071429,30071429,28069164,6
"89F9E725F908B7AB740CAEFC1444ED71B1352681","hunter\sdf\pc\data\sdf-B-1434.sdfdata",39929611,39929611,35952988,6
"89F9E725F908B7AB740CAEFC1444ED71B1352681","hunter\sdf\pc\data\sdf-B-1435.sdfdata",36741400,36741400,33250564,6
"89F9E725F908B7AB740CAEFC1444ED71B1352681","hunter\sdf\pc\data\sdf-B-1436.sdfdata",31762581,31762581,29161301,6
"89F9E725F908B7AB740CAEFC1444ED71B1352681","hunter\sdf\pc\data\sdf-B-1437.sdfdata",33980231,33980231,31620462,6
"89F9E725F908B7AB740CAEFC1444ED71B1352681","hunter\sdf\pc\data\sdf-B-1438.sdfdata",37349928,37349928,33620801,6
"89F9E725F908B7AB740CAEFC1444ED71B1352681","hunter\sdf\pc\data\sdf-B-1439.sdfdata",30549707,30549707,28087658,6
"89F9E725F908B7AB740CAEFC1444ED71B1352681","hunter\sdf\pc\data\sdf-B-1440.sdfdata",35189922,35189922,32214490,6
"89F9E725F908B7AB740CAEFC1444ED71B1352681","hunter\sdf\pc\data\sdf-B-1441.sdfdata",38848935,38848935,35523340,6
"89F9E725F908B7AB740CAEFC1444ED71B1352681","hunter\sdf\pc\data\sdf-B-1442.sdfdata",36020059,36020059,33704312,6
"89F9E725F908B7AB740CAEFC1444ED71B1352681","hunter\sdf\pc\data\sdf-B-1443.sdfdata",28771363,28771363,27080492,6
"89F9E725F908B7AB740CAEFC1444ED71B1352681","hunter\sdf\pc\data\sdf-B-1444.sdfdata",36424849,36424849,33017769,6
"89F9E725F908B7AB740CAEFC1444ED71B1352681","hunter\sdf\pc\data\sdf-B-1445.sdfdata",36309480,36309480,32749576,6
"89F9E725F908B7AB740CAEFC1444ED71B1352681","hunter\sdf\pc\data\sdf-B-1446.sdfdata",29120183,29120183,26559079,6
"89F9E725F908B7AB740CAEFC1444ED71B1352681","hunter\sdf\pc\data\sdf-B-1447.sdfdata",31624214,31624214,29030396,6
"89F9E725F908B7AB740CAEFC1444ED71B1352681","hunter\sdf\pc\data\sdf-B-1448.sdfdata",36480470,36480470,33570586,6
"89F9E725F908B7AB740CAEFC1444ED71B1352681","hunter\sdf\pc\data\sdf-B-1449.sdfdata",36292335,36292335,32832462,6
"89F9E725F908B7AB740CAEFC1444ED71B1352681","hunter\sdf\pc\data\sdf-B-1450.sdfdata",36865009,36865009,30804961,6
"89F9E725F908B7AB740CAEFC1444ED71B1352681","hunter\sdf\pc\data\sdf-B-1451.sdfdata",30361419,30361419,25486815,6
"89F9E725F908B7AB740CAEFC1444ED71B1352681","hunter\sdf\pc\data\sdf-B-1452.sdfdata",32855136,32855136,29123524,6
"89F9E725F908B7AB740CAEFC1444ED71B1352681","hunter\sdf\pc\data\sdf-B-1453.sdfdata",32631871,32631871,31036183,6
"89F9E725F908B7AB740CAEFC1444ED71B1352681","hunter\sdf\pc\data\sdf-B-1454.sdfdata",33547547,33547547,32211087,6
"89F9E725F908B7AB740CAEFC1444ED71B1352681","hunter\sdf\pc\data\sdf-B-1455.sdfdata",31683800,31683800,24761620,6
"89F9E725F908B7AB740CAEFC1444ED71B1352681","hunter\sdf\pc\data\sdf-B-1456.sdfdata",34879094,34879094,32472893,6
"89F9E725F908B7AB740CAEFC1444ED71B1352681","hunter\sdf\pc\data\sdf-B-1457.sdfdata",35491264,35491264,32959679,6
"89F9E725F908B7AB740CAEFC1444ED71B1352681","hunter\sdf\pc\data\sdf-B-1458.sdfdata",29862631,29862631,28576710,6
"89F9E725F908B7AB740CAEFC1444ED71B1352681","hunter\sdf\pc\data\sdf-B-1459.sdfdata",34778029,34778029,32501071,6
"89F9E725F908B7AB740CAEFC1444ED71B1352681","hunter\sdf\pc\data\sdf-B-1460.sdfdata",36008389,36008389,34070708,6
"89F9E725F908B7AB740CAEFC1444ED71B1352681","hunter\sdf\pc\data\sdf-B-1461.sdfdata",35776437,35776437,34567062,6
"89F9E725F908B7AB740CAEFC1444ED71B1352681","hunter\sdf\pc\data\sdf-B-1462.sdfdata",35784999,35784999,34258573,6
"89F9E725F908B7AB740CAEFC1444ED71B1352681","hunter\sdf\pc\data\sdf-B-1463.sdfdata",34437188,34437188,31488920,6
"89F9E725F908B7AB740CAEFC1444ED71B1352681","hunter\sdf\pc\data\sdf-B-1464.sdfdata",36317256,36317256,34208936,6
"89F9E725F908B7AB740CAEFC1444ED71B1352681","hunter\sdf\pc\data\sdf-B-1465.sdfdata",35767190,35767190,33645683,6
"89F9E725F908B7AB740CAEFC1444ED71B1352681","hunter\sdf\pc\data\sdf-B-1466.sdfdata",35340093,35340093,32451311,6
"89F9E725F908B7AB740CAEFC1444ED71B1352681","hunter\sdf\pc\data\sdf-B-1467.sdfdata",34626170,34626170,32215716,6
"89F9E725F908B7AB740CAEFC1444ED71B1352681","hunter\sdf\pc\data\sdf-B-1468.sdfdata",36042583,36042583,33821840,6
"89F9E725F908B7AB740CAEFC1444ED71B1352681","hunter\sdf\pc\data\sdf-B-1469.sdfdata",33141871,33141871,31568990,6
"89F9E725F908B7AB740CAEFC1444ED71B1352681","hunter\sdf\pc\data\sdf-B-1470.sdfdata",37455338,37455338,35776235,6
"89F9E725F908B7AB740CAEFC1444ED71B1352681","hunter\sdf\pc\data\sdf-B-1471.sdfdata",35699091,35699091,33433649,6
"89F9E725F908B7AB740CAEFC1444ED71B1352681","hunter\sdf\pc\data\sdf-B-1472.sdfdata",39875462,39875462,37681927,6
"89F9E725F908B7AB740CAEFC1444ED71B1352681","hunter\sdf\pc\data\sdf-B-1473.sdfdata",32663157,32663157,31961866,6
"89F9E725F908B7AB740CAEFC1444ED71B1352681","hunter\sdf\pc\data\sdf-B-1474.sdfdata",30608218,30608218,28056375,6
"89F9E725F908B7AB740CAEFC1444ED71B1352681","hunter\sdf\pc\data\sdf-B-1475.sdfdata",35887442,35887442,33243113,6
"89F9E725F908B7AB740CAEFC1444ED71B1352681","hunter\sdf\pc\data\sdf-B-1476.sdfdata",27188427,27188427,24862179,6
"89F9E725F908B7AB740CAEFC1444ED71B1352681","hunter\sdf\pc\data\sdf-B-1477.sdfdata",33486257,33486257,31658557,6
"89F9E725F908B7AB740CAEFC1444ED71B1352681","hunter\sdf\pc\data\sdf-B-1478.sdfdata",30373277,30373277,28618218,6
"89F9E725F908B7AB740CAEFC1444ED71B1352681","hunter\sdf\pc\data\sdf-B-1479.sdfdata",36036746,36036746,33600924,6
"89F9E725F908B7AB740CAEFC1444ED71B1352681","hunter\sdf\pc\data\sdf-B-1480.sdfdata",33294708,33294708,31571523,6
"89F9E725F908B7AB740CAEFC1444ED71B1352681","hunter\sdf\pc\data\sdf-B-1481.sdfdata",33556995,33556995,31245710,6
"89F9E725F908B7AB740CAEFC1444ED71B1352681","hunter\sdf\pc\data\sdf-B-1482.sdfdata",37090694,37090694,35209054,6
"89F9E725F908B7AB740CAEFC1444ED71B1352681","hunter\sdf\pc\data\sdf-B-1483.sdfdata",36200093,36200093,33678479,6
"89F9E725F908B7AB740CAEFC1444ED71B1352681","hunter\sdf\pc\data\sdf-B-1484.sdfdata",27906902,27906902,26318910,6
"89F9E725F908B7AB740CAEFC1444ED71B1352681","hunter\sdf\pc\data\sdf-B-1485.sdfdata",37853802,37853802,35193109,6
"89F9E725F908B7AB740CAEFC1444ED71B1352681","hunter\sdf\pc\data\sdf-B-1486.sdfdata",34496252,34496252,33115003,6
"89F9E725F908B7AB740CAEFC1444ED71B1352681","hunter\sdf\pc\data\sdf-B-1487.sdfdata",37477159,37477159,34587852,6
"89F9E725F908B7AB740CAEFC1444ED71B1352681","hunter\sdf\pc\data\sdf-B-1488.sdfdata",32302343,32302343,31228435,6
"89F9E725F908B7AB740CAEFC1444ED71B1352681","hunter\sdf\pc\data\sdf-B-1489.sdfdata",32974578,32974578,31102097,6
"89F9E725F908B7AB740CAEFC1444ED71B1352681","hunter\sdf\pc\data\sdf-B-1490.sdfdata",29205258,29205258,27806062,6
"89F9E725F908B7AB740CAEFC1444ED71B1352681","hunter\sdf\pc\data\sdf-B-1491.sdfdata",30491930,30491930,28825922,6
"89F9E725F908B7AB740CAEFC1444ED71B1352681","hunter\sdf\pc\data\sdf-B-1492.sdfdata",35868774,35868774,34705793,6
"89F9E725F908B7AB740CAEFC1444ED71B1352681","hunter\sdf\pc\data\sdf-B-1493.sdfdata",31321959,31321959,29339967,6
"89F9E725F908B7AB740CAEFC1444ED71B1352681","hunter\sdf\pc\data\sdf-B-1494.sdfdata",31452884,31452884,29413642,6
"89F9E725F908B7AB740CAEFC1444ED71B1352681","hunter\sdf\pc\data\sdf-B-1495.sdfdata",33419525,33419525,31822265,6
"89F9E725F908B7AB740CAEFC1444ED71B1352681","hunter\sdf\pc\data\sdf-B-1496.sdfdata",29492736,29492736,27059715,6
"89F9E725F908B7AB740CAEFC1444ED71B1352681","hunter\sdf\pc\data\sdf-B-1497.sdfdata",36920085,36920085,35253497,6
"89F9E725F908B7AB740CAEFC1444ED71B1352681","hunter\sdf\pc\data\sdf-B-1498.sdfdata",32998965,32998965,31444377,6
"89F9E725F908B7AB740CAEFC1444ED71B1352681","hunter\sdf\pc\data\sdf-B-1499.sdfdata",31689216,31689216,29681990,6
"89F9E725F908B7AB740CAEFC1444ED71B1352681","hunter\sdf\pc\data\sdf-B-1500.sdfdata",32417086,32417086,31038337,6
"89F9E725F908B7AB740CAEFC1444ED71B1352681","hunter\sdf\pc\data\sdf-B-1501.sdfdata",29363851,29363851,28037390,6
"89F9E725F908B7AB740CAEFC1444ED71B1352681","hunter\sdf\pc\data\sdf-B-1502.sdfdata",30622576,30622576,29295943,6
"89F9E725F908B7AB740CAEFC1444ED71B1352681","hunter\sdf\pc\data\sdf-B-1503.sdfdata",33237065,33237065,30690367,6
"89F9E725F908B7AB740CAEFC1444ED71B1352681","hunter\sdf\pc\data\sdf-B-1504.sdfdata",35043631,35043631,32211605,6
"89F9E725F908B7AB740CAEFC1444ED71B1352681","hunter\sdf\pc\data\sdf-B-1505.sdfdata",35477222,35477222,33612848,6
"89F9E725F908B7AB740CAEFC1444ED71B1352681","hunter\sdf\pc\data\sdf-B-1506.sdfdata",36734670,36734670,34663718,6
"89F9E725F908B7AB740CAEFC1444ED71B1352681","hunter\sdf\pc\data\sdf-B-1507.sdfdata",35389794,35389794,33451947,6
"89F9E725F908B7AB740CAEFC1444ED71B1352681","hunter\sdf\pc\data\sdf-B-1508.sdfdata",24902135,24902135,22376248,6
"89F9E725F908B7AB740CAEFC1444ED71B1352681","hunter\sdf\pc\data\sdf-B-1509.sdfdata",39176596,39176596,37343542,6
"89F9E725F908B7AB740CAEFC1444ED71B1352681","hunter\sdf\pc\data\sdf-B-1510.sdfdata",28089543,28089543,26512173,6
"89F9E725F908B7AB740CAEFC1444ED71B1352681","hunter\sdf\pc\data\sdf-B-1511.sdfdata",47834522,47834522,44238018,6
"89F9E725F908B7AB740CAEFC1444ED71B1352681","hunter\sdf\pc\data\sdf-B-1512.sdfdata",35546520,35546520,32998265,6
"89F9E725F908B7AB740CAEFC1444ED71B1352681","hunter\sdf\pc\data\sdf-B-1513.sdfdata",28215892,28215892,26692122,6
"89F9E725F908B7AB740CAEFC1444ED71B1352681","hunter\sdf\pc\data\sdf-B-1514.sdfdata",28994375,28994375,27089310,6
"89F9E725F908B7AB740CAEFC1444ED71B1352681","hunter\sdf\pc\data\sdf-B-1515.sdfdata",34335276,34335276,32112240,6
"89F9E725F908B7AB740CAEFC1444ED71B1352681","hunter\sdf\pc\data\sdf-B-1516.sdfdata",28416373,28416373,26989997,6
"89F9E725F908B7AB740CAEFC1444ED71B1352681","hunter\sdf\pc\data\sdf-B-1517.sdfdata",38075624,38075624,35380279,6
"89F9E725F908B7AB740CAEFC1444ED71B1352681","hunter\sdf\pc\data\sdf-B-1518.sdfdata",39045933,39045933,36914394,6
"89F9E725F908B7AB740CAEFC1444ED71B1352681","hunter\sdf\pc\data\sdf-B-1519.sdfdata",31902250,31902250,29326785,6
"89F9E725F908B7AB740CAEFC1444ED71B1352681","hunter\sdf\pc\data\sdf-B-1520.sdfdata",36418680,36418680,34759850,6
"89F9E725F908B7AB740CAEFC1444ED71B1352681","hunter\sdf\pc\data\sdf-B-1521.sdfdata",37472043,37472043,34992302,6
"89F9E725F908B7AB740CAEFC1444ED71B1352681","hunter\sdf\pc\data\sdf-B-1522.sdfdata",37892940,37892940,37115170,6
"89F9E725F908B7AB740CAEFC1444ED71B1352681","hunter\sdf\pc\data\sdf-B-1523.sdfdata",37335440,37335440,36861489,6
"89F9E725F908B7AB740CAEFC1444ED71B1352681","hunter\sdf\pc\data\sdf-B-1524.sdfdata",34707428,34707428,33000126,6
"89F9E725F908B7AB740CAEFC1444ED71B1352681","hunter\sdf\pc\data\sdf-B-1525.sdfdata",36166298,36166298,33822428,6
"89F9E725F908B7AB740CAEFC1444ED71B1352681","hunter\sdf\pc\data\sdf-B-1526.sdfdata",36764768,36764768,33679540,6
"89F9E725F908B7AB740CAEFC1444ED71B1352681","hunter\sdf\pc\data\sdf-B-1527.sdfdata",36211092,36211092,34181341,6
"89F9E725F908B7AB740CAEFC1444ED71B1352681","hunter\sdf\pc\data\sdf-B-1528.sdfdata",35777246,35777246,33329725,6
"89F9E725F908B7AB740CAEFC1444ED71B1352681","hunter\sdf\pc\data\sdf-B-1529.sdfdata",35399222,35399222,33180722,6
"89F9E725F908B7AB740CAEFC1444ED71B1352681","hunter\sdf\pc\data\sdf-B-1530.sdfdata",35783981,35783981,33476198,6
"89F9E725F908B7AB740CAEFC1444ED71B1352681","hunter\sdf\pc\data\sdf-B-1531.sdfdata",34191962,34191962,32074424,6
"89F9E725F908B7AB740CAEFC1444ED71B1352681","hunter\sdf\pc\data\sdf-B-1532.sdfdata",36368313,36368313,34085080,6
"89F9E725F908B7AB740CAEFC1444ED71B1352681","hunter\sdf\pc\data\sdf-B-1533.sdfdata",36426015,36426015,34303190,6
"89F9E725F908B7AB740CAEFC1444ED71B1352681","hunter\sdf\pc\data\sdf-B-1534.sdfdata",36111059,36111059,33771769,6
"89F9E725F908B7AB740CAEFC1444ED71B1352681","hunter\sdf\pc\data\sdf-B-1535.sdfdata",27644161,27644161,25159565,6
"89F9E725F908B7AB740CAEFC1444ED71B1352681","hunter\sdf\pc\data\sdf-B-1536.sdfdata",36654798,36654798,35297861,6
"89F9E725F908B7AB740CAEFC1444ED71B1352681","hunter\sdf\pc\data\sdf-B-1537.sdfdata",36254308,36254308,33373391,6
"89F9E725F908B7AB740CAEFC1444ED71B1352681","hunter\sdf\pc\data\sdf-B-1538.sdfdata",36133377,36133377,34103532,6
"89F9E725F908B7AB740CAEFC1444ED71B1352681","hunter\sdf\pc\data\sdf-B-1539.sdfdata",38438562,38438562,35172413,6
"89F9E725F908B7AB740CAEFC1444ED71B1352681","hunter\sdf\pc\data\sdf-B-1540.sdfdata",37262106,37262106,35069265,6
"89F9E725F908B7AB740CAEFC1444ED71B1352681","hunter\sdf\pc\data\sdf-B-1541.sdfdata",36611910,36611910,34476973,6
"89F9E725F908B7AB740CAEFC1444ED71B1352681","hunter\sdf\pc\data\sdf-B-1542.sdfdata",32154905,32154905,30073213,6
"89F9E725F908B7AB740CAEFC1444ED71B1352681","hunter\sdf\pc\data\sdf-B-1543.sdfdata",31274487,31274487,29764482,6
"89F9E725F908B7AB740CAEFC1444ED71B1352681","hunter\sdf\pc\data\sdf-B-1544.sdfdata",36466138,36466138,34454790,6
"89F9E725F908B7AB740CAEFC1444ED71B1352681","hunter\sdf\pc\data\sdf-B-1545.sdfdata",35296739,35296739,33060518,6
"89F9E725F908B7AB740CAEFC1444ED71B1352681","hunter\sdf\pc\data\sdf-B-1546.sdfdata",36415450,36415450,32864720,6
"89F9E725F908B7AB740CAEFC1444ED71B1352681","hunter\sdf\pc\data\sdf-B-1547.sdfdata",35728678,35728678,33505553,6
"89F9E725F908B7AB740CAEFC1444ED71B1352681","hunter\sdf\pc\data\sdf-B-1548.sdfdata",33707998,33707998,32209904,6
"89F9E725F908B7AB740CAEFC1444ED71B1352681","hunter\sdf\pc\data\sdf-B-1549.sdfdata",34858453,34858453,32644784,6
"89F9E725F908B7AB740CAEFC1444ED71B1352681","hunter\sdf\pc\data\sdf-B-1550.sdfdata",26229742,26229742,24767145,6
"89F9E725F908B7AB740CAEFC1444ED71B1352681","hunter\sdf\pc\data\sdf-B-1551.sdfdata",30982077,30982077,27606622,6
"89F9E725F908B7AB740CAEFC1444ED71B1352681","hunter\sdf\pc\data\sdf-B-1552.sdfdata",31424172,31424172,29548807,6
"89F9E725F908B7AB740CAEFC1444ED71B1352681","hunter\sdf\pc\data\sdf-B-1553.sdfdata",35928302,35928302,34021788,6
"89F9E725F908B7AB740CAEFC1444ED71B1352681","hunter\sdf\pc\data\sdf-B-1554.sdfdata",35488465,35488465,33526940,6
"89F9E725F908B7AB740CAEFC1444ED71B1352681","hunter\sdf\pc\data\sdf-B-1555.sdfdata",35756388,35756388,33919250,6
"89F9E725F908B7AB740CAEFC1444ED71B1352681","hunter\sdf\pc\data\sdf-B-1556.sdfdata",34295999,34295999,30567841,6
"89F9E725F908B7AB740CAEFC1444ED71B1352681","hunter\sdf\pc\data\sdf-B-1557.sdfdata",31176961,31176961,23575563,6
"89F9E725F908B7AB740CAEFC1444ED71B1352681","hunter\sdf\pc\data\sdf-B-1558.sdfdata",31320464,31320464,16235262,6
"89F9E725F908B7AB740CAEFC1444ED71B1352681","hunter\sdf\pc\data\sdf-B-1559.sdfdata",30686929,30686929,26236457,6
"89F9E725F908B7AB740CAEFC1444ED71B1352681","hunter\sdf\pc\data\sdf-B-1560.sdfdata",33542997,33542997,32300202,6
"89F9E725F908B7AB740CAEFC1444ED71B1352681","hunter\sdf\pc\data\sdf-B-1561.sdfdata",28834228,28834228,27347874,6
"89F9E725F908B7AB740CAEFC1444ED71B1352681","hunter\sdf\pc\data\sdf-B-1562.sdfdata",33388922,33388922,32214904,6
"89F9E725F908B7AB740CAEFC1444ED71B1352681","hunter\sdf\pc\data\sdf-B-1563.sdfdata",34592017,34592017,32613392,6
"89F9E725F908B7AB740CAEFC1444ED71B1352681","hunter\sdf\pc\data\sdf-B-1564.sdfdata",28841951,28841951,27127161,6
"89F9E725F908B7AB740CAEFC1444ED71B1352681","hunter\sdf\pc\data\sdf-B-1565.sdfdata",31718035,31718035,29746008,6
"89F9E725F908B7AB740CAEFC1444ED71B1352681","hunter\sdf\pc\data\sdf-B-1566.sdfdata",37264852,37264852,27395467,6
"89F9E725F908B7AB740CAEFC1444ED71B1352681","hunter\sdf\pc\data\sdf-B-1567.sdfdata",35180826,35180826,32965945,6
"89F9E725F908B7AB740CAEFC1444ED71B1352681","hunter\sdf\pc\data\sdf-B-1568.sdfdata",32441914,32441914,30450192,6
"89F9E725F908B7AB740CAEFC1444ED71B1352681","hunter\sdf\pc\data\sdf-B-1569.sdfdata",33514925,33514925,31593499,6
"89F9E725F908B7AB740CAEFC1444ED71B1352681","hunter\sdf\pc\data\sdf-B-1570.sdfdata",36428408,36428408,34719614,6
"89F9E725F908B7AB740CAEFC1444ED71B1352681","hunter\sdf\pc\data\sdf-B-1571.sdfdata",35628161,35628161,33883979,6
"89F9E725F908B7AB740CAEFC1444ED71B1352681","hunter\sdf\pc\data\sdf-B-1572.sdfdata",34652868,34652868,32990391,6
"89F9E725F908B7AB740CAEFC1444ED71B1352681","hunter\sdf\pc\data\sdf-B-1573.sdfdata",35713978,35713978,33781337,6
"89F9E725F908B7AB740CAEFC1444ED71B1352681","hunter\sdf\pc\data\sdf-B-1574.sdfdata",30740332,30740332,28959903,6
"89F9E725F908B7AB740CAEFC1444ED71B1352681","hunter\sdf\pc\data\sdf-B-1575.sdfdata",36024033,36024033,33991344,6
"89F9E725F908B7AB740CAEFC1444ED71B1352681","hunter\sdf\pc\data\sdf-B-1576.sdfdata",30218034,30218034,28597100,6
"89F9E725F908B7AB740CAEFC1444ED71B1352681","hunter\sdf\pc\data\sdf-B-1577.sdfdata",32493075,32493075,31359894,6
"89F9E725F908B7AB740CAEFC1444ED71B1352681","hunter\sdf\pc\data\sdf-B-1578.sdfdata",33737972,33737972,31838480,6
"89F9E725F908B7AB740CAEFC1444ED71B1352681","hunter\sdf\pc\data\sdf-B-1579.sdfdata",36148699,36148699,34562455,6
"89F9E725F908B7AB740CAEFC1444ED71B1352681","hunter\sdf\pc\data\sdf-B-1580.sdfdata",28614179,28614179,27348211,6
"89F9E725F908B7AB740CAEFC1444ED71B1352681","hunter\sdf\pc\data\sdf-B-1581.sdfdata",38380454,38380454,36591505,6
"89F9E725F908B7AB740CAEFC1444ED71B1352681","hunter\sdf\pc\data\sdf-B-1582.sdfdata",36121705,36121705,34632386,6
"89F9E725F908B7AB740CAEFC1444ED71B1352681","hunter\sdf\pc\data\sdf-B-1583.sdfdata",33386648,33386648,31568843,6
"89F9E725F908B7AB740CAEFC1444ED71B1352681","hunter\sdf\pc\data\sdf-B-1584.sdfdata",35097436,35097436,33328665,6
"89F9E725F908B7AB740CAEFC1444ED71B1352681","hunter\sdf\pc\data\sdf-B-1585.sdfdata",34805897,34805897,32823804,6
"89F9E725F908B7AB740CAEFC1444ED71B1352681","hunter\sdf\pc\data\sdf-B-1586.sdfdata",35252907,35252907,33836981,6
"89F9E725F908B7AB740CAEFC1444ED71B1352681","hunter\sdf\pc\data\sdf-B-1587.sdfdata",39776601,39776601,37882847,6
"89F9E725F908B7AB740CAEFC1444ED71B1352681","hunter\sdf\pc\data\sdf-B-1588.sdfdata",34678002,34678002,33161618,6
"89F9E725F908B7AB740CAEFC1444ED71B1352681","hunter\sdf\pc\data\sdf-B-1589.sdfdata",36835822,36835822,34347159,6
"89F9E725F908B7AB740CAEFC1444ED71B1352681","hunter\sdf\pc\data\sdf-B-1590.sdfdata",36884227,36884227,34743526,6
"89F9E725F908B7AB740CAEFC1444ED71B1352681","hunter\sdf\pc\data\sdf-B-1591.sdfdata",36435533,36435533,34559026,6
"89F9E725F908B7AB740CAEFC1444ED71B1352681","hunter\sdf\pc\data\sdf-B-1592.sdfdata",36227930,36227930,34473408,6
"89F9E725F908B7AB740CAEFC1444ED71B1352681","hunter\sdf\pc\data\sdf-B-1593.sdfdata",35003361,35003361,32998507,6
"89F9E725F908B7AB740CAEFC1444ED71B1352681","hunter\sdf\pc\data\sdf-B-1594.sdfdata",35123038,35123038,33345603,6
"89F9E725F908B7AB740CAEFC1444ED71B1352681","hunter\sdf\pc\data\sdf-B-1595.sdfdata",38112166,38112166,36084250,6
"89F9E725F908B7AB740CAEFC1444ED71B1352681","hunter\sdf\pc\data\sdf-B-1596.sdfdata",34867118,34867118,33216132,6
"89F9E725F908B7AB740CAEFC1444ED71B1352681","hunter\sdf\pc\data\sdf-B-1597.sdfdata",36169658,36169658,34497093,6
"89F9E725F908B7AB740CAEFC1444ED71B1352681","hunter\sdf\pc\data\sdf-B-1598.sdfdata",35962486,35962486,33779532,6
"89F9E725F908B7AB740CAEFC1444ED71B1352681","hunter\sdf\pc\data\sdf-B-1599.sdfdata",40124037,40124037,37700214,6
"89F9E725F908B7AB740CAEFC1444ED71B1352681","hunter\sdf\pc\data\sdf-B-1600.sdfdata",36086035,36086035,34270394,6
"89F9E725F908B7AB740CAEFC1444ED71B1352681","hunter\sdf\pc\data\sdf-B-1601.sdfdata",35679319,35679319,34235536,6
"89F9E725F908B7AB740CAEFC1444ED71B1352681","hunter\sdf\pc\data\sdf-B-1602.sdfdata",35936940,35936940,34268169,6
"89F9E725F908B7AB740CAEFC1444ED71B1352681","hunter\sdf\pc\data\sdf-B-1603.sdfdata",32374880,32374880,31031397,6
"89F9E725F908B7AB740CAEFC1444ED71B1352681","hunter\sdf\pc\data\sdf-B-1604.sdfdata",37716852,37716852,35948326,6
"89F9E725F908B7AB740CAEFC1444ED71B1352681","hunter\sdf\pc\data\sdf-B-1605.sdfdata",36268122,36268122,34420381,6
"89F9E725F908B7AB740CAEFC1444ED71B1352681","hunter\sdf\pc\data\sdf-B-1606.sdfdata",35358637,35358637,33762057,6
"89F9E725F908B7AB740CAEFC1444ED71B1352681","hunter\sdf\pc\data\sdf-B-1607.sdfdata",35227222,35227222,33333800,6
"89F9E725F908B7AB740CAEFC1444ED71B1352681","hunter\sdf\pc\data\sdf-B-1608.sdfdata",35885038,35885038,33916185,6
"89F9E725F908B7AB740CAEFC1444ED71B1352681","hunter\sdf\pc\data\sdf-B-1609.sdfdata",32663221,32663221,31048796,6
"89F9E725F908B7AB740CAEFC1444ED71B1352681","hunter\sdf\pc\data\sdf-B-1610.sdfdata",36684054,36684054,35012060,6
"89F9E725F908B7AB740CAEFC1444ED71B1352681","hunter\sdf\pc\data\sdf-B-1611.sdfdata",34592271,34592271,32886237,6
"89F9E725F908B7AB740CAEFC1444ED71B1352681","hunter\sdf\pc\data\sdf-B-1612.sdfdata",37441564,37441564,35485408,6
"89F9E725F908B7AB740CAEFC1444ED71B1352681","hunter\sdf\pc\data\sdf-B-1613.sdfdata",33854740,33854740,32335114,6
"89F9E725F908B7AB740CAEFC1444ED71B1352681","hunter\sdf\pc\data\sdf-B-1614.sdfdata",36606931,36606931,34520813,6
"89F9E725F908B7AB740CAEFC1444ED71B1352681","hunter\sdf\pc\data\sdf-B-1615.sdfdata",35442518,35442518,33580960,6
"89F9E725F908B7AB740CAEFC1444ED71B1352681","hunter\sdf\pc\data\sdf-B-1616.sdfdata",34240250,34240250,32733371,6
"89F9E725F908B7AB740CAEFC1444ED71B1352681","hunter\sdf\pc\data\sdf-B-1617.sdfdata",35282622,35282622,33640420,6
"89F9E725F908B7AB740CAEFC1444ED71B1352681","hunter\sdf\pc\data\sdf-B-1618.sdfdata",36088569,36088569,33890830,6
"89F9E725F908B7AB740CAEFC1444ED71B1352681","hunter\sdf\pc\data\sdf-B-1619.sdfdata",35576251,35576251,33612775,6
"89F9E725F908B7AB740CAEFC1444ED71B1352681","hunter\sdf\pc\data\sdf-B-1620.sdfdata",41757740,41757740,38737116,6
"89F9E725F908B7AB740CAEFC1444ED71B1352681","hunter\sdf\pc\data\sdf-B-1621.sdfdata",29192641,29192641,27662996,6
"89F9E725F908B7AB740CAEFC1444ED71B1352681","hunter\sdf\pc\data\sdf-B-1622.sdfdata",32547425,32547425,30724386,6
"89F9E725F908B7AB740CAEFC1444ED71B1352681","hunter\sdf\pc\data\sdf-B-1623.sdfdata",35342721,35342721,33836154,6
"89F9E725F908B7AB740CAEFC1444ED71B1352681","hunter\sdf\pc\data\sdf-B-1624.sdfdata",33757317,33757317,31793756,6
"89F9E725F908B7AB740CAEFC1444ED71B1352681","hunter\sdf\pc\data\sdf-B-1625.sdfdata",31119283,31119283,29934336,6
"89F9E725F908B7AB740CAEFC1444ED71B1352681","hunter\sdf\pc\data\sdf-B-1626.sdfdata",38012606,38012606,35540824,6
"89F9E725F908B7AB740CAEFC1444ED71B1352681","hunter\sdf\pc\data\sdf-B-1627.sdfdata",33769211,33769211,31909912,6
"89F9E725F908B7AB740CAEFC1444ED71B1352681","hunter\sdf\pc\data\sdf-B-1628.sdfdata",28220985,28220985,26754136,6
"89F9E725F908B7AB740CAEFC1444ED71B1352681","hunter\sdf\pc\data\sdf-B-1629.sdfdata",27995305,27995305,26074788,6
"89F9E725F908B7AB740CAEFC1444ED71B1352681","hunter\sdf\pc\data\sdf-B-1630.sdfdata",33990906,33990906,32274547,6
"89F9E725F908B7AB740CAEFC1444ED71B1352681","hunter\sdf\pc\data\sdf-B-1631.sdfdata",32749302,32749302,30981356,6
"89F9E725F908B7AB740CAEFC1444ED71B1352681","hunter\sdf\pc\data\sdf-B-1632.sdfdata",28652109,28652109,26758859,6
"89F9E725F908B7AB740CAEFC1444ED71B1352681","hunter\sdf\pc\data\sdf-B-1633.sdfdata",33404741,33404741,32377754,6
"89F9E725F908B7AB740CAEFC1444ED71B1352681","hunter\sdf\pc\data\sdf-B-1634.sdfdata",33020269,33020269,28360385,6
"89F9E725F908B7AB740CAEFC1444ED71B1352681","hunter\sdf\pc\data\sdf-B-1635.sdfdata",30273866,30273866,26249339,6
"89F9E725F908B7AB740CAEFC1444ED71B1352681","hunter\sdf\pc\data\sdf-B-1636.sdfdata",28149570,28149570,26328651,6
"89F9E725F908B7AB740CAEFC1444ED71B1352681","hunter\sdf\pc\data\sdf-B-1637.sdfdata",29463382,29463382,26245706,6
"89F9E725F908B7AB740CAEFC1444ED71B1352681","hunter\sdf\pc\data\sdf-B-1638.sdfdata",28103466,28103466,25778287,6
"89F9E725F908B7AB740CAEFC1444ED71B1352681","hunter\sdf\pc\data\sdf-B-1639.sdfdata",27953340,27953340,21192721,6
"89F9E725F908B7AB740CAEFC1444ED71B1352681","hunter\sdf\pc\data\sdf-B-1640.sdfdata",27918769,27918769,21143508,6
"89F9E725F908B7AB740CAEFC1444ED71B1352681","hunter\sdf\pc\data\sdf-B-1641.sdfdata",33626202,33626202,32548678,6
"89F9E725F908B7AB740CAEFC1444ED71B1352681","hunter\sdf\pc\data\sdf-B-1642.sdfdata",29998585,29998585,27084030,6
"89F9E725F908B7AB740CAEFC1444ED71B1352681","hunter\sdf\pc\data\sdf-B-1643.sdfdata",32898983,32898983,30896577,6
"89F9E725F908B7AB740CAEFC1444ED71B1352681","hunter\sdf\pc\data\sdf-B-1644.sdfdata",30531692,30531692,29072570,6
"89F9E725F908B7AB740CAEFC1444ED71B1352681","hunter\sdf\pc\data\sdf-B-1645.sdfdata",32153313,32153313,31041099,6
"89F9E725F908B7AB740CAEFC1444ED71B1352681","hunter\sdf\pc\data\sdf-B-1646.sdfdata",28430011,28430011,27494429,6
"89F9E725F908B7AB740CAEFC1444ED71B1352681","hunter\sdf\pc\data\sdf-B-1647.sdfdata",42952717,42952717,42771493,6
"89F9E725F908B7AB740CAEFC1444ED71B1352681","hunter\sdf\pc\data\sdf-B-1648.sdfdata",70111633,70111633,69147092,6
"89F9E725F908B7AB740CAEFC1444ED71B1352681","hunter\sdf\pc\data\sdf-B-1649.sdfdata",62941729,62941729,62108823,6
"89F9E725F908B7AB740CAEFC1444ED71B1352681","hunter\sdf\pc\data\sdf-B-1650.sdfdata",33984774,33984774,33337723,6
"89F9E725F908B7AB740CAEFC1444ED71B1352681","hunter\sdf\pc\data\sdf-B-1651.sdfdata",33851573,33851573,31706724,6
"89F9E725F908B7AB740CAEFC1444ED71B1352681","hunter\sdf\pc\data\sdf-B-1652.sdfdata",29625636,29625636,26135335,6
"89F9E725F908B7AB740CAEFC1444ED71B1352681","hunter\sdf\pc\data\sdf-B-1653.sdfdata",33476204,33476204,29637822,6
"89F9E725F908B7AB740CAEFC1444ED71B1352681","hunter\sdf\pc\data\sdf-B-1654.sdfdata",26710679,26710679,24619693,6
"89F9E725F908B7AB740CAEFC1444ED71B1352681","hunter\sdf\pc\data\sdf-B-1655.sdfdata",31701030,31701030,29438046,6
"89F9E725F908B7AB740CAEFC1444ED71B1352681","hunter\sdf\pc\data\sdf-B-1656.sdfdata",28178335,28178335,25309618,6
"89F9E725F908B7AB740CAEFC1444ED71B1352681","hunter\sdf\pc\data\sdf-B-1657.sdfdata",33578713,33578713,32156781,6
"89F9E725F908B7AB740CAEFC1444ED71B1352681","hunter\sdf\pc\data\sdf-B-1658.sdfdata",41666937,41666937,38451160,6
"89F9E725F908B7AB740CAEFC1444ED71B1352681","hunter\sdf\pc\data\sdf-B-1659.sdfdata",31864945,31864945,30149584,6
"89F9E725F908B7AB740CAEFC1444ED71B1352681","hunter\sdf\pc\data\sdf-B-1660.sdfdata",37545598,37545598,33580738,6
"89F9E725F908B7AB740CAEFC1444ED71B1352681","hunter\sdf\pc\data\sdf-B-1661.sdfdata",33582263,33582263,28705789,6
"89F9E725F908B7AB740CAEFC1444ED71B1352681","hunter\sdf\pc\data\sdf-B-1662.sdfdata",33764181,33764181,32008108,6
"89F9E725F908B7AB740CAEFC1444ED71B1352681","hunter\sdf\pc\data\sdf-B-1663.sdfdata",31019414,31019414,26053570,6
"89F9E725F908B7AB740CAEFC1444ED71B1352681","hunter\sdf\pc\data\sdf-B-1664.sdfdata",27791907,27791907,25665872,6
"89F9E725F908B7AB740CAEFC1444ED71B1352681","hunter\sdf\pc\data\sdf-B-1665.sdfdata",32556579,32556579,30528444,6
"89F9E725F908B7AB740CAEFC1444ED71B1352681","hunter\sdf\pc\data\sdf-B-1666.sdfdata",31655218,31655218,28547107,6
"89F9E725F908B7AB740CAEFC1444ED71B1352681","hunter\sdf\pc\data\sdf-B-1667.sdfdata",26190660,26190660,24591882,6
"89F9E725F908B7AB740CAEFC1444ED71B1352681","hunter\sdf\pc\data\sdf-B-1668.sdfdata",32231833,32231833,30488299,6
"89F9E725F908B7AB740CAEFC1444ED71B1352681","hunter\sdf\pc\data\sdf-B-1669.sdfdata",31446800,31446800,29953498,6
"89F9E725F908B7AB740CAEFC1444ED71B1352681","hunter\sdf\pc\data\sdf-B-1670.sdfdata",46381914,46381914,45220810,6
"89F9E725F908B7AB740CAEFC1444ED71B1352681","hunter\sdf\pc\data\sdf-B-1671.sdfdata",30035449,30035449,29440352,6
"89F9E725F908B7AB740CAEFC1444ED71B1352681","hunter\sdf\pc\data\sdf-B-1672.sdfdata",33886845,33886845,30495303,6
"89F9E725F908B7AB740CAEFC1444ED71B1352681","hunter\sdf\pc\data\sdf-B-1673.sdfdata",33027382,33027382,30595961,6
"89F9E725F908B7AB740CAEFC1444ED71B1352681","hunter\sdf\pc\data\sdf-B-1674.sdfdata",28998340,28998340,26014630,6
"89F9E725F908B7AB740CAEFC1444ED71B1352681","hunter\sdf\pc\data\sdf-B-1675.sdfdata",29530573,29530573,27098121,6
"89F9E725F908B7AB740CAEFC1444ED71B1352681","hunter\sdf\pc\data\sdf-B-1676.sdfdata",24127579,24127579,22065333,6
"89F9E725F908B7AB740CAEFC1444ED71B1352681","hunter\sdf\pc\data\sdf-B-1677.sdfdata",29842438,29842438,25757426,6
"89F9E725F908B7AB740CAEFC1444ED71B1352681","hunter\sdf\pc\data\sdf-B-1678.sdfdata",28167386,28167386,26740164,6
"89F9E725F908B7AB740CAEFC1444ED71B1352681","hunter\sdf\pc\data\sdf-B-1679.sdfdata",33899032,33899032,31838786,6
"89F9E725F908B7AB740CAEFC1444ED71B1352681","hunter\sdf\pc\data\sdf-B-1680.sdfdata",30307605,30307605,26676755,6
"89F9E725F908B7AB740CAEFC1444ED71B1352681","hunter\sdf\pc\data\sdf-B-1681.sdfdata",32919263,32919263,31062665,6
"89F9E725F908B7AB740CAEFC1444ED71B1352681","hunter\sdf\pc\data\sdf-B-1682.sdfdata",30968484,30968484,29303857,6
"89F9E725F908B7AB740CAEFC1444ED71B1352681","hunter\sdf\pc\data\sdf-B-1683.sdfdata",32330055,32330055,30496386,6
"89F9E725F908B7AB740CAEFC1444ED71B1352681","hunter\sdf\pc\data\sdf-B-1684.sdfdata",24028796,24028796,22035915,6
"89F9E725F908B7AB740CAEFC1444ED71B1352681","hunter\sdf\pc\data\sdf-B-1685.sdfdata",23909753,23909753,21827897,6
"89F9E725F908B7AB740CAEFC1444ED71B1352681","hunter\sdf\pc\data\sdf-B-1686.sdfdata",32845526,32845526,31025137,6
"89F9E725F908B7AB740CAEFC1444ED71B1352681","hunter\sdf\pc\data\sdf-B-1687.sdfdata",34089717,34089717,31551322,6
"89F9E725F908B7AB740CAEFC1444ED71B1352681","hunter\sdf\pc\data\sdf-B-1688.sdfdata",31658297,31658297,28323602,6
"89F9E725F908B7AB740CAEFC1444ED71B1352681","hunter\sdf\pc\data\sdf-B-1689.sdfdata",34520496,34520496,32492228,6
"89F9E725F908B7AB740CAEFC1444ED71B1352681","hunter\sdf\pc\data\sdf-B-1690.sdfdata",27658069,27658069,26108829,6
"89F9E725F908B7AB740CAEFC1444ED71B1352681","hunter\sdf\pc\data\sdf-B-1691.sdfdata",33652969,33652969,31553688,6
"89F9E725F908B7AB740CAEFC1444ED71B1352681","hunter\sdf\pc\data\sdf-B-1692.sdfdata",33293800,33293800,31817697,6
"89F9E725F908B7AB740CAEFC1444ED71B1352681","hunter\sdf\pc\data\sdf-B-1693.sdfdata",31135442,31135442,29878291,6
"89F9E725F908B7AB740CAEFC1444ED71B1352681","hunter\sdf\pc\data\sdf-B-1694.sdfdata",31005044,31005044,29252024,6
"89F9E725F908B7AB740CAEFC1444ED71B1352681","hunter\sdf\pc\data\sdf-B-1695.sdfdata",32565374,32565374,30733344,6
"89F9E725F908B7AB740CAEFC1444ED71B1352681","hunter\sdf\pc\data\sdf-B-1696.sdfdata",29710427,29710427,27027878,6
"89F9E725F908B7AB740CAEFC1444ED71B1352681","hunter\sdf\pc\data\sdf-B-1697.sdfdata",30173589,30173589,28142161,6
"89F9E725F908B7AB740CAEFC1444ED71B1352681","hunter\sdf\pc\data\sdf-B-1698.sdfdata",32039652,32039652,30341757,6
"89F9E725F908B7AB740CAEFC1444ED71B1352681","hunter\sdf\pc\data\sdf-B-1699.sdfdata",28386957,28386957,27202859,6
"89F9E725F908B7AB740CAEFC1444ED71B1352681","hunter\sdf\pc\data\sdf-B-1700.sdfdata",33509326,33509326,31541334,6
"89F9E725F908B7AB740CAEFC1444ED71B1352681","hunter\sdf\pc\data\sdf-B-1701.sdfdata",34489853,34489853,32896468,6
"89F9E725F908B7AB740CAEFC1444ED71B1352681","hunter\sdf\pc\data\sdf-B-1702.sdfdata",31936310,31936310,27850737,6
"89F9E725F908B7AB740CAEFC1444ED71B1352681","hunter\sdf\pc\data\sdf-B-1703.sdfdata",33498389,33498389,31198177,6
"89F9E725F908B7AB740CAEFC1444ED71B1352681","hunter\sdf\pc\data\sdf-B-1704.sdfdata",29634602,29634602,28008661,6
"89F9E725F908B7AB740CAEFC1444ED71B1352681","hunter\sdf\pc\data\sdf-B-1705.sdfdata",33436666,33436666,30937940,6
"89F9E725F908B7AB740CAEFC1444ED71B1352681","hunter\sdf\pc\data\sdf-B-1706.sdfdata",35212603,35212603,33881299,6
"89F9E725F908B7AB740CAEFC1444ED71B1352681","hunter\sdf\pc\data\sdf-B-1707.sdfdata",32750276,32750276,29323890,6
"89F9E725F908B7AB740CAEFC1444ED71B1352681","hunter\sdf\pc\data\sdf-B-1708.sdfdata",30767134,30767134,29569565,6
"89F9E725F908B7AB740CAEFC1444ED71B1352681","hunter\sdf\pc\data\sdf-B-1709.sdfdata",28944334,28944334,26063201,6
"89F9E725F908B7AB740CAEFC1444ED71B1352681","hunter\sdf\pc\data\sdf-B-1710.sdfdata",47572112,47572112,45077899,6
"89F9E725F908B7AB740CAEFC1444ED71B1352681","hunter\sdf\pc\data\sdf-B-1711.sdfdata",35423291,35423291,32677321,6
"89F9E725F908B7AB740CAEFC1444ED71B1352681","hunter\sdf\pc\data\sdf-B-1712.sdfdata",29489870,29489870,27294581,6
"89F9E725F908B7AB740CAEFC1444ED71B1352681","hunter\sdf\pc\data\sdf-B-1713.sdfdata",28362669,28362669,26713702,6
"89F9E725F908B7AB740CAEFC1444ED71B1352681","hunter\sdf\pc\data\sdf-B-1714.sdfdata",37764904,37764904,33992143,6
"89F9E725F908B7AB740CAEFC1444ED71B1352681","hunter\sdf\pc\data\sdf-B-1715.sdfdata",27963325,27963325,25087898,6
"89F9E725F908B7AB740CAEFC1444ED71B1352681","hunter\sdf\pc\data\sdf-B-1716.sdfdata",27453297,27453297,26090262,6
"89F9E725F908B7AB740CAEFC1444ED71B1352681","hunter\sdf\pc\data\sdf-B-1717.sdfdata",31425019,31425019,29819077,6
"89F9E725F908B7AB740CAEFC1444ED71B1352681","hunter\sdf\pc\data\sdf-B-1718.sdfdata",29719619,29719619,27349048,6
"89F9E725F908B7AB740CAEFC1444ED71B1352681","hunter\sdf\pc\data\sdf-B-1719.sdfdata",33105318,33105318,28194462,6
"89F9E725F908B7AB740CAEFC1444ED71B1352681","hunter\sdf\pc\data\sdf-B-1720.sdfdata",29825050,29825050,27015533,6
"89F9E725F908B7AB740CAEFC1444ED71B1352681","hunter\sdf\pc\data\sdf-B-1721.sdfdata",31666194,31666194,30447780,6
"89F9E725F908B7AB740CAEFC1444ED71B1352681","hunter\sdf\pc\data\sdf-B-1722.sdfdata",31844584,31844584,29485816,6
"89F9E725F908B7AB740CAEFC1444ED71B1352681","hunter\sdf\pc\data\sdf-B-1723.sdfdata",33687580,33687580,32601022,6
"89F9E725F908B7AB740CAEFC1444ED71B1352681","hunter\sdf\pc\data\sdf-B-1724.sdfdata",33936949,33936949,33536119,6
"89F9E725F908B7AB740CAEFC1444ED71B1352681","hunter\sdf\pc\data\sdf-B-1725.sdfdata",33780776,33780776,32416645,6
"89F9E725F908B7AB740CAEFC1444ED71B1352681","hunter\sdf\pc\data\sdf-B-1726.sdfdata",32338061,32338061,28484561,6
"89F9E725F908B7AB740CAEFC1444ED71B1352681","hunter\sdf\pc\data\sdf-B-1727.sdfdata",32165631,32165631,29521269,6
"89F9E725F908B7AB740CAEFC1444ED71B1352681","hunter\sdf\pc\data\sdf-B-1728.sdfdata",34047561,34047561,30441780,6
"89F9E725F908B7AB740CAEFC1444ED71B1352681","hunter\sdf\pc\data\sdf-B-1729.sdfdata",30986470,30986470,26568791,6
"89F9E725F908B7AB740CAEFC1444ED71B1352681","hunter\sdf\pc\data\sdf-B-1730.sdfdata",33468323,33468323,30972576,6
"89F9E725F908B7AB740CAEFC1444ED71B1352681","hunter\sdf\pc\data\sdf-B-1731.sdfdata",31135825,31135825,27201818,6
"89F9E725F908B7AB740CAEFC1444ED71B1352681","hunter\sdf\pc\data\sdf-B-1732.sdfdata",31855106,31855106,28643408,6
"89F9E725F908B7AB740CAEFC1444ED71B1352681","hunter\sdf\pc\data\sdf-B-1733.sdfdata",33122766,33122766,30904553,6
"89F9E725F908B7AB740CAEFC1444ED71B1352681","hunter\sdf\pc\data\sdf-B-1734.sdfdata",32094745,32094745,30337731,6
"89F9E725F908B7AB740CAEFC1444ED71B1352681","hunter\sdf\pc\data\sdf-B-1735.sdfdata",33262419,33262419,31643886,6
"89F9E725F908B7AB740CAEFC1444ED71B1352681","hunter\sdf\pc\data\sdf-B-1736.sdfdata",33536373,33536373,33018024,6
"89F9E725F908B7AB740CAEFC1444ED71B1352681","hunter\sdf\pc\data\sdf-B-1737.sdfdata",33558340,33558340,31885581,6
"89F9E725F908B7AB740CAEFC1444ED71B1352681","hunter\sdf\pc\data\sdf-B-1738.sdfdata",35057728,35057728,33742805,6
"89F9E725F908B7AB740CAEFC1444ED71B1352681","hunter\sdf\pc\data\sdf-B-1739.sdfdata",33028339,33028339,31706890,6
"89F9E725F908B7AB740CAEFC1444ED71B1352681","hunter\sdf\pc\data\sdf-B-1740.sdfdata",33117488,33117488,31725430,6
"89F9E725F908B7AB740CAEFC1444ED71B1352681","hunter\sdf\pc\data\sdf-B-1741.sdfdata",35354136,35354136,32921317,6
"89F9E725F908B7AB740CAEFC1444ED71B1352681","hunter\sdf\pc\data\sdf-B-1742.sdfdata",33403968,33403968,31153624,6
"89F9E725F908B7AB740CAEFC1444ED71B1352681","hunter\sdf\pc\data\sdf-B-1743.sdfdata",34570295,34570295,32460179,6
"89F9E725F908B7AB740CAEFC1444ED71B1352681","hunter\sdf\pc\data\sdf-B-1744.sdfdata",38069577,38069577,35736995,6
"89F9E725F908B7AB740CAEFC1444ED71B1352681","hunter\sdf\pc\data\sdf-B-1745.sdfdata",28012334,28012334,26393973,6
"89F9E725F908B7AB740CAEFC1444ED71B1352681","hunter\sdf\pc\data\sdf-B-1746.sdfdata",33550686,33550686,32443583,6
"89F9E725F908B7AB740CAEFC1444ED71B1352681","hunter\sdf\pc\data\sdf-B-1747.sdfdata",26218999,26218999,24458101,6
"89F9E725F908B7AB740CAEFC1444ED71B1352681","hunter\sdf\pc\data\sdf-B-1748.sdfdata",30069532,30069532,28898262,6
"89F9E725F908B7AB740CAEFC1444ED71B1352681","hunter\sdf\pc\data\sdf-B-1749.sdfdata",34207642,34207642,33813570,6
"89F9E725F908B7AB740CAEFC1444ED71B1352681","hunter\sdf\pc\data\sdf-B-1750.sdfdata",33552022,33552022,31617674,6
"89F9E725F908B7AB740CAEFC1444ED71B1352681","hunter\sdf\pc\data\sdf-B-1751.sdfdata",34495151,34495151,32397279,6
"89F9E725F908B7AB740CAEFC1444ED71B1352681","hunter\sdf\pc\data\sdf-B-1752.sdfdata",31975341,31975341,30767305,6
"89F9E725F908B7AB740CAEFC1444ED71B1352681","hunter\sdf\pc\data\sdf-B-1753.sdfdata",33188301,33188301,31565588,6
"89F9E725F908B7AB740CAEFC1444ED71B1352681","hunter\sdf\pc\data\sdf-B-1754.sdfdata",29490485,29490485,27889287,6
"89F9E725F908B7AB740CAEFC1444ED71B1352681","hunter\sdf\pc\data\sdf-B-1755.sdfdata",33532138,33532138,32144451,6
"89F9E725F908B7AB740CAEFC1444ED71B1352681","hunter\sdf\pc\data\sdf-B-1756.sdfdata",32916707,32916707,31237420,6
"89F9E725F908B7AB740CAEFC1444ED71B1352681","hunter\sdf\pc\data\sdf-B-1757.sdfdata",31734250,31734250,26088303,6
"89F9E725F908B7AB740CAEFC1444ED71B1352681","hunter\sdf\pc\data\sdf-B-1758.sdfdata",29372720,29372720,26586336,6
"89F9E725F908B7AB740CAEFC1444ED71B1352681","hunter\sdf\pc\data\sdf-B-1759.sdfdata",35268599,35268599,31070499,6
"89F9E725F908B7AB740CAEFC1444ED71B1352681","hunter\sdf\pc\data\sdf-B-1760.sdfdata",28252764,28252764,25419040,6
"89F9E725F908B7AB740CAEFC1444ED71B1352681","hunter\sdf\pc\data\sdf-B-1761.sdfdata",40265759,40265759,37458183,6
"89F9E725F908B7AB740CAEFC1444ED71B1352681","hunter\sdf\pc\data\sdf-B-1762.sdfdata",28427020,28427020,24676174,6
"89F9E725F908B7AB740CAEFC1444ED71B1352681","hunter\sdf\pc\data\sdf-B-1763.sdfdata",27658912,27658912,23498435,6
"89F9E725F908B7AB740CAEFC1444ED71B1352681","hunter\sdf\pc\data\sdf-B-1764.sdfdata",33403986,33403986,31331800,6
"89F9E725F908B7AB740CAEFC1444ED71B1352681","hunter\sdf\pc\data\sdf-B-1765.sdfdata",27380588,27380588,24743027,6
"89F9E725F908B7AB740CAEFC1444ED71B1352681","hunter\sdf\pc\data\sdf-B-1766.sdfdata",34238675,34238675,32378034,6
"89F9E725F908B7AB740CAEFC1444ED71B1352681","hunter\sdf\pc\data\sdf-B-1767.sdfdata",33766239,33766239,32686835,6
"89F9E725F908B7AB740CAEFC1444ED71B1352681","hunter\sdf\pc\data\sdf-B-1768.sdfdata",29826127,29826127,28055960,6
"89F9E725F908B7AB740CAEFC1444ED71B1352681","hunter\sdf\pc\data\sdf-B-1769.sdfdata",28747205,28747205,26178487,6
"89F9E725F908B7AB740CAEFC1444ED71B1352681","hunter\sdf\pc\data\sdf-B-1770.sdfdata",32736952,32736952,31423040,6
"89F9E725F908B7AB740CAEFC1444ED71B1352681","hunter\sdf\pc\data\sdf-B-1771.sdfdata",33641230,33641230,32456418,6
"89F9E725F908B7AB740CAEFC1444ED71B1352681","hunter\sdf\pc\data\sdf-B-1772.sdfdata",30407938,30407938,28942166,6
"89F9E725F908B7AB740CAEFC1444ED71B1352681","hunter\sdf\pc\data\sdf-B-1773.sdfdata",32360596,32360596,30428156,6
"89F9E725F908B7AB740CAEFC1444ED71B1352681","hunter\sdf\pc\data\sdf-B-1774.sdfdata",32813351,32813351,29870522,6
"89F9E725F908B7AB740CAEFC1444ED71B1352681","hunter\sdf\pc\data\sdf-B-1775.sdfdata",30032891,30032891,27096862,6
"89F9E725F908B7AB740CAEFC1444ED71B1352681","hunter\sdf\pc\data\sdf-B-1776.sdfdata",32878369,32878369,31249230,6
"89F9E725F908B7AB740CAEFC1444ED71B1352681","hunter\sdf\pc\data\sdf-B-1777.sdfdata",29241480,29241480,27491716,6
"89F9E725F908B7AB740CAEFC1444ED71B1352681","hunter\sdf\pc\data\sdf-B-1778.sdfdata",31297986,31297986,29019216,6
"89F9E725F908B7AB740CAEFC1444ED71B1352681","hunter\sdf\pc\data\sdf-B-1779.sdfdata",31177460,31177460,29528264,6
"89F9E725F908B7AB740CAEFC1444ED71B1352681","hunter\sdf\pc\data\sdf-B-1780.sdfdata",30861621,30861621,26749849,6
"89F9E725F908B7AB740CAEFC1444ED71B1352681","hunter\sdf\pc\data\sdf-B-1781.sdfdata",32248334,32248334,31007563,6
"89F9E725F908B7AB740CAEFC1444ED71B1352681","hunter\sdf\pc\data\sdf-B-1782.sdfdata",36559634,36559634,35970890,6
"89F9E725F908B7AB740CAEFC1444ED71B1352681","hunter\sdf\pc\data\sdf-B-1783.sdfdata",44184460,44184460,43626819,6
"89F9E725F908B7AB740CAEFC1444ED71B1352681","hunter\sdf\pc\data\sdf-B-1784.sdfdata",35350039,35350039,34622759,6
"89F9E725F908B7AB740CAEFC1444ED71B1352681","hunter\sdf\pc\data\sdf-B-1785.sdfdata",36727665,36727665,35083613,6
"89F9E725F908B7AB740CAEFC1444ED71B1352681","hunter\sdf\pc\data\sdf-B-1786.sdfdata",32972893,32972893,29750620,6
"89F9E725F908B7AB740CAEFC1444ED71B1352681","hunter\sdf\pc\data\sdf-B-1787.sdfdata",28910552,28910552,24969481,6
"89F9E725F908B7AB740CAEFC1444ED71B1352681","hunter\sdf\pc\data\sdf-B-1788.sdfdata",32352047,32352047,29987639,6
"89F9E725F908B7AB740CAEFC1444ED71B1352681","hunter\sdf\pc\data\sdf-B-1789.sdfdata",33015225,33015225,30306124,6
"89F9E725F908B7AB740CAEFC1444ED71B1352681","hunter\sdf\pc\data\sdf-B-1790.sdfdata",33478905,33478905,31511111,6
"89F9E725F908B7AB740CAEFC1444ED71B1352681","hunter\sdf\pc\data\sdf-B-1791.sdfdata",31839584,31839584,28667096,6
"89F9E725F908B7AB740CAEFC1444ED71B1352681","hunter\sdf\pc\data\sdf-B-1792.sdfdata",29146174,29146174,27607192,6
"89F9E725F908B7AB740CAEFC1444ED71B1352681","hunter\sdf\pc\data\sdf-B-1793.sdfdata",29101488,29101488,27182423,6
"89F9E725F908B7AB740CAEFC1444ED71B1352681","hunter\sdf\pc\data\sdf-B-1794.sdfdata",29919949,29919949,27807400,6
"89F9E725F908B7AB740CAEFC1444ED71B1352681","hunter\sdf\pc\data\sdf-B-1795.sdfdata",32500099,32500099,31063816,6
"89F9E725F908B7AB740CAEFC1444ED71B1352681","hunter\sdf\pc\data\sdf-B-1796.sdfdata",28634226,28634226,26509596,6
"89F9E725F908B7AB740CAEFC1444ED71B1352681","hunter\sdf\pc\data\sdf-B-1797.sdfdata",32042052,32042052,29862729,6
"89F9E725F908B7AB740CAEFC1444ED71B1352681","hunter\sdf\pc\data\sdf-B-1798.sdfdata",29849252,29849252,28760076,6
"89F9E725F908B7AB740CAEFC1444ED71B1352681","hunter\sdf\pc\data\sdf-B-1799.sdfdata",34311132,34311132,33196208,6
"89F9E725F908B7AB740CAEFC1444ED71B1352681","hunter\sdf\pc\data\sdf-B-1800.sdfdata",28114605,28114605,26417065,6
"89F9E725F908B7AB740CAEFC1444ED71B1352681","hunter\sdf\pc\data\sdf-B-1801.sdfdata",40463816,40463816,38783843,6
"89F9E725F908B7AB740CAEFC1444ED71B1352681","hunter\sdf\pc\data\sdf-B-1802.sdfdata",34187208,34187208,32355148,6
"89F9E725F908B7AB740CAEFC1444ED71B1352681","hunter\sdf\pc\data\sdf-B-1803.sdfdata",33311357,33311357,32285704,6
"89F9E725F908B7AB740CAEFC1444ED71B1352681","hunter\sdf\pc\data\sdf-B-1804.sdfdata",27091434,27091434,25336482,6
"89F9E725F908B7AB740CAEFC1444ED71B1352681","hunter\sdf\pc\data\sdf-B-1805.sdfdata",29866477,29866477,27971749,6
"89F9E725F908B7AB740CAEFC1444ED71B1352681","hunter\sdf\pc\data\sdf-B-1806.sdfdata",32883581,32883581,31596283,6
"89F9E725F908B7AB740CAEFC1444ED71B1352681","hunter\sdf\pc\data\sdf-B-1807.sdfdata",37623505,37623505,35416465,6
"89F9E725F908B7AB740CAEFC1444ED71B1352681","hunter\sdf\pc\data\sdf-B-1808.sdfdata",27951238,27951238,26337685,6
"89F9E725F908B7AB740CAEFC1444ED71B1352681","hunter\sdf\pc\data\sdf-B-1809.sdfdata",29894336,29894336,26692503,6
"89F9E725F908B7AB740CAEFC1444ED71B1352681","hunter\sdf\pc\data\sdf-B-1810.sdfdata",30793907,30793907,27888099,6
"89F9E725F908B7AB740CAEFC1444ED71B1352681","hunter\sdf\pc\data\sdf-B-1811.sdfdata",34317595,34317595,32528128,6
"89F9E725F908B7AB740CAEFC1444ED71B1352681","hunter\sdf\pc\data\sdf-B-1812.sdfdata",36558839,36558839,34442463,6
"89F9E725F908B7AB740CAEFC1444ED71B1352681","hunter\sdf\pc\data\sdf-B-1813.sdfdata",29651237,29651237,28617014,6
"89F9E725F908B7AB740CAEFC1444ED71B1352681","hunter\sdf\pc\data\sdf-B-1814.sdfdata",33549800,33549800,32035284,6
"89F9E725F908B7AB740CAEFC1444ED71B1352681","hunter\sdf\pc\data\sdf-B-1815.sdfdata",30909694,30909694,28854310,6
"89F9E725F908B7AB740CAEFC1444ED71B1352681","hunter\sdf\pc\data\sdf-B-1816.sdfdata",33546342,33546342,31819687,6
"89F9E725F908B7AB740CAEFC1444ED71B1352681","hunter\sdf\pc\data\sdf-B-1817.sdfdata",33537562,33537562,31754662,6
"89F9E725F908B7AB740CAEFC1444ED71B1352681","hunter\sdf\pc\data\sdf-B-1818.sdfdata",37035748,37035748,35503115,6
"89F9E725F908B7AB740CAEFC1444ED71B1352681","hunter\sdf\pc\data\sdf-B-1819.sdfdata",30318752,30318752,28643357,6
"89F9E725F908B7AB740CAEFC1444ED71B1352681","hunter\sdf\pc\data\sdf-B-1820.sdfdata",33535638,33535638,32608064,6
"89F9E725F908B7AB740CAEFC1444ED71B1352681","hunter\sdf\pc\data\sdf-B-1821.sdfdata",33208228,33208228,31342180,6
"89F9E725F908B7AB740CAEFC1444ED71B1352681","hunter\sdf\pc\data\sdf-B-1822.sdfdata",28938874,28938874,25722880,6
"89F9E725F908B7AB740CAEFC1444ED71B1352681","hunter\sdf\pc\data\sdf-B-1823.sdfdata",31075277,31075277,28948038,6
"89F9E725F908B7AB740CAEFC1444ED71B1352681","hunter\sdf\pc\data\sdf-B-1824.sdfdata",34899450,34899450,31752930,6
"89F9E725F908B7AB740CAEFC1444ED71B1352681","hunter\sdf\pc\data\sdf-B-1825.sdfdata",31404010,31404010,28654349,6
"89F9E725F908B7AB740CAEFC1444ED71B1352681","hunter\sdf\pc\data\sdf-B-1826.sdfdata",32288317,32288317,29913162,6
"89F9E725F908B7AB740CAEFC1444ED71B1352681","hunter\sdf\pc\data\sdf-B-1827.sdfdata",28166877,28166877,27044311,6
"89F9E725F908B7AB740CAEFC1444ED71B1352681","hunter\sdf\pc\data\sdf-B-1828.sdfdata",30665985,30665985,29148153,6
"89F9E725F908B7AB740CAEFC1444ED71B1352681","hunter\sdf\pc\data\sdf-B-1829.sdfdata",35131879,35131879,31221870,6
"89F9E725F908B7AB740CAEFC1444ED71B1352681","hunter\sdf\pc\data\sdf-B-1830.sdfdata",33458051,33458051,32294851,6
"89F9E725F908B7AB740CAEFC1444ED71B1352681","hunter\sdf\pc\data\sdf-B-1831.sdfdata",33511812,33511812,31920243,6
"89F9E725F908B7AB740CAEFC1444ED71B1352681","hunter\sdf\pc\data\sdf-B-1832.sdfdata",29716779,29716779,27900786,6
"89F9E725F908B7AB740CAEFC1444ED71B1352681","hunter\sdf\pc\data\sdf-B-1833.sdfdata",33379390,33379390,31019209,6
"89F9E725F908B7AB740CAEFC1444ED71B1352681","hunter\sdf\pc\data\sdf-B-1834.sdfdata",34013604,34013604,31940552,6
"89F9E725F908B7AB740CAEFC1444ED71B1352681","hunter\sdf\pc\data\sdf-B-1835.sdfdata",31341776,31341776,29620619,6
"89F9E725F908B7AB740CAEFC1444ED71B1352681","hunter\sdf\pc\data\sdf-B-1836.sdfdata",33063529,33063529,31128135,6
"89F9E725F908B7AB740CAEFC1444ED71B1352681","hunter\sdf\pc\data\sdf-B-1837.sdfdata",26572890,26572890,25102321,6
"89F9E725F908B7AB740CAEFC1444ED71B1352681","hunter\sdf\pc\data\sdf-B-1838.sdfdata",34019983,34019983,31716544,6
"89F9E725F908B7AB740CAEFC1444ED71B1352681","hunter\sdf\pc\data\sdf-B-1839.sdfdata",28627054,28627054,26061494,6
"89F9E725F908B7AB740CAEFC1444ED71B1352681","hunter\sdf\pc\data\sdf-B-1840.sdfdata",32787303,32787303,30491089,6
"89F9E725F908B7AB740CAEFC1444ED71B1352681","hunter\sdf\pc\data\sdf-B-1841.sdfdata",31460958,31460958,28087769,6
"89F9E725F908B7AB740CAEFC1444ED71B1352681","hunter\sdf\pc\data\sdf-B-1842.sdfdata",32088989,32088989,30374490,6
"89F9E725F908B7AB740CAEFC1444ED71B1352681","hunter\sdf\pc\data\sdf-B-1843.sdfdata",32515518,32515518,30838007,6
"89F9E725F908B7AB740CAEFC1444ED71B1352681","hunter\sdf\pc\data\sdf-B-1844.sdfdata",27715205,27715205,26187579,6
"89F9E725F908B7AB740CAEFC1444ED71B1352681","hunter\sdf\pc\data\sdf-B-1845.sdfdata",33215900,33215900,31288332,6
"89F9E725F908B7AB740CAEFC1444ED71B1352681","hunter\sdf\pc\data\sdf-B-1846.sdfdata",31310181,31310181,29307869,6
"89F9E725F908B7AB740CAEFC1444ED71B1352681","hunter\sdf\pc\data\sdf-B-1847.sdfdata",28123939,28123939,25225015,6
"89F9E725F908B7AB740CAEFC1444ED71B1352681","hunter\sdf\pc\data\sdf-B-1848.sdfdata",33009438,33009438,29759109,6
"89F9E725F908B7AB740CAEFC1444ED71B1352681","hunter\sdf\pc\data\sdf-B-1849.sdfdata",31298493,31298493,29059400,6
"89F9E725F908B7AB740CAEFC1444ED71B1352681","hunter\sdf\pc\data\sdf-B-1850.sdfdata",31808862,31808862,29126757,6
"89F9E725F908B7AB740CAEFC1444ED71B1352681","hunter\sdf\pc\data\sdf-B-1851.sdfdata",36170811,36170811,33966088,6
"89F9E725F908B7AB740CAEFC1444ED71B1352681","hunter\sdf\pc\data\sdf-B-1852.sdfdata",33559547,33559547,30264957,6
"89F9E725F908B7AB740CAEFC1444ED71B1352681","hunter\sdf\pc\data\sdf-B-1853.sdfdata",22597796,22597796,21148924,6
"89F9E725F908B7AB740CAEFC1444ED71B1352681","hunter\sdf\pc\data\sdf-B-1854.sdfdata",30757954,30757954,27887393,6
"89F9E725F908B7AB740CAEFC1444ED71B1352681","hunter\sdf\pc\data\sdf-B-1855.sdfdata",29774914,29774914,28319329,6
"89F9E725F908B7AB740CAEFC1444ED71B1352681","hunter\sdf\pc\data\sdf-B-1856.sdfdata",28168656,28168656,25451009,6
"89F9E725F908B7AB740CAEFC1444ED71B1352681","hunter\sdf\pc\data\sdf-B-1857.sdfdata",30168021,30168021,27625887,6
"89F9E725F908B7AB740CAEFC1444ED71B1352681","hunter\sdf\pc\data\sdf-B-1858.sdfdata",27297532,27297532,25820422,6
"89F9E725F908B7AB740CAEFC1444ED71B1352681","hunter\sdf\pc\data\sdf-B-1859.sdfdata",28197084,28197084,26401909,6
"89F9E725F908B7AB740CAEFC1444ED71B1352681","hunter\sdf\pc\data\sdf-B-1860.sdfdata",31772113,31772113,29744439,6
"89F9E725F908B7AB740CAEFC1444ED71B1352681","hunter\sdf\pc\data\sdf-B-1861.sdfdata",45567488,45567488,40882232,6
"89F9E725F908B7AB740CAEFC1444ED71B1352681","hunter\sdf\pc\data\sdf-B-1862.sdfdata",33973432,33973432,31220957,6
"89F9E725F908B7AB740CAEFC1444ED71B1352681","hunter\sdf\pc\data\sdf-B-1863.sdfdata",31349007,31349007,30184349,6
"89F9E725F908B7AB740CAEFC1444ED71B1352681","hunter\sdf\pc\data\sdf-B-1864.sdfdata",27678824,27678824,25635454,6
"89F9E725F908B7AB740CAEFC1444ED71B1352681","hunter\sdf\pc\data\sdf-B-1865.sdfdata",27667434,27667434,24460302,6
"89F9E725F908B7AB740CAEFC1444ED71B1352681","hunter\sdf\pc\data\sdf-B-1866.sdfdata",32726925,32726925,30953211,6
"89F9E725F908B7AB740CAEFC1444ED71B1352681","hunter\sdf\pc\data\sdf-B-1867.sdfdata",27864536,27864536,24971366,6
"89F9E725F908B7AB740CAEFC1444ED71B1352681","hunter\sdf\pc\data\sdf-B-1868.sdfdata",32293799,32293799,30513661,6
"89F9E725F908B7AB740CAEFC1444ED71B1352681","hunter\sdf\pc\data\sdf-B-1869.sdfdata",36219650,36219650,33507391,6
"89F9E725F908B7AB740CAEFC1444ED71B1352681","hunter\sdf\pc\data\sdf-B-1870.sdfdata",28298410,28298410,26661407,6
"89F9E725F908B7AB740CAEFC1444ED71B1352681","hunter\sdf\pc\data\sdf-B-1871.sdfdata",31572050,31572050,28853623,6
"89F9E725F908B7AB740CAEFC1444ED71B1352681","hunter\sdf\pc\data\sdf-B-1872.sdfdata",33191140,33191140,31970009,6
"89F9E725F908B7AB740CAEFC1444ED71B1352681","hunter\sdf\pc\data\sdf-B-1873.sdfdata",32265594,32265594,30918472,6
"89F9E725F908B7AB740CAEFC1444ED71B1352681","hunter\sdf\pc\data\sdf-B-1874.sdfdata",33329080,33329080,32104993,6
"89F9E725F908B7AB740CAEFC1444ED71B1352681","hunter\sdf\pc\data\sdf-B-1875.sdfdata",40745074,40745074,39429462,6
"89F9E725F908B7AB740CAEFC1444ED71B1352681","hunter\sdf\pc\data\sdf-B-1876.sdfdata",38607780,38607780,37469578,6
"89F9E725F908B7AB740CAEFC1444ED71B1352681","hunter\sdf\pc\data\sdf-B-1877.sdfdata",33184518,33184518,30162420,6
"89F9E725F908B7AB740CAEFC1444ED71B1352681","hunter\sdf\pc\data\sdf-B-1878.sdfdata",35639607,35639607,32025131,6
"89F9E725F908B7AB740CAEFC1444ED71B1352681","hunter\sdf\pc\data\sdf-B-1879.sdfdata",31183539,31183539,28565877,6
"89F9E725F908B7AB740CAEFC1444ED71B1352681","hunter\sdf\pc\data\sdf-B-1880.sdfdata",32573767,32573767,30383300,6
"89F9E725F908B7AB740CAEFC1444ED71B1352681","hunter\sdf\pc\data\sdf-B-1881.sdfdata",46311845,46311845,43435242,6
"89F9E725F908B7AB740CAEFC1444ED71B1352681","hunter\sdf\pc\data\sdf-B-1882.sdfdata",24910210,24910210,23040809,6
"89F9E725F908B7AB740CAEFC1444ED71B1352681","hunter\sdf\pc\data\sdf-B-1883.sdfdata",27375869,27375869,25150930,6
"89F9E725F908B7AB740CAEFC1444ED71B1352681","hunter\sdf\pc\data\sdf-B-1884.sdfdata",29292197,29292197,27009376,6
"89F9E725F908B7AB740CAEFC1444ED71B1352681","hunter\sdf\pc\data\sdf-B-1885.sdfdata",29225326,29225326,26371734,6
"89F9E725F908B7AB740CAEFC1444ED71B1352681","hunter\sdf\pc\data\sdf-B-1886.sdfdata",32630298,32630298,31300018,6
"89F9E725F908B7AB740CAEFC1444ED71B1352681","hunter\sdf\pc\data\sdf-B-1887.sdfdata",47421516,47421516,45503939,6
"89F9E725F908B7AB740CAEFC1444ED71B1352681","hunter\sdf\pc\data\sdf-B-1888.sdfdata",30202840,30202840,27957733,6
"89F9E725F908B7AB740CAEFC1444ED71B1352681","hunter\sdf\pc\data\sdf-B-1889.sdfdata",32670725,32670725,30621006,6
"89F9E725F908B7AB740CAEFC1444ED71B1352681","hunter\sdf\pc\data\sdf-B-1890.sdfdata",32677081,32677081,31079708,6
"89F9E725F908B7AB740CAEFC1444ED71B1352681","hunter\sdf\pc\data\sdf-B-1891.sdfdata",33221563,33221563,29731381,6
"89F9E725F908B7AB740CAEFC1444ED71B1352681","hunter\sdf\pc\data\sdf-B-1892.sdfdata",32098409,32098409,28736686,6
"89F9E725F908B7AB740CAEFC1444ED71B1352681","hunter\sdf\pc\data\sdf-B-1893.sdfdata",32375012,32375012,30965042,6
"89F9E725F908B7AB740CAEFC1444ED71B1352681","hunter\sdf\pc\data\sdf-B-1894.sdfdata",29038225,29038225,26886420,6
"89F9E725F908B7AB740CAEFC1444ED71B1352681","hunter\sdf\pc\data\sdf-B-1895.sdfdata",54416463,54416463,49915850,6
"89F9E725F908B7AB740CAEFC1444ED71B1352681","hunter\sdf\pc\data\sdf-B-1896.sdfdata",33235875,33235875,31723128,6
"89F9E725F908B7AB740CAEFC1444ED71B1352681","hunter\sdf\pc\data\sdf-B-1897.sdfdata",37210339,37210339,35642507,6
"89F9E725F908B7AB740CAEFC1444ED71B1352681","hunter\sdf\pc\data\sdf-B-1898.sdfdata",31190831,31190831,29261492,6
"89F9E725F908B7AB740CAEFC1444ED71B1352681","hunter\sdf\pc\data\sdf-B-1899.sdfdata",28822066,28822066,27254126,6
"89F9E725F908B7AB740CAEFC1444ED71B1352681","hunter\sdf\pc\data\sdf-B-1900.sdfdata",37301868,37301868,35083069,6
"89F9E725F908B7AB740CAEFC1444ED71B1352681","hunter\sdf\pc\data\sdf-B-1901.sdfdata",43424155,43424155,41013992,6
"89F9E725F908B7AB740CAEFC1444ED71B1352681","hunter\sdf\pc\data\sdf-B-1902.sdfdata",32886870,32886870,30766794,6
"89F9E725F908B7AB740CAEFC1444ED71B1352681","hunter\sdf\pc\data\sdf-B-1903.sdfdata",29066240,29066240,27154185,6
"89F9E725F908B7AB740CAEFC1444ED71B1352681","hunter\sdf\pc\data\sdf-B-1904.sdfdata",33126027,33126027,31044152,6
"89F9E725F908B7AB740CAEFC1444ED71B1352681","hunter\sdf\pc\data\sdf-B-1905.sdfdata",29180858,29180858,26976564,6
"89F9E725F908B7AB740CAEFC1444ED71B1352681","hunter\sdf\pc\data\sdf-B-1906.sdfdata",28391272,28391272,24472541,6
"89F9E725F908B7AB740CAEFC1444ED71B1352681","hunter\sdf\pc\data\sdf-B-1907.sdfdata",29012865,29012865,26768987,6
"89F9E725F908B7AB740CAEFC1444ED71B1352681","hunter\sdf\pc\data\sdf-B-1908.sdfdata",30445342,30445342,28162518,6
"89F9E725F908B7AB740CAEFC1444ED71B1352681","hunter\sdf\pc\data\sdf-B-1909.sdfdata",26795284,26795284,24579926,6
"89F9E725F908B7AB740CAEFC1444ED71B1352681","hunter\sdf\pc\data\sdf-B-1910.sdfdata",34790183,34790183,32033755,6
"89F9E725F908B7AB740CAEFC1444ED71B1352681","hunter\sdf\pc\data\sdf-B-1911.sdfdata",30584560,30584560,26644919,6
"89F9E725F908B7AB740CAEFC1444ED71B1352681","hunter\sdf\pc\data\sdf-B-1912.sdfdata",34260439,34260439,31462167,6
"89F9E725F908B7AB740CAEFC1444ED71B1352681","hunter\sdf\pc\data\sdf-B-1913.sdfdata",32556608,32556608,29175035,6
"89F9E725F908B7AB740CAEFC1444ED71B1352681","hunter\sdf\pc\data\sdf-B-1914.sdfdata",35658113,35658113,33815442,6
"89F9E725F908B7AB740CAEFC1444ED71B1352681","hunter\sdf\pc\data\sdf-B-1915.sdfdata",32746043,32746043,29196265,6
"89F9E725F908B7AB740CAEFC1444ED71B1352681","hunter\sdf\pc\data\sdf-B-1916.sdfdata",32531793,32531793,30029202,6
"89F9E725F908B7AB740CAEFC1444ED71B1352681","hunter\sdf\pc\data\sdf-B-1917.sdfdata",34560095,34560095,31997599,6
"89F9E725F908B7AB740CAEFC1444ED71B1352681","hunter\sdf\pc\data\sdf-B-1918.sdfdata",31931038,31931038,29521224,6
"89F9E725F908B7AB740CAEFC1444ED71B1352681","hunter\sdf\pc\data\sdf-B-1919.sdfdata",26862615,26862615,23784252,6
"89F9E725F908B7AB740CAEFC1444ED71B1352681","hunter\sdf\pc\data\sdf-B-1920.sdfdata",31681829,31681829,28123265,6
"89F9E725F908B7AB740CAEFC1444ED71B1352681","hunter\sdf\pc\data\sdf-B-1921.sdfdata",29097225,29097225,27141951,6
"89F9E725F908B7AB740CAEFC1444ED71B1352681","hunter\sdf\pc\data\sdf-B-1922.sdfdata",33525577,33525577,31150177,6
"89F9E725F908B7AB740CAEFC1444ED71B1352681","hunter\sdf\pc\data\sdf-B-1923.sdfdata",30287440,30287440,28758679,6
"89F9E725F908B7AB740CAEFC1444ED71B1352681","hunter\sdf\pc\data\sdf-B-1924.sdfdata",78542370,78542370,75809608,6
"89F9E725F908B7AB740CAEFC1444ED71B1352681","hunter\sdf\pc\data\sdf-B-1925.sdfdata",30285694,30285694,27449190,6
"89F9E725F908B7AB740CAEFC1444ED71B1352681","hunter\sdf\pc\data\sdf-B-1926.sdfdata",32647238,32647238,31013380,6
"89F9E725F908B7AB740CAEFC1444ED71B1352681","hunter\sdf\pc\data\sdf-B-1927.sdfdata",28150399,28150399,26396790,6
"89F9E725F908B7AB740CAEFC1444ED71B1352681","hunter\sdf\pc\data\sdf-B-1928.sdfdata",31185436,31185436,29464729,6
"89F9E725F908B7AB740CAEFC1444ED71B1352681","hunter\sdf\pc\data\sdf-B-1929.sdfdata",31432638,31432638,29645322,6
"89F9E725F908B7AB740CAEFC1444ED71B1352681","hunter\sdf\pc\data\sdf-B-1930.sdfdata",32486858,32486858,30169947,6
"89F9E725F908B7AB740CAEFC1444ED71B1352681","hunter\sdf\pc\data\sdf-B-1931.sdfdata",35419592,35419592,32762978,6
"89F9E725F908B7AB740CAEFC1444ED71B1352681","hunter\sdf\pc\data\sdf-B-1932.sdfdata",33375938,33375938,31802101,6
"89F9E725F908B7AB740CAEFC1444ED71B1352681","hunter\sdf\pc\data\sdf-B-1933.sdfdata",32904431,32904431,30817832,6
"89F9E725F908B7AB740CAEFC1444ED71B1352681","hunter\sdf\pc\data\sdf-B-1934.sdfdata",33834313,33834313,31767408,6
"89F9E725F908B7AB740CAEFC1444ED71B1352681","hunter\sdf\pc\data\sdf-B-1935.sdfdata",29892130,29892130,26578729,6
"89F9E725F908B7AB740CAEFC1444ED71B1352681","hunter\sdf\pc\data\sdf-B-1936.sdfdata",34307120,34307120,32480897,6
"89F9E725F908B7AB740CAEFC1444ED71B1352681","hunter\sdf\pc\data\sdf-B-1937.sdfdata",36634480,36634480,34797499,6
"89F9E725F908B7AB740CAEFC1444ED71B1352681","hunter\sdf\pc\data\sdf-B-1938.sdfdata",39106042,39106042,37376697,6
"89F9E725F908B7AB740CAEFC1444ED71B1352681","hunter\sdf\pc\data\sdf-B-1939.sdfdata",35570843,35570843,32844569,6
"89F9E725F908B7AB740CAEFC1444ED71B1352681","hunter\sdf\pc\data\sdf-B-1940.sdfdata",34997338,34997338,32870377,6
"89F9E725F908B7AB740CAEFC1444ED71B1352681","hunter\sdf\pc\data\sdf-B-1941.sdfdata",33276072,33276072,30531401,6
"89F9E725F908B7AB740CAEFC1444ED71B1352681","hunter\sdf\pc\data\sdf-B-1942.sdfdata",33350143,33350143,31852934,6
"89F9E725F908B7AB740CAEFC1444ED71B1352681","hunter\sdf\pc\data\sdf-B-1943.sdfdata",33533590,33533590,31495757,6
"89F9E725F908B7AB740CAEFC1444ED71B1352681","hunter\sdf\pc\data\sdf-B-1944.sdfdata",33357110,33357110,32008673,6
"89F9E725F908B7AB740CAEFC1444ED71B1352681","hunter\sdf\pc\data\sdf-B-1945.sdfdata",33135266,33135266,32130564,6
"89F9E725F908B7AB740CAEFC1444ED71B1352681","hunter\sdf\pc\data\sdf-B-1946.sdfdata",28730633,28730633,26774455,6
"89F9E725F908B7AB740CAEFC1444ED71B1352681","hunter\sdf\pc\data\sdf-B-1947.sdfdata",35222401,35222401,32094556,6
"89F9E725F908B7AB740CAEFC1444ED71B1352681","hunter\sdf\pc\data\sdf-B-1948.sdfdata",32150452,32150452,30338948,6
"89F9E725F908B7AB740CAEFC1444ED71B1352681","hunter\sdf\pc\data\sdf-B-1949.sdfdata",30079472,30079472,27790308,6
"89F9E725F908B7AB740CAEFC1444ED71B1352681","hunter\sdf\pc\data\sdf-B-1950.sdfdata",29199850,29199850,27063689,6
"89F9E725F908B7AB740CAEFC1444ED71B1352681","hunter\sdf\pc\data\sdf-B-1951.sdfdata",34207435,34207435,32263206,6
"89F9E725F908B7AB740CAEFC1444ED71B1352681","hunter\sdf\pc\data\sdf-B-1952.sdfdata",37575056,37575056,36340119,6
"89F9E725F908B7AB740CAEFC1444ED71B1352681","hunter\sdf\pc\data\sdf-B-1953.sdfdata",28783881,28783881,26970644,6
"89F9E725F908B7AB740CAEFC1444ED71B1352681","hunter\sdf\pc\data\sdf-B-1954.sdfdata",32946925,32946925,31093612,6
"89F9E725F908B7AB740CAEFC1444ED71B1352681","hunter\sdf\pc\data\sdf-B-1955.sdfdata",31698788,31698788,30044466,6
"89F9E725F908B7AB740CAEFC1444ED71B1352681","hunter\sdf\pc\data\sdf-B-1956.sdfdata",29083127,29083127,26452967,6
"89F9E725F908B7AB740CAEFC1444ED71B1352681","hunter\sdf\pc\data\sdf-B-1957.sdfdata",31338332,31338332,29303372,6
"89F9E725F908B7AB740CAEFC1444ED71B1352681","hunter\sdf\pc\data\sdf-B-1958.sdfdata",29412273,29412273,27509157,6
"89F9E725F908B7AB740CAEFC1444ED71B1352681","hunter\sdf\pc\data\sdf-B-1959.sdfdata",27577392,27577392,25391529,6
"89F9E725F908B7AB740CAEFC1444ED71B1352681","hunter\sdf\pc\data\sdf-B-1960.sdfdata",29952415,29952415,28436240,6
"89F9E725F908B7AB740CAEFC1444ED71B1352681","hunter\sdf\pc\data\sdf-B-1961.sdfdata",24235461,24235461,19904622,6
"89F9E725F908B7AB740CAEFC1444ED71B1352681","hunter\sdf\pc\data\sdf-B-1962.sdfdata",28680568,28680568,26557225,6
"89F9E725F908B7AB740CAEFC1444ED71B1352681","hunter\sdf\pc\data\sdf-B-1963.sdfdata",31494420,31494420,27896661,6
"89F9E725F908B7AB740CAEFC1444ED71B1352681","hunter\sdf\pc\data\sdf-B-1964.sdfdata",33167173,33167173,29567712,6
"89F9E725F908B7AB740CAEFC1444ED71B1352681","hunter\sdf\pc\data\sdf-B-1965.sdfdata",31469073,31469073,28652070,6
"89F9E725F908B7AB740CAEFC1444ED71B1352681","hunter\sdf\pc\data\sdf-B-1966.sdfdata",32146844,32146844,29122047,6
"89F9E725F908B7AB740CAEFC1444ED71B1352681","hunter\sdf\pc\data\sdf-B-1967.sdfdata",33940261,33940261,31763282,6
"89F9E725F908B7AB740CAEFC1444ED71B1352681","hunter\sdf\pc\data\sdf-B-1968.sdfdata",32012391,32012391,29573059,6
"89F9E725F908B7AB740CAEFC1444ED71B1352681","hunter\sdf\pc\data\sdf-B-1969.sdfdata",32909809,32909809,30548461,6
"89F9E725F908B7AB740CAEFC1444ED71B1352681","hunter\sdf\pc\data\sdf-B-1970.sdfdata",32525202,32525202,28832151,6
"89F9E725F908B7AB740CAEFC1444ED71B1352681","hunter\sdf\pc\data\sdf-B-1971.sdfdata",32576277,32576277,30504930,6
"89F9E725F908B7AB740CAEFC1444ED71B1352681","hunter\sdf\pc\data\sdf-B-1972.sdfdata",26860772,26860772,24727185,6
"89F9E725F908B7AB740CAEFC1444ED71B1352681","hunter\sdf\pc\data\sdf-B-1973.sdfdata",33560141,33560141,27966004,6
"89F9E725F908B7AB740CAEFC1444ED71B1352681","hunter\sdf\pc\data\sdf-B-1974.sdfdata",27656612,27656612,25681535,6
"89F9E725F908B7AB740CAEFC1444ED71B1352681","hunter\sdf\pc\data\sdf-B-1975.sdfdata",31480143,31480143,29407495,6
"89F9E725F908B7AB740CAEFC1444ED71B1352681","hunter\sdf\pc\data\sdf-B-1976.sdfdata",21901681,21901681,18800582,6
"89F9E725F908B7AB740CAEFC1444ED71B1352681","hunter\sdf\pc\data\sdf-B-1977.sdfdata",22655999,22655999,19795400,6
"89F9E725F908B7AB740CAEFC1444ED71B1352681","hunter\sdf\pc\data\sdf-B-1978.sdfdata",33470304,33470304,30426850,6
"89F9E725F908B7AB740CAEFC1444ED71B1352681","hunter\sdf\pc\data\sdf-B-1979.sdfdata",36059427,36059427,32581053,6
"89F9E725F908B7AB740CAEFC1444ED71B1352681","hunter\sdf\pc\data\sdf-B-1980.sdfdata",32928076,32928076,31679758,6
"89F9E725F908B7AB740CAEFC1444ED71B1352681","hunter\sdf\pc\data\sdf-B-1981.sdfdata",32932881,32932881,31436886,6
"89F9E725F908B7AB740CAEFC1444ED71B1352681","hunter\sdf\pc\data\sdf-B-1982.sdfdata",33077862,33077862,30298795,6
"89F9E725F908B7AB740CAEFC1444ED71B1352681","hunter\sdf\pc\data\sdf-B-1983.sdfdata",32682274,32682274,30624867,6
"89F9E725F908B7AB740CAEFC1444ED71B1352681","hunter\sdf\pc\data\sdf-B-1984.sdfdata",31207870,31207870,28995298,6
"89F9E725F908B7AB740CAEFC1444ED71B1352681","hunter\sdf\pc\data\sdf-B-1985.sdfdata",33273733,33273733,29501223,6
"89F9E725F908B7AB740CAEFC1444ED71B1352681","hunter\sdf\pc\data\sdf-B-1986.sdfdata",33437784,33437784,31140487,6
"89F9E725F908B7AB740CAEFC1444ED71B1352681","hunter\sdf\pc\data\sdf-B-1987.sdfdata",32377341,32377341,30660509,6
"89F9E725F908B7AB740CAEFC1444ED71B1352681","hunter\sdf\pc\data\sdf-B-1988.sdfdata",24043682,24043682,23112129,6
"89F9E725F908B7AB740CAEFC1444ED71B1352681","hunter\sdf\pc\data\sdf-B-1989.sdfdata",30716546,30716546,28447342,6
"89F9E725F908B7AB740CAEFC1444ED71B1352681","hunter\sdf\pc\data\sdf-B-1990.sdfdata",31223954,31223954,26661680,6
"89F9E725F908B7AB740CAEFC1444ED71B1352681","hunter\sdf\pc\data\sdf-B-1991.sdfdata",30309217,30309217,28673859,6
"89F9E725F908B7AB740CAEFC1444ED71B1352681","hunter\sdf\pc\data\sdf-B-1992.sdfdata",31291564,31291564,29947817,6
"89F9E725F908B7AB740CAEFC1444ED71B1352681","hunter\sdf\pc\data\sdf-B-1993.sdfdata",33344202,33344202,30142619,6
"89F9E725F908B7AB740CAEFC1444ED71B1352681","hunter\sdf\pc\data\sdf-B-1994.sdfdata",32628034,32628034,31177352,6
"89F9E725F908B7AB740CAEFC1444ED71B1352681","hunter\sdf\pc\data\sdf-B-1995.sdfdata",33540172,33540172,32115711,6
"89F9E725F908B7AB740CAEFC1444ED71B1352681","hunter\sdf\pc\data\sdf-B-1996.sdfdata",31942452,31942452,29682204,6
"89F9E725F908B7AB740CAEFC1444ED71B1352681","hunter\sdf\pc\data\sdf-B-1997.sdfdata",29270657,29270657,24071115,6
"89F9E725F908B7AB740CAEFC1444ED71B1352681","hunter\sdf\pc\data\sdf-B-1998.sdfdata",33556665,33556665,32699713,6
"89F9E725F908B7AB740CAEFC1444ED71B1352681","hunter\sdf\pc\data\sdf-B-1999.sdfdata",33021354,33021354,31520650,6
"89F9E725F908B7AB740CAEFC1444ED71B1352681","hunter\sdf\pc\data\sdf-D-3000.sdfdata",32978228,32978228,30370043,6
"89F9E725F908B7AB740CAEFC1444ED71B1352681","hunter\sdf\pc\data\sdf-D-3001.sdfdata",29926603,29926603,28236903,6
"89F9E725F908B7AB740CAEFC1444ED71B1352681","hunter\sdf\pc\data\sdf-D-3002.sdfdata",33202594,33202594,31816122,6
"89F9E725F908B7AB740CAEFC1444ED71B1352681","hunter\sdf\pc\data\sdf-D-3003.sdfdata",35642800,35642800,34099894,6
"89F9E725F908B7AB740CAEFC1444ED71B1352681","hunter\sdf\pc\data\sdf-D-3004.sdfdata",31252690,31252690,30053580,6
"89F9E725F908B7AB740CAEFC1444ED71B1352681","hunter\sdf\pc\data\sdf-D-3005.sdfdata",33271660,33271660,30586135,6
"89F9E725F908B7AB740CAEFC1444ED71B1352681","hunter\sdf\pc\data\sdf-D-3006.sdfdata",33473655,33473655,32344911,6
"89F9E725F908B7AB740CAEFC1444ED71B1352681","hunter\sdf\pc\data\sdf-D-3007.sdfdata",33417328,33417328,31988354,6
"89F9E725F908B7AB740CAEFC1444ED71B1352681","hunter\sdf\pc\data\sdf-D-3008.sdfdata",29464735,29464735,27822592,6
"89F9E725F908B7AB740CAEFC1444ED71B1352681","hunter\sdf\pc\data\sdf-D-3009.sdfdata",30923582,30923582,28687082,6
"89F9E725F908B7AB740CAEFC1444ED71B1352681","hunter\sdf\pc\data\sdf-D-3010.sdfdata",43714074,43714074,39519411,6
"89F9E725F908B7AB740CAEFC1444ED71B1352681","hunter\sdf\pc\data\sdf-D-3011.sdfdata",29796332,29796332,28421379,6
"89F9E725F908B7AB740CAEFC1444ED71B1352681","hunter\sdf\pc\data\sdf-D-3012.sdfdata",32480952,32480952,31244339,6
"89F9E725F908B7AB740CAEFC1444ED71B1352681","hunter\sdf\pc\data\sdf-D-3013.sdfdata",31095918,31095918,28086843,6
"89F9E725F908B7AB740CAEFC1444ED71B1352681","hunter\sdf\pc\data\sdf-D-3014.sdfdata",33207638,33207638,32738293,6
"89F9E725F908B7AB740CAEFC1444ED71B1352681","hunter\sdf\pc\data\sdf-D-3015.sdfdata",31400285,31400285,26423125,6
"89F9E725F908B7AB740CAEFC1444ED71B1352681","hunter\sdf\pc\data\sdf-D-3016.sdfdata",32746661,32746661,31467965,6
"89F9E725F908B7AB740CAEFC1444ED71B1352681","hunter\sdf\pc\data\sdf-D-3017.sdfdata",29524100,29524100,28232382,6
"89F9E725F908B7AB740CAEFC1444ED71B1352681","hunter\sdf\pc\data\sdf-D-3018.sdfdata",32855141,32855141,30869794,6
"89F9E725F908B7AB740CAEFC1444ED71B1352681","hunter\sdf\pc\data\sdf-D-3019.sdfdata",32903505,32903505,32376436,6
"89F9E725F908B7AB740CAEFC1444ED71B1352681","hunter\sdf\pc\data\sdf-D-3020.sdfdata",33550971,33550971,33487314,6
"89F9E725F908B7AB740CAEFC1444ED71B1352681","hunter\sdf\pc\data\sdf-D-3021.sdfdata",33542558,33542558,33426566,6
"89F9E725F908B7AB740CAEFC1444ED71B1352681","hunter\sdf\pc\data\sdf-D-3022.sdfdata",33516093,33516093,33426932,6
"89F9E725F908B7AB740CAEFC1444ED71B1352681","hunter\sdf\pc\data\sdf-D-3023.sdfdata",33523846,33523846,33316296,6
"89F9E725F908B7AB740CAEFC1444ED71B1352681","hunter\sdf\pc\data\sdf-D-3024.sdfdata",33401245,33401245,32322381,6
"89F9E725F908B7AB740CAEFC1444ED71B1352681","hunter\sdf\pc\data\sdf-D-3025.sdfdata",30872963,30872963,30035847,6
"89F9E725F908B7AB740CAEFC1444ED71B1352681","hunter\sdf\pc\data\sdf-D-3026.sdfdata",33524882,33524882,32825274,6
"89F9E725F908B7AB740CAEFC1444ED71B1352681","hunter\sdf\pc\data\sdf-D-3027.sdfdata",32898272,32898272,30864282,6
"89F9E725F908B7AB740CAEFC1444ED71B1352681","hunter\sdf\pc\data\sdf-D-3028.sdfdata",39090646,39090646,36766671,6
"89F9E725F908B7AB740CAEFC1444ED71B1352681","hunter\sdf\pc\data\sdf-D-3029.sdfdata",34447562,34447562,32611400,6
"89F9E725F908B7AB740CAEFC1444ED71B1352681","hunter\sdf\pc\data\sdf-D-3030.sdfdata",32067576,32067576,29863998,6
"89F9E725F908B7AB740CAEFC1444ED71B1352681","hunter\sdf\pc\data\sdf-D-3031.sdfdata",27016092,27016092,24189186,6
"89F9E725F908B7AB740CAEFC1444ED71B1352681","hunter\sdf\pc\data\sdf-D-3032.sdfdata",35641996,35641996,32211402,6
"89F9E725F908B7AB740CAEFC1444ED71B1352681","hunter\sdf\pc\data\sdf-D-3033.sdfdata",33541866,33541866,32443002,6
"89F9E725F908B7AB740CAEFC1444ED71B1352681","hunter\sdf\pc\data\sdf-D-3034.sdfdata",33045162,33045162,32082317,6
"89F9E725F908B7AB740CAEFC1444ED71B1352681","hunter\sdf\pc\data\sdf-D-3035.sdfdata",33028629,33028629,31803603,6
"89F9E725F908B7AB740CAEFC1444ED71B1352681","hunter\sdf\pc\data\sdf-D-3036.sdfdata",54558272,54558272,53398285,6
"89F9E725F908B7AB740CAEFC1444ED71B1352681","hunter\sdf\pc\data\sdf-D-3037.sdfdata",33498892,33498892,31874553,6
"89F9E725F908B7AB740CAEFC1444ED71B1352681","hunter\sdf\pc\data\sdf-D-3038.sdfdata",33988059,33988059,32243312,6
"89F9E725F908B7AB740CAEFC1444ED71B1352681","hunter\sdf\pc\data\sdf-D-3039.sdfdata",36223553,36223553,34283931,6
"89F9E725F908B7AB740CAEFC1444ED71B1352681","hunter\sdf\pc\data\sdf-D-3040.sdfdata",29913202,29913202,28292143,6
"89F9E725F908B7AB740CAEFC1444ED71B1352681","hunter\sdf\pc\data\sdf-D-3041.sdfdata",29036427,29036427,26812112,6
"89F9E725F908B7AB740CAEFC1444ED71B1352681","hunter\sdf\pc\data\sdf-D-3042.sdfdata",33440543,33440543,30794847,6
"89F9E725F908B7AB740CAEFC1444ED71B1352681","hunter\sdf\pc\data\sdf-D-3043.sdfdata",33554324,33554324,32064676,6
"89F9E725F908B7AB740CAEFC1444ED71B1352681","hunter\sdf\pc\data\sdf-D-3044.sdfdata",33570325,33570325,31282603,6
"89F9E725F908B7AB740CAEFC1444ED71B1352681","hunter\sdf\pc\data\sdf-D-3045.sdfdata",29319467,29319467,21296717,6
"89F9E725F908B7AB740CAEFC1444ED71B1352681","hunter\sdf\pc\data\sdf-D-3046.sdfdata",42645098,42645098,39601633,6
"89F9E725F908B7AB740CAEFC1444ED71B1352681","hunter\sdf\pc\data\sdf-D-3047.sdfdata",33584165,33584165,31283275,6
"89F9E725F908B7AB740CAEFC1444ED71B1352681","hunter\sdf\pc\data\sdf-D-3048.sdfdata",32991586,32991586,31495761,6
"89F9E725F908B7AB740CAEFC1444ED71B1352681","hunter\sdf\pc\data\sdf-D-3049.sdfdata",26383354,26383354,24748997,6
"89F9E725F908B7AB740CAEFC1444ED71B1352681","hunter\sdf\pc\data\sdf-D-3050.sdfdata",33515396,33515396,31388357,6
"89F9E725F908B7AB740CAEFC1444ED71B1352681","hunter\sdf\pc\data\sdf-D-3051.sdfdata",33482172,33482172,31622761,6
"89F9E725F908B7AB740CAEFC1444ED71B1352681","hunter\sdf\pc\data\sdf-D-3052.sdfdata",32176769,32176769,27932218,6
"89F9E725F908B7AB740CAEFC1444ED71B1352681","hunter\sdf\pc\data\sdf-D-3053.sdfdata",33068073,33068073,28617478,6
"89F9E725F908B7AB740CAEFC1444ED71B1352681","hunter\sdf\pc\data\sdf-D-3054.sdfdata",33211712,33211712,28680179,6
"89F9E725F908B7AB740CAEFC1444ED71B1352681","hunter\sdf\pc\data\sdf-D-3055.sdfdata",33555210,33555210,32609282,6
"89F9E725F908B7AB740CAEFC1444ED71B1352681","hunter\sdf\pc\data\sdf-D-3056.sdfdata",28895424,28895424,26010319,6
"89F9E725F908B7AB740CAEFC1444ED71B1352681","hunter\sdf\pc\data\sdf-D-3057.sdfdata",33248706,33248706,30823661,6
"89F9E725F908B7AB740CAEFC1444ED71B1352681","hunter\sdf\pc\data\sdf-D-3058.sdfdata",35826449,35826449,33051002,6
"89F9E725F908B7AB740CAEFC1444ED71B1352681","hunter\sdf\pc\data\sdf-D-3059.sdfdata",33682133,33682133,30705457,6
"89F9E725F908B7AB740CAEFC1444ED71B1352681","hunter\sdf\pc\data\sdf-D-3060.sdfdata",33618335,33618335,30870355,6
"89F9E725F908B7AB740CAEFC1444ED71B1352681","hunter\sdf\pc\data\sdf-D-3061.sdfdata",33561376,33561376,30391155,6
"89F9E725F908B7AB740CAEFC1444ED71B1352681","hunter\sdf\pc\data\sdf-D-3062.sdfdata",33576120,33576120,30453519,6
"89F9E725F908B7AB740CAEFC1444ED71B1352681","hunter\sdf\pc\data\sdf-D-3063.sdfdata",33521669,33521669,31023173,6
"89F9E725F908B7AB740CAEFC1444ED71B1352681","hunter\sdf\pc\data\sdf-D-3064.sdfdata",33579608,33579608,30746447,6
"89F9E725F908B7AB740CAEFC1444ED71B1352681","hunter\sdf\pc\data\sdf-D-3065.sdfdata",33570004,33570004,30810500,6
"89F9E725F908B7AB740CAEFC1444ED71B1352681","hunter\sdf\pc\data\sdf-D-3066.sdfdata",33533125,33533125,31215844,6
"89F9E725F908B7AB740CAEFC1444ED71B1352681","hunter\sdf\pc\data\sdf-D-3067.sdfdata",33547955,33547955,31824964,6
"89F9E725F908B7AB740CAEFC1444ED71B1352681","hunter\sdf\pc\data\sdf-D-3068.sdfdata",32655426,32655426,29868287,6
"89F9E725F908B7AB740CAEFC1444ED71B1352681","hunter\sdf\pc\data\sdf-D-3069.sdfdata",33550109,33550109,30842797,6
"89F9E725F908B7AB740CAEFC1444ED71B1352681","hunter\sdf\pc\data\sdf-D-3070.sdfdata",33578067,33578067,31076996,6
"89F9E725F908B7AB740CAEFC1444ED71B1352681","hunter\sdf\pc\data\sdf-D-3071.sdfdata",29186186,29186186,26626544,6
"89F9E725F908B7AB740CAEFC1444ED71B1352681","hunter\sdf\pc\data\sdf-D-3072.sdfdata",30756009,30756009,26519929,6
"89F9E725F908B7AB740CAEFC1444ED71B1352681","hunter\sdf\pc\data\sdf-D-3073.sdfdata",33548453,33548453,31974125,6
"89F9E725F908B7AB740CAEFC1444ED71B1352681","hunter\sdf\pc\data\sdf-D-3074.sdfdata",33563543,33563543,32147909,6
"89F9E725F908B7AB740CAEFC1444ED71B1352681","hunter\sdf\pc\data\sdf-D-3075.sdfdata",33513165,33513165,29918160,6
"89F9E725F908B7AB740CAEFC1444ED71B1352681","hunter\sdf\pc\data\sdf-D-3076.sdfdata",30452543,30452543,27944983,6
"89F9E725F908B7AB740CAEFC1444ED71B1352681","hunter\sdf\pc\data\sdf-D-3077.sdfdata",32214664,32214664,30291518,6
"89F9E725F908B7AB740CAEFC1444ED71B1352681","hunter\sdf\pc\data\sdf-D-3078.sdfdata",33509305,33509305,30744684,6
"89F9E725F908B7AB740CAEFC1444ED71B1352681","hunter\sdf\pc\data\sdf-D-3079.sdfdata",33160990,33160990,29422594,6
"89F9E725F908B7AB740CAEFC1444ED71B1352681","hunter\sdf\pc\data\sdf-D-3080.sdfdata",33502792,33502792,31071414,6
"89F9E725F908B7AB740CAEFC1444ED71B1352681","hunter\sdf\pc\data\sdf-D-3081.sdfdata",33388584,33388584,29971267,6
"89F9E725F908B7AB740CAEFC1444ED71B1352681","hunter\sdf\pc\data\sdf-D-3082.sdfdata",33573083,33573083,31424687,6
"89F9E725F908B7AB740CAEFC1444ED71B1352681","hunter\sdf\pc\data\sdf-D-3083.sdfdata",27620135,27620135,26139597,6
"89F9E725F908B7AB740CAEFC1444ED71B1352681","hunter\sdf\pc\data\sdf-D-3084.sdfdata",33570687,33570687,31429859,6
"89F9E725F908B7AB740CAEFC1444ED71B1352681","hunter\sdf\pc\data\sdf-D-3085.sdfdata",33447198,33447198,31326655,6
"89F9E725F908B7AB740CAEFC1444ED71B1352681","hunter\sdf\pc\data\sdf-D-3086.sdfdata",27589541,27589541,25271018,6
"89F9E725F908B7AB740CAEFC1444ED71B1352681","hunter\sdf\pc\data\sdf-D-3087.sdfdata",29877040,29877040,28522050,6
"89F9E725F908B7AB740CAEFC1444ED71B1352681","hunter\sdf\pc\data\sdf-D-3088.sdfdata",131930892,131930892,131232322,6
"89F9E725F908B7AB740CAEFC1444ED71B1352681","hunter\sdf\pc\data\sdf-D-3089.sdfdata",28780582,28780582,25663350,6
"89F9E725F908B7AB740CAEFC1444ED71B1352681","hunter\sdf\pc\data\sdf-D-3090.sdfdata",33542332,33542332,32816610,6
"89F9E725F908B7AB740CAEFC1444ED71B1352681","hunter\sdf\pc\data\sdf-D-3091.sdfdata",35321486,35321486,32581477,6
"89F9E725F908B7AB740CAEFC1444ED71B1352681","hunter\sdf\pc\data\sdf-D-3092.sdfdata",33261691,33261691,32390326,6
"89F9E725F908B7AB740CAEFC1444ED71B1352681","hunter\sdf\pc\data\sdf-D-3093.sdfdata",33550934,33550934,32949227,6
"89F9E725F908B7AB740CAEFC1444ED71B1352681","hunter\sdf\pc\data\sdf-D-3094.sdfdata",32434380,32434380,29501943,6
"89F9E725F908B7AB740CAEFC1444ED71B1352681","hunter\sdf\pc\data\sdf-D-3095.sdfdata",29600492,29600492,28496414,6
"89F9E725F908B7AB740CAEFC1444ED71B1352681","hunter\sdf\pc\data\sdf-D-3096.sdfdata",32452267,32452267,30428959,6
"89F9E725F908B7AB740CAEFC1444ED71B1352681","hunter\sdf\pc\data\sdf-D-3097.sdfdata",33164585,33164585,30708391,6
"89F9E725F908B7AB740CAEFC1444ED71B1352681","hunter\sdf\pc\data\sdf-D-3098.sdfdata",31647773,31647773,27221401,6
"89F9E725F908B7AB740CAEFC1444ED71B1352681","hunter\sdf\pc\data\sdf-D-3099.sdfdata",30467278,30467278,27912512,6
"89F9E725F908B7AB740CAEFC1444ED71B1352681","hunter\sdf\pc\data\sdf-D-3100.sdfdata",33546355,33546355,33187040,6
"89F9E725F908B7AB740CAEFC1444ED71B1352681","hunter\sdf\pc\data\sdf-D-3101.sdfdata",33519948,33519948,21834688,6
"89F9E725F908B7AB740CAEFC1444ED71B1352681","hunter\sdf\pc\data\sdf-D-3102.sdfdata",31269700,31269700,30400452,6
"89F9E725F908B7AB740CAEFC1444ED71B1352681","hunter\sdf\pc\data\sdf-D-3103.sdfdata",30703194,30703194,30249364,6
"89F9E725F908B7AB740CAEFC1444ED71B1352681","hunter\sdf\pc\data\sdf-D-3104.sdfdata",33466334,33466334,33433020,6
"89F9E725F908B7AB740CAEFC1444ED71B1352681","hunter\sdf\pc\data\sdf-D-3105.sdfdata",26392702,26392702,25205593,6
"89F9E725F908B7AB740CAEFC1444ED71B1352681","hunter\sdf\pc\data\sdf-D-3106.sdfdata",33792252,33792252,31434950,6
"89F9E725F908B7AB740CAEFC1444ED71B1352681","hunter\sdf\pc\data\sdf-D-3107.sdfdata",28652639,28652639,26884338,6
"89F9E725F908B7AB740CAEFC1444ED71B1352681","hunter\sdf\pc\data\sdf-D-3108.sdfdata",33521359,33521359,31990510,6
"89F9E725F908B7AB740CAEFC1444ED71B1352681","hunter\sdf\pc\data\sdf-D-3109.sdfdata",31293484,31293484,29856974,6
"89F9E725F908B7AB740CAEFC1444ED71B1352681","hunter\sdf\pc\data\sdf-D-3110.sdfdata",126657832,126657832,125966901,6
"89F9E725F908B7AB740CAEFC1444ED71B1352681","hunter\sdf\pc\data\sdf-D-3111.sdfdata",27568780,27568780,27085511,6
"89F9E725F908B7AB740CAEFC1444ED71B1352681","hunter\sdf\pc\data\sdf-D-3112.sdfdata",33033828,33033828,31615793,6
"89F9E725F908B7AB740CAEFC1444ED71B1352681","hunter\sdf\pc\data\sdf-D-3113.sdfdata",33531093,33531093,32489599,6
"89F9E725F908B7AB740CAEFC1444ED71B1352681","hunter\sdf\pc\data\sdf-D-3114.sdfdata",33464604,33464604,31202754,6
"89F9E725F908B7AB740CAEFC1444ED71B1352681","hunter\sdf\pc\data\sdf-D-3115.sdfdata",33385264,33385264,32196838,6
"89F9E725F908B7AB740CAEFC1444ED71B1352681","hunter\sdf\pc\data\sdf-D-3116.sdfdata",29874610,29874610,27902195,6
"89F9E725F908B7AB740CAEFC1444ED71B1352681","hunter\sdf\pc\data\sdf-D-3117.sdfdata",33460180,33460180,28724238,6
"89F9E725F908B7AB740CAEFC1444ED71B1352681","hunter\sdf\pc\data\sdf-D-3118.sdfdata",30862504,30862504,29772215,6
"89F9E725F908B7AB740CAEFC1444ED71B1352681","hunter\sdf\pc\data\sdf-D-3119.sdfdata",32254948,32254948,31889272,6
"89F9E725F908B7AB740CAEFC1444ED71B1352681","hunter\sdf\pc\data\sdf-D-3120.sdfdata",33588215,33588215,32718869,6
"89F9E725F908B7AB740CAEFC1444ED71B1352681","hunter\sdf\pc\data\sdf-D-3121.sdfdata",33551334,33551334,33257419,6
"89F9E725F908B7AB740CAEFC1444ED71B1352681","hunter\sdf\pc\data\sdf-D-3122.sdfdata",33509365,33509365,32484912,6
"89F9E725F908B7AB740CAEFC1444ED71B1352681","hunter\sdf\pc\data\sdf-D-3123.sdfdata",28328433,28328433,26505032,6
"89F9E725F908B7AB740CAEFC1444ED71B1352681","hunter\sdf\pc\data\sdf-D-3124.sdfdata",32460651,32460651,30516782,6
"89F9E725F908B7AB740CAEFC1444ED71B1352681","hunter\sdf\pc\data\sdf-D-3125.sdfdata",31449935,31449935,27890931,6
"89F9E725F908B7AB740CAEFC1444ED71B1352681","hunter\sdf\pc\data\sdf-D-3126.sdfdata",33289991,33289991,28239839,6
"89F9E725F908B7AB740CAEFC1444ED71B1352681","hunter\sdf\pc\data\sdf-D-3127.sdfdata",30605074,30605074,25579395,6
"89F9E725F908B7AB740CAEFC1444ED71B1352681","hunter\sdf\pc\data\sdf-D-3128.sdfdata",32037773,32037773,27063314,6
"89F9E725F908B7AB740CAEFC1444ED71B1352681","hunter\sdf\pc\data\sdf-D-3129.sdfdata",33562429,33562429,28091009,6
"89F9E725F908B7AB740CAEFC1444ED71B1352681","hunter\sdf\pc\data\sdf-D-3130.sdfdata",35778231,35778231,31482623,6
"89F9E725F908B7AB740CAEFC1444ED71B1352681","hunter\sdf\pc\data\sdf-D-3131.sdfdata",34736012,34736012,30681470,6
"89F9E725F908B7AB740CAEFC1444ED71B1352681","hunter\sdf\pc\data\sdf-D-3132.sdfdata",36100586,36100586,32562226,6
"89F9E725F908B7AB740CAEFC1444ED71B1352681","hunter\sdf\pc\data\sdf-D-3133.sdfdata",36791595,36791595,32954275,6
"89F9E725F908B7AB740CAEFC1444ED71B1352681","hunter\sdf\pc\data\sdf-D-3134.sdfdata",31157126,31157126,29226392,6
"89F9E725F908B7AB740CAEFC1444ED71B1352681","hunter\sdf\pc\data\sdf-D-3135.sdfdata",33508566,33508566,31575127,6
"89F9E725F908B7AB740CAEFC1444ED71B1352681","hunter\sdf\pc\data\sdf-D-3136.sdfdata",27468714,27468714,25503422,6
"89F9E725F908B7AB740CAEFC1444ED71B1352681","hunter\sdf\pc\data\sdf-D-3137.sdfdata",33297159,33297159,32381797,6
"89F9E725F908B7AB740CAEFC1444ED71B1352681","hunter\sdf\pc\data\sdf-D-3138.sdfdata",32533791,32533791,31103816,6
"89F9E725F908B7AB740CAEFC1444ED71B1352681","hunter\sdf\pc\data\sdf-D-3139.sdfdata",33275594,33275594,32177060,6
"89F9E725F908B7AB740CAEFC1444ED71B1352681","hunter\sdf\pc\data\sdf-D-3140.sdfdata",33323049,33323049,32444030,6
"89F9E725F908B7AB740CAEFC1444ED71B1352681","hunter\sdf\pc\data\sdf-D-3141.sdfdata",33883537,33883537,33465016,6
"89F9E725F908B7AB740CAEFC1444ED71B1352681","hunter\sdf\pc\data\sdf-D-3142.sdfdata",32713402,32713402,32280392,6
"89F9E725F908B7AB740CAEFC1444ED71B1352681","hunter\sdf\pc\data\sdf-D-3143.sdfdata",33414449,33414449,33004787,6
"89F9E725F908B7AB740CAEFC1444ED71B1352681","hunter\sdf\pc\data\sdf-D-3144.sdfdata",33079787,33079787,32829397,6
"89F9E725F908B7AB740CAEFC1444ED71B1352681","hunter\sdf\pc\data\sdf-D-3145.sdfdata",31406651,31406651,28386398,6
"89F9E725F908B7AB740CAEFC1444ED71B1352681","hunter\sdf\pc\data\sdf-D-3146.sdfdata",28802472,28802472,23050944,6
"89F9E725F908B7AB740CAEFC1444ED71B1352681","hunter\sdf\pc\data\sdf-D-3147.sdfdata",33510800,33510800,31589430,6
"89F9E725F908B7AB740CAEFC1444ED71B1352681","hunter\sdf\pc\data\sdf-D-3148.sdfdata",130196904,130196904,129190768,6
"89F9E725F908B7AB740CAEFC1444ED71B1352681","hunter\sdf\pc\data\sdf-D-3149.sdfdata",30936890,30936890,29380090,6
"89F9E725F908B7AB740CAEFC1444ED71B1352681","hunter\sdf\pc\data\sdf-D-3150.sdfdata",33519406,33519406,31838483,6
"89F9E725F908B7AB740CAEFC1444ED71B1352681","hunter\sdf\pc\data\sdf-D-3151.sdfdata",47536750,47536750,45987172,6
"89F9E725F908B7AB740CAEFC1444ED71B1352681","hunter\sdf\pc\data\sdf-D-3152.sdfdata",27526332,27526332,25958055,6
"89F9E725F908B7AB740CAEFC1444ED71B1352681","hunter\sdf\pc\data\sdf-D-3153.sdfdata",31166342,31166342,30307311,6
"89F9E725F908B7AB740CAEFC1444ED71B1352681","hunter\sdf\pc\data\sdf-D-3154.sdfdata",27744895,27744895,24767588,6
"89F9E725F908B7AB740CAEFC1444ED71B1352681","hunter\sdf\pc\data\sdf-D-3155.sdfdata",29079837,29079837,27048978,6
"89F9E725F908B7AB740CAEFC1444ED71B1352681","hunter\sdf\pc\data\sdf-D-3156.sdfdata",33398945,33398945,32419547,6
"89F9E725F908B7AB740CAEFC1444ED71B1352681","hunter\sdf\pc\data\sdf-D-3157.sdfdata",33799106,33799106,32931184,6
"89F9E725F908B7AB740CAEFC1444ED71B1352681","hunter\sdf\pc\data\sdf-D-3158.sdfdata",33757750,33757750,32986028,6
"89F9E725F908B7AB740CAEFC1444ED71B1352681","hunter\sdf\pc\data\sdf-D-3159.sdfdata",33760345,33760345,32888064,6
"89F9E725F908B7AB740CAEFC1444ED71B1352681","hunter\sdf\pc\data\sdf-D-3160.sdfdata",33287216,33287216,32128613,6
"89F9E725F908B7AB740CAEFC1444ED71B1352681","hunter\sdf\pc\data\sdf-D-3161.sdfdata",26649464,26649464,21972388,6
"89F9E725F908B7AB740CAEFC1444ED71B1352681","hunter\sdf\pc\data\sdf-D-3162.sdfdata",35339217,35339217,33625798,6
"89F9E725F908B7AB740CAEFC1444ED71B1352681","hunter\sdf\pc\data\sdf-D-3163.sdfdata",33553388,33553388,32344230,6
"89F9E725F908B7AB740CAEFC1444ED71B1352681","hunter\sdf\pc\data\sdf-D-3164.sdfdata",33553251,33553251,31592156,6
"89F9E725F908B7AB740CAEFC1444ED71B1352681","hunter\sdf\pc\data\sdf-D-3165.sdfdata",33561050,33561050,32715015,6
"89F9E725F908B7AB740CAEFC1444ED71B1352681","hunter\sdf\pc\data\sdf-D-3166.sdfdata",28350088,28350088,26563188,6
"89F9E725F908B7AB740CAEFC1444ED71B1352681","hunter\sdf\pc\data\sdf-D-3167.sdfdata",33068762,33068762,31522586,6
"89F9E725F908B7AB740CAEFC1444ED71B1352681","hunter\sdf\pc\data\sdf-D-3168.sdfdata",29651063,29651063,28265560,6
"89F9E725F908B7AB740CAEFC1444ED71B1352681","hunter\sdf\pc\data\sdf-D-3169.sdfdata",31561726,31561726,30078116,6
"89F9E725F908B7AB740CAEFC1444ED71B1352681","hunter\sdf\pc\data\sdf-D-3170.sdfdata",32585520,32585520,28634927,6
"89F9E725F908B7AB740CAEFC1444ED71B1352681","hunter\sdf\pc\data\sdf-D-3171.sdfdata",30540206,30540206,28077840,6
"89F9E725F908B7AB740CAEFC1444ED71B1352681","hunter\sdf\pc\data\sdf-D-3172.sdfdata",33512902,33512902,31406856,6
"89F9E725F908B7AB740CAEFC1444ED71B1352681","hunter\sdf\pc\data\sdf-D-3173.sdfdata",29482756,29482756,27802843,6
"89F9E725F908B7AB740CAEFC1444ED71B1352681","hunter\sdf\pc\data\sdf-D-3174.sdfdata",33518319,33518319,31639260,6
"89F9E725F908B7AB740CAEFC1444ED71B1352681","hunter\sdf\pc\data\sdf-D-3175.sdfdata",33759954,33759954,31800795,6
"89F9E725F908B7AB740CAEFC1444ED71B1352681","hunter\sdf\pc\data\sdf-D-3176.sdfdata",33828749,33828749,32901505,6
"89F9E725F908B7AB740CAEFC1444ED71B1352681","hunter\sdf\pc\data\sdf-D-3177.sdfdata",33550396,33550396,32686151,6
"89F9E725F908B7AB740CAEFC1444ED71B1352681","hunter\sdf\pc\data\sdf-D-3178.sdfdata",41019286,41019286,40398209,6
"89F9E725F908B7AB740CAEFC1444ED71B1352681","hunter\sdf\pc\data\sdf-D-3179.sdfdata",39128474,39128474,38292137,6
"89F9E725F908B7AB740CAEFC1444ED71B1352681","hunter\sdf\pc\data\sdf-D-3180.sdfdata",33212436,33212436,31997718,6
"89F9E725F908B7AB740CAEFC1444ED71B1352681","hunter\sdf\pc\data\sdf-D-3181.sdfdata",28458129,28458129,26947360,6
"89F9E725F908B7AB740CAEFC1444ED71B1352681","hunter\sdf\pc\data\sdf-D-3182.sdfdata",32593798,32593798,31395750,6
"89F9E725F908B7AB740CAEFC1444ED71B1352681","hunter\sdf\pc\data\sdf-D-3183.sdfdata",42951281,42951281,39264671,6
"89F9E725F908B7AB740CAEFC1444ED71B1352681","hunter\sdf\pc\data\sdf-D-3184.sdfdata",27148481,27148481,26052069,6
"89F9E725F908B7AB740CAEFC1444ED71B1352681","hunter\sdf\pc\data\sdf-D-3185.sdfdata",32207998,32207998,30242158,6
"89F9E725F908B7AB740CAEFC1444ED71B1352681","hunter\sdf\pc\data\sdf-D-3186.sdfdata",33457311,33457311,30846356,6
"89F9E725F908B7AB740CAEFC1444ED71B1352681","hunter\sdf\pc\data\sdf-D-3187.sdfdata",33550101,33550101,32305275,6
"89F9E725F908B7AB740CAEFC1444ED71B1352681","hunter\sdf\pc\data\sdf-D-3188.sdfdata",33499066,33499066,31822289,6
"89F9E725F908B7AB740CAEFC1444ED71B1352681","hunter\sdf\pc\data\sdf-D-3189.sdfdata",33393126,33393126,31423813,6
"89F9E725F908B7AB740CAEFC1444ED71B1352681","hunter\sdf\pc\data\sdf-D-3190.sdfdata",79305144,79305144,76990634,6
"89F9E725F908B7AB740CAEFC1444ED71B1352681","hunter\sdf\pc\data\sdf-D-3191.sdfdata",29313002,29313002,27270542,6
"89F9E725F908B7AB740CAEFC1444ED71B1352681","hunter\sdf\pc\data\sdf-D-3192.sdfdata",33352009,33352009,32328043,6
"89F9E725F908B7AB740CAEFC1444ED71B1352681","hunter\sdf\pc\data\sdf-D-3193.sdfdata",33851992,33851992,32051416,6
"89F9E725F908B7AB740CAEFC1444ED71B1352681","hunter\sdf\pc\data\sdf-D-3194.sdfdata",44971922,44971922,43461001,6
"89F9E725F908B7AB740CAEFC1444ED71B1352681","hunter\sdf\pc\data\sdf-D-3195.sdfdata",33887075,33887075,31118367,6
"89F9E725F908B7AB740CAEFC1444ED71B1352681","hunter\sdf\pc\data\sdf-D-3196.sdfdata",33525174,33525174,31463116,6
"89F9E725F908B7AB740CAEFC1444ED71B1352681","hunter\sdf\pc\data\sdf-D-3197.sdfdata",32565061,32565061,30846463,6
"89F9E725F908B7AB740CAEFC1444ED71B1352681","hunter\sdf\pc\data\sdf-D-3198.sdfdata",33188275,33188275,31058986,6
"89F9E725F908B7AB740CAEFC1444ED71B1352681","hunter\sdf\pc\data\sdf-D-3199.sdfdata",105291948,105291948,104807172,6
"89F9E725F908B7AB740CAEFC1444ED71B1352681","hunter\sdf\pc\data\sdf-D-3200.sdfdata",113730172,113730172,111717761,6
"89F9E725F908B7AB740CAEFC1444ED71B1352681","hunter\sdf\pc\data\sdf-D-3201.sdfdata",84722724,84722724,83432088,6
"89F9E725F908B7AB740CAEFC1444ED71B1352681","hunter\sdf\pc\data\sdf-D-3202.sdfdata",30181885,30181885,28238324,6
"89F9E725F908B7AB740CAEFC1444ED71B1352681","hunter\sdf\pc\data\sdf-D-3203.sdfdata",33550756,33550756,33506178,6
"89F9E725F908B7AB740CAEFC1444ED71B1352681","hunter\sdf\pc\data\sdf-D-3204.sdfdata",33533239,33533239,33477318,6
"89F9E725F908B7AB740CAEFC1444ED71B1352681","hunter\sdf\pc\data\sdf-D-3205.sdfdata",33423645,33423645,33396345,6
"89F9E725F908B7AB740CAEFC1444ED71B1352681","hunter\sdf\pc\data\sdf-D-3206.sdfdata",33551914,33551914,33491972,6
"89F9E725F908B7AB740CAEFC1444ED71B1352681","hunter\sdf\pc\data\sdf-D-3207.sdfdata",33522855,33522855,33442466,6
"89F9E725F908B7AB740CAEFC1444ED71B1352681","hunter\sdf\pc\data\sdf-D-3208.sdfdata",32932845,32932845,31577195,6
"89F9E725F908B7AB740CAEFC1444ED71B1352681","hunter\sdf\pc\data\sdf-D-3209.sdfdata",33140520,33140520,32069168,6
"89F9E725F908B7AB740CAEFC1444ED71B1352681","hunter\sdf\pc\data\sdf-D-3210.sdfdata",25524775,25524775,23637904,6
"89F9E725F908B7AB740CAEFC1444ED71B1352681","hunter\sdf\pc\data\sdf-D-3211.sdfdata",32293767,32293767,30102131,6
"89F9E725F908B7AB740CAEFC1444ED71B1352681","hunter\sdf\pc\data\sdf-D-3212.sdfdata",29443334,29443334,27657067,6
"89F9E725F908B7AB740CAEFC1444ED71B1352681","hunter\sdf\pc\data\sdf-D-3213.sdfdata",31402487,31402487,29761920,6
"89F9E725F908B7AB740CAEFC1444ED71B1352681","hunter\sdf\pc\data\sdf-D-3214.sdfdata",33568553,33568553,31724015,6
"89F9E725F908B7AB740CAEFC1444ED71B1352681","hunter\sdf\pc\data\sdf-D-3215.sdfdata",33548088,33548088,24875663,6
"89F9E725F908B7AB740CAEFC1444ED71B1352681","hunter\sdf\pc\data\sdf-D-3216.sdfdata",32040901,32040901,29653049,6
"89F9E725F908B7AB740CAEFC1444ED71B1352681","hunter\sdf\pc\data\sdf-D-3217.sdfdata",31876024,31876024,29977418,6
"89F9E725F908B7AB740CAEFC1444ED71B1352681","hunter\sdf\pc\data\sdf-D-3218.sdfdata",33880758,33880758,32959837,6
"89F9E725F908B7AB740CAEFC1444ED71B1352681","hunter\sdf\pc\data\sdf-D-3219.sdfdata",28901715,28901715,27635569,6
"89F9E725F908B7AB740CAEFC1444ED71B1352681","hunter\sdf\pc\data\sdf-D-3220.sdfdata",33547094,33547094,32606845,6
"89F9E725F908B7AB740CAEFC1444ED71B1352681","hunter\sdf\pc\data\sdf-D-3221.sdfdata",33519794,33519794,32033403,6
"89F9E725F908B7AB740CAEFC1444ED71B1352681","hunter\sdf\pc\data\sdf-D-3222.sdfdata",33537513,33537513,30752174,6
"89F9E725F908B7AB740CAEFC1444ED71B1352681","hunter\sdf\pc\data\sdf-D-3223.sdfdata",33347928,33347928,31169510,6
"89F9E725F908B7AB740CAEFC1444ED71B1352681","hunter\sdf\pc\data\sdf-D-3224.sdfdata",27962002,27962002,25925176,6
"89F9E725F908B7AB740CAEFC1444ED71B1352681","hunter\sdf\pc\data\sdf-D-3225.sdfdata",28234997,28234997,24424845,6
"89F9E725F908B7AB740CAEFC1444ED71B1352681","hunter\sdf\pc\data\sdf-D-3226.sdfdata",33549535,33549535,31062171,6
"89F9E725F908B7AB740CAEFC1444ED71B1352681","hunter\sdf\pc\data\sdf-D-3227.sdfdata",26284419,26284419,25161891,6
"89F9E725F908B7AB740CAEFC1444ED71B1352681","hunter\sdf\pc\data\sdf-D-3228.sdfdata",33649561,33649561,31533949,6
"89F9E725F908B7AB740CAEFC1444ED71B1352681","hunter\sdf\pc\data\sdf-D-3229.sdfdata",33456062,33456062,31868606,6
"89F9E725F908B7AB740CAEFC1444ED71B1352681","hunter\sdf\pc\data\sdf-D-3230.sdfdata",33440014,33440014,31534815,6
"89F9E725F908B7AB740CAEFC1444ED71B1352681","hunter\sdf\pc\data\sdf-D-3231.sdfdata",33530735,33530735,32102143,6
"89F9E725F908B7AB740CAEFC1444ED71B1352681","hunter\sdf\pc\data\sdf-D-3232.sdfdata",30689264,30689264,29202761,6
"89F9E725F908B7AB740CAEFC1444ED71B1352681","hunter\sdf\pc\data\sdf-D-3233.sdfdata",25126337,25126337,23597617,6
"89F9E725F908B7AB740CAEFC1444ED71B1352681","hunter\sdf\pc\data\sdf-D-3234.sdfdata",29192309,29192309,27526714,6
"89F9E725F908B7AB740CAEFC1444ED71B1352681","hunter\sdf\pc\data\sdf-D-3235.sdfdata",22148497,22148497,20905396,6
"89F9E725F908B7AB740CAEFC1444ED71B1352681","hunter\sdf\pc\data\sdf-D-3236.sdfdata",28706233,28706233,27060341,6
"89F9E725F908B7AB740CAEFC1444ED71B1352681","hunter\sdf\pc\data\sdf-D-3237.sdfdata",32533391,32533391,28728252,6
"89F9E725F908B7AB740CAEFC1444ED71B1352681","hunter\sdf\pc\data\sdf-D-3238.sdfdata",33627025,33627025,30791511,6
"89F9E725F908B7AB740CAEFC1444ED71B1352681","hunter\sdf\pc\data\sdf-D-3239.sdfdata",41156742,41156742,38618718,6
"89F9E725F908B7AB740CAEFC1444ED71B1352681","hunter\sdf\pc\data\sdf-D-3240.sdfdata",32729117,32729117,31020038,6
"89F9E725F908B7AB740CAEFC1444ED71B1352681","hunter\sdf\pc\data\sdf-D-3241.sdfdata",31276269,31276269,28031080,6
"89F9E725F908B7AB740CAEFC1444ED71B1352681","hunter\sdf\pc\data\sdf-D-3242.sdfdata",27061566,27061566,25741259,6
"89F9E725F908B7AB740CAEFC1444ED71B1352681","hunter\sdf\pc\data\sdf-D-3243.sdfdata",34504159,34504159,31905148,6
"89F9E725F908B7AB740CAEFC1444ED71B1352681","hunter\sdf\pc\data\sdf-D-3244.sdfdata",33219470,33219470,31891591,6
"89F9E725F908B7AB740CAEFC1444ED71B1352681","hunter\sdf\pc\data\sdf-D-3245.sdfdata",31562896,31562896,30347118,6
"89F9E725F908B7AB740CAEFC1444ED71B1352681","hunter\sdf\pc\data\sdf-D-3246.sdfdata",33548006,33548006,32299697,6
"89F9E725F908B7AB740CAEFC1444ED71B1352681","hunter\sdf\pc\data\sdf-D-3247.sdfdata",33581289,33581289,32843359,6
"89F9E725F908B7AB740CAEFC1444ED71B1352681","hunter\sdf\pc\data\sdf-D-3248.sdfdata",33351788,33351788,32100963,6
"89F9E725F908B7AB740CAEFC1444ED71B1352681","hunter\sdf\pc\data\sdf-D-3249.sdfdata",33525285,33525285,32414756,6
"89F9E725F908B7AB740CAEFC1444ED71B1352681","hunter\sdf\pc\data\sdf-D-3250.sdfdata",33542280,33542280,32134164,6
"89F9E725F908B7AB740CAEFC1444ED71B1352681","hunter\sdf\pc\data\sdf-D-3251.sdfdata",27662529,27662529,25667831,6
"89F9E725F908B7AB740CAEFC1444ED71B1352681","hunter\sdf\pc\data\sdf-D-3252.sdfdata",31777113,31777113,30300138,6
"89F9E725F908B7AB740CAEFC1444ED71B1352681","hunter\sdf\pc\data\sdf-D-3253.sdfdata",89333116,89333116,87698283,6
"89F9E725F908B7AB740CAEFC1444ED71B1352681","hunter\sdf\pc\data\sdf-D-3254.sdfdata",33535257,33535257,32346256,6
"89F9E725F908B7AB740CAEFC1444ED71B1352681","hunter\sdf\pc\data\sdf-D-3255.sdfdata",30975860,30975860,29227704,6
"89F9E725F908B7AB740CAEFC1444ED71B1352681","hunter\sdf\pc\data\sdf-D-3256.sdfdata",33054671,33054671,31171788,6
"89F9E725F908B7AB740CAEFC1444ED71B1352681","hunter\sdf\pc\data\sdf-D-3257.sdfdata",33464299,33464299,31560275,6
"89F9E725F908B7AB740CAEFC1444ED71B1352681","hunter\sdf\pc\data\sdf-D-3258.sdfdata",26986142,26986142,24661538,6
"89F9E725F908B7AB740CAEFC1444ED71B1352681","hunter\sdf\pc\data\sdf-D-3259.sdfdata",32839068,32839068,30571222,6
"89F9E725F908B7AB740CAEFC1444ED71B1352681","hunter\sdf\pc\data\sdf-D-3260.sdfdata",29340871,29340871,27499291,6
"89F9E725F908B7AB740CAEFC1444ED71B1352681","hunter\sdf\pc\data\sdf-D-3261.sdfdata",28929053,28929053,22138392,6
"89F9E725F908B7AB740CAEFC1444ED71B1352681","hunter\sdf\pc\data\sdf-D-3262.sdfdata",27450363,27450363,25494606,6
"89F9E725F908B7AB740CAEFC1444ED71B1352681","hunter\sdf\pc\data\sdf-D-3263.sdfdata",33550936,33550936,32238024,6
"89F9E725F908B7AB740CAEFC1444ED71B1352681","hunter\sdf\pc\data\sdf-D-3264.sdfdata",33542549,33542549,31611924,6
"89F9E725F908B7AB740CAEFC1444ED71B1352681","hunter\sdf\pc\data\sdf-D-3265.sdfdata",24610884,24610884,22906312,6
"89F9E725F908B7AB740CAEFC1444ED71B1352681","hunter\sdf\pc\data\sdf-D-3266.sdfdata",32082197,32082197,29771290,6
"89F9E725F908B7AB740CAEFC1444ED71B1352681","hunter\sdf\pc\data\sdf-D-3267.sdfdata",47735543,47735543,46042660,6
"89F9E725F908B7AB740CAEFC1444ED71B1352681","hunter\sdf\pc\data\sdf-D-3268.sdfdata",30430567,30430567,28423278,6
"89F9E725F908B7AB740CAEFC1444ED71B1352681","hunter\sdf\pc\data\sdf-D-3269.sdfdata",33563071,33563071,32315628,6
"89F9E725F908B7AB740CAEFC1444ED71B1352681","hunter\sdf\pc\data\sdf-D-3270.sdfdata",76352804,76352804,75005831,6
"89F9E725F908B7AB740CAEFC1444ED71B1352681","hunter\sdf\pc\data\sdf-D-3271.sdfdata",66713860,66713860,66256852,6
"89F9E725F908B7AB740CAEFC1444ED71B1352681","hunter\sdf\pc\data\sdf-D-3272.sdfdata",33081186,33081186,31957530,6
"89F9E725F908B7AB740CAEFC1444ED71B1352681","hunter\sdf\pc\data\sdf-D-3273.sdfdata",32450919,32450919,31332877,6
"89F9E725F908B7AB740CAEFC1444ED71B1352681","hunter\sdf\pc\data\sdf-D-3274.sdfdata",33551439,33551439,33007201,6
"89F9E725F908B7AB740CAEFC1444ED71B1352681","hunter\sdf\pc\data\sdf-D-3275.sdfdata",33557107,33557107,31851598,6
"89F9E725F908B7AB740CAEFC1444ED71B1352681","hunter\sdf\pc\data\sdf-D-3276.sdfdata",33543005,33543005,31804571,6
"89F9E725F908B7AB740CAEFC1444ED71B1352681","hunter\sdf\pc\data\sdf-D-3277.sdfdata",32811745,32811745,30700648,6
"89F9E725F908B7AB740CAEFC1444ED71B1352681","hunter\sdf\pc\data\sdf-D-3278.sdfdata",33551438,33551438,33064530,6
"89F9E725F908B7AB740CAEFC1444ED71B1352681","hunter\sdf\pc\data\sdf-D-3279.sdfdata",42031763,42031763,40229944,6
"89F9E725F908B7AB740CAEFC1444ED71B1352681","hunter\sdf\pc\data\sdf-D-3280.sdfdata",31833914,31833914,29744526,6
"89F9E725F908B7AB740CAEFC1444ED71B1352681","hunter\sdf\pc\data\sdf-D-3281.sdfdata",31351253,31351253,30210637,6
"89F9E725F908B7AB740CAEFC1444ED71B1352681","hunter\sdf\pc\data\sdf-D-3282.sdfdata",107692512,107692512,105224059,6
"89F9E725F908B7AB740CAEFC1444ED71B1352681","hunter\sdf\pc\data\sdf-D-3283.sdfdata",29639307,29639307,27951230,6
"89F9E725F908B7AB740CAEFC1444ED71B1352681","hunter\sdf\pc\data\sdf-D-3284.sdfdata",25834805,25834805,25280771,6
"89F9E725F908B7AB740CAEFC1444ED71B1352681","hunter\sdf\pc\data\sdf-D-3285.sdfdata",33488460,33488460,32444840,6
"89F9E725F908B7AB740CAEFC1444ED71B1352681","hunter\sdf\pc\data\sdf-D-3286.sdfdata",27793894,27793894,26004514,6
"89F9E725F908B7AB740CAEFC1444ED71B1352681","hunter\sdf\pc\data\sdf-D-3287.sdfdata",32707741,32707741,31527714,6
"89F9E725F908B7AB740CAEFC1444ED71B1352681","hunter\sdf\pc\data\sdf-D-3288.sdfdata",29066394,29066394,27046418,6
"89F9E725F908B7AB740CAEFC1444ED71B1352681","hunter\sdf\pc\data\sdf-D-3289.sdfdata",33104003,33104003,31165495,6
"89F9E725F908B7AB740CAEFC1444ED71B1352681","hunter\sdf\pc\data\sdf-D-3290.sdfdata",32676170,32676170,30534565,6
"89F9E725F908B7AB740CAEFC1444ED71B1352681","hunter\sdf\pc\data\sdf-D-3291.sdfdata",33330936,33330936,31222442,6
"89F9E725F908B7AB740CAEFC1444ED71B1352681","hunter\sdf\pc\data\sdf-D-3292.sdfdata",26790130,26790130,25368760,6
"89F9E725F908B7AB740CAEFC1444ED71B1352681","hunter\sdf\pc\data\sdf-D-3293.sdfdata",33508651,33508651,31100618,6
"89F9E725F908B7AB740CAEFC1444ED71B1352681","hunter\sdf\pc\data\sdf-D-3294.sdfdata",31405663,31405663,30447908,6
"89F9E725F908B7AB740CAEFC1444ED71B1352681","hunter\sdf\pc\data\sdf-D-3295.sdfdata",33525227,33525227,32451244,6
"89F9E725F908B7AB740CAEFC1444ED71B1352681","hunter\sdf\pc\data\sdf-D-3296.sdfdata",29550438,29550438,27315651,6
"89F9E725F908B7AB740CAEFC1444ED71B1352681","hunter\sdf\pc\data\sdf-D-3297.sdfdata",33620646,33620646,31028329,6
"89F9E725F908B7AB740CAEFC1444ED71B1352681","hunter\sdf\pc\data\sdf-D-3298.sdfdata",27489212,27489212,25578167,6
"89F9E725F908B7AB740CAEFC1444ED71B1352681","hunter\sdf\pc\data\sdf-D-3299.sdfdata",28927593,28927593,26980826,6
"89F9E725F908B7AB740CAEFC1444ED71B1352681","hunter\sdf\pc\data\sdf-D-3300.sdfdata",28708187,28708187,26861807,6
"89F9E725F908B7AB740CAEFC1444ED71B1352681","hunter\sdf\pc\data\sdf-D-3301.sdfdata",28314418,28314418,27329632,6
"89F9E725F908B7AB740CAEFC1444ED71B1352681","hunter\sdf\pc\data\sdf-D-3302.sdfdata",33515662,33515662,32158311,6
"89F9E725F908B7AB740CAEFC1444ED71B1352681","hunter\sdf\pc\data\sdf-D-3303.sdfdata",33561671,33561671,32102157,6
"89F9E725F908B7AB740CAEFC1444ED71B1352681","hunter\sdf\pc\data\sdf-D-3304.sdfdata",33390233,33390233,32195479,6
"89F9E725F908B7AB740CAEFC1444ED71B1352681","hunter\sdf\pc\data\sdf-D-3305.sdfdata",33530651,33530651,32166759,6
"89F9E725F908B7AB740CAEFC1444ED71B1352681","hunter\sdf\pc\data\sdf-D-3306.sdfdata",29860403,29860403,28330814,6
"89F9E725F908B7AB740CAEFC1444ED71B1352681","hunter\sdf\pc\data\sdf-D-3307.sdfdata",33517878,33517878,32668480,6
"89F9E725F908B7AB740CAEFC1444ED71B1352681","hunter\sdf\pc\data\sdf-D-3308.sdfdata",32834613,32834613,32620108,6
"89F9E725F908B7AB740CAEFC1444ED71B1352681","hunter\sdf\pc\data\sdf-D-3309.sdfdata",30671479,30671479,30479052,6
"89F9E725F908B7AB740CAEFC1444ED71B1352681","hunter\sdf\pc\data\sdf-D-3310.sdfdata",32132426,32132426,28655343,6
"89F9E725F908B7AB740CAEFC1444ED71B1352681","hunter\sdf\pc\data\sdf-D-3311.sdfdata",33860073,33860073,32244589,6
"89F9E725F908B7AB740CAEFC1444ED71B1352681","hunter\sdf\pc\data\sdf-D-3312.sdfdata",31206507,31206507,28756203,6
"89F9E725F908B7AB740CAEFC1444ED71B1352681","hunter\sdf\pc\data\sdf-D-3313.sdfdata",33532351,33532351,32897577,6
"89F9E725F908B7AB740CAEFC1444ED71B1352681","hunter\sdf\pc\data\sdf-D-3314.sdfdata",33552940,33552940,32932858,6
"89F9E725F908B7AB740CAEFC1444ED71B1352681","hunter\sdf\pc\data\sdf-D-3315.sdfdata",33428488,33428488,31108520,6
"89F9E725F908B7AB740CAEFC1444ED71B1352681","hunter\sdf\pc\data\sdf-D-3316.sdfdata",33479568,33479568,30651155,6
"89F9E725F908B7AB740CAEFC1444ED71B1352681","hunter\sdf\pc\data\sdf-D-3317.sdfdata",33389094,33389094,32799108,6
"89F9E725F908B7AB740CAEFC1444ED71B1352681","hunter\sdf\pc\data\sdf-D-3318.sdfdata",33554316,33554316,32883208,6
"89F9E725F908B7AB740CAEFC1444ED71B1352681","hunter\sdf\pc\data\sdf-D-3319.sdfdata",79284196,79284196,76956168,6
"89F9E725F908B7AB740CAEFC1444ED71B1352681","hunter\sdf\pc\data\sdf-D-3320.sdfdata",29050674,29050674,25294533,6
"89F9E725F908B7AB740CAEFC1444ED71B1352681","hunter\sdf\pc\data\sdf-D-3321.sdfdata",33595990,33595990,30013658,6
"89F9E725F908B7AB740CAEFC1444ED71B1352681","hunter\sdf\pc\data\sdf-D-3322.sdfdata",88049848,88049848,86436249,6
"89F9E725F908B7AB740CAEFC1444ED71B1352681","hunter\sdf\pc\data\sdf-D-3323.sdfdata",88049848,88049848,86436249,6
"89F9E725F908B7AB740CAEFC1444ED71B1352681","hunter\sdf\pc\data\sdf-D-3324.sdfdata",33590514,33590514,30154989,6
"89F9E725F908B7AB740CAEFC1444ED71B1352681","hunter\sdf\pc\data\sdf-D-3325.sdfdata",33562284,33562284,24300304,6
"89F9E725F908B7AB740CAEFC1444ED71B1352681","hunter\sdf\pc\data\sdf-D-3326.sdfdata",33593544,33593544,27175829,6
"89F9E725F908B7AB740CAEFC1444ED71B1352681","hunter\sdf\pc\data\sdf-D-3327.sdfdata",33456830,33456830,30450465,6
"89F9E725F908B7AB740CAEFC1444ED71B1352681","hunter\sdf\pc\data\sdf-D-3328.sdfdata",33556530,33556530,23251880,6
"89F9E725F908B7AB740CAEFC1444ED71B1352681","hunter\sdf\pc\data\sdf-D-3329.sdfdata",33561251,33561251,21210473,6
"89F9E725F908B7AB740CAEFC1444ED71B1352681","hunter\sdf\pc\data\sdf-D-3330.sdfdata",33559649,33559649,21754669,6
"89F9E725F908B7AB740CAEFC1444ED71B1352681","hunter\sdf\pc\data\sdf-D-3331.sdfdata",33560345,33560345,22283689,6
"89F9E725F908B7AB740CAEFC1444ED71B1352681","hunter\sdf\pc\data\sdf-D-3332.sdfdata",33558863,33558863,22927241,6
"89F9E725F908B7AB740CAEFC1444ED71B1352681","hunter\sdf\pc\data\sdf-D-3333.sdfdata",33561466,33561466,27240157,6
"89F9E725F908B7AB740CAEFC1444ED71B1352681","hunter\sdf\pc\data\sdf-D-3334.sdfdata",29111988,29111988,25883326,6
"89F9E725F908B7AB740CAEFC1444ED71B1352681","hunter\sdf\pc\data\sdf-D-3335.sdfdata",29150581,29150581,26342880,6
"89F9E725F908B7AB740CAEFC1444ED71B1352681","hunter\sdf\pc\data\sdf-D-3336.sdfdata",31018516,31018516,29002680,6
"89F9E725F908B7AB740CAEFC1444ED71B1352681","hunter\sdf\pc\data\sdf-D-3337.sdfdata",33402073,33402073,30139069,6
"89F9E725F908B7AB740CAEFC1444ED71B1352681","hunter\sdf\pc\data\sdf-D-3338.sdfdata",31243142,31243142,29902949,6
"89F9E725F908B7AB740CAEFC1444ED71B1352681","hunter\sdf\pc\data\sdf-D-3339.sdfdata",31903361,31903361,28167185,6
"89F9E725F908B7AB740CAEFC1444ED71B1352681","hunter\sdf\pc\data\sdf-D-3340.sdfdata",33549390,33549390,32554015,6
"89F9E725F908B7AB740CAEFC1444ED71B1352681","hunter\sdf\pc\data\sdf-D-3341.sdfdata",33229062,33229062,27075612,6
"89F9E725F908B7AB740CAEFC1444ED71B1352681","hunter\sdf\pc\data\sdf-D-3342.sdfdata",33551072,33551072,31492776,6
"89F9E725F908B7AB740CAEFC1444ED71B1352681","hunter\sdf\pc\data\sdf-D-3343.sdfdata",28132583,28132583,26804165,6
"89F9E725F908B7AB740CAEFC1444ED71B1352681","hunter\sdf\pc\data\sdf-D-3344.sdfdata",28291305,28291305,25094171,6
"89F9E725F908B7AB740CAEFC1444ED71B1352681","hunter\sdf\pc\data\sdf-D-3345.sdfdata",27071339,27071339,24346290,6
"89F9E725F908B7AB740CAEFC1444ED71B1352681","hunter\sdf\pc\data\sdf-D-3346.sdfdata",27605739,27605739,25059601,6
"89F9E725F908B7AB740CAEFC1444ED71B1352681","hunter\sdf\pc\data\sdf-D-3347.sdfdata",33081655,33081655,30253372,6
"89F9E725F908B7AB740CAEFC1444ED71B1352681","hunter\sdf\pc\data\sdf-D-3348.sdfdata",33553255,33553255,32437466,6
"89F9E725F908B7AB740CAEFC1444ED71B1352681","hunter\sdf\pc\data\sdf-D-3349.sdfdata",33564211,33564211,32336045,6
"89F9E725F908B7AB740CAEFC1444ED71B1352681","hunter\sdf\pc\data\sdf-D-3350.sdfdata",31080776,31080776,29440357,6
"89F9E725F908B7AB740CAEFC1444ED71B1352681","hunter\sdf\pc\data\sdf-D-3351.sdfdata",33525137,33525137,29655466,6
"89F9E725F908B7AB740CAEFC1444ED71B1352681","hunter\sdf\pc\data\sdf-D-3352.sdfdata",33508254,33508254,31767732,6
"89F9E725F908B7AB740CAEFC1444ED71B1352681","hunter\sdf\pc\data\sdf-D-3353.sdfdata",33462763,33462763,32223326,6
"89F9E725F908B7AB740CAEFC1444ED71B1352681","hunter\sdf\pc\data\sdf-D-3354.sdfdata",33530739,33530739,32098953,6
"89F9E725F908B7AB740CAEFC1444ED71B1352681","hunter\sdf\pc\data\sdf-D-3355.sdfdata",33733420,33733420,32481098,6
"89F9E725F908B7AB740CAEFC1444ED71B1352681","hunter\sdf\pc\data\sdf-D-3356.sdfdata",33583269,33583269,31781995,6
"89F9E725F908B7AB740CAEFC1444ED71B1352681","hunter\sdf\pc\data\sdf-D-3357.sdfdata",34007006,34007006,32367131,6
"89F9E725F908B7AB740CAEFC1444ED71B1352681","hunter\sdf\pc\data\sdf-D-3358.sdfdata",31131987,31131987,28139233,6
"89F9E725F908B7AB740CAEFC1444ED71B1352681","hunter\sdf\pc\data\sdf-D-3359.sdfdata",86008648,86008648,84613824,6
"89F9E725F908B7AB740CAEFC1444ED71B1352681","hunter\sdf\pc\data\sdf-D-3360.sdfdata",33509951,33509951,30741315,6
"89F9E725F908B7AB740CAEFC1444ED71B1352681","hunter\sdf\pc\data\sdf-D-3361.sdfdata",33550291,33550291,32534050,6
"89F9E725F908B7AB740CAEFC1444ED71B1352681","hunter\sdf\pc\data\sdf-D-3362.sdfdata",30913604,30913604,29612227,6
"89F9E725F908B7AB740CAEFC1444ED71B1352681","hunter\sdf\pc\data\sdf-D-3363.sdfdata",33570297,33570297,32181328,6
"89F9E725F908B7AB740CAEFC1444ED71B1352681","hunter\sdf\pc\data\sdf-D-3364.sdfdata",91180788,91180788,89607066,6
"89F9E725F908B7AB740CAEFC1444ED71B1352681","hunter\sdf\pc\data\sdf-D-3365.sdfdata",33561390,33561390,32357168,6
"89F9E725F908B7AB740CAEFC1444ED71B1352681","hunter\sdf\pc\data\sdf-D-3366.sdfdata",91449772,91449772,89854479,6
"89F9E725F908B7AB740CAEFC1444ED71B1352681","hunter\sdf\pc\data\sdf-D-3367.sdfdata",32659659,32659659,30546053,6
"89F9E725F908B7AB740CAEFC1444ED71B1352681","hunter\sdf\pc\data\sdf-D-3368.sdfdata",30333345,30333345,30231107,6
"89F9E725F908B7AB740CAEFC1444ED71B1352681","hunter\sdf\pc\data\sdf-D-3369.sdfdata",30524737,30524737,29515899,6
"89F9E725F908B7AB740CAEFC1444ED71B1352681","hunter\sdf\pc\data\sdf-D-3370.sdfdata",27763856,27763856,26379092,6
"89F9E725F908B7AB740CAEFC1444ED71B1352681","hunter\sdf\pc\data\sdf-D-3371.sdfdata",29290166,29290166,28094678,6
"89F9E725F908B7AB740CAEFC1444ED71B1352681","hunter\sdf\pc\data\sdf-D-3372.sdfdata",27943657,27943657,26353516,6
"89F9E725F908B7AB740CAEFC1444ED71B1352681","hunter\sdf\pc\data\sdf-D-3373.sdfdata",31960163,31960163,27884252,6
"89F9E725F908B7AB740CAEFC1444ED71B1352681","hunter\sdf\pc\data\sdf-D-3374.sdfdata",34796568,34796568,33224995,6
"89F9E725F908B7AB740CAEFC1444ED71B1352681","hunter\sdf\pc\data\sdf-D-3375.sdfdata",28970811,28970811,27808424,6
"89F9E725F908B7AB740CAEFC1444ED71B1352681","hunter\sdf\pc\data\sdf-D-3376.sdfdata",39745886,39745886,37996293,6
"89F9E725F908B7AB740CAEFC1444ED71B1352681","hunter\sdf\pc\data\sdf-D-3377.sdfdata",33436372,33436372,31680514,6
"89F9E725F908B7AB740CAEFC1444ED71B1352681","hunter\sdf\pc\data\sdf-D-3378.sdfdata",32068751,32068751,30223679,6
"89F9E725F908B7AB740CAEFC1444ED71B1352681","hunter\sdf\pc\data\sdf-D-3379.sdfdata",52120548,52120548,51481558,6
"89F9E725F908B7AB740CAEFC1444ED71B1352681","hunter\sdf\pc\data\sdf-D-3380.sdfdata",31578354,31578354,30056282,6
"89F9E725F908B7AB740CAEFC1444ED71B1352681","hunter\sdf\pc\data\sdf-D-3381.sdfdata",31876883,31876883,29875308,6
"89F9E725F908B7AB740CAEFC1444ED71B1352681","hunter\sdf\pc\data\sdf-D-3382.sdfdata",33548906,33548906,31983476,6
"89F9E725F908B7AB740CAEFC1444ED71B1352681","hunter\sdf\pc\data\sdf-D-3383.sdfdata",34249938,34249938,32674506,6
"89F9E725F908B7AB740CAEFC1444ED71B1352681","hunter\sdf\pc\data\sdf-D-3384.sdfdata",33549575,33549575,31599568,6
"89F9E725F908B7AB740CAEFC1444ED71B1352681","hunter\sdf\pc\data\sdf-D-3385.sdfdata",30198534,30198534,28367272,6
"89F9E725F908B7AB740CAEFC1444ED71B1352681","hunter\sdf\pc\data\sdf-D-3386.sdfdata",34914777,34914777,33131738,6
"89F9E725F908B7AB740CAEFC1444ED71B1352681","hunter\sdf\pc\data\sdf-D-3387.sdfdata",33546819,33546819,31955985,6
"89F9E725F908B7AB740CAEFC1444ED71B1352681","hunter\sdf\pc\data\sdf-D-3388.sdfdata",33525018,33525018,29763798,6
"89F9E725F908B7AB740CAEFC1444ED71B1352681","hunter\sdf\pc\data\sdf-D-3389.sdfdata",33501257,33501257,31265264,6
"89F9E725F908B7AB740CAEFC1444ED71B1352681","hunter\sdf\pc\data\sdf-D-3390.sdfdata",33517128,33517128,32926562,6
"89F9E725F908B7AB740CAEFC1444ED71B1352681","hunter\sdf\pc\data\sdf-D-3391.sdfdata",33542427,33542427,31680785,6
"89F9E725F908B7AB740CAEFC1444ED71B1352681","hunter\sdf\pc\data\sdf-D-3392.sdfdata",32972228,32972228,31655400,6
"89F9E725F908B7AB740CAEFC1444ED71B1352681","hunter\sdf\pc\data\sdf-D-3393.sdfdata",28659827,28659827,24477091,6
"89F9E725F908B7AB740CAEFC1444ED71B1352681","hunter\sdf\pc\data\sdf-D-3394.sdfdata",33627771,33627771,32052643,6
"89F9E725F908B7AB740CAEFC1444ED71B1352681","hunter\sdf\pc\data\sdf-D-3395.sdfdata",31727586,31727586,29074087,6
"89F9E725F908B7AB740CAEFC1444ED71B1352681","hunter\sdf\pc\data\sdf-D-3396.sdfdata",32611081,32611081,30243330,6
"89F9E725F908B7AB740CAEFC1444ED71B1352681","hunter\sdf\pc\data\sdf-D-3397.sdfdata",27842389,27842389,23071116,6
"89F9E725F908B7AB740CAEFC1444ED71B1352681","hunter\sdf\pc\data\sdf-D-3398.sdfdata",29744275,29744275,27802706,6
"89F9E725F908B7AB740CAEFC1444ED71B1352681","hunter\sdf\pc\data\sdf-D-3399.sdfdata",33498695,33498695,32675076,6
"89F9E725F908B7AB740CAEFC1444ED71B1352681","hunter\sdf\pc\data\sdf-D-3400.sdfdata",33396065,33396065,31057848,6
"89F9E725F908B7AB740CAEFC1444ED71B1352681","hunter\sdf\pc\data\sdf-D-3401.sdfdata",54522204,54522204,53959944,6
"89F9E725F908B7AB740CAEFC1444ED71B1352681","hunter\sdf\pc\data\sdf-D-3402.sdfdata",29841280,29841280,29379227,6
"89F9E725F908B7AB740CAEFC1444ED71B1352681","hunter\sdf\pc\data\sdf-D-3403.sdfdata",35658985,35658985,33420785,6
"89F9E725F908B7AB740CAEFC1444ED71B1352681","hunter\sdf\pc\data\sdf-D-3404.sdfdata",33552417,33552417,31874186,6
"89F9E725F908B7AB740CAEFC1444ED71B1352681","hunter\sdf\pc\data\sdf-D-3405.sdfdata",33557885,33557885,32390172,6
"89F9E725F908B7AB740CAEFC1444ED71B1352681","hunter\sdf\pc\data\sdf-D-3406.sdfdata",33367271,33367271,32068424,6
"89F9E725F908B7AB740CAEFC1444ED71B1352681","hunter\sdf\pc\data\sdf-D-3407.sdfdata",33553490,33553490,32196751,6
"89F9E725F908B7AB740CAEFC1444ED71B1352681","hunter\sdf\pc\data\sdf-D-3408.sdfdata",27971489,27971489,26920275,6
"89F9E725F908B7AB740CAEFC1444ED71B1352681","hunter\sdf\pc\data\sdf-D-3409.sdfdata",32978082,32978082,29792043,6
"89F9E725F908B7AB740CAEFC1444ED71B1352681","hunter\sdf\pc\data\sdf-D-3410.sdfdata",32232939,32232939,30132717,6
"89F9E725F908B7AB740CAEFC1444ED71B1352681","hunter\sdf\pc\data\sdf-D-3411.sdfdata",31932505,31932505,28852199,6
"89F9E725F908B7AB740CAEFC1444ED71B1352681","hunter\sdf\pc\data\sdf-D-3412.sdfdata",31323852,31323852,28829819,6
"89F9E725F908B7AB740CAEFC1444ED71B1352681","hunter\sdf\pc\data\sdf-D-3413.sdfdata",28147851,28147851,26862547,6
"89F9E725F908B7AB740CAEFC1444ED71B1352681","hunter\sdf\pc\data\sdf-D-3414.sdfdata",30112813,30112813,28876652,6
"89F9E725F908B7AB740CAEFC1444ED71B1352681","hunter\sdf\pc\data\sdf-D-3415.sdfdata",33522057,33522057,31112327,6
"89F9E725F908B7AB740CAEFC1444ED71B1352681","hunter\sdf\pc\data\sdf-D-3416.sdfdata",33551455,33551455,31785557,6
"89F9E725F908B7AB740CAEFC1444ED71B1352681","hunter\sdf\pc\data\sdf-D-3417.sdfdata",29649358,29649358,28146166,6
"89F9E725F908B7AB740CAEFC1444ED71B1352681","hunter\sdf\pc\data\sdf-D-3418.sdfdata",32360689,32360689,31883735,6
"89F9E725F908B7AB740CAEFC1444ED71B1352681","hunter\sdf\pc\data\sdf-D-3419.sdfdata",33218985,33218985,32958835,6
"89F9E725F908B7AB740CAEFC1444ED71B1352681","hunter\sdf\pc\data\sdf-D-3420.sdfdata",33556673,33556673,30771275,6
"89F9E725F908B7AB740CAEFC1444ED71B1352681","hunter\sdf\pc\data\sdf-D-3421.sdfdata",27436236,27436236,25039745,6
"89F9E725F908B7AB740CAEFC1444ED71B1352681","hunter\sdf\pc\data\sdf-D-3422.sdfdata",33522201,33522201,33047768,6
"89F9E725F908B7AB740CAEFC1444ED71B1352681","hunter\sdf\pc\data\sdf-D-3423.sdfdata",31324899,31324899,26373971,6
"89F9E725F908B7AB740CAEFC1444ED71B1352681","hunter\sdf\pc\data\sdf-D-3424.sdfdata",33556935,33556935,29828969,6
"89F9E725F908B7AB740CAEFC1444ED71B1352681","hunter\sdf\pc\data\sdf-D-3425.sdfdata",27180144,27180144,25769884,6
"89F9E725F908B7AB740CAEFC1444ED71B1352681","hunter\sdf\pc\data\sdf-D-3426.sdfdata",109579076,109579076,108794750,6
"89F9E725F908B7AB740CAEFC1444ED71B1352681","hunter\sdf\pc\data\sdf-D-3427.sdfdata",27328994,27328994,25314123,6
"89F9E725F908B7AB740CAEFC1444ED71B1352681","hunter\sdf\pc\data\sdf-D-3428.sdfdata",33123321,33123321,31609690,6
"89F9E725F908B7AB740CAEFC1444ED71B1352681","hunter\sdf\pc\data\sdf-D-3429.sdfdata",33524540,33524540,31386470,6
"89F9E725F908B7AB740CAEFC1444ED71B1352681","hunter\sdf\pc\data\sdf-D-3430.sdfdata",31513122,31513122,29708685,6
"89F9E725F908B7AB740CAEFC1444ED71B1352681","hunter\sdf\pc\data\sdf-D-3431.sdfdata",32969873,32969873,31131346,6
"89F9E725F908B7AB740CAEFC1444ED71B1352681","hunter\sdf\pc\data\sdf-D-3432.sdfdata",27621690,27621690,26708734,6
"89F9E725F908B7AB740CAEFC1444ED71B1352681","hunter\sdf\pc\data\sdf-D-3433.sdfdata",93712408,93712408,92851953,6
"89F9E725F908B7AB740CAEFC1444ED71B1352681","hunter\sdf\pc\data\sdf-D-3434.sdfdata",62875340,62875340,62279543,6
"89F9E725F908B7AB740CAEFC1444ED71B1352681","hunter\sdf\pc\data\sdf-D-3435.sdfdata",32824206,32824206,30744628,6
"89F9E725F908B7AB740CAEFC1444ED71B1352681","hunter\sdf\pc\data\sdf-D-3436.sdfdata",33547272,33547272,31912819,6
"89F9E725F908B7AB740CAEFC1444ED71B1352681","hunter\sdf\pc\data\sdf-D-3437.sdfdata",33551351,33551351,32322114,6
"89F9E725F908B7AB740CAEFC1444ED71B1352681","hunter\sdf\pc\data\sdf-D-3438.sdfdata",29954583,29954583,26581426,6
"89F9E725F908B7AB740CAEFC1444ED71B1352681","hunter\sdf\pc\data\sdf-D-3439.sdfdata",32230898,32230898,26277311,6
"89F9E725F908B7AB740CAEFC1444ED71B1352681","hunter\sdf\pc\data\sdf-D-3440.sdfdata",32208509,32208509,30396417,6
"89F9E725F908B7AB740CAEFC1444ED71B1352681","hunter\sdf\pc\data\sdf-D-3441.sdfdata",572763720,572763720,566064573,6
"89F9E725F908B7AB740CAEFC1444ED71B1352681","hunter\sdf\pc\data\sdf-D-3442.sdfdata",28376481,28376481,27294657,6
"89F9E725F908B7AB740CAEFC1444ED71B1352681","hunter\sdf\pc\data\sdf-D-3443.sdfdata",33437139,33437139,30882442,6
"89F9E725F908B7AB740CAEFC1444ED71B1352681","hunter\sdf\pc\data\sdf-D-3444.sdfdata",33301292,33301292,30416067,6
"89F9E725F908B7AB740CAEFC1444ED71B1352681","hunter\sdf\pc\data\sdf-D-3445.sdfdata",28334885,28334885,27381088,6
"89F9E725F908B7AB740CAEFC1444ED71B1352681","hunter\sdf\pc\data\sdf-D-3446.sdfdata",31780423,31780423,27983631,6
"89F9E725F908B7AB740CAEFC1444ED71B1352681","hunter\sdf\pc\data\sdf-D-3447.sdfdata",33495979,33495979,32447085,6
"89F9E725F908B7AB740CAEFC1444ED71B1352681","hunter\sdf\pc\data\sdf-D-3448.sdfdata",33632359,33632359,33465670,6
"89F9E725F908B7AB740CAEFC1444ED71B1352681","hunter\sdf\pc\data\sdf-D-3449.sdfdata",33904206,33904206,33692513,6
"89F9E725F908B7AB740CAEFC1444ED71B1352681","hunter\sdf\pc\data\sdf-D-3450.sdfdata",33554754,33554754,33011713,6
"89F9E725F908B7AB740CAEFC1444ED71B1352681","hunter\sdf\pc\data\sdf-D-3451.sdfdata",33667502,33667502,33314419,6
"89F9E725F908B7AB740CAEFC1444ED71B1352681","hunter\sdf\pc\data\sdf-D-3452.sdfdata",33648175,33648175,33428649,6
"89F9E725F908B7AB740CAEFC1444ED71B1352681","hunter\sdf\pc\data\sdf-D-3453.sdfdata",33598283,33598283,33421932,6
"89F9E725F908B7AB740CAEFC1444ED71B1352681","hunter\sdf\pc\data\sdf-D-3454.sdfdata",33837582,33837582,33675016,6
"89F9E725F908B7AB740CAEFC1444ED71B1352681","hunter\sdf\pc\data\sdf-D-3455.sdfdata",32032885,32032885,30447964,6
"89F9E725F908B7AB740CAEFC1444ED71B1352681","hunter\sdf\pc\data\sdf-D-3456.sdfdata",33737150,33737150,32099116,6
"89F9E725F908B7AB740CAEFC1444ED71B1352681","hunter\sdf\pc\data\sdf-D-3457.sdfdata",24164178,24164178,22803646,6
"89F9E725F908B7AB740CAEFC1444ED71B1352681","hunter\sdf\pc\data\sdf-D-3458.sdfdata",32494995,32494995,30615870,6
"89F9E725F908B7AB740CAEFC1444ED71B1352681","hunter\sdf\pc\data\sdf-D-3459.sdfdata",31550150,31550150,29120640,6
"89F9E725F908B7AB740CAEFC1444ED71B1352681","hunter\sdf\pc\data\sdf-D-3460.sdfdata",32255549,32255549,28722673,6
"89F9E725F908B7AB740CAEFC1444ED71B1352681","hunter\sdf\pc\data\sdf-D-3461.sdfdata",42755345,42755345,41398192,6
"89F9E725F908B7AB740CAEFC1444ED71B1352681","hunter\sdf\pc\data\sdf-D-3462.sdfdata",25114177,25114177,22910960,6
"89F9E725F908B7AB740CAEFC1444ED71B1352681","hunter\sdf\pc\data\sdf-D-3463.sdfdata",34624166,34624166,32487566,6
"89F9E725F908B7AB740CAEFC1444ED71B1352681","hunter\sdf\pc\data\sdf-D-3464.sdfdata",32774099,32774099,30647315,6
"89F9E725F908B7AB740CAEFC1444ED71B1352681","hunter\sdf\pc\data\sdf-D-3465.sdfdata",32927921,32927921,30839278,6
"89F9E725F908B7AB740CAEFC1444ED71B1352681","hunter\sdf\pc\data\sdf-D-3466.sdfdata",33507440,33507440,32284977,6
"89F9E725F908B7AB740CAEFC1444ED71B1352681","hunter\sdf\pc\data\sdf-D-3467.sdfdata",32645700,32645700,31261960,6
"89F9E725F908B7AB740CAEFC1444ED71B1352681","hunter\sdf\pc\data\sdf-D-3468.sdfdata",33288777,33288777,31897359,6
"89F9E725F908B7AB740CAEFC1444ED71B1352681","hunter\sdf\pc\data\sdf-D-3469.sdfdata",33361954,33361954,32357053,6
"89F9E725F908B7AB740CAEFC1444ED71B1352681","hunter\sdf\pc\data\sdf-D-3470.sdfdata",33556390,33556390,32708180,6
"89F9E725F908B7AB740CAEFC1444ED71B1352681","hunter\sdf\pc\data\sdf-D-3471.sdfdata",75773236,75773236,74460979,6
"89F9E725F908B7AB740CAEFC1444ED71B1352681","hunter\sdf\pc\data\sdf-D-3472.sdfdata",51714252,51714252,51235013,6
"89F9E725F908B7AB740CAEFC1444ED71B1352681","hunter\sdf\pc\data\sdf-D-3473.sdfdata",26135053,26135053,25149988,6
"89F9E725F908B7AB740CAEFC1444ED71B1352681","hunter\sdf\pc\data\sdf-D-3474.sdfdata",30181706,30181706,29126425,6
"89F9E725F908B7AB740CAEFC1444ED71B1352681","hunter\sdf\pc\data\sdf-D-3475.sdfdata",33528649,33528649,28453919,6
"89F9E725F908B7AB740CAEFC1444ED71B1352681","hunter\sdf\pc\data\sdf-D-3476.sdfdata",28365277,28365277,27315759,6
"89F9E725F908B7AB740CAEFC1444ED71B1352681","hunter\sdf\pc\data\sdf-D-3477.sdfdata",31276547,31276547,28579224,6
"89F9E725F908B7AB740CAEFC1444ED71B1352681","hunter\sdf\pc\data\sdf-D-3478.sdfdata",29730889,29730889,23587925,6
"89F9E725F908B7AB740CAEFC1444ED71B1352681","hunter\sdf\pc\data\sdf-D-3479.sdfdata",33609299,33609299,32634095,6
"89F9E725F908B7AB740CAEFC1444ED71B1352681","hunter\sdf\pc\data\sdf-D-3480.sdfdata",34357828,34357828,33723326,6
"89F9E725F908B7AB740CAEFC1444ED71B1352681","hunter\sdf\pc\data\sdf-D-3481.sdfdata",33393880,33393880,31341702,6
"89F9E725F908B7AB740CAEFC1444ED71B1352681","hunter\sdf\pc\data\sdf-D-3482.sdfdata",33547524,33547524,31335572,6
"89F9E725F908B7AB740CAEFC1444ED71B1352681","hunter\sdf\pc\data\sdf-D-3483.sdfdata",33517433,33517433,30835274,6
"89F9E725F908B7AB740CAEFC1444ED71B1352681","hunter\sdf\pc\data\sdf-D-3484.sdfdata",30732546,30732546,29033781,6
"89F9E725F908B7AB740CAEFC1444ED71B1352681","hunter\sdf\pc\data\sdf-D-3485.sdfdata",32883188,32883188,30941784,6
"89F9E725F908B7AB740CAEFC1444ED71B1352681","hunter\sdf\pc\data\sdf-D-3486.sdfdata",32853351,32853351,30773305,6
"89F9E725F908B7AB740CAEFC1444ED71B1352681","hunter\sdf\pc\data\sdf-D-3487.sdfdata",33498857,33498857,30816763,6
"89F9E725F908B7AB740CAEFC1444ED71B1352681","hunter\sdf\pc\data\sdf-D-3488.sdfdata",31625019,31625019,25863695,6
"89F9E725F908B7AB740CAEFC1444ED71B1352681","hunter\sdf\pc\data\sdf-D-3489.sdfdata",33517262,33517262,30757038,6
"89F9E725F908B7AB740CAEFC1444ED71B1352681","hunter\sdf\pc\data\sdf-D-3490.sdfdata",33532309,33532309,31567684,6
"89F9E725F908B7AB740CAEFC1444ED71B1352681","hunter\sdf\pc\data\sdf-D-3491.sdfdata",33553733,33553733,31357627,6
"89F9E725F908B7AB740CAEFC1444ED71B1352681","hunter\sdf\pc\data\sdf-D-3492.sdfdata",33534592,33534592,31566056,6
"89F9E725F908B7AB740CAEFC1444ED71B1352681","hunter\sdf\pc\data\sdf-D-3493.sdfdata",33560491,33560491,31985904,6
"89F9E725F908B7AB740CAEFC1444ED71B1352681","hunter\sdf\pc\data\sdf-D-3494.sdfdata",33400007,33400007,31801439,6
"89F9E725F908B7AB740CAEFC1444ED71B1352681","hunter\sdf\pc\data\sdf-D-3495.sdfdata",32959606,32959606,30612852,6
"89F9E725F908B7AB740CAEFC1444ED71B1352681","hunter\sdf\pc\data\sdf-D-3496.sdfdata",33387026,33387026,30320522,6
"89F9E725F908B7AB740CAEFC1444ED71B1352681","hunter\sdf\pc\data\sdf-D-3497.sdfdata",29031235,29031235,27719192,6
"89F9E725F908B7AB740CAEFC1444ED71B1352681","hunter\sdf\pc\data\sdf-D-3498.sdfdata",29786516,29786516,27745981,6
"89F9E725F908B7AB740CAEFC1444ED71B1352681","hunter\sdf\pc\data\sdf-D-3499.sdfdata",32141403,32141403,30866964,6
"89F9E725F908B7AB740CAEFC1444ED71B1352681","hunter\sdf\pc\data\sdf-D-3500.sdfdata",32676862,32676862,31073833,6
"89F9E725F908B7AB740CAEFC1444ED71B1352681","hunter\sdf\pc\data\sdf-D-3501.sdfdata",32812945,32812945,31063263,6
"89F9E725F908B7AB740CAEFC1444ED71B1352681","hunter\sdf\pc\data\sdf-D-3502.sdfdata",31637736,31637736,29720772,6
"89F9E725F908B7AB740CAEFC1444ED71B1352681","hunter\sdf\pc\data\sdf-D-3503.sdfdata",31524128,31524128,29646656,6
"89F9E725F908B7AB740CAEFC1444ED71B1352681","hunter\sdf\pc\data\sdf-D-3504.sdfdata",33548928,33548928,32769829,6
"89F9E725F908B7AB740CAEFC1444ED71B1352681","hunter\sdf\pc\data\sdf-D-3505.sdfdata",29508141,29508141,25873531,6
"89F9E725F908B7AB740CAEFC1444ED71B1352681","hunter\sdf\pc\data\sdf-D-3506.sdfdata",30440524,30440524,29546413,6
"89F9E725F908B7AB740CAEFC1444ED71B1352681","hunter\sdf\pc\data\sdf-D-3507.sdfdata",31230038,31230038,29516686,6
"89F9E725F908B7AB740CAEFC1444ED71B1352681","hunter\sdf\pc\data\sdf-D-3508.sdfdata",29699188,29699188,28044062,6
"89F9E725F908B7AB740CAEFC1444ED71B1352681","hunter\sdf\pc\data\sdf-D-3509.sdfdata",44131382,44131382,42820702,6
"89F9E725F908B7AB740CAEFC1444ED71B1352681","hunter\sdf\pc\data\sdf-D-3510.sdfdata",33801899,33801899,30049129,6
"89F9E725F908B7AB740CAEFC1444ED71B1352681","hunter\sdf\pc\data\sdf-D-3511.sdfdata",28862713,28862713,26173024,6
"89F9E725F908B7AB740CAEFC1444ED71B1352681","hunter\sdf\pc\data\sdf-D-3512.sdfdata",33254583,33254583,31488078,6
"89F9E725F908B7AB740CAEFC1444ED71B1352681","hunter\sdf\pc\data\sdf-D-3513.sdfdata",32129414,32129414,30909793,6
"89F9E725F908B7AB740CAEFC1444ED71B1352681","hunter\sdf\pc\data\sdf-D-3514.sdfdata",33401181,33401181,32234866,6
"89F9E725F908B7AB740CAEFC1444ED71B1352681","hunter\sdf\pc\data\sdf-D-3515.sdfdata",32083671,32083671,30937088,6
"89F9E725F908B7AB740CAEFC1444ED71B1352681","hunter\sdf\pc\data\sdf-D-3516.sdfdata",30412049,30412049,30026800,6
"89F9E725F908B7AB740CAEFC1444ED71B1352681","hunter\sdf\pc\data\sdf-D-3517.sdfdata",33736156,33736156,32456488,6
"89F9E725F908B7AB740CAEFC1444ED71B1352681","hunter\sdf\pc\data\sdf-D-3518.sdfdata",65562601,65562601,64664880,6
"89F9E725F908B7AB740CAEFC1444ED71B1352681","hunter\sdf\pc\data\sdf-D-3519.sdfdata",65720356,65720356,64920925,6
"89F9E725F908B7AB740CAEFC1444ED71B1352681","hunter\sdf\pc\data\sdf-D-3520.sdfdata",60672771,60672771,60088145,6
"89F9E725F908B7AB740CAEFC1444ED71B1352681","hunter\sdf\pc\data\sdf-D-3521.sdfdata",56992897,56992897,56621419,6
"89F9E725F908B7AB740CAEFC1444ED71B1352681","hunter\sdf\pc\data\sdf-D-3522.sdfdata",33933135,33933135,33291398,6
"89F9E725F908B7AB740CAEFC1444ED71B1352681","hunter\sdf\pc\data\sdf-D-3523.sdfdata",37099512,37099512,36481182,6
"89F9E725F908B7AB740CAEFC1444ED71B1352681","hunter\sdf\pc\data\sdf-D-3524.sdfdata",68346284,68346284,67923218,6
"89F9E725F908B7AB740CAEFC1444ED71B1352681","hunter\sdf\pc\data\sdf-D-3525.sdfdata",36352785,36352785,35592022,6
"89F9E725F908B7AB740CAEFC1444ED71B1352681","hunter\sdf\pc\data\sdf-D-3526.sdfdata",34491314,34491314,33777808,6
"89F9E725F908B7AB740CAEFC1444ED71B1352681","hunter\sdf\pc\data\sdf-D-3527.sdfdata",70121665,70121665,69699818,6
"89F9E725F908B7AB740CAEFC1444ED71B1352681","hunter\sdf\pc\data\sdf-D-3528.sdfdata",32031141,32031141,31286316,6
"89F9E725F908B7AB740CAEFC1444ED71B1352681","hunter\sdf\pc\data\sdf-D-3529.sdfdata",66619398,66619398,66291869,6
"89F9E725F908B7AB740CAEFC1444ED71B1352681","hunter\sdf\pc\data\sdf-D-3530.sdfdata",73263419,73263419,72751472,6
"89F9E725F908B7AB740CAEFC1444ED71B1352681","hunter\sdf\pc\data\sdf-D-3531.sdfdata",57168933,57168933,56569603,6
"89F9E725F908B7AB740CAEFC1444ED71B1352681","hunter\sdf\pc\data\sdf-D-3532.sdfdata",87241159,87241159,86616688,6
"89F9E725F908B7AB740CAEFC1444ED71B1352681","hunter\sdf\pc\data\sdf-D-3533.sdfdata",33553438,33553438,32736595,6
"89F9E725F908B7AB740CAEFC1444ED71B1352681","hunter\sdf\pc\data\sdf-D-3534.sdfdata",34463310,34463310,33626883,6
"89F9E725F908B7AB740CAEFC1444ED71B1352681","hunter\sdf\pc\data\sdf-D-3535.sdfdata",33433535,33433535,31632762,6
"89F9E725F908B7AB740CAEFC1444ED71B1352681","hunter\sdf\pc\data\sdf-D-3536.sdfdata",57000039,57000039,56450790,6
"89F9E725F908B7AB740CAEFC1444ED71B1352681","hunter\sdf\pc\data\sdf-D-3537.sdfdata",33406254,33406254,31407387,6
"89F9E725F908B7AB740CAEFC1444ED71B1352681","hunter\sdf\pc\data\sdf-D-3538.sdfdata",62675036,62675036,62141017,6
"89F9E725F908B7AB740CAEFC1444ED71B1352681","hunter\sdf\pc\data\sdf-D-3539.sdfdata",60094234,60094234,59388420,6
"89F9E725F908B7AB740CAEFC1444ED71B1352681","hunter\sdf\pc\data\sdf-D-3540.sdfdata",33550967,33550967,32897566,6
"89F9E725F908B7AB740CAEFC1444ED71B1352681","hunter\sdf\pc\data\sdf-D-3541.sdfdata",33539280,33539280,31920229,6
"89F9E725F908B7AB740CAEFC1444ED71B1352681","hunter\sdf\pc\data\sdf-D-3542.sdfdata",28096443,28096443,25734049,6
"89F9E725F908B7AB740CAEFC1444ED71B1352681","hunter\sdf\pc\data\sdf-D-3543.sdfdata",33551408,33551408,32959608,6
"89F9E725F908B7AB740CAEFC1444ED71B1352681","hunter\sdf\pc\data\sdf-D-3544.sdfdata",33107457,33107457,31944849,6
"89F9E725F908B7AB740CAEFC1444ED71B1352681","hunter\sdf\pc\data\sdf-D-3545.sdfdata",33545653,33545653,33018637,6
"89F9E725F908B7AB740CAEFC1444ED71B1352681","hunter\sdf\pc\data\sdf-D-3546.sdfdata",33544183,33544183,32902870,6
"89F9E725F908B7AB740CAEFC1444ED71B1352681","hunter\sdf\pc\data\sdf-D-3547.sdfdata",33544417,33544417,31955304,6
"89F9E725F908B7AB740CAEFC1444ED71B1352681","hunter\sdf\pc\data\sdf-D-3548.sdfdata",31231955,31231955,30951296,6
"89F9E725F908B7AB740CAEFC1444ED71B1352681","hunter\sdf\pc\data\sdf-D-3549.sdfdata",22113512,22113512,20223118,6
"89F9E725F908B7AB740CAEFC1444ED71B1352681","hunter\sdf\pc\data\sdf-D-3550.sdfdata",32699714,32699714,31857634,6
"89F9E725F908B7AB740CAEFC1444ED71B1352681","hunter\sdf\pc\data\sdf-D-3551.sdfdata",33546929,33546929,32146357,6
"89F9E725F908B7AB740CAEFC1444ED71B1352681","hunter\sdf\pc\data\sdf-D-3552.sdfdata",33543786,33543786,32918279,6
"89F9E725F908B7AB740CAEFC1444ED71B1352681","hunter\sdf\pc\data\sdf-D-3553.sdfdata",29923445,29923445,28385075,6
"89F9E725F908B7AB740CAEFC1444ED71B1352681","hunter\sdf\pc\data\sdf-D-3554.sdfdata",42307011,42307011,40790795,6
"89F9E725F908B7AB740CAEFC1444ED71B1352681","hunter\sdf\pc\data\sdf-D-3555.sdfdata",33553480,33553480,32277004,6
"89F9E725F908B7AB740CAEFC1444ED71B1352681","hunter\sdf\pc\data\sdf-D-3556.sdfdata",33526126,33526126,31685651,6
"89F9E725F908B7AB740CAEFC1444ED71B1352681","hunter\sdf\pc\data\sdf-D-3557.sdfdata",32579709,32579709,31196226,6
"89F9E725F908B7AB740CAEFC1444ED71B1352681","hunter\sdf\pc\data\sdf-D-3558.sdfdata",30822581,30822581,26405727,6
"89F9E725F908B7AB740CAEFC1444ED71B1352681","hunter\sdf\pc\data\sdf-D-3559.sdfdata",33338764,33338764,32037571,6
"89F9E725F908B7AB740CAEFC1444ED71B1352681","hunter\sdf\pc\data\sdf-D-3560.sdfdata",33217873,33217873,31163740,6
"89F9E725F908B7AB740CAEFC1444ED71B1352681","hunter\sdf\pc\data\sdf-D-3561.sdfdata",28976966,28976966,27639124,6
"89F9E725F908B7AB740CAEFC1444ED71B1352681","hunter\sdf\pc\data\sdf-D-3562.sdfdata",33543649,33543649,32001845,6
"89F9E725F908B7AB740CAEFC1444ED71B1352681","hunter\sdf\pc\data\sdf-D-3563.sdfdata",34167783,34167783,31876443,6
"89F9E725F908B7AB740CAEFC1444ED71B1352681","hunter\sdf\pc\data\sdf-D-3564.sdfdata",23240195,23240195,21995315,6
"89F9E725F908B7AB740CAEFC1444ED71B1352681","hunter\sdf\pc\data\sdf-D-3565.sdfdata",33632144,33632144,31922231,6
"89F9E725F908B7AB740CAEFC1444ED71B1352681","hunter\sdf\pc\data\sdf-D-3566.sdfdata",33547068,33547068,31866581,6
"89F9E725F908B7AB740CAEFC1444ED71B1352681","hunter\sdf\pc\data\sdf-D-3567.sdfdata",23709371,23709371,22633235,6
"89F9E725F908B7AB740CAEFC1444ED71B1352681","hunter\sdf\pc\data\sdf-D-3568.sdfdata",33543233,33543233,31708662,6
"89F9E725F908B7AB740CAEFC1444ED71B1352681","hunter\sdf\pc\data\sdf-D-3569.sdfdata",30725968,30725968,28646463,6
"89F9E725F908B7AB740CAEFC1444ED71B1352681","hunter\sdf\pc\data\sdf-D-3570.sdfdata",33548775,33548775,31835979,6
"89F9E725F908B7AB740CAEFC1444ED71B1352681","hunter\sdf\pc\data\sdf-D-3571.sdfdata",33548157,33548157,31800354,6
"89F9E725F908B7AB740CAEFC1444ED71B1352681","hunter\sdf\pc\data\sdf-D-3572.sdfdata",33489633,33489633,31697240,6
"89F9E725F908B7AB740CAEFC1444ED71B1352681","hunter\sdf\pc\data\sdf-D-3573.sdfdata",33544039,33544039,31608613,6
"89F9E725F908B7AB740CAEFC1444ED71B1352681","hunter\sdf\pc\data\sdf-D-3574.sdfdata",33514551,33514551,31543554,6
"89F9E725F908B7AB740CAEFC1444ED71B1352681","hunter\sdf\pc\data\sdf-D-3575.sdfdata",33554348,33554348,31847925,6
"89F9E725F908B7AB740CAEFC1444ED71B1352681","hunter\sdf\pc\data\sdf-D-3576.sdfdata",33494063,33494063,31378922,6
"89F9E725F908B7AB740CAEFC1444ED71B1352681","hunter\sdf\pc\data\sdf-D-3577.sdfdata",33519067,33519067,31434560,6
"89F9E725F908B7AB740CAEFC1444ED71B1352681","hunter\sdf\pc\data\sdf-D-3578.sdfdata",33508828,33508828,31808662,6
"89F9E725F908B7AB740CAEFC1444ED71B1352681","hunter\sdf\pc\data\sdf-D-3579.sdfdata",33515651,33515651,31804587,6
"89F9E725F908B7AB740CAEFC1444ED71B1352681","hunter\sdf\pc\data\sdf-D-3580.sdfdata",49795688,49795688,48915287,6
"89F9E725F908B7AB740CAEFC1444ED71B1352681","hunter\sdf\pc\data\sdf-D-3581.sdfdata",39970956,39970956,39071296,6
"89F9E725F908B7AB740CAEFC1444ED71B1352681","hunter\sdf\pc\data\sdf-D-3582.sdfdata",32472133,32472133,31585714,6
"89F9E725F908B7AB740CAEFC1444ED71B1352681","hunter\sdf\pc\data\sdf-D-3583.sdfdata",33514755,33514755,32620075,6
"89F9E725F908B7AB740CAEFC1444ED71B1352681","hunter\sdf\pc\data\sdf-D-3584.sdfdata",33528840,33528840,32611047,6
"89F9E725F908B7AB740CAEFC1444ED71B1352681","hunter\sdf\pc\data\sdf-D-3585.sdfdata",33494121,33494121,32716757,6
"89F9E725F908B7AB740CAEFC1444ED71B1352681","hunter\sdf\pc\data\sdf-D-3586.sdfdata",33523143,33523143,32733037,6
"89F9E725F908B7AB740CAEFC1444ED71B1352681","hunter\sdf\pc\data\sdf-D-3587.sdfdata",33529311,33529311,32735448,6
"89F9E725F908B7AB740CAEFC1444ED71B1352681","hunter\sdf\pc\data\sdf-D-3588.sdfdata",33479262,33479262,32569659,6
"89F9E725F908B7AB740CAEFC1444ED71B1352681","hunter\sdf\pc\data\sdf-D-3589.sdfdata",33533447,33533447,32983240,6
"89F9E725F908B7AB740CAEFC1444ED71B1352681","hunter\sdf\pc\data\sdf-D-3590.sdfdata",31059472,31059472,30195077,6
"89F9E725F908B7AB740CAEFC1444ED71B1352681","hunter\sdf\pc\data\sdf-D-3591.sdfdata",30569573,30569573,29837379,6
"89F9E725F908B7AB740CAEFC1444ED71B1352681","hunter\sdf\pc\data\sdf-D-3592.sdfdata",33489123,33489123,32625776,6
"89F9E725F908B7AB740CAEFC1444ED71B1352681","hunter\sdf\pc\data\sdf-D-3593.sdfdata",33517580,33517580,32766234,6
"89F9E725F908B7AB740CAEFC1444ED71B1352681","hunter\sdf\pc\data\sdf-D-3594.sdfdata",33554232,33554232,32763140,6
"89F9E725F908B7AB740CAEFC1444ED71B1352681","hunter\sdf\pc\data\sdf-D-3595.sdfdata",33486320,33486320,32731580,6
"89F9E725F908B7AB740CAEFC1444ED71B1352681","hunter\sdf\pc\data\sdf-D-3596.sdfdata",33523214,33523214,32729360,6
"89F9E725F908B7AB740CAEFC1444ED71B1352681","hunter\sdf\pc\data\sdf-D-3597.sdfdata",33518957,33518957,32737744,6
"89F9E725F908B7AB740CAEFC1444ED71B1352681","hunter\sdf\pc\data\sdf-D-3598.sdfdata",33550771,33550771,32819517,6
"89F9E725F908B7AB740CAEFC1444ED71B1352681","hunter\sdf\pc\data\sdf-D-3599.sdfdata",33500989,33500989,32830460,6
"89F9E725F908B7AB740CAEFC1444ED71B1352681","hunter\sdf\pc\data\sdf-D-3600.sdfdata",33544259,33544259,32930409,6
"89F9E725F908B7AB740CAEFC1444ED71B1352681","hunter\sdf\pc\data\sdf-D-3601.sdfdata",33553924,33553924,32936620,6
"89F9E725F908B7AB740CAEFC1444ED71B1352681","hunter\sdf\pc\data\sdf-D-3602.sdfdata",33512011,33512011,32998339,6
"89F9E725F908B7AB740CAEFC1444ED71B1352681","hunter\sdf\pc\data\sdf-D-3603.sdfdata",33496368,33496368,32905442,6
"89F9E725F908B7AB740CAEFC1444ED71B1352681","hunter\sdf\pc\data\sdf-D-3604.sdfdata",33552072,33552072,32956954,6
"89F9E725F908B7AB740CAEFC1444ED71B1352681","hunter\sdf\pc\data\sdf-D-3605.sdfdata",33483676,33483676,32955618,6
"89F9E725F908B7AB740CAEFC1444ED71B1352681","hunter\sdf\pc\data\sdf-D-3606.sdfdata",33482106,33482106,32806580,6
"89F9E725F908B7AB740CAEFC1444ED71B1352681","hunter\sdf\pc\data\sdf-D-3607.sdfdata",33512806,33512806,32868101,6
"89F9E725F908B7AB740CAEFC1444ED71B1352681","hunter\sdf\pc\data\sdf-D-3608.sdfdata",33493728,33493728,32943627,6
"89F9E725F908B7AB740CAEFC1444ED71B1352681","hunter\sdf\pc\data\sdf-D-3609.sdfdata",33508247,33508247,32867097,6
"89F9E725F908B7AB740CAEFC1444ED71B1352681","hunter\sdf\pc\data\sdf-D-3610.sdfdata",33548143,33548143,33020775,6
"89F9E725F908B7AB740CAEFC1444ED71B1352681","hunter\sdf\pc\data\sdf-D-3611.sdfdata",33512408,33512408,33036174,6
"89F9E725F908B7AB740CAEFC1444ED71B1352681","hunter\sdf\pc\data\sdf-D-3612.sdfdata",33545020,33545020,33073023,6
"89F9E725F908B7AB740CAEFC1444ED71B1352681","hunter\sdf\pc\data\sdf-D-3613.sdfdata",33544454,33544454,33012950,6
"89F9E725F908B7AB740CAEFC1444ED71B1352681","hunter\sdf\pc\data\sdf-D-3614.sdfdata",33542653,33542653,32705505,6
"89F9E725F908B7AB740CAEFC1444ED71B1352681","hunter\sdf\pc\data\sdf-D-3615.sdfdata",33540370,33540370,32752578,6
"89F9E725F908B7AB740CAEFC1444ED71B1352681","hunter\sdf\pc\data\sdf-D-3616.sdfdata",33497011,33497011,32733760,6
"89F9E725F908B7AB740CAEFC1444ED71B1352681","hunter\sdf\pc\data\sdf-D-3617.sdfdata",33466936,33466936,32462805,6
"89F9E725F908B7AB740CAEFC1444ED71B1352681","hunter\sdf\pc\data\sdf-D-3618.sdfdata",27624510,27624510,26367576,6
"89F9E725F908B7AB740CAEFC1444ED71B1352681","hunter\sdf\pc\data\sdf-D-3619.sdfdata",32104803,32104803,28672537,6
"89F9E725F908B7AB740CAEFC1444ED71B1352681","hunter\sdf\pc\data\sdf-D-3620.sdfdata",22055536,22055536,19711333,6
"89F9E725F908B7AB740CAEFC1444ED71B1352681","hunter\sdf\pc\data\sdf-D-3621.sdfdata",30275174,30275174,29211577,6
"89F9E725F908B7AB740CAEFC1444ED71B1352681","hunter\sdf\pc\data\sdf-D-3622.sdfdata",33575278,33575278,32490643,6
"89F9E725F908B7AB740CAEFC1444ED71B1352681","hunter\sdf\pc\data\sdf-D-3623.sdfdata",32727309,32727309,31535949,6
"89F9E725F908B7AB740CAEFC1444ED71B1352681","hunter\sdf\pc\data\sdf-D-3624.sdfdata",32951293,32951293,31900974,6
"89F9E725F908B7AB740CAEFC1444ED71B1352681","hunter\sdf\pc\data\sdf-D-3625.sdfdata",32884741,32884741,31935786,6
"89F9E725F908B7AB740CAEFC1444ED71B1352681","hunter\sdf\pc\data\sdf-D-3626.sdfdata",33520740,33520740,33220460,6
"89F9E725F908B7AB740CAEFC1444ED71B1352681","hunter\sdf\pc\data\sdf-D-3627.sdfdata",33379641,33379641,30531209,6
"89F9E725F908B7AB740CAEFC1444ED71B1352681","hunter\sdf\pc\data\sdf-D-3628.sdfdata",33552803,33552803,33183109,6
"89F9E725F908B7AB740CAEFC1444ED71B1352681","hunter\sdf\pc\data\sdf-D-3629.sdfdata",33549016,33549016,33204628,6
"89F9E725F908B7AB740CAEFC1444ED71B1352681","hunter\sdf\pc\data\sdf-D-3630.sdfdata",33546092,33546092,33224613,6
"89F9E725F908B7AB740CAEFC1444ED71B1352681","hunter\sdf\pc\data\sdf-D-3631.sdfdata",33138655,33138655,23597197,6
"89F9E725F908B7AB740CAEFC1444ED71B1352681","hunter\sdf\pc\data\sdf-D-3632.sdfdata",33540116,33540116,32829855,6
"89F9E725F908B7AB740CAEFC1444ED71B1352681","hunter\sdf\pc\data\sdf-D-3633.sdfdata",33541468,33541468,32876756,6
"89F9E725F908B7AB740CAEFC1444ED71B1352681","hunter\sdf\pc\data\sdf-D-3634.sdfdata",33494271,33494271,31856222,6
"89F9E725F908B7AB740CAEFC1444ED71B1352681","hunter\sdf\pc\data\sdf-D-3635.sdfdata",33732291,33732291,32168253,6
"89F9E725F908B7AB740CAEFC1444ED71B1352681","hunter\sdf\pc\data\sdf-D-3636.sdfdata",32565567,32565567,31199871,6
"89F9E725F908B7AB740CAEFC1444ED71B1352681","hunter\sdf\pc\data\sdf-D-3637.sdfdata",31383617,31383617,29629626,6
"89F9E725F908B7AB740CAEFC1444ED71B1352681","hunter\sdf\pc\data\sdf-D-3638.sdfdata",31865795,31865795,30578344,6
"89F9E725F908B7AB740CAEFC1444ED71B1352681","hunter\sdf\pc\data\sdf-D-3639.sdfdata",30007161,30007161,28670237,6
"89F9E725F908B7AB740CAEFC1444ED71B1352681","hunter\sdf\pc\data\sdf-D-3640.sdfdata",26124820,26124820,25444614,6
"89F9E725F908B7AB740CAEFC1444ED71B1352681","hunter\sdf\pc\data\sdf-D-3641.sdfdata",35228284,35228284,32105951,6
"89F9E725F908B7AB740CAEFC1444ED71B1352681","hunter\sdf\pc\data\sdf-D-3642.sdfdata",28972929,28972929,28495218,6
"89F9E725F908B7AB740CAEFC1444ED71B1352681","hunter\sdf\pc\data\sdf-D-3643.sdfdata",33415901,33415901,31270458,6
"89F9E725F908B7AB740CAEFC1444ED71B1352681","hunter\sdf\pc\data\sdf-D-3644.sdfdata",31494715,31494715,30706019,6
"89F9E725F908B7AB740CAEFC1444ED71B1352681","hunter\sdf\pc\data\sdf-D-3645.sdfdata",31561331,31561331,30418275,6
"89F9E725F908B7AB740CAEFC1444ED71B1352681","hunter\sdf\pc\data\sdf-D-3646.sdfdata",33771616,33771616,33021208,6
"89F9E725F908B7AB740CAEFC1444ED71B1352681","hunter\sdf\pc\data\sdf-D-3647.sdfdata",33536963,33536963,31590721,6
"89F9E725F908B7AB740CAEFC1444ED71B1352681","hunter\sdf\pc\data\sdf-D-3648.sdfdata",34217001,34217001,33002270,6
"89F9E725F908B7AB740CAEFC1444ED71B1352681","hunter\sdf\pc\data\sdf-D-3649.sdfdata",45486566,45486566,44127444,6
"89F9E725F908B7AB740CAEFC1444ED71B1352681","hunter\sdf\pc\data\sdf-D-3650.sdfdata",31795961,31795961,31559105,6
"89F9E725F908B7AB740CAEFC1444ED71B1352681","hunter\sdf\pc\data\sdf-D-3651.sdfdata",33551374,33551374,32057845,6
"89F9E725F908B7AB740CAEFC1444ED71B1352681","hunter\sdf\pc\data\sdf-D-3652.sdfdata",33476131,33476131,32807767,6
"89F9E725F908B7AB740CAEFC1444ED71B1352681","hunter\sdf\pc\data\sdf-D-3653.sdfdata",33555447,33555447,32837301,6
"89F9E725F908B7AB740CAEFC1444ED71B1352681","hunter\sdf\pc\data\sdf-D-3654.sdfdata",26982440,26982440,24645728,6
"89F9E725F908B7AB740CAEFC1444ED71B1352681","hunter\sdf\pc\data\sdf-D-3655.sdfdata",51181212,51181212,50564800,6
"89F9E725F908B7AB740CAEFC1444ED71B1352681","hunter\sdf\pc\data\sdf-D-3656.sdfdata",33558834,33558834,32689838,6
"89F9E725F908B7AB740CAEFC1444ED71B1352681","hunter\sdf\pc\data\sdf-D-3657.sdfdata",28705011,28705011,27217677,6
"89F9E725F908B7AB740CAEFC1444ED71B1352681","hunter\sdf\pc\data\sdf-D-3658.sdfdata",30442603,30442603,29304641,6
"89F9E725F908B7AB740CAEFC1444ED71B1352681","hunter\sdf\pc\data\sdf-D-3659.sdfdata",33314718,33314718,32918083,6
"89F9E725F908B7AB740CAEFC1444ED71B1352681","hunter\sdf\pc\data\sdf-D-3660.sdfdata",35090126,35090126,33457621,6
"89F9E725F908B7AB740CAEFC1444ED71B1352681","hunter\sdf\pc\data\sdf-D-3661.sdfdata",33557694,33557694,32794736,6
"89F9E725F908B7AB740CAEFC1444ED71B1352681","hunter\sdf\pc\data\sdf-D-3662.sdfdata",27876301,27876301,27496634,6
"89F9E725F908B7AB740CAEFC1444ED71B1352681","hunter\sdf\pc\data\sdf-D-3663.sdfdata",34815146,34815146,34458519,6
"89F9E725F908B7AB740CAEFC1444ED71B1352681","hunter\sdf\pc\data\sdf-D-3664.sdfdata",33550725,33550725,32851534,6
"89F9E725F908B7AB740CAEFC1444ED71B1352681","hunter\sdf\pc\data\sdf-D-3665.sdfdata",28851948,28851948,26553289,6
"89F9E725F908B7AB740CAEFC1444ED71B1352681","hunter\sdf\pc\data\sdf-D-3666.sdfdata",33535165,33535165,32926357,6
"89F9E725F908B7AB740CAEFC1444ED71B1352681","hunter\sdf\pc\data\sdf-D-3667.sdfdata",33544937,33544937,32380323,6
"89F9E725F908B7AB740CAEFC1444ED71B1352681","hunter\sdf\pc\data\sdf-D-3668.sdfdata",33529794,33529794,31902760,6
"89F9E725F908B7AB740CAEFC1444ED71B1352681","hunter\sdf\pc\data\sdf-D-3669.sdfdata",31735834,31735834,30320644,6
"89F9E725F908B7AB740CAEFC1444ED71B1352681","hunter\sdf\pc\data\sdf-D-3670.sdfdata",33762602,33762602,33270345,6
"89F9E725F908B7AB740CAEFC1444ED71B1352681","hunter\sdf\pc\data\sdf-D-3671.sdfdata",30249097,30249097,26962291,6
"89F9E725F908B7AB740CAEFC1444ED71B1352681","hunter\sdf\pc\data\sdf-D-3672.sdfdata",27805051,27805051,25052769,6
"89F9E725F908B7AB740CAEFC1444ED71B1352681","hunter\sdf\pc\data\sdf-D-3673.sdfdata",37251952,37251952,37071944,6
"89F9E725F908B7AB740CAEFC1444ED71B1352681","hunter\sdf\pc\data\sdf-D-3674.sdfdata",34139196,34139196,33704326,6
"89F9E725F908B7AB740CAEFC1444ED71B1352681","hunter\sdf\pc\data\sdf-D-3675.sdfdata",33605172,33605172,33222249,6
"89F9E725F908B7AB740CAEFC1444ED71B1352681","hunter\sdf\pc\data\sdf-D-3676.sdfdata",33417518,33417518,27974781,6
"89F9E725F908B7AB740CAEFC1444ED71B1352681","hunter\sdf\pc\data\sdf-D-3677.sdfdata",33539962,33539962,32625601,6
"89F9E725F908B7AB740CAEFC1444ED71B1352681","hunter\sdf\pc\data\sdf-D-3678.sdfdata",27170182,27170182,22345557,6
"89F9E725F908B7AB740CAEFC1444ED71B1352681","hunter\sdf\pc\data\sdf-D-3679.sdfdata",33527199,33527199,32261195,6
"89F9E725F908B7AB740CAEFC1444ED71B1352681","hunter\sdf\pc\data\sdf-D-3680.sdfdata",26779819,26779819,23995875,6
"89F9E725F908B7AB740CAEFC1444ED71B1352681","hunter\sdf\pc\data\sdf-D-3681.sdfdata",26895509,26895509,23150729,6
"89F9E725F908B7AB740CAEFC1444ED71B1352681","hunter\sdf\pc\data\sdf-D-3682.sdfdata",33573491,33573491,33278973,6
"89F9E725F908B7AB740CAEFC1444ED71B1352681","hunter\sdf\pc\data\sdf-D-3683.sdfdata",33582236,33582236,33253297,6
"89F9E725F908B7AB740CAEFC1444ED71B1352681","hunter\sdf\pc\data\sdf-D-3684.sdfdata",33730147,33730147,30659907,6
"89F9E725F908B7AB740CAEFC1444ED71B1352681","hunter\sdf\pc\data\sdf-D-3685.sdfdata",34082056,34082056,33752903,6
"89F9E725F908B7AB740CAEFC1444ED71B1352681","hunter\sdf\pc\data\sdf-D-3686.sdfdata",33560780,33560780,32821651,6
"89F9E725F908B7AB740CAEFC1444ED71B1352681","hunter\sdf\pc\data\sdf-D-3687.sdfdata",33535843,33535843,31541455,6
"89F9E725F908B7AB740CAEFC1444ED71B1352681","hunter\sdf\pc\data\sdf-D-3688.sdfdata",33554669,33554669,32910585,6
"89F9E725F908B7AB740CAEFC1444ED71B1352681","hunter\sdf\pc\data\sdf-D-3689.sdfdata",34101645,34101645,30556782,6
"89F9E725F908B7AB740CAEFC1444ED71B1352681","hunter\sdf\pc\data\sdf-D-3690.sdfdata",93228626,93228626,91877048,6
"89F9E725F908B7AB740CAEFC1444ED71B1352681","hunter\sdf\pc\data\sdf-D-3691.sdfdata",30654204,30654204,26496912,6
"89F9E725F908B7AB740CAEFC1444ED71B1352681","hunter\sdf\pc\data\sdf-D-3692.sdfdata",32328142,32328142,31916080,6
"89F9E725F908B7AB740CAEFC1444ED71B1352681","hunter\sdf\pc\data\sdf-D-3693.sdfdata",33540604,33540604,33172307,6
"89F9E725F908B7AB740CAEFC1444ED71B1352681","hunter\sdf\pc\data\sdf-D-3694.sdfdata",33552747,33552747,33246078,6
"89F9E725F908B7AB740CAEFC1444ED71B1352681","hunter\sdf\pc\data\sdf-D-3695.sdfdata",26117212,26117212,24274117,6
"89F9E725F908B7AB740CAEFC1444ED71B1352681","hunter\sdf\pc\data\sdf-D-3696.sdfdata",33563500,33563500,31334711,6
"89F9E725F908B7AB740CAEFC1444ED71B1352681","hunter\sdf\pc\data\sdf-D-3697.sdfdata",33611476,33611476,31102216,6
"89F9E725F908B7AB740CAEFC1444ED71B1352681","hunter\sdf\pc\data\sdf-D-3698.sdfdata",29959138,29959138,27866273,6
"89F9E725F908B7AB740CAEFC1444ED71B1352681","hunter\sdf\pc\data\sdf-D-3699.sdfdata",32100949,32100949,30455524,6
"89F9E725F908B7AB740CAEFC1444ED71B1352681","hunter\sdf\pc\data\sdf-D-3700.sdfdata",29198104,29198104,27692507,6
"89F9E725F908B7AB740CAEFC1444ED71B1352681","hunter\sdf\pc\data\sdf-D-3701.sdfdata",27537181,27537181,26050316,6
"89F9E725F908B7AB740CAEFC1444ED71B1352681","hunter\sdf\pc\data\sdf-D-3702.sdfdata",28923898,28923898,26496100,6
"89F9E725F908B7AB740CAEFC1444ED71B1352681","hunter\sdf\pc\data\sdf-D-3703.sdfdata",33318191,33318191,28373914,6
"89F9E725F908B7AB740CAEFC1444ED71B1352681","hunter\sdf\pc\data\sdf-D-3704.sdfdata",32360249,32360249,30184552,6
"89F9E725F908B7AB740CAEFC1444ED71B1352681","hunter\sdf\pc\data\sdf-D-3705.sdfdata",33575150,33575150,32701112,6
"89F9E725F908B7AB740CAEFC1444ED71B1352681","hunter\sdf\pc\data\sdf-D-3706.sdfdata",33349634,33349634,30197155,6
"89F9E725F908B7AB740CAEFC1444ED71B1352681","hunter\sdf\pc\data\sdf-D-3707.sdfdata",31253064,31253064,29408561,6
"89F9E725F908B7AB740CAEFC1444ED71B1352681","hunter\sdf\pc\data\sdf-D-3708.sdfdata",33509436,33509436,32402663,6
"89F9E725F908B7AB740CAEFC1444ED71B1352681","hunter\sdf\pc\data\sdf-D-3709.sdfdata",36268485,36268485,33835643,6
"89F9E725F908B7AB740CAEFC1444ED71B1352681","hunter\sdf\pc\data\sdf-D-3710.sdfdata",33503339,33503339,32186689,6
"89F9E725F908B7AB740CAEFC1444ED71B1352681","hunter\sdf\pc\data\sdf-D-3711.sdfdata",33250592,33250592,31584720,6
"89F9E725F908B7AB740CAEFC1444ED71B1352681","hunter\sdf\pc\data\sdf-D-3712.sdfdata",33559707,33559707,32031199,6
"89F9E725F908B7AB740CAEFC1444ED71B1352681","hunter\sdf\pc\data\sdf-D-3713.sdfdata",28863150,28863150,26941233,6
"89F9E725F908B7AB740CAEFC1444ED71B1352681","hunter\sdf\pc\data\sdf-D-3714.sdfdata",33231866,33231866,29094558,6
"89F9E725F908B7AB740CAEFC1444ED71B1352681","hunter\sdf\pc\data\sdf-D-3715.sdfdata",33546514,33546514,32787706,6
"89F9E725F908B7AB740CAEFC1444ED71B1352681","hunter\sdf\pc\data\sdf-D-3716.sdfdata",29506235,29506235,27600616,6
"89F9E725F908B7AB740CAEFC1444ED71B1352681","hunter\sdf\pc\data\sdf-D-3717.sdfdata",28515290,28515290,28169579,6
"89F9E725F908B7AB740CAEFC1444ED71B1352681","hunter\sdf\pc\data\sdf-D-3718.sdfdata",33514524,33514524,31834726,6
"89F9E725F908B7AB740CAEFC1444ED71B1352681","hunter\sdf\pc\data\sdf-D-3719.sdfdata",31275214,31275214,25996714,6
"89F9E725F908B7AB740CAEFC1444ED71B1352681","hunter\sdf\pc\data\sdf-D-3720.sdfdata",168285896,168285896,168013093,6
"89F9E725F908B7AB740CAEFC1444ED71B1352681","hunter\sdf\pc\data\sdf-D-3721.sdfdata",39250384,39250384,38842883,6
"89F9E725F908B7AB740CAEFC1444ED71B1352681","hunter\sdf\pc\data\sdf-D-3722.sdfdata",245595364,245595364,242543818,6
"89F9E725F908B7AB740CAEFC1444ED71B1352681","hunter\sdf\pc\data\sdf-D-3723.sdfdata",29243900,29243900,25299138,6
"89F9E725F908B7AB740CAEFC1444ED71B1352681","hunter\sdf\pc\data\sdf-D-3724.sdfdata",29351072,29351072,24625747,6
"89F9E725F908B7AB740CAEFC1444ED71B1352681","hunter\sdf\pc\data\sdf-D-3725.sdfdata",30311140,30311140,26753536,6
"89F9E725F908B7AB740CAEFC1444ED71B1352681","hunter\sdf\pc\data\sdf-D-3726.sdfdata",33547421,33547421,30537721,6
"89F9E725F908B7AB740CAEFC1444ED71B1352681","hunter\sdf\pc\data\sdf-D-3727.sdfdata",33559121,33559121,30703317,6
"89F9E725F908B7AB740CAEFC1444ED71B1352681","hunter\sdf\pc\data\sdf-D-3728.sdfdata",33540468,33540468,30938526,6
"89F9E725F908B7AB740CAEFC1444ED71B1352681","hunter\sdf\pc\data\sdf-D-3729.sdfdata",34678444,34678444,31696241,6
"89F9E725F908B7AB740CAEFC1444ED71B1352681","hunter\sdf\pc\data\sdf-D-3730.sdfdata",32689510,32689510,30985978,6
"89F9E725F908B7AB740CAEFC1444ED71B1352681","hunter\sdf\pc\data\sdf-D-3731.sdfdata",33899394,33899394,32545947,6
"89F9E725F908B7AB740CAEFC1444ED71B1352681","hunter\sdf\pc\data\sdf-D-3732.sdfdata",34497553,34497553,33280645,6
"89F9E725F908B7AB740CAEFC1444ED71B1352681","hunter\sdf\pc\data\sdf-D-3733.sdfdata",33499234,33499234,32091071,6
"89F9E725F908B7AB740CAEFC1444ED71B1352681","hunter\sdf\pc\data\sdf-D-3734.sdfdata",33607623,33607623,32020629,6
"89F9E725F908B7AB740CAEFC1444ED71B1352681","hunter\sdf\pc\data\sdf-D-3735.sdfdata",40161756,40161756,39146179,6
"89F9E725F908B7AB740CAEFC1444ED71B1352681","hunter\sdf\pc\data\sdf-D-3736.sdfdata",58345125,58345125,57696484,6
"89F9E725F908B7AB740CAEFC1444ED71B1352681","hunter\sdf\pc\data\sdf-D-3737.sdfdata",102840648,102840648,101654872,6
"89F9E725F908B7AB740CAEFC1444ED71B1352681","hunter\sdf\pc\data\sdf-D-3738.sdfdata",46753158,46753158,45814136,6
"89F9E725F908B7AB740CAEFC1444ED71B1352681","hunter\sdf\pc\data\sdf-D-3739.sdfdata",34035281,34035281,32314372,6
"89F9E725F908B7AB740CAEFC1444ED71B1352681","hunter\sdf\pc\data\sdf-D-3740.sdfdata",33805450,33805450,32559253,6
"89F9E725F908B7AB740CAEFC1444ED71B1352681","hunter\sdf\pc\data\sdf-D-3741.sdfdata",47593252,47593252,46896417,6
"89F9E725F908B7AB740CAEFC1444ED71B1352681","hunter\sdf\pc\data\sdf-D-3742.sdfdata",26156161,26156161,23828157,6
"89F9E725F908B7AB740CAEFC1444ED71B1352681","hunter\sdf\pc\data\sdf-D-3743.sdfdata",33541299,33541299,31600841,6
"89F9E725F908B7AB740CAEFC1444ED71B1352681","hunter\sdf\pc\data\sdf-D-3744.sdfdata",33539338,33539338,31710084,6
"89F9E725F908B7AB740CAEFC1444ED71B1352681","hunter\sdf\pc\data\sdf-D-3745.sdfdata",33547110,33547110,32654052,6
"89F9E725F908B7AB740CAEFC1444ED71B1352681","hunter\sdf\pc\data\sdf-D-3746.sdfdata",33541504,33541504,32010218,6
"89F9E725F908B7AB740CAEFC1444ED71B1352681","hunter\sdf\pc\data\sdf-D-3747.sdfdata",35129875,35129875,32706979,6
"89F9E725F908B7AB740CAEFC1444ED71B1352681","hunter\sdf\pc\data\sdf-D-3748.sdfdata",33532103,33532103,32161437,6
"89F9E725F908B7AB740CAEFC1444ED71B1352681","hunter\sdf\pc\data\sdf-D-3749.sdfdata",33494704,33494704,32327702,6
"89F9E725F908B7AB740CAEFC1444ED71B1352681","hunter\sdf\pc\data\sdf-D-3750.sdfdata",25312649,25312649,24036248,6
"89F9E725F908B7AB740CAEFC1444ED71B1352681","hunter\sdf\pc\data\sdf-D-3751.sdfdata",33552244,33552244,31364346,6
"89F9E725F908B7AB740CAEFC1444ED71B1352681","hunter\sdf\pc\data\sdf-D-3752.sdfdata",26536089,26536089,24876830,6
"89F9E725F908B7AB740CAEFC1444ED71B1352681","hunter\sdf\pc\data\sdf-D-3753.sdfdata",27433665,27433665,25778755,6
"89F9E725F908B7AB740CAEFC1444ED71B1352681","hunter\sdf\pc\data\sdf-D-3754.sdfdata",33475415,33475415,31585026,6
"89F9E725F908B7AB740CAEFC1444ED71B1352681","hunter\sdf\pc\data\sdf-D-3755.sdfdata",34994042,34994042,33057477,6
"89F9E725F908B7AB740CAEFC1444ED71B1352681","hunter\sdf\pc\data\sdf-D-3756.sdfdata",33506521,33506521,31796754,6
"89F9E725F908B7AB740CAEFC1444ED71B1352681","hunter\sdf\pc\data\sdf-D-3757.sdfdata",33552548,33552548,32286471,6
"89F9E725F908B7AB740CAEFC1444ED71B1352681","hunter\sdf\pc\data\sdf-D-3758.sdfdata",33526820,33526820,31695766,6
"89F9E725F908B7AB740CAEFC1444ED71B1352681","hunter\sdf\pc\data\sdf-D-3759.sdfdata",33538111,33538111,32523975,6
"89F9E725F908B7AB740CAEFC1444ED71B1352681","hunter\sdf\pc\data\sdf-D-3760.sdfdata",33513658,33513658,32163469,6
"89F9E725F908B7AB740CAEFC1444ED71B1352681","hunter\sdf\pc\data\sdf-D-3761.sdfdata",33500545,33500545,32192911,6
"89F9E725F908B7AB740CAEFC1444ED71B1352681","hunter\sdf\pc\data\sdf-D-3762.sdfdata",33541492,33541492,32396745,6
"89F9E725F908B7AB740CAEFC1444ED71B1352681","hunter\sdf\pc\data\sdf-D-3763.sdfdata",28127083,28127083,25789983,6
"89F9E725F908B7AB740CAEFC1444ED71B1352681","hunter\sdf\pc\data\sdf-D-3764.sdfdata",33534853,33534853,32006403,6
"89F9E725F908B7AB740CAEFC1444ED71B1352681","hunter\sdf\pc\data\sdf-D-3765.sdfdata",33517085,33517085,31759429,6
"89F9E725F908B7AB740CAEFC1444ED71B1352681","hunter\sdf\pc\data\sdf-D-3766.sdfdata",33555213,33555213,32040910,6
"89F9E725F908B7AB740CAEFC1444ED71B1352681","hunter\sdf\pc\data\sdf-D-3767.sdfdata",33549814,33549814,32123480,6
"89F9E725F908B7AB740CAEFC1444ED71B1352681","hunter\sdf\pc\data\sdf-D-3768.sdfdata",33535243,33535243,32290117,6
"89F9E725F908B7AB740CAEFC1444ED71B1352681","hunter\sdf\pc\data\sdf-D-3769.sdfdata",33550875,33550875,31850063,6
"89F9E725F908B7AB740CAEFC1444ED71B1352681","hunter\sdf\pc\data\sdf-D-3770.sdfdata",33543615,33543615,32054917,6
"89F9E725F908B7AB740CAEFC1444ED71B1352681","hunter\sdf\pc\data\sdf-D-3771.sdfdata",33515271,33515271,31806762,6
"89F9E725F908B7AB740CAEFC1444ED71B1352681","hunter\sdf\pc\data\sdf-D-3772.sdfdata",33497930,33497930,31184282,6
"89F9E725F908B7AB740CAEFC1444ED71B1352681","hunter\sdf\pc\data\sdf-D-3773.sdfdata",33492662,33492662,32046576,6
"89F9E725F908B7AB740CAEFC1444ED71B1352681","hunter\sdf\pc\data\sdf-D-3774.sdfdata",33544262,33544262,31916380,6
"89F9E725F908B7AB740CAEFC1444ED71B1352681","hunter\sdf\pc\data\sdf-D-3775.sdfdata",33506166,33506166,31771712,6
"89F9E725F908B7AB740CAEFC1444ED71B1352681","hunter\sdf\pc\data\sdf-D-3776.sdfdata",33519552,33519552,31918423,6
"89F9E725F908B7AB740CAEFC1444ED71B1352681","hunter\sdf\pc\data\sdf-D-3777.sdfdata",33499562,33499562,32070102,6
"89F9E725F908B7AB740CAEFC1444ED71B1352681","hunter\sdf\pc\data\sdf-D-3778.sdfdata",33518242,33518242,32176620,6
"89F9E725F908B7AB740CAEFC1444ED71B1352681","hunter\sdf\pc\data\sdf-D-3779.sdfdata",33549345,33549345,32207158,6
"89F9E725F908B7AB740CAEFC1444ED71B1352681","hunter\sdf\pc\data\sdf-D-3780.sdfdata",33505119,33505119,32233426,6
"89F9E725F908B7AB740CAEFC1444ED71B1352681","hunter\sdf\pc\data\sdf-D-3781.sdfdata",33485884,33485884,32247502,6
"89F9E725F908B7AB740CAEFC1444ED71B1352681","hunter\sdf\pc\data\sdf-D-3782.sdfdata",32215962,32215962,30249914,6
"89F9E725F908B7AB740CAEFC1444ED71B1352681","hunter\sdf\pc\data\sdf-D-3783.sdfdata",33553064,33553064,32260540,6
"89F9E725F908B7AB740CAEFC1444ED71B1352681","hunter\sdf\pc\data\sdf-D-3784.sdfdata",33625420,33625420,31509337,6
"89F9E725F908B7AB740CAEFC1444ED71B1352681","hunter\sdf\pc\data\sdf-D-3785.sdfdata",33549929,33549929,26912932,6
"89F9E725F908B7AB740CAEFC1444ED71B1352681","hunter\sdf\pc\data\sdf-D-3786.sdfdata",33523623,33523623,26973481,6
"89F9E725F908B7AB740CAEFC1444ED71B1352681","hunter\sdf\pc\data\sdf-D-3787.sdfdata",31983155,31983155,30196174,6
"89F9E725F908B7AB740CAEFC1444ED71B1352681","hunter\sdf\pc\data\sdf-D-3788.sdfdata",27982859,27982859,25269591,6
"89F9E725F908B7AB740CAEFC1444ED71B1352681","hunter\sdf\pc\data\sdf-D-3789.sdfdata",30291788,30291788,27822247,6
"89F9E725F908B7AB740CAEFC1444ED71B1352681","hunter\sdf\pc\data\sdf-D-3790.sdfdata",33542508,33542508,33007436,6
"89F9E725F908B7AB740CAEFC1444ED71B1352681","hunter\sdf\pc\data\sdf-D-3791.sdfdata",33559818,33559818,33023872,6
"89F9E725F908B7AB740CAEFC1444ED71B1352681","hunter\sdf\pc\data\sdf-D-3792.sdfdata",33569979,33569979,33155131,6
"89F9E725F908B7AB740CAEFC1444ED71B1352681","hunter\sdf\pc\data\sdf-D-3793.sdfdata",33459016,33459016,32497646,6
"89F9E725F908B7AB740CAEFC1444ED71B1352681","hunter\sdf\pc\data\sdf-D-3794.sdfdata",33563480,33563480,31383325,6
"89F9E725F908B7AB740CAEFC1444ED71B1352681","hunter\sdf\pc\data\sdf-D-3795.sdfdata",33525479,33525479,32185767,6
"89F9E725F908B7AB740CAEFC1444ED71B1352681","hunter\sdf\pc\data\sdf-D-3796.sdfdata",29976848,29976848,28666397,6
"89F9E725F908B7AB740CAEFC1444ED71B1352681","hunter\sdf\pc\data\sdf-D-3797.sdfdata",32534233,32534233,30567218,6
"89F9E725F908B7AB740CAEFC1444ED71B1352681","hunter\sdf\pc\data\sdf-D-3798.sdfdata",30801595,30801595,28005237,6
"89F9E725F908B7AB740CAEFC1444ED71B1352681","hunter\sdf\pc\data\sdf-D-3799.sdfdata",33534456,33534456,31387535,6
"89F9E725F908B7AB740CAEFC1444ED71B1352681","hunter\sdf\pc\data\sdf-D-3800.sdfdata",31251572,31251572,28995841,6
"89F9E725F908B7AB740CAEFC1444ED71B1352681","hunter\sdf\pc\data\sdf-D-3801.sdfdata",31986910,31986910,30024220,6
"89F9E725F908B7AB740CAEFC1444ED71B1352681","hunter\sdf\pc\data\sdf-D-3802.sdfdata",27988767,27988767,25273744,6
"89F9E725F908B7AB740CAEFC1444ED71B1352681","hunter\sdf\pc\data\sdf-D-3803.sdfdata",29274485,29274485,28831297,6
"89F9E725F908B7AB740CAEFC1444ED71B1352681","hunter\sdf\pc\data\sdf-D-3804.sdfdata",33534034,33534034,33418351,6
"89F9E725F908B7AB740CAEFC1444ED71B1352681","hunter\sdf\pc\data\sdf-D-3805.sdfdata",32067675,32067675,31918931,6
"89F9E725F908B7AB740CAEFC1444ED71B1352681","hunter\sdf\pc\data\sdf-D-3806.sdfdata",35766442,35766442,35401667,6
"89F9E725F908B7AB740CAEFC1444ED71B1352681","hunter\sdf\pc\data\sdf-D-3807.sdfdata",34974079,34974079,34686675,6
"89F9E725F908B7AB740CAEFC1444ED71B1352681","hunter\sdf\pc\data\sdf-D-3808.sdfdata",34039572,34039572,33831810,6
"89F9E725F908B7AB740CAEFC1444ED71B1352681","hunter\sdf\pc\data\sdf-D-3809.sdfdata",38180703,38180703,38067986,6
"89F9E725F908B7AB740CAEFC1444ED71B1352681","hunter\sdf\pc\data\sdf-D-3810.sdfdata",37097806,37097806,36957636,6
"89F9E725F908B7AB740CAEFC1444ED71B1352681","hunter\sdf\pc\data\sdf-D-3811.sdfdata",33584911,33584911,32888747,6
"89F9E725F908B7AB740CAEFC1444ED71B1352681","hunter\sdf\pc\data\sdf-D-3812.sdfdata",32039403,32039403,30416113,6
"89F9E725F908B7AB740CAEFC1444ED71B1352681","hunter\sdf\pc\data\sdf-D-3813.sdfdata",29370248,29370248,27108815,6
"89F9E725F908B7AB740CAEFC1444ED71B1352681","hunter\sdf\pc\data\sdf-D-3814.sdfdata",30508278,30508278,28997868,6
"89F9E725F908B7AB740CAEFC1444ED71B1352681","hunter\sdf\pc\data\sdf-D-3815.sdfdata",32632595,32632595,28599497,6
"89F9E725F908B7AB740CAEFC1444ED71B1352681","hunter\sdf\pc\data\sdf-D-3816.sdfdata",31818348,31818348,30670906,6
"89F9E725F908B7AB740CAEFC1444ED71B1352681","hunter\sdf\pc\data\sdf-D-3817.sdfdata",31715487,31715487,31223309,6
"89F9E725F908B7AB740CAEFC1444ED71B1352681","hunter\sdf\pc\data\sdf-D-3818.sdfdata",29531304,29531304,28006243,6
"89F9E725F908B7AB740CAEFC1444ED71B1352681","hunter\sdf\pc\data\sdf-D-3819.sdfdata",30485033,30485033,28831270,6
"89F9E725F908B7AB740CAEFC1444ED71B1352681","hunter\sdf\pc\data\sdf-D-3820.sdfdata",30635094,30635094,30300637,6
"89F9E725F908B7AB740CAEFC1444ED71B1352681","hunter\sdf\pc\data\sdf-D-3821.sdfdata",31672638,31672638,29350409,6
"89F9E725F908B7AB740CAEFC1444ED71B1352681","hunter\sdf\pc\data\sdf-D-3822.sdfdata",31063268,31063268,28669756,6
"89F9E725F908B7AB740CAEFC1444ED71B1352681","hunter\sdf\pc\data\sdf-D-3823.sdfdata",32150482,32150482,31795340,6
"89F9E725F908B7AB740CAEFC1444ED71B1352681","hunter\sdf\pc\data\sdf-D-3824.sdfdata",30394645,30394645,27942764,6
"89F9E725F908B7AB740CAEFC1444ED71B1352681","hunter\sdf\pc\data\sdf-D-3825.sdfdata",29951414,29951414,26238519,6
"89F9E725F908B7AB740CAEFC1444ED71B1352681","hunter\sdf\pc\data\sdf-D-3826.sdfdata",31313883,31313883,29232254,6
"89F9E725F908B7AB740CAEFC1444ED71B1352681","hunter\sdf\pc\data\sdf-D-3827.sdfdata",27690426,27690426,25711970,6
"89F9E725F908B7AB740CAEFC1444ED71B1352681","hunter\sdf\pc\data\sdf-D-3828.sdfdata",32382855,32382855,30991278,6
"89F9E725F908B7AB740CAEFC1444ED71B1352681","hunter\sdf\pc\data\sdf-D-3829.sdfdata",75920144,75920144,74213544,6
"89F9E725F908B7AB740CAEFC1444ED71B1352681","hunter\sdf\pc\data\sdf-D-3830.sdfdata",28161934,28161934,27199335,6
"89F9E725F908B7AB740CAEFC1444ED71B1352681","hunter\sdf\pc\data\sdf-D-3831.sdfdata",28518169,28518169,26604858,6
"89F9E725F908B7AB740CAEFC1444ED71B1352681","hunter\sdf\pc\data\sdf-D-3832.sdfdata",27080345,27080345,24144570,6
"89F9E725F908B7AB740CAEFC1444ED71B1352681","hunter\sdf\pc\data\sdf-D-3833.sdfdata",25144383,25144383,22865640,6
"89F9E725F908B7AB740CAEFC1444ED71B1352681","hunter\sdf\pc\data\sdf-D-3834.sdfdata",29271102,29271102,27837393,6
"89F9E725F908B7AB740CAEFC1444ED71B1352681","hunter\sdf\pc\data\sdf-D-3835.sdfdata",33553299,33553299,31249622,6
"89F9E725F908B7AB740CAEFC1444ED71B1352681","hunter\sdf\pc\data\sdf-D-3836.sdfdata",32358219,32358219,31011616,6
"89F9E725F908B7AB740CAEFC1444ED71B1352681","hunter\sdf\pc\data\sdf-D-3837.sdfdata",33509759,33509759,32028750,6
"89F9E725F908B7AB740CAEFC1444ED71B1352681","hunter\sdf\pc\data\sdf-D-3838.sdfdata",33528944,33528944,31708048,6
"89F9E725F908B7AB740CAEFC1444ED71B1352681","hunter\sdf\pc\data\sdf-D-3839.sdfdata",35981652,35981652,34881614,6
"89F9E725F908B7AB740CAEFC1444ED71B1352681","hunter\sdf\pc\data\sdf-D-3840.sdfdata",32861288,32861288,31564838,6
"89F9E725F908B7AB740CAEFC1444ED71B1352681","hunter\sdf\pc\data\sdf-D-3841.sdfdata",89587472,89587472,88338845,6
"89F9E725F908B7AB740CAEFC1444ED71B1352681","hunter\sdf\pc\data\sdf-D-3842.sdfdata",59252044,59252044,58993246,6
"89F9E725F908B7AB740CAEFC1444ED71B1352681","hunter\sdf\pc\data\sdf-D-3843.sdfdata",74959380,74959380,74848254,6
"89F9E725F908B7AB740CAEFC1444ED71B1352681","hunter\sdf\pc\data\sdf-D-3844.sdfdata",36933444,36933444,36255826,6
"89F9E725F908B7AB740CAEFC1444ED71B1352681","hunter\sdf\pc\data\sdf-D-3845.sdfdata",45537336,45537336,44974886,6
"89F9E725F908B7AB740CAEFC1444ED71B1352681","hunter\sdf\pc\data\sdf-D-3846.sdfdata",28536240,28536240,26974400,6
"89F9E725F908B7AB740CAEFC1444ED71B1352681","hunter\sdf\pc\data\sdf-D-3847.sdfdata",33529328,33529328,31899733,6
"89F9E725F908B7AB740CAEFC1444ED71B1352681","hunter\sdf\pc\data\sdf-D-3848.sdfdata",35513858,35513858,33592558,6
"89F9E725F908B7AB740CAEFC1444ED71B1352681","hunter\sdf\pc\data\sdf-D-3849.sdfdata",33561816,33561816,32477968,6
"89F9E725F908B7AB740CAEFC1444ED71B1352681","hunter\sdf\pc\data\sdf-D-3850.sdfdata",33548116,33548116,32123469,6
"89F9E725F908B7AB740CAEFC1444ED71B1352681","hunter\sdf\pc\data\sdf-D-3851.sdfdata",33547331,33547331,32171081,6
"89F9E725F908B7AB740CAEFC1444ED71B1352681","hunter\sdf\pc\data\sdf-D-3852.sdfdata",33549076,33549076,32260008,6
"89F9E725F908B7AB740CAEFC1444ED71B1352681","hunter\sdf\pc\data\sdf-D-3853.sdfdata",33549303,33549303,32793619,6
"89F9E725F908B7AB740CAEFC1444ED71B1352681","hunter\sdf\pc\data\sdf-D-3854.sdfdata",33551144,33551144,31963610,6
"89F9E725F908B7AB740CAEFC1444ED71B1352681","hunter\sdf\pc\data\sdf-D-3855.sdfdata",33532716,33532716,32207353,6
"89F9E725F908B7AB740CAEFC1444ED71B1352681","hunter\sdf\pc\data\sdf-D-3856.sdfdata",33545390,33545390,32038876,6
"89F9E725F908B7AB740CAEFC1444ED71B1352681","hunter\sdf\pc\data\sdf-D-3857.sdfdata",33548626,33548626,32186765,6
"89F9E725F908B7AB740CAEFC1444ED71B1352681","hunter\sdf\pc\data\sdf-D-3858.sdfdata",33226287,33226287,32120239,6
"89F9E725F908B7AB740CAEFC1444ED71B1352681","hunter\sdf\pc\data\sdf-D-3859.sdfdata",33540507,33540507,31450448,6
"89F9E725F908B7AB740CAEFC1444ED71B1352681","hunter\sdf\pc\data\sdf-D-3860.sdfdata",28318137,28318137,25997004,6
"89F9E725F908B7AB740CAEFC1444ED71B1352681","hunter\sdf\pc\data\sdf-D-3861.sdfdata",33554466,33554466,32080786,6
"89F9E725F908B7AB740CAEFC1444ED71B1352681","hunter\sdf\pc\data\sdf-D-3862.sdfdata",33823810,33823810,32126443,6
"89F9E725F908B7AB740CAEFC1444ED71B1352681","hunter\sdf\pc\data\sdf-D-3863.sdfdata",33512626,33512626,32682336,6
"89F9E725F908B7AB740CAEFC1444ED71B1352681","hunter\sdf\pc\data\sdf-D-3864.sdfdata",33524153,33524153,32731569,6
"89F9E725F908B7AB740CAEFC1444ED71B1352681","hunter\sdf\pc\data\sdf-D-3865.sdfdata",33554119,33554119,32079250,6
"89F9E725F908B7AB740CAEFC1444ED71B1352681","hunter\sdf\pc\data\sdf-D-3866.sdfdata",33493190,33493190,32407451,6
"89F9E725F908B7AB740CAEFC1444ED71B1352681","hunter\sdf\pc\data\sdf-D-3867.sdfdata",33529359,33529359,32247715,6
"89F9E725F908B7AB740CAEFC1444ED71B1352681","hunter\sdf\pc\data\sdf-D-3868.sdfdata",34471340,34471340,32802853,6
"89F9E725F908B7AB740CAEFC1444ED71B1352681","hunter\sdf\pc\data\sdf-D-3869.sdfdata",29383556,29383556,27313143,6
"89F9E725F908B7AB740CAEFC1444ED71B1352681","hunter\sdf\pc\data\sdf-D-3870.sdfdata",39333707,39333707,38452054,6
"89F9E725F908B7AB740CAEFC1444ED71B1352681","hunter\sdf\pc\data\sdf-D-3871.sdfdata",34139184,34139184,33908349,6
"89F9E725F908B7AB740CAEFC1444ED71B1352681","hunter\sdf\pc\data\sdf-D-3872.sdfdata",33662496,33662496,33386822,6
"89F9E725F908B7AB740CAEFC1444ED71B1352681","hunter\sdf\pc\data\sdf-D-3873.sdfdata",33527023,33527023,33283071,6
"89F9E725F908B7AB740CAEFC1444ED71B1352681","hunter\sdf\pc\data\sdf-D-3874.sdfdata",34296121,34296121,33998481,6
"89F9E725F908B7AB740CAEFC1444ED71B1352681","hunter\sdf\pc\data\sdf-D-3875.sdfdata",34049606,34049606,33693507,6
"89F9E725F908B7AB740CAEFC1444ED71B1352681","hunter\sdf\pc\data\sdf-D-3876.sdfdata",33511864,33511864,33043296,6
"89F9E725F908B7AB740CAEFC1444ED71B1352681","hunter\sdf\pc\data\sdf-D-3877.sdfdata",34638554,34638554,34054472,6
"89F9E725F908B7AB740CAEFC1444ED71B1352681","hunter\sdf\pc\data\sdf-D-3878.sdfdata",33799562,33799562,33096515,6
"89F9E725F908B7AB740CAEFC1444ED71B1352681","hunter\sdf\pc\data\sdf-D-3879.sdfdata",33538252,33538252,32844047,6
"89F9E725F908B7AB740CAEFC1444ED71B1352681","hunter\sdf\pc\data\sdf-D-3880.sdfdata",38500766,38500766,37385136,6
"89F9E725F908B7AB740CAEFC1444ED71B1352681","hunter\sdf\pc\data\sdf-D-3881.sdfdata",33689234,33689234,33047478,6
"89F9E725F908B7AB740CAEFC1444ED71B1352681","hunter\sdf\pc\data\sdf-D-3882.sdfdata",35186864,35186864,34519585,6
"89F9E725F908B7AB740CAEFC1444ED71B1352681","hunter\sdf\pc\data\sdf-D-3883.sdfdata",33539621,33539621,33138704,6
"89F9E725F908B7AB740CAEFC1444ED71B1352681","hunter\sdf\pc\data\sdf-D-3884.sdfdata",33547120,33547120,33303457,6
"89F9E725F908B7AB740CAEFC1444ED71B1352681","hunter\sdf\pc\data\sdf-D-3885.sdfdata",33449011,33449011,33277829,6
"89F9E725F908B7AB740CAEFC1444ED71B1352681","hunter\sdf\pc\data\sdf-D-3886.sdfdata",33713783,33713783,33498109,6
"89F9E725F908B7AB740CAEFC1444ED71B1352681","hunter\sdf\pc\data\sdf-D-3887.sdfdata",33562566,33562566,31824921,6
"89F9E725F908B7AB740CAEFC1444ED71B1352681","hunter\sdf\pc\data\sdf-D-3888.sdfdata",36027864,36027864,33902394,6
"89F9E725F908B7AB740CAEFC1444ED71B1352681","hunter\sdf\pc\data\sdf-D-3889.sdfdata",94257052,94257052,93423059,6
"89F9E725F908B7AB740CAEFC1444ED71B1352681","hunter\sdf\pc\data\sdf-D-3890.sdfdata",33544673,33544673,31257490,6
"89F9E725F908B7AB740CAEFC1444ED71B1352681","hunter\sdf\pc\data\sdf-D-3891.sdfdata",33505379,33505379,31049309,6
"89F9E725F908B7AB740CAEFC1444ED71B1352681","hunter\sdf\pc\data\sdf-D-3892.sdfdata",28600648,28600648,25583729,6
"89F9E725F908B7AB740CAEFC1444ED71B1352681","hunter\sdf\pc\data\sdf-D-3893.sdfdata",31266963,31266963,27169018,6
"89F9E725F908B7AB740CAEFC1444ED71B1352681","hunter\sdf\pc\data\sdf-D-3894.sdfdata",30961080,30961080,25019752,6
"89F9E725F908B7AB740CAEFC1444ED71B1352681","hunter\sdf\pc\data\sdf-D-3895.sdfdata",32715806,32715806,29142413,6
"89F9E725F908B7AB740CAEFC1444ED71B1352681","hunter\sdf\pc\data\sdf-D-3896.sdfdata",33283293,33283293,30719536,6
"89F9E725F908B7AB740CAEFC1444ED71B1352681","hunter\sdf\pc\data\sdf-D-3897.sdfdata",33485537,33485537,32746156,6
"89F9E725F908B7AB740CAEFC1444ED71B1352681","hunter\sdf\pc\data\sdf-D-3898.sdfdata",33546557,33546557,31760967,6
"89F9E725F908B7AB740CAEFC1444ED71B1352681","hunter\sdf\pc\data\sdf-D-3899.sdfdata",33531511,33531511,31304250,6
"89F9E725F908B7AB740CAEFC1444ED71B1352681","hunter\sdf\pc\data\sdf-D-3900.sdfdata",33510493,33510493,30427965,6
"89F9E725F908B7AB740CAEFC1444ED71B1352681","hunter\sdf\pc\data\sdf-D-3901.sdfdata",33508019,33508019,31338736,6
"89F9E725F908B7AB740CAEFC1444ED71B1352681","hunter\sdf\pc\data\sdf-D-3902.sdfdata",33522617,33522617,31352820,6
"89F9E725F908B7AB740CAEFC1444ED71B1352681","hunter\sdf\pc\data\sdf-D-3903.sdfdata",33561549,33561549,31169452,6
"89F9E725F908B7AB740CAEFC1444ED71B1352681","hunter\sdf\pc\data\sdf-D-3904.sdfdata",33557735,33557735,32511156,6
"89F9E725F908B7AB740CAEFC1444ED71B1352681","hunter\sdf\pc\data\sdf-D-3905.sdfdata",39013158,39013158,36826505,6
"89F9E725F908B7AB740CAEFC1444ED71B1352681","hunter\sdf\pc\data\sdf-D-3906.sdfdata",25199804,25199804,22123663,6
"89F9E725F908B7AB740CAEFC1444ED71B1352681","hunter\sdf\pc\data\sdf-D-3907.sdfdata",33149762,33149762,28630318,6
"89F9E725F908B7AB740CAEFC1444ED71B1352681","hunter\sdf\pc\data\sdf-D-3908.sdfdata",40560680,40560680,39780623,6
"89F9E725F908B7AB740CAEFC1444ED71B1352681","hunter\sdf\pc\data\sdf-D-3909.sdfdata",30209458,30209458,26467273,6
"89F9E725F908B7AB740CAEFC1444ED71B1352681","hunter\sdf\pc\data\sdf-D-3910.sdfdata",32596474,32596474,31805485,6
"89F9E725F908B7AB740CAEFC1444ED71B1352681","hunter\sdf\pc\data\sdf-D-3911.sdfdata",32008749,32008749,28912180,6
"89F9E725F908B7AB740CAEFC1444ED71B1352681","hunter\sdf\pc\data\sdf-D-3912.sdfdata",50655001,50655001,45997998,6
"89F9E725F908B7AB740CAEFC1444ED71B1352681","hunter\sdf\pc\data\sdf-D-3913.sdfdata",26790156,26790156,25066652,6
"89F9E725F908B7AB740CAEFC1444ED71B1352681","hunter\sdf\pc\data\sdf-D-3914.sdfdata",28435284,28435284,26772405,6
"89F9E725F908B7AB740CAEFC1444ED71B1352681","hunter\sdf\pc\data\sdf-D-3915.sdfdata",32024751,32024751,30383873,6
"89F9E725F908B7AB740CAEFC1444ED71B1352681","hunter\sdf\pc\data\sdf-D-3916.sdfdata",28134485,28134485,25949858,6
"89F9E725F908B7AB740CAEFC1444ED71B1352681","hunter\sdf\pc\data\sdf-D-3917.sdfdata",32743870,32743870,31623270,6
"89F9E725F908B7AB740CAEFC1444ED71B1352681","hunter\sdf\pc\data\sdf-D-3918.sdfdata",31700441,31700441,30227113,6
"89F9E725F908B7AB740CAEFC1444ED71B1352681","hunter\sdf\pc\data\sdf-D-3919.sdfdata",35699489,35699489,35066365,6
"89F9E725F908B7AB740CAEFC1444ED71B1352681","hunter\sdf\pc\data\sdf-D-3920.sdfdata",26111997,26111997,23680004,6
"89F9E725F908B7AB740CAEFC1444ED71B1352681","hunter\sdf\pc\data\sdf-D-3921.sdfdata",30852392,30852392,27980222,6
"89F9E725F908B7AB740CAEFC1444ED71B1352681","hunter\sdf\pc\data\sdf-D-3922.sdfdata",45113303,45113303,43643719,6
"89F9E725F908B7AB740CAEFC1444ED71B1352681","hunter\sdf\pc\data\sdf-D-3923.sdfdata",27526076,27526076,21473832,6
"89F9E725F908B7AB740CAEFC1444ED71B1352681","hunter\sdf\pc\data\sdf-D-3924.sdfdata",28212420,28212420,25595912,6
"89F9E725F908B7AB740CAEFC1444ED71B1352681","hunter\sdf\pc\data\sdf-D-3925.sdfdata",33522118,33522118,31702359,6
"89F9E725F908B7AB740CAEFC1444ED71B1352681","hunter\sdf\pc\data\sdf-D-3926.sdfdata",38971044,38971044,36023304,6
"89F9E725F908B7AB740CAEFC1444ED71B1352681","hunter\sdf\pc\data\sdf-D-3927.sdfdata",31845940,31845940,25771798,6
"89F9E725F908B7AB740CAEFC1444ED71B1352681","hunter\sdf\pc\data\sdf-D-3928.sdfdata",29163176,29163176,27715976,6
"89F9E725F908B7AB740CAEFC1444ED71B1352681","hunter\sdf\pc\data\sdf-D-3929.sdfdata",33466549,33466549,32974672,6
"89F9E725F908B7AB740CAEFC1444ED71B1352681","hunter\sdf\pc\data\sdf-D-3930.sdfdata",33492776,33492776,33018620,6
"89F9E725F908B7AB740CAEFC1444ED71B1352681","hunter\sdf\pc\data\sdf-D-3931.sdfdata",33523388,33523388,33012458,6
"89F9E725F908B7AB740CAEFC1444ED71B1352681","hunter\sdf\pc\data\sdf-D-3932.sdfdata",33462203,33462203,32718895,6
"89F9E725F908B7AB740CAEFC1444ED71B1352681","hunter\sdf\pc\data\sdf-D-3933.sdfdata",33530756,33530756,32680780,6
"89F9E725F908B7AB740CAEFC1444ED71B1352681","hunter\sdf\pc\data\sdf-D-3934.sdfdata",33541448,33541448,32857982,6
"89F9E725F908B7AB740CAEFC1444ED71B1352681","hunter\sdf\pc\data\sdf-D-3935.sdfdata",33531112,33531112,32872909,6
"89F9E725F908B7AB740CAEFC1444ED71B1352681","hunter\sdf\pc\data\sdf-D-3936.sdfdata",33528523,33528523,32876163,6
"89F9E725F908B7AB740CAEFC1444ED71B1352681","hunter\sdf\pc\data\sdf-D-3937.sdfdata",33553209,33553209,32924602,6
"89F9E725F908B7AB740CAEFC1444ED71B1352681","hunter\sdf\pc\data\sdf-D-3938.sdfdata",33542709,33542709,33074951,6
"89F9E725F908B7AB740CAEFC1444ED71B1352681","hunter\sdf\pc\data\sdf-D-3939.sdfdata",33477046,33477046,32786356,6
"89F9E725F908B7AB740CAEFC1444ED71B1352681","hunter\sdf\pc\data\sdf-D-3940.sdfdata",33526772,33526772,32876067,6
"89F9E725F908B7AB740CAEFC1444ED71B1352681","hunter\sdf\pc\data\sdf-D-3941.sdfdata",33494765,33494765,32777463,6
"89F9E725F908B7AB740CAEFC1444ED71B1352681","hunter\sdf\pc\data\sdf-D-3942.sdfdata",33522107,33522107,32754675,6
"89F9E725F908B7AB740CAEFC1444ED71B1352681","hunter\sdf\pc\data\sdf-D-3943.sdfdata",33486270,33486270,32730755,6
"89F9E725F908B7AB740CAEFC1444ED71B1352681","hunter\sdf\pc\data\sdf-D-3944.sdfdata",32947964,32947964,31580778,6
"89F9E725F908B7AB740CAEFC1444ED71B1352681","hunter\sdf\pc\data\sdf-D-3945.sdfdata",26196318,26196318,24886883,6
"89F9E725F908B7AB740CAEFC1444ED71B1352681","hunter\sdf\pc\data\sdf-D-3946.sdfdata",33479612,33479612,32559688,6
"89F9E725F908B7AB740CAEFC1444ED71B1352681","hunter\sdf\pc\data\sdf-D-3947.sdfdata",33379468,33379468,33063244,6
"89F9E725F908B7AB740CAEFC1444ED71B1352681","hunter\sdf\pc\data\sdf-D-3948.sdfdata",33505439,33505439,32745608,6
"89F9E725F908B7AB740CAEFC1444ED71B1352681","hunter\sdf\pc\data\sdf-D-3949.sdfdata",32883297,32883297,32499301,6
"89F9E725F908B7AB740CAEFC1444ED71B1352681","hunter\sdf\pc\data\sdf-D-3950.sdfdata",32797268,32797268,32413720,6
"89F9E725F908B7AB740CAEFC1444ED71B1352681","hunter\sdf\pc\data\sdf-D-3951.sdfdata",28067397,28067397,27188652,6
"89F9E725F908B7AB740CAEFC1444ED71B1352681","hunter\sdf\pc\data\sdf-D-3952.sdfdata",33513439,33513439,32696134,6
"89F9E725F908B7AB740CAEFC1444ED71B1352681","hunter\sdf\pc\data\sdf-D-3953.sdfdata",33539529,33539529,32433581,6
"89F9E725F908B7AB740CAEFC1444ED71B1352681","hunter\sdf\pc\data\sdf-D-3954.sdfdata",33462804,33462804,32636320,6
"89F9E725F908B7AB740CAEFC1444ED71B1352681","hunter\sdf\pc\data\sdf-D-3955.sdfdata",33546555,33546555,32772793,6
"89F9E725F908B7AB740CAEFC1444ED71B1352681","hunter\sdf\pc\data\sdf-D-3956.sdfdata",32984034,32984034,32429678,6
"89F9E725F908B7AB740CAEFC1444ED71B1352681","hunter\sdf\pc\data\sdf-D-3957.sdfdata",32227485,32227485,27185539,6
"89F9E725F908B7AB740CAEFC1444ED71B1352681","hunter\sdf\pc\data\sdf-D-3958.sdfdata",32816272,32816272,30630405,6
"89F9E725F908B7AB740CAEFC1444ED71B1352681","hunter\sdf\pc\data\sdf-D-3959.sdfdata",30241193,30241193,28901473,6
"89F9E725F908B7AB740CAEFC1444ED71B1352681","hunter\sdf\pc\data\sdf-D-3960.sdfdata",30967254,30967254,29166608,6
"89F9E725F908B7AB740CAEFC1444ED71B1352681","hunter\sdf\pc\data\sdf-D-3961.sdfdata",33548680,33548680,33456235,6
"89F9E725F908B7AB740CAEFC1444ED71B1352681","hunter\sdf\pc\data\sdf-D-3962.sdfdata",33501016,33501016,33116952,6
"89F9E725F908B7AB740CAEFC1444ED71B1352681","hunter\sdf\pc\data\sdf-D-3963.sdfdata",34838922,34838922,34176394,6
"89F9E725F908B7AB740CAEFC1444ED71B1352681","hunter\sdf\pc\data\sdf-D-3964.sdfdata",32696371,32696371,31484233,6
"89F9E725F908B7AB740CAEFC1444ED71B1352681","hunter\sdf\pc\data\sdf-D-3965.sdfdata",31537528,31537528,28336409,6
"89F9E725F908B7AB740CAEFC1444ED71B1352681","hunter\sdf\pc\data\sdf-D-3966.sdfdata",28860872,28860872,27148535,6
"89F9E725F908B7AB740CAEFC1444ED71B1352681","hunter\sdf\pc\data\sdf-D-3967.sdfdata",29704075,29704075,27125452,6
"89F9E725F908B7AB740CAEFC1444ED71B1352681","hunter\sdf\pc\data\sdf-D-3968.sdfdata",28591331,28591331,26476635,6
"89F9E725F908B7AB740CAEFC1444ED71B1352681","hunter\sdf\pc\data\sdf-D-3969.sdfdata",30672551,30672551,26480606,6
"89F9E725F908B7AB740CAEFC1444ED71B1352681","hunter\sdf\pc\data\sdf-D-3970.sdfdata",32307741,32307741,29765856,6
"89F9E725F908B7AB740CAEFC1444ED71B1352681","hunter\sdf\pc\data\sdf-D-3971.sdfdata",47563891,47563891,46778337,6
"89F9E725F908B7AB740CAEFC1444ED71B1352681","hunter\sdf\pc\data\sdf-D-3972.sdfdata",28539921,28539921,24798787,6
"89F9E725F908B7AB740CAEFC1444ED71B1352681","hunter\sdf\pc\data\sdf-D-3973.sdfdata",21101825,21101825,18941848,6
"89F9E725F908B7AB740CAEFC1444ED71B1352681","hunter\sdf\pc\data\sdf-D-3974.sdfdata",32489690,32489690,30408349,6
"89F9E725F908B7AB740CAEFC1444ED71B1352681","hunter\sdf\pc\data\sdf-D-3975.sdfdata",27930882,27930882,26160769,6
"89F9E725F908B7AB740CAEFC1444ED71B1352681","hunter\sdf\pc\data\sdf-D-3976.sdfdata",29899815,29899815,28240006,6
"89F9E725F908B7AB740CAEFC1444ED71B1352681","hunter\sdf\pc\data\sdf-D-3977.sdfdata",36348044,36348044,34959397,6
"89F9E725F908B7AB740CAEFC1444ED71B1352681","hunter\sdf\pc\data\sdf-D-3978.sdfdata",33554370,33554370,33146830,6
"89F9E725F908B7AB740CAEFC1444ED71B1352681","hunter\sdf\pc\data\sdf-D-3979.sdfdata",33617357,33617357,32442358,6
"89F9E725F908B7AB740CAEFC1444ED71B1352681","hunter\sdf\pc\data\sdf-D-3980.sdfdata",33499333,33499333,32140866,6
"89F9E725F908B7AB740CAEFC1444ED71B1352681","hunter\sdf\pc\data\sdf-D-3981.sdfdata",30384976,30384976,27996693,6
"89F9E725F908B7AB740CAEFC1444ED71B1352681","hunter\sdf\pc\data\sdf-D-3982.sdfdata",35413867,35413867,30984411,6
"89F9E725F908B7AB740CAEFC1444ED71B1352681","hunter\sdf\pc\data\sdf-D-3983.sdfdata",29383036,29383036,24763244,6
"89F9E725F908B7AB740CAEFC1444ED71B1352681","hunter\sdf\pc\data\sdf-D-3984.sdfdata",29784384,29784384,26008732,6
"89F9E725F908B7AB740CAEFC1444ED71B1352681","hunter\sdf\pc\data\sdf-D-3985.sdfdata",33016604,33016604,30292892,6
"89F9E725F908B7AB740CAEFC1444ED71B1352681","hunter\sdf\pc\data\sdf-D-3986.sdfdata",35433841,35433841,33244076,6
"89F9E725F908B7AB740CAEFC1444ED71B1352681","hunter\sdf\pc\data\sdf-D-3987.sdfdata",30218288,30218288,29808148,6
"89F9E725F908B7AB740CAEFC1444ED71B1352681","hunter\sdf\pc\data\sdf-D-3988.sdfdata",33242075,33242075,32791342,6
"89F9E725F908B7AB740CAEFC1444ED71B1352681","hunter\sdf\pc\data\sdf-D-3989.sdfdata",24358029,24358029,22366070,6
"89F9E725F908B7AB740CAEFC1444ED71B1352681","hunter\sdf\pc\data\sdf-D-3990.sdfdata",36527543,36527543,35048706,6
"89F9E725F908B7AB740CAEFC1444ED71B1352681","hunter\sdf\pc\data\sdf-D-3991.sdfdata",62501070,62501070,60852366,6
"89F9E725F908B7AB740CAEFC1444ED71B1352681","hunter\sdf\pc\data\sdf-D-3992.sdfdata",28914996,28914996,24546729,6
"89F9E725F908B7AB740CAEFC1444ED71B1352681","hunter\sdf\pc\data\sdf-D-3993.sdfdata",74298615,74298615,73111295,6
"89F9E725F908B7AB740CAEFC1444ED71B1352681","hunter\sdf\pc\data\sdf-D-3994.sdfdata",28459945,28459945,27164748,6
"89F9E725F908B7AB740CAEFC1444ED71B1352681","hunter\sdf\pc\data\sdf-D-3995.sdfdata",46445024,46445024,46002002,6
"89F9E725F908B7AB740CAEFC1444ED71B1352681","hunter\sdf\pc\data\sdf-D-3996.sdfdata",31541033,31541033,27354536,6
"89F9E725F908B7AB740CAEFC1444ED71B1352681","hunter\sdf\pc\data\sdf-D-3997.sdfdata",33340425,33340425,28748420,6
"89F9E725F908B7AB740CAEFC1444ED71B1352681","hunter\sdf\pc\data\sdf-D-3998.sdfdata",32063399,32063399,27599676,6
"89F9E725F908B7AB740CAEFC1444ED71B1352681","hunter\sdf\pc\data\sdf-D-3999.sdfdata",33504019,33504019,32828480,6
"89F9E725F908B7AB740CAEFC1444ED71B1352681","hunter\sdf_streaming\pc\Huntsville\tileconfig.txt",400,400,187,9
"89F9E725F908B7AB740CAEFC1444ED71B1352681","hunter\sdf_streaming\pc\Huntsville\global\data\sdf-A-0000.sdfdata",166098104,166098104,133345860,9
"89F9E725F908B7AB740CAEFC1444ED71B1352681","hunter\sdf_streaming\pc\Huntsville\tile-001x-001x0000\data\sdf-A-0000.sdfdata",20381006,20381006,11623065,9
"89F9E725F908B7AB740CAEFC1444ED71B1352681","hunter\sdf_streaming\pc\Huntsville\tile-001x-002x0000\data\sdf-A-0000.sdfdata",20052405,20052405,14128864,9
"89F9E725F908B7AB740CAEFC1444ED71B1352681","hunter\sdf_streaming\pc\Huntsville\tile-001x0000x0000\data\sdf-A-0000.sdfdata",20356732,20356732,12559744,9
"89F9E725F908B7AB740CAEFC1444ED71B1352681","hunter\sdf_streaming\pc\Huntsville\tile-001x0001x0000\data\sdf-A-0000.sdfdata",586844,586844,382169,9
"89F9E725F908B7AB740CAEFC1444ED71B1352681","hunter\sdf_streaming\pc\Huntsville\tile-002x-001x0000\data\sdf-A-0000.sdfdata",20033457,20033457,15078992,9
"89F9E725F908B7AB740CAEFC1444ED71B1352681","hunter\sdf_streaming\pc\Huntsville\tile-002x-003x0000\data\sdf-A-0000.sdfdata",121985,121985,113005,9
"89F9E725F908B7AB740CAEFC1444ED71B1352681","hunter\sdf_streaming\pc\Huntsville\tile-002x0000x0000\data\sdf-A-0000.sdfdata",20359071,20359071,11419987,9
"89F9E725F908B7AB740CAEFC1444ED71B1352681","hunter\sdf_streaming\pc\Huntsville\tile-002x0001x0000\data\sdf-A-0000.sdfdata",20187490,20187490,14567983,9
"89F9E725F908B7AB740CAEFC1444ED71B1352681","hunter\sdf_streaming\pc\Huntsville\tile-003x-001x0000\data\sdf-A-0000.sdfdata",19900080,19900080,15911065,9
"89F9E725F908B7AB740CAEFC1444ED71B1352681","hunter\sdf_streaming\pc\Huntsville\tile-003x-002x0000\data\sdf-A-0000.sdfdata",553523,553523,495152,9
"89F9E725F908B7AB740CAEFC1444ED71B1352681","hunter\sdf_streaming\pc\Huntsville\tile-003x-003x0000\data\sdf-A-0000.sdfdata",81290,81290,75047,9
"89F9E725F908B7AB740CAEFC1444ED71B1352681","hunter\sdf_streaming\pc\Huntsville\tile-003x0000x0000\data\sdf-A-0000.sdfdata",20151216,20151216,14573123,9
"89F9E725F908B7AB740CAEFC1444ED71B1352681","hunter\sdf_streaming\pc\Huntsville\tile-003x0001x0000\data\sdf-A-0000.sdfdata",889708,889708,805704,9
"89F9E725F908B7AB740CAEFC1444ED71B1352681","hunter\sdf_streaming\pc\Huntsville\tile-004x-004x0000\data\sdf-A-0000.sdfdata",8570951,8570951,7502172,9
"89F9E725F908B7AB740CAEFC1444ED71B1352681","hunter\sdf_streaming\pc\Huntsville\tile-005x-004x0000\data\sdf-A-0000.sdfdata",3115959,3115959,2680031,9
"89F9E725F908B7AB740CAEFC1444ED71B1352681","hunter\sdf_streaming\pc\Huntsville\tile0000x-001x0000\data\sdf-A-0000.sdfdata",20387722,20387722,11004181,9
"89F9E725F908B7AB740CAEFC1444ED71B1352681","hunter\sdf_streaming\pc\Huntsville\tile0000x-002x0000\data\sdf-A-0000.sdfdata",20383619,20383619,12650650,9
"89F9E725F908B7AB740CAEFC1444ED71B1352681","hunter\sdf_streaming\pc\Huntsville\tile0000x0000x0000\data\sdf-A-0000.sdfdata",20326717,20326717,12248029,9
"89F9E725F908B7AB740CAEFC1444ED71B1352681","hunter\sdf_streaming\pc\Huntsville\tile0000x0001x0000\data\sdf-A-0000.sdfdata",163746,163746,113664,9
"89F9E725F908B7AB740CAEFC1444ED71B1352681","hunter\sdf_streaming\pc\Huntsville\tile0001x-001x0000\data\sdf-A-0000.sdfdata",20374937,20374937,11492339,9
"89F9E725F908B7AB740CAEFC1444ED71B1352681","hunter\sdf_streaming\pc\Huntsville\tile0001x-002x0000\data\sdf-A-0000.sdfdata",19175352,19175352,15787949,9
"89F9E725F908B7AB740CAEFC1444ED71B1352681","hunter\sdf_streaming\pc\Huntsville\tile0001x0000x0000\data\sdf-A-0000.sdfdata",20321264,20321264,11568093,9
"89F9E725F908B7AB740CAEFC1444ED71B1352681","hunter\sdf_streaming\pc\Huntsville\tile0001x0001x0000\data\sdf-A-0000.sdfdata",8300052,8300052,6274929,9
"89F9E725F908B7AB740CAEFC1444ED71B1352681","hunter\sdf_streaming\pc\Huntsville\tile0002x-001x0000\data\sdf-A-0000.sdfdata",20397087,20397087,13684136,9
"89F9E725F908B7AB740CAEFC1444ED71B1352681","hunter\sdf_streaming\pc\Huntsville\tile0002x-002x0000\data\sdf-A-0000.sdfdata",18633741,18633741,15637144,9
"89F9E725F908B7AB740CAEFC1444ED71B1352681","hunter\sdf_streaming\pc\Huntsville\tile0002x0000x0000\data\sdf-A-0000.sdfdata",14115730,14115730,12211225,9
"89F9E725F908B7AB740CAEFC1444ED71B1352681","hunter\sdf_streaming\pc\Huntsville\tile0003x0002x0000\data\sdf-A-0000.sdfdata",117892,117892,114179,9
"89F9E725F908B7AB740CAEFC1444ED71B1352681","hunter\sdf_streaming\pc\Huntsville\tile9999x10000x0000\data\sdf-A-0000.sdfdata",111714,111714,108113,9
"89F9E725F908B7AB740CAEFC1444ED71B1352681","hunter\sdf_streaming\pc\Huntsville\global\data\sdf.sdftoc",1070262,1070262,1070298,9
"89F9E725F908B7AB740CAEFC1444ED71B1352681","hunter\sdf_streaming\pc\Huntsville\tile-001x-001x0000\data\sdf.sdftoc",309185,309185,309203,9
"89F9E725F908B7AB740CAEFC1444ED71B1352681","hunter\sdf_streaming\pc\Huntsville\tile-001x-002x0000\data\sdf.sdftoc",168468,168468,168483,9
"89F9E725F908B7AB740CAEFC1444ED71B1352681","hunter\sdf_streaming\pc\Huntsville\tile-001x0000x0000\data\sdf.sdftoc",235840,235840,235855,9
"89F9E725F908B7AB740CAEFC1444ED71B1352681","hunter\sdf_streaming\pc\Huntsville\tile-001x0001x0000\data\sdf.sdftoc",1722,1722,1564,9
"89F9E725F908B7AB740CAEFC1444ED71B1352681","hunter\sdf_streaming\pc\Huntsville\tile-002x-001x0000\data\sdf.sdftoc",128293,128293,128305,9
"89F9E725F908B7AB740CAEFC1444ED71B1352681","hunter\sdf_streaming\pc\Huntsville\tile-002x-003x0000\data\sdf.sdftoc",1240,1240,1085,9
"89F9E725F908B7AB740CAEFC1444ED71B1352681","hunter\sdf_streaming\pc\Huntsville\tile-002x0000x0000\data\sdf.sdftoc",315806,315806,315824,9
"89F9E725F908B7AB740CAEFC1444ED71B1352681","hunter\sdf_streaming\pc\Huntsville\tile-002x0001x0000\data\sdf.sdftoc",146651,146651,146666,9
"89F9E725F908B7AB740CAEFC1444ED71B1352681","hunter\sdf_streaming\pc\Huntsville\tile-003x-001x0000\data\sdf.sdftoc",103852,103852,103864,9
"89F9E725F908B7AB740CAEFC1444ED71B1352681","hunter\sdf_streaming\pc\Huntsville\tile-003x-002x0000\data\sdf.sdftoc",3835,3835,3681,9
"89F9E725F908B7AB740CAEFC1444ED71B1352681","hunter\sdf_streaming\pc\Huntsville\tile-003x-003x0000\data\sdf.sdftoc",1166,1166,1009,9
"89F9E725F908B7AB740CAEFC1444ED71B1352681","hunter\sdf_streaming\pc\Huntsville\tile-003x0000x0000\data\sdf.sdftoc",162495,162495,162510,9
"89F9E725F908B7AB740CAEFC1444ED71B1352681","hunter\sdf_streaming\pc\Huntsville\tile-003x0001x0000\data\sdf.sdftoc",2736,2736,2579,9
"89F9E725F908B7AB740CAEFC1444ED71B1352681","hunter\sdf_streaming\pc\Huntsville\tile-004x-004x0000\data\sdf.sdftoc",25791,25791,25648,9
"89F9E725F908B7AB740CAEFC1444ED71B1352681","hunter\sdf_streaming\pc\Huntsville\tile-005x-004x0000\data\sdf.sdftoc",12814,12814,12671,9
"89F9E725F908B7AB740CAEFC1444ED71B1352681","hunter\sdf_streaming\pc\Huntsville\tile0000x-001x0000\data\sdf.sdftoc",340047,340047,340065,9
"89F9E725F908B7AB740CAEFC1444ED71B1352681","hunter\sdf_streaming\pc\Huntsville\tile0000x-002x0000\data\sdf.sdftoc",231817,231817,231832,9
"89F9E725F908B7AB740CAEFC1444ED71B1352681","hunter\sdf_streaming\pc\Huntsville\tile0000x0000x0000\data\sdf.sdftoc",254430,254430,254445,9
"89F9E725F908B7AB740CAEFC1444ED71B1352681","hunter\sdf_streaming\pc\Huntsville\tile0000x0001x0000\data\sdf.sdftoc",1682,1682,1525,9
"89F9E725F908B7AB740CAEFC1444ED71B1352681","hunter\sdf_streaming\pc\Huntsville\tile0001x-001x0000\data\sdf.sdftoc",308634,308634,308652,9
"89F9E725F908B7AB740CAEFC1444ED71B1352681","hunter\sdf_streaming\pc\Huntsville\tile0001x-002x0000\data\sdf.sdftoc",69933,69933,69945,9
"89F9E725F908B7AB740CAEFC1444ED71B1352681","hunter\sdf_streaming\pc\Huntsville\tile0001x0000x0000\data\sdf.sdftoc",299485,299485,299503,9
"89F9E725F908B7AB740CAEFC1444ED71B1352681","hunter\sdf_streaming\pc\Huntsville\tile0001x0001x0000\data\sdf.sdftoc",31340,31340,31210,9
"89F9E725F908B7AB740CAEFC1444ED71B1352681","hunter\sdf_streaming\pc\Huntsville\tile0002x-001x0000\data\sdf.sdftoc",178283,178283,178298,9
"89F9E725F908B7AB740CAEFC1444ED71B1352681","hunter\sdf_streaming\pc\Huntsville\tile0002x-002x0000\data\sdf.sdftoc",75570,75570,75582,9
"89F9E725F908B7AB740CAEFC1444ED71B1352681","hunter\sdf_streaming\pc\Huntsville\tile0002x0000x0000\data\sdf.sdftoc",45447,45447,45457,9
"89F9E725F908B7AB740CAEFC1444ED71B1352681","hunter\sdf_streaming\pc\Huntsville\tile0003x0002x0000\data\sdf.sdftoc",1209,1209,1051,9
"89F9E725F908B7AB740CAEFC1444ED71B1352681","hunter\sdf_streaming\pc\Huntsville\tile9999x10000x0000\data\sdf.sdftoc",975,975,826,9
"89F9E725F908B7AB740CAEFC1444ED71B1352681","hunter\sdf_streaming\pc\Hunter_PVP\tileconfig.txt",110,110,105,9
"89F9E725F908B7AB740CAEFC1444ED71B1352681","hunter\sdf_streaming\pc\Hunter_PVP\global\data\sdf-A-0000.sdfdata",80557016,80557016,69061102,9
"89F9E725F908B7AB740CAEFC1444ED71B1352681","hunter\sdf_streaming\pc\Hunter_PVP\global\data\sdf.sdftoc",258578,258578,258593,9
"89F9E725F908B7AB740CAEFC1444ED71B1352681","hunter\sdf_streaming\pc\Episode_Missions\tileconfig.txt",110,110,106,9
"89F9E725F908B7AB740CAEFC1444ED71B1352681","hunter\sdf_streaming\pc\Episode_Missions\global\data\sdf-A-0000.sdfdata",100846855,100846855,68361796,9
"89F9E725F908B7AB740CAEFC1444ED71B1352681","hunter\sdf_streaming\pc\Episode_Missions\global\data\sdf.sdftoc",778075,778075,778102,9
"89F9E725F908B7AB740CAEFC1444ED71B1352681","hunter\sdf_streaming\pc\odd_grid_01\tileconfig.txt",109,109,103,9
"89F9E725F908B7AB740CAEFC1444ED71B1352681","hunter\sdf_streaming\pc\odd_grid_01\global\data\sdf-A-0000.sdfdata",101129936,101129936,64376847,9
"89F9E725F908B7AB740CAEFC1444ED71B1352681","hunter\sdf_streaming\pc\odd_grid_01\global\data\sdf.sdftoc",867658,867658,867688,9
"89F9E725F908B7AB740CAEFC1444ED71B1352681","hunter\sdf_streaming\pc\Raidsville\tileconfig.txt",110,110,105,9
"89F9E725F908B7AB740CAEFC1444ED71B1352681","hunter\sdf_streaming\pc\Raidsville\global\data\sdf-A-0000.sdfdata",93761952,93761952,76010020,9
"89F9E725F908B7AB740CAEFC1444ED71B1352681","hunter\sdf_streaming\pc\Raidsville\global\data\sdf.sdftoc",398503,398503,398499,9
"89F9E725F908B7AB740CAEFC1444ED71B1352681","hunter\sdf_streaming\pc\Warlockville\tileconfig.txt",110,110,106,9
"89F9E725F908B7AB740CAEFC1444ED71B1352681","hunter\sdf_streaming\pc\Warlockville\global\data\sdf-A-0000.sdfdata",100572106,100572106,68137454,9
"89F9E725F908B7AB740CAEFC1444ED71B1352681","hunter\sdf_streaming\pc\Warlockville\global\data\sdf.sdftoc",832984,832984,833014,9
"89F9E725F908B7AB740CAEFC1444ED71B1352681","hunter\sdf\pc\data\sdf-C-2000-en-US.sdfdata",33538649,33538649,32071881,9
"89F9E725F908B7AB740CAEFC1444ED71B1352681","hunter\sdf\pc\data\sdf-C-2001-en-US.sdfdata",33544535,33544535,31881536,9
"89F9E725F908B7AB740CAEFC1444ED71B1352681","hunter\sdf\pc\data\sdf-C-2002-en-US.sdfdata",33553770,33553770,31072010,9
"89F9E725F908B7AB740CAEFC1444ED71B1352681","hunter\sdf\pc\data\sdf-C-2003-en-US.sdfdata",33544600,33544600,31984073,9
"89F9E725F908B7AB740CAEFC1444ED71B1352681","hunter\sdf\pc\data\sdf-C-2004-en-US.sdfdata",33548741,33548741,31825337,9
"89F9E725F908B7AB740CAEFC1444ED71B1352681","hunter\sdf\pc\data\sdf-C-2005-en-US.sdfdata",33549560,33549560,29787557,9
"89F9E725F908B7AB740CAEFC1444ED71B1352681","hunter\sdf\pc\data\sdf-C-2006-en-US.sdfdata",33549095,33549095,32418018,9
"89F9E725F908B7AB740CAEFC1444ED71B1352681","hunter\sdf\pc\data\sdf-C-2007-en-US.sdfdata",33542411,33542411,32179818,9
"89F9E725F908B7AB740CAEFC1444ED71B1352681","hunter\sdf\pc\data\sdf-C-2008-en-US.sdfdata",33545671,33545671,32733822,9
"89F9E725F908B7AB740CAEFC1444ED71B1352681","hunter\sdf\pc\data\sdf-C-2009-en-US.sdfdata",33545887,33545887,32555002,9
"89F9E725F908B7AB740CAEFC1444ED71B1352681","hunter\sdf\pc\data\sdf-C-2010-en-US.sdfdata",33534793,33534793,32530110,9
"89F9E725F908B7AB740CAEFC1444ED71B1352681","hunter\sdf\pc\data\sdf-C-2011-en-US.sdfdata",33541722,33541722,27181929,9
"89F9E725F908B7AB740CAEFC1444ED71B1352681","hunter\sdf\pc\data\sdf-C-2012-en-US.sdfdata",33528056,33528056,31004320,9
"89F9E725F908B7AB740CAEFC1444ED71B1352681","hunter\sdf\pc\data\sdf-C-2013-en-US.sdfdata",33531645,33531645,32140720,9
"89F9E725F908B7AB740CAEFC1444ED71B1352681","hunter\sdf\pc\data\sdf-C-2014-en-US.sdfdata",33552963,33552963,30282124,9
"89F9E725F908B7AB740CAEFC1444ED71B1352681","hunter\sdf\pc\data\sdf-C-2015-en-US.sdfdata",33546282,33546282,32689276,9
"89F9E725F908B7AB740CAEFC1444ED71B1352681","hunter\sdf\pc\data\sdf-C-2016-en-US.sdfdata",33541314,33541314,32569985,9
"89F9E725F908B7AB740CAEFC1444ED71B1352681","hunter\sdf\pc\data\sdf-C-2017-en-US.sdfdata",33541408,33541408,32422081,9
"89F9E725F908B7AB740CAEFC1444ED71B1352681","hunter\sdf\pc\data\sdf-C-2018-en-US.sdfdata",33391880,33391880,32807273,9
"89F9E725F908B7AB740CAEFC1444ED71B1352681","hunter\sdf\pc\data\sdf-C-2019-en-US.sdfdata",33551168,33551168,32660923,9
"89F9E725F908B7AB740CAEFC1444ED71B1352681","hunter\sdf\pc\data\sdf-C-2020-en-US.sdfdata",33546383,33546383,31590338,9
"89F9E725F908B7AB740CAEFC1444ED71B1352681","hunter\sdf\pc\data\sdf-C-2021-en-US.sdfdata",33552655,33552655,32413163,9
"89F9E725F908B7AB740CAEFC1444ED71B1352681","hunter\sdf\pc\data\sdf-C-2022-en-US.sdfdata",33553769,33553769,32348923,9
"89F9E725F908B7AB740CAEFC1444ED71B1352681","hunter\sdf\pc\data\sdf-C-2023-en-US.sdfdata",33549867,33549867,31878855,9
"89F9E725F908B7AB740CAEFC1444ED71B1352681","hunter\sdf\pc\data\sdf-C-2024-en-US.sdfdata",33549292,33549292,31414152,9
"89F9E725F908B7AB740CAEFC1444ED71B1352681","hunter\sdf\pc\data\sdf-C-2025-en-US.sdfdata",33545667,33545667,30625988,9
"89F9E725F908B7AB740CAEFC1444ED71B1352681","hunter\sdf\pc\data\sdf-C-2026-en-US.sdfdata",33537173,33537173,32479624,9
"89F9E725F908B7AB740CAEFC1444ED71B1352681","hunter\sdf\pc\data\sdf-C-2027-en-US.sdfdata",33549597,33549597,32458910,9
"89F9E725F908B7AB740CAEFC1444ED71B1352681","hunter\sdf\pc\data\sdf-C-2028-en-US.sdfdata",33438490,33438490,32325240,9
"89F9E725F908B7AB740CAEFC1444ED71B1352681","hunter\sdf\pc\data\sdf-C-2029-en-US.sdfdata",33554175,33554175,32724536,9
"89F9E725F908B7AB740CAEFC1444ED71B1352681","hunter\sdf\pc\data\sdf-C-2030-en-US.sdfdata",33522651,33522651,32645152,9
"89F9E725F908B7AB740CAEFC1444ED71B1352681","hunter\sdf\pc\data\sdf-C-2031-en-US.sdfdata",33523732,33523732,32851296,9
"89F9E725F908B7AB740CAEFC1444ED71B1352681","hunter\sdf\pc\data\sdf-C-2032-en-US.sdfdata",33527585,33527585,32842403,9
"89F9E725F908B7AB740CAEFC1444ED71B1352681","hunter\sdf\pc\data\sdf-C-2033-en-US.sdfdata",33513139,33513139,32805586,9
"89F9E725F908B7AB740CAEFC1444ED71B1352681","hunter\sdf\pc\data\sdf-C-2034-en-US.sdfdata",33463778,33463778,32744359,9
"89F9E725F908B7AB740CAEFC1444ED71B1352681","hunter\sdf\pc\data\sdf-C-2035-en-US.sdfdata",33526134,33526134,32864136,9
"89F9E725F908B7AB740CAEFC1444ED71B1352681","hunter\sdf\pc\data\sdf-C-2036-en-US.sdfdata",33544161,33544161,32893982,9
"89F9E725F908B7AB740CAEFC1444ED71B1352681","hunter\sdf\pc\data\sdf-C-2037-en-US.sdfdata",33554208,33554208,32473805,9
"89F9E725F908B7AB740CAEFC1444ED71B1352681","hunter\sdf\pc\data\sdf-C-2038-en-US.sdfdata",23070811,23070811,22379192,9
"89F9E725F908B7AB740CAEFC1444ED71B1352681","hunter\sdf\pc\data\sdf-C-2039-en-US.sdfdata",29686489,29686489,28864697,9
"89F9E725F908B7AB740CAEFC1444ED71B1352681","hunter\sdf\pc\data\sdf-C-2040-en-US.sdfdata",31672081,31672081,30677871,9
"89F9E725F908B7AB740CAEFC1444ED71B1352681","hunter\sdf\pc\data\sdf-C-2041-en-US.sdfdata",21337483,21337483,19310078,9
"89F9E725F908B7AB740CAEFC1444ED71B1352681","hunter\sdf\pc\data\sdf-C-2042-en-US.sdfdata",28455608,28455608,16351429,9
"89F9E725F908B7AB740CAEFC1444ED71B1352681","hunter\sdf\pc\data\sdf-C-2043-en-US.sdfdata",27456453,27456453,26314833,9
"89F9E725F908B7AB740CAEFC1444ED71B1352681","hunter\sdf\pc\data\sdf-C-2044-en-US.sdfdata",33551894,33551894,32413990,9
"89F9E725F908B7AB740CAEFC1444ED71B1352681","hunter\sdf\pc\data\sdf-C-2045-en-US.sdfdata",33554333,33554333,32365361,9
"89F9E725F908B7AB740CAEFC1444ED71B1352681","hunter\sdf\pc\data\sdf-C-2046-en-US.sdfdata",19139039,19139039,18729172,9
"89F9E725F908B7AB740CAEFC1444ED71B1352681","hunter\sdf\pc\data\sdf-C-2047-en-US.sdfdata",15774841,15774841,15272420,9
"89F9E725F908B7AB740CAEFC1444ED71B1352681","hunter\sdf\pc\data\sdf-C-2048-en-US.sdfdata",32741976,32741976,31924902,9
"89F9E725F908B7AB740CAEFC1444ED71B1352681","hunter\sdf\pc\data\sdf-C-2049-en-US.sdfdata",33553729,33553729,32691200,9
"89F9E725F908B7AB740CAEFC1444ED71B1352681","hunter\sdf\pc\data\sdf-C-2050-en-US.sdfdata",33553918,33553918,32595452,9
"89F9E725F908B7AB740CAEFC1444ED71B1352681","hunter\sdf\pc\data\sdf-C-2051-en-US.sdfdata",32128574,32128574,31363776,9
"89F9E725F908B7AB740CAEFC1444ED71B1352681","hunter\sdf\pc\data\sdf-C-2052-en-US.sdfdata",33553191,33553191,31415221,9
"89F9E725F908B7AB740CAEFC1444ED71B1352681","hunter\sdf\pc\data\sdf-C-2053-en-US.sdfdata",15918472,15918472,15047781,9
"89F9E725F908B7AB740CAEFC1444ED71B1352681","hunter\sdf\pc\data\sdf-C-2054-en-US.sdfdata",33087462,33087462,32400046,9
"89F9E725F908B7AB740CAEFC1444ED71B1352681","hunter\sdf\pc\data\sdf-C-2055-en-US.sdfdata",33553828,33553828,32871869,9
"89F9E725F908B7AB740CAEFC1444ED71B1352681","hunter\sdf\pc\data\sdf-C-2056-en-US.sdfdata",33552794,33552794,32729900,9
"89F9E725F908B7AB740CAEFC1444ED71B1352681","hunter\sdf\pc\data\sdf-C-2057-en-US.sdfdata",14795409,14795409,14278170,9
"89F9E725F908B7AB740CAEFC1444ED71B1352681","hunter\sdf\pc\data\sdf-C-2058-en-US.sdfdata",24065949,24065949,15182444,9
"89F9E725F908B7AB740CAEFC1444ED71B1352681","hunter\sdf\pc\data\sdf-C-2059-en-US.sdfdata",33554228,33554228,30737794,9
"89F9E725F908B7AB740CAEFC1444ED71B1352681","hunter\sdf\pc\data\sdf-C-2060-en-US.sdfdata",33553442,33553442,28667986,9
"89F9E725F908B7AB740CAEFC1444ED71B1352681","hunter\sdf\pc\data\sdf-C-2061-en-US.sdfdata",33551403,33551403,28528498,9
"89F9E725F908B7AB740CAEFC1444ED71B1352681","hunter\sdf\pc\data\sdf-C-2062-en-US.sdfdata",33553647,33553647,29285340,9
"89F9E725F908B7AB740CAEFC1444ED71B1352681","hunter\sdf\pc\data\sdf-C-2063-en-US.sdfdata",33551283,33551283,30047675,9
"89F9E725F908B7AB740CAEFC1444ED71B1352681","hunter\sdf\pc\data\sdf-C-2064-en-US.sdfdata",18786442,18786442,18253282,9
"89F9E725F908B7AB740CAEFC1444ED71B1352681","hunter\sdf\pc\data\sdf-C-2065-en-US.sdfdata",14187756,14187756,13904599,9
"89F9E725F908B7AB740CAEFC1444ED71B1352681","hunter\sdf\pc\data\sdf-C-2066-en-US.sdfdata",33554237,33554237,32212789,9
"89F9E725F908B7AB740CAEFC1444ED71B1352681","hunter\sdf\pc\data\sdf-C-2067-en-US.sdfdata",33551551,33551551,28100251,9
"89F9E725F908B7AB740CAEFC1444ED71B1352681","hunter\sdf\pc\data\sdf-C-2068-en-US.sdfdata",23783149,23783149,18454175,9
"89F9E725F908B7AB740CAEFC1444ED71B1352681","hunter\sdf\pc\data\sdf-C-2069-en-US.sdfdata",16160014,16160014,15665575,9
"89F9E725F908B7AB740CAEFC1444ED71B1352681","hunter\sdf\pc\data\sdf-C-2070-en-US.sdfdata",29108521,29108521,25230669,9
"89F9E725F908B7AB740CAEFC1444ED71B1352681","hunter\sdf\pc\data\sdf-C-2071-en-US.sdfdata",27549749,27549749,26857658,9
"89F9E725F908B7AB740CAEFC1444ED71B1352681","hunter\sdf\pc\data\sdf-C-2072-en-US.sdfdata",17056309,17056309,16680506,9
"89F9E725F908B7AB740CAEFC1444ED71B1352681","hunter\sdf\pc\data\sdf-C-2073-en-US.sdfdata",16804348,16804348,16350718,9
"89F9E725F908B7AB740CAEFC1444ED71B1352681","hunter\sdf\pc\data\sdf-C-2074-en-US.sdfdata",35667093,35667093,34759675,9
"89F9E725F908B7AB740CAEFC1444ED71B1352681","hunter\sdf\pc\data\sdf-C-2075-en-US.sdfdata",13755396,13755396,13489158,9
"89F9E725F908B7AB740CAEFC1444ED71B1352681","hunter\sdf\pc\data\sdf-C-2076-en-US.sdfdata",18907628,18907628,18435134,9
"89F9E725F908B7AB740CAEFC1444ED71B1352681","hunter\sdf\pc\data\sdf-C-2077-en-US.sdfdata",29163795,29163795,28023811,9
"89F9E725F908B7AB740CAEFC1444ED71B1352681","hunter\sdf\pc\data\sdf-C-2078-en-US.sdfdata",23300393,23300393,2028083,9
"89F9E725F908B7AB740CAEFC1444ED71B1352681","hunter\sdf\pc\data\sdf-C-2079-en-US.sdfdata",33141678,33141678,31824713,9
"89F9E725F908B7AB740CAEFC1444ED71B1352681","hunter\sdf\pc\data\sdf-C-2080-en-US.sdfdata",20999911,20999911,20439650,9
"89F9E725F908B7AB740CAEFC1444ED71B1352681","hunter\sdf\pc\data\sdf-C-2081-en-US.sdfdata",24487983,24487983,20071161,9
"89F9E725F908B7AB740CAEFC1444ED71B1352681","hunter\sdf\pc\data\sdf-C-2082-en-US.sdfdata",31630432,31630432,10008617,9
"89F9E725F908B7AB740CAEFC1444ED71B1352681","hunter\sdf\pc\data\sdf-C-2083-en-US.sdfdata",29135259,29135259,28438651,9
"89F9E725F908B7AB740CAEFC1444ED71B1352681","hunter\sdf\pc\data\sdf-C-2084-en-US.sdfdata",32942943,32942943,32219666,9
"89F9E725F908B7AB740CAEFC1444ED71B1352681","hunter\sdf\pc\data\sdf-C-2085-en-US.sdfdata",28672000,28672000,28018183,9
"89F9E725F908B7AB740CAEFC1444ED71B1352681","hunter\sdf\pc\data\sdf-C-2086-en-US.sdfdata",17811504,17811504,17223714,9
"89F9E725F908B7AB740CAEFC1444ED71B1352681","hunter\sdf\pc\data\sdf-C-2087-en-US.sdfdata",30914917,30914917,29784640,9
"89F9E725F908B7AB740CAEFC1444ED71B1352681","hunter\sdf\pc\data\sdf-C-2088-en-US.sdfdata",39720679,39720679,38278198,9
"89F9E725F908B7AB740CAEFC1444ED71B1352681","hunter\sdf\pc\data\sdf-C-2089-en-US.sdfdata",33529314,33529314,31707319,9
"89F9E725F908B7AB740CAEFC1444ED71B1352681","hunter\sdf\pc\data\sdf-C-2090-en-US.sdfdata",15293385,15293385,14954082,9
"89F9E725F908B7AB740CAEFC1444ED71B1352681","hunter\sdf\pc\data\sdf-C-2091-en-US.sdfdata",30417172,30417172,29405246,9
"89F9E725F908B7AB740CAEFC1444ED71B1352681","hunter\sdf\pc\data\sdf-C-2092-en-US.sdfdata",21690532,21690532,21173127,9
"89F9E725F908B7AB740CAEFC1444ED71B1352681","hunter\sdf\pc\data\sdf-C-2093-en-US.sdfdata",11337050,11337050,10951256,9
"89F9E725F908B7AB740CAEFC1444ED71B1352681","hunter\sdf\pc\data\sdf-C-2094-en-US.sdfdata",25466437,25466437,24372559,9
"89F9E725F908B7AB740CAEFC1444ED71B1352681","hunter\sdf\pc\data\sdf-C-2095-en-US.sdfdata",13814497,13814497,13186182,9
"89F9E725F908B7AB740CAEFC1444ED71B1352681","hunter\sdf\pc\data\sdf-C-2096-en-US.sdfdata",12692956,12692956,12373449,9
"89F9E725F908B7AB740CAEFC1444ED71B1352681","hunter\sdf\pc\data\sdf-C-2097-en-US.sdfdata",33511489,33511489,32685012,9
"89F9E725F908B7AB740CAEFC1444ED71B1352681","hunter\sdf\pc\data\sdf-C-2098-en-US.sdfdata",27665886,27665886,26427503,9
"89F9E725F908B7AB740CAEFC1444ED71B1352681","hunter\sdf\pc\data\sdf-C-2099-en-US.sdfdata",30097371,30097371,22480668,9
"89F9E725F908B7AB740CAEFC1444ED71B1352681","hunter\sdf\pc\data\sdf-C-2100-fr-FR.sdfdata",33541422,33541422,31082154,11
"89F9E725F908B7AB740CAEFC1444ED71B1352681","hunter\sdf\pc\data\sdf-C-2101-fr-FR.sdfdata",33542856,33542856,31966205,11
"89F9E725F908B7AB740CAEFC1444ED71B1352681","hunter\sdf\pc\data\sdf-C-2102-fr-FR.sdfdata",33548374,33548374,31458190,11
"89F9E725F908B7AB740CAEFC1444ED71B1352681","hunter\sdf\pc\data\sdf-C-2103-fr-FR.sdfdata",33552928,33552928,32010177,11
"89F9E725F908B7AB740CAEFC1444ED71B1352681","hunter\sdf\pc\data\sdf-C-2104-fr-FR.sdfdata",33548555,33548555,31922198,11
"89F9E725F908B7AB740CAEFC1444ED71B1352681","hunter\sdf\pc\data\sdf-C-2105-fr-FR.sdfdata",33549422,33549422,32250289,11
"89F9E725F908B7AB740CAEFC1444ED71B1352681","hunter\sdf\pc\data\sdf-C-2106-fr-FR.sdfdata",33552513,33552513,32440986,11
"89F9E725F908B7AB740CAEFC1444ED71B1352681","hunter\sdf\pc\data\sdf-C-2107-fr-FR.sdfdata",33540162,33540162,32619815,11
"89F9E725F908B7AB740CAEFC1444ED71B1352681","hunter\sdf\pc\data\sdf-C-2108-fr-FR.sdfdata",33553095,33553095,32718312,11
"89F9E725F908B7AB740CAEFC1444ED71B1352681","hunter\sdf\pc\data\sdf-C-2109-fr-FR.sdfdata",33550059,33550059,32517084,11
"89F9E725F908B7AB740CAEFC1444ED71B1352681","hunter\sdf\pc\data\sdf-C-2110-fr-FR.sdfdata",33526986,33526986,32528759,11
"89F9E725F908B7AB740CAEFC1444ED71B1352681","hunter\sdf\pc\data\sdf-C-2111-fr-FR.sdfdata",33548126,33548126,31916711,11
"89F9E725F908B7AB740CAEFC1444ED71B1352681","hunter\sdf\pc\data\sdf-C-2112-fr-FR.sdfdata",33539316,33539316,32270454,11
"89F9E725F908B7AB740CAEFC1444ED71B1352681","hunter\sdf\pc\data\sdf-C-2113-fr-FR.sdfdata",33545271,33545271,32444020,11
"89F9E725F908B7AB740CAEFC1444ED71B1352681","hunter\sdf\pc\data\sdf-C-2114-fr-FR.sdfdata",33553017,33553017,32542658,11
"89F9E725F908B7AB740CAEFC1444ED71B1352681","hunter\sdf\pc\data\sdf-C-2115-fr-FR.sdfdata",33539471,33539471,32620875,11
"89F9E725F908B7AB740CAEFC1444ED71B1352681","hunter\sdf\pc\data\sdf-C-2116-fr-FR.sdfdata",33545562,33545562,32571433,11
"89F9E725F908B7AB740CAEFC1444ED71B1352681","hunter\sdf\pc\data\sdf-C-2117-fr-FR.sdfdata",33401089,33401089,32521643,11
"89F9E725F908B7AB740CAEFC1444ED71B1352681","hunter\sdf\pc\data\sdf-C-2118-fr-FR.sdfdata",33545036,33545036,32947249,11
"89F9E725F908B7AB740CAEFC1444ED71B1352681","hunter\sdf\pc\data\sdf-C-2119-fr-FR.sdfdata",33541336,33541336,32326348,11
"89F9E725F908B7AB740CAEFC1444ED71B1352681","hunter\sdf\pc\data\sdf-C-2120-fr-FR.sdfdata",33548684,33548684,32412795,11
"89F9E725F908B7AB740CAEFC1444ED71B1352681","hunter\sdf\pc\data\sdf-C-2121-fr-FR.sdfdata",33549870,33549870,32380099,11
"89F9E725F908B7AB740CAEFC1444ED71B1352681","hunter\sdf\pc\data\sdf-C-2122-fr-FR.sdfdata",33544797,33544797,32286066,11
"89F9E725F908B7AB740CAEFC1444ED71B1352681","hunter\sdf\pc\data\sdf-C-2123-fr-FR.sdfdata",33541681,33541681,32408911,11
"89F9E725F908B7AB740CAEFC1444ED71B1352681","hunter\sdf\pc\data\sdf-C-2124-fr-FR.sdfdata",33550046,33550046,31727086,11
"89F9E725F908B7AB740CAEFC1444ED71B1352681","hunter\sdf\pc\data\sdf-C-2125-fr-FR.sdfdata",33542653,33542653,32558632,11
"89F9E725F908B7AB740CAEFC1444ED71B1352681","hunter\sdf\pc\data\sdf-C-2126-fr-FR.sdfdata",33549596,33549596,32447257,11
"89F9E725F908B7AB740CAEFC1444ED71B1352681","hunter\sdf\pc\data\sdf-C-2127-fr-FR.sdfdata",33548785,33548785,32484257,11
"89F9E725F908B7AB740CAEFC1444ED71B1352681","hunter\sdf\pc\data\sdf-C-2128-fr-FR.sdfdata",33464353,33464353,31985406,11
"89F9E725F908B7AB740CAEFC1444ED71B1352681","hunter\sdf\pc\data\sdf-C-2129-fr-FR.sdfdata",33526442,33526442,32618747,11
"89F9E725F908B7AB740CAEFC1444ED71B1352681","hunter\sdf\pc\data\sdf-C-2130-fr-FR.sdfdata",33457450,33457450,32716429,11
"89F9E725F908B7AB740CAEFC1444ED71B1352681","hunter\sdf\pc\data\sdf-C-2131-fr-FR.sdfdata",33527844,33527844,32824293,11
"89F9E725F908B7AB740CAEFC1444ED71B1352681","hunter\sdf\pc\data\sdf-C-2132-fr-FR.sdfdata",33534391,33534391,32781723,11
"89F9E725F908B7AB740CAEFC1444ED71B1352681","hunter\sdf\pc\data\sdf-C-2133-fr-FR.sdfdata",33438089,33438089,32646979,11
"89F9E725F908B7AB740CAEFC1444ED71B1352681","hunter\sdf\pc\data\sdf-C-2134-fr-FR.sdfdata",33537662,33537662,32792492,11
"89F9E725F908B7AB740CAEFC1444ED71B1352681","hunter\sdf\pc\data\sdf-C-2135-fr-FR.sdfdata",33452515,33452515,32742064,11
"89F9E725F908B7AB740CAEFC1444ED71B1352681","hunter\sdf\pc\data\sdf-C-2136-fr-FR.sdfdata",25908276,25908276,25195365,11
"89F9E725F908B7AB740CAEFC1444ED71B1352681","hunter\sdf\pc\data\sdf-C-2137-fr-FR.sdfdata",15825966,15825966,14419657,11
"89F9E725F908B7AB740CAEFC1444ED71B1352681","hunter\sdf\pc\data\sdf-C-2138-fr-FR.sdfdata",25632223,25632223,6378494,11
"89F9E725F908B7AB740CAEFC1444ED71B1352681","hunter\sdf\pc\data\sdf-C-2139-fr-FR.sdfdata",15663592,15663592,14022928,11
"89F9E725F908B7AB740CAEFC1444ED71B1352681","hunter\sdf\pc\data\sdf-C-2140-fr-FR.sdfdata",30393180,30393180,25806753,11
"89F9E725F908B7AB740CAEFC1444ED71B1352681","hunter\sdf\pc\data\sdf-C-2141-fr-FR.sdfdata",15494897,15494897,11981625,11
"89F9E725F908B7AB740CAEFC1444ED71B1352681","hunter\sdf\pc\data\sdf-C-2142-fr-FR.sdfdata",31791252,31791252,30838815,11
"89F9E725F908B7AB740CAEFC1444ED71B1352681","hunter\sdf\pc\data\sdf-C-2143-fr-FR.sdfdata",33554149,33554149,32260452,11
"89F9E725F908B7AB740CAEFC1444ED71B1352681","hunter\sdf\pc\data\sdf-C-2144-fr-FR.sdfdata",33552827,33552827,32408037,11
"89F9E725F908B7AB740CAEFC1444ED71B1352681","hunter\sdf\pc\data\sdf-C-2145-fr-FR.sdfdata",21150266,21150266,20367031,11
"89F9E725F908B7AB740CAEFC1444ED71B1352681","hunter\sdf\pc\data\sdf-C-2146-fr-FR.sdfdata",33118375,33118375,32298755,11
"89F9E725F908B7AB740CAEFC1444ED71B1352681","hunter\sdf\pc\data\sdf-C-2147-fr-FR.sdfdata",33553930,33553930,32742159,11
"89F9E725F908B7AB740CAEFC1444ED71B1352681","hunter\sdf\pc\data\sdf-C-2148-fr-FR.sdfdata",33554209,33554209,32671816,11
"89F9E725F908B7AB740CAEFC1444ED71B1352681","hunter\sdf\pc\data\sdf-C-2149-fr-FR.sdfdata",20126696,20126696,17786871,11
"89F9E725F908B7AB740CAEFC1444ED71B1352681","hunter\sdf\pc\data\sdf-C-2150-fr-FR.sdfdata",24551741,24551741,9419796,11
"89F9E725F908B7AB740CAEFC1444ED71B1352681","hunter\sdf\pc\data\sdf-C-2151-fr-FR.sdfdata",33551874,33551874,32735152,11
"89F9E725F908B7AB740CAEFC1444ED71B1352681","hunter\sdf\pc\data\sdf-C-2152-fr-FR.sdfdata",21401129,21401129,19873271,11
"89F9E725F908B7AB740CAEFC1444ED71B1352681","hunter\sdf\pc\data\sdf-C-2153-fr-FR.sdfdata",33087387,33087387,32277826,11
"89F9E725F908B7AB740CAEFC1444ED71B1352681","hunter\sdf\pc\data\sdf-C-2154-fr-FR.sdfdata",33553326,33553326,32864218,11
"89F9E725F908B7AB740CAEFC1444ED71B1352681","hunter\sdf\pc\data\sdf-C-2155-fr-FR.sdfdata",33555144,33555144,32823727,11
"89F9E725F908B7AB740CAEFC1444ED71B1352681","hunter\sdf\pc\data\sdf-C-2156-fr-FR.sdfdata",33551527,33551527,32652916,11
"89F9E725F908B7AB740CAEFC1444ED71B1352681","hunter\sdf\pc\data\sdf-C-2157-fr-FR.sdfdata",17671397,17671397,17285043,11
"89F9E725F908B7AB740CAEFC1444ED71B1352681","hunter\sdf\pc\data\sdf-C-2158-fr-FR.sdfdata",33553505,33553505,25268596,11
"89F9E725F908B7AB740CAEFC1444ED71B1352681","hunter\sdf\pc\data\sdf-C-2159-fr-FR.sdfdata",33554328,33554328,27216597,11
"89F9E725F908B7AB740CAEFC1444ED71B1352681","hunter\sdf\pc\data\sdf-C-2160-fr-FR.sdfdata",33552512,33552512,27715323,11
"89F9E725F908B7AB740CAEFC1444ED71B1352681","hunter\sdf\pc\data\sdf-C-2161-fr-FR.sdfdata",33554281,33554281,28585132,11
"89F9E725F908B7AB740CAEFC1444ED71B1352681","hunter\sdf\pc\data\sdf-C-2162-fr-FR.sdfdata",33553733,33553733,29311226,11
"89F9E725F908B7AB740CAEFC1444ED71B1352681","hunter\sdf\pc\data\sdf-C-2163-fr-FR.sdfdata",33554062,33554062,29572595,11
"89F9E725F908B7AB740CAEFC1444ED71B1352681","hunter\sdf\pc\data\sdf-C-2164-fr-FR.sdfdata",33552409,33552409,30964129,11
"89F9E725F908B7AB740CAEFC1444ED71B1352681","hunter\sdf\pc\data\sdf-C-2165-fr-FR.sdfdata",15920061,15920061,15599481,11
"89F9E725F908B7AB740CAEFC1444ED71B1352681","hunter\sdf\pc\data\sdf-C-2166-fr-FR.sdfdata",33550136,33550136,31519854,11
"89F9E725F908B7AB740CAEFC1444ED71B1352681","hunter\sdf\pc\data\sdf-C-2167-fr-FR.sdfdata",33554415,33554415,27999492,11
"89F9E725F908B7AB740CAEFC1444ED71B1352681","hunter\sdf\pc\data\sdf-C-2168-fr-FR.sdfdata",29039387,29039387,23080159,11
"89F9E725F908B7AB740CAEFC1444ED71B1352681","hunter\sdf\pc\data\sdf-C-2169-fr-FR.sdfdata",15859092,15859092,15394587,11
"89F9E725F908B7AB740CAEFC1444ED71B1352681","hunter\sdf\pc\data\sdf-C-2170-fr-FR.sdfdata",30630959,30630959,27755826,11
"89F9E725F908B7AB740CAEFC1444ED71B1352681","hunter\sdf\pc\data\sdf-C-2171-fr-FR.sdfdata",32372838,32372838,31280928,11
"89F9E725F908B7AB740CAEFC1444ED71B1352681","hunter\sdf\pc\data\sdf-C-2172-fr-FR.sdfdata",32276314,32276314,18346248,11
"89F9E725F908B7AB740CAEFC1444ED71B1352681","hunter\sdf\pc\data\sdf-C-2173-fr-FR.sdfdata",16438799,16438799,15993246,11
"89F9E725F908B7AB740CAEFC1444ED71B1352681","hunter\sdf\pc\data\sdf-C-2174-fr-FR.sdfdata",34900684,34900684,33941370,11
"89F9E725F908B7AB740CAEFC1444ED71B1352681","hunter\sdf\pc\data\sdf-C-2175-fr-FR.sdfdata",27301915,27301915,26658125,11
"89F9E725F908B7AB740CAEFC1444ED71B1352681","hunter\sdf\pc\data\sdf-C-2176-fr-FR.sdfdata",33524003,33524003,32551052,11
"89F9E725F908B7AB740CAEFC1444ED71B1352681","hunter\sdf\pc\data\sdf-C-2177-fr-FR.sdfdata",17675137,17675137,17238299,11
"89F9E725F908B7AB740CAEFC1444ED71B1352681","hunter\sdf\pc\data\sdf-C-2178-fr-FR.sdfdata",18832142,18832142,18263010,11
"89F9E725F908B7AB740CAEFC1444ED71B1352681","hunter\sdf\pc\data\sdf-C-2179-fr-FR.sdfdata",33140177,33140177,31985872,11
"89F9E725F908B7AB740CAEFC1444ED71B1352681","hunter\sdf\pc\data\sdf-C-2180-fr-FR.sdfdata",17653052,17653052,17149098,11
"89F9E725F908B7AB740CAEFC1444ED71B1352681","hunter\sdf\pc\data\sdf-C-2181-fr-FR.sdfdata",19432865,19432865,18858343,11
"89F9E725F908B7AB740CAEFC1444ED71B1352681","hunter\sdf\pc\data\sdf-C-2182-fr-FR.sdfdata",24337733,24337733,23538415,11
"89F9E725F908B7AB740CAEFC1444ED71B1352681","hunter\sdf\pc\data\sdf-C-2183-fr-FR.sdfdata",28064008,28064008,27439947,11
"89F9E725F908B7AB740CAEFC1444ED71B1352681","hunter\sdf\pc\data\sdf-C-2184-fr-FR.sdfdata",33390693,33390693,32653824,11
"89F9E725F908B7AB740CAEFC1444ED71B1352681","hunter\sdf\pc\data\sdf-C-2185-fr-FR.sdfdata",32853916,32853916,32183112,11
"89F9E725F908B7AB740CAEFC1444ED71B1352681","hunter\sdf\pc\data\sdf-C-2186-fr-FR.sdfdata",21662514,21662514,21065028,11
"89F9E725F908B7AB740CAEFC1444ED71B1352681","hunter\sdf\pc\data\sdf-C-2187-fr-FR.sdfdata",39413555,39413555,38066553,11
"89F9E725F908B7AB740CAEFC1444ED71B1352681","hunter\sdf\pc\data\sdf-C-2188-fr-FR.sdfdata",33553153,33553153,32895271,11
"89F9E725F908B7AB740CAEFC1444ED71B1352681","hunter\sdf\pc\data\sdf-C-2189-fr-FR.sdfdata",15440322,15440322,15108107,11
"89F9E725F908B7AB740CAEFC1444ED71B1352681","hunter\sdf\pc\data\sdf-C-2190-fr-FR.sdfdata",32547614,32547614,26570016,11
"89F9E725F908B7AB740CAEFC1444ED71B1352681","hunter\sdf\pc\data\sdf-C-2191-fr-FR.sdfdata",19283368,19283368,18852967,11
"89F9E725F908B7AB740CAEFC1444ED71B1352681","hunter\sdf\pc\data\sdf-C-2192-fr-FR.sdfdata",32267740,32267740,31515273,11
"89F9E725F908B7AB740CAEFC1444ED71B1352681","hunter\sdf\pc\data\sdf-C-2193-fr-FR.sdfdata",19013722,19013722,18474360,11
"89F9E725F908B7AB740CAEFC1444ED71B1352681","hunter\sdf\pc\data\sdf-C-2194-fr-FR.sdfdata",25455974,25455974,22915573,11
"89F9E725F908B7AB740CAEFC1444ED71B1352681","hunter\sdf\pc\data\sdf-C-2195-fr-FR.sdfdata",32232242,32232242,12415095,11
"89F9E725F908B7AB740CAEFC1444ED71B1352681","hunter\sdf\pc\data\sdf-C-2196-fr-FR.sdfdata",33544052,33544052,32571690,11
"89F9E725F908B7AB740CAEFC1444ED71B1352681","hunter\sdf\pc\data\sdf-C-2197-fr-FR.sdfdata",33427465,33427465,31947035,11
"89F9E725F908B7AB740CAEFC1444ED71B1352681","hunter\sdf\pc\data\sdf-C-2198-fr-FR.sdfdata",29175663,29175663,28369499,11
"89F9E725F908B7AB740CAEFC1444ED71B1352681","hunter\sdf\pc\data\sdf-C-2199-fr-FR.sdfdata",20703465,20703465,20170111,11
"89F9E725F908B7AB740CAEFC1444ED71B1352681","hunter\sdf\pc\data\sdf-C-2200-it-IT.sdfdata",33545538,33545538,32272483,12
"89F9E725F908B7AB740CAEFC1444ED71B1352681","hunter\sdf\pc\data\sdf-C-2201-it-IT.sdfdata",33546337,33546337,32082312,12
"89F9E725F908B7AB740CAEFC1444ED71B1352681","hunter\sdf\pc\data\sdf-C-2202-it-IT.sdfdata",33550564,33550564,31333405,12
"89F9E725F908B7AB740CAEFC1444ED71B1352681","hunter\sdf\pc\data\sdf-C-2203-it-IT.sdfdata",33550974,33550974,32142514,12
"89F9E725F908B7AB740CAEFC1444ED71B1352681","hunter\sdf\pc\data\sdf-C-2204-it-IT.sdfdata",33541010,33541010,31956595,12
"89F9E725F908B7AB740CAEFC1444ED71B1352681","hunter\sdf\pc\data\sdf-C-2205-it-IT.sdfdata",33530085,33530085,32057962,12
"89F9E725F908B7AB740CAEFC1444ED71B1352681","hunter\sdf\pc\data\sdf-C-2206-it-IT.sdfdata",33552004,33552004,32478579,12
"89F9E725F908B7AB740CAEFC1444ED71B1352681","hunter\sdf\pc\data\sdf-C-2207-it-IT.sdfdata",33535713,33535713,32487062,12
"89F9E725F908B7AB740CAEFC1444ED71B1352681","hunter\sdf\pc\data\sdf-C-2208-it-IT.sdfdata",33540242,33540242,32673767,12
"89F9E725F908B7AB740CAEFC1444ED71B1352681","hunter\sdf\pc\data\sdf-C-2209-it-IT.sdfdata",33552074,33552074,32811053,12
"89F9E725F908B7AB740CAEFC1444ED71B1352681","hunter\sdf\pc\data\sdf-C-2210-it-IT.sdfdata",33547595,33547595,32561668,12
"89F9E725F908B7AB740CAEFC1444ED71B1352681","hunter\sdf\pc\data\sdf-C-2211-it-IT.sdfdata",33552242,33552242,32644495,12
"89F9E725F908B7AB740CAEFC1444ED71B1352681","hunter\sdf\pc\data\sdf-C-2212-it-IT.sdfdata",33552604,33552604,31715330,12
"89F9E725F908B7AB740CAEFC1444ED71B1352681","hunter\sdf\pc\data\sdf-C-2213-it-IT.sdfdata",33541754,33541754,32317958,12
"89F9E725F908B7AB740CAEFC1444ED71B1352681","hunter\sdf\pc\data\sdf-C-2214-it-IT.sdfdata",33540672,33540672,32565687,12
"89F9E725F908B7AB740CAEFC1444ED71B1352681","hunter\sdf\pc\data\sdf-C-2215-it-IT.sdfdata",33551237,33551237,32232080,12
"89F9E725F908B7AB740CAEFC1444ED71B1352681","hunter\sdf\pc\data\sdf-C-2216-it-IT.sdfdata",33550447,33550447,32753454,12
"89F9E725F908B7AB740CAEFC1444ED71B1352681","hunter\sdf\pc\data\sdf-C-2217-it-IT.sdfdata",33541602,33541602,32657942,12
"89F9E725F908B7AB740CAEFC1444ED71B1352681","hunter\sdf\pc\data\sdf-C-2218-it-IT.sdfdata",33552671,33552671,32596143,12
"89F9E725F908B7AB740CAEFC1444ED71B1352681","hunter\sdf\pc\data\sdf-C-2219-it-IT.sdfdata",33366545,33366545,32576951,12
"89F9E725F908B7AB740CAEFC1444ED71B1352681","hunter\sdf\pc\data\sdf-C-2220-it-IT.sdfdata",33552010,33552010,32968655,12
"89F9E725F908B7AB740CAEFC1444ED71B1352681","hunter\sdf\pc\data\sdf-C-2221-it-IT.sdfdata",33552022,33552022,32463778,12
"89F9E725F908B7AB740CAEFC1444ED71B1352681","hunter\sdf\pc\data\sdf-C-2222-it-IT.sdfdata",33552554,33552554,32461709,12
"89F9E725F908B7AB740CAEFC1444ED71B1352681","hunter\sdf\pc\data\sdf-C-2223-it-IT.sdfdata",33554138,33554138,32484179,12
"89F9E725F908B7AB740CAEFC1444ED71B1352681","hunter\sdf\pc\data\sdf-C-2224-it-IT.sdfdata",33533325,33533325,32485148,12
"89F9E725F908B7AB740CAEFC1444ED71B1352681","hunter\sdf\pc\data\sdf-C-2225-it-IT.sdfdata",33538393,33538393,32499769,12
"89F9E725F908B7AB740CAEFC1444ED71B1352681","hunter\sdf\pc\data\sdf-C-2226-it-IT.sdfdata",33509981,33509981,31962447,12
"89F9E725F908B7AB740CAEFC1444ED71B1352681","hunter\sdf\pc\data\sdf-C-2227-it-IT.sdfdata",33547110,33547110,32431592,12
"89F9E725F908B7AB740CAEFC1444ED71B1352681","hunter\sdf\pc\data\sdf-C-2228-it-IT.sdfdata",33552183,33552183,32644214,12
"89F9E725F908B7AB740CAEFC1444ED71B1352681","hunter\sdf\pc\data\sdf-C-2229-it-IT.sdfdata",33550609,33550609,32554342,12
"89F9E725F908B7AB740CAEFC1444ED71B1352681","hunter\sdf\pc\data\sdf-C-2230-it-IT.sdfdata",33548798,33548798,32578900,12
"89F9E725F908B7AB740CAEFC1444ED71B1352681","hunter\sdf\pc\data\sdf-C-2231-it-IT.sdfdata",33493432,33493432,32134632,12
"89F9E725F908B7AB740CAEFC1444ED71B1352681","hunter\sdf\pc\data\sdf-C-2232-it-IT.sdfdata",33529053,33529053,32390128,12
"89F9E725F908B7AB740CAEFC1444ED71B1352681","hunter\sdf\pc\data\sdf-C-2233-it-IT.sdfdata",33506932,33506932,32826954,12
"89F9E725F908B7AB740CAEFC1444ED71B1352681","hunter\sdf\pc\data\sdf-C-2234-it-IT.sdfdata",33526786,33526786,32893574,12
"89F9E725F908B7AB740CAEFC1444ED71B1352681","hunter\sdf\pc\data\sdf-C-2235-it-IT.sdfdata",33468486,33468486,32690493,12
"89F9E725F908B7AB740CAEFC1444ED71B1352681","hunter\sdf\pc\data\sdf-C-2236-it-IT.sdfdata",33475598,33475598,32773868,12
"89F9E725F908B7AB740CAEFC1444ED71B1352681","hunter\sdf\pc\data\sdf-C-2237-it-IT.sdfdata",33543982,33543982,32827344,12
"89F9E725F908B7AB740CAEFC1444ED71B1352681","hunter\sdf\pc\data\sdf-C-2238-it-IT.sdfdata",33463650,33463650,32775899,12
"89F9E725F908B7AB740CAEFC1444ED71B1352681","hunter\sdf\pc\data\sdf-C-2239-it-IT.sdfdata",29431825,29431825,28842726,12
"89F9E725F908B7AB740CAEFC1444ED71B1352681","hunter\sdf\pc\data\sdf-C-2240-it-IT.sdfdata",24566700,24566700,23985541,12
"89F9E725F908B7AB740CAEFC1444ED71B1352681","hunter\sdf\pc\data\sdf-C-2241-it-IT.sdfdata",16746720,16746720,15207522,12
"89F9E725F908B7AB740CAEFC1444ED71B1352681","hunter\sdf\pc\data\sdf-C-2242-it-IT.sdfdata",30303334,30303334,29474580,12
"89F9E725F908B7AB740CAEFC1444ED71B1352681","hunter\sdf\pc\data\sdf-C-2243-it-IT.sdfdata",16626711,16626711,15281875,12
"89F9E725F908B7AB740CAEFC1444ED71B1352681","hunter\sdf\pc\data\sdf-C-2244-it-IT.sdfdata",31148008,31148008,13766051,12
"89F9E725F908B7AB740CAEFC1444ED71B1352681","hunter\sdf\pc\data\sdf-C-2245-it-IT.sdfdata",33692385,33692385,32053710,12
"89F9E725F908B7AB740CAEFC1444ED71B1352681","hunter\sdf\pc\data\sdf-C-2246-it-IT.sdfdata",31805613,31805613,30877862,12
"89F9E725F908B7AB740CAEFC1444ED71B1352681","hunter\sdf\pc\data\sdf-C-2247-it-IT.sdfdata",33553764,33553764,32378335,12
"89F9E725F908B7AB740CAEFC1444ED71B1352681","hunter\sdf\pc\data\sdf-C-2248-it-IT.sdfdata",33552548,33552548,32550749,12
"89F9E725F908B7AB740CAEFC1444ED71B1352681","hunter\sdf\pc\data\sdf-C-2249-it-IT.sdfdata",17463968,17463968,16851308,12
"89F9E725F908B7AB740CAEFC1444ED71B1352681","hunter\sdf\pc\data\sdf-C-2250-it-IT.sdfdata",33097201,33097201,32154103,12
"89F9E725F908B7AB740CAEFC1444ED71B1352681","hunter\sdf\pc\data\sdf-C-2251-it-IT.sdfdata",33554369,33554369,32804503,12
"89F9E725F908B7AB740CAEFC1444ED71B1352681","hunter\sdf\pc\data\sdf-C-2252-it-IT.sdfdata",33553894,33553894,32701633,12
"89F9E725F908B7AB740CAEFC1444ED71B1352681","hunter\sdf\pc\data\sdf-C-2253-it-IT.sdfdata",25828748,25828748,24897268,12
"89F9E725F908B7AB740CAEFC1444ED71B1352681","hunter\sdf\pc\data\sdf-C-2254-it-IT.sdfdata",33553694,33553694,31076858,12
"89F9E725F908B7AB740CAEFC1444ED71B1352681","hunter\sdf\pc\data\sdf-C-2255-it-IT.sdfdata",23421934,23421934,22143788,12
"89F9E725F908B7AB740CAEFC1444ED71B1352681","hunter\sdf\pc\data\sdf-C-2256-it-IT.sdfdata",33086563,33086563,32194818,12
"89F9E725F908B7AB740CAEFC1444ED71B1352681","hunter\sdf\pc\data\sdf-C-2257-it-IT.sdfdata",33553508,33553508,32769420,12
"89F9E725F908B7AB740CAEFC1444ED71B1352681","hunter\sdf\pc\data\sdf-C-2258-it-IT.sdfdata",33543644,33543644,32822300,12
"89F9E725F908B7AB740CAEFC1444ED71B1352681","hunter\sdf\pc\data\sdf-C-2259-it-IT.sdfdata",33552081,33552081,32668765,12
"89F9E725F908B7AB740CAEFC1444ED71B1352681","hunter\sdf\pc\data\sdf-C-2260-it-IT.sdfdata",33551299,33551299,32784175,12
"89F9E725F908B7AB740CAEFC1444ED71B1352681","hunter\sdf\pc\data\sdf-C-2261-it-IT.sdfdata",26061391,26061391,25446643,12
"89F9E725F908B7AB740CAEFC1444ED71B1352681","hunter\sdf\pc\data\sdf-C-2262-it-IT.sdfdata",33552553,33552553,29142838,12
"89F9E725F908B7AB740CAEFC1444ED71B1352681","hunter\sdf\pc\data\sdf-C-2263-it-IT.sdfdata",33554391,33554391,28308980,12
"89F9E725F908B7AB740CAEFC1444ED71B1352681","hunter\sdf\pc\data\sdf-C-2264-it-IT.sdfdata",33554249,33554249,29636834,12
"89F9E725F908B7AB740CAEFC1444ED71B1352681","hunter\sdf\pc\data\sdf-C-2265-it-IT.sdfdata",33554332,33554332,29757269,12
"89F9E725F908B7AB740CAEFC1444ED71B1352681","hunter\sdf\pc\data\sdf-C-2266-it-IT.sdfdata",33553524,33553524,31036491,12
"89F9E725F908B7AB740CAEFC1444ED71B1352681","hunter\sdf\pc\data\sdf-C-2267-it-IT.sdfdata",16489432,16489432,16143422,12
"89F9E725F908B7AB740CAEFC1444ED71B1352681","hunter\sdf\pc\data\sdf-C-2268-it-IT.sdfdata",33551802,33551802,31595976,12
"89F9E725F908B7AB740CAEFC1444ED71B1352681","hunter\sdf\pc\data\sdf-C-2269-it-IT.sdfdata",33553252,33553252,27906906,12
"89F9E725F908B7AB740CAEFC1444ED71B1352681","hunter\sdf\pc\data\sdf-C-2270-it-IT.sdfdata",28604549,28604549,22678339,12
"89F9E725F908B7AB740CAEFC1444ED71B1352681","hunter\sdf\pc\data\sdf-C-2271-it-IT.sdfdata",17257532,17257532,16793763,12
"89F9E725F908B7AB740CAEFC1444ED71B1352681","hunter\sdf\pc\data\sdf-C-2272-it-IT.sdfdata",26812785,26812785,22974322,12
"89F9E725F908B7AB740CAEFC1444ED71B1352681","hunter\sdf\pc\data\sdf-C-2273-it-IT.sdfdata",20228864,20228864,19762187,12
"89F9E725F908B7AB740CAEFC1444ED71B1352681","hunter\sdf\pc\data\sdf-C-2274-it-IT.sdfdata",16919796,16919796,16452203,12
"89F9E725F908B7AB740CAEFC1444ED71B1352681","hunter\sdf\pc\data\sdf-C-2275-it-IT.sdfdata",34752519,34752519,33851653,12
"89F9E725F908B7AB740CAEFC1444ED71B1352681","hunter\sdf\pc\data\sdf-C-2276-it-IT.sdfdata",24495489,24495489,23658207,12
"89F9E725F908B7AB740CAEFC1444ED71B1352681","hunter\sdf\pc\data\sdf-C-2277-it-IT.sdfdata",21334439,21334439,20812298,12
"89F9E725F908B7AB740CAEFC1444ED71B1352681","hunter\sdf\pc\data\sdf-C-2278-it-IT.sdfdata",25447791,25447791,24808827,12
"89F9E725F908B7AB740CAEFC1444ED71B1352681","hunter\sdf\pc\data\sdf-C-2279-it-IT.sdfdata",19279121,19279121,6456732,12
"89F9E725F908B7AB740CAEFC1444ED71B1352681","hunter\sdf\pc\data\sdf-C-2280-it-IT.sdfdata",33141071,33141071,32115647,12
"89F9E725F908B7AB740CAEFC1444ED71B1352681","hunter\sdf\pc\data\sdf-C-2281-it-IT.sdfdata",23351034,23351034,22642421,12
"89F9E725F908B7AB740CAEFC1444ED71B1352681","hunter\sdf\pc\data\sdf-C-2282-it-IT.sdfdata",18377355,18377355,17892603,12
"89F9E725F908B7AB740CAEFC1444ED71B1352681","hunter\sdf\pc\data\sdf-C-2283-it-IT.sdfdata",21831799,21831799,21284634,12
"89F9E725F908B7AB740CAEFC1444ED71B1352681","hunter\sdf\pc\data\sdf-C-2284-it-IT.sdfdata",34189699,34189699,30652848,12
"89F9E725F908B7AB740CAEFC1444ED71B1352681","hunter\sdf\pc\data\sdf-C-2285-it-IT.sdfdata",22096870,22096870,21443998,12
"89F9E725F908B7AB740CAEFC1444ED71B1352681","hunter\sdf\pc\data\sdf-C-2286-it-IT.sdfdata",27647778,27647778,26981644,12
"89F9E725F908B7AB740CAEFC1444ED71B1352681","hunter\sdf\pc\data\sdf-C-2287-it-IT.sdfdata",33390335,33390335,32648042,12
"89F9E725F908B7AB740CAEFC1444ED71B1352681","hunter\sdf\pc\data\sdf-C-2288-it-IT.sdfdata",32713163,32713163,31992060,12
"89F9E725F908B7AB740CAEFC1444ED71B1352681","hunter\sdf\pc\data\sdf-C-2289-it-IT.sdfdata",33274851,33274851,15865782,12
"89F9E725F908B7AB740CAEFC1444ED71B1352681","hunter\sdf\pc\data\sdf-C-2290-it-IT.sdfdata",40174964,40174964,38809906,12
"89F9E725F908B7AB740CAEFC1444ED71B1352681","hunter\sdf\pc\data\sdf-C-2291-it-IT.sdfdata",33775733,33775733,25375966,12
"89F9E725F908B7AB740CAEFC1444ED71B1352681","hunter\sdf\pc\data\sdf-C-2292-it-IT.sdfdata",33458729,33458729,16819266,12
"89F9E725F908B7AB740CAEFC1444ED71B1352681","hunter\sdf\pc\data\sdf-C-2293-it-IT.sdfdata",31924305,31924305,31115922,12
"89F9E725F908B7AB740CAEFC1444ED71B1352681","hunter\sdf\pc\data\sdf-C-2294-it-IT.sdfdata",20205018,20205018,19732088,12
"89F9E725F908B7AB740CAEFC1444ED71B1352681","hunter\sdf\pc\data\sdf-C-2295-it-IT.sdfdata",31206303,31206303,30185714,12
"89F9E725F908B7AB740CAEFC1444ED71B1352681","hunter\sdf\pc\data\sdf-C-2296-it-IT.sdfdata",32901005,32901005,31932080,12
"89F9E725F908B7AB740CAEFC1444ED71B1352681","hunter\sdf\pc\data\sdf-C-2297-it-IT.sdfdata",27498482,27498482,26552380,12
"89F9E725F908B7AB740CAEFC1444ED71B1352681","hunter\sdf\pc\data\sdf-C-2298-it-IT.sdfdata",20839233,20839233,20213414,12
"89F9E725F908B7AB740CAEFC1444ED71B1352681","hunter\sdf\pc\data\sdf-C-2299-it-IT.sdfdata",31390234,31390234,30514760,12
"89F9E725F908B7AB740CAEFC1444ED71B1352681","hunter\sdf\pc\data\sdf-C-2300-de-DE.sdfdata",33550706,33550706,32072912,13
"89F9E725F908B7AB740CAEFC1444ED71B1352681","hunter\sdf\pc\data\sdf-C-2301-de-DE.sdfdata",33544793,33544793,31987803,13
"89F9E725F908B7AB740CAEFC1444ED71B1352681","hunter\sdf\pc\data\sdf-C-2302-de-DE.sdfdata",33551854,33551854,31293797,13
"89F9E725F908B7AB740CAEFC1444ED71B1352681","hunter\sdf\pc\data\sdf-C-2303-de-DE.sdfdata",33551275,33551275,31992796,13
"89F9E725F908B7AB740CAEFC1444ED71B1352681","hunter\sdf\pc\data\sdf-C-2304-de-DE.sdfdata",33554405,33554405,31877044,13
"89F9E725F908B7AB740CAEFC1444ED71B1352681","hunter\sdf\pc\data\sdf-C-2305-de-DE.sdfdata",33540685,33540685,32536753,13
"89F9E725F908B7AB740CAEFC1444ED71B1352681","hunter\sdf\pc\data\sdf-C-2306-de-DE.sdfdata",33551587,33551587,32483680,13
"89F9E725F908B7AB740CAEFC1444ED71B1352681","hunter\sdf\pc\data\sdf-C-2307-de-DE.sdfdata",33539299,33539299,32578075,13
"89F9E725F908B7AB740CAEFC1444ED71B1352681","hunter\sdf\pc\data\sdf-C-2308-de-DE.sdfdata",33540265,33540265,32708958,13
"89F9E725F908B7AB740CAEFC1444ED71B1352681","hunter\sdf\pc\data\sdf-C-2309-de-DE.sdfdata",33552119,33552119,32510439,13
"89F9E725F908B7AB740CAEFC1444ED71B1352681","hunter\sdf\pc\data\sdf-C-2310-de-DE.sdfdata",33542345,33542345,32630768,13
"89F9E725F908B7AB740CAEFC1444ED71B1352681","hunter\sdf\pc\data\sdf-C-2311-de-DE.sdfdata",33545810,33545810,32560118,13
"89F9E725F908B7AB740CAEFC1444ED71B1352681","hunter\sdf\pc\data\sdf-C-2312-de-DE.sdfdata",33545544,33545544,32557133,13
"89F9E725F908B7AB740CAEFC1444ED71B1352681","hunter\sdf\pc\data\sdf-C-2313-de-DE.sdfdata",33515004,33515004,32436902,13
"89F9E725F908B7AB740CAEFC1444ED71B1352681","hunter\sdf\pc\data\sdf-C-2314-de-DE.sdfdata",33551592,33551592,32587761,13
"89F9E725F908B7AB740CAEFC1444ED71B1352681","hunter\sdf\pc\data\sdf-C-2315-de-DE.sdfdata",33550866,33550866,32605671,13
"89F9E725F908B7AB740CAEFC1444ED71B1352681","hunter\sdf\pc\data\sdf-C-2316-de-DE.sdfdata",33547859,33547859,32545204,13
"89F9E725F908B7AB740CAEFC1444ED71B1352681","hunter\sdf\pc\data\sdf-C-2317-de-DE.sdfdata",33530848,33530848,32566385,13
"89F9E725F908B7AB740CAEFC1444ED71B1352681","hunter\sdf\pc\data\sdf-C-2318-de-DE.sdfdata",33471726,33471726,32909572,13
"89F9E725F908B7AB740CAEFC1444ED71B1352681","hunter\sdf\pc\data\sdf-C-2319-de-DE.sdfdata",33546856,33546856,32468152,13
"89F9E725F908B7AB740CAEFC1444ED71B1352681","hunter\sdf\pc\data\sdf-C-2320-de-DE.sdfdata",33544645,33544645,32452172,13
"89F9E725F908B7AB740CAEFC1444ED71B1352681","hunter\sdf\pc\data\sdf-C-2321-de-DE.sdfdata",33547786,33547786,32385072,13
"89F9E725F908B7AB740CAEFC1444ED71B1352681","hunter\sdf\pc\data\sdf-C-2322-de-DE.sdfdata",33535298,33535298,32438357,13
"89F9E725F908B7AB740CAEFC1444ED71B1352681","hunter\sdf\pc\data\sdf-C-2323-de-DE.sdfdata",33549868,33549868,32470131,13
"89F9E725F908B7AB740CAEFC1444ED71B1352681","hunter\sdf\pc\data\sdf-C-2324-de-DE.sdfdata",33553804,33553804,31965942,13
"89F9E725F908B7AB740CAEFC1444ED71B1352681","hunter\sdf\pc\data\sdf-C-2325-de-DE.sdfdata",33547509,33547509,32557308,13
"89F9E725F908B7AB740CAEFC1444ED71B1352681","hunter\sdf\pc\data\sdf-C-2326-de-DE.sdfdata",33547131,33547131,32517189,13
"89F9E725F908B7AB740CAEFC1444ED71B1352681","hunter\sdf\pc\data\sdf-C-2327-de-DE.sdfdata",33540322,33540322,32438619,13
"89F9E725F908B7AB740CAEFC1444ED71B1352681","hunter\sdf\pc\data\sdf-C-2328-de-DE.sdfdata",33506021,33506021,32326814,13
"89F9E725F908B7AB740CAEFC1444ED71B1352681","hunter\sdf\pc\data\sdf-C-2329-de-DE.sdfdata",33543490,33543490,32148099,13
"89F9E725F908B7AB740CAEFC1444ED71B1352681","hunter\sdf\pc\data\sdf-C-2330-de-DE.sdfdata",33548145,33548145,32729969,13
"89F9E725F908B7AB740CAEFC1444ED71B1352681","hunter\sdf\pc\data\sdf-C-2331-de-DE.sdfdata",33450242,33450242,32740713,13
"89F9E725F908B7AB740CAEFC1444ED71B1352681","hunter\sdf\pc\data\sdf-C-2332-de-DE.sdfdata",33533012,33533012,32731385,13
"89F9E725F908B7AB740CAEFC1444ED71B1352681","hunter\sdf\pc\data\sdf-C-2333-de-DE.sdfdata",33464269,33464269,32763807,13
"89F9E725F908B7AB740CAEFC1444ED71B1352681","hunter\sdf\pc\data\sdf-C-2334-de-DE.sdfdata",33523895,33523895,32757170,13
"89F9E725F908B7AB740CAEFC1444ED71B1352681","hunter\sdf\pc\data\sdf-C-2335-de-DE.sdfdata",33551439,33551439,32852260,13
"89F9E725F908B7AB740CAEFC1444ED71B1352681","hunter\sdf\pc\data\sdf-C-2336-de-DE.sdfdata",18923947,18923947,18510059,13
"89F9E725F908B7AB740CAEFC1444ED71B1352681","hunter\sdf\pc\data\sdf-C-2337-de-DE.sdfdata",25596160,25596160,24874673,13
"89F9E725F908B7AB740CAEFC1444ED71B1352681","hunter\sdf\pc\data\sdf-C-2338-de-DE.sdfdata",16906135,16906135,15440547,13
"89F9E725F908B7AB740CAEFC1444ED71B1352681","hunter\sdf\pc\data\sdf-C-2339-de-DE.sdfdata",29329470,29329470,8965352,13
"89F9E725F908B7AB740CAEFC1444ED71B1352681","hunter\sdf\pc\data\sdf-C-2340-de-DE.sdfdata",16856490,16856490,15188401,13
"89F9E725F908B7AB740CAEFC1444ED71B1352681","hunter\sdf\pc\data\sdf-C-2341-de-DE.sdfdata",33415284,33415284,32163020,13
"89F9E725F908B7AB740CAEFC1444ED71B1352681","hunter\sdf\pc\data\sdf-C-2342-de-DE.sdfdata",16561234,16561234,13496980,13
"89F9E725F908B7AB740CAEFC1444ED71B1352681","hunter\sdf\pc\data\sdf-C-2343-de-DE.sdfdata",31803361,31803361,30882963,13
"89F9E725F908B7AB740CAEFC1444ED71B1352681","hunter\sdf\pc\data\sdf-C-2344-de-DE.sdfdata",33553971,33553971,32379113,13
"89F9E725F908B7AB740CAEFC1444ED71B1352681","hunter\sdf\pc\data\sdf-C-2345-de-DE.sdfdata",33553442,33553442,32499436,13
"89F9E725F908B7AB740CAEFC1444ED71B1352681","hunter\sdf\pc\data\sdf-C-2346-de-DE.sdfdata",16410251,16410251,15918835,13
"89F9E725F908B7AB740CAEFC1444ED71B1352681","hunter\sdf\pc\data\sdf-C-2347-de-DE.sdfdata",33118179,33118179,32214662,13
"89F9E725F908B7AB740CAEFC1444ED71B1352681","hunter\sdf\pc\data\sdf-C-2348-de-DE.sdfdata",33554087,33554087,32775848,13
"89F9E725F908B7AB740CAEFC1444ED71B1352681","hunter\sdf\pc\data\sdf-C-2349-de-DE.sdfdata",33554413,33554413,32661325,13
"89F9E725F908B7AB740CAEFC1444ED71B1352681","hunter\sdf\pc\data\sdf-C-2350-de-DE.sdfdata",33526032,33526032,31763026,13
"89F9E725F908B7AB740CAEFC1444ED71B1352681","hunter\sdf\pc\data\sdf-C-2351-de-DE.sdfdata",33541449,33541449,32727873,13
"89F9E725F908B7AB740CAEFC1444ED71B1352681","hunter\sdf\pc\data\sdf-C-2352-de-DE.sdfdata",21102690,21102690,19866022,13
"89F9E725F908B7AB740CAEFC1444ED71B1352681","hunter\sdf\pc\data\sdf-C-2353-de-DE.sdfdata",33087724,33087724,32176830,13
"89F9E725F908B7AB740CAEFC1444ED71B1352681","hunter\sdf\pc\data\sdf-C-2354-de-DE.sdfdata",33554343,33554343,32894260,13
"89F9E725F908B7AB740CAEFC1444ED71B1352681","hunter\sdf\pc\data\sdf-C-2355-de-DE.sdfdata",33552723,33552723,32801047,13
"89F9E725F908B7AB740CAEFC1444ED71B1352681","hunter\sdf\pc\data\sdf-C-2356-de-DE.sdfdata",33554148,33554148,32691850,13
"89F9E725F908B7AB740CAEFC1444ED71B1352681","hunter\sdf\pc\data\sdf-C-2357-de-DE.sdfdata",29095638,29095638,28389964,13
"89F9E725F908B7AB740CAEFC1444ED71B1352681","hunter\sdf\pc\data\sdf-C-2358-de-DE.sdfdata",33554332,33554332,30655617,13
"89F9E725F908B7AB740CAEFC1444ED71B1352681","hunter\sdf\pc\data\sdf-C-2359-de-DE.sdfdata",33552785,33552785,28707718,13
"89F9E725F908B7AB740CAEFC1444ED71B1352681","hunter\sdf\pc\data\sdf-C-2360-de-DE.sdfdata",33553616,33553616,28318711,13
"89F9E725F908B7AB740CAEFC1444ED71B1352681","hunter\sdf\pc\data\sdf-C-2361-de-DE.sdfdata",33552932,33552932,29408868,13
"89F9E725F908B7AB740CAEFC1444ED71B1352681","hunter\sdf\pc\data\sdf-C-2362-de-DE.sdfdata",33552327,33552327,29874265,13
"89F9E725F908B7AB740CAEFC1444ED71B1352681","hunter\sdf\pc\data\sdf-C-2363-de-DE.sdfdata",20128945,20128945,19552406,13
"89F9E725F908B7AB740CAEFC1444ED71B1352681","hunter\sdf\pc\data\sdf-C-2364-de-DE.sdfdata",33550103,33550103,29590467,13
"89F9E725F908B7AB740CAEFC1444ED71B1352681","hunter\sdf\pc\data\sdf-C-2365-de-DE.sdfdata",33550470,33550470,31978192,13
"89F9E725F908B7AB740CAEFC1444ED71B1352681","hunter\sdf\pc\data\sdf-C-2366-de-DE.sdfdata",33554106,33554106,27964205,13
"89F9E725F908B7AB740CAEFC1444ED71B1352681","hunter\sdf\pc\data\sdf-C-2367-de-DE.sdfdata",26023330,26023330,20410578,13
"89F9E725F908B7AB740CAEFC1444ED71B1352681","hunter\sdf\pc\data\sdf-C-2368-de-DE.sdfdata",16247596,16247596,15760421,13
"89F9E725F908B7AB740CAEFC1444ED71B1352681","hunter\sdf\pc\data\sdf-C-2369-de-DE.sdfdata",26080104,26080104,22290588,13
"89F9E725F908B7AB740CAEFC1444ED71B1352681","hunter\sdf\pc\data\sdf-C-2370-de-DE.sdfdata",17105990,17105990,16670060,13
"89F9E725F908B7AB740CAEFC1444ED71B1352681","hunter\sdf\pc\data\sdf-C-2371-de-DE.sdfdata",16241035,16241035,15810066,13
"89F9E725F908B7AB740CAEFC1444ED71B1352681","hunter\sdf\pc\data\sdf-C-2372-de-DE.sdfdata",34712127,34712127,33784662,13
"89F9E725F908B7AB740CAEFC1444ED71B1352681","hunter\sdf\pc\data\sdf-C-2373-de-DE.sdfdata",31945275,31945275,11435450,13
"89F9E725F908B7AB740CAEFC1444ED71B1352681","hunter\sdf\pc\data\sdf-C-2374-de-DE.sdfdata",33525233,33525233,32778521,13
"89F9E725F908B7AB740CAEFC1444ED71B1352681","hunter\sdf\pc\data\sdf-C-2375-de-DE.sdfdata",18378425,18378425,17903793,13
"89F9E725F908B7AB740CAEFC1444ED71B1352681","hunter\sdf\pc\data\sdf-C-2376-de-DE.sdfdata",17689298,17689298,17245652,13
"89F9E725F908B7AB740CAEFC1444ED71B1352681","hunter\sdf\pc\data\sdf-C-2377-de-DE.sdfdata",33140209,33140209,32033275,13
"89F9E725F908B7AB740CAEFC1444ED71B1352681","hunter\sdf\pc\data\sdf-C-2378-de-DE.sdfdata",19951503,19951503,19384422,13
"89F9E725F908B7AB740CAEFC1444ED71B1352681","hunter\sdf\pc\data\sdf-C-2379-de-DE.sdfdata",33975737,33975737,26684239,13
"89F9E725F908B7AB740CAEFC1444ED71B1352681","hunter\sdf\pc\data\sdf-C-2380-de-DE.sdfdata",17111165,17111165,16597072,13
"89F9E725F908B7AB740CAEFC1444ED71B1352681","hunter\sdf\pc\data\sdf-C-2381-de-DE.sdfdata",33390478,33390478,32702884,13
"89F9E725F908B7AB740CAEFC1444ED71B1352681","hunter\sdf\pc\data\sdf-C-2382-de-DE.sdfdata",32946400,32946400,32294281,13
"89F9E725F908B7AB740CAEFC1444ED71B1352681","hunter\sdf\pc\data\sdf-C-2383-de-DE.sdfdata",27156944,27156944,26546707,13
"89F9E725F908B7AB740CAEFC1444ED71B1352681","hunter\sdf\pc\data\sdf-C-2384-de-DE.sdfdata",16466766,16466766,16115328,13
"89F9E725F908B7AB740CAEFC1444ED71B1352681","hunter\sdf\pc\data\sdf-C-2385-de-DE.sdfdata",32009683,32009683,31049360,13
"89F9E725F908B7AB740CAEFC1444ED71B1352681","hunter\sdf\pc\data\sdf-C-2386-de-DE.sdfdata",40189286,40189286,38823335,13
"89F9E725F908B7AB740CAEFC1444ED71B1352681","hunter\sdf\pc\data\sdf-C-2387-de-DE.sdfdata",33553993,33553993,32467695,13
"89F9E725F908B7AB740CAEFC1444ED71B1352681","hunter\sdf\pc\data\sdf-C-2388-de-DE.sdfdata",17412737,17412737,17019477,13
"89F9E725F908B7AB740CAEFC1444ED71B1352681","hunter\sdf\pc\data\sdf-C-2389-de-DE.sdfdata",25461579,25461579,13974316,13
"89F9E725F908B7AB740CAEFC1444ED71B1352681","hunter\sdf\pc\data\sdf-C-2390-de-DE.sdfdata",19583911,19583911,19134258,13
"89F9E725F908B7AB740CAEFC1444ED71B1352681","hunter\sdf\pc\data\sdf-C-2391-de-DE.sdfdata",16477633,16477633,15895677,13
"89F9E725F908B7AB740CAEFC1444ED71B1352681","hunter\sdf\pc\data\sdf-C-2392-de-DE.sdfdata",16451727,16451727,15965400,13
"89F9E725F908B7AB740CAEFC1444ED71B1352681","hunter\sdf\pc\data\sdf-C-2393-de-DE.sdfdata",32578907,32578907,31496365,13
"89F9E725F908B7AB740CAEFC1444ED71B1352681","hunter\sdf\pc\data\sdf-C-2394-de-DE.sdfdata",19555045,19555045,19010094,13
"89F9E725F908B7AB740CAEFC1444ED71B1352681","hunter\sdf\pc\data\sdf-C-2395-de-DE.sdfdata",25025743,25025743,22407130,13
"89F9E725F908B7AB740CAEFC1444ED71B1352681","hunter\sdf\pc\data\sdf-C-2396-de-DE.sdfdata",31562256,31562256,30727318,13
"89F9E725F908B7AB740CAEFC1444ED71B1352681","hunter\sdf\pc\data\sdf-C-2397-de-DE.sdfdata",21888582,21888582,21308963,13
"89F9E725F908B7AB740CAEFC1444ED71B1352681","hunter\sdf\pc\data\sdf-C-2398-de-DE.sdfdata",24777895,24777895,24030709,13
"89F9E725F908B7AB740CAEFC1444ED71B1352681","hunter\sdf\pc\data\sdf-C-2399-de-DE.sdfdata",29964306,29964306,16286998,13
"89F9E725F908B7AB740CAEFC1444ED71B1352681","hunter\sdf\pc\data\sdf-C-2400-es-ES.sdfdata",33513241,33513241,32111335,14
"89F9E725F908B7AB740CAEFC1444ED71B1352681","hunter\sdf\pc\data\sdf-C-2401-es-ES.sdfdata",33553766,33553766,32158457,14
"89F9E725F908B7AB740CAEFC1444ED71B1352681","hunter\sdf\pc\data\sdf-C-2402-es-ES.sdfdata",33546243,33546243,31315532,14
"89F9E725F908B7AB740CAEFC1444ED71B1352681","hunter\sdf\pc\data\sdf-C-2403-es-ES.sdfdata",33542436,33542436,32126785,14
"89F9E725F908B7AB740CAEFC1444ED71B1352681","hunter\sdf\pc\data\sdf-C-2404-es-ES.sdfdata",33547916,33547916,31964282,14
"89F9E725F908B7AB740CAEFC1444ED71B1352681","hunter\sdf\pc\data\sdf-C-2405-es-ES.sdfdata",33551040,33551040,32314591,14
"89F9E725F908B7AB740CAEFC1444ED71B1352681","hunter\sdf\pc\data\sdf-C-2406-es-ES.sdfdata",33553778,33553778,32462775,14
"89F9E725F908B7AB740CAEFC1444ED71B1352681","hunter\sdf\pc\data\sdf-C-2407-es-ES.sdfdata",33535295,33535295,32497000,14
"89F9E725F908B7AB740CAEFC1444ED71B1352681","hunter\sdf\pc\data\sdf-C-2408-es-ES.sdfdata",33540101,33540101,32666802,14
"89F9E725F908B7AB740CAEFC1444ED71B1352681","hunter\sdf\pc\data\sdf-C-2409-es-ES.sdfdata",33546532,33546532,32700288,14
"89F9E725F908B7AB740CAEFC1444ED71B1352681","hunter\sdf\pc\data\sdf-C-2410-es-ES.sdfdata",33547201,33547201,32526784,14
"89F9E725F908B7AB740CAEFC1444ED71B1352681","hunter\sdf\pc\data\sdf-C-2411-es-ES.sdfdata",33522442,33522442,32556608,14
"89F9E725F908B7AB740CAEFC1444ED71B1352681","hunter\sdf\pc\data\sdf-C-2412-es-ES.sdfdata",33544806,33544806,32680091,14
"89F9E725F908B7AB740CAEFC1444ED71B1352681","hunter\sdf\pc\data\sdf-C-2413-es-ES.sdfdata",33550818,33550818,32504782,14
"89F9E725F908B7AB740CAEFC1444ED71B1352681","hunter\sdf\pc\data\sdf-C-2414-es-ES.sdfdata",33551249,33551249,32539399,14
"89F9E725F908B7AB740CAEFC1444ED71B1352681","hunter\sdf\pc\data\sdf-C-2415-es-ES.sdfdata",33540401,33540401,32578952,14
"89F9E725F908B7AB740CAEFC1444ED71B1352681","hunter\sdf\pc\data\sdf-C-2416-es-ES.sdfdata",33543877,33543877,32653896,14
"89F9E725F908B7AB740CAEFC1444ED71B1352681","hunter\sdf\pc\data\sdf-C-2417-es-ES.sdfdata",33548822,33548822,32639855,14
"89F9E725F908B7AB740CAEFC1444ED71B1352681","hunter\sdf\pc\data\sdf-C-2418-es-ES.sdfdata",33548061,33548061,32594922,14
"89F9E725F908B7AB740CAEFC1444ED71B1352681","hunter\sdf\pc\data\sdf-C-2419-es-ES.sdfdata",33499796,33499796,32447476,14
"89F9E725F908B7AB740CAEFC1444ED71B1352681","hunter\sdf\pc\data\sdf-C-2420-es-ES.sdfdata",33544863,33544863,32986587,14
"89F9E725F908B7AB740CAEFC1444ED71B1352681","hunter\sdf\pc\data\sdf-C-2421-es-ES.sdfdata",33546695,33546695,32678502,14
"89F9E725F908B7AB740CAEFC1444ED71B1352681","hunter\sdf\pc\data\sdf-C-2422-es-ES.sdfdata",33543055,33543055,32422577,14
"89F9E725F908B7AB740CAEFC1444ED71B1352681","hunter\sdf\pc\data\sdf-C-2423-es-ES.sdfdata",33548545,33548545,32439670,14
"89F9E725F908B7AB740CAEFC1444ED71B1352681","hunter\sdf\pc\data\sdf-C-2424-es-ES.sdfdata",33553969,33553969,32433506,14
"89F9E725F908B7AB740CAEFC1444ED71B1352681","hunter\sdf\pc\data\sdf-C-2425-es-ES.sdfdata",33541742,33541742,32459889,14
"89F9E725F908B7AB740CAEFC1444ED71B1352681","hunter\sdf\pc\data\sdf-C-2426-es-ES.sdfdata",33544445,33544445,32473674,14
"89F9E725F908B7AB740CAEFC1444ED71B1352681","hunter\sdf\pc\data\sdf-C-2427-es-ES.sdfdata",33546464,33546464,31998627,14
"89F9E725F908B7AB740CAEFC1444ED71B1352681","hunter\sdf\pc\data\sdf-C-2428-es-ES.sdfdata",33532347,33532347,32555753,14
"89F9E725F908B7AB740CAEFC1444ED71B1352681","hunter\sdf\pc\data\sdf-C-2429-es-ES.sdfdata",33547598,33547598,32534315,14
"89F9E725F908B7AB740CAEFC1444ED71B1352681","hunter\sdf\pc\data\sdf-C-2430-es-ES.sdfdata",33551871,33551871,32514436,14
"89F9E725F908B7AB740CAEFC1444ED71B1352681","hunter\sdf\pc\data\sdf-C-2431-es-ES.sdfdata",33546382,33546382,32475582,14
"89F9E725F908B7AB740CAEFC1444ED71B1352681","hunter\sdf\pc\data\sdf-C-2432-es-ES.sdfdata",33552754,33552754,31989894,14
"89F9E725F908B7AB740CAEFC1444ED71B1352681","hunter\sdf\pc\data\sdf-C-2433-es-ES.sdfdata",33474094,33474094,32565187,14
"89F9E725F908B7AB740CAEFC1444ED71B1352681","hunter\sdf\pc\data\sdf-C-2434-es-ES.sdfdata",33478078,33478078,32704903,14
"89F9E725F908B7AB740CAEFC1444ED71B1352681","hunter\sdf\pc\data\sdf-C-2435-es-ES.sdfdata",33518007,33518007,32798406,14
"89F9E725F908B7AB740CAEFC1444ED71B1352681","hunter\sdf\pc\data\sdf-C-2436-es-ES.sdfdata",33530241,33530241,32759095,14
"89F9E725F908B7AB740CAEFC1444ED71B1352681","hunter\sdf\pc\data\sdf-C-2437-es-ES.sdfdata",33340763,33340763,32576859,14
"89F9E725F908B7AB740CAEFC1444ED71B1352681","hunter\sdf\pc\data\sdf-C-2438-es-ES.sdfdata",33399599,33399599,32685552,14
"89F9E725F908B7AB740CAEFC1444ED71B1352681","hunter\sdf\pc\data\sdf-C-2439-es-ES.sdfdata",33528893,33528893,32826680,14
"89F9E725F908B7AB740CAEFC1444ED71B1352681","hunter\sdf\pc\data\sdf-C-2440-es-ES.sdfdata",17359055,17359055,16887354,14
"89F9E725F908B7AB740CAEFC1444ED71B1352681","hunter\sdf\pc\data\sdf-C-2441-es-ES.sdfdata",24358618,24358618,23641062,14
"89F9E725F908B7AB740CAEFC1444ED71B1352681","hunter\sdf\pc\data\sdf-C-2442-es-ES.sdfdata",17279065,17279065,9527251,14
"89F9E725F908B7AB740CAEFC1444ED71B1352681","hunter\sdf\pc\data\sdf-C-2443-es-ES.sdfdata",22518135,22518135,21833183,14
"89F9E725F908B7AB740CAEFC1444ED71B1352681","hunter\sdf\pc\data\sdf-C-2444-es-ES.sdfdata",28219103,28219103,13124482,14
"89F9E725F908B7AB740CAEFC1444ED71B1352681","hunter\sdf\pc\data\sdf-C-2445-es-ES.sdfdata",33950175,33950175,27564746,14
"89F9E725F908B7AB740CAEFC1444ED71B1352681","hunter\sdf\pc\data\sdf-C-2446-es-ES.sdfdata",19067986,19067986,2558829,14
"89F9E725F908B7AB740CAEFC1444ED71B1352681","hunter\sdf\pc\data\sdf-C-2447-es-ES.sdfdata",31787512,31787512,30863721,14
"89F9E725F908B7AB740CAEFC1444ED71B1352681","hunter\sdf\pc\data\sdf-C-2448-es-ES.sdfdata",33553858,33553858,32369133,14
"89F9E725F908B7AB740CAEFC1444ED71B1352681","hunter\sdf\pc\data\sdf-C-2449-es-ES.sdfdata",33554027,33554027,32510635,14
"89F9E725F908B7AB740CAEFC1444ED71B1352681","hunter\sdf\pc\data\sdf-C-2450-es-ES.sdfdata",33485186,33485186,11470048,14
"89F9E725F908B7AB740CAEFC1444ED71B1352681","hunter\sdf\pc\data\sdf-C-2451-es-ES.sdfdata",33112348,33112348,32143515,14
"89F9E725F908B7AB740CAEFC1444ED71B1352681","hunter\sdf\pc\data\sdf-C-2452-es-ES.sdfdata",33553353,33553353,32797812,14
"89F9E725F908B7AB740CAEFC1444ED71B1352681","hunter\sdf\pc\data\sdf-C-2453-es-ES.sdfdata",33551835,33551835,32698346,14
"89F9E725F908B7AB740CAEFC1444ED71B1352681","hunter\sdf\pc\data\sdf-C-2454-es-ES.sdfdata",26132574,26132574,25323374,14
"89F9E725F908B7AB740CAEFC1444ED71B1352681","hunter\sdf\pc\data\sdf-C-2455-es-ES.sdfdata",33551791,33551791,32756505,14
"89F9E725F908B7AB740CAEFC1444ED71B1352681","hunter\sdf\pc\data\sdf-C-2456-es-ES.sdfdata",25519663,25519663,24044595,14
"89F9E725F908B7AB740CAEFC1444ED71B1352681","hunter\sdf\pc\data\sdf-C-2457-es-ES.sdfdata",33052425,33052425,32110272,14
"89F9E725F908B7AB740CAEFC1444ED71B1352681","hunter\sdf\pc\data\sdf-C-2458-es-ES.sdfdata",33554100,33554100,32764369,14
"89F9E725F908B7AB740CAEFC1444ED71B1352681","hunter\sdf\pc\data\sdf-C-2459-es-ES.sdfdata",33557502,33557502,32772990,14
"89F9E725F908B7AB740CAEFC1444ED71B1352681","hunter\sdf\pc\data\sdf-C-2460-es-ES.sdfdata",33553644,33553644,32650427,14
"89F9E725F908B7AB740CAEFC1444ED71B1352681","hunter\sdf\pc\data\sdf-C-2461-es-ES.sdfdata",33553874,33553874,32763681,14
"89F9E725F908B7AB740CAEFC1444ED71B1352681","hunter\sdf\pc\data\sdf-C-2462-es-ES.sdfdata",18561084,18561084,18152330,14
"89F9E725F908B7AB740CAEFC1444ED71B1352681","hunter\sdf\pc\data\sdf-C-2463-es-ES.sdfdata",33554412,33554412,28901976,14
"89F9E725F908B7AB740CAEFC1444ED71B1352681","hunter\sdf\pc\data\sdf-C-2464-es-ES.sdfdata",33553191,33553191,28346140,14
"89F9E725F908B7AB740CAEFC1444ED71B1352681","hunter\sdf\pc\data\sdf-C-2465-es-ES.sdfdata",33554379,33554379,29627733,14
"89F9E725F908B7AB740CAEFC1444ED71B1352681","hunter\sdf\pc\data\sdf-C-2466-es-ES.sdfdata",33553811,33553811,29731300,14
"89F9E725F908B7AB740CAEFC1444ED71B1352681","hunter\sdf\pc\data\sdf-C-2467-es-ES.sdfdata",31205165,31205165,30158049,14
"89F9E725F908B7AB740CAEFC1444ED71B1352681","hunter\sdf\pc\data\sdf-C-2468-es-ES.sdfdata",33550989,33550989,25099961,14
"89F9E725F908B7AB740CAEFC1444ED71B1352681","hunter\sdf\pc\data\sdf-C-2469-es-ES.sdfdata",33551190,33551190,31783676,14
"89F9E725F908B7AB740CAEFC1444ED71B1352681","hunter\sdf\pc\data\sdf-C-2470-es-ES.sdfdata",33554180,33554180,28439149,14
"89F9E725F908B7AB740CAEFC1444ED71B1352681","hunter\sdf\pc\data\sdf-C-2471-es-ES.sdfdata",27619426,27619426,21723192,14
"89F9E725F908B7AB740CAEFC1444ED71B1352681","hunter\sdf\pc\data\sdf-C-2472-es-ES.sdfdata",33156783,33156783,31608560,14
"89F9E725F908B7AB740CAEFC1444ED71B1352681","hunter\sdf\pc\data\sdf-C-2473-es-ES.sdfdata",28515994,28515994,24582802,14
"89F9E725F908B7AB740CAEFC1444ED71B1352681","hunter\sdf\pc\data\sdf-C-2474-es-ES.sdfdata",17866639,17866639,17418359,14
"89F9E725F908B7AB740CAEFC1444ED71B1352681","hunter\sdf\pc\data\sdf-C-2475-es-ES.sdfdata",20166918,20166918,19604658,14
"89F9E725F908B7AB740CAEFC1444ED71B1352681","hunter\sdf\pc\data\sdf-C-2476-es-ES.sdfdata",34912450,34912450,34046503,14
"89F9E725F908B7AB740CAEFC1444ED71B1352681","hunter\sdf\pc\data\sdf-C-2477-es-ES.sdfdata",26600579,26600579,25636315,14
"89F9E725F908B7AB740CAEFC1444ED71B1352681","hunter\sdf\pc\data\sdf-C-2478-es-ES.sdfdata",17357995,17357995,16870959,14
"89F9E725F908B7AB740CAEFC1444ED71B1352681","hunter\sdf\pc\data\sdf-C-2479-es-ES.sdfdata",17984823,17984823,17533963,14
"89F9E725F908B7AB740CAEFC1444ED71B1352681","hunter\sdf\pc\data\sdf-C-2480-es-ES.sdfdata",18790221,18790221,18314669,14
"89F9E725F908B7AB740CAEFC1444ED71B1352681","hunter\sdf\pc\data\sdf-C-2481-es-ES.sdfdata",23459868,23459868,22684829,14
"89F9E725F908B7AB740CAEFC1444ED71B1352681","hunter\sdf\pc\data\sdf-C-2482-es-ES.sdfdata",33554365,33554365,32518121,14
"89F9E725F908B7AB740CAEFC1444ED71B1352681","hunter\sdf\pc\data\sdf-C-2483-es-ES.sdfdata",20902655,20902655,20176894,14
"89F9E725F908B7AB740CAEFC1444ED71B1352681","hunter\sdf\pc\data\sdf-C-2484-es-ES.sdfdata",26437374,26437374,25609582,14
"89F9E725F908B7AB740CAEFC1444ED71B1352681","hunter\sdf\pc\data\sdf-C-2485-es-ES.sdfdata",33279565,33279565,32168157,14
"89F9E725F908B7AB740CAEFC1444ED71B1352681","hunter\sdf\pc\data\sdf-C-2486-es-ES.sdfdata",31515473,31515473,30749720,14
"89F9E725F908B7AB740CAEFC1444ED71B1352681","hunter\sdf\pc\data\sdf-C-2487-es-ES.sdfdata",25849377,25849377,25206741,14
"89F9E725F908B7AB740CAEFC1444ED71B1352681","hunter\sdf\pc\data\sdf-C-2488-es-ES.sdfdata",31080635,31080635,30378686,14
"89F9E725F908B7AB740CAEFC1444ED71B1352681","hunter\sdf\pc\data\sdf-C-2489-es-ES.sdfdata",27263662,27263662,26612079,14
"89F9E725F908B7AB740CAEFC1444ED71B1352681","hunter\sdf\pc\data\sdf-C-2490-es-ES.sdfdata",33119438,33119438,32184520,14
"89F9E725F908B7AB740CAEFC1444ED71B1352681","hunter\sdf\pc\data\sdf-C-2491-es-ES.sdfdata",18357992,18357992,17630937,14
"89F9E725F908B7AB740CAEFC1444ED71B1352681","hunter\sdf\pc\data\sdf-C-2492-es-ES.sdfdata",33651761,33651761,25575166,14
"89F9E725F908B7AB740CAEFC1444ED71B1352681","hunter\sdf\pc\data\sdf-C-2493-es-ES.sdfdata",31992937,31992937,31078456,14
"89F9E725F908B7AB740CAEFC1444ED71B1352681","hunter\sdf\pc\data\sdf-C-2494-es-ES.sdfdata",20213053,20213053,19734087,14
"89F9E725F908B7AB740CAEFC1444ED71B1352681","hunter\sdf\pc\data\sdf-C-2495-es-ES.sdfdata",21855903,21855903,21131380,14
"89F9E725F908B7AB740CAEFC1444ED71B1352681","hunter\sdf\pc\data\sdf-C-2496-es-ES.sdfdata",32900620,32900620,31896281,14
"89F9E725F908B7AB740CAEFC1444ED71B1352681","hunter\sdf\pc\data\sdf-C-2497-es-ES.sdfdata",24797679,24797679,24170221,14
"89F9E725F908B7AB740CAEFC1444ED71B1352681","hunter\sdf\pc\data\sdf-C-2498-es-ES.sdfdata",32051878,32051878,31223359,14
"89F9E725F908B7AB740CAEFC1444ED71B1352681","hunter\sdf\pc\data\sdf-C-2499-es-ES.sdfdata",32260489,32260489,31420341,14
"89F9E725F908B7AB740CAEFC1444ED71B1352681","hunter\sdf\pc\data\sdf-C-2500-es-MX.sdfdata",33545311,33545311,32045417,15
"89F9E725F908B7AB740CAEFC1444ED71B1352681","hunter\sdf\pc\data\sdf-C-2501-es-MX.sdfdata",33547896,33547896,32070821,15
"89F9E725F908B7AB740CAEFC1444ED71B1352681","hunter\sdf\pc\data\sdf-C-2502-es-MX.sdfdata",33550857,33550857,31246416,15
"89F9E725F908B7AB740CAEFC1444ED71B1352681","hunter\sdf\pc\data\sdf-C-2503-es-MX.sdfdata",33552476,33552476,32030913,15
"89F9E725F908B7AB740CAEFC1444ED71B1352681","hunter\sdf\pc\data\sdf-C-2504-es-MX.sdfdata",33549672,33549672,31872479,15
"89F9E725F908B7AB740CAEFC1444ED71B1352681","hunter\sdf\pc\data\sdf-C-2505-es-MX.sdfdata",33545171,33545171,32277372,15
"89F9E725F908B7AB740CAEFC1444ED71B1352681","hunter\sdf\pc\data\sdf-C-2506-es-MX.sdfdata",33545001,33545001,32399817,15
"89F9E725F908B7AB740CAEFC1444ED71B1352681","hunter\sdf\pc\data\sdf-C-2507-es-MX.sdfdata",33535275,33535275,32444976,15
"89F9E725F908B7AB740CAEFC1444ED71B1352681","hunter\sdf\pc\data\sdf-C-2508-es-MX.sdfdata",33541711,33541711,32602101,15
"89F9E725F908B7AB740CAEFC1444ED71B1352681","hunter\sdf\pc\data\sdf-C-2509-es-MX.sdfdata",33551310,33551310,32683404,15
"89F9E725F908B7AB740CAEFC1444ED71B1352681","hunter\sdf\pc\data\sdf-C-2510-es-MX.sdfdata",33551063,33551063,32412715,15
"89F9E725F908B7AB740CAEFC1444ED71B1352681","hunter\sdf\pc\data\sdf-C-2511-es-MX.sdfdata",33551657,33551657,32632226,15
"89F9E725F908B7AB740CAEFC1444ED71B1352681","hunter\sdf\pc\data\sdf-C-2512-es-MX.sdfdata",33549172,33549172,32540054,15
"89F9E725F908B7AB740CAEFC1444ED71B1352681","hunter\sdf\pc\data\sdf-C-2513-es-MX.sdfdata",33546338,33546338,32516973,15
"89F9E725F908B7AB740CAEFC1444ED71B1352681","hunter\sdf\pc\data\sdf-C-2514-es-MX.sdfdata",33547818,33547818,32455288,15
"89F9E725F908B7AB740CAEFC1444ED71B1352681","hunter\sdf\pc\data\sdf-C-2515-es-MX.sdfdata",33539888,33539888,32580502,15
"89F9E725F908B7AB740CAEFC1444ED71B1352681","hunter\sdf\pc\data\sdf-C-2516-es-MX.sdfdata",33530079,33530079,32637729,15
"89F9E725F908B7AB740CAEFC1444ED71B1352681","hunter\sdf\pc\data\sdf-C-2517-es-MX.sdfdata",33527910,33527910,32549510,15
"89F9E725F908B7AB740CAEFC1444ED71B1352681","hunter\sdf\pc\data\sdf-C-2518-es-MX.sdfdata",33536928,33536928,32457509,15
"89F9E725F908B7AB740CAEFC1444ED71B1352681","hunter\sdf\pc\data\sdf-C-2519-es-MX.sdfdata",33504958,33504958,32649422,15
"89F9E725F908B7AB740CAEFC1444ED71B1352681","hunter\sdf\pc\data\sdf-C-2520-es-MX.sdfdata",33550913,33550913,32899562,15
"89F9E725F908B7AB740CAEFC1444ED71B1352681","hunter\sdf\pc\data\sdf-C-2521-es-MX.sdfdata",33547777,33547777,32383617,15
"89F9E725F908B7AB740CAEFC1444ED71B1352681","hunter\sdf\pc\data\sdf-C-2522-es-MX.sdfdata",33520683,33520683,32421221,15
"89F9E725F908B7AB740CAEFC1444ED71B1352681","hunter\sdf\pc\data\sdf-C-2523-es-MX.sdfdata",33552990,33552990,32357720,15
"89F9E725F908B7AB740CAEFC1444ED71B1352681","hunter\sdf\pc\data\sdf-C-2524-es-MX.sdfdata",33541153,33541153,32396524,15
"89F9E725F908B7AB740CAEFC1444ED71B1352681","hunter\sdf\pc\data\sdf-C-2525-es-MX.sdfdata",33548399,33548399,32435713,15
"89F9E725F908B7AB740CAEFC1444ED71B1352681","hunter\sdf\pc\data\sdf-C-2526-es-MX.sdfdata",33541139,33541139,31994583,15
"89F9E725F908B7AB740CAEFC1444ED71B1352681","hunter\sdf\pc\data\sdf-C-2527-es-MX.sdfdata",33545749,33545749,32506586,15
"89F9E725F908B7AB740CAEFC1444ED71B1352681","hunter\sdf\pc\data\sdf-C-2528-es-MX.sdfdata",33549356,33549356,32489551,15
"89F9E725F908B7AB740CAEFC1444ED71B1352681","hunter\sdf\pc\data\sdf-C-2529-es-MX.sdfdata",33551954,33551954,32437543,15
"89F9E725F908B7AB740CAEFC1444ED71B1352681","hunter\sdf\pc\data\sdf-C-2530-es-MX.sdfdata",33553875,33553875,32420543,15
"89F9E725F908B7AB740CAEFC1444ED71B1352681","hunter\sdf\pc\data\sdf-C-2531-es-MX.sdfdata",33470109,33470109,31996432,15
"89F9E725F908B7AB740CAEFC1444ED71B1352681","hunter\sdf\pc\data\sdf-C-2532-es-MX.sdfdata",33551168,33551168,32458567,15
"89F9E725F908B7AB740CAEFC1444ED71B1352681","hunter\sdf\pc\data\sdf-C-2533-es-MX.sdfdata",33513478,33513478,32749894,15
"89F9E725F908B7AB740CAEFC1444ED71B1352681","hunter\sdf\pc\data\sdf-C-2534-es-MX.sdfdata",33549064,33549064,32835219,15
"89F9E725F908B7AB740CAEFC1444ED71B1352681","hunter\sdf\pc\data\sdf-C-2535-es-MX.sdfdata",33536582,33536582,32774144,15
"89F9E725F908B7AB740CAEFC1444ED71B1352681","hunter\sdf\pc\data\sdf-C-2536-es-MX.sdfdata",32858627,32858627,32079424,15
"89F9E725F908B7AB740CAEFC1444ED71B1352681","hunter\sdf\pc\data\sdf-C-2537-es-MX.sdfdata",33524698,33524698,32777443,15
"89F9E725F908B7AB740CAEFC1444ED71B1352681","hunter\sdf\pc\data\sdf-C-2538-es-MX.sdfdata",33486829,33486829,32762606,15
"89F9E725F908B7AB740CAEFC1444ED71B1352681","hunter\sdf\pc\data\sdf-C-2539-es-MX.sdfdata",16506273,16506273,16128755,15
"89F9E725F908B7AB740CAEFC1444ED71B1352681","hunter\sdf\pc\data\sdf-C-2540-es-MX.sdfdata",20448222,20448222,19694972,15
"89F9E725F908B7AB740CAEFC1444ED71B1352681","hunter\sdf\pc\data\sdf-C-2541-es-MX.sdfdata",15681201,15681201,14152711,15
"89F9E725F908B7AB740CAEFC1444ED71B1352681","hunter\sdf\pc\data\sdf-C-2542-es-MX.sdfdata",27842671,27842671,26904663,15
"89F9E725F908B7AB740CAEFC1444ED71B1352681","hunter\sdf\pc\data\sdf-C-2543-es-MX.sdfdata",15605969,15605969,14375202,15
"89F9E725F908B7AB740CAEFC1444ED71B1352681","hunter\sdf\pc\data\sdf-C-2544-es-MX.sdfdata",30393321,30393321,11334509,15
"89F9E725F908B7AB740CAEFC1444ED71B1352681","hunter\sdf\pc\data\sdf-C-2545-es-MX.sdfdata",33580288,33580288,31857288,15
"89F9E725F908B7AB740CAEFC1444ED71B1352681","hunter\sdf\pc\data\sdf-C-2546-es-MX.sdfdata",31772157,31772157,30805471,15
"89F9E725F908B7AB740CAEFC1444ED71B1352681","hunter\sdf\pc\data\sdf-C-2547-es-MX.sdfdata",33553528,33553528,32310623,15
"89F9E725F908B7AB740CAEFC1444ED71B1352681","hunter\sdf\pc\data\sdf-C-2548-es-MX.sdfdata",33551974,33551974,32458113,15
"89F9E725F908B7AB740CAEFC1444ED71B1352681","hunter\sdf\pc\data\sdf-C-2549-es-MX.sdfdata",17063812,17063812,6998552,15
"89F9E725F908B7AB740CAEFC1444ED71B1352681","hunter\sdf\pc\data\sdf-C-2550-es-MX.sdfdata",33116363,33116363,32139407,15
"89F9E725F908B7AB740CAEFC1444ED71B1352681","hunter\sdf\pc\data\sdf-C-2551-es-MX.sdfdata",33554162,33554162,32778907,15
"89F9E725F908B7AB740CAEFC1444ED71B1352681","hunter\sdf\pc\data\sdf-C-2552-es-MX.sdfdata",33550846,33550846,32633756,15
"89F9E725F908B7AB740CAEFC1444ED71B1352681","hunter\sdf\pc\data\sdf-C-2553-es-MX.sdfdata",17756045,17756045,17090370,15
"89F9E725F908B7AB740CAEFC1444ED71B1352681","hunter\sdf\pc\data\sdf-C-2554-es-MX.sdfdata",33554004,33554004,32736819,15
"89F9E725F908B7AB740CAEFC1444ED71B1352681","hunter\sdf\pc\data\sdf-C-2555-es-MX.sdfdata",24084126,24084126,22663748,15
"89F9E725F908B7AB740CAEFC1444ED71B1352681","hunter\sdf\pc\data\sdf-C-2556-es-MX.sdfdata",33045848,33045848,32048431,15
"89F9E725F908B7AB740CAEFC1444ED71B1352681","hunter\sdf\pc\data\sdf-C-2557-es-MX.sdfdata",33552602,33552602,32850670,15
"89F9E725F908B7AB740CAEFC1444ED71B1352681","hunter\sdf\pc\data\sdf-C-2558-es-MX.sdfdata",33555133,33555133,32806373,15
"89F9E725F908B7AB740CAEFC1444ED71B1352681","hunter\sdf\pc\data\sdf-C-2559-es-MX.sdfdata",33554154,33554154,32665368,15
"89F9E725F908B7AB740CAEFC1444ED71B1352681","hunter\sdf\pc\data\sdf-C-2560-es-MX.sdfdata",33551511,33551511,32726217,15
"89F9E725F908B7AB740CAEFC1444ED71B1352681","hunter\sdf\pc\data\sdf-C-2561-es-MX.sdfdata",31692172,31692172,30834426,15
"89F9E725F908B7AB740CAEFC1444ED71B1352681","hunter\sdf\pc\data\sdf-C-2562-es-MX.sdfdata",33551415,33551415,28990321,15
"89F9E725F908B7AB740CAEFC1444ED71B1352681","hunter\sdf\pc\data\sdf-C-2563-es-MX.sdfdata",33554267,33554267,28302833,15
"89F9E725F908B7AB740CAEFC1444ED71B1352681","hunter\sdf\pc\data\sdf-C-2564-es-MX.sdfdata",33554144,33554144,29656498,15
"89F9E725F908B7AB740CAEFC1444ED71B1352681","hunter\sdf\pc\data\sdf-C-2565-es-MX.sdfdata",33554409,33554409,29729859,15
"89F9E725F908B7AB740CAEFC1444ED71B1352681","hunter\sdf\pc\data\sdf-C-2566-es-MX.sdfdata",32895204,32895204,14769322,15
"89F9E725F908B7AB740CAEFC1444ED71B1352681","hunter\sdf\pc\data\sdf-C-2567-es-MX.sdfdata",16168748,16168748,15819461,15
"89F9E725F908B7AB740CAEFC1444ED71B1352681","hunter\sdf\pc\data\sdf-C-2568-es-MX.sdfdata",33553429,33553429,31698752,15
"89F9E725F908B7AB740CAEFC1444ED71B1352681","hunter\sdf\pc\data\sdf-C-2569-es-MX.sdfdata",33553975,33553975,28285723,15
"89F9E725F908B7AB740CAEFC1444ED71B1352681","hunter\sdf\pc\data\sdf-C-2570-es-MX.sdfdata",27919803,27919803,21999432,15
"89F9E725F908B7AB740CAEFC1444ED71B1352681","hunter\sdf\pc\data\sdf-C-2571-es-MX.sdfdata",16814988,16814988,16304060,15
"89F9E725F908B7AB740CAEFC1444ED71B1352681","hunter\sdf\pc\data\sdf-C-2572-es-MX.sdfdata",27982101,27982101,24163499,15
"89F9E725F908B7AB740CAEFC1444ED71B1352681","hunter\sdf\pc\data\sdf-C-2573-es-MX.sdfdata",30100075,30100075,28940285,15
"89F9E725F908B7AB740CAEFC1444ED71B1352681","hunter\sdf\pc\data\sdf-C-2574-es-MX.sdfdata",25028768,25028768,23837895,15
"89F9E725F908B7AB740CAEFC1444ED71B1352681","hunter\sdf\pc\data\sdf-C-2575-es-MX.sdfdata",17409298,17409298,16902945,15
"89F9E725F908B7AB740CAEFC1444ED71B1352681","hunter\sdf\pc\data\sdf-C-2576-es-MX.sdfdata",34744671,34744671,33849941,15
"89F9E725F908B7AB740CAEFC1444ED71B1352681","hunter\sdf\pc\data\sdf-C-2577-es-MX.sdfdata",34061009,34061009,26269110,15
"89F9E725F908B7AB740CAEFC1444ED71B1352681","hunter\sdf\pc\data\sdf-C-2578-es-MX.sdfdata",32255417,32255417,31452131,15
"89F9E725F908B7AB740CAEFC1444ED71B1352681","hunter\sdf\pc\data\sdf-C-2579-es-MX.sdfdata",19409165,19409165,18910869,15
"89F9E725F908B7AB740CAEFC1444ED71B1352681","hunter\sdf\pc\data\sdf-C-2580-es-MX.sdfdata",25628390,25628390,24787931,15
"89F9E725F908B7AB740CAEFC1444ED71B1352681","hunter\sdf\pc\data\sdf-C-2581-es-MX.sdfdata",30123042,30123042,11764905,15
"89F9E725F908B7AB740CAEFC1444ED71B1352681","hunter\sdf\pc\data\sdf-C-2582-es-MX.sdfdata",33142392,33142392,32036392,15
"89F9E725F908B7AB740CAEFC1444ED71B1352681","hunter\sdf\pc\data\sdf-C-2583-es-MX.sdfdata",20703956,20703956,20095441,15
"89F9E725F908B7AB740CAEFC1444ED71B1352681","hunter\sdf\pc\data\sdf-C-2584-es-MX.sdfdata",9997397,9997397,9703861,15
"89F9E725F908B7AB740CAEFC1444ED71B1352681","hunter\sdf\pc\data\sdf-C-2585-es-MX.sdfdata",21159393,21159393,20575552,15
"89F9E725F908B7AB740CAEFC1444ED71B1352681","hunter\sdf\pc\data\sdf-C-2586-es-MX.sdfdata",29863261,29863261,29048622,15
"89F9E725F908B7AB740CAEFC1444ED71B1352681","hunter\sdf\pc\data\sdf-C-2587-es-MX.sdfdata",26020447,26020447,25311810,15
"89F9E725F908B7AB740CAEFC1444ED71B1352681","hunter\sdf\pc\data\sdf-C-2588-es-MX.sdfdata",31931267,31931267,31209386,15
"89F9E725F908B7AB740CAEFC1444ED71B1352681","hunter\sdf\pc\data\sdf-C-2589-es-MX.sdfdata",27521591,27521591,26845898,15
"89F9E725F908B7AB740CAEFC1444ED71B1352681","hunter\sdf\pc\data\sdf-C-2590-es-MX.sdfdata",26182491,26182491,25252473,15
"89F9E725F908B7AB740CAEFC1444ED71B1352681","hunter\sdf\pc\data\sdf-C-2591-es-MX.sdfdata",40327380,40327380,38869637,15
"89F9E725F908B7AB740CAEFC1444ED71B1352681","hunter\sdf\pc\data\sdf-C-2592-es-MX.sdfdata",26064613,26064613,23894764,15
"89F9E725F908B7AB740CAEFC1444ED71B1352681","hunter\sdf\pc\data\sdf-C-2593-es-MX.sdfdata",15270420,15270420,14914195,15
"89F9E725F908B7AB740CAEFC1444ED71B1352681","hunter\sdf\pc\data\sdf-C-2594-es-MX.sdfdata",25141265,25141265,24225276,15
"89F9E725F908B7AB740CAEFC1444ED71B1352681","hunter\sdf\pc\data\sdf-C-2595-es-MX.sdfdata",19941435,19941435,19463973,15
"89F9E725F908B7AB740CAEFC1444ED71B1352681","hunter\sdf\pc\data\sdf-C-2596-es-MX.sdfdata",24861850,24861850,24093992,15
"89F9E725F908B7AB740CAEFC1444ED71B1352681","hunter\sdf\pc\data\sdf-C-2597-es-MX.sdfdata",32179895,32179895,31126032,15
"89F9E725F908B7AB740CAEFC1444ED71B1352681","hunter\sdf\pc\data\sdf-C-2598-es-MX.sdfdata",32760222,32760222,31896995,15
"89F9E725F908B7AB740CAEFC1444ED71B1352681","hunter\sdf\pc\data\sdf-C-2599-es-MX.sdfdata",20262776,20262776,19602392,15
"89F9E725F908B7AB740CAEFC1444ED71B1352681","hunter\sdf\pc\data\sdf-C-2600-pt-BR.sdfdata",33542922,33542922,32097858,16
"89F9E725F908B7AB740CAEFC1444ED71B1352681","hunter\sdf\pc\data\sdf-C-2601-pt-BR.sdfdata",33548541,33548541,31958328,16
"89F9E725F908B7AB740CAEFC1444ED71B1352681","hunter\sdf\pc\data\sdf-C-2602-pt-BR.sdfdata",33550289,33550289,31186019,16
"89F9E725F908B7AB740CAEFC1444ED71B1352681","hunter\sdf\pc\data\sdf-C-2603-pt-BR.sdfdata",33553689,33553689,31914317,16
"89F9E725F908B7AB740CAEFC1444ED71B1352681","hunter\sdf\pc\data\sdf-C-2604-pt-BR.sdfdata",33546108,33546108,31791428,16
"89F9E725F908B7AB740CAEFC1444ED71B1352681","hunter\sdf\pc\data\sdf-C-2605-pt-BR.sdfdata",33549396,33549396,32327624,16
"89F9E725F908B7AB740CAEFC1444ED71B1352681","hunter\sdf\pc\data\sdf-C-2606-pt-BR.sdfdata",33546708,33546708,32351063,16
"89F9E725F908B7AB740CAEFC1444ED71B1352681","hunter\sdf\pc\data\sdf-C-2607-pt-BR.sdfdata",33544927,33544927,32547311,16
"89F9E725F908B7AB740CAEFC1444ED71B1352681","hunter\sdf\pc\data\sdf-C-2608-pt-BR.sdfdata",33549411,33549411,32624041,16
"89F9E725F908B7AB740CAEFC1444ED71B1352681","hunter\sdf\pc\data\sdf-C-2609-pt-BR.sdfdata",33529378,33529378,32621393,16
"89F9E725F908B7AB740CAEFC1444ED71B1352681","hunter\sdf\pc\data\sdf-C-2610-pt-BR.sdfdata",33540477,33540477,32334027,16
"89F9E725F908B7AB740CAEFC1444ED71B1352681","hunter\sdf\pc\data\sdf-C-2611-pt-BR.sdfdata",33547504,33547504,32731319,16
"89F9E725F908B7AB740CAEFC1444ED71B1352681","hunter\sdf\pc\data\sdf-C-2612-pt-BR.sdfdata",33549419,33549419,32513634,16
"89F9E725F908B7AB740CAEFC1444ED71B1352681","hunter\sdf\pc\data\sdf-C-2613-pt-BR.sdfdata",33546408,33546408,32451704,16
"89F9E725F908B7AB740CAEFC1444ED71B1352681","hunter\sdf\pc\data\sdf-C-2614-pt-BR.sdfdata",33553504,33553504,32487141,16
"89F9E725F908B7AB740CAEFC1444ED71B1352681","hunter\sdf\pc\data\sdf-C-2615-pt-BR.sdfdata",33533207,33533207,32577543,16
"89F9E725F908B7AB740CAEFC1444ED71B1352681","hunter\sdf\pc\data\sdf-C-2616-pt-BR.sdfdata",33545030,33545030,32572802,16
"89F9E725F908B7AB740CAEFC1444ED71B1352681","hunter\sdf\pc\data\sdf-C-2617-pt-BR.sdfdata",33542277,33542277,32509577,16
"89F9E725F908B7AB740CAEFC1444ED71B1352681","hunter\sdf\pc\data\sdf-C-2618-pt-BR.sdfdata",33437132,33437132,32406259,16
"89F9E725F908B7AB740CAEFC1444ED71B1352681","hunter\sdf\pc\data\sdf-C-2619-pt-BR.sdfdata",33513993,33513993,32940267,16
"89F9E725F908B7AB740CAEFC1444ED71B1352681","hunter\sdf\pc\data\sdf-C-2620-pt-BR.sdfdata",33552657,33552657,32424297,16
"89F9E725F908B7AB740CAEFC1444ED71B1352681","hunter\sdf\pc\data\sdf-C-2621-pt-BR.sdfdata",33554055,33554055,32436096,16
"89F9E725F908B7AB740CAEFC1444ED71B1352681","hunter\sdf\pc\data\sdf-C-2622-pt-BR.sdfdata",33549669,33549669,32365101,16
"89F9E725F908B7AB740CAEFC1444ED71B1352681","hunter\sdf\pc\data\sdf-C-2623-pt-BR.sdfdata",33538155,33538155,32377100,16
"89F9E725F908B7AB740CAEFC1444ED71B1352681","hunter\sdf\pc\data\sdf-C-2624-pt-BR.sdfdata",33540718,33540718,32394206,16
"89F9E725F908B7AB740CAEFC1444ED71B1352681","hunter\sdf\pc\data\sdf-C-2625-pt-BR.sdfdata",33533920,33533920,31885496,16
"89F9E725F908B7AB740CAEFC1444ED71B1352681","hunter\sdf\pc\data\sdf-C-2626-pt-BR.sdfdata",33550775,33550775,32484600,16
"89F9E725F908B7AB740CAEFC1444ED71B1352681","hunter\sdf\pc\data\sdf-C-2627-pt-BR.sdfdata",33534445,33534445,32459256,16
"89F9E725F908B7AB740CAEFC1444ED71B1352681","hunter\sdf\pc\data\sdf-C-2628-pt-BR.sdfdata",33551491,33551491,32397170,16
"89F9E725F908B7AB740CAEFC1444ED71B1352681","hunter\sdf\pc\data\sdf-C-2629-pt-BR.sdfdata",33498608,33498608,32274884,16
"89F9E725F908B7AB740CAEFC1444ED71B1352681","hunter\sdf\pc\data\sdf-C-2630-pt-BR.sdfdata",33461094,33461094,31896134,16
"89F9E725F908B7AB740CAEFC1444ED71B1352681","hunter\sdf\pc\data\sdf-C-2631-pt-BR.sdfdata",33510841,33510841,32552575,16
"89F9E725F908B7AB740CAEFC1444ED71B1352681","hunter\sdf\pc\data\sdf-C-2632-pt-BR.sdfdata",33478102,33478102,32750952,16
"89F9E725F908B7AB740CAEFC1444ED71B1352681","hunter\sdf\pc\data\sdf-C-2633-pt-BR.sdfdata",33521885,33521885,32779253,16
"89F9E725F908B7AB740CAEFC1444ED71B1352681","hunter\sdf\pc\data\sdf-C-2634-pt-BR.sdfdata",33534942,33534942,32798377,16
"89F9E725F908B7AB740CAEFC1444ED71B1352681","hunter\sdf\pc\data\sdf-C-2635-pt-BR.sdfdata",33266590,33266590,32518882,16
"89F9E725F908B7AB740CAEFC1444ED71B1352681","hunter\sdf\pc\data\sdf-C-2636-pt-BR.sdfdata",33486717,33486717,32720255,16
"89F9E725F908B7AB740CAEFC1444ED71B1352681","hunter\sdf\pc\data\sdf-C-2637-pt-BR.sdfdata",29626207,29626207,28967339,16
"89F9E725F908B7AB740CAEFC1444ED71B1352681","hunter\sdf\pc\data\sdf-C-2638-pt-BR.sdfdata",18007542,18007542,17464472,16
"89F9E725F908B7AB740CAEFC1444ED71B1352681","hunter\sdf\pc\data\sdf-C-2639-pt-BR.sdfdata",15165915,15165915,13729404,16
"89F9E725F908B7AB740CAEFC1444ED71B1352681","hunter\sdf\pc\data\sdf-C-2640-pt-BR.sdfdata",25965621,25965621,12032829,16
"89F9E725F908B7AB740CAEFC1444ED71B1352681","hunter\sdf\pc\data\sdf-C-2641-pt-BR.sdfdata",14974062,14974062,13646342,16
"89F9E725F908B7AB740CAEFC1444ED71B1352681","hunter\sdf\pc\data\sdf-C-2642-pt-BR.sdfdata",15159093,15159093,14539406,16
"89F9E725F908B7AB740CAEFC1444ED71B1352681","hunter\sdf\pc\data\sdf-C-2643-pt-BR.sdfdata",14761973,14761973,11652413,16
"89F9E725F908B7AB740CAEFC1444ED71B1352681","hunter\sdf\pc\data\sdf-C-2644-pt-BR.sdfdata",31797764,31797764,30702249,16
"89F9E725F908B7AB740CAEFC1444ED71B1352681","hunter\sdf\pc\data\sdf-C-2645-pt-BR.sdfdata",33554136,33554136,32270409,16
"89F9E725F908B7AB740CAEFC1444ED71B1352681","hunter\sdf\pc\data\sdf-C-2646-pt-BR.sdfdata",33554416,33554416,32298398,16
"89F9E725F908B7AB740CAEFC1444ED71B1352681","hunter\sdf\pc\data\sdf-C-2647-pt-BR.sdfdata",14306536,14306536,13854634,16
"89F9E725F908B7AB740CAEFC1444ED71B1352681","hunter\sdf\pc\data\sdf-C-2648-pt-BR.sdfdata",33107289,33107289,32113691,16
"89F9E725F908B7AB740CAEFC1444ED71B1352681","hunter\sdf\pc\data\sdf-C-2649-pt-BR.sdfdata",33552509,33552509,32679391,16
"89F9E725F908B7AB740CAEFC1444ED71B1352681","hunter\sdf\pc\data\sdf-C-2650-pt-BR.sdfdata",33554293,33554293,32566976,16
"89F9E725F908B7AB740CAEFC1444ED71B1352681","hunter\sdf\pc\data\sdf-C-2651-pt-BR.sdfdata",25951173,25951173,19170347,16
"89F9E725F908B7AB740CAEFC1444ED71B1352681","hunter\sdf\pc\data\sdf-C-2652-pt-BR.sdfdata",33553299,33553299,32666664,16
"89F9E725F908B7AB740CAEFC1444ED71B1352681","hunter\sdf\pc\data\sdf-C-2653-pt-BR.sdfdata",23354805,23354805,21971103,16
"89F9E725F908B7AB740CAEFC1444ED71B1352681","hunter\sdf\pc\data\sdf-C-2654-pt-BR.sdfdata",33089081,33089081,32039295,16
"89F9E725F908B7AB740CAEFC1444ED71B1352681","hunter\sdf\pc\data\sdf-C-2655-pt-BR.sdfdata",33551489,33551489,32818988,16
"89F9E725F908B7AB740CAEFC1444ED71B1352681","hunter\sdf\pc\data\sdf-C-2656-pt-BR.sdfdata",33554812,33554812,32740942,16
"89F9E725F908B7AB740CAEFC1444ED71B1352681","hunter\sdf\pc\data\sdf-C-2657-pt-BR.sdfdata",33549948,33549948,32599706,16
"89F9E725F908B7AB740CAEFC1444ED71B1352681","hunter\sdf\pc\data\sdf-C-2658-pt-BR.sdfdata",27177232,27177232,26528037,16
"89F9E725F908B7AB740CAEFC1444ED71B1352681","hunter\sdf\pc\data\sdf-C-2659-pt-BR.sdfdata",33552358,33552358,30807425,16
"89F9E725F908B7AB740CAEFC1444ED71B1352681","hunter\sdf\pc\data\sdf-C-2660-pt-BR.sdfdata",33553494,33553494,28630137,16
"89F9E725F908B7AB740CAEFC1444ED71B1352681","hunter\sdf\pc\data\sdf-C-2661-pt-BR.sdfdata",33553852,33553852,28576997,16
"89F9E725F908B7AB740CAEFC1444ED71B1352681","hunter\sdf\pc\data\sdf-C-2662-pt-BR.sdfdata",33551944,33551944,29292311,16
"89F9E725F908B7AB740CAEFC1444ED71B1352681","hunter\sdf\pc\data\sdf-C-2663-pt-BR.sdfdata",33552121,33552121,29979561,16
"89F9E725F908B7AB740CAEFC1444ED71B1352681","hunter\sdf\pc\data\sdf-C-2664-pt-BR.sdfdata",32578515,32578515,31483286,16
"89F9E725F908B7AB740CAEFC1444ED71B1352681","hunter\sdf\pc\data\sdf-C-2665-pt-BR.sdfdata",32931986,32931986,31574465,16
"89F9E725F908B7AB740CAEFC1444ED71B1352681","hunter\sdf\pc\data\sdf-C-2666-pt-BR.sdfdata",33550166,33550166,32204536,16
"89F9E725F908B7AB740CAEFC1444ED71B1352681","hunter\sdf\pc\data\sdf-C-2667-pt-BR.sdfdata",33550757,33550757,27822349,16
"89F9E725F908B7AB740CAEFC1444ED71B1352681","hunter\sdf\pc\data\sdf-C-2668-pt-BR.sdfdata",23357604,23357604,18086598,16
"89F9E725F908B7AB740CAEFC1444ED71B1352681","hunter\sdf\pc\data\sdf-C-2669-pt-BR.sdfdata",15882225,15882225,15345612,16
"89F9E725F908B7AB740CAEFC1444ED71B1352681","hunter\sdf\pc\data\sdf-C-2670-pt-BR.sdfdata",26737936,26737936,22875651,16
"89F9E725F908B7AB740CAEFC1444ED71B1352681","hunter\sdf\pc\data\sdf-C-2671-pt-BR.sdfdata",17353176,17353176,16934769,16
"89F9E725F908B7AB740CAEFC1444ED71B1352681","hunter\sdf\pc\data\sdf-C-2672-pt-BR.sdfdata",17073653,17073653,16574423,16
"89F9E725F908B7AB740CAEFC1444ED71B1352681","hunter\sdf\pc\data\sdf-C-2673-pt-BR.sdfdata",34763863,34763863,33769646,16
"89F9E725F908B7AB740CAEFC1444ED71B1352681","hunter\sdf\pc\data\sdf-C-2674-pt-BR.sdfdata",30522028,30522028,25338798,16
"89F9E725F908B7AB740CAEFC1444ED71B1352681","hunter\sdf\pc\data\sdf-C-2675-pt-BR.sdfdata",33525954,33525954,32484023,16
"89F9E725F908B7AB740CAEFC1444ED71B1352681","hunter\sdf\pc\data\sdf-C-2676-pt-BR.sdfdata",18322084,18322084,17851004,16
"89F9E725F908B7AB740CAEFC1444ED71B1352681","hunter\sdf\pc\data\sdf-C-2677-pt-BR.sdfdata",18352165,18352165,17890217,16
"89F9E725F908B7AB740CAEFC1444ED71B1352681","hunter\sdf\pc\data\sdf-C-2678-pt-BR.sdfdata",23461852,23461852,22687549,16
"89F9E725F908B7AB740CAEFC1444ED71B1352681","hunter\sdf\pc\data\sdf-C-2679-pt-BR.sdfdata",22214907,22214907,21485334,16
"89F9E725F908B7AB740CAEFC1444ED71B1352681","hunter\sdf\pc\data\sdf-C-2680-pt-BR.sdfdata",25023682,25023682,24212034,16
"89F9E725F908B7AB740CAEFC1444ED71B1352681","hunter\sdf\pc\data\sdf-C-2681-pt-BR.sdfdata",18809630,18809630,18256889,16
"89F9E725F908B7AB740CAEFC1444ED71B1352681","hunter\sdf\pc\data\sdf-C-2682-pt-BR.sdfdata",30098765,30098765,15828767,16
"89F9E725F908B7AB740CAEFC1444ED71B1352681","hunter\sdf\pc\data\sdf-C-2683-pt-BR.sdfdata",33144063,33144063,32306275,16
"89F9E725F908B7AB740CAEFC1444ED71B1352681","hunter\sdf\pc\data\sdf-C-2684-pt-BR.sdfdata",33554190,33554190,32709532,16
"89F9E725F908B7AB740CAEFC1444ED71B1352681","hunter\sdf\pc\data\sdf-C-2685-pt-BR.sdfdata",33571393,33571393,32587849,16
"89F9E725F908B7AB740CAEFC1444ED71B1352681","hunter\sdf\pc\data\sdf-C-2686-pt-BR.sdfdata",30572999,30572999,29731813,16
"89F9E725F908B7AB740CAEFC1444ED71B1352681","hunter\sdf\pc\data\sdf-C-2687-pt-BR.sdfdata",30974739,30974739,11593535,16
"89F9E725F908B7AB740CAEFC1444ED71B1352681","hunter\sdf\pc\data\sdf-C-2688-pt-BR.sdfdata",14587070,14587070,14238882,16
"89F9E725F908B7AB740CAEFC1444ED71B1352681","hunter\sdf\pc\data\sdf-C-2689-pt-BR.sdfdata",33617935,33617935,32447425,16
"89F9E725F908B7AB740CAEFC1444ED71B1352681","hunter\sdf\pc\data\sdf-C-2690-pt-BR.sdfdata",19688364,19688364,19227823,16
"89F9E725F908B7AB740CAEFC1444ED71B1352681","hunter\sdf\pc\data\sdf-C-2691-pt-BR.sdfdata",33413920,33413920,32165657,16
"89F9E725F908B7AB740CAEFC1444ED71B1352681","hunter\sdf\pc\data\sdf-C-2692-pt-BR.sdfdata",32265882,32265882,31446527,16
"89F9E725F908B7AB740CAEFC1444ED71B1352681","hunter\sdf\pc\data\sdf-C-2693-pt-BR.sdfdata",19091872,19091872,18468331,16
"89F9E725F908B7AB740CAEFC1444ED71B1352681","hunter\sdf\pc\data\sdf-C-2694-pt-BR.sdfdata",21258745,21258745,19437188,16
"89F9E725F908B7AB740CAEFC1444ED71B1352681","hunter\sdf\pc\data\sdf-C-2695-pt-BR.sdfdata",32203661,32203661,12460332,16
"89F9E725F908B7AB740CAEFC1444ED71B1352681","hunter\sdf\pc\data\sdf-C-2696-pt-BR.sdfdata",33543204,33543204,32523544,16
"89F9E725F908B7AB740CAEFC1444ED71B1352681","hunter\sdf\pc\data\sdf-C-2697-pt-BR.sdfdata",14506398,14506398,14135125,16
"89F9E725F908B7AB740CAEFC1444ED71B1352681","hunter\sdf\pc\data\sdf-C-2698-pt-BR.sdfdata",32171251,32171251,31400684,16
"89F9E725F908B7AB740CAEFC1444ED71B1352681","hunter\sdf\pc\data\sdf-C-2699-pt-BR.sdfdata",18272864,18272864,17785797,16
"89F9E725F908B7AB740CAEFC1444ED71B1352681","hunter\sdf\pc\data\sdf-C-2700-ja-JP.sdfdata",33549881,33549881,32057157,17
"89F9E725F908B7AB740CAEFC1444ED71B1352681","hunter\sdf\pc\data\sdf-C-2701-ja-JP.sdfdata",33545999,33545999,31975709,17
"89F9E725F908B7AB740CAEFC1444ED71B1352681","hunter\sdf\pc\data\sdf-C-2702-ja-JP.sdfdata",33546663,33546663,31310383,17
"89F9E725F908B7AB740CAEFC1444ED71B1352681","hunter\sdf\pc\data\sdf-C-2703-ja-JP.sdfdata",33547823,33547823,31968861,17
"89F9E725F908B7AB740CAEFC1444ED71B1352681","hunter\sdf\pc\data\sdf-C-2704-ja-JP.sdfdata",33547226,33547226,31897886,17
"89F9E725F908B7AB740CAEFC1444ED71B1352681","hunter\sdf\pc\data\sdf-C-2705-ja-JP.sdfdata",33546395,33546395,31667708,17
"89F9E725F908B7AB740CAEFC1444ED71B1352681","hunter\sdf\pc\data\sdf-C-2706-ja-JP.sdfdata",33549426,33549426,32393906,17
"89F9E725F908B7AB740CAEFC1444ED71B1352681","hunter\sdf\pc\data\sdf-C-2707-ja-JP.sdfdata",33542348,33542348,32460860,17
"89F9E725F908B7AB740CAEFC1444ED71B1352681","hunter\sdf\pc\data\sdf-C-2708-ja-JP.sdfdata",33491069,33491069,32624308,17
"89F9E725F908B7AB740CAEFC1444ED71B1352681","hunter\sdf\pc\data\sdf-C-2709-ja-JP.sdfdata",33542145,33542145,32598310,17
"89F9E725F908B7AB740CAEFC1444ED71B1352681","hunter\sdf\pc\data\sdf-C-2710-ja-JP.sdfdata",33545453,33545453,32413577,17
"89F9E725F908B7AB740CAEFC1444ED71B1352681","hunter\sdf\pc\data\sdf-C-2711-ja-JP.sdfdata",33550005,33550005,30858151,17
"89F9E725F908B7AB740CAEFC1444ED71B1352681","hunter\sdf\pc\data\sdf-C-2712-ja-JP.sdfdata",33547583,33547583,32036195,17
"89F9E725F908B7AB740CAEFC1444ED71B1352681","hunter\sdf\pc\data\sdf-C-2713-ja-JP.sdfdata",33550551,33550551,32328264,17
"89F9E725F908B7AB740CAEFC1444ED71B1352681","hunter\sdf\pc\data\sdf-C-2714-ja-JP.sdfdata",33549353,33549353,31365856,17
"89F9E725F908B7AB740CAEFC1444ED71B1352681","hunter\sdf\pc\data\sdf-C-2715-ja-JP.sdfdata",33535263,33535263,32639249,17
"89F9E725F908B7AB740CAEFC1444ED71B1352681","hunter\sdf\pc\data\sdf-C-2716-ja-JP.sdfdata",33552505,33552505,32582669,17
"89F9E725F908B7AB740CAEFC1444ED71B1352681","hunter\sdf\pc\data\sdf-C-2717-ja-JP.sdfdata",33540293,33540293,32496001,17
"89F9E725F908B7AB740CAEFC1444ED71B1352681","hunter\sdf\pc\data\sdf-C-2718-ja-JP.sdfdata",33473031,33473031,32648497,17
"89F9E725F908B7AB740CAEFC1444ED71B1352681","hunter\sdf\pc\data\sdf-C-2719-ja-JP.sdfdata",33547968,33547968,32930929,17
"89F9E725F908B7AB740CAEFC1444ED71B1352681","hunter\sdf\pc\data\sdf-C-2720-ja-JP.sdfdata",33536868,33536868,32278127,17
"89F9E725F908B7AB740CAEFC1444ED71B1352681","hunter\sdf\pc\data\sdf-C-2721-ja-JP.sdfdata",33549250,33549250,32272912,17
"89F9E725F908B7AB740CAEFC1444ED71B1352681","hunter\sdf\pc\data\sdf-C-2722-ja-JP.sdfdata",33551284,33551284,32323277,17
"89F9E725F908B7AB740CAEFC1444ED71B1352681","hunter\sdf\pc\data\sdf-C-2723-ja-JP.sdfdata",33548435,33548435,32208496,17
"89F9E725F908B7AB740CAEFC1444ED71B1352681","hunter\sdf\pc\data\sdf-C-2724-ja-JP.sdfdata",33544092,33544092,32358154,17
"89F9E725F908B7AB740CAEFC1444ED71B1352681","hunter\sdf\pc\data\sdf-C-2725-ja-JP.sdfdata",33543675,33543675,30713292,17
"89F9E725F908B7AB740CAEFC1444ED71B1352681","hunter\sdf\pc\data\sdf-C-2726-ja-JP.sdfdata",33539374,33539374,32541400,17
"89F9E725F908B7AB740CAEFC1444ED71B1352681","hunter\sdf\pc\data\sdf-C-2727-ja-JP.sdfdata",33548339,33548339,32429913,17
"89F9E725F908B7AB740CAEFC1444ED71B1352681","hunter\sdf\pc\data\sdf-C-2728-ja-JP.sdfdata",33551515,33551515,32417034,17
"89F9E725F908B7AB740CAEFC1444ED71B1352681","hunter\sdf\pc\data\sdf-C-2729-ja-JP.sdfdata",33520048,33520048,32135977,17
"89F9E725F908B7AB740CAEFC1444ED71B1352681","hunter\sdf\pc\data\sdf-C-2730-ja-JP.sdfdata",33548437,33548437,32135040,17
"89F9E725F908B7AB740CAEFC1444ED71B1352681","hunter\sdf\pc\data\sdf-C-2731-ja-JP.sdfdata",33490331,33490331,32675163,17
"89F9E725F908B7AB740CAEFC1444ED71B1352681","hunter\sdf\pc\data\sdf-C-2732-ja-JP.sdfdata",33544822,33544822,32824522,17
"89F9E725F908B7AB740CAEFC1444ED71B1352681","hunter\sdf\pc\data\sdf-C-2733-ja-JP.sdfdata",33552747,33552747,32747288,17
"89F9E725F908B7AB740CAEFC1444ED71B1352681","hunter\sdf\pc\data\sdf-C-2734-ja-JP.sdfdata",33351359,33351359,32532782,17
"89F9E725F908B7AB740CAEFC1444ED71B1352681","hunter\sdf\pc\data\sdf-C-2735-ja-JP.sdfdata",33496580,33496580,32744676,17
"89F9E725F908B7AB740CAEFC1444ED71B1352681","hunter\sdf\pc\data\sdf-C-2736-ja-JP.sdfdata",33534394,33534394,32791991,17
"89F9E725F908B7AB740CAEFC1444ED71B1352681","hunter\sdf\pc\data\sdf-C-2737-ja-JP.sdfdata",21436404,21436404,20873318,17
"89F9E725F908B7AB740CAEFC1444ED71B1352681","hunter\sdf\pc\data\sdf-C-2738-ja-JP.sdfdata",14717858,14717858,14307728,17
"89F9E725F908B7AB740CAEFC1444ED71B1352681","hunter\sdf\pc\data\sdf-C-2739-ja-JP.sdfdata",16635316,16635316,15157422,17
"89F9E725F908B7AB740CAEFC1444ED71B1352681","hunter\sdf\pc\data\sdf-C-2740-ja-JP.sdfdata",33533426,33533426,31920113,17
"89F9E725F908B7AB740CAEFC1444ED71B1352681","hunter\sdf\pc\data\sdf-C-2741-ja-JP.sdfdata",16490664,16490664,14874518,17
"89F9E725F908B7AB740CAEFC1444ED71B1352681","hunter\sdf\pc\data\sdf-C-2742-ja-JP.sdfdata",29422887,29422887,8400215,17
"89F9E725F908B7AB740CAEFC1444ED71B1352681","hunter\sdf\pc\data\sdf-C-2743-ja-JP.sdfdata",16328264,16328264,13167644,17
"89F9E725F908B7AB740CAEFC1444ED71B1352681","hunter\sdf\pc\data\sdf-C-2744-ja-JP.sdfdata",31794990,31794990,30847428,17
"89F9E725F908B7AB740CAEFC1444ED71B1352681","hunter\sdf\pc\data\sdf-C-2745-ja-JP.sdfdata",33554355,33554355,32308034,17
"89F9E725F908B7AB740CAEFC1444ED71B1352681","hunter\sdf\pc\data\sdf-C-2746-ja-JP.sdfdata",33553625,33553625,32475140,17
"89F9E725F908B7AB740CAEFC1444ED71B1352681","hunter\sdf\pc\data\sdf-C-2747-ja-JP.sdfdata",15972721,15972721,15484569,17
"89F9E725F908B7AB740CAEFC1444ED71B1352681","hunter\sdf\pc\data\sdf-C-2748-ja-JP.sdfdata",33135677,33135677,32193268,17
"89F9E725F908B7AB740CAEFC1444ED71B1352681","hunter\sdf\pc\data\sdf-C-2749-ja-JP.sdfdata",33552550,33552550,32704726,17
"89F9E725F908B7AB740CAEFC1444ED71B1352681","hunter\sdf\pc\data\sdf-C-2750-ja-JP.sdfdata",33554396,33554396,32650924,17
"89F9E725F908B7AB740CAEFC1444ED71B1352681","hunter\sdf\pc\data\sdf-C-2751-ja-JP.sdfdata",13787890,13787890,13326697,17
"89F9E725F908B7AB740CAEFC1444ED71B1352681","hunter\sdf\pc\data\sdf-C-2752-ja-JP.sdfdata",33553413,33553413,32676406,17
"89F9E725F908B7AB740CAEFC1444ED71B1352681","hunter\sdf\pc\data\sdf-C-2753-ja-JP.sdfdata",18554719,18554719,17221456,17
"89F9E725F908B7AB740CAEFC1444ED71B1352681","hunter\sdf\pc\data\sdf-C-2754-ja-JP.sdfdata",33088473,33088473,32144298,17
"89F9E725F908B7AB740CAEFC1444ED71B1352681","hunter\sdf\pc\data\sdf-C-2755-ja-JP.sdfdata",33554278,33554278,32860545,17
"89F9E725F908B7AB740CAEFC1444ED71B1352681","hunter\sdf\pc\data\sdf-C-2756-ja-JP.sdfdata",33547885,33547885,32768562,17
"89F9E725F908B7AB740CAEFC1444ED71B1352681","hunter\sdf\pc\data\sdf-C-2757-ja-JP.sdfdata",33553761,33553761,32625956,17
"89F9E725F908B7AB740CAEFC1444ED71B1352681","hunter\sdf\pc\data\sdf-C-2758-ja-JP.sdfdata",28009808,28009808,27353259,17
"89F9E725F908B7AB740CAEFC1444ED71B1352681","hunter\sdf\pc\data\sdf-C-2759-ja-JP.sdfdata",33554368,33554368,30769325,17
"89F9E725F908B7AB740CAEFC1444ED71B1352681","hunter\sdf\pc\data\sdf-C-2760-ja-JP.sdfdata",33553430,33553430,28831236,17
"89F9E725F908B7AB740CAEFC1444ED71B1352681","hunter\sdf\pc\data\sdf-C-2761-ja-JP.sdfdata",33554420,33554420,28382860,17
"89F9E725F908B7AB740CAEFC1444ED71B1352681","hunter\sdf\pc\data\sdf-C-2762-ja-JP.sdfdata",33553879,33553879,29354160,17
"89F9E725F908B7AB740CAEFC1444ED71B1352681","hunter\sdf\pc\data\sdf-C-2763-ja-JP.sdfdata",33553124,33553124,29993206,17
"89F9E725F908B7AB740CAEFC1444ED71B1352681","hunter\sdf\pc\data\sdf-C-2764-ja-JP.sdfdata",28290547,28290547,27449923,17
"89F9E725F908B7AB740CAEFC1444ED71B1352681","hunter\sdf\pc\data\sdf-C-2765-ja-JP.sdfdata",14604135,14604135,14301317,17
"89F9E725F908B7AB740CAEFC1444ED71B1352681","hunter\sdf\pc\data\sdf-C-2766-ja-JP.sdfdata",33550962,33550962,32144714,17
"89F9E725F908B7AB740CAEFC1444ED71B1352681","hunter\sdf\pc\data\sdf-C-2767-ja-JP.sdfdata",33553934,33553934,28184318,17
"89F9E725F908B7AB740CAEFC1444ED71B1352681","hunter\sdf\pc\data\sdf-C-2768-ja-JP.sdfdata",24335806,24335806,18805647,17
"89F9E725F908B7AB740CAEFC1444ED71B1352681","hunter\sdf\pc\data\sdf-C-2769-ja-JP.sdfdata",16169903,16169903,15646237,17
"89F9E725F908B7AB740CAEFC1444ED71B1352681","hunter\sdf\pc\data\sdf-C-2770-ja-JP.sdfdata",25651379,25651379,21857774,17
"89F9E725F908B7AB740CAEFC1444ED71B1352681","hunter\sdf\pc\data\sdf-C-2771-ja-JP.sdfdata",16657146,16657146,16223319,17
"89F9E725F908B7AB740CAEFC1444ED71B1352681","hunter\sdf\pc\data\sdf-C-2772-ja-JP.sdfdata",15596559,15596559,15138326,17
"89F9E725F908B7AB740CAEFC1444ED71B1352681","hunter\sdf\pc\data\sdf-C-2773-ja-JP.sdfdata",34532627,34532627,33629117,17
"89F9E725F908B7AB740CAEFC1444ED71B1352681","hunter\sdf\pc\data\sdf-C-2774-ja-JP.sdfdata",23320012,23320012,22508140,17
"89F9E725F908B7AB740CAEFC1444ED71B1352681","hunter\sdf\pc\data\sdf-C-2775-ja-JP.sdfdata",33525561,33525561,32408722,17
"89F9E725F908B7AB740CAEFC1444ED71B1352681","hunter\sdf\pc\data\sdf-C-2776-ja-JP.sdfdata",18690537,18690537,18218225,17
"89F9E725F908B7AB740CAEFC1444ED71B1352681","hunter\sdf\pc\data\sdf-C-2777-ja-JP.sdfdata",30117964,30117964,8822961,17
"89F9E725F908B7AB740CAEFC1444ED71B1352681","hunter\sdf\pc\data\sdf-C-2778-ja-JP.sdfdata",31239314,31239314,30044449,17
"89F9E725F908B7AB740CAEFC1444ED71B1352681","hunter\sdf\pc\data\sdf-C-2779-ja-JP.sdfdata",23458978,23458978,22636060,17
"89F9E725F908B7AB740CAEFC1444ED71B1352681","hunter\sdf\pc\data\sdf-C-2780-ja-JP.sdfdata",22605450,22605450,21844734,17
"89F9E725F908B7AB740CAEFC1444ED71B1352681","hunter\sdf\pc\data\sdf-C-2781-ja-JP.sdfdata",18658449,18658449,18015570,17
"89F9E725F908B7AB740CAEFC1444ED71B1352681","hunter\sdf\pc\data\sdf-C-2782-ja-JP.sdfdata",33721349,33721349,26203410,17
"89F9E725F908B7AB740CAEFC1444ED71B1352681","hunter\sdf\pc\data\sdf-C-2783-ja-JP.sdfdata",12880202,12880202,12561402,17
"89F9E725F908B7AB740CAEFC1444ED71B1352681","hunter\sdf\pc\data\sdf-C-2784-ja-JP.sdfdata",28299820,28299820,27592660,17
"89F9E725F908B7AB740CAEFC1444ED71B1352681","hunter\sdf\pc\data\sdf-C-2785-ja-JP.sdfdata",29083279,29083279,28314453,17
"89F9E725F908B7AB740CAEFC1444ED71B1352681","hunter\sdf\pc\data\sdf-C-2786-ja-JP.sdfdata",29782256,29782256,29108609,17
"89F9E725F908B7AB740CAEFC1444ED71B1352681","hunter\sdf\pc\data\sdf-C-2787-ja-JP.sdfdata",17098915,17098915,14022023,17
"89F9E725F908B7AB740CAEFC1444ED71B1352681","hunter\sdf\pc\data\sdf-C-2788-ja-JP.sdfdata",32270881,32270881,31440363,17
"89F9E725F908B7AB740CAEFC1444ED71B1352681","hunter\sdf\pc\data\sdf-C-2789-ja-JP.sdfdata",40143643,40143643,38608080,17
"89F9E725F908B7AB740CAEFC1444ED71B1352681","hunter\sdf\pc\data\sdf-C-2790-ja-JP.sdfdata",12598001,12598001,11739136,17
"89F9E725F908B7AB740CAEFC1444ED71B1352681","hunter\sdf\pc\data\sdf-C-2791-ja-JP.sdfdata",30052902,30052902,28935441,17
"89F9E725F908B7AB740CAEFC1444ED71B1352681","hunter\sdf\pc\data\sdf-C-2792-ja-JP.sdfdata",14542530,14542530,14184923,17
"89F9E725F908B7AB740CAEFC1444ED71B1352681","hunter\sdf\pc\data\sdf-C-2793-ja-JP.sdfdata",27476172,27476172,26704499,17
"89F9E725F908B7AB740CAEFC1444ED71B1352681","hunter\sdf\pc\data\sdf-C-2794-ja-JP.sdfdata",19025729,19025729,18564250,17
"89F9E725F908B7AB740CAEFC1444ED71B1352681","hunter\sdf\pc\data\sdf-C-2795-ja-JP.sdfdata",24570706,24570706,23595700,17
"89F9E725F908B7AB740CAEFC1444ED71B1352681","hunter\sdf\pc\data\sdf-C-2796-ja-JP.sdfdata",31925339,31925339,18845880,17
"89F9E725F908B7AB740CAEFC1444ED71B1352681","hunter\sdf\pc\data\sdf-C-2797-ja-JP.sdfdata",13533461,13533461,13233465,17
"89F9E725F908B7AB740CAEFC1444ED71B1352681","hunter\sdf\pc\data\sdf-C-2798-ja-JP.sdfdata",13328734,13328734,12694933,17
"89F9E725F908B7AB740CAEFC1444ED71B1352681","hunter\sdf\pc\data\sdf-C-2799-ja-JP.sdfdata",33536964,33536964,32460973,17
"89F9E725F908B7AB740CAEFC1444ED71B1352681","hunter\sdf\pc\data\sdf-C-2800-ar-SA.sdfdata",33526870,33526870,32148057,18
"89F9E725F908B7AB740CAEFC1444ED71B1352681","hunter\sdf\pc\data\sdf-C-2801-ar-SA.sdfdata",33542679,33542679,32102536,18
"89F9E725F908B7AB740CAEFC1444ED71B1352681","hunter\sdf\pc\data\sdf-C-2802-ar-SA.sdfdata",33541916,33541916,31264958,18
"89F9E725F908B7AB740CAEFC1444ED71B1352681","hunter\sdf\pc\data\sdf-C-2803-ar-SA.sdfdata",33547135,33547135,32095741,18
"89F9E725F908B7AB740CAEFC1444ED71B1352681","hunter\sdf\pc\data\sdf-C-2804-ar-SA.sdfdata",33546541,33546541,31927141,18
"89F9E725F908B7AB740CAEFC1444ED71B1352681","hunter\sdf\pc\data\sdf-C-2805-ar-SA.sdfdata",33537980,33537980,32111686,18
"89F9E725F908B7AB740CAEFC1444ED71B1352681","hunter\sdf\pc\data\sdf-C-2806-ar-SA.sdfdata",33539620,33539620,32496501,18
"89F9E725F908B7AB740CAEFC1444ED71B1352681","hunter\sdf\pc\data\sdf-C-2807-ar-SA.sdfdata",33549960,33549960,32535427,18
"89F9E725F908B7AB740CAEFC1444ED71B1352681","hunter\sdf\pc\data\sdf-C-2808-ar-SA.sdfdata",33533233,33533233,32644139,18
"89F9E725F908B7AB740CAEFC1444ED71B1352681","hunter\sdf\pc\data\sdf-C-2809-ar-SA.sdfdata",33528198,33528198,32722207,18
"89F9E725F908B7AB740CAEFC1444ED71B1352681","hunter\sdf\pc\data\sdf-C-2810-ar-SA.sdfdata",33539979,33539979,32692954,18
"89F9E725F908B7AB740CAEFC1444ED71B1352681","hunter\sdf\pc\data\sdf-C-2811-ar-SA.sdfdata",33553320,33553320,32464428,18
"89F9E725F908B7AB740CAEFC1444ED71B1352681","hunter\sdf\pc\data\sdf-C-2812-ar-SA.sdfdata",33537380,33537380,32785274,18
"89F9E725F908B7AB740CAEFC1444ED71B1352681","hunter\sdf\pc\data\sdf-C-2813-ar-SA.sdfdata",33536154,33536154,32617004,18
"89F9E725F908B7AB740CAEFC1444ED71B1352681","hunter\sdf\pc\data\sdf-C-2814-ar-SA.sdfdata",33527993,33527993,32602794,18
"89F9E725F908B7AB740CAEFC1444ED71B1352681","hunter\sdf\pc\data\sdf-C-2815-ar-SA.sdfdata",33535275,33535275,32546687,18
"89F9E725F908B7AB740CAEFC1444ED71B1352681","hunter\sdf\pc\data\sdf-C-2816-ar-SA.sdfdata",33548340,33548340,32660101,18
"89F9E725F908B7AB740CAEFC1444ED71B1352681","hunter\sdf\pc\data\sdf-C-2817-ar-SA.sdfdata",33542771,33542771,32726264,18
"89F9E725F908B7AB740CAEFC1444ED71B1352681","hunter\sdf\pc\data\sdf-C-2818-ar-SA.sdfdata",33547450,33547450,32656761,18
"89F9E725F908B7AB740CAEFC1444ED71B1352681","hunter\sdf\pc\data\sdf-C-2819-ar-SA.sdfdata",33548296,33548296,32620359,18
"89F9E725F908B7AB740CAEFC1444ED71B1352681","hunter\sdf\pc\data\sdf-C-2820-ar-SA.sdfdata",33545369,33545369,32662890,18
"89F9E725F908B7AB740CAEFC1444ED71B1352681","hunter\sdf\pc\data\sdf-C-2821-ar-SA.sdfdata",33319400,33319400,32722079,18
"89F9E725F908B7AB740CAEFC1444ED71B1352681","hunter\sdf\pc\data\sdf-C-2822-ar-SA.sdfdata",33547580,33547580,32619686,18
"89F9E725F908B7AB740CAEFC1444ED71B1352681","hunter\sdf\pc\data\sdf-C-2823-ar-SA.sdfdata",33553994,33553994,32498618,18
"89F9E725F908B7AB740CAEFC1444ED71B1352681","hunter\sdf\pc\data\sdf-C-2824-ar-SA.sdfdata",33544410,33544410,32541659,18
"89F9E725F908B7AB740CAEFC1444ED71B1352681","hunter\sdf\pc\data\sdf-C-2825-ar-SA.sdfdata",33541874,33541874,32521442,18
"89F9E725F908B7AB740CAEFC1444ED71B1352681","hunter\sdf\pc\data\sdf-C-2826-ar-SA.sdfdata",33544580,33544580,32533528,18
"89F9E725F908B7AB740CAEFC1444ED71B1352681","hunter\sdf\pc\data\sdf-C-2827-ar-SA.sdfdata",33551111,33551111,32544018,18
"89F9E725F908B7AB740CAEFC1444ED71B1352681","hunter\sdf\pc\data\sdf-C-2828-ar-SA.sdfdata",33542757,33542757,32041172,18
"89F9E725F908B7AB740CAEFC1444ED71B1352681","hunter\sdf\pc\data\sdf-C-2829-ar-SA.sdfdata",33546278,33546278,32622157,18
"89F9E725F908B7AB740CAEFC1444ED71B1352681","hunter\sdf\pc\data\sdf-C-2830-ar-SA.sdfdata",33550938,33550938,32601822,18
"89F9E725F908B7AB740CAEFC1444ED71B1352681","hunter\sdf\pc\data\sdf-C-2831-ar-SA.sdfdata",33538505,33538505,32551343,18
"89F9E725F908B7AB740CAEFC1444ED71B1352681","hunter\sdf\pc\data\sdf-C-2832-ar-SA.sdfdata",33548441,33548441,32566310,18
"89F9E725F908B7AB740CAEFC1444ED71B1352681","hunter\sdf\pc\data\sdf-C-2833-ar-SA.sdfdata",33511154,33511154,32115714,18
"89F9E725F908B7AB740CAEFC1444ED71B1352681","hunter\sdf\pc\data\sdf-C-2834-ar-SA.sdfdata",33538212,33538212,32314843,18
"89F9E725F908B7AB740CAEFC1444ED71B1352681","hunter\sdf\pc\data\sdf-C-2835-ar-SA.sdfdata",33553967,33553967,32807077,18
"89F9E725F908B7AB740CAEFC1444ED71B1352681","hunter\sdf\pc\data\sdf-C-2836-ar-SA.sdfdata",33527432,33527432,32849057,18
"89F9E725F908B7AB740CAEFC1444ED71B1352681","hunter\sdf\pc\data\sdf-C-2837-ar-SA.sdfdata",33529569,33529569,32771983,18
"89F9E725F908B7AB740CAEFC1444ED71B1352681","hunter\sdf\pc\data\sdf-C-2838-ar-SA.sdfdata",33531280,33531280,32784746,18
"89F9E725F908B7AB740CAEFC1444ED71B1352681","hunter\sdf\pc\data\sdf-C-2839-ar-SA.sdfdata",33512402,33512402,32754603,18
"89F9E725F908B7AB740CAEFC1444ED71B1352681","hunter\sdf\pc\data\sdf-C-2840-ar-SA.sdfdata",33547986,33547986,32847203,18
"89F9E725F908B7AB740CAEFC1444ED71B1352681","hunter\sdf\pc\data\sdf-C-2841-ar-SA.sdfdata",23478945,23478945,22880756,18
"89F9E725F908B7AB740CAEFC1444ED71B1352681","hunter\sdf\pc\data\sdf-C-2842-ar-SA.sdfdata",24682643,24682643,23976767,18
"89F9E725F908B7AB740CAEFC1444ED71B1352681","hunter\sdf\pc\data\sdf-C-2843-ar-SA.sdfdata",24002946,24002946,17521061,18
"89F9E725F908B7AB740CAEFC1444ED71B1352681","hunter\sdf\pc\data\sdf-C-2844-ar-SA.sdfdata",27062626,27062626,26305761,18
"89F9E725F908B7AB740CAEFC1444ED71B1352681","hunter\sdf\pc\data\sdf-C-2845-ar-SA.sdfdata",27333554,27333554,11405693,18
"89F9E725F908B7AB740CAEFC1444ED71B1352681","hunter\sdf\pc\data\sdf-C-2846-ar-SA.sdfdata",26933266,26933266,25946237,18
"89F9E725F908B7AB740CAEFC1444ED71B1352681","hunter\sdf\pc\data\sdf-C-2847-ar-SA.sdfdata",33909725,33909725,26685150,18
"89F9E725F908B7AB740CAEFC1444ED71B1352681","hunter\sdf\pc\data\sdf-C-2848-ar-SA.sdfdata",31789066,31789066,30901044,18
"89F9E725F908B7AB740CAEFC1444ED71B1352681","hunter\sdf\pc\data\sdf-C-2849-ar-SA.sdfdata",33552617,33552617,32404321,18
"89F9E725F908B7AB740CAEFC1444ED71B1352681","hunter\sdf\pc\data\sdf-C-2850-ar-SA.sdfdata",33554086,33554086,32514721,18
"89F9E725F908B7AB740CAEFC1444ED71B1352681","hunter\sdf\pc\data\sdf-C-2851-ar-SA.sdfdata",20203437,20203437,19517209,18
"89F9E725F908B7AB740CAEFC1444ED71B1352681","hunter\sdf\pc\data\sdf-C-2852-ar-SA.sdfdata",33108217,33108217,32138395,18
"89F9E725F908B7AB740CAEFC1444ED71B1352681","hunter\sdf\pc\data\sdf-C-2853-ar-SA.sdfdata",33554308,33554308,32756203,18
"89F9E725F908B7AB740CAEFC1444ED71B1352681","hunter\sdf\pc\data\sdf-C-2854-ar-SA.sdfdata",33554418,33554418,32695705,18
"89F9E725F908B7AB740CAEFC1444ED71B1352681","hunter\sdf\pc\data\sdf-C-2855-ar-SA.sdfdata",23214536,23214536,22554081,18
"89F9E725F908B7AB740CAEFC1444ED71B1352681","hunter\sdf\pc\data\sdf-C-2856-ar-SA.sdfdata",33552077,33552077,32723888,18
"89F9E725F908B7AB740CAEFC1444ED71B1352681","hunter\sdf\pc\data\sdf-C-2857-ar-SA.sdfdata",21357129,21357129,19981916,18
"89F9E725F908B7AB740CAEFC1444ED71B1352681","hunter\sdf\pc\data\sdf-C-2858-ar-SA.sdfdata",33087713,33087713,32128651,18
"89F9E725F908B7AB740CAEFC1444ED71B1352681","hunter\sdf\pc\data\sdf-C-2859-ar-SA.sdfdata",33552252,33552252,32802577,18
"89F9E725F908B7AB740CAEFC1444ED71B1352681","hunter\sdf\pc\data\sdf-C-2860-ar-SA.sdfdata",33552480,33552480,32791249,18
"89F9E725F908B7AB740CAEFC1444ED71B1352681","hunter\sdf\pc\data\sdf-C-2861-ar-SA.sdfdata",33554314,33554314,32641512,18
"89F9E725F908B7AB740CAEFC1444ED71B1352681","hunter\sdf\pc\data\sdf-C-2862-ar-SA.sdfdata",33552216,33552216,32753600,18
"89F9E725F908B7AB740CAEFC1444ED71B1352681","hunter\sdf\pc\data\sdf-C-2863-ar-SA.sdfdata",23379844,23379844,22800628,18
"89F9E725F908B7AB740CAEFC1444ED71B1352681","hunter\sdf\pc\data\sdf-C-2864-ar-SA.sdfdata",33554287,33554287,29385883,18
"89F9E725F908B7AB740CAEFC1444ED71B1352681","hunter\sdf\pc\data\sdf-C-2865-ar-SA.sdfdata",33553214,33553214,28330164,18
"89F9E725F908B7AB740CAEFC1444ED71B1352681","hunter\sdf\pc\data\sdf-C-2866-ar-SA.sdfdata",33554176,33554176,29374641,18
"89F9E725F908B7AB740CAEFC1444ED71B1352681","hunter\sdf\pc\data\sdf-C-2867-ar-SA.sdfdata",33554390,33554390,29561081,18
"89F9E725F908B7AB740CAEFC1444ED71B1352681","hunter\sdf\pc\data\sdf-C-2868-ar-SA.sdfdata",33552266,33552266,30930211,18
"89F9E725F908B7AB740CAEFC1444ED71B1352681","hunter\sdf\pc\data\sdf-C-2869-ar-SA.sdfdata",26481813,26481813,25704217,18
"89F9E725F908B7AB740CAEFC1444ED71B1352681","hunter\sdf\pc\data\sdf-C-2870-ar-SA.sdfdata",33550558,33550558,31620326,18
"89F9E725F908B7AB740CAEFC1444ED71B1352681","hunter\sdf\pc\data\sdf-C-2871-ar-SA.sdfdata",33549810,33549810,28388182,18
"89F9E725F908B7AB740CAEFC1444ED71B1352681","hunter\sdf\pc\data\sdf-C-2872-ar-SA.sdfdata",31398885,31398885,25303503,18
"89F9E725F908B7AB740CAEFC1444ED71B1352681","hunter\sdf\pc\data\sdf-C-2873-ar-SA.sdfdata",28686690,28686690,18918426,18
"89F9E725F908B7AB740CAEFC1444ED71B1352681","hunter\sdf\pc\data\sdf-C-2874-ar-SA.sdfdata",26885197,26885197,23018394,18
"89F9E725F908B7AB740CAEFC1444ED71B1352681","hunter\sdf\pc\data\sdf-C-2875-ar-SA.sdfdata",33463168,33463168,27107361,18
"89F9E725F908B7AB740CAEFC1444ED71B1352681","hunter\sdf\pc\data\sdf-C-2876-ar-SA.sdfdata",25008234,25008234,24383930,18
"89F9E725F908B7AB740CAEFC1444ED71B1352681","hunter\sdf\pc\data\sdf-C-2877-ar-SA.sdfdata",35047226,35047226,34158527,18
"89F9E725F908B7AB740CAEFC1444ED71B1352681","hunter\sdf\pc\data\sdf-C-2878-ar-SA.sdfdata",33115525,33115525,31878500,18
"89F9E725F908B7AB740CAEFC1444ED71B1352681","hunter\sdf\pc\data\sdf-C-2879-ar-SA.sdfdata",40089091,40089091,38818067,18
"89F9E725F908B7AB740CAEFC1444ED71B1352681","hunter\sdf\pc\data\sdf-C-2880-ar-SA.sdfdata",18923636,18923636,18451710,18
"89F9E725F908B7AB740CAEFC1444ED71B1352681","hunter\sdf\pc\data\sdf-C-2881-ar-SA.sdfdata",33690321,33690321,31951669,18
"89F9E725F908B7AB740CAEFC1444ED71B1352681","hunter\sdf\pc\data\sdf-C-2882-ar-SA.sdfdata",33140438,33140438,32121641,18
"89F9E725F908B7AB740CAEFC1444ED71B1352681","hunter\sdf\pc\data\sdf-C-2883-ar-SA.sdfdata",20157817,20157817,19578889,18
"89F9E725F908B7AB740CAEFC1444ED71B1352681","hunter\sdf\pc\data\sdf-C-2884-ar-SA.sdfdata",15747028,15747028,15357892,18
"89F9E725F908B7AB740CAEFC1444ED71B1352681","hunter\sdf\pc\data\sdf-C-2885-ar-SA.sdfdata",22402143,22402143,21764081,18
"89F9E725F908B7AB740CAEFC1444ED71B1352681","hunter\sdf\pc\data\sdf-C-2886-ar-SA.sdfdata",31638657,31638657,30897205,18
"89F9E725F908B7AB740CAEFC1444ED71B1352681","hunter\sdf\pc\data\sdf-C-2887-ar-SA.sdfdata",33390060,33390060,32642257,18
"89F9E725F908B7AB740CAEFC1444ED71B1352681","hunter\sdf\pc\data\sdf-C-2888-ar-SA.sdfdata",32896914,32896914,32196440,18
"89F9E725F908B7AB740CAEFC1444ED71B1352681","hunter\sdf\pc\data\sdf-C-2889-ar-SA.sdfdata",27933851,27933851,27282807,18
"89F9E725F908B7AB740CAEFC1444ED71B1352681","hunter\sdf\pc\data\sdf-C-2890-ar-SA.sdfdata",33267631,33267631,32435703,18
"89F9E725F908B7AB740CAEFC1444ED71B1352681","hunter\sdf\pc\data\sdf-C-2891-ar-SA.sdfdata",32599613,32599613,31380640,18
"89F9E725F908B7AB740CAEFC1444ED71B1352681","hunter\sdf\pc\data\sdf-C-2892-ar-SA.sdfdata",30413487,30413487,29720584,18
"89F9E725F908B7AB740CAEFC1444ED71B1352681","hunter\sdf\pc\data\sdf-C-2893-ar-SA.sdfdata",31019827,31019827,29984914,18
"89F9E725F908B7AB740CAEFC1444ED71B1352681","hunter\sdf\pc\data\sdf-C-2894-ar-SA.sdfdata",21010331,21010331,20546440,18
"89F9E725F908B7AB740CAEFC1444ED71B1352681","hunter\sdf\pc\data\sdf-C-2895-ar-SA.sdfdata",25473149,25473149,10120978,18
"89F9E725F908B7AB740CAEFC1444ED71B1352681","hunter\sdf\pc\data\sdf-C-2896-ar-SA.sdfdata",20142500,20142500,19585971,18
"89F9E725F908B7AB740CAEFC1444ED71B1352681","hunter\sdf\pc\data\sdf-C-2897-ar-SA.sdfdata",24484548,24484548,23813861,18
"89F9E725F908B7AB740CAEFC1444ED71B1352681","hunter\sdf\pc\data\sdf-C-2898-ar-SA.sdfdata",30089821,30089821,14243242,18
"89F9E725F908B7AB740CAEFC1444ED71B1352681","hunter\sdf\pc\data\sdf-C-2899-ar-SA.sdfdata",22587403,22587403,21869068,18
"89F9E725F908B7AB740CAEFC1444ED71B1352681","hunter\sdf\pc\data\sdf-C-2900-ru-RU.sdfdata",33542273,33542273,32064427,19
"89F9E725F908B7AB740CAEFC1444ED71B1352681","hunter\sdf\pc\data\sdf-C-2901-ru-RU.sdfdata",33542321,33542321,32070839,19
"89F9E725F908B7AB740CAEFC1444ED71B1352681","hunter\sdf\pc\data\sdf-C-2902-ru-RU.sdfdata",33546440,33546440,31409539,19
"89F9E725F908B7AB740CAEFC1444ED71B1352681","hunter\sdf\pc\data\sdf-C-2903-ru-RU.sdfdata",33551723,33551723,32061414,19
"89F9E725F908B7AB740CAEFC1444ED71B1352681","hunter\sdf\pc\data\sdf-C-2904-ru-RU.sdfdata",33553186,33553186,31930240,19
"89F9E725F908B7AB740CAEFC1444ED71B1352681","hunter\sdf\pc\data\sdf-C-2905-ru-RU.sdfdata",33533293,33533293,32265464,19
"89F9E725F908B7AB740CAEFC1444ED71B1352681","hunter\sdf\pc\data\sdf-C-2906-ru-RU.sdfdata",33551496,33551496,32429781,19
"89F9E725F908B7AB740CAEFC1444ED71B1352681","hunter\sdf\pc\data\sdf-C-2907-ru-RU.sdfdata",33553604,33553604,32565922,19
"89F9E725F908B7AB740CAEFC1444ED71B1352681","hunter\sdf\pc\data\sdf-C-2908-ru-RU.sdfdata",33547128,33547128,32659465,19
"89F9E725F908B7AB740CAEFC1444ED71B1352681","hunter\sdf\pc\data\sdf-C-2909-ru-RU.sdfdata",33540817,33540817,32678396,19
"89F9E725F908B7AB740CAEFC1444ED71B1352681","hunter\sdf\pc\data\sdf-C-2910-ru-RU.sdfdata",33545801,33545801,32481911,19
"89F9E725F908B7AB740CAEFC1444ED71B1352681","hunter\sdf\pc\data\sdf-C-2911-ru-RU.sdfdata",33551604,33551604,32640192,19
"89F9E725F908B7AB740CAEFC1444ED71B1352681","hunter\sdf\pc\data\sdf-C-2912-ru-RU.sdfdata",33540368,33540368,32476107,19
"89F9E725F908B7AB740CAEFC1444ED71B1352681","hunter\sdf\pc\data\sdf-C-2913-ru-RU.sdfdata",33551861,33551861,32543343,19
"89F9E725F908B7AB740CAEFC1444ED71B1352681","hunter\sdf\pc\data\sdf-C-2914-ru-RU.sdfdata",33547111,33547111,32482335,19
"89F9E725F908B7AB740CAEFC1444ED71B1352681","hunter\sdf\pc\data\sdf-C-2915-ru-RU.sdfdata",33540027,33540027,32596400,19
"89F9E725F908B7AB740CAEFC1444ED71B1352681","hunter\sdf\pc\data\sdf-C-2916-ru-RU.sdfdata",33549441,33549441,32698099,19
"89F9E725F908B7AB740CAEFC1444ED71B1352681","hunter\sdf\pc\data\sdf-C-2917-ru-RU.sdfdata",33552838,33552838,32588303,19
"89F9E725F908B7AB740CAEFC1444ED71B1352681","hunter\sdf\pc\data\sdf-C-2918-ru-RU.sdfdata",33551026,33551026,32500670,19
"89F9E725F908B7AB740CAEFC1444ED71B1352681","hunter\sdf\pc\data\sdf-C-2919-ru-RU.sdfdata",33438836,33438836,32711149,19
"89F9E725F908B7AB740CAEFC1444ED71B1352681","hunter\sdf\pc\data\sdf-C-2920-ru-RU.sdfdata",33546107,33546107,32742687,19
"89F9E725F908B7AB740CAEFC1444ED71B1352681","hunter\sdf\pc\data\sdf-C-2921-ru-RU.sdfdata",33553640,33553640,32425948,19
"89F9E725F908B7AB740CAEFC1444ED71B1352681","hunter\sdf\pc\data\sdf-C-2922-ru-RU.sdfdata",33552785,33552785,32472718,19
"89F9E725F908B7AB740CAEFC1444ED71B1352681","hunter\sdf\pc\data\sdf-C-2923-ru-RU.sdfdata",33546888,33546888,32414056,19
"89F9E725F908B7AB740CAEFC1444ED71B1352681","hunter\sdf\pc\data\sdf-C-2924-ru-RU.sdfdata",33547022,33547022,32401665,19
"89F9E725F908B7AB740CAEFC1444ED71B1352681","hunter\sdf\pc\data\sdf-C-2925-ru-RU.sdfdata",33540685,33540685,32420896,19
"89F9E725F908B7AB740CAEFC1444ED71B1352681","hunter\sdf\pc\data\sdf-C-2926-ru-RU.sdfdata",33539566,33539566,31947677,19
"89F9E725F908B7AB740CAEFC1444ED71B1352681","hunter\sdf\pc\data\sdf-C-2927-ru-RU.sdfdata",33546640,33546640,32565274,19
"89F9E725F908B7AB740CAEFC1444ED71B1352681","hunter\sdf\pc\data\sdf-C-2928-ru-RU.sdfdata",33543147,33543147,32484063,19
"89F9E725F908B7AB740CAEFC1444ED71B1352681","hunter\sdf\pc\data\sdf-C-2929-ru-RU.sdfdata",33551071,33551071,32473465,19
"89F9E725F908B7AB740CAEFC1444ED71B1352681","hunter\sdf\pc\data\sdf-C-2930-ru-RU.sdfdata",33531656,33531656,32383750,19
"89F9E725F908B7AB740CAEFC1444ED71B1352681","hunter\sdf\pc\data\sdf-C-2931-ru-RU.sdfdata",33545229,33545229,31972371,19
"89F9E725F908B7AB740CAEFC1444ED71B1352681","hunter\sdf\pc\data\sdf-C-2932-ru-RU.sdfdata",33554428,33554428,32616264,19
"89F9E725F908B7AB740CAEFC1444ED71B1352681","hunter\sdf\pc\data\sdf-C-2933-ru-RU.sdfdata",33391491,33391491,32678059,19
"89F9E725F908B7AB740CAEFC1444ED71B1352681","hunter\sdf\pc\data\sdf-C-2934-ru-RU.sdfdata",33472501,33472501,32711995,19
"89F9E725F908B7AB740CAEFC1444ED71B1352681","hunter\sdf\pc\data\sdf-C-2935-ru-RU.sdfdata",33552456,33552456,32815022,19
"89F9E725F908B7AB740CAEFC1444ED71B1352681","hunter\sdf\pc\data\sdf-C-2936-ru-RU.sdfdata",33498407,33498407,32727510,19
"89F9E725F908B7AB740CAEFC1444ED71B1352681","hunter\sdf\pc\data\sdf-C-2937-ru-RU.sdfdata",33546980,33546980,32775110,19
"89F9E725F908B7AB740CAEFC1444ED71B1352681","hunter\sdf\pc\data\sdf-C-2938-ru-RU.sdfdata",33359073,33359073,32623532,19
"89F9E725F908B7AB740CAEFC1444ED71B1352681","hunter\sdf\pc\data\sdf-C-2939-ru-RU.sdfdata",22017146,22017146,7905003,19
"89F9E725F908B7AB740CAEFC1444ED71B1352681","hunter\sdf\pc\data\sdf-C-2940-ru-RU.sdfdata",16771102,16771102,15197075,19
"89F9E725F908B7AB740CAEFC1444ED71B1352681","hunter\sdf\pc\data\sdf-C-2941-ru-RU.sdfdata",17562185,17562185,17045119,19
"89F9E725F908B7AB740CAEFC1444ED71B1352681","hunter\sdf\pc\data\sdf-C-2942-ru-RU.sdfdata",16654656,16654656,15024430,19
"89F9E725F908B7AB740CAEFC1444ED71B1352681","hunter\sdf\pc\data\sdf-C-2943-ru-RU.sdfdata",27761308,27761308,26748513,19
"89F9E725F908B7AB740CAEFC1444ED71B1352681","hunter\sdf\pc\data\sdf-C-2944-ru-RU.sdfdata",16463526,16463526,13329122,19
"89F9E725F908B7AB740CAEFC1444ED71B1352681","hunter\sdf\pc\data\sdf-C-2945-ru-RU.sdfdata",31805264,31805264,30869518,19
"89F9E725F908B7AB740CAEFC1444ED71B1352681","hunter\sdf\pc\data\sdf-C-2946-ru-RU.sdfdata",33553918,33553918,32187274,19
"89F9E725F908B7AB740CAEFC1444ED71B1352681","hunter\sdf\pc\data\sdf-C-2947-ru-RU.sdfdata",33552340,33552340,32466504,19
"89F9E725F908B7AB740CAEFC1444ED71B1352681","hunter\sdf\pc\data\sdf-C-2948-ru-RU.sdfdata",15973262,15973262,15494183,19
"89F9E725F908B7AB740CAEFC1444ED71B1352681","hunter\sdf\pc\data\sdf-C-2949-ru-RU.sdfdata",33117502,33117502,32167442,19
"89F9E725F908B7AB740CAEFC1444ED71B1352681","hunter\sdf\pc\data\sdf-C-2950-ru-RU.sdfdata",33554277,33554277,32751008,19
"89F9E725F908B7AB740CAEFC1444ED71B1352681","hunter\sdf\pc\data\sdf-C-2951-ru-RU.sdfdata",33551935,33551935,32661619,19
"89F9E725F908B7AB740CAEFC1444ED71B1352681","hunter\sdf\pc\data\sdf-C-2952-ru-RU.sdfdata",33528635,33528635,31818581,19
"89F9E725F908B7AB740CAEFC1444ED71B1352681","hunter\sdf\pc\data\sdf-C-2953-ru-RU.sdfdata",33552692,33552692,32725242,19
"89F9E725F908B7AB740CAEFC1444ED71B1352681","hunter\sdf\pc\data\sdf-C-2954-ru-RU.sdfdata",22043184,22043184,20668005,19
"89F9E725F908B7AB740CAEFC1444ED71B1352681","hunter\sdf\pc\data\sdf-C-2955-ru-RU.sdfdata",33088021,33088021,32150325,19
"89F9E725F908B7AB740CAEFC1444ED71B1352681","hunter\sdf\pc\data\sdf-C-2956-ru-RU.sdfdata",33551378,33551378,32911304,19
"89F9E725F908B7AB740CAEFC1444ED71B1352681","hunter\sdf\pc\data\sdf-C-2957-ru-RU.sdfdata",33544634,33544634,32801759,19
"89F9E725F908B7AB740CAEFC1444ED71B1352681","hunter\sdf\pc\data\sdf-C-2958-ru-RU.sdfdata",33553968,33553968,32644852,19
"89F9E725F908B7AB740CAEFC1444ED71B1352681","hunter\sdf\pc\data\sdf-C-2959-ru-RU.sdfdata",33554287,33554287,32752122,19
"89F9E725F908B7AB740CAEFC1444ED71B1352681","hunter\sdf\pc\data\sdf-C-2960-ru-RU.sdfdata",33553720,33553720,32549551,19
"89F9E725F908B7AB740CAEFC1444ED71B1352681","hunter\sdf\pc\data\sdf-C-2961-ru-RU.sdfdata",33551703,33551703,28665642,19
"89F9E725F908B7AB740CAEFC1444ED71B1352681","hunter\sdf\pc\data\sdf-C-2962-ru-RU.sdfdata",33552256,33552256,28481863,19
"89F9E725F908B7AB740CAEFC1444ED71B1352681","hunter\sdf\pc\data\sdf-C-2963-ru-RU.sdfdata",33554369,33554369,29366889,19
"89F9E725F908B7AB740CAEFC1444ED71B1352681","hunter\sdf\pc\data\sdf-C-2964-ru-RU.sdfdata",33553439,33553439,30004249,19
"89F9E725F908B7AB740CAEFC1444ED71B1352681","hunter\sdf\pc\data\sdf-C-2965-ru-RU.sdfdata",31627154,31627154,30607857,19
"89F9E725F908B7AB740CAEFC1444ED71B1352681","hunter\sdf\pc\data\sdf-C-2966-ru-RU.sdfdata",22460040,22460040,21946101,19
"89F9E725F908B7AB740CAEFC1444ED71B1352681","hunter\sdf\pc\data\sdf-C-2967-ru-RU.sdfdata",33552990,33552990,32141995,19
"89F9E725F908B7AB740CAEFC1444ED71B1352681","hunter\sdf\pc\data\sdf-C-2968-ru-RU.sdfdata",33553698,33553698,28210257,19
"89F9E725F908B7AB740CAEFC1444ED71B1352681","hunter\sdf\pc\data\sdf-C-2969-ru-RU.sdfdata",24372554,24372554,18799824,19
"89F9E725F908B7AB740CAEFC1444ED71B1352681","hunter\sdf\pc\data\sdf-C-2970-ru-RU.sdfdata",16719628,16719628,16222247,19
"89F9E725F908B7AB740CAEFC1444ED71B1352681","hunter\sdf\pc\data\sdf-C-2971-ru-RU.sdfdata",26254155,26254155,22412384,19
"89F9E725F908B7AB740CAEFC1444ED71B1352681","hunter\sdf\pc\data\sdf-C-2972-ru-RU.sdfdata",16966155,16966155,16597766,19
"89F9E725F908B7AB740CAEFC1444ED71B1352681","hunter\sdf\pc\data\sdf-C-2973-ru-RU.sdfdata",16541078,16541078,16089418,19
"89F9E725F908B7AB740CAEFC1444ED71B1352681","hunter\sdf\pc\data\sdf-C-2974-ru-RU.sdfdata",35293990,35293990,34410829,19
"89F9E725F908B7AB740CAEFC1444ED71B1352681","hunter\sdf\pc\data\sdf-C-2975-ru-RU.sdfdata",25258949,25258949,24377297,19
"89F9E725F908B7AB740CAEFC1444ED71B1352681","hunter\sdf\pc\data\sdf-C-2976-ru-RU.sdfdata",34055422,34055422,27350272,19
"89F9E725F908B7AB740CAEFC1444ED71B1352681","hunter\sdf\pc\data\sdf-C-2977-ru-RU.sdfdata",17516144,17516144,17072705,19
"89F9E725F908B7AB740CAEFC1444ED71B1352681","hunter\sdf\pc\data\sdf-C-2978-ru-RU.sdfdata",13394167,13394167,12892638,19
"89F9E725F908B7AB740CAEFC1444ED71B1352681","hunter\sdf\pc\data\sdf-C-2979-ru-RU.sdfdata",33141199,33141199,32069141,19
"89F9E725F908B7AB740CAEFC1444ED71B1352681","hunter\sdf\pc\data\sdf-C-2980-ru-RU.sdfdata",20948112,20948112,20342492,19
"89F9E725F908B7AB740CAEFC1444ED71B1352681","hunter\sdf\pc\data\sdf-C-2981-ru-RU.sdfdata",32266538,32266538,31519771,19
"89F9E725F908B7AB740CAEFC1444ED71B1352681","hunter\sdf\pc\data\sdf-C-2982-ru-RU.sdfdata",18790059,18790059,18251283,19
"89F9E725F908B7AB740CAEFC1444ED71B1352681","hunter\sdf\pc\data\sdf-C-2983-ru-RU.sdfdata",24215053,24215053,23470504,19
"89F9E725F908B7AB740CAEFC1444ED71B1352681","hunter\sdf\pc\data\sdf-C-2984-ru-RU.sdfdata",33388919,33388919,32662682,19
"89F9E725F908B7AB740CAEFC1444ED71B1352681","hunter\sdf\pc\data\sdf-C-2985-ru-RU.sdfdata",32737728,32737728,32097821,19
"89F9E725F908B7AB740CAEFC1444ED71B1352681","hunter\sdf\pc\data\sdf-C-2986-ru-RU.sdfdata",27611302,27611302,27005104,19
"89F9E725F908B7AB740CAEFC1444ED71B1352681","hunter\sdf\pc\data\sdf-C-2987-ru-RU.sdfdata",18160532,18160532,17792181,19
"89F9E725F908B7AB740CAEFC1444ED71B1352681","hunter\sdf\pc\data\sdf-C-2988-ru-RU.sdfdata",40534531,40534531,39126322,19
"89F9E725F908B7AB740CAEFC1444ED71B1352681","hunter\sdf\pc\data\sdf-C-2989-ru-RU.sdfdata",23728974,23728974,22977378,19
"89F9E725F908B7AB740CAEFC1444ED71B1352681","hunter\sdf\pc\data\sdf-C-2990-ru-RU.sdfdata",22016310,22016310,21486845,19
"89F9E725F908B7AB740CAEFC1444ED71B1352681","hunter\sdf\pc\data\sdf-C-2991-ru-RU.sdfdata",34513981,34513981,33321288,19
"89F9E725F908B7AB740CAEFC1444ED71B1352681","hunter\sdf\pc\data\sdf-C-2992-ru-RU.sdfdata",20260671,20260671,19815743,19
"89F9E725F908B7AB740CAEFC1444ED71B1352681","hunter\sdf\pc\data\sdf-C-2993-ru-RU.sdfdata",25480607,25480607,5832733,19
"89F9E725F908B7AB740CAEFC1444ED71B1352681","hunter\sdf\pc\data\sdf-C-2994-ru-RU.sdfdata",22650858,22650858,22095071,19
"89F9E725F908B7AB740CAEFC1444ED71B1352681","hunter\sdf\pc\data\sdf-C-2995-ru-RU.sdfdata",32858855,32858855,17295203,19
"89F9E725F908B7AB740CAEFC1444ED71B1352681","hunter\sdf\pc\data\sdf-C-2996-ru-RU.sdfdata",32248770,32248770,13138746,19
"89F9E725F908B7AB740CAEFC1444ED71B1352681","hunter\sdf\pc\data\sdf-C-2997-ru-RU.sdfdata",33545590,33545590,32700083,19
"89F9E725F908B7AB740CAEFC1444ED71B1352681","hunter\sdf\pc\data\sdf-C-2998-ru-RU.sdfdata",33429979,33429979,29134442,19
"89F9E725F908B7AB740CAEFC1444ED71B1352681","hunter\sdf\pc\data\sdf-C-2999-ru-RU.sdfdata",32148285,32148285,31288026,19
