"635","5466E4CF1D5D8C5481E577500E96881D6A9A5464","0000-00-00",995,80914445808,3605034480,3613482293,3
"5466E4CF1D5D8C5481E577500E96881D6A9A5464","Support/FirewallHelper/FirewallInstall.exe",85720,85720,46869,0
"5466E4CF1D5D8C5481E577500E96881D6A9A5464","Support/FirewallHelper/FirewallInstallHelper.dll",55512,55512,27085,0
"5466E4CF1D5D8C5481E577500E96881D6A9A5464","Support/Cleaner/Cleaner.exe",16408,16408,10231,0
"5466E4CF1D5D8C5481E577500E96881D6A9A5464","Support/Redist/DirectX-Runtime/APR2007_d3dx9_33_x64.cab",1607358,1607358,1605491,0
"5466E4CF1D5D8C5481E577500E96881D6A9A5464","Support/Redist/DirectX-Runtime/APR2007_d3dx9_33_x86.cab",1606039,1606039,1602055,0
"5466E4CF1D5D8C5481E577500E96881D6A9A5464","Support/Redist/DirectX-Runtime/APR2007_XACT_x64.cab",195766,195766,193955,0
"5466E4CF1D5D8C5481E577500E96881D6A9A5464","Support/Redist/DirectX-Runtime/APR2007_XACT_x86.cab",151225,151225,149286,0
"5466E4CF1D5D8C5481E577500E96881D6A9A5464","Support/Redist/DirectX-Runtime/APR2007_xinput_x64.cab",96817,96817,94662,0
"5466E4CF1D5D8C5481E577500E96881D6A9A5464","Support/Redist/DirectX-Runtime/APR2007_xinput_x86.cab",53302,53302,51154,0
"5466E4CF1D5D8C5481E577500E96881D6A9A5464","Support/Redist/DirectX-Runtime/Aug2005_d3dx9_27_x64.cab",1350542,1350542,1348555,0
"5466E4CF1D5D8C5481E577500E96881D6A9A5464","Support/Redist/DirectX-Runtime/Aug2005_d3dx9_27_x86.cab",1077644,1077644,1075642,0
"5466E4CF1D5D8C5481E577500E96881D6A9A5464","Support/Redist/DirectX-Runtime/AUG2006_XACT_x64.cab",182903,182903,180869,0
"5466E4CF1D5D8C5481E577500E96881D6A9A5464","Support/Redist/DirectX-Runtime/AUG2006_XACT_x86.cab",137235,137235,135199,0
"5466E4CF1D5D8C5481E577500E96881D6A9A5464","Support/Redist/DirectX-Runtime/AUG2006_xinput_x64.cab",87142,87142,85233,0
"5466E4CF1D5D8C5481E577500E96881D6A9A5464","Support/Redist/DirectX-Runtime/AUG2006_xinput_x86.cab",46058,46058,44406,0
"5466E4CF1D5D8C5481E577500E96881D6A9A5464","Support/Redist/DirectX-Runtime/AUG2007_d3dx10_35_x64.cab",852286,852286,851047,0
"5466E4CF1D5D8C5481E577500E96881D6A9A5464","Support/Redist/DirectX-Runtime/AUG2007_d3dx10_35_x86.cab",796867,796867,794909,0
"5466E4CF1D5D8C5481E577500E96881D6A9A5464","Support/Redist/DirectX-Runtime/AUG2007_d3dx9_35_x64.cab",1800160,1800160,1798315,0
"5466E4CF1D5D8C5481E577500E96881D6A9A5464","Support/Redist/DirectX-Runtime/AUG2007_d3dx9_35_x86.cab",1708152,1708152,1706679,0
"5466E4CF1D5D8C5481E577500E96881D6A9A5464","Support/Redist/DirectX-Runtime/AUG2007_XACT_x64.cab",198096,198096,196267,0
"5466E4CF1D5D8C5481E577500E96881D6A9A5464","Support/Redist/DirectX-Runtime/AUG2007_XACT_x86.cab",153012,153012,151073,0
"5466E4CF1D5D8C5481E577500E96881D6A9A5464","Support/Redist/DirectX-Runtime/Aug2008_d3dx10_39_x64.cab",867612,867612,865715,0
"5466E4CF1D5D8C5481E577500E96881D6A9A5464","Support/Redist/DirectX-Runtime/Aug2008_d3dx10_39_x86.cab",849167,849167,847221,0
"5466E4CF1D5D8C5481E577500E96881D6A9A5464","Support/Redist/DirectX-Runtime/Aug2008_d3dx9_39_x64.cab",1794084,1794084,1792349,0
"5466E4CF1D5D8C5481E577500E96881D6A9A5464","Support/Redist/DirectX-Runtime/Aug2008_d3dx9_39_x86.cab",1464672,1464672,1462704,0
"5466E4CF1D5D8C5481E577500E96881D6A9A5464","Support/Redist/DirectX-Runtime/Aug2008_XACT_x64.cab",121772,121772,119680,0
"5466E4CF1D5D8C5481E577500E96881D6A9A5464","Support/Redist/DirectX-Runtime/Aug2008_XACT_x86.cab",92996,92996,91466,0
"5466E4CF1D5D8C5481E577500E96881D6A9A5464","Support/Redist/DirectX-Runtime/Aug2008_XAudio_x64.cab",271412,271412,269402,0
"5466E4CF1D5D8C5481E577500E96881D6A9A5464","Support/Redist/DirectX-Runtime/Aug2008_XAudio_x86.cab",271038,271038,268986,0
"5466E4CF1D5D8C5481E577500E96881D6A9A5464","Support/Redist/DirectX-Runtime/Aug2009_D3DCompiler_42_x64.cab",919044,919044,913576,0
"5466E4CF1D5D8C5481E577500E96881D6A9A5464","Support/Redist/DirectX-Runtime/Aug2009_D3DCompiler_42_x86.cab",900598,900598,897886,0
"5466E4CF1D5D8C5481E577500E96881D6A9A5464","Support/Redist/DirectX-Runtime/Aug2009_d3dcsx_42_x64.cab",3112111,3112111,3110417,0
"5466E4CF1D5D8C5481E577500E96881D6A9A5464","Support/Redist/DirectX-Runtime/Aug2009_d3dcsx_42_x86.cab",3319740,3319740,3317659,0
"5466E4CF1D5D8C5481E577500E96881D6A9A5464","Support/Redist/DirectX-Runtime/Aug2009_d3dx10_42_x64.cab",232635,232635,230697,0
"5466E4CF1D5D8C5481E577500E96881D6A9A5464","Support/Redist/DirectX-Runtime/Aug2009_d3dx10_42_x86.cab",192131,192131,190122,0
"5466E4CF1D5D8C5481E577500E96881D6A9A5464","Support/Redist/DirectX-Runtime/Aug2009_d3dx11_42_x64.cab",136301,136301,134360,0
"5466E4CF1D5D8C5481E577500E96881D6A9A5464","Support/Redist/DirectX-Runtime/Aug2009_d3dx11_42_x86.cab",105044,105044,102957,0
"5466E4CF1D5D8C5481E577500E96881D6A9A5464","Support/Redist/DirectX-Runtime/Aug2009_d3dx9_42_x64.cab",930116,930116,928121,0
"5466E4CF1D5D8C5481E577500E96881D6A9A5464","Support/Redist/DirectX-Runtime/Aug2009_d3dx9_42_x86.cab",728456,728456,725680,0
"5466E4CF1D5D8C5481E577500E96881D6A9A5464","Support/Redist/DirectX-Runtime/Aug2009_XACT_x64.cab",122408,122408,122420,0
"5466E4CF1D5D8C5481E577500E96881D6A9A5464","Support/Redist/DirectX-Runtime/Aug2009_XACT_x86.cab",93106,93106,91203,0
"5466E4CF1D5D8C5481E577500E96881D6A9A5464","Support/Redist/DirectX-Runtime/Aug2009_XAudio_x64.cab",273264,273264,271254,0
"5466E4CF1D5D8C5481E577500E96881D6A9A5464","Support/Redist/DirectX-Runtime/Aug2009_XAudio_x86.cab",272642,272642,270688,0
"5466E4CF1D5D8C5481E577500E96881D6A9A5464","Support/Redist/DirectX-Runtime/Dec2005_d3dx9_28_x64.cab",1357976,1357976,1356058,0
"5466E4CF1D5D8C5481E577500E96881D6A9A5464","Support/Redist/DirectX-Runtime/Dec2005_d3dx9_28_x86.cab",1079456,1079456,1077516,0
"5466E4CF1D5D8C5481E577500E96881D6A9A5464","Support/Redist/DirectX-Runtime/DEC2006_d3dx10_00_x64.cab",212807,212807,210814,0
"5466E4CF1D5D8C5481E577500E96881D6A9A5464","Support/Redist/DirectX-Runtime/DEC2006_d3dx10_00_x86.cab",191720,191720,189725,0
"5466E4CF1D5D8C5481E577500E96881D6A9A5464","Support/Redist/DirectX-Runtime/DEC2006_d3dx9_32_x64.cab",1571154,1571154,1568983,0
"5466E4CF1D5D8C5481E577500E96881D6A9A5464","Support/Redist/DirectX-Runtime/DEC2006_d3dx9_32_x86.cab",1574376,1574376,1571149,0
"5466E4CF1D5D8C5481E577500E96881D6A9A5464","Support/Redist/DirectX-Runtime/DEC2006_XACT_x64.cab",192475,192475,190497,0
"5466E4CF1D5D8C5481E577500E96881D6A9A5464","Support/Redist/DirectX-Runtime/DEC2006_XACT_x86.cab",145599,145599,143621,0
"5466E4CF1D5D8C5481E577500E96881D6A9A5464","Support/Redist/DirectX-Runtime/DSETUP.dll",95576,95576,49929,0
"5466E4CF1D5D8C5481E577500E96881D6A9A5464","Support/Redist/DirectX-Runtime/dsetup32.dll",1566040,1566040,130247,0
"5466E4CF1D5D8C5481E577500E96881D6A9A5464","Support/Redist/DirectX-Runtime/dxdllreg_x86.cab",44624,44624,42623,0
"5466E4CF1D5D8C5481E577500E96881D6A9A5464","Support/Redist/DirectX-Runtime/DXSETUP.exe",517976,517976,115376,0
"5466E4CF1D5D8C5481E577500E96881D6A9A5464","Support/Redist/DirectX-Runtime/dxupdate.cab",97152,97152,94990,0
"5466E4CF1D5D8C5481E577500E96881D6A9A5464","Support/Redist/DirectX-Runtime/Feb2005_d3dx9_24_x64.cab",1247499,1247499,1245519,0
"5466E4CF1D5D8C5481E577500E96881D6A9A5464","Support/Redist/DirectX-Runtime/Feb2005_d3dx9_24_x86.cab",1013225,1013225,1009372,0
"5466E4CF1D5D8C5481E577500E96881D6A9A5464","Support/Redist/DirectX-Runtime/Feb2006_d3dx9_29_x64.cab",1362796,1362796,1360921,0
"5466E4CF1D5D8C5481E577500E96881D6A9A5464","Support/Redist/DirectX-Runtime/Feb2006_d3dx9_29_x86.cab",1084720,1084720,1080519,0
"5466E4CF1D5D8C5481E577500E96881D6A9A5464","Support/Redist/DirectX-Runtime/Feb2006_XACT_x64.cab",178359,178359,176346,0
"5466E4CF1D5D8C5481E577500E96881D6A9A5464","Support/Redist/DirectX-Runtime/Feb2006_XACT_x86.cab",132409,132409,132022,0
"5466E4CF1D5D8C5481E577500E96881D6A9A5464","Support/Redist/DirectX-Runtime/FEB2007_XACT_x64.cab",194675,194675,192737,0
"5466E4CF1D5D8C5481E577500E96881D6A9A5464","Support/Redist/DirectX-Runtime/FEB2007_XACT_x86.cab",147983,147983,145948,0
"5466E4CF1D5D8C5481E577500E96881D6A9A5464","Support/Redist/DirectX-Runtime/Feb2010_X3DAudio_x64.cab",54678,54678,52500,0
"5466E4CF1D5D8C5481E577500E96881D6A9A5464","Support/Redist/DirectX-Runtime/Feb2010_X3DAudio_x86.cab",20713,20713,18511,0
"5466E4CF1D5D8C5481E577500E96881D6A9A5464","Support/Redist/DirectX-Runtime/Feb2010_XACT_x64.cab",122446,122446,122458,0
"5466E4CF1D5D8C5481E577500E96881D6A9A5464","Support/Redist/DirectX-Runtime/Feb2010_XACT_x86.cab",93180,93180,91138,0
"5466E4CF1D5D8C5481E577500E96881D6A9A5464","Support/Redist/DirectX-Runtime/Feb2010_XAudio_x64.cab",276960,276960,274962,0
"5466E4CF1D5D8C5481E577500E96881D6A9A5464","Support/Redist/DirectX-Runtime/Feb2010_XAudio_x86.cab",277191,277191,275184,0
"5466E4CF1D5D8C5481E577500E96881D6A9A5464","Support/Redist/DirectX-Runtime/Jun2005_d3dx9_26_x64.cab",1336002,1336002,1334060,0
"5466E4CF1D5D8C5481E577500E96881D6A9A5464","Support/Redist/DirectX-Runtime/Jun2005_d3dx9_26_x86.cab",1064925,1064925,1060721,0
"5466E4CF1D5D8C5481E577500E96881D6A9A5464","Support/Redist/DirectX-Runtime/JUN2006_XACT_x64.cab",180785,180785,178830,0
"5466E4CF1D5D8C5481E577500E96881D6A9A5464","Support/Redist/DirectX-Runtime/JUN2006_XACT_x86.cab",133671,133671,132768,0
"5466E4CF1D5D8C5481E577500E96881D6A9A5464","Support/Redist/DirectX-Runtime/JUN2007_d3dx10_34_x64.cab",699044,699044,697272,0
"5466E4CF1D5D8C5481E577500E96881D6A9A5464","Support/Redist/DirectX-Runtime/JUN2007_d3dx10_34_x86.cab",698472,698472,696700,0
"5466E4CF1D5D8C5481E577500E96881D6A9A5464","Support/Redist/DirectX-Runtime/JUN2007_d3dx9_34_x64.cab",1607774,1607774,1605902,0
"5466E4CF1D5D8C5481E577500E96881D6A9A5464","Support/Redist/DirectX-Runtime/JUN2007_d3dx9_34_x86.cab",1607286,1607286,1605417,0
"5466E4CF1D5D8C5481E577500E96881D6A9A5464","Support/Redist/DirectX-Runtime/JUN2007_XACT_x64.cab",197122,197122,195088,0
"5466E4CF1D5D8C5481E577500E96881D6A9A5464","Support/Redist/DirectX-Runtime/JUN2007_XACT_x86.cab",152909,152909,150931,0
"5466E4CF1D5D8C5481E577500E96881D6A9A5464","Support/Redist/DirectX-Runtime/JUN2008_d3dx10_38_x64.cab",867828,867828,865930,0
"5466E4CF1D5D8C5481E577500E96881D6A9A5464","Support/Redist/DirectX-Runtime/JUN2008_d3dx10_38_x86.cab",849919,849919,847967,0
"5466E4CF1D5D8C5481E577500E96881D6A9A5464","Support/Redist/DirectX-Runtime/JUN2008_d3dx9_38_x64.cab",1792608,1792608,1790743,0
"5466E4CF1D5D8C5481E577500E96881D6A9A5464","Support/Redist/DirectX-Runtime/JUN2008_d3dx9_38_x86.cab",1463878,1463878,1461906,0
"5466E4CF1D5D8C5481E577500E96881D6A9A5464","Support/Redist/DirectX-Runtime/JUN2008_X3DAudio_x64.cab",55154,55154,53191,0
"5466E4CF1D5D8C5481E577500E96881D6A9A5464","Support/Redist/DirectX-Runtime/JUN2008_X3DAudio_x86.cab",21905,21905,19789,0
"5466E4CF1D5D8C5481E577500E96881D6A9A5464","Support/Redist/DirectX-Runtime/JUN2008_XACT_x64.cab",121054,121054,121066,0
"5466E4CF1D5D8C5481E577500E96881D6A9A5464","Support/Redist/DirectX-Runtime/JUN2008_XACT_x86.cab",93128,93128,91224,0
"5466E4CF1D5D8C5481E577500E96881D6A9A5464","Support/Redist/DirectX-Runtime/JUN2008_XAudio_x64.cab",269628,269628,267618,0
"5466E4CF1D5D8C5481E577500E96881D6A9A5464","Support/Redist/DirectX-Runtime/JUN2008_XAudio_x86.cab",269024,269024,267014,0
"5466E4CF1D5D8C5481E577500E96881D6A9A5464","Support/Redist/DirectX-Runtime/Jun2010_D3DCompiler_43_x64.cab",944460,944460,942464,0
"5466E4CF1D5D8C5481E577500E96881D6A9A5464","Support/Redist/DirectX-Runtime/Jun2010_D3DCompiler_43_x86.cab",931471,931471,929447,0
"5466E4CF1D5D8C5481E577500E96881D6A9A5464","Support/Redist/DirectX-Runtime/Jun2010_d3dcsx_43_x64.cab",752783,752783,750548,0
"5466E4CF1D5D8C5481E577500E96881D6A9A5464","Support/Redist/DirectX-Runtime/Jun2010_d3dcsx_43_x86.cab",762188,762188,755098,0
"5466E4CF1D5D8C5481E577500E96881D6A9A5464","Support/Redist/DirectX-Runtime/Jun2010_d3dx10_43_x64.cab",235955,235955,233950,0
"5466E4CF1D5D8C5481E577500E96881D6A9A5464","Support/Redist/DirectX-Runtime/Jun2010_d3dx10_43_x86.cab",197283,197283,195345,0
"5466E4CF1D5D8C5481E577500E96881D6A9A5464","Support/Redist/DirectX-Runtime/Jun2010_d3dx11_43_x64.cab",138205,138205,136170,0
"5466E4CF1D5D8C5481E577500E96881D6A9A5464","Support/Redist/DirectX-Runtime/Jun2010_d3dx11_43_x86.cab",109445,109445,107341,0
"5466E4CF1D5D8C5481E577500E96881D6A9A5464","Support/Redist/DirectX-Runtime/Jun2010_d3dx9_43_x64.cab",937246,937246,935254,0
"5466E4CF1D5D8C5481E577500E96881D6A9A5464","Support/Redist/DirectX-Runtime/Jun2010_d3dx9_43_x86.cab",768036,768036,765422,0
"5466E4CF1D5D8C5481E577500E96881D6A9A5464","Support/Redist/DirectX-Runtime/Jun2010_XACT_x64.cab",124596,124596,124608,0
"5466E4CF1D5D8C5481E577500E96881D6A9A5464","Support/Redist/DirectX-Runtime/Jun2010_XACT_x86.cab",93686,93686,91542,0
"5466E4CF1D5D8C5481E577500E96881D6A9A5464","Support/Redist/DirectX-Runtime/Jun2010_XAudio_x64.cab",277338,277338,275329,0
"5466E4CF1D5D8C5481E577500E96881D6A9A5464","Support/Redist/DirectX-Runtime/Jun2010_XAudio_x86.cab",278060,278060,276023,0
"5466E4CF1D5D8C5481E577500E96881D6A9A5464","Support/Redist/DirectX-Runtime/Mar2008_d3dx10_37_x64.cab",844884,844884,843514,0
"5466E4CF1D5D8C5481E577500E96881D6A9A5464","Support/Redist/DirectX-Runtime/Mar2008_d3dx10_37_x86.cab",818260,818260,816363,0
"5466E4CF1D5D8C5481E577500E96881D6A9A5464","Support/Redist/DirectX-Runtime/Mar2008_d3dx9_37_x64.cab",1769862,1769862,1767983,0
"5466E4CF1D5D8C5481E577500E96881D6A9A5464","Support/Redist/DirectX-Runtime/Mar2008_d3dx9_37_x86.cab",1443282,1443282,1440418,0
"5466E4CF1D5D8C5481E577500E96881D6A9A5464","Support/Redist/DirectX-Runtime/Mar2008_X3DAudio_x64.cab",55058,55058,52883,0
"5466E4CF1D5D8C5481E577500E96881D6A9A5464","Support/Redist/DirectX-Runtime/Mar2008_X3DAudio_x86.cab",21867,21867,19737,0
"5466E4CF1D5D8C5481E577500E96881D6A9A5464","Support/Redist/DirectX-Runtime/Mar2008_XACT_x64.cab",122336,122336,122348,0
"5466E4CF1D5D8C5481E577500E96881D6A9A5464","Support/Redist/DirectX-Runtime/Mar2008_XACT_x86.cab",93734,93734,91832,0
"5466E4CF1D5D8C5481E577500E96881D6A9A5464","Support/Redist/DirectX-Runtime/Mar2008_XAudio_x64.cab",251194,251194,249238,0
"5466E4CF1D5D8C5481E577500E96881D6A9A5464","Support/Redist/DirectX-Runtime/Mar2008_XAudio_x86.cab",226250,226250,224266,0
"5466E4CF1D5D8C5481E577500E96881D6A9A5464","Support/Redist/DirectX-Runtime/Mar2009_d3dx10_41_x64.cab",1067160,1067160,1061431,0
"5466E4CF1D5D8C5481E577500E96881D6A9A5464","Support/Redist/DirectX-Runtime/Mar2009_d3dx10_41_x86.cab",1040745,1040745,1038028,0
"5466E4CF1D5D8C5481E577500E96881D6A9A5464","Support/Redist/DirectX-Runtime/Mar2009_d3dx9_41_x64.cab",1973702,1973702,1967268,0
"5466E4CF1D5D8C5481E577500E96881D6A9A5464","Support/Redist/DirectX-Runtime/Mar2009_d3dx9_41_x86.cab",1612446,1612446,1608470,0
"5466E4CF1D5D8C5481E577500E96881D6A9A5464","Support/Redist/DirectX-Runtime/Mar2009_X3DAudio_x64.cab",54600,54600,52525,0
"5466E4CF1D5D8C5481E577500E96881D6A9A5464","Support/Redist/DirectX-Runtime/Mar2009_X3DAudio_x86.cab",21298,21298,19214,0
"5466E4CF1D5D8C5481E577500E96881D6A9A5464","Support/Redist/DirectX-Runtime/Mar2009_XACT_x64.cab",121506,121506,121518,0
"5466E4CF1D5D8C5481E577500E96881D6A9A5464","Support/Redist/DirectX-Runtime/Mar2009_XACT_x86.cab",92740,92740,90837,0
"5466E4CF1D5D8C5481E577500E96881D6A9A5464","Support/Redist/DirectX-Runtime/Mar2009_XAudio_x64.cab",275044,275044,273064,0
"5466E4CF1D5D8C5481E577500E96881D6A9A5464","Support/Redist/DirectX-Runtime/Mar2009_XAudio_x86.cab",273018,273018,270971,0
"5466E4CF1D5D8C5481E577500E96881D6A9A5464","Support/Redist/DirectX-Runtime/Nov2007_d3dx10_36_x64.cab",864600,864600,862959,0
"5466E4CF1D5D8C5481E577500E96881D6A9A5464","Support/Redist/DirectX-Runtime/Nov2007_d3dx10_36_x86.cab",803884,803884,801919,0
"5466E4CF1D5D8C5481E577500E96881D6A9A5464","Support/Redist/DirectX-Runtime/Nov2007_d3dx9_36_x64.cab",1802058,1802058,1799973,0
"5466E4CF1D5D8C5481E577500E96881D6A9A5464","Support/Redist/DirectX-Runtime/Nov2007_d3dx9_36_x86.cab",1709360,1709360,1707488,0
"5466E4CF1D5D8C5481E577500E96881D6A9A5464","Support/Redist/DirectX-Runtime/NOV2007_X3DAudio_x64.cab",46144,46144,44216,0
"5466E4CF1D5D8C5481E577500E96881D6A9A5464","Support/Redist/DirectX-Runtime/NOV2007_X3DAudio_x86.cab",18496,18496,16387,0
"5466E4CF1D5D8C5481E577500E96881D6A9A5464","Support/Redist/DirectX-Runtime/NOV2007_XACT_x64.cab",196762,196762,194809,0
"5466E4CF1D5D8C5481E577500E96881D6A9A5464","Support/Redist/DirectX-Runtime/NOV2007_XACT_x86.cab",148264,148264,146270,0
"5466E4CF1D5D8C5481E577500E96881D6A9A5464","Support/Redist/DirectX-Runtime/Nov2008_d3dx10_40_x64.cab",994154,994154,988999,0
"5466E4CF1D5D8C5481E577500E96881D6A9A5464","Support/Redist/DirectX-Runtime/Nov2008_d3dx10_40_x86.cab",965421,965421,963444,0
"5466E4CF1D5D8C5481E577500E96881D6A9A5464","Support/Redist/DirectX-Runtime/Nov2008_d3dx9_40_x64.cab",1906878,1906878,1901459,0
"5466E4CF1D5D8C5481E577500E96881D6A9A5464","Support/Redist/DirectX-Runtime/Nov2008_d3dx9_40_x86.cab",1550796,1550796,1548586,0
"5466E4CF1D5D8C5481E577500E96881D6A9A5464","Support/Redist/DirectX-Runtime/Nov2008_X3DAudio_x64.cab",54522,54522,52589,0
"5466E4CF1D5D8C5481E577500E96881D6A9A5464","Support/Redist/DirectX-Runtime/Nov2008_X3DAudio_x86.cab",21851,21851,19648,0
"5466E4CF1D5D8C5481E577500E96881D6A9A5464","Support/Redist/DirectX-Runtime/Nov2008_XACT_x64.cab",121794,121794,121806,0
"5466E4CF1D5D8C5481E577500E96881D6A9A5464","Support/Redist/DirectX-Runtime/Nov2008_XACT_x86.cab",92684,92684,90781,0
"5466E4CF1D5D8C5481E577500E96881D6A9A5464","Support/Redist/DirectX-Runtime/Nov2008_XAudio_x64.cab",273960,273960,271992,0
"5466E4CF1D5D8C5481E577500E96881D6A9A5464","Support/Redist/DirectX-Runtime/Nov2008_XAudio_x86.cab",272611,272611,270614,0
"5466E4CF1D5D8C5481E577500E96881D6A9A5464","Support/Redist/DirectX-Runtime/Oct2005_xinput_x64.cab",86037,86037,83984,0
"5466E4CF1D5D8C5481E577500E96881D6A9A5464","Support/Redist/DirectX-Runtime/Oct2005_xinput_x86.cab",45359,45359,43281,0
"5466E4CF1D5D8C5481E577500E96881D6A9A5464","Support/Redist/DirectX-Runtime/OCT2006_d3dx9_31_x64.cab",1412902,1412902,1410960,0
"5466E4CF1D5D8C5481E577500E96881D6A9A5464","Support/Redist/DirectX-Runtime/OCT2006_d3dx9_31_x86.cab",1127217,1127217,1124413,0
"5466E4CF1D5D8C5481E577500E96881D6A9A5464","Support/Redist/DirectX-Runtime/OCT2006_XACT_x64.cab",182361,182361,180408,0
"5466E4CF1D5D8C5481E577500E96881D6A9A5464","Support/Redist/DirectX-Runtime/OCT2006_XACT_x86.cab",138017,138017,135982,0
"5466E4CF1D5D8C5481E577500E96881D6A9A5464","Support/Redist/VS2010Runtime/vcredist_x64.exe",5673816,5673816,5653779,0
"5466E4CF1D5D8C5481E577500E96881D6A9A5464","Support/Redist/VS2012Runtime/vcredist_x64.exe",7185000,7185000,6993829,0
"5466E4CF1D5D8C5481E577500E96881D6A9A5464","Support/Redist/VS2019Runtime/vcredist_x64.exe",25397512,25397512,24963476,0
"5466E4CF1D5D8C5481E577500E96881D6A9A5464","Support/eula/EULA-v1.0-BRAZIL.htm",33859,33859,12285,0
"5466E4CF1D5D8C5481E577500E96881D6A9A5464","Support/eula/EULA-v1.0-CANADA_EN.htm",30494,30494,11194,0
"5466E4CF1D5D8C5481E577500E96881D6A9A5464","Support/eula/EULA-v1.0-CANADA_FR.htm",37199,37199,12970,0
"5466E4CF1D5D8C5481E577500E96881D6A9A5464","Support/eula/EULA-v1.0-CHINESE_SIM.htm",25598,25598,10306,0
"5466E4CF1D5D8C5481E577500E96881D6A9A5464","Support/eula/EULA-v1.0-CZECH_REP.htm",34017,34017,12834,0
"5466E4CF1D5D8C5481E577500E96881D6A9A5464","Support/eula/EULA-v1.0-DENMARK.htm",32283,32283,11991,0
"5466E4CF1D5D8C5481E577500E96881D6A9A5464","Support/eula/EULA-v1.0-EXPORT_EN.htm",30220,30220,11040,0
"5466E4CF1D5D8C5481E577500E96881D6A9A5464","Support/eula/EULA-v1.0-EXPORT_SP.htm",35569,35569,12501,0
"5466E4CF1D5D8C5481E577500E96881D6A9A5464","Support/eula/EULA-v1.0-FINLAND.htm",32903,32903,12570,0
"5466E4CF1D5D8C5481E577500E96881D6A9A5464","Support/eula/EULA-v1.0-FRANCE.htm",36962,36962,12922,0
"5466E4CF1D5D8C5481E577500E96881D6A9A5464","Support/eula/EULA-v1.0-GERMANY.htm",36980,36980,13505,0
"5466E4CF1D5D8C5481E577500E96881D6A9A5464","Support/eula/EULA-v1.0-HUNGARY.htm",34641,34641,12612,0
"5466E4CF1D5D8C5481E577500E96881D6A9A5464","Support/eula/EULA-v1.0-ITALY.htm",35802,35802,12214,0
"5466E4CF1D5D8C5481E577500E96881D6A9A5464","Support/eula/EULA-v1.0-JAPAN.htm",41673,41673,12088,0
"5466E4CF1D5D8C5481E577500E96881D6A9A5464","Support/eula/EULA-v1.0-NETHERLANDS.htm",36394,36394,12639,0
"5466E4CF1D5D8C5481E577500E96881D6A9A5464","Support/eula/EULA-v1.0-NORWAY.htm",32994,32994,11789,0
"5466E4CF1D5D8C5481E577500E96881D6A9A5464","Support/eula/EULA-v1.0-POLAND.htm",37450,37450,13563,0
"5466E4CF1D5D8C5481E577500E96881D6A9A5464","Support/eula/EULA-v1.0-PORTUGAL.htm",34023,34023,12205,0
"5466E4CF1D5D8C5481E577500E96881D6A9A5464","Support/eula/EULA-v1.0-RUSSIA.htm",64807,64807,16169,0
"5466E4CF1D5D8C5481E577500E96881D6A9A5464","Support/eula/EULA-v1.0-SPAIN.htm",35502,35502,12541,0
"5466E4CF1D5D8C5481E577500E96881D6A9A5464","Support/eula/EULA-v1.0-SWEDEN.htm",32997,32997,11737,0
"5466E4CF1D5D8C5481E577500E96881D6A9A5464","Support/eula/EULA-v1.0-UK.htm",30169,30169,11034,0
"5466E4CF1D5D8C5481E577500E96881D6A9A5464","Support/eula/EULA-v1.0-US.htm",34101,34101,12440,0
"5466E4CF1D5D8C5481E577500E96881D6A9A5464","Support/readme/ReadMe-br.txt",13903,13903,4468,0
"5466E4CF1D5D8C5481E577500E96881D6A9A5464","Support/readme/ReadMe-cs.txt",12252,12252,4690,0
"5466E4CF1D5D8C5481E577500E96881D6A9A5464","Support/readme/ReadMe-ct.txt",12232,12232,4662,0
"5466E4CF1D5D8C5481E577500E96881D6A9A5464","Support/readme/ReadMe-cz.txt",12486,12486,4334,0
"5466E4CF1D5D8C5481E577500E96881D6A9A5464","Support/readme/ReadMe-de.txt",14132,14132,4623,0
"5466E4CF1D5D8C5481E577500E96881D6A9A5464","Support/readme/ReadMe-en.txt",12729,12729,4215,0
"5466E4CF1D5D8C5481E577500E96881D6A9A5464","Support/readme/ReadMe-es.txt",11478,11478,3565,0
"5466E4CF1D5D8C5481E577500E96881D6A9A5464","Support/readme/ReadMe-fr.txt",13819,13819,4337,0
"5466E4CF1D5D8C5481E577500E96881D6A9A5464","Support/readme/ReadMe-it.txt",11072,11072,3481,0
"5466E4CF1D5D8C5481E577500E96881D6A9A5464","Support/readme/ReadMe-jp.txt",12764,12764,3866,0
"5466E4CF1D5D8C5481E577500E96881D6A9A5464","Support/readme/ReadMe-kr.txt",13939,13939,4633,0
"5466E4CF1D5D8C5481E577500E96881D6A9A5464","Support/readme/ReadMe-mx.txt",13989,13989,4485,0
"5466E4CF1D5D8C5481E577500E96881D6A9A5464","Support/readme/ReadMe-nl.txt",11185,11185,3490,0
"5466E4CF1D5D8C5481E577500E96881D6A9A5464","Support/readme/ReadMe-pl.txt",13476,13476,4609,0
"5466E4CF1D5D8C5481E577500E96881D6A9A5464","Support/readme/ReadMe-ru.txt",20270,20270,5477,0
"5466E4CF1D5D8C5481E577500E96881D6A9A5464","Support/benchmark/benchmark_template.html",792738,792738,449784,0
"5466E4CF1D5D8C5481E577500E96881D6A9A5464","Support/benchmark/font_arabic1",257820,257820,104764,0
"5466E4CF1D5D8C5481E577500E96881D6A9A5464","Support/benchmark/font_arabic2",276064,276064,97435,0
"5466E4CF1D5D8C5481E577500E96881D6A9A5464","Support/benchmark/font_chinas1",812176,812176,279094,0
"5466E4CF1D5D8C5481E577500E96881D6A9A5464","Support/benchmark/font_chinas2",276064,276064,97435,0
"5466E4CF1D5D8C5481E577500E96881D6A9A5464","Support/benchmark/font_chinat1",812176,812176,279094,0
"5466E4CF1D5D8C5481E577500E96881D6A9A5464","Support/benchmark/font_chinat2",276064,276064,97435,0
"5466E4CF1D5D8C5481E577500E96881D6A9A5464","Support/benchmark/font_japan1",812176,812176,279094,0
"5466E4CF1D5D8C5481E577500E96881D6A9A5464","Support/benchmark/font_japan2",276064,276064,97435,0
"5466E4CF1D5D8C5481E577500E96881D6A9A5464","Support/benchmark/font_korea1",812176,812176,279094,0
"5466E4CF1D5D8C5481E577500E96881D6A9A5464","Support/benchmark/font_korea2",276064,276064,97435,0
"5466E4CF1D5D8C5481E577500E96881D6A9A5464","Support/benchmark/font1",156546,156546,64369,0
"5466E4CF1D5D8C5481E577500E96881D6A9A5464","Support/benchmark/font2",146642,146642,73954,0
"5466E4CF1D5D8C5481E577500E96881D6A9A5464","localization.lang",14,14,23,0
"5466E4CF1D5D8C5481E577500E96881D6A9A5464","streaminginstall.ini",48915,48915,4620,0
"5466E4CF1D5D8C5481E577500E96881D6A9A5464","dbghelp.dll",2180616,2180616,946031,0
"5466E4CF1D5D8C5481E577500E96881D6A9A5464","ekshaderspcdx12compress.bin",71072702,71072702,70952261,0
"5466E4CF1D5D8C5481E577500E96881D6A9A5464","gpudatabase_win64.dll",207896,207896,34014,0
"5466E4CF1D5D8C5481E577500E96881D6A9A5464","extendedpcidevs.txt",147456,147456,19742,0
"5466E4CF1D5D8C5481E577500E96881D6A9A5464","symsrv.dll",386568,386568,159614,0
"5466E4CF1D5D8C5481E577500E96881D6A9A5464","upc_r2_loader.dll",316568,316568,140711,0
"5466E4CF1D5D8C5481E577500E96881D6A9A5464","upc_r2_loader64.dll",413848,413848,173613,0
"5466E4CF1D5D8C5481E577500E96881D6A9A5464","steam_api64.dll",262944,262944,125454,0
"5466E4CF1D5D8C5481E577500E96881D6A9A5464","amd_ags_x64.dll",179408,179408,98157,0
"5466E4CF1D5D8C5481E577500E96881D6A9A5464","gfsdk_aftermath_lib.x64.dll",5570136,5570136,2064134,0
"5466E4CF1D5D8C5481E577500E96881D6A9A5464","nvlowlatencyvk.dll",48952,48952,24998,0
"5466E4CF1D5D8C5481E577500E96881D6A9A5464","nvngx_dlss.dll",51717160,51717160,33568215,0
"5466E4CF1D5D8C5481E577500E96881D6A9A5464","vivoxsdk.dll",12219088,12219088,7275241,0
"5466E4CF1D5D8C5481E577500E96881D6A9A5464","fvad.dll",39960,39960,22152,0
"5466E4CF1D5D8C5481E577500E96881D6A9A5464","libcurl.dll",507920,507920,270524,0
"5466E4CF1D5D8C5481E577500E96881D6A9A5464","libtox.dll",261280,261280,111646,0
"5466E4CF1D5D8C5481E577500E96881D6A9A5464","opus.dll",416272,416272,245729,0
"5466E4CF1D5D8C5481E577500E96881D6A9A5464","opusenc.dll",65560,65560,38984,0
"5466E4CF1D5D8C5481E577500E96881D6A9A5464","zlib1.dll",105488,105488,60160,0
"5466E4CF1D5D8C5481E577500E96881D6A9A5464","BattlEye/BELauncher.ini",93,93,98,0
"5466E4CF1D5D8C5481E577500E96881D6A9A5464","BattlEye/Install_BattlEye.bat",64,64,73,0
"5466E4CF1D5D8C5481E577500E96881D6A9A5464","BattlEye/Uninstall_BattlEye.bat",64,64,73,0
"5466E4CF1D5D8C5481E577500E96881D6A9A5464","BattlEye/Privacy/cs.txt",1545,1545,822,0
"5466E4CF1D5D8C5481E577500E96881D6A9A5464","BattlEye/Privacy/cs-CZ.txt",1545,1545,822,0
"5466E4CF1D5D8C5481E577500E96881D6A9A5464","BattlEye/Privacy/de.txt",1445,1445,742,0
"5466E4CF1D5D8C5481E577500E96881D6A9A5464","BattlEye/Privacy/de-DE.txt",1445,1445,742,0
"5466E4CF1D5D8C5481E577500E96881D6A9A5464","BattlEye/Privacy/en.txt",1302,1302,628,0
"5466E4CF1D5D8C5481E577500E96881D6A9A5464","BattlEye/Privacy/en-US.txt",1302,1302,628,0
"5466E4CF1D5D8C5481E577500E96881D6A9A5464","BattlEye/Privacy/es.txt",1532,1532,727,0
"5466E4CF1D5D8C5481E577500E96881D6A9A5464","BattlEye/Privacy/es-ES.txt",1532,1532,727,0
"5466E4CF1D5D8C5481E577500E96881D6A9A5464","BattlEye/Privacy/es-MX.txt",1540,1540,729,0
"5466E4CF1D5D8C5481E577500E96881D6A9A5464","BattlEye/Privacy/fr.txt",1677,1677,817,0
"5466E4CF1D5D8C5481E577500E96881D6A9A5464","BattlEye/Privacy/fr-FR.txt",1674,1674,809,0
"5466E4CF1D5D8C5481E577500E96881D6A9A5464","BattlEye/Privacy/it.txt",1376,1376,666,0
"5466E4CF1D5D8C5481E577500E96881D6A9A5464","BattlEye/Privacy/it-IT.txt",1376,1376,666,0
"5466E4CF1D5D8C5481E577500E96881D6A9A5464","BattlEye/Privacy/ja.txt",1601,1601,807,0
"5466E4CF1D5D8C5481E577500E96881D6A9A5464","BattlEye/Privacy/ja-JP.txt",1601,1601,807,0
"5466E4CF1D5D8C5481E577500E96881D6A9A5464","BattlEye/Privacy/ko.txt",1407,1407,774,0
"5466E4CF1D5D8C5481E577500E96881D6A9A5464","BattlEye/Privacy/ko-KR.txt",1407,1407,774,0
"5466E4CF1D5D8C5481E577500E96881D6A9A5464","BattlEye/Privacy/nl.txt",1394,1394,680,0
"5466E4CF1D5D8C5481E577500E96881D6A9A5464","BattlEye/Privacy/nl-NL.txt",1394,1394,680,0
"5466E4CF1D5D8C5481E577500E96881D6A9A5464","BattlEye/Privacy/pl.txt",1610,1610,843,0
"5466E4CF1D5D8C5481E577500E96881D6A9A5464","BattlEye/Privacy/pl-PL.txt",1610,1610,843,0
"5466E4CF1D5D8C5481E577500E96881D6A9A5464","BattlEye/Privacy/pt.txt",1512,1512,729,0
"5466E4CF1D5D8C5481E577500E96881D6A9A5464","BattlEye/Privacy/pt-BR.txt",1512,1512,729,0
"5466E4CF1D5D8C5481E577500E96881D6A9A5464","BattlEye/Privacy/ru.txt",2012,2012,861,0
"5466E4CF1D5D8C5481E577500E96881D6A9A5464","BattlEye/Privacy/ru-RU.txt",2012,2012,861,0
"5466E4CF1D5D8C5481E577500E96881D6A9A5464","BattlEye/Privacy/tr.txt",1376,1376,683,0
"5466E4CF1D5D8C5481E577500E96881D6A9A5464","BattlEye/Privacy/tr-TR.txt",1376,1376,683,0
"5466E4CF1D5D8C5481E577500E96881D6A9A5464","BattlEye/Privacy/zh.txt",1052,1052,675,0
"5466E4CF1D5D8C5481E577500E96881D6A9A5464","BattlEye/Privacy/zh-CN.txt",1052,1052,675,0
"5466E4CF1D5D8C5481E577500E96881D6A9A5464","BattlEye/Privacy/zh-TW.txt",1067,1067,682,0
"5466E4CF1D5D8C5481E577500E96881D6A9A5464","BattlEye/Text/cs.ini",3192,3192,1500,0
"5466E4CF1D5D8C5481E577500E96881D6A9A5464","BattlEye/Text/de.ini",3283,3283,1427,0
"5466E4CF1D5D8C5481E577500E96881D6A9A5464","BattlEye/Text/en.ini",2748,2748,1183,0
"5466E4CF1D5D8C5481E577500E96881D6A9A5464","BattlEye/Text/es.ini",3137,3137,1355,0
"5466E4CF1D5D8C5481E577500E96881D6A9A5464","BattlEye/Text/fr.ini",3246,3246,1428,0
"5466E4CF1D5D8C5481E577500E96881D6A9A5464","BattlEye/Text/it.ini",3024,3024,1319,0
"5466E4CF1D5D8C5481E577500E96881D6A9A5464","BattlEye/Text/ja.ini",4125,4125,1579,0
"5466E4CF1D5D8C5481E577500E96881D6A9A5464","BattlEye/Text/ko.ini",3362,3362,1476,0
"5466E4CF1D5D8C5481E577500E96881D6A9A5464","BattlEye/Text/nl.ini",3004,3004,1320,0
"5466E4CF1D5D8C5481E577500E96881D6A9A5464","BattlEye/Text/pl.ini",3165,3165,1455,0
"5466E4CF1D5D8C5481E577500E96881D6A9A5464","BattlEye/Text/pt.ini",3054,3054,1346,0
"5466E4CF1D5D8C5481E577500E96881D6A9A5464","BattlEye/Text/ru.ini",4901,4901,1763,0
"5466E4CF1D5D8C5481E577500E96881D6A9A5464","BattlEye/Text/tr.ini",2990,2990,1378,0
"5466E4CF1D5D8C5481E577500E96881D6A9A5464","BattlEye/Text/zh.ini",2628,2628,1425,0
"5466E4CF1D5D8C5481E577500E96881D6A9A5464","BattlEye/Text/zh-TW.ini",2628,2628,1427,0
"5466E4CF1D5D8C5481E577500E96881D6A9A5464","BattlEye/BEClient_x64.dll",5967112,5967112,5600949,0
"5466E4CF1D5D8C5481E577500E96881D6A9A5464","BattlEye/BEClient_x64.cfg",27,27,36,0
"5466E4CF1D5D8C5481E577500E96881D6A9A5464","BattlEye/BEService_x64.exe",20352680,20352680,19695974,0
"5466E4CF1D5D8C5481E577500E96881D6A9A5464","BattlEye/Licenses.txt",1128,1128,711,0
"5466E4CF1D5D8C5481E577500E96881D6A9A5464","RainbowSix_BE.exe",1457928,1457928,1008920,0
"5466E4CF1D5D8C5481E577500E96881D6A9A5464","sen_client.dll",22463160,22463160,17619983,0
"5466E4CF1D5D8C5481E577500E96881D6A9A5464","RainbowSix.exe",129934920,129934920,126960318,0
"5466E4CF1D5D8C5481E577500E96881D6A9A5464","RainbowSixHelper.exe",129934920,129934920,126960318,0
"5466E4CF1D5D8C5481E577500E96881D6A9A5464","defaultargs.dll",5436576,5436576,5081660,0
"5466E4CF1D5D8C5481E577500E96881D6A9A5464","datapc64.forge",74416128,74416128,72621059,0
"5466E4CF1D5D8C5481E577500E96881D6A9A5464","datapc64_mtx.forge",205225984,205225984,33941660,0
"5466E4CF1D5D8C5481E577500E96881D6A9A5464","datapc64_dmtx.forge",524288,524288,67741,0
"5466E4CF1D5D8C5481E577500E96881D6A9A5464","datapc64_merged_playgo_bnk_000000001_guitextures0.forge",71696384,71696384,68756564,0
"5466E4CF1D5D8C5481E577500E96881D6A9A5464","datapc64_merged_playgo_bnk_000000001_guitextures1.forge",94535680,94535680,93997805,0
"5466E4CF1D5D8C5481E577500E96881D6A9A5464","datapc64_merged_playgo_bnk_000000001_mesh.forge",13697024,13697024,6707833,0
"5466E4CF1D5D8C5481E577500E96881D6A9A5464","datapc64_merged_playgo_bnk_000000001_meshshape.forge",2293760,2293760,1268399,0
"5466E4CF1D5D8C5481E577500E96881D6A9A5464","datapc64_merged_playgo_bnk_000000001_textures0.forge",7340032,7340032,5811471,0
"5466E4CF1D5D8C5481E577500E96881D6A9A5464","datapc64_merged_playgo_bnk_000000001_textures1.forge",1572864,1572864,1517133,0
"5466E4CF1D5D8C5481E577500E96881D6A9A5464","datapc64_merged_playgo_bnk_000000001_textures2.forge",1802240,1802240,1742268,0
"5466E4CF1D5D8C5481E577500E96881D6A9A5464","datapc64_merged_playgo_bnk_000000001_textures3.forge",3145728,3145728,3101869,0
"5466E4CF1D5D8C5481E577500E96881D6A9A5464","datapc64_merged_playgo_bnk_000000002_guitextures0.forge",89587712,89587712,86733572,0
"5466E4CF1D5D8C5481E577500E96881D6A9A5464","datapc64_merged_playgo_bnk_000000002_guitextures1.forge",85295104,85295104,84622524,0
"5466E4CF1D5D8C5481E577500E96881D6A9A5464","datapc64_merged_playgo_bnk_000000002_mesh.forge",11665408,11665408,5581668,0
"5466E4CF1D5D8C5481E577500E96881D6A9A5464","datapc64_merged_playgo_bnk_000000002_meshshape.forge",2293760,2293760,1200617,0
"5466E4CF1D5D8C5481E577500E96881D6A9A5464","datapc64_merged_playgo_bnk_000000002_textures0.forge",19759104,19759104,15457919,0
"5466E4CF1D5D8C5481E577500E96881D6A9A5464","datapc64_merged_playgo_bnk_000000002_textures1.forge",9306112,9306112,9217086,0
"5466E4CF1D5D8C5481E577500E96881D6A9A5464","datapc64_merged_playgo_bnk_000000002_textures2.forge",13205504,13205504,13150416,0
"5466E4CF1D5D8C5481E577500E96881D6A9A5464","datapc64_merged_playgo_bnk_000000002_textures3.forge",20119552,20119552,20047442,0
"5466E4CF1D5D8C5481E577500E96881D6A9A5464","datapc64_merged_playgo_bnk_000000003_guitextures0.forge",222134272,222134272,216996455,0
"5466E4CF1D5D8C5481E577500E96881D6A9A5464","datapc64_merged_playgo_bnk_000000003_guitextures1.forge",125468672,125468672,124217971,0
"5466E4CF1D5D8C5481E577500E96881D6A9A5464","datapc64_merged_playgo_bnk_000000003_mesh.forge",1409024,1409024,1133292,0
"5466E4CF1D5D8C5481E577500E96881D6A9A5464","datapc64_merged_playgo_bnk_000000003_meshshape.forge",9175040,9175040,4975267,0
"5466E4CF1D5D8C5481E577500E96881D6A9A5464","datapc64_merged_playgo_bnk_000000003_textures0.forge",34701312,34701312,31769267,0
"5466E4CF1D5D8C5481E577500E96881D6A9A5464","datapc64_merged_playgo_bnk_000000003_textures1.forge",5111808,5111808,4980734,0
"5466E4CF1D5D8C5481E577500E96881D6A9A5464","datapc64_merged_playgo_bnk_000000003_textures2.forge",4259840,4259840,4165531,0
"5466E4CF1D5D8C5481E577500E96881D6A9A5464","datapc64_merged_playgo_bnk_000000003_textures3.forge",13303808,13303808,13214395,0
"5466E4CF1D5D8C5481E577500E96881D6A9A5464","datapc64_merged_playgo_bnk_101101136_guitextures0.forge",14680064,14680064,14514634,0
"5466E4CF1D5D8C5481E577500E96881D6A9A5464","datapc64_merged_playgo_bnk_101101136_guitextures1.forge",1081344,1081344,1038025,0
"5466E4CF1D5D8C5481E577500E96881D6A9A5464","datapc64_merged_playgo_bnk_101101136_mesh.forge",131072,131072,88347,0
"5466E4CF1D5D8C5481E577500E96881D6A9A5464","datapc64_merged_playgo_bnk_105038660_guitextures0.forge",75366400,75366400,74772853,0
"5466E4CF1D5D8C5481E577500E96881D6A9A5464","datapc64_merged_playgo_bnk_105038660_guitextures1.forge",2850816,2850816,2676084,0
"5466E4CF1D5D8C5481E577500E96881D6A9A5464","datapc64_merged_playgo_bnk_105038660_textures0.forge",15040512,15040512,14927118,0
"5466E4CF1D5D8C5481E577500E96881D6A9A5464","datapc64_merged_playgo_bnk_106167009_guitextures0.forge",9437184,9437184,9327951,0
"5466E4CF1D5D8C5481E577500E96881D6A9A5464","datapc64_merged_playgo_bnk_106167009_guitextures1.forge",12681216,12681216,12653794,0
"5466E4CF1D5D8C5481E577500E96881D6A9A5464","datapc64_merged_playgo_bnk_106167009_textures0.forge",1409024,1409024,1361929,0
"5466E4CF1D5D8C5481E577500E96881D6A9A5464","datapc64_merged_playgo_bnk_107686263_guitextures0.forge",1933312,1933312,1895782,0
"5466E4CF1D5D8C5481E577500E96881D6A9A5464","datapc64_merged_playgo_bnk_107686263_textures0.forge",163840,163840,109813,0
"5466E4CF1D5D8C5481E577500E96881D6A9A5464","datapc64_merged_playgo_bnk_guitextures0.forge",1504149504,1504149504,1440678096,0
"5466E4CF1D5D8C5481E577500E96881D6A9A5464","datapc64_merged_playgo_bnk_guitextures1.forge",949878784,949878784,935331932,0
"5466E4CF1D5D8C5481E577500E96881D6A9A5464","datapc64_merged_playgo_bnk_mesh.forge",82804736,82804736,57738127,0
"5466E4CF1D5D8C5481E577500E96881D6A9A5464","datapc64_merged_playgo_bnk_meshshape.forge",13041664,13041664,9914232,0
"5466E4CF1D5D8C5481E577500E96881D6A9A5464","datapc64_merged_playgo_bnk_textures0.forge",649986048,649986048,541099359,0
"5466E4CF1D5D8C5481E577500E96881D6A9A5464","datapc64_merged_playgo_bnk_textures1.forge",105578496,105578496,102663940,0
"5466E4CF1D5D8C5481E577500E96881D6A9A5464","datapc64_merged_playgo_bnk_textures2.forge",83394560,83394560,81188154,0
"5466E4CF1D5D8C5481E577500E96881D6A9A5464","datapc64_merged_playgo_bnk_textures3.forge",183271424,183271424,182045462,0
"5466E4CF1D5D8C5481E577500E96881D6A9A5464","datapc64_mtx_playgo.forge",32768,32768,2332,0
"5466E4CF1D5D8C5481E577500E96881D6A9A5464","datapc64_mtx_playgo_bnk_000000003_mesh.forge",98304,98304,75105,0
"5466E4CF1D5D8C5481E577500E96881D6A9A5464","datapc64_mtx_playgo_bnk_mesh.forge",98304,98304,75764,0
"5466E4CF1D5D8C5481E577500E96881D6A9A5464","datapc64_mtx_playgo_bnk_textures0.forge",163840,163840,116744,0
"5466E4CF1D5D8C5481E577500E96881D6A9A5464","datapc64_mtx_playgo_bnk_textures1.forge",327680,327680,284722,0
"5466E4CF1D5D8C5481E577500E96881D6A9A5464","datapc64_mtx_playgo_bnk_textures2.forge",229376,229376,194008,0
"5466E4CF1D5D8C5481E577500E96881D6A9A5464","datapc64_mtx_playgo_bnk_textures3.forge",753664,753664,734322,0
"5466E4CF1D5D8C5481E577500E96881D6A9A5464","datapc64_onb01_tutorial_playgo.forge",2195456,2195456,1964916,0
"5466E4CF1D5D8C5481E577500E96881D6A9A5464","datapc64_onb01_tutorial_playgo_bnk_gidata.forge",38338560,38338560,38307272,0
"5466E4CF1D5D8C5481E577500E96881D6A9A5464","datapc64_ondemand_playgo.forge",423198720,423198720,144884444,0
"5466E4CF1D5D8C5481E577500E96881D6A9A5464","datapc64_r6_menuworld_playgo.forge",4653056,4653056,4544322,0
"5466E4CF1D5D8C5481E577500E96881D6A9A5464","datapc64_r6_menuworld_playgo_bnk_gidata.forge",65536,65536,1494,0
"5466E4CF1D5D8C5481E577500E96881D6A9A5464","datapc64_ui_playgo.forge",154337280,154337280,137454277,0
"5466E4CF1D5D8C5481E577500E96881D6A9A5464","videos/y10s1_siege_introduction_v6.webm",188533930,188533930,179224789,0
"5466E4CF1D5D8C5481E577500E96881D6A9A5464","videos/y11s1_siege_introduction_v7_diamond.webm",79912012,79912012,76181166,0
"5466E4CF1D5D8C5481E577500E96881D6A9A5464","videos/y10s1_battlepass.webm",84859047,84859047,79205039,0
"5466E4CF1D5D8C5481E577500E96881D6A9A5464","videos/y10s2_battlepass.webm",81470837,81470837,76723531,0
"5466E4CF1D5D8C5481E577500E96881D6A9A5464","videos/y10s3_battlepass.webm",78959105,78959105,73411567,0
"5466E4CF1D5D8C5481E577500E96881D6A9A5464","videos/y10s4_battlepass.webm",103434445,103434445,97374155,0
"5466E4CF1D5D8C5481E577500E96881D6A9A5464","videos/y11s1_battlepass.webm",59356312,59356312,55066063,0
"5466E4CF1D5D8C5481E577500E96881D6A9A5464","videos/ui/y10s2_hub_core_playgo.webm",18387130,18387130,16726457,0
"5466E4CF1D5D8C5481E577500E96881D6A9A5464","videos/ui/y10s3_hub_core_playgo.webm",48695831,48695831,45521753,0
"5466E4CF1D5D8C5481E577500E96881D6A9A5464","videos/ui/y10s4_hub_core_playgo.webm",43468593,43468593,39720998,0
"5466E4CF1D5D8C5481E577500E96881D6A9A5464","videos/ui/y11s1_hub_core_playgo.webm",40221352,40221352,35974121,0
"5466E4CF1D5D8C5481E577500E96881D6A9A5464","videos/bootflow/y10s4_bootflow_logo.webm",9582163,9582163,9152207,0
"5466E4CF1D5D8C5481E577500E96881D6A9A5464","videos/y8s3_onbrd_tutorial01.webm",31455614,31455614,29771913,0
"5466E4CF1D5D8C5481E577500E96881D6A9A5464","datapc64_3c_metrics.depgraphbin",4757,4757,4767,0
"5466E4CF1D5D8C5481E577500E96881D6A9A5464","datapc64_bootstrap.depgraphbin",12373,12373,12383,0
"5466E4CF1D5D8C5481E577500E96881D6A9A5464","datapc64_dmtx.depgraphbin",1466,1466,1476,0
"5466E4CF1D5D8C5481E577500E96881D6A9A5464","datapc64_evn01_rainbowismagic_events.depgraphbin",16289,16289,16299,0
"5466E4CF1D5D8C5481E577500E96881D6A9A5464","datapc64_lgm01_heroes.depgraphbin",169409,169409,169424,0
"5466E4CF1D5D8C5481E577500E96881D6A9A5464","datapc64_mtx.depgraphbin",671088,671088,639086,0
"5466E4CF1D5D8C5481E577500E96881D6A9A5464","datapc64_mtx_playgo.depgraphbin",163,163,166,0
"5466E4CF1D5D8C5481E577500E96881D6A9A5464","datapc64_mtx_set01.depgraphbin",176,176,105,0
"5466E4CF1D5D8C5481E577500E96881D6A9A5464","datapc64_onb00_shootingrange.depgraphbin",8258,8258,8268,0
"5466E4CF1D5D8C5481E577500E96881D6A9A5464","datapc64_onb01_tutorial_playgo.depgraphbin",10420,10420,10430,0
"5466E4CF1D5D8C5481E577500E96881D6A9A5464","datapc64_onb02_tutorial_set01.depgraphbin",13878,13878,13888,0
"5466E4CF1D5D8C5481E577500E96881D6A9A5464","datapc64_ondemand.depgraphbin",1388384,1388384,1373498,0
"5466E4CF1D5D8C5481E577500E96881D6A9A5464","datapc64_ondemand_playgo.depgraphbin",140521,140521,138051,0
"5466E4CF1D5D8C5481E577500E96881D6A9A5464","datapc64_ondemand_set01.depgraphbin",17466,17466,17476,0
"5466E4CF1D5D8C5481E577500E96881D6A9A5464","datapc64_ondemand_set02.depgraphbin",13627,13627,13637,0
"5466E4CF1D5D8C5481E577500E96881D6A9A5464","datapc64_perf_house_v2.depgraphbin",24079,24079,24089,0
"5466E4CF1D5D8C5481E577500E96881D6A9A5464","datapc64_pvp01_house_v3_set01.depgraphbin",32868,32868,32878,0
"5466E4CF1D5D8C5481E577500E96881D6A9A5464","datapc64_pvp02_oregon_v2_mod_set02.depgraphbin",29760,29760,29770,0
"5466E4CF1D5D8C5481E577500E96881D6A9A5464","datapc64_pvp04_clubhouse_mod_set02.depgraphbin",32197,32197,32207,0
"5466E4CF1D5D8C5481E577500E96881D6A9A5464","datapc64_pvp05_plane_set01.depgraphbin",17927,17927,17937,0
"5466E4CF1D5D8C5481E577500E96881D6A9A5464","datapc64_pvp06_yacht.depgraphbin",26135,26135,26145,0
"5466E4CF1D5D8C5481E577500E96881D6A9A5464","datapc64_pvp07_consulate_v2_mod_set01.depgraphbin",35712,35712,35722,0
"5466E4CF1D5D8C5481E577500E96881D6A9A5464","datapc64_pvp08_bank_v2_mod.depgraphbin",30493,30493,30503,0
"5466E4CF1D5D8C5481E577500E96881D6A9A5464","datapc64_pvp09_kanal_set02.depgraphbin",31179,31179,31189,0
"5466E4CF1D5D8C5481E577500E96881D6A9A5464","datapc64_pvp10_chalet_v2_mod_set02.depgraphbin",26811,26811,26821,0
"5466E4CF1D5D8C5481E577500E96881D6A9A5464","datapc64_pvp11_university.depgraphbin",23080,23080,23090,0
"5466E4CF1D5D8C5481E577500E96881D6A9A5464","datapc64_pvp12_russiancafe_mod_set02.depgraphbin",28122,28122,28132,0
"5466E4CF1D5D8C5481E577500E96881D6A9A5464","datapc64_pvp13_border_v2_mod.depgraphbin",27155,27155,27165,0
"5466E4CF1D5D8C5481E577500E96881D6A9A5464","datapc64_pvp14_favela_v2.depgraphbin",30199,30199,30209,0
"5466E4CF1D5D8C5481E577500E96881D6A9A5464","datapc64_pvp15_temple_v2_mod.depgraphbin",26550,26550,26560,0
"5466E4CF1D5D8C5481E577500E96881D6A9A5464","datapc64_pvp16_ibiza_mod.depgraphbin",31537,31537,31547,0
"5466E4CF1D5D8C5481E577500E96881D6A9A5464","datapc64_pvp17_themepark_v2_mod.depgraphbin",27844,27844,27854,0
"5466E4CF1D5D8C5481E577500E96881D6A9A5464","datapc64_pvp19_tower.depgraphbin",33390,33390,33400,0
"5466E4CF1D5D8C5481E577500E96881D6A9A5464","datapc64_pvp20_italy_mod.depgraphbin",31731,31731,31741,0
"5466E4CF1D5D8C5481E577500E96881D6A9A5464","datapc64_pvp22_morocco_v2_mod.depgraphbin",34380,34380,34390,0
"5466E4CF1D5D8C5481E577500E96881D6A9A5464","datapc64_pvp23_australia_v2.depgraphbin",28275,28275,28285,0
"5466E4CF1D5D8C5481E577500E96881D6A9A5464","datapc64_pvp24_countryclub.depgraphbin",30746,30746,30756,0
"5466E4CF1D5D8C5481E577500E96881D6A9A5464","datapc64_pvp25_nighthaven_mod.depgraphbin",25439,25439,25449,0
"5466E4CF1D5D8C5481E577500E96881D6A9A5464","datapc64_pvp26_viperstrike_mod.depgraphbin",27161,27161,27171,0
"5466E4CF1D5D8C5481E577500E96881D6A9A5464","datapc64_pvp27_stadium2021_v2.depgraphbin",18840,18840,18850,0
"5466E4CF1D5D8C5481E577500E96881D6A9A5464","datapc64_pvp28_stadiumalpha_v2.depgraphbin",19891,19891,19901,0
"5466E4CF1D5D8C5481E577500E96881D6A9A5464","datapc64_r6_menuworld_playgo.depgraphbin",2438,2438,2448,0
"5466E4CF1D5D8C5481E577500E96881D6A9A5464","datapc64_tdm01_mtown.depgraphbin",11983,11983,11993,0
"5466E4CF1D5D8C5481E577500E96881D6A9A5464","datapc64_ui_playgo.depgraphbin",102602,102602,92920,0
"5466E4CF1D5D8C5481E577500E96881D6A9A5464","datapc64_merged_playgo_bnk_000000003_soundmedia.forge",42893312,42893312,42612493,0
"5466E4CF1D5D8C5481E577500E96881D6A9A5464","datapc64_merged_playgo_bnk_105038660_soundmedia.forge",6717440,6717440,6655738,0
"5466E4CF1D5D8C5481E577500E96881D6A9A5464","datapc64_merged_playgo_bnk_106167009_soundmedia.forge",622592,622592,452599,0
"5466E4CF1D5D8C5481E577500E96881D6A9A5464","datapc64_merged_playgo_bnk_soundmedia.forge",839745536,839745536,798776700,0
"5466E4CF1D5D8C5481E577500E96881D6A9A5464","datapc64_merged_playgo_bnk_000000003_soundbank.forge",3112960,3112960,2787007,0
"5466E4CF1D5D8C5481E577500E96881D6A9A5464","datapc64_merged_playgo_bnk_105038660_soundbank.forge",327680,327680,210184,0
"5466E4CF1D5D8C5481E577500E96881D6A9A5464","datapc64_merged_playgo_bnk_106167009_soundbank.forge",327680,327680,157695,0
"5466E4CF1D5D8C5481E577500E96881D6A9A5464","datapc64_merged_playgo_bnk_soundbank.forge",272203776,272203776,211684820,0
"5466E4CF1D5D8C5481E577500E96881D6A9A5464","datapc64_merged_playgo_bnk_000000003_soundbank_en-us.forge",425984,425984,265357,1
"5466E4CF1D5D8C5481E577500E96881D6A9A5464","datapc64_merged_playgo_bnk_000000003_soundmedia_en-us.forge",1081344,1081344,992630,1
"5466E4CF1D5D8C5481E577500E96881D6A9A5464","datapc64_merged_playgo_bnk_104622021_soundbank_en-us.forge",65536,65536,48343,1
"5466E4CF1D5D8C5481E577500E96881D6A9A5464","datapc64_merged_playgo_bnk_104622021_soundmedia_en-us.forge",32768,32768,9285,1
"5466E4CF1D5D8C5481E577500E96881D6A9A5464","datapc64_merged_playgo_bnk_105038660_soundbank_en-us.forge",196608,196608,123782,1
"5466E4CF1D5D8C5481E577500E96881D6A9A5464","datapc64_merged_playgo_bnk_105038660_soundmedia_en-us.forge",65536,65536,20663,1
"5466E4CF1D5D8C5481E577500E96881D6A9A5464","datapc64_merged_playgo_bnk_106167009_soundbank_en-us.forge",65536,65536,48393,1
"5466E4CF1D5D8C5481E577500E96881D6A9A5464","datapc64_merged_playgo_bnk_106167009_soundmedia_en-us.forge",32768,32768,11050,1
"5466E4CF1D5D8C5481E577500E96881D6A9A5464","datapc64_merged_playgo_bnk_soundbank_en-us.forge",5505024,5505024,3392257,1
"5466E4CF1D5D8C5481E577500E96881D6A9A5464","datapc64_merged_playgo_bnk_soundmedia_en-us.forge",79626240,79626240,69558696,1
"5466E4CF1D5D8C5481E577500E96881D6A9A5464","datapc64_merged_playgo_bnk_000000003_soundbank_fr-fr.forge",393216,393216,251298,2
"5466E4CF1D5D8C5481E577500E96881D6A9A5464","datapc64_merged_playgo_bnk_000000003_soundmedia_fr-fr.forge",1081344,1081344,969963,2
"5466E4CF1D5D8C5481E577500E96881D6A9A5464","datapc64_merged_playgo_bnk_105038660_soundbank_fr-fr.forge",163840,163840,86885,2
"5466E4CF1D5D8C5481E577500E96881D6A9A5464","datapc64_merged_playgo_bnk_106167009_soundbank_fr-fr.forge",65536,65536,48518,2
"5466E4CF1D5D8C5481E577500E96881D6A9A5464","datapc64_merged_playgo_bnk_106167009_soundmedia_fr-fr.forge",32768,32768,10827,2
"5466E4CF1D5D8C5481E577500E96881D6A9A5464","datapc64_merged_playgo_bnk_107686263_soundbank_fr-fr.forge",65536,65536,48514,2
"5466E4CF1D5D8C5481E577500E96881D6A9A5464","datapc64_merged_playgo_bnk_107686263_soundmedia_fr-fr.forge",32768,32768,10653,2
"5466E4CF1D5D8C5481E577500E96881D6A9A5464","datapc64_merged_playgo_bnk_soundbank_fr-fr.forge",5373952,5373952,3321532,2
"5466E4CF1D5D8C5481E577500E96881D6A9A5464","datapc64_merged_playgo_bnk_soundmedia_fr-fr.forge",75661312,75661312,65570901,2
"5466E4CF1D5D8C5481E577500E96881D6A9A5464","datapc64_merged_playgo_bnk_000000003_soundbank_it-it.forge",491520,491520,339051,3
"5466E4CF1D5D8C5481E577500E96881D6A9A5464","datapc64_merged_playgo_bnk_000000003_soundmedia_it-it.forge",1310720,1310720,1187170,3
"5466E4CF1D5D8C5481E577500E96881D6A9A5464","datapc64_merged_playgo_bnk_104622021_soundbank_it-it.forge",32768,32768,9608,3
"5466E4CF1D5D8C5481E577500E96881D6A9A5464","datapc64_merged_playgo_bnk_104622021_soundmedia_it-it.forge",65536,65536,48066,3
"5466E4CF1D5D8C5481E577500E96881D6A9A5464","datapc64_merged_playgo_bnk_105038660_soundbank_it-it.forge",163840,163840,89751,3
"5466E4CF1D5D8C5481E577500E96881D6A9A5464","datapc64_merged_playgo_bnk_106167009_soundbank_it-it.forge",65536,65536,48547,3
"5466E4CF1D5D8C5481E577500E96881D6A9A5464","datapc64_merged_playgo_bnk_106167009_soundmedia_it-it.forge",65536,65536,33870,3
"5466E4CF1D5D8C5481E577500E96881D6A9A5464","datapc64_merged_playgo_bnk_107686263_soundbank_it-it.forge",65536,65536,48543,3
"5466E4CF1D5D8C5481E577500E96881D6A9A5464","datapc64_merged_playgo_bnk_107686263_soundmedia_it-it.forge",65536,65536,33579,3
"5466E4CF1D5D8C5481E577500E96881D6A9A5464","datapc64_merged_playgo_bnk_soundbank_it-it.forge",5734400,5734400,3693587,3
"5466E4CF1D5D8C5481E577500E96881D6A9A5464","datapc64_merged_playgo_bnk_soundmedia_it-it.forge",82313216,82313216,72203622,3
"5466E4CF1D5D8C5481E577500E96881D6A9A5464","datapc64_merged_playgo_bnk_000000003_soundbank_de-de.forge",425984,425984,260139,4
"5466E4CF1D5D8C5481E577500E96881D6A9A5464","datapc64_merged_playgo_bnk_000000003_soundmedia_de-de.forge",1114112,1114112,1016096,4
"5466E4CF1D5D8C5481E577500E96881D6A9A5464","datapc64_merged_playgo_bnk_105038660_soundbank_de-de.forge",196608,196608,134543,4
"5466E4CF1D5D8C5481E577500E96881D6A9A5464","datapc64_merged_playgo_bnk_105038660_soundmedia_de-de.forge",32768,32768,18760,4
"5466E4CF1D5D8C5481E577500E96881D6A9A5464","datapc64_merged_playgo_bnk_106167009_soundbank_de-de.forge",65536,65536,48419,4
"5466E4CF1D5D8C5481E577500E96881D6A9A5464","datapc64_merged_playgo_bnk_106167009_soundmedia_de-de.forge",32768,32768,18941,4
"5466E4CF1D5D8C5481E577500E96881D6A9A5464","datapc64_merged_playgo_bnk_soundbank_de-de.forge",5636096,5636096,3549110,4
"5466E4CF1D5D8C5481E577500E96881D6A9A5464","datapc64_merged_playgo_bnk_soundmedia_de-de.forge",81362944,81362944,71302497,4
"5466E4CF1D5D8C5481E577500E96881D6A9A5464","datapc64_merged_playgo_bnk_000000003_soundbank_es-es.forge",425984,425984,275770,5
"5466E4CF1D5D8C5481E577500E96881D6A9A5464","datapc64_merged_playgo_bnk_000000003_soundmedia_es-es.forge",1179648,1179648,1083103,5
"5466E4CF1D5D8C5481E577500E96881D6A9A5464","datapc64_merged_playgo_bnk_105038660_soundbank_es-es.forge",229376,229376,147382,5
"5466E4CF1D5D8C5481E577500E96881D6A9A5464","datapc64_merged_playgo_bnk_105038660_soundmedia_es-es.forge",32768,32768,18006,5
"5466E4CF1D5D8C5481E577500E96881D6A9A5464","datapc64_merged_playgo_bnk_106167009_soundbank_es-es.forge",65536,65536,48496,5
"5466E4CF1D5D8C5481E577500E96881D6A9A5464","datapc64_merged_playgo_bnk_106167009_soundmedia_es-es.forge",65536,65536,39314,5
"5466E4CF1D5D8C5481E577500E96881D6A9A5464","datapc64_merged_playgo_bnk_107686263_soundbank_es-es.forge",65536,65536,48493,5
"5466E4CF1D5D8C5481E577500E96881D6A9A5464","datapc64_merged_playgo_bnk_107686263_soundmedia_es-es.forge",65536,65536,21743,5
"5466E4CF1D5D8C5481E577500E96881D6A9A5464","datapc64_merged_playgo_bnk_soundbank_es-es.forge",5701632,5701632,3693229,5
"5466E4CF1D5D8C5481E577500E96881D6A9A5464","datapc64_merged_playgo_bnk_soundmedia_es-es.forge",85426176,85426176,75324826,5
"5466E4CF1D5D8C5481E577500E96881D6A9A5464","datapc64_merged_playgo_bnk_000000003_soundbank_es-mx.forge",491520,491520,333592,6
"5466E4CF1D5D8C5481E577500E96881D6A9A5464","datapc64_merged_playgo_bnk_000000003_soundmedia_es-mx.forge",1212416,1212416,1099483,6
"5466E4CF1D5D8C5481E577500E96881D6A9A5464","datapc64_merged_playgo_bnk_104622021_soundbank_es-mx.forge",65536,65536,48315,6
"5466E4CF1D5D8C5481E577500E96881D6A9A5464","datapc64_merged_playgo_bnk_104622021_soundmedia_es-mx.forge",32768,32768,13234,6
"5466E4CF1D5D8C5481E577500E96881D6A9A5464","datapc64_merged_playgo_bnk_105038660_soundbank_es-mx.forge",229376,229376,144687,6
"5466E4CF1D5D8C5481E577500E96881D6A9A5464","datapc64_merged_playgo_bnk_105038660_soundmedia_es-mx.forge",65536,65536,24456,6
"5466E4CF1D5D8C5481E577500E96881D6A9A5464","datapc64_merged_playgo_bnk_106167009_soundbank_es-mx.forge",65536,65536,48367,6
"5466E4CF1D5D8C5481E577500E96881D6A9A5464","datapc64_merged_playgo_bnk_106167009_soundmedia_es-mx.forge",65536,65536,24546,6
"5466E4CF1D5D8C5481E577500E96881D6A9A5464","datapc64_merged_playgo_bnk_soundbank_es-mx.forge",5832704,5832704,3890005,6
"5466E4CF1D5D8C5481E577500E96881D6A9A5464","datapc64_merged_playgo_bnk_soundmedia_es-mx.forge",87687168,87687168,77668290,6
"5466E4CF1D5D8C5481E577500E96881D6A9A5464","datapc64_merged_playgo_bnk_000000003_soundbank_pt-br.forge",458752,458752,314729,7
"5466E4CF1D5D8C5481E577500E96881D6A9A5464","datapc64_merged_playgo_bnk_000000003_soundmedia_pt-br.forge",1179648,1179648,1061672,7
"5466E4CF1D5D8C5481E577500E96881D6A9A5464","datapc64_merged_playgo_bnk_104622021_soundbank_pt-br.forge",65536,65536,48237,7
"5466E4CF1D5D8C5481E577500E96881D6A9A5464","datapc64_merged_playgo_bnk_104622021_soundmedia_pt-br.forge",32768,32768,16021,7
"5466E4CF1D5D8C5481E577500E96881D6A9A5464","datapc64_merged_playgo_bnk_105038660_soundbank_pt-br.forge",163840,163840,84883,7
"5466E4CF1D5D8C5481E577500E96881D6A9A5464","datapc64_merged_playgo_bnk_106167009_soundmedia_pt-br.forge",32768,32768,16214,7
"5466E4CF1D5D8C5481E577500E96881D6A9A5464","datapc64_merged_playgo_bnk_107686263_soundmedia_pt-br.forge",32768,32768,16270,7
"5466E4CF1D5D8C5481E577500E96881D6A9A5464","datapc64_merged_playgo_bnk_soundbank_pt-br.forge",5865472,5865472,3774200,7
"5466E4CF1D5D8C5481E577500E96881D6A9A5464","datapc64_merged_playgo_bnk_soundmedia_pt-br.forge",79233024,79233024,69214319,7
"5466E4CF1D5D8C5481E577500E96881D6A9A5464","datapc64_merged_playgo_bnk_000000003_soundbank_ja-jp.forge",425984,425984,255054,8
"5466E4CF1D5D8C5481E577500E96881D6A9A5464","datapc64_merged_playgo_bnk_000000003_soundmedia_ja-jp.forge",1114112,1114112,1002735,8
"5466E4CF1D5D8C5481E577500E96881D6A9A5464","datapc64_merged_playgo_bnk_104622021_soundbank_ja-jp.forge",65536,65536,48345,8
"5466E4CF1D5D8C5481E577500E96881D6A9A5464","datapc64_merged_playgo_bnk_104622021_soundmedia_ja-jp.forge",32768,32768,19667,8
"5466E4CF1D5D8C5481E577500E96881D6A9A5464","datapc64_merged_playgo_bnk_105038660_soundbank_ja-jp.forge",196608,196608,131252,8
"5466E4CF1D5D8C5481E577500E96881D6A9A5464","datapc64_merged_playgo_bnk_105038660_soundmedia_ja-jp.forge",65536,65536,33816,8
"5466E4CF1D5D8C5481E577500E96881D6A9A5464","datapc64_merged_playgo_bnk_106167009_soundbank_ja-jp.forge",65536,65536,48397,8
"5466E4CF1D5D8C5481E577500E96881D6A9A5464","datapc64_merged_playgo_bnk_106167009_soundmedia_ja-jp.forge",32768,32768,14663,8
"5466E4CF1D5D8C5481E577500E96881D6A9A5464","datapc64_merged_playgo_bnk_soundbank_ja-jp.forge",5537792,5537792,3442375,8
"5466E4CF1D5D8C5481E577500E96881D6A9A5464","datapc64_merged_playgo_bnk_soundmedia_ja-jp.forge",73498624,73498624,63467293,8
"5466E4CF1D5D8C5481E577500E96881D6A9A5464","datapc64_merged_playgo_bnk_000000003_soundbank_ru-ru.forge",425984,425984,268902,9
"5466E4CF1D5D8C5481E577500E96881D6A9A5464","datapc64_merged_playgo_bnk_000000003_soundmedia_ru-ru.forge",1146880,1146880,1037978,9
"5466E4CF1D5D8C5481E577500E96881D6A9A5464","datapc64_merged_playgo_bnk_105038660_soundbank_ru-ru.forge",196608,196608,133175,9
"5466E4CF1D5D8C5481E577500E96881D6A9A5464","datapc64_merged_playgo_bnk_105038660_soundmedia_ru-ru.forge",32768,32768,13248,9
"5466E4CF1D5D8C5481E577500E96881D6A9A5464","datapc64_merged_playgo_bnk_106167009_soundbank_ru-ru.forge",65536,65536,48420,9
"5466E4CF1D5D8C5481E577500E96881D6A9A5464","datapc64_merged_playgo_bnk_106167009_soundmedia_ru-ru.forge",32768,32768,13268,9
"5466E4CF1D5D8C5481E577500E96881D6A9A5464","datapc64_merged_playgo_bnk_soundbank_ru-ru.forge",4849664,4849664,2998463,9
"5466E4CF1D5D8C5481E577500E96881D6A9A5464","datapc64_merged_playgo_bnk_soundmedia_ru-ru.forge",76152832,76152832,66027993,9
"5466E4CF1D5D8C5481E577500E96881D6A9A5464","datapc64_ondemand_set01.forge",24870912,24870912,21939626,10
"5466E4CF1D5D8C5481E577500E96881D6A9A5464","datapc64_mtx_set01.forge",32768,32768,2664,10
"5466E4CF1D5D8C5481E577500E96881D6A9A5464","datapc64_mtx_set01_bnk_mesh.forge",196608,196608,155723,10
"5466E4CF1D5D8C5481E577500E96881D6A9A5464","datapc64_mtx_set01_bnk_textures0.forge",32768,32768,7730,10
"5466E4CF1D5D8C5481E577500E96881D6A9A5464","datapc64_mtx_set01_bnk_textures3.forge",32768,32768,10543,10
"5466E4CF1D5D8C5481E577500E96881D6A9A5464","datapc64_merged_set01_bnk_000000001_guitextures0.forge",9699328,9699328,9653487,10
"5466E4CF1D5D8C5481E577500E96881D6A9A5464","datapc64_merged_set01_bnk_000000001_guitextures1.forge",2883584,2883584,2857647,10
"5466E4CF1D5D8C5481E577500E96881D6A9A5464","datapc64_merged_set01_bnk_000000001_mesh.forge",27623424,27623424,16989063,10
"5466E4CF1D5D8C5481E577500E96881D6A9A5464","datapc64_merged_set01_bnk_000000001_meshshape.forge",30539776,30539776,22530283,10
"5466E4CF1D5D8C5481E577500E96881D6A9A5464","datapc64_merged_set01_bnk_000000001_textures0.forge",126222336,126222336,124763124,10
"5466E4CF1D5D8C5481E577500E96881D6A9A5464","datapc64_merged_set01_bnk_000000001_textures1.forge",235732992,235732992,234117960,10
"5466E4CF1D5D8C5481E577500E96881D6A9A5464","datapc64_merged_set01_bnk_000000001_textures2.forge",285736960,285736960,285112285,10
"5466E4CF1D5D8C5481E577500E96881D6A9A5464","datapc64_merged_set01_bnk_000000001_textures3.forge",559251456,559251456,558738539,10
"5466E4CF1D5D8C5481E577500E96881D6A9A5464","datapc64_merged_set01_bnk_000000002_guitextures0.forge",5505024,5505024,5469134,10
"5466E4CF1D5D8C5481E577500E96881D6A9A5464","datapc64_merged_set01_bnk_000000002_guitextures1.forge",2064384,2064384,2047997,10
"5466E4CF1D5D8C5481E577500E96881D6A9A5464","datapc64_merged_set01_bnk_000000002_mesh.forge",27525120,27525120,21338059,10
"5466E4CF1D5D8C5481E577500E96881D6A9A5464","datapc64_merged_set01_bnk_000000002_meshshape.forge",26738688,26738688,17489299,10
"5466E4CF1D5D8C5481E577500E96881D6A9A5464","datapc64_merged_set01_bnk_000000002_textures0.forge",48693248,48693248,47381339,10
"5466E4CF1D5D8C5481E577500E96881D6A9A5464","datapc64_merged_set01_bnk_000000002_textures1.forge",49086464,49086464,48235118,10
"5466E4CF1D5D8C5481E577500E96881D6A9A5464","datapc64_merged_set01_bnk_000000002_textures2.forge",41680896,41680896,40994984,10
"5466E4CF1D5D8C5481E577500E96881D6A9A5464","datapc64_merged_set01_bnk_000000002_textures3.forge",95092736,95092736,94598038,10
"5466E4CF1D5D8C5481E577500E96881D6A9A5464","datapc64_merged_set01_bnk_000000003_guitextures0.forge",32768,32768,1460,10
"5466E4CF1D5D8C5481E577500E96881D6A9A5464","datapc64_merged_set01_bnk_000000003_guitextures1.forge",32768,32768,1684,10
"5466E4CF1D5D8C5481E577500E96881D6A9A5464","datapc64_merged_set01_bnk_000000003_mesh.forge",9076736,9076736,6747198,10
"5466E4CF1D5D8C5481E577500E96881D6A9A5464","datapc64_merged_set01_bnk_000000003_meshshape.forge",81297408,81297408,53579151,10
"5466E4CF1D5D8C5481E577500E96881D6A9A5464","datapc64_merged_set01_bnk_000000003_textures0.forge",8093696,8093696,7742713,10
"5466E4CF1D5D8C5481E577500E96881D6A9A5464","datapc64_merged_set01_bnk_000000003_textures1.forge",30834688,30834688,30582516,10
"5466E4CF1D5D8C5481E577500E96881D6A9A5464","datapc64_merged_set01_bnk_000000003_textures2.forge",39813120,39813120,39483581,10
"5466E4CF1D5D8C5481E577500E96881D6A9A5464","datapc64_merged_set01_bnk_000000003_textures3.forge",68911104,68911104,68777266,10
"5466E4CF1D5D8C5481E577500E96881D6A9A5464","datapc64_merged_set01_bnk_101101136_mesh.forge",32768,32768,4045,10
"5466E4CF1D5D8C5481E577500E96881D6A9A5464","datapc64_merged_set01_bnk_101101136_meshshape.forge",32768,32768,10404,10
"5466E4CF1D5D8C5481E577500E96881D6A9A5464","datapc64_merged_set01_bnk_105038660_mesh.forge",360448,360448,199439,10
"5466E4CF1D5D8C5481E577500E96881D6A9A5464","datapc64_merged_set01_bnk_105038660_meshshape.forge",32768,32768,2131,10
"5466E4CF1D5D8C5481E577500E96881D6A9A5464","datapc64_merged_set01_bnk_106167009_mesh.forge",425984,425984,313715,10
"5466E4CF1D5D8C5481E577500E96881D6A9A5464","datapc64_merged_set01_bnk_106167009_meshshape.forge",6619136,6619136,1634345,10
"5466E4CF1D5D8C5481E577500E96881D6A9A5464","datapc64_merged_set01_bnk_107686263_mesh.forge",32768,32768,1848,10
"5466E4CF1D5D8C5481E577500E96881D6A9A5464","datapc64_merged_set01_bnk_107686263_meshshape.forge",5865472,5865472,1341175,10
"5466E4CF1D5D8C5481E577500E96881D6A9A5464","datapc64_merged_set01_bnk_guitextures0.forge",12877824,12877824,12745667,10
"5466E4CF1D5D8C5481E577500E96881D6A9A5464","datapc64_merged_set01_bnk_guitextures1.forge",98304,98304,38693,10
"5466E4CF1D5D8C5481E577500E96881D6A9A5464","datapc64_merged_set01_bnk_mesh.forge",170721280,170721280,131972735,10
"5466E4CF1D5D8C5481E577500E96881D6A9A5464","datapc64_merged_set01_bnk_meshshape.forge",102465536,102465536,86070297,10
"5466E4CF1D5D8C5481E577500E96881D6A9A5464","datapc64_merged_set01_bnk_textures0.forge",245792768,245792768,234834736,10
"5466E4CF1D5D8C5481E577500E96881D6A9A5464","datapc64_merged_set01_bnk_textures1.forge",204800000,204800000,198437929,10
"5466E4CF1D5D8C5481E577500E96881D6A9A5464","datapc64_merged_set01_bnk_textures2.forge",186318848,186318848,181704823,10
"5466E4CF1D5D8C5481E577500E96881D6A9A5464","datapc64_merged_set01_bnk_textures3.forge",456654848,456654848,453230039,10
"5466E4CF1D5D8C5481E577500E96881D6A9A5464","videos/y8s3_onbrd_tutorial02.webm",31570774,31570774,29922490,10
"5466E4CF1D5D8C5481E577500E96881D6A9A5464","datapc64_onb02_tutorial.forge",3276800,3276800,2985804,10
"5466E4CF1D5D8C5481E577500E96881D6A9A5464","datapc64_onb02_tutorial_set01_bnk_gidata.forge",22052864,22052864,22019704,10
"5466E4CF1D5D8C5481E577500E96881D6A9A5464","datapc64_merged_set01_bnk_000000003_soundmedia.forge",11042816,11042816,8502230,10
"5466E4CF1D5D8C5481E577500E96881D6A9A5464","datapc64_merged_set01_bnk_107686263_soundmedia.forge",294912,294912,243164,10
"5466E4CF1D5D8C5481E577500E96881D6A9A5464","datapc64_merged_set01_bnk_soundmedia.forge",110559232,110559232,101736646,10
"5466E4CF1D5D8C5481E577500E96881D6A9A5464","datapc64_merged_set01_bnk_000000003_soundbank.forge",3768320,3768320,3630361,10
"5466E4CF1D5D8C5481E577500E96881D6A9A5464","datapc64_merged_set01_bnk_107686263_soundbank.forge",32768,32768,912,10
"5466E4CF1D5D8C5481E577500E96881D6A9A5464","datapc64_merged_set01_bnk_soundbank.forge",57376768,57376768,51279031,10
"5466E4CF1D5D8C5481E577500E96881D6A9A5464","datapc64_pvp01_house_v3.forge",8683520,8683520,8381559,10
"5466E4CF1D5D8C5481E577500E96881D6A9A5464","datapc64_pvp01_house_v3_set01_bnk_gidata.forge",23298048,23298048,23260228,10
"5466E4CF1D5D8C5481E577500E96881D6A9A5464","datapc64_merged_set01_bnk_000000003_soundbank_en-us.forge",65536,65536,30318,11
"5466E4CF1D5D8C5481E577500E96881D6A9A5464","datapc64_merged_set01_bnk_000000003_soundmedia_en-us.forge",65536,65536,36451,11
"5466E4CF1D5D8C5481E577500E96881D6A9A5464","datapc64_merged_set01_bnk_soundbank_en-us.forge",1802240,1802240,1278187,11
"5466E4CF1D5D8C5481E577500E96881D6A9A5464","datapc64_merged_set01_bnk_soundmedia_en-us.forge",12255232,12255232,10060331,11
"5466E4CF1D5D8C5481E577500E96881D6A9A5464","datapc64_merged_set01_bnk_000000003_soundbank_fr-fr.forge",65536,65536,30428,12
"5466E4CF1D5D8C5481E577500E96881D6A9A5464","datapc64_merged_set01_bnk_000000003_soundmedia_fr-fr.forge",65536,65536,37558,12
"5466E4CF1D5D8C5481E577500E96881D6A9A5464","datapc64_merged_set01_bnk_soundbank_fr-fr.forge",2064384,2064384,1447992,12
"5466E4CF1D5D8C5481E577500E96881D6A9A5464","datapc64_merged_set01_bnk_soundmedia_fr-fr.forge",12451840,12451840,10341817,12
"5466E4CF1D5D8C5481E577500E96881D6A9A5464","datapc64_merged_set01_bnk_000000003_soundbank_it-it.forge",65536,65536,30188,13
"5466E4CF1D5D8C5481E577500E96881D6A9A5464","datapc64_merged_set01_bnk_000000003_soundmedia_it-it.forge",65536,65536,41601,13
"5466E4CF1D5D8C5481E577500E96881D6A9A5464","datapc64_merged_set01_bnk_soundbank_it-it.forge",2129920,2129920,1552630,13
"5466E4CF1D5D8C5481E577500E96881D6A9A5464","datapc64_merged_set01_bnk_soundmedia_it-it.forge",13139968,13139968,11049433,13
"5466E4CF1D5D8C5481E577500E96881D6A9A5464","datapc64_merged_set01_bnk_000000003_soundbank_de-de.forge",65536,65536,30187,14
"5466E4CF1D5D8C5481E577500E96881D6A9A5464","datapc64_merged_set01_bnk_000000003_soundmedia_de-de.forge",65536,65536,38243,14
"5466E4CF1D5D8C5481E577500E96881D6A9A5464","datapc64_merged_set01_bnk_soundbank_de-de.forge",2228224,2228224,1580923,14
"5466E4CF1D5D8C5481E577500E96881D6A9A5464","datapc64_merged_set01_bnk_soundmedia_de-de.forge",13008896,13008896,10885783,14
"5466E4CF1D5D8C5481E577500E96881D6A9A5464","datapc64_merged_set01_bnk_000000003_soundbank_es-es.forge",65536,65536,30347,15
"5466E4CF1D5D8C5481E577500E96881D6A9A5464","datapc64_merged_set01_bnk_000000003_soundmedia_es-es.forge",65536,65536,38246,15
"5466E4CF1D5D8C5481E577500E96881D6A9A5464","datapc64_merged_set01_bnk_soundbank_es-es.forge",2293760,2293760,1667702,15
"5466E4CF1D5D8C5481E577500E96881D6A9A5464","datapc64_merged_set01_bnk_soundmedia_es-es.forge",13631488,13631488,11465698,15
"5466E4CF1D5D8C5481E577500E96881D6A9A5464","datapc64_merged_set01_bnk_000000003_soundbank_es-mx.forge",229376,229376,148682,16
"5466E4CF1D5D8C5481E577500E96881D6A9A5464","datapc64_merged_set01_bnk_000000003_soundmedia_es-mx.forge",458752,458752,322843,16
"5466E4CF1D5D8C5481E577500E96881D6A9A5464","datapc64_merged_set01_bnk_soundbank_es-mx.forge",2293760,2293760,1644774,16
"5466E4CF1D5D8C5481E577500E96881D6A9A5464","datapc64_merged_set01_bnk_soundmedia_es-mx.forge",13500416,13500416,11390852,16
"5466E4CF1D5D8C5481E577500E96881D6A9A5464","datapc64_merged_set01_bnk_000000003_soundbank_pt-br.forge",65536,65536,30395,17
"5466E4CF1D5D8C5481E577500E96881D6A9A5464","datapc64_merged_set01_bnk_000000003_soundmedia_pt-br.forge",65536,65536,38458,17
"5466E4CF1D5D8C5481E577500E96881D6A9A5464","datapc64_merged_set01_bnk_soundbank_pt-br.forge",2228224,2228224,1628273,17
"5466E4CF1D5D8C5481E577500E96881D6A9A5464","datapc64_merged_set01_bnk_soundmedia_pt-br.forge",13467648,13467648,11304234,17
"5466E4CF1D5D8C5481E577500E96881D6A9A5464","datapc64_merged_set01_bnk_000000003_soundbank_ja-jp.forge",65536,65536,30331,18
"5466E4CF1D5D8C5481E577500E96881D6A9A5464","datapc64_merged_set01_bnk_000000003_soundmedia_ja-jp.forge",65536,65536,33625,18
"5466E4CF1D5D8C5481E577500E96881D6A9A5464","datapc64_merged_set01_bnk_soundbank_ja-jp.forge",2097152,2097152,1492152,18
"5466E4CF1D5D8C5481E577500E96881D6A9A5464","datapc64_merged_set01_bnk_soundmedia_ja-jp.forge",12550144,12550144,10447589,18
"5466E4CF1D5D8C5481E577500E96881D6A9A5464","datapc64_merged_set01_bnk_000000003_soundbank_ru-ru.forge",65536,65536,30418,19
"5466E4CF1D5D8C5481E577500E96881D6A9A5464","datapc64_merged_set01_bnk_000000003_soundmedia_ru-ru.forge",65536,65536,38343,19
"5466E4CF1D5D8C5481E577500E96881D6A9A5464","datapc64_merged_set01_bnk_soundbank_ru-ru.forge",2031616,2031616,1439947,19
"5466E4CF1D5D8C5481E577500E96881D6A9A5464","datapc64_merged_set01_bnk_soundmedia_ru-ru.forge",11632640,11632640,9499403,19
"5466E4CF1D5D8C5481E577500E96881D6A9A5464","datapc64_pvp05_plane.forge",5210112,5210112,4900578,20
"5466E4CF1D5D8C5481E577500E96881D6A9A5464","datapc64_pvp05_plane_set01_bnk_gidata.forge",87195648,87195648,87171507,20
"5466E4CF1D5D8C5481E577500E96881D6A9A5464","datapc64_ondemand_set02.forge",12746752,12746752,11304523,22
"5466E4CF1D5D8C5481E577500E96881D6A9A5464","datapc64_merged_set02_bnk_000000001_guitextures0.forge",8093696,8093696,8034492,22
"5466E4CF1D5D8C5481E577500E96881D6A9A5464","datapc64_merged_set02_bnk_000000001_guitextures1.forge",1146880,1146880,1105642,22
"5466E4CF1D5D8C5481E577500E96881D6A9A5464","datapc64_merged_set02_bnk_000000001_mesh.forge",53018624,53018624,35628224,22
"5466E4CF1D5D8C5481E577500E96881D6A9A5464","datapc64_merged_set02_bnk_000000001_meshshape.forge",46071808,46071808,33078320,22
"5466E4CF1D5D8C5481E577500E96881D6A9A5464","datapc64_merged_set02_bnk_000000001_textures0.forge",79167488,79167488,77230454,22
"5466E4CF1D5D8C5481E577500E96881D6A9A5464","datapc64_merged_set02_bnk_000000001_textures1.forge",133234688,133234688,131901191,22
"5466E4CF1D5D8C5481E577500E96881D6A9A5464","datapc64_merged_set02_bnk_000000001_textures2.forge",135135232,135135232,134324373,22
"5466E4CF1D5D8C5481E577500E96881D6A9A5464","datapc64_merged_set02_bnk_000000001_textures3.forge",308084736,308084736,307359976,22
"5466E4CF1D5D8C5481E577500E96881D6A9A5464","datapc64_merged_set02_bnk_000000002_mesh.forge",6029312,6029312,4458136,22
"5466E4CF1D5D8C5481E577500E96881D6A9A5464","datapc64_merged_set02_bnk_000000002_meshshape.forge",19529728,19529728,11400080,22
"5466E4CF1D5D8C5481E577500E96881D6A9A5464","datapc64_merged_set02_bnk_000000002_textures0.forge",1703936,1703936,1618771,22
"5466E4CF1D5D8C5481E577500E96881D6A9A5464","datapc64_merged_set02_bnk_000000002_textures1.forge",7372800,7372800,7301466,22
"5466E4CF1D5D8C5481E577500E96881D6A9A5464","datapc64_merged_set02_bnk_000000002_textures2.forge",10289152,10289152,10237380,22
"5466E4CF1D5D8C5481E577500E96881D6A9A5464","datapc64_merged_set02_bnk_000000002_textures3.forge",16351232,16351232,16305201,22
"5466E4CF1D5D8C5481E577500E96881D6A9A5464","datapc64_merged_set02_bnk_000000003_guitextures0.forge",3768320,3768320,3724125,22
"5466E4CF1D5D8C5481E577500E96881D6A9A5464","datapc64_merged_set02_bnk_000000003_mesh.forge",20840448,20840448,14387326,22
"5466E4CF1D5D8C5481E577500E96881D6A9A5464","datapc64_merged_set02_bnk_000000003_meshshape.forge",82771968,82771968,49614859,22
"5466E4CF1D5D8C5481E577500E96881D6A9A5464","datapc64_merged_set02_bnk_000000003_textures0.forge",91095040,91095040,89954156,22
"5466E4CF1D5D8C5481E577500E96881D6A9A5464","datapc64_merged_set02_bnk_000000003_textures1.forge",168460288,168460288,167770136,22
"5466E4CF1D5D8C5481E577500E96881D6A9A5464","datapc64_merged_set02_bnk_000000003_textures2.forge",163577856,163577856,163174586,22
"5466E4CF1D5D8C5481E577500E96881D6A9A5464","datapc64_merged_set02_bnk_000000003_textures3.forge",410255360,410255360,409884332,22
"5466E4CF1D5D8C5481E577500E96881D6A9A5464","datapc64_merged_set02_bnk_101101136_mesh.forge",196608,196608,153668,22
"5466E4CF1D5D8C5481E577500E96881D6A9A5464","datapc64_merged_set02_bnk_101101136_meshshape.forge",229376,229376,195586,22
"5466E4CF1D5D8C5481E577500E96881D6A9A5464","datapc64_merged_set02_bnk_101101136_textures0.forge",229376,229376,193583,22
"5466E4CF1D5D8C5481E577500E96881D6A9A5464","datapc64_merged_set02_bnk_101101136_textures1.forge",950272,950272,925126,22
"5466E4CF1D5D8C5481E577500E96881D6A9A5464","datapc64_merged_set02_bnk_101101136_textures2.forge",983040,983040,961860,22
"5466E4CF1D5D8C5481E577500E96881D6A9A5464","datapc64_merged_set02_bnk_101101136_textures3.forge",2326528,2326528,2293127,22
"5466E4CF1D5D8C5481E577500E96881D6A9A5464","datapc64_merged_set02_bnk_105038660_mesh.forge",98304,98304,54852,22
"5466E4CF1D5D8C5481E577500E96881D6A9A5464","datapc64_merged_set02_bnk_105038660_meshshape.forge",2981888,2981888,691907,22
"5466E4CF1D5D8C5481E577500E96881D6A9A5464","datapc64_merged_set02_bnk_106167009_mesh.forge",458752,458752,157401,22
"5466E4CF1D5D8C5481E577500E96881D6A9A5464","datapc64_merged_set02_bnk_106167009_meshshape.forge",10027008,10027008,2269217,22
"5466E4CF1D5D8C5481E577500E96881D6A9A5464","datapc64_merged_set02_bnk_106167009_textures0.forge",294912,294912,233388,22
"5466E4CF1D5D8C5481E577500E96881D6A9A5464","datapc64_merged_set02_bnk_106167009_textures1.forge",819200,819200,778564,22
"5466E4CF1D5D8C5481E577500E96881D6A9A5464","datapc64_merged_set02_bnk_106167009_textures2.forge",753664,753664,720398,22
"5466E4CF1D5D8C5481E577500E96881D6A9A5464","datapc64_merged_set02_bnk_106167009_textures3.forge",1966080,1966080,1923438,22
"5466E4CF1D5D8C5481E577500E96881D6A9A5464","datapc64_merged_set02_bnk_107686263_meshshape.forge",11763712,11763712,2660933,22
"5466E4CF1D5D8C5481E577500E96881D6A9A5464","datapc64_merged_set02_bnk_guitextures0.forge",17039360,17039360,16913759,22
"5466E4CF1D5D8C5481E577500E96881D6A9A5464","datapc64_merged_set02_bnk_guitextures1.forge",32768,32768,8994,22
"5466E4CF1D5D8C5481E577500E96881D6A9A5464","datapc64_merged_set02_bnk_mesh.forge",176881664,176881664,135067685,22
"5466E4CF1D5D8C5481E577500E96881D6A9A5464","datapc64_merged_set02_bnk_meshshape.forge",122060800,122060800,97587739,22
"5466E4CF1D5D8C5481E577500E96881D6A9A5464","datapc64_merged_set02_bnk_textures0.forge",373227520,373227520,364898900,22
"5466E4CF1D5D8C5481E577500E96881D6A9A5464","datapc64_merged_set02_bnk_textures1.forge",586416128,586416128,580586654,22
"5466E4CF1D5D8C5481E577500E96881D6A9A5464","datapc64_merged_set02_bnk_textures2.forge",639729664,639729664,635281215,22
"5466E4CF1D5D8C5481E577500E96881D6A9A5464","datapc64_merged_set02_bnk_textures3.forge",1341652992,1341652992,1338613278,22
"5466E4CF1D5D8C5481E577500E96881D6A9A5464","datapc64_merged_set02_bnk_000000003_soundmedia.forge",9011200,9011200,5497058,22
"5466E4CF1D5D8C5481E577500E96881D6A9A5464","datapc64_merged_set02_bnk_soundmedia.forge",149880832,149880832,145492470,22
"5466E4CF1D5D8C5481E577500E96881D6A9A5464","datapc64_merged_set02_bnk_000000003_soundbank.forge",786432,786432,734609,22
"5466E4CF1D5D8C5481E577500E96881D6A9A5464","datapc64_merged_set02_bnk_soundbank.forge",38174720,38174720,34752747,22
"5466E4CF1D5D8C5481E577500E96881D6A9A5464","videos/y8s3_onbrd_tutorial03.webm",23611632,23611632,22275585,22
"5466E4CF1D5D8C5481E577500E96881D6A9A5464","datapc64_merged_set02_bnk_000000003_soundbank_en-us.forge",131072,131072,81983,23
"5466E4CF1D5D8C5481E577500E96881D6A9A5464","datapc64_merged_set02_bnk_000000003_soundmedia_en-us.forge",294912,294912,241829,23
"5466E4CF1D5D8C5481E577500E96881D6A9A5464","datapc64_merged_set02_bnk_soundbank_en-us.forge",5472256,5472256,3872216,23
"5466E4CF1D5D8C5481E577500E96881D6A9A5464","datapc64_merged_set02_bnk_soundmedia_en-us.forge",22740992,22740992,18547893,23
"5466E4CF1D5D8C5481E577500E96881D6A9A5464","datapc64_merged_set02_bnk_000000003_soundbank_fr-fr.forge",131072,131072,84634,24
"5466E4CF1D5D8C5481E577500E96881D6A9A5464","datapc64_merged_set02_bnk_000000003_soundmedia_fr-fr.forge",327680,327680,261707,24
"5466E4CF1D5D8C5481E577500E96881D6A9A5464","datapc64_merged_set02_bnk_soundbank_fr-fr.forge",5963776,5963776,4264201,24
"5466E4CF1D5D8C5481E577500E96881D6A9A5464","datapc64_merged_set02_bnk_soundmedia_fr-fr.forge",23429120,23429120,19298056,24
"5466E4CF1D5D8C5481E577500E96881D6A9A5464","datapc64_merged_set02_bnk_000000003_soundbank_it-it.forge",163840,163840,95672,25
"5466E4CF1D5D8C5481E577500E96881D6A9A5464","datapc64_merged_set02_bnk_000000003_soundmedia_it-it.forge",327680,327680,258121,25
"5466E4CF1D5D8C5481E577500E96881D6A9A5464","datapc64_merged_set02_bnk_soundbank_it-it.forge",6488064,6488064,4799755,25
"5466E4CF1D5D8C5481E577500E96881D6A9A5464","datapc64_merged_set02_bnk_soundmedia_it-it.forge",25886720,25886720,21652872,25
"5466E4CF1D5D8C5481E577500E96881D6A9A5464","datapc64_merged_set02_bnk_000000003_soundbank_de-de.forge",163840,163840,102128,26
"5466E4CF1D5D8C5481E577500E96881D6A9A5464","datapc64_merged_set02_bnk_000000003_soundmedia_de-de.forge",327680,327680,262951,26
"5466E4CF1D5D8C5481E577500E96881D6A9A5464","datapc64_merged_set02_bnk_soundbank_de-de.forge",7012352,7012352,5329961,26
"5466E4CF1D5D8C5481E577500E96881D6A9A5464","datapc64_merged_set02_bnk_soundmedia_de-de.forge",26869760,26869760,22648453,26
"5466E4CF1D5D8C5481E577500E96881D6A9A5464","datapc64_merged_set02_bnk_000000003_soundbank_es-es.forge",163840,163840,98726,27
"5466E4CF1D5D8C5481E577500E96881D6A9A5464","datapc64_merged_set02_bnk_000000003_soundmedia_es-es.forge",360448,360448,298915,27
"5466E4CF1D5D8C5481E577500E96881D6A9A5464","datapc64_merged_set02_bnk_soundbank_es-es.forge",6684672,6684672,5013056,27
"5466E4CF1D5D8C5481E577500E96881D6A9A5464","datapc64_merged_set02_bnk_soundmedia_es-es.forge",27099136,27099136,22880053,27
"5466E4CF1D5D8C5481E577500E96881D6A9A5464","datapc64_merged_set02_bnk_000000003_soundbank_es-mx.forge",163840,163840,106564,28
"5466E4CF1D5D8C5481E577500E96881D6A9A5464","datapc64_merged_set02_bnk_000000003_soundmedia_es-mx.forge",327680,327680,275791,28
"5466E4CF1D5D8C5481E577500E96881D6A9A5464","datapc64_merged_set02_bnk_soundbank_es-mx.forge",7143424,7143424,5495332,28
"5466E4CF1D5D8C5481E577500E96881D6A9A5464","datapc64_merged_set02_bnk_soundmedia_es-mx.forge",27951104,27951104,23752533,28
"5466E4CF1D5D8C5481E577500E96881D6A9A5464","datapc64_merged_set02_bnk_000000003_soundbank_pt-br.forge",163840,163840,87184,29
"5466E4CF1D5D8C5481E577500E96881D6A9A5464","datapc64_merged_set02_bnk_000000003_soundmedia_pt-br.forge",393216,393216,314769,29
"5466E4CF1D5D8C5481E577500E96881D6A9A5464","datapc64_merged_set02_bnk_soundbank_pt-br.forge",6946816,6946816,5287146,29
"5466E4CF1D5D8C5481E577500E96881D6A9A5464","datapc64_merged_set02_bnk_soundmedia_pt-br.forge",27623424,27623424,23485188,29
"5466E4CF1D5D8C5481E577500E96881D6A9A5464","datapc64_merged_set02_bnk_000000003_soundbank_ja-jp.forge",131072,131072,83955,30
"5466E4CF1D5D8C5481E577500E96881D6A9A5464","datapc64_merged_set02_bnk_000000003_soundmedia_ja-jp.forge",294912,294912,221225,30
"5466E4CF1D5D8C5481E577500E96881D6A9A5464","datapc64_merged_set02_bnk_soundbank_ja-jp.forge",6062080,6062080,4361560,30
"5466E4CF1D5D8C5481E577500E96881D6A9A5464","datapc64_merged_set02_bnk_soundmedia_ja-jp.forge",23494656,23494656,19327147,30
"5466E4CF1D5D8C5481E577500E96881D6A9A5464","datapc64_merged_set02_bnk_000000003_soundbank_ru-ru.forge",163840,163840,92188,31
"5466E4CF1D5D8C5481E577500E96881D6A9A5464","datapc64_merged_set02_bnk_000000003_soundmedia_ru-ru.forge",360448,360448,299855,31
"5466E4CF1D5D8C5481E577500E96881D6A9A5464","datapc64_merged_set02_bnk_soundbank_ru-ru.forge",6324224,6324224,4691544,31
"5466E4CF1D5D8C5481E577500E96881D6A9A5464","datapc64_merged_set02_bnk_soundmedia_ru-ru.forge",24313856,24313856,20080238,31
"5466E4CF1D5D8C5481E577500E96881D6A9A5464","datapc64_pvp09_kanal.forge",7634944,7634944,7382839,33
"5466E4CF1D5D8C5481E577500E96881D6A9A5464","datapc64_pvp09_kanal_set02_bnk_gidata.forge",48136192,48136192,48111566,33
"5466E4CF1D5D8C5481E577500E96881D6A9A5464","datapc64_pvp07_consulate_v2_set01_bnk_gidata.forge",54198272,54198272,54155388,34
"5466E4CF1D5D8C5481E577500E96881D6A9A5464","datapc64_pvp02_oregon_v2_set02_bnk_gidata.forge",39714816,39714816,39680092,35
"5466E4CF1D5D8C5481E577500E96881D6A9A5464","videos/opscards/y10s1_membership.webm",3257066,3257066,3074205,37
"5466E4CF1D5D8C5481E577500E96881D6A9A5464","videos/opscards/y9s2_membership.webm",3472563,3472563,3217356,37
"5466E4CF1D5D8C5481E577500E96881D6A9A5464","videos/opscards/y9s3_membership.webm",3507960,3507960,3173473,37
"5466E4CF1D5D8C5481E577500E96881D6A9A5464","videos/opscards/y9s4_membership.webm",3395390,3395390,3040057,37
"5466E4CF1D5D8C5481E577500E96881D6A9A5464","videos/ui/y10s2_hub_dualfront.webm",67826483,67826483,61448973,37
"5466E4CF1D5D8C5481E577500E96881D6A9A5464","videos/ui/y10s3_hub_dualfront.webm",15588977,15588977,14073089,37
"5466E4CF1D5D8C5481E577500E96881D6A9A5464","videos/ui/y10s4_hub_dualfront.webm",40233345,40233345,36583045,37
"5466E4CF1D5D8C5481E577500E96881D6A9A5464","videos/ui/y10s4_hub_invitational.webm",121752758,121752758,115879535,37
"5466E4CF1D5D8C5481E577500E96881D6A9A5464","videos/ui/y11s1_hub_dualfront.webm",33319464,33319464,30073104,37
"5466E4CF1D5D8C5481E577500E96881D6A9A5464","videos/y10s2_dual_front_tutorial.webm",91806297,91806297,87883210,37
"5466E4CF1D5D8C5481E577500E96881D6A9A5464","videos/y10s4_events_frosty_intro.webm",15580907,15580907,14809837,37
"5466E4CF1D5D8C5481E577500E96881D6A9A5464","videos/y10s4_events_patriot_intro.webm",16647102,16647102,15888885,37
"5466E4CF1D5D8C5481E577500E96881D6A9A5464","videos/y11s1_events_tango_intro.webm",22944690,22944690,21644578,37
"5466E4CF1D5D8C5481E577500E96881D6A9A5464","videos/y8s1_events_rim2.webm",18069323,18069323,17069853,37
"5466E4CF1D5D8C5481E577500E96881D6A9A5464","videos/y9s2_membership.webm",3450962,3450962,3198991,37
"5466E4CF1D5D8C5481E577500E96881D6A9A5464","videos/y9s3_membership.webm",3503067,3503067,3276214,37
"5466E4CF1D5D8C5481E577500E96881D6A9A5464","videos/y9s4_events_riot_intro_prores_1.webm",32360629,32360629,30922997,37
"5466E4CF1D5D8C5481E577500E96881D6A9A5464","datapc64_pvp02_oregon_v2_mod.forge",24117248,24117248,23785595,37
"5466E4CF1D5D8C5481E577500E96881D6A9A5464","datapc64_pvp02_oregon_v2_mod_set02_bnk_gidata.forge",15073280,15073280,15035666,37
"5466E4CF1D5D8C5481E577500E96881D6A9A5464","datapc64_pvp04_clubhouse_mod.forge",24117248,24117248,23736314,37
"5466E4CF1D5D8C5481E577500E96881D6A9A5464","datapc64_pvp04_clubhouse_mod_set02_bnk_gidata.forge",21299200,21299200,21244831,37
"5466E4CF1D5D8C5481E577500E96881D6A9A5464","datapc64_pvp06_yacht.forge",7503872,7503872,7205352,37
"5466E4CF1D5D8C5481E577500E96881D6A9A5464","datapc64_pvp06_yacht_bnk_gidata.forge",88834048,88834048,88806789,37
"5466E4CF1D5D8C5481E577500E96881D6A9A5464","datapc64_pvp06_yacht_v2_bnk_gidata.forge",88211456,88211456,88188741,37
"5466E4CF1D5D8C5481E577500E96881D6A9A5464","datapc64_pvp07_consulate_v2_mod.forge",25034752,25034752,24724261,37
"5466E4CF1D5D8C5481E577500E96881D6A9A5464","datapc64_pvp07_consulate_v2_mod_set01_bnk_gidata.forge",22970368,22970368,22901654,37
"5466E4CF1D5D8C5481E577500E96881D6A9A5464","datapc64_pvp08_bank_v2_mod.forge",23625728,23625728,23304678,37
"5466E4CF1D5D8C5481E577500E96881D6A9A5464","datapc64_pvp08_bank_v2_mod_bnk_gidata.forge",25722880,25722880,25647079,37
"5466E4CF1D5D8C5481E577500E96881D6A9A5464","datapc64_pvp10_chalet_v2_mod.forge",23134208,23134208,22906985,37
"5466E4CF1D5D8C5481E577500E96881D6A9A5464","datapc64_pvp10_chalet_v2_mod_set02_bnk_gidata.forge",29753344,29753344,29711327,37
"5466E4CF1D5D8C5481E577500E96881D6A9A5464","datapc64_pvp11_university.forge",7110656,7110656,6754355,37
"5466E4CF1D5D8C5481E577500E96881D6A9A5464","datapc64_pvp11_university_bnk_gidata.forge",140050432,140050432,140003724,37
"5466E4CF1D5D8C5481E577500E96881D6A9A5464","datapc64_pvp12_russiancafe_mod.forge",23363584,23363584,23070890,37
"5466E4CF1D5D8C5481E577500E96881D6A9A5464","datapc64_pvp12_russiancafe_mod_set02_bnk_gidata.forge",16482304,16482304,16423477,37
"5466E4CF1D5D8C5481E577500E96881D6A9A5464","datapc64_pvp13_border_v2_mod.forge",22642688,22642688,22358382,37
"5466E4CF1D5D8C5481E577500E96881D6A9A5464","datapc64_pvp13_border_v2_mod_bnk_gidata.forge",21495808,21495808,21414719,37
"5466E4CF1D5D8C5481E577500E96881D6A9A5464","datapc64_pvp14_favela_v2.forge",8159232,8159232,7941086,37
"5466E4CF1D5D8C5481E577500E96881D6A9A5464","datapc64_pvp14_favela_v2_bnk_gidata.forge",42074112,42074112,42058383,37
"5466E4CF1D5D8C5481E577500E96881D6A9A5464","datapc64_pvp15_temple_v2_bnk_gidata.forge",52789248,52789248,52770070,37
"5466E4CF1D5D8C5481E577500E96881D6A9A5464","datapc64_pvp15_temple_v2_mod.forge",7798784,7798784,7552764,37
"5466E4CF1D5D8C5481E577500E96881D6A9A5464","datapc64_pvp15_temple_v2_mod_bnk_gidata.forge",19988480,19988480,19936455,37
"5466E4CF1D5D8C5481E577500E96881D6A9A5464","datapc64_pvp16_ibiza_bnk_gidata.forge",115212288,115212288,115176014,37
"5466E4CF1D5D8C5481E577500E96881D6A9A5464","datapc64_pvp16_ibiza_mod.forge",23560192,23560192,23296182,37
"5466E4CF1D5D8C5481E577500E96881D6A9A5464","datapc64_pvp16_ibiza_mod_bnk_gidata.forge",67076096,67076096,67020034,37
"5466E4CF1D5D8C5481E577500E96881D6A9A5464","datapc64_pvp17_themepark_v2_bnk_gidata.forge",50462720,50462720,50442631,37
"5466E4CF1D5D8C5481E577500E96881D6A9A5464","datapc64_pvp17_themepark_v2_mod.forge",7700480,7700480,7445973,37
"5466E4CF1D5D8C5481E577500E96881D6A9A5464","datapc64_pvp17_themepark_v2_mod_bnk_gidata.forge",17825792,17825792,17779485,37
"5466E4CF1D5D8C5481E577500E96881D6A9A5464","datapc64_pvp19_tower.forge",10289152,10289152,9957154,37
"5466E4CF1D5D8C5481E577500E96881D6A9A5464","datapc64_pvp19_tower_bnk_gidata.forge",88604672,88604672,88562530,37
"5466E4CF1D5D8C5481E577500E96881D6A9A5464","datapc64_pvp20_italy_bnk_gidata.forge",45318144,45318144,45274855,37
"5466E4CF1D5D8C5481E577500E96881D6A9A5464","datapc64_pvp20_italy_mod.forge",12222464,12222464,11926398,37
"5466E4CF1D5D8C5481E577500E96881D6A9A5464","datapc64_pvp20_italy_mod_bnk_gidata.forge",28344320,28344320,28283414,37
"5466E4CF1D5D8C5481E577500E96881D6A9A5464","datapc64_pvp22_morocco_bnk_gidata.forge",59801600,59801600,59766828,37
"5466E4CF1D5D8C5481E577500E96881D6A9A5464","datapc64_pvp22_morocco_v2_mod.forge",9076736,9076736,8831425,37
"5466E4CF1D5D8C5481E577500E96881D6A9A5464","datapc64_pvp22_morocco_v2_mod_bnk_gidata.forge",23494656,23494656,23427508,37
"5466E4CF1D5D8C5481E577500E96881D6A9A5464","datapc64_pvp23_australia_v2.forge",8486912,8486912,8201970,37
"5466E4CF1D5D8C5481E577500E96881D6A9A5464","datapc64_pvp23_australia_v2_bnk_gidata.forge",52559872,52559872,52528396,37
"5466E4CF1D5D8C5481E577500E96881D6A9A5464","datapc64_pvp24_countryclub.forge",8454144,8454144,8232593,37
"5466E4CF1D5D8C5481E577500E96881D6A9A5464","datapc64_pvp24_countryclub_bnk_gidata.forge",57573376,57573376,57533383,37
"5466E4CF1D5D8C5481E577500E96881D6A9A5464","datapc64_pvp25_nighthaven_bnk_gidata.forge",58294272,58294272,58276305,37
"5466E4CF1D5D8C5481E577500E96881D6A9A5464","datapc64_pvp25_nighthaven_mod.forge",21921792,21921792,21678719,37
"5466E4CF1D5D8C5481E577500E96881D6A9A5464","datapc64_pvp25_nighthaven_mod_bnk_gidata.forge",27787264,27787264,27731887,37
"5466E4CF1D5D8C5481E577500E96881D6A9A5464","datapc64_pvp26_viperstrike_bnk_gidata.forge",50364416,50364416,50338980,37
"5466E4CF1D5D8C5481E577500E96881D6A9A5464","datapc64_pvp26_viperstrike_mod.forge",23199744,23199744,22922849,37
"5466E4CF1D5D8C5481E577500E96881D6A9A5464","datapc64_pvp26_viperstrike_mod_bnk_gidata.forge",22249472,22249472,22178974,37
"5466E4CF1D5D8C5481E577500E96881D6A9A5464","datapc64_pvp27_stadium2021_bnk_gidata.forge",51675136,51675136,51648047,37
"5466E4CF1D5D8C5481E577500E96881D6A9A5464","datapc64_pvp27_stadium2021_v2.forge",5603328,5603328,5368533,37
"5466E4CF1D5D8C5481E577500E96881D6A9A5464","datapc64_pvp27_stadium2021_v2_bnk_gidata.forge",50298880,50298880,50255933,37
"5466E4CF1D5D8C5481E577500E96881D6A9A5464","datapc64_pvp28_stadiumalpha_v2.forge",5537792,5537792,5283375,37
"5466E4CF1D5D8C5481E577500E96881D6A9A5464","datapc64_pvp28_stadiumalpha_v2_bnk_gidata.forge",102629376,102629376,102604799,37
"5466E4CF1D5D8C5481E577500E96881D6A9A5464","datapc64_evn01_rainbowismagic_events.forge",4161536,4161536,3856536,37
"5466E4CF1D5D8C5481E577500E96881D6A9A5464","datapc64_evn01_rainbowismagic_events_bnk_gidata.forge",51380224,51380224,51365271,37
"5466E4CF1D5D8C5481E577500E96881D6A9A5464","datapc64_evn17_tango_events_bnk_gidata.forge",29917184,29917184,29850103,37
"5466E4CF1D5D8C5481E577500E96881D6A9A5464","datapc64_onb00_shootingrange.forge",1212416,1212416,1164281,37
"5466E4CF1D5D8C5481E577500E96881D6A9A5464","datapc64_onb00_shootingrange_bnk_gidata.forge",34668544,34668544,34630777,37
"5466E4CF1D5D8C5481E577500E96881D6A9A5464","datapc64_tdm01_mtown.forge",2719744,2719744,2471281,37
"5466E4CF1D5D8C5481E577500E96881D6A9A5464","datapc64_tdm01_mtown_bnk_gidata.forge",9863168,9863168,9820117,37
"5466E4CF1D5D8C5481E577500E96881D6A9A5464","datapc64_lgm01_heroes.forge",45088768,45088768,42227560,37
"5466E4CF1D5D8C5481E577500E96881D6A9A5464","datapc64_lgm01_heroes_bnk_gidata.forge",142508032,142508032,142407713,37
"5466E4CF1D5D8C5481E577500E96881D6A9A5464","datapc64_ondemand.forge",598933504,598933504,538768500,37
"5466E4CF1D5D8C5481E577500E96881D6A9A5464","datapc64_merged_bnk_000000001_guitextures0.forge",16941056,16941056,16836877,37
"5466E4CF1D5D8C5481E577500E96881D6A9A5464","datapc64_merged_bnk_000000001_guitextures1.forge",2654208,2654208,2617339,37
"5466E4CF1D5D8C5481E577500E96881D6A9A5464","datapc64_merged_bnk_000000001_mesh.forge",133464064,133464064,68947069,37
"5466E4CF1D5D8C5481E577500E96881D6A9A5464","datapc64_merged_bnk_000000001_meshshape.forge",126844928,126844928,80134107,37
"5466E4CF1D5D8C5481E577500E96881D6A9A5464","datapc64_merged_bnk_000000001_textures0.forge",235667456,235667456,229998136,37
"5466E4CF1D5D8C5481E577500E96881D6A9A5464","datapc64_merged_bnk_000000001_textures1.forge",273645568,273645568,269893914,37
"5466E4CF1D5D8C5481E577500E96881D6A9A5464","datapc64_merged_bnk_000000001_textures2.forge",244416512,244416512,242036314,37
"5466E4CF1D5D8C5481E577500E96881D6A9A5464","datapc64_merged_bnk_000000001_textures3.forge",665190400,665190400,662710763,37
"5466E4CF1D5D8C5481E577500E96881D6A9A5464","datapc64_merged_bnk_000000002_guitextures0.forge",10878976,10878976,10814511,37
"5466E4CF1D5D8C5481E577500E96881D6A9A5464","datapc64_merged_bnk_000000002_guitextures1.forge",4849664,4849664,4800887,37
"5466E4CF1D5D8C5481E577500E96881D6A9A5464","datapc64_merged_bnk_000000002_mesh.forge",137723904,137723904,106099638,37
"5466E4CF1D5D8C5481E577500E96881D6A9A5464","datapc64_merged_bnk_000000002_meshshape.forge",189661184,189661184,132710242,37
"5466E4CF1D5D8C5481E577500E96881D6A9A5464","datapc64_merged_bnk_000000002_textures0.forge",424738816,424738816,417361563,37
"5466E4CF1D5D8C5481E577500E96881D6A9A5464","datapc64_merged_bnk_000000002_textures1.forge",585760768,585760768,580386605,37
"5466E4CF1D5D8C5481E577500E96881D6A9A5464","datapc64_merged_bnk_000000002_textures2.forge",605618176,605618176,602422505,37
"5466E4CF1D5D8C5481E577500E96881D6A9A5464","datapc64_merged_bnk_000000002_textures3.forge",1347289088,1347289088,1344183358,37
"5466E4CF1D5D8C5481E577500E96881D6A9A5464","datapc64_merged_bnk_000000003_guitextures0.forge",9404416,9404416,9226297,37
"5466E4CF1D5D8C5481E577500E96881D6A9A5464","datapc64_merged_bnk_000000003_guitextures1.forge",2916352,2916352,2888192,37
"5466E4CF1D5D8C5481E577500E96881D6A9A5464","datapc64_merged_bnk_000000003_mesh.forge",121503744,121503744,95562582,37
"5466E4CF1D5D8C5481E577500E96881D6A9A5464","datapc64_merged_bnk_000000003_meshshape.forge",376766464,376766464,223218667,37
"5466E4CF1D5D8C5481E577500E96881D6A9A5464","datapc64_merged_bnk_000000003_textures0.forge",546996224,546996224,542009098,37
"5466E4CF1D5D8C5481E577500E96881D6A9A5464","datapc64_merged_bnk_000000003_textures1.forge",166723584,166723584,164233024,37
"5466E4CF1D5D8C5481E577500E96881D6A9A5464","datapc64_merged_bnk_000000003_textures2.forge",138117120,138117120,136530884,37
"5466E4CF1D5D8C5481E577500E96881D6A9A5464","datapc64_merged_bnk_000000003_textures3.forge",350748672,350748672,349240354,37
"5466E4CF1D5D8C5481E577500E96881D6A9A5464","datapc64_merged_bnk_101101136_mesh.forge",4390912,4390912,1899706,37
"5466E4CF1D5D8C5481E577500E96881D6A9A5464","datapc64_merged_bnk_101101136_meshshape.forge",11763712,11763712,6954624,37
"5466E4CF1D5D8C5481E577500E96881D6A9A5464","datapc64_merged_bnk_101101136_textures0.forge",10158080,10158080,10117434,37
"5466E4CF1D5D8C5481E577500E96881D6A9A5464","datapc64_merged_bnk_101101136_textures1.forge",1507328,1507328,1464426,37
"5466E4CF1D5D8C5481E577500E96881D6A9A5464","datapc64_merged_bnk_105038660_mesh.forge",1114112,1114112,893089,37
"5466E4CF1D5D8C5481E577500E96881D6A9A5464","datapc64_merged_bnk_105038660_meshshape.forge",13107200,13107200,3061006,37
"5466E4CF1D5D8C5481E577500E96881D6A9A5464","datapc64_merged_bnk_105038660_textures0.forge",1933312,1933312,1885495,37
"5466E4CF1D5D8C5481E577500E96881D6A9A5464","datapc64_merged_bnk_105038660_textures1.forge",917504,917504,862847,37
"5466E4CF1D5D8C5481E577500E96881D6A9A5464","datapc64_merged_bnk_105038660_textures2.forge",524288,524288,470352,37
"5466E4CF1D5D8C5481E577500E96881D6A9A5464","datapc64_merged_bnk_105038660_textures3.forge",2588672,2588672,2538180,37
"5466E4CF1D5D8C5481E577500E96881D6A9A5464","datapc64_merged_bnk_106167009_mesh.forge",720896,720896,455537,37
"5466E4CF1D5D8C5481E577500E96881D6A9A5464","datapc64_merged_bnk_106167009_meshshape.forge",12713984,12713984,2955826,37
"5466E4CF1D5D8C5481E577500E96881D6A9A5464","datapc64_merged_bnk_106167009_textures0.forge",1245184,1245184,1157896,37
"5466E4CF1D5D8C5481E577500E96881D6A9A5464","datapc64_merged_bnk_106167009_textures1.forge",3964928,3964928,3898309,37
"5466E4CF1D5D8C5481E577500E96881D6A9A5464","datapc64_merged_bnk_106167009_textures2.forge",2097152,2097152,2048004,37
"5466E4CF1D5D8C5481E577500E96881D6A9A5464","datapc64_merged_bnk_106167009_textures3.forge",11370496,11370496,11331188,37
"5466E4CF1D5D8C5481E577500E96881D6A9A5464","datapc64_merged_bnk_107686263_mesh.forge",294912,294912,250211,37
"5466E4CF1D5D8C5481E577500E96881D6A9A5464","datapc64_merged_bnk_107686263_meshshape.forge",30736384,30736384,7179197,37
"5466E4CF1D5D8C5481E577500E96881D6A9A5464","datapc64_merged_bnk_107686263_textures0.forge",65536,65536,17492,37
"5466E4CF1D5D8C5481E577500E96881D6A9A5464","datapc64_merged_bnk_107686263_textures1.forge",65536,65536,22346,37
"5466E4CF1D5D8C5481E577500E96881D6A9A5464","datapc64_merged_bnk_107686263_textures2.forge",65536,65536,42110,37
"5466E4CF1D5D8C5481E577500E96881D6A9A5464","datapc64_merged_bnk_107686263_textures3.forge",98304,98304,80717,37
"5466E4CF1D5D8C5481E577500E96881D6A9A5464","datapc64_merged_bnk_guitextures0.forge",59572224,59572224,58964825,37
"5466E4CF1D5D8C5481E577500E96881D6A9A5464","datapc64_merged_bnk_guitextures1.forge",7503872,7503872,7350053,37
"5466E4CF1D5D8C5481E577500E96881D6A9A5464","datapc64_merged_bnk_mesh.forge",1332871168,1332871168,1148947470,37
"5466E4CF1D5D8C5481E577500E96881D6A9A5464","datapc64_merged_bnk_meshshape.forge",548896768,548896768,433312571,37
"5466E4CF1D5D8C5481E577500E96881D6A9A5464","datapc64_merged_bnk_textures0.forge",2841903104,2841903104,2700981692,37
"5466E4CF1D5D8C5481E577500E96881D6A9A5464","datapc64_merged_bnk_textures1.forge",3351478272,3351478272,3243803108,37
"5466E4CF1D5D8C5481E577500E96881D6A9A5464","datapc64_merged_bnk_textures2.forge",2546761728,2546761728,2477814748,37
"5466E4CF1D5D8C5481E577500E96881D6A9A5464","datapc64_merged_bnk_textures3.forge",7932051456,3637084160,3576258308,37
"5466E4CF1D5D8C5481E577500E96881D6A9A5464","datapc64_merged_events_bnk_105038660_guitextures0.forge",884736,884736,834332,37
"5466E4CF1D5D8C5481E577500E96881D6A9A5464","datapc64_merged_events_bnk_105038660_mesh.forge",35389440,35389440,28438056,37
"5466E4CF1D5D8C5481E577500E96881D6A9A5464","datapc64_merged_events_bnk_105038660_meshshape.forge",20807680,20807680,13046434,37
"5466E4CF1D5D8C5481E577500E96881D6A9A5464","datapc64_merged_events_bnk_105038660_textures0.forge",63504384,63504384,63158748,37
"5466E4CF1D5D8C5481E577500E96881D6A9A5464","datapc64_merged_events_bnk_105038660_textures1.forge",4816896,4816896,4747615,37
"5466E4CF1D5D8C5481E577500E96881D6A9A5464","datapc64_merged_events_bnk_105038660_textures2.forge",2293760,2293760,2257534,37
"5466E4CF1D5D8C5481E577500E96881D6A9A5464","datapc64_merged_events_bnk_105038660_textures3.forge",10321920,10321920,10280094,37
"5466E4CF1D5D8C5481E577500E96881D6A9A5464","datapc64_merged_events_bnk_106167009_meshshape.forge",4227072,4227072,893411,37
"5466E4CF1D5D8C5481E577500E96881D6A9A5464","datapc64_merged_events_bnk_guitextures0.forge",360448,360448,312187,37
"5466E4CF1D5D8C5481E577500E96881D6A9A5464","datapc64_merged_events_bnk_guitextures1.forge",65536,65536,11176,37
"5466E4CF1D5D8C5481E577500E96881D6A9A5464","datapc64_merged_events_bnk_mesh.forge",23330816,23330816,19272024,37
"5466E4CF1D5D8C5481E577500E96881D6A9A5464","datapc64_merged_events_bnk_meshshape.forge",12386304,12386304,10133305,37
"5466E4CF1D5D8C5481E577500E96881D6A9A5464","datapc64_merged_events_bnk_textures0.forge",36208640,36208640,35689173,37
"5466E4CF1D5D8C5481E577500E96881D6A9A5464","datapc64_merged_events_bnk_textures1.forge",7208960,7208960,6876614,37
"5466E4CF1D5D8C5481E577500E96881D6A9A5464","datapc64_merged_events_bnk_textures2.forge",7405568,7405568,7219722,37
"5466E4CF1D5D8C5481E577500E96881D6A9A5464","datapc64_merged_events_bnk_textures3.forge",8585216,8585216,8295443,37
"5466E4CF1D5D8C5481E577500E96881D6A9A5464","datapc64_mtx_bnk_000000001_mesh.forge",5701632,5701632,5568947,37
"5466E4CF1D5D8C5481E577500E96881D6A9A5464","datapc64_mtx_bnk_000000001_textures0.forge",109215744,109215744,105981171,37
"5466E4CF1D5D8C5481E577500E96881D6A9A5464","datapc64_mtx_bnk_000000001_textures1.forge",292782080,292782080,289975660,37
"5466E4CF1D5D8C5481E577500E96881D6A9A5464","datapc64_mtx_bnk_000000001_textures2.forge",171409408,171409408,169565287,37
"5466E4CF1D5D8C5481E577500E96881D6A9A5464","datapc64_mtx_bnk_000000001_textures3.forge",11403264,11403264,11204371,37
"5466E4CF1D5D8C5481E577500E96881D6A9A5464","datapc64_mtx_bnk_000000002_mesh.forge",19595264,19595264,19005788,37
"5466E4CF1D5D8C5481E577500E96881D6A9A5464","datapc64_mtx_bnk_000000002_textures0.forge",160825344,160825344,156626187,37
"5466E4CF1D5D8C5481E577500E96881D6A9A5464","datapc64_mtx_bnk_000000002_textures1.forge",436797440,436797440,432724454,37
"5466E4CF1D5D8C5481E577500E96881D6A9A5464","datapc64_mtx_bnk_000000002_textures2.forge",240582656,240582656,238048233,37
"5466E4CF1D5D8C5481E577500E96881D6A9A5464","datapc64_mtx_bnk_000000002_textures3.forge",15564800,15564800,15349623,37
"5466E4CF1D5D8C5481E577500E96881D6A9A5464","datapc64_mtx_bnk_000000003_mesh.forge",17072128,17072128,16787191,37
"5466E4CF1D5D8C5481E577500E96881D6A9A5464","datapc64_mtx_bnk_000000003_textures0.forge",128221184,128221184,123889599,37
"5466E4CF1D5D8C5481E577500E96881D6A9A5464","datapc64_mtx_bnk_000000003_textures1.forge",335609856,335609856,331781991,37
"5466E4CF1D5D8C5481E577500E96881D6A9A5464","datapc64_mtx_bnk_000000003_textures2.forge",213417984,213417984,210585139,37
"5466E4CF1D5D8C5481E577500E96881D6A9A5464","datapc64_mtx_bnk_000000003_textures3.forge",23953408,23953408,23694220,37
"5466E4CF1D5D8C5481E577500E96881D6A9A5464","datapc64_mtx_bnk_101101136_mesh.forge",884736,884736,835895,37
"5466E4CF1D5D8C5481E577500E96881D6A9A5464","datapc64_mtx_bnk_101101136_textures0.forge",491520,491520,458705,37
"5466E4CF1D5D8C5481E577500E96881D6A9A5464","datapc64_mtx_bnk_101101136_textures1.forge",1310720,1310720,1266937,37
"5466E4CF1D5D8C5481E577500E96881D6A9A5464","datapc64_mtx_bnk_101101136_textures2.forge",786432,786432,740454,37
"5466E4CF1D5D8C5481E577500E96881D6A9A5464","datapc64_mtx_bnk_105038660_textures0.forge",393216,393216,349392,37
"5466E4CF1D5D8C5481E577500E96881D6A9A5464","datapc64_mtx_bnk_105038660_textures1.forge",819200,819200,782186,37
"5466E4CF1D5D8C5481E577500E96881D6A9A5464","datapc64_mtx_bnk_105038660_textures2.forge",163840,163840,123411,37
"5466E4CF1D5D8C5481E577500E96881D6A9A5464","datapc64_mtx_bnk_mesh.forge",17170432,17170432,16753234,37
"5466E4CF1D5D8C5481E577500E96881D6A9A5464","datapc64_mtx_bnk_textures0.forge",92700672,92700672,82332101,37
"5466E4CF1D5D8C5481E577500E96881D6A9A5464","datapc64_mtx_bnk_textures1.forge",198148096,198148096,192323630,37
"5466E4CF1D5D8C5481E577500E96881D6A9A5464","datapc64_mtx_bnk_textures2.forge",135593984,135593984,129341880,37
"5466E4CF1D5D8C5481E577500E96881D6A9A5464","datapc64_mtx_bnk_textures3.forge",100466688,100466688,99162358,37
"5466E4CF1D5D8C5481E577500E96881D6A9A5464","datapc64_dmtx_bnk_textures0.forge",32669696,32669696,31800010,37
"5466E4CF1D5D8C5481E577500E96881D6A9A5464","datapc64_dmtx_bnk_textures1.forge",90472448,90472448,89657109,37
"5466E4CF1D5D8C5481E577500E96881D6A9A5464","datapc64_dmtx_bnk_textures2.forge",72941568,72941568,72453779,37
"5466E4CF1D5D8C5481E577500E96881D6A9A5464","datapc64_merged_bnk_000000003_soundmedia.forge",17956864,17956864,14300978,37
"5466E4CF1D5D8C5481E577500E96881D6A9A5464","datapc64_merged_bnk_soundmedia.forge",746913792,746913792,705028783,37
"5466E4CF1D5D8C5481E577500E96881D6A9A5464","datapc64_merged_events_bnk_105038660_soundmedia.forge",8683520,8683520,6820182,37
"5466E4CF1D5D8C5481E577500E96881D6A9A5464","datapc64_merged_events_bnk_soundmedia.forge",24051712,24051712,22933522,37
"5466E4CF1D5D8C5481E577500E96881D6A9A5464","datapc64_merged_bnk_000000003_soundbank.forge",12779520,12779520,11290357,37
"5466E4CF1D5D8C5481E577500E96881D6A9A5464","datapc64_merged_bnk_106167009_soundbank.forge",98304,98304,67189,37
"5466E4CF1D5D8C5481E577500E96881D6A9A5464","datapc64_merged_bnk_107686263_soundbank.forge",1376256,1376256,1359543,37
"5466E4CF1D5D8C5481E577500E96881D6A9A5464","datapc64_merged_bnk_soundbank.forge",489357312,489357312,423809314,37
"5466E4CF1D5D8C5481E577500E96881D6A9A5464","datapc64_merged_events_bnk_105038660_soundbank.forge",1310720,1310720,1183719,37
"5466E4CF1D5D8C5481E577500E96881D6A9A5464","datapc64_merged_events_bnk_soundbank.forge",2850816,2850816,2118711,37
"5466E4CF1D5D8C5481E577500E96881D6A9A5464","datapc64_mtx_bnk_000000003_soundmedia.forge",4587520,4587520,3477745,37
"5466E4CF1D5D8C5481E577500E96881D6A9A5464","datapc64_mtx_bnk_107686263_soundmedia.forge",2326528,2326528,1874983,37
"5466E4CF1D5D8C5481E577500E96881D6A9A5464","datapc64_mtx_bnk_soundmedia.forge",15269888,15269888,11899917,37
"5466E4CF1D5D8C5481E577500E96881D6A9A5464","datapc64_mtx_bnk_000000003_soundbank.forge",2686976,2686976,2617547,37
"5466E4CF1D5D8C5481E577500E96881D6A9A5464","datapc64_mtx_bnk_107686263_soundbank.forge",917504,917504,880673,37
"5466E4CF1D5D8C5481E577500E96881D6A9A5464","datapc64_mtx_bnk_soundbank.forge",9732096,9732096,9586307,37
"5466E4CF1D5D8C5481E577500E96881D6A9A5464","datapc64_merged_bnk_000000003_soundbank_en-us.forge",14581760,14581760,10298035,38
"5466E4CF1D5D8C5481E577500E96881D6A9A5464","datapc64_merged_bnk_000000003_soundmedia_en-us.forge",43057152,43057152,36538097,38
"5466E4CF1D5D8C5481E577500E96881D6A9A5464","datapc64_merged_bnk_105038660_soundbank_en-us.forge",524288,524288,366899,38
"5466E4CF1D5D8C5481E577500E96881D6A9A5464","datapc64_merged_bnk_105038660_soundmedia_en-us.forge",4947968,4947968,4179835,38
"5466E4CF1D5D8C5481E577500E96881D6A9A5464","datapc64_merged_bnk_106167009_soundbank_en-us.forge",458752,458752,323093,38
"5466E4CF1D5D8C5481E577500E96881D6A9A5464","datapc64_merged_bnk_soundbank_en-us.forge",96174080,96174080,69991093,38
"5466E4CF1D5D8C5481E577500E96881D6A9A5464","datapc64_merged_bnk_soundmedia_en-us.forge",528154624,528154624,434343762,38
"5466E4CF1D5D8C5481E577500E96881D6A9A5464","datapc64_merged_events_bnk_soundbank_en-us.forge",3080192,3080192,2992509,38
"5466E4CF1D5D8C5481E577500E96881D6A9A5464","datapc64_merged_events_bnk_soundmedia_en-us.forge",32768,32768,285,38
"5466E4CF1D5D8C5481E577500E96881D6A9A5464","datapc64_merged_bnk_000000003_soundbank_fr-fr.forge",15990784,15990784,11459895,39
"5466E4CF1D5D8C5481E577500E96881D6A9A5464","datapc64_merged_bnk_000000003_soundmedia_fr-fr.forge",42729472,42729472,36335931,39
"5466E4CF1D5D8C5481E577500E96881D6A9A5464","datapc64_merged_bnk_105038660_soundbank_fr-fr.forge",622592,622592,432642,39
"5466E4CF1D5D8C5481E577500E96881D6A9A5464","datapc64_merged_bnk_105038660_soundmedia_fr-fr.forge",4620288,4620288,3806436,39
"5466E4CF1D5D8C5481E577500E96881D6A9A5464","datapc64_merged_bnk_106167009_soundbank_fr-fr.forge",557056,557056,388768,39
"5466E4CF1D5D8C5481E577500E96881D6A9A5464","datapc64_merged_bnk_106167009_soundmedia_fr-fr.forge",65536,65536,20967,39
"5466E4CF1D5D8C5481E577500E96881D6A9A5464","datapc64_merged_bnk_107686263_soundmedia_fr-fr.forge",65536,65536,21295,39
"5466E4CF1D5D8C5481E577500E96881D6A9A5464","datapc64_merged_bnk_soundbank_fr-fr.forge",105447424,105447424,77902924,39
"5466E4CF1D5D8C5481E577500E96881D6A9A5464","datapc64_merged_bnk_soundmedia_fr-fr.forge",527204352,527204352,434942758,39
"5466E4CF1D5D8C5481E577500E96881D6A9A5464","datapc64_merged_events_bnk_soundbank_fr-fr.forge",3047424,3047424,2972222,39
"5466E4CF1D5D8C5481E577500E96881D6A9A5464","datapc64_merged_events_bnk_soundmedia_fr-fr.forge",32768,32768,285,39
"5466E4CF1D5D8C5481E577500E96881D6A9A5464","datapc64_merged_bnk_000000003_soundbank_it-it.forge",17760256,17760256,13093395,40
"5466E4CF1D5D8C5481E577500E96881D6A9A5464","datapc64_merged_bnk_000000003_soundmedia_it-it.forge",46465024,46465024,39989567,40
"5466E4CF1D5D8C5481E577500E96881D6A9A5464","datapc64_merged_bnk_104622021_soundmedia_it-it.forge",65536,65536,34278,40
"5466E4CF1D5D8C5481E577500E96881D6A9A5464","datapc64_merged_bnk_105038660_soundbank_it-it.forge",622592,622592,443428,40
"5466E4CF1D5D8C5481E577500E96881D6A9A5464","datapc64_merged_bnk_105038660_soundmedia_it-it.forge",4882432,4882432,4116830,40
"5466E4CF1D5D8C5481E577500E96881D6A9A5464","datapc64_merged_bnk_106167009_soundbank_it-it.forge",557056,557056,399497,40
"5466E4CF1D5D8C5481E577500E96881D6A9A5464","datapc64_merged_bnk_106167009_soundmedia_it-it.forge",65536,65536,49357,40
"5466E4CF1D5D8C5481E577500E96881D6A9A5464","datapc64_merged_bnk_107686263_soundmedia_it-it.forge",65536,65536,36307,40
"5466E4CF1D5D8C5481E577500E96881D6A9A5464","datapc64_merged_bnk_soundbank_it-it.forge",116948992,116948992,89358370,40
"5466E4CF1D5D8C5481E577500E96881D6A9A5464","datapc64_merged_bnk_soundmedia_it-it.forge",585465856,585465856,493653912,40
"5466E4CF1D5D8C5481E577500E96881D6A9A5464","datapc64_merged_events_bnk_soundbank_it-it.forge",3112960,3112960,3050532,40
"5466E4CF1D5D8C5481E577500E96881D6A9A5464","datapc64_merged_events_bnk_soundmedia_it-it.forge",32768,32768,285,40
"5466E4CF1D5D8C5481E577500E96881D6A9A5464","datapc64_merged_bnk_000000003_soundbank_de-de.forge",18022400,18022400,13390640,41
"5466E4CF1D5D8C5481E577500E96881D6A9A5464","datapc64_merged_bnk_000000003_soundmedia_de-de.forge",44204032,44204032,37948409,41
"5466E4CF1D5D8C5481E577500E96881D6A9A5464","datapc64_merged_bnk_104622021_soundbank_de-de.forge",32768,32768,17548,41
"5466E4CF1D5D8C5481E577500E96881D6A9A5464","datapc64_merged_bnk_104622021_soundmedia_de-de.forge",65536,65536,38662,41
"5466E4CF1D5D8C5481E577500E96881D6A9A5464","datapc64_merged_bnk_105038660_soundbank_de-de.forge",589824,589824,424617,41
"5466E4CF1D5D8C5481E577500E96881D6A9A5464","datapc64_merged_bnk_105038660_soundmedia_de-de.forge",4849664,4849664,4110001,41
"5466E4CF1D5D8C5481E577500E96881D6A9A5464","datapc64_merged_bnk_106167009_soundbank_de-de.forge",524288,524288,380589,41
"5466E4CF1D5D8C5481E577500E96881D6A9A5464","datapc64_merged_bnk_106167009_soundmedia_de-de.forge",65536,65536,38014,41
"5466E4CF1D5D8C5481E577500E96881D6A9A5464","datapc64_merged_bnk_107686263_soundmedia_de-de.forge",65536,65536,38683,41
"5466E4CF1D5D8C5481E577500E96881D6A9A5464","datapc64_merged_bnk_soundbank_de-de.forge",116260864,116260864,88431950,41
"5466E4CF1D5D8C5481E577500E96881D6A9A5464","datapc64_merged_bnk_soundmedia_de-de.forge",575111168,575111168,482998887,41
"5466E4CF1D5D8C5481E577500E96881D6A9A5464","datapc64_merged_events_bnk_soundbank_de-de.forge",3145728,3145728,3047308,41
"5466E4CF1D5D8C5481E577500E96881D6A9A5464","datapc64_merged_events_bnk_soundmedia_de-de.forge",32768,32768,285,41
"5466E4CF1D5D8C5481E577500E96881D6A9A5464","datapc64_merged_bnk_000000003_soundbank_es-es.forge",18317312,18317312,13703834,42
"5466E4CF1D5D8C5481E577500E96881D6A9A5464","datapc64_merged_bnk_000000003_soundmedia_es-es.forge",47218688,47218688,40894911,42
"5466E4CF1D5D8C5481E577500E96881D6A9A5464","datapc64_merged_bnk_105038660_soundbank_es-es.forge",622592,622592,445054,42
"5466E4CF1D5D8C5481E577500E96881D6A9A5464","datapc64_merged_bnk_105038660_soundmedia_es-es.forge",4849664,4849664,4063370,42
"5466E4CF1D5D8C5481E577500E96881D6A9A5464","datapc64_merged_bnk_106167009_soundbank_es-es.forge",557056,557056,401227,42
"5466E4CF1D5D8C5481E577500E96881D6A9A5464","datapc64_merged_bnk_soundbank_es-es.forge",119865344,119865344,92320041,42
"5466E4CF1D5D8C5481E577500E96881D6A9A5464","datapc64_merged_bnk_soundmedia_es-es.forge",593985536,593985536,501587434,42
"5466E4CF1D5D8C5481E577500E96881D6A9A5464","datapc64_merged_events_bnk_soundbank_es-es.forge",3244032,3244032,3161265,42
"5466E4CF1D5D8C5481E577500E96881D6A9A5464","datapc64_merged_events_bnk_soundmedia_es-es.forge",32768,32768,285,42
"5466E4CF1D5D8C5481E577500E96881D6A9A5464","datapc64_merged_bnk_000000003_soundbank_es-mx.forge",18317312,18317312,13651354,43
"5466E4CF1D5D8C5481E577500E96881D6A9A5464","datapc64_merged_bnk_000000003_soundmedia_es-mx.forge",45285376,45285376,38434835,43
"5466E4CF1D5D8C5481E577500E96881D6A9A5464","datapc64_merged_bnk_105038660_soundbank_es-mx.forge",557056,557056,384341,43
"5466E4CF1D5D8C5481E577500E96881D6A9A5464","datapc64_merged_bnk_105038660_soundmedia_es-mx.forge",4849664,4849664,4056162,43
"5466E4CF1D5D8C5481E577500E96881D6A9A5464","datapc64_merged_bnk_106167009_soundbank_es-mx.forge",491520,491520,340671,43
"5466E4CF1D5D8C5481E577500E96881D6A9A5464","datapc64_merged_bnk_soundbank_es-mx.forge",116948992,116948992,89412985,43
"5466E4CF1D5D8C5481E577500E96881D6A9A5464","datapc64_merged_bnk_soundmedia_es-mx.forge",575078400,575078400,482425416,43
"5466E4CF1D5D8C5481E577500E96881D6A9A5464","datapc64_merged_events_bnk_soundbank_es-mx.forge",3276800,3276800,3193092,43
"5466E4CF1D5D8C5481E577500E96881D6A9A5464","datapc64_merged_events_bnk_soundmedia_es-mx.forge",32768,32768,285,43
"5466E4CF1D5D8C5481E577500E96881D6A9A5464","datapc64_merged_bnk_000000003_soundbank_pt-br.forge",17956864,17956864,13444090,44
"5466E4CF1D5D8C5481E577500E96881D6A9A5464","datapc64_merged_bnk_000000003_soundmedia_pt-br.forge",46235648,46235648,39779579,44
"5466E4CF1D5D8C5481E577500E96881D6A9A5464","datapc64_merged_bnk_104622021_soundbank_pt-br.forge",32768,32768,7228,44
"5466E4CF1D5D8C5481E577500E96881D6A9A5464","datapc64_merged_bnk_104622021_soundmedia_pt-br.forge",65536,65536,41291,44
"5466E4CF1D5D8C5481E577500E96881D6A9A5464","datapc64_merged_bnk_105038660_soundbank_pt-br.forge",622592,622592,439189,44
"5466E4CF1D5D8C5481E577500E96881D6A9A5464","datapc64_merged_bnk_105038660_soundmedia_pt-br.forge",4980736,4980736,4215797,44
"5466E4CF1D5D8C5481E577500E96881D6A9A5464","datapc64_merged_bnk_106167009_soundbank_pt-br.forge",557056,557056,388338,44
"5466E4CF1D5D8C5481E577500E96881D6A9A5464","datapc64_merged_bnk_106167009_soundmedia_pt-br.forge",65536,65536,25274,44
"5466E4CF1D5D8C5481E577500E96881D6A9A5464","datapc64_merged_bnk_soundbank_pt-br.forge",117309440,117309440,89824666,44
"5466E4CF1D5D8C5481E577500E96881D6A9A5464","datapc64_merged_bnk_soundmedia_pt-br.forge",585433088,585433088,493081604,44
"5466E4CF1D5D8C5481E577500E96881D6A9A5464","datapc64_merged_events_bnk_soundbank_pt-br.forge",3112960,3112960,3013052,44
"5466E4CF1D5D8C5481E577500E96881D6A9A5464","datapc64_merged_events_bnk_soundmedia_pt-br.forge",32768,32768,285,44
"5466E4CF1D5D8C5481E577500E96881D6A9A5464","datapc64_merged_bnk_000000003_soundbank_ja-jp.forge",16646144,16646144,12209663,45
"5466E4CF1D5D8C5481E577500E96881D6A9A5464","datapc64_merged_bnk_000000003_soundmedia_ja-jp.forge",42401792,42401792,36099351,45
"5466E4CF1D5D8C5481E577500E96881D6A9A5464","datapc64_merged_bnk_105038660_soundbank_ja-jp.forge",524288,524288,366868,45
"5466E4CF1D5D8C5481E577500E96881D6A9A5464","datapc64_merged_bnk_105038660_soundmedia_ja-jp.forge",4653056,4653056,3821353,45
"5466E4CF1D5D8C5481E577500E96881D6A9A5464","datapc64_merged_bnk_106167009_soundbank_ja-jp.forge",458752,458752,323057,45
"5466E4CF1D5D8C5481E577500E96881D6A9A5464","datapc64_merged_bnk_soundbank_ja-jp.forge",106627072,106627072,79267248,45
"5466E4CF1D5D8C5481E577500E96881D6A9A5464","datapc64_merged_bnk_soundmedia_ja-jp.forge",528416768,528416768,436008442,45
"5466E4CF1D5D8C5481E577500E96881D6A9A5464","datapc64_merged_events_bnk_soundbank_ja-jp.forge",3014656,3014656,2940561,45
"5466E4CF1D5D8C5481E577500E96881D6A9A5464","datapc64_merged_events_bnk_soundmedia_ja-jp.forge",32768,32768,285,45
"5466E4CF1D5D8C5481E577500E96881D6A9A5464","datapc64_merged_bnk_000000003_soundbank_ru-ru.forge",17039360,17039360,12462900,46
"5466E4CF1D5D8C5481E577500E96881D6A9A5464","datapc64_merged_bnk_000000003_soundmedia_ru-ru.forge",42434560,42434560,36216410,46
"5466E4CF1D5D8C5481E577500E96881D6A9A5464","datapc64_merged_bnk_105038660_soundbank_ru-ru.forge",589824,589824,425561,46
"5466E4CF1D5D8C5481E577500E96881D6A9A5464","datapc64_merged_bnk_105038660_soundmedia_ru-ru.forge",4096000,4096000,3351503,46
"5466E4CF1D5D8C5481E577500E96881D6A9A5464","datapc64_merged_bnk_106167009_soundbank_ru-ru.forge",557056,557056,381757,46
"5466E4CF1D5D8C5481E577500E96881D6A9A5464","datapc64_merged_bnk_106167009_soundmedia_ru-ru.forge",65536,65536,21393,46
"5466E4CF1D5D8C5481E577500E96881D6A9A5464","datapc64_merged_bnk_107686263_soundmedia_ru-ru.forge",65536,65536,21380,46
"5466E4CF1D5D8C5481E577500E96881D6A9A5464","datapc64_merged_bnk_soundbank_ru-ru.forge",107118592,107118592,79767729,46
"5466E4CF1D5D8C5481E577500E96881D6A9A5464","datapc64_merged_bnk_soundmedia_ru-ru.forge",528842752,528842752,436948386,46
"5466E4CF1D5D8C5481E577500E96881D6A9A5464","datapc64_merged_events_bnk_soundbank_ru-ru.forge",2981888,2981888,2903875,46
"5466E4CF1D5D8C5481E577500E96881D6A9A5464","datapc64_merged_events_bnk_soundmedia_ru-ru.forge",32768,32768,285,46
"5466E4CF1D5D8C5481E577500E96881D6A9A5464","datapc64_merged_playgo_bnk_000000001_textures4.forge",6914048,6914048,6876574,47
"5466E4CF1D5D8C5481E577500E96881D6A9A5464","datapc64_merged_playgo_bnk_000000002_textures4.forge",51806208,51806208,51733978,47
"5466E4CF1D5D8C5481E577500E96881D6A9A5464","datapc64_merged_playgo_bnk_000000003_textures4.forge",18612224,18612224,18522445,47
"5466E4CF1D5D8C5481E577500E96881D6A9A5464","datapc64_merged_playgo_bnk_textures4.forge",301826048,301826048,299504922,47
"5466E4CF1D5D8C5481E577500E96881D6A9A5464","datapc64_mtx_playgo_bnk_textures4.forge",851968,851968,816665,47
"5466E4CF1D5D8C5481E577500E96881D6A9A5464","datapc64_merged_set01_bnk_000000001_textures4.forge",1149272064,1149272064,1148613976,48
"5466E4CF1D5D8C5481E577500E96881D6A9A5464","datapc64_merged_set01_bnk_000000002_textures4.forge",150765568,150765568,150172519,48
"5466E4CF1D5D8C5481E577500E96881D6A9A5464","datapc64_merged_set01_bnk_000000003_textures4.forge",162463744,162463744,162254499,48
"5466E4CF1D5D8C5481E577500E96881D6A9A5464","datapc64_merged_set01_bnk_textures4.forge",688390144,688390144,683056875,48
"5466E4CF1D5D8C5481E577500E96881D6A9A5464","datapc64_merged_set02_bnk_000000001_textures4.forge",524713984,524713984,523804062,49
"5466E4CF1D5D8C5481E577500E96881D6A9A5464","datapc64_merged_set02_bnk_000000002_textures4.forge",40632320,40632320,40558361,49
"5466E4CF1D5D8C5481E577500E96881D6A9A5464","datapc64_merged_set02_bnk_000000003_textures4.forge",673972224,673972224,673493149,49
"5466E4CF1D5D8C5481E577500E96881D6A9A5464","datapc64_merged_set02_bnk_101101136_textures4.forge",3670016,3670016,3644878,49
"5466E4CF1D5D8C5481E577500E96881D6A9A5464","datapc64_merged_set02_bnk_106167009_textures4.forge",2883584,2883584,2856602,49
"5466E4CF1D5D8C5481E577500E96881D6A9A5464","datapc64_merged_set02_bnk_textures4.forge",2509438976,2509438976,2504617614,49
"5466E4CF1D5D8C5481E577500E96881D6A9A5464","datapc64_merged_bnk_000000001_textures4.forge",963936256,963936256,961452647,50
"5466E4CF1D5D8C5481E577500E96881D6A9A5464","datapc64_merged_bnk_000000002_textures4.forge",2382168064,2382168064,2378898024,50
"5466E4CF1D5D8C5481E577500E96881D6A9A5464","datapc64_merged_bnk_000000003_textures4.forge",533561344,533561344,532005222,50
"5466E4CF1D5D8C5481E577500E96881D6A9A5464","datapc64_merged_bnk_105038660_textures4.forge",1703936,1703936,1676238,50
"5466E4CF1D5D8C5481E577500E96881D6A9A5464","datapc64_merged_bnk_106167009_textures4.forge",7700480,7700480,7636416,50
"5466E4CF1D5D8C5481E577500E96881D6A9A5464","datapc64_merged_bnk_107686263_textures4.forge",196608,196608,177250,50
"5466E4CF1D5D8C5481E577500E96881D6A9A5464","datapc64_merged_bnk_textures4.forge",9454387200,864452608,796763861,50
"5466E4CF1D5D8C5481E577500E96881D6A9A5464","datapc64_merged_events_bnk_105038660_textures4.forge",9043968,9043968,8995396,50
"5466E4CF1D5D8C5481E577500E96881D6A9A5464","datapc64_merged_events_bnk_textures4.forge",24772608,24772608,24577202,50
"5466E4CF1D5D8C5481E577500E96881D6A9A5464","datapc64_mtx_bnk_000000001_textures4.forge",599064576,599064576,597158722,50
"5466E4CF1D5D8C5481E577500E96881D6A9A5464","datapc64_mtx_bnk_000000002_textures4.forge",875757568,875757568,873257047,50
"5466E4CF1D5D8C5481E577500E96881D6A9A5464","datapc64_mtx_bnk_000000003_textures4.forge",765198336,765198336,762614208,50
"5466E4CF1D5D8C5481E577500E96881D6A9A5464","datapc64_mtx_bnk_101101136_textures4.forge",2981888,2981888,2930473,50
"5466E4CF1D5D8C5481E577500E96881D6A9A5464","datapc64_mtx_bnk_105038660_textures4.forge",524288,524288,487620,50
"5466E4CF1D5D8C5481E577500E96881D6A9A5464","datapc64_mtx_bnk_textures4.forge",462749696,462749696,456356096,50
"5466E4CF1D5D8C5481E577500E96881D6A9A5464","datapc64_dmtx_bnk_textures4.forge",252706816,252706816,252287047,50
