"635","83AAE8B6CA112E98483F5BD6334BB984AB14CC96","0000-00-00",932,75730218415,2715774383,3115190211,3
"83AAE8B6CA112E98483F5BD6334BB984AB14CC96","Support/FirewallHelper/FirewallInstall.exe",85720,85720,46869,0
"83AAE8B6CA112E98483F5BD6334BB984AB14CC96","Support/FirewallHelper/FirewallInstallHelper.dll",55512,55512,27085,0
"83AAE8B6CA112E98483F5BD6334BB984AB14CC96","Support/Cleaner/Cleaner.exe",16408,16408,10231,0
"83AAE8B6CA112E98483F5BD6334BB984AB14CC96","Support/Redist/DirectX-Runtime/APR2007_d3dx9_33_x64.cab",1607358,1607358,1605491,0
"83AAE8B6CA112E98483F5BD6334BB984AB14CC96","Support/Redist/DirectX-Runtime/APR2007_d3dx9_33_x86.cab",1606039,1606039,1602055,0
"83AAE8B6CA112E98483F5BD6334BB984AB14CC96","Support/Redist/DirectX-Runtime/APR2007_XACT_x64.cab",195766,195766,193955,0
"83AAE8B6CA112E98483F5BD6334BB984AB14CC96","Support/Redist/DirectX-Runtime/APR2007_XACT_x86.cab",151225,151225,149286,0
"83AAE8B6CA112E98483F5BD6334BB984AB14CC96","Support/Redist/DirectX-Runtime/APR2007_xinput_x64.cab",96817,96817,94662,0
"83AAE8B6CA112E98483F5BD6334BB984AB14CC96","Support/Redist/DirectX-Runtime/APR2007_xinput_x86.cab",53302,53302,51154,0
"83AAE8B6CA112E98483F5BD6334BB984AB14CC96","Support/Redist/DirectX-Runtime/Aug2005_d3dx9_27_x64.cab",1350542,1350542,1348555,0
"83AAE8B6CA112E98483F5BD6334BB984AB14CC96","Support/Redist/DirectX-Runtime/Aug2005_d3dx9_27_x86.cab",1077644,1077644,1075642,0
"83AAE8B6CA112E98483F5BD6334BB984AB14CC96","Support/Redist/DirectX-Runtime/AUG2006_XACT_x64.cab",182903,182903,180869,0
"83AAE8B6CA112E98483F5BD6334BB984AB14CC96","Support/Redist/DirectX-Runtime/AUG2006_XACT_x86.cab",137235,137235,135199,0
"83AAE8B6CA112E98483F5BD6334BB984AB14CC96","Support/Redist/DirectX-Runtime/AUG2006_xinput_x64.cab",87142,87142,85233,0
"83AAE8B6CA112E98483F5BD6334BB984AB14CC96","Support/Redist/DirectX-Runtime/AUG2006_xinput_x86.cab",46058,46058,44406,0
"83AAE8B6CA112E98483F5BD6334BB984AB14CC96","Support/Redist/DirectX-Runtime/AUG2007_d3dx10_35_x64.cab",852286,852286,851047,0
"83AAE8B6CA112E98483F5BD6334BB984AB14CC96","Support/Redist/DirectX-Runtime/AUG2007_d3dx10_35_x86.cab",796867,796867,794909,0
"83AAE8B6CA112E98483F5BD6334BB984AB14CC96","Support/Redist/DirectX-Runtime/AUG2007_d3dx9_35_x64.cab",1800160,1800160,1798315,0
"83AAE8B6CA112E98483F5BD6334BB984AB14CC96","Support/Redist/DirectX-Runtime/AUG2007_d3dx9_35_x86.cab",1708152,1708152,1706679,0
"83AAE8B6CA112E98483F5BD6334BB984AB14CC96","Support/Redist/DirectX-Runtime/AUG2007_XACT_x64.cab",198096,198096,196267,0
"83AAE8B6CA112E98483F5BD6334BB984AB14CC96","Support/Redist/DirectX-Runtime/AUG2007_XACT_x86.cab",153012,153012,151073,0
"83AAE8B6CA112E98483F5BD6334BB984AB14CC96","Support/Redist/DirectX-Runtime/Aug2008_d3dx10_39_x64.cab",867612,867612,865715,0
"83AAE8B6CA112E98483F5BD6334BB984AB14CC96","Support/Redist/DirectX-Runtime/Aug2008_d3dx10_39_x86.cab",849167,849167,847221,0
"83AAE8B6CA112E98483F5BD6334BB984AB14CC96","Support/Redist/DirectX-Runtime/Aug2008_d3dx9_39_x64.cab",1794084,1794084,1792349,0
"83AAE8B6CA112E98483F5BD6334BB984AB14CC96","Support/Redist/DirectX-Runtime/Aug2008_d3dx9_39_x86.cab",1464672,1464672,1462704,0
"83AAE8B6CA112E98483F5BD6334BB984AB14CC96","Support/Redist/DirectX-Runtime/Aug2008_XACT_x64.cab",121772,121772,119680,0
"83AAE8B6CA112E98483F5BD6334BB984AB14CC96","Support/Redist/DirectX-Runtime/Aug2008_XACT_x86.cab",92996,92996,91466,0
"83AAE8B6CA112E98483F5BD6334BB984AB14CC96","Support/Redist/DirectX-Runtime/Aug2008_XAudio_x64.cab",271412,271412,269402,0
"83AAE8B6CA112E98483F5BD6334BB984AB14CC96","Support/Redist/DirectX-Runtime/Aug2008_XAudio_x86.cab",271038,271038,268986,0
"83AAE8B6CA112E98483F5BD6334BB984AB14CC96","Support/Redist/DirectX-Runtime/Aug2009_D3DCompiler_42_x64.cab",919044,919044,913576,0
"83AAE8B6CA112E98483F5BD6334BB984AB14CC96","Support/Redist/DirectX-Runtime/Aug2009_D3DCompiler_42_x86.cab",900598,900598,897886,0
"83AAE8B6CA112E98483F5BD6334BB984AB14CC96","Support/Redist/DirectX-Runtime/Aug2009_d3dcsx_42_x64.cab",3112111,3112111,3110417,0
"83AAE8B6CA112E98483F5BD6334BB984AB14CC96","Support/Redist/DirectX-Runtime/Aug2009_d3dcsx_42_x86.cab",3319740,3319740,3317659,0
"83AAE8B6CA112E98483F5BD6334BB984AB14CC96","Support/Redist/DirectX-Runtime/Aug2009_d3dx10_42_x64.cab",232635,232635,230697,0
"83AAE8B6CA112E98483F5BD6334BB984AB14CC96","Support/Redist/DirectX-Runtime/Aug2009_d3dx10_42_x86.cab",192131,192131,190122,0
"83AAE8B6CA112E98483F5BD6334BB984AB14CC96","Support/Redist/DirectX-Runtime/Aug2009_d3dx11_42_x64.cab",136301,136301,134360,0
"83AAE8B6CA112E98483F5BD6334BB984AB14CC96","Support/Redist/DirectX-Runtime/Aug2009_d3dx11_42_x86.cab",105044,105044,102957,0
"83AAE8B6CA112E98483F5BD6334BB984AB14CC96","Support/Redist/DirectX-Runtime/Aug2009_d3dx9_42_x64.cab",930116,930116,928121,0
"83AAE8B6CA112E98483F5BD6334BB984AB14CC96","Support/Redist/DirectX-Runtime/Aug2009_d3dx9_42_x86.cab",728456,728456,725680,0
"83AAE8B6CA112E98483F5BD6334BB984AB14CC96","Support/Redist/DirectX-Runtime/Aug2009_XACT_x64.cab",122408,122408,122420,0
"83AAE8B6CA112E98483F5BD6334BB984AB14CC96","Support/Redist/DirectX-Runtime/Aug2009_XACT_x86.cab",93106,93106,91203,0
"83AAE8B6CA112E98483F5BD6334BB984AB14CC96","Support/Redist/DirectX-Runtime/Aug2009_XAudio_x64.cab",273264,273264,271254,0
"83AAE8B6CA112E98483F5BD6334BB984AB14CC96","Support/Redist/DirectX-Runtime/Aug2009_XAudio_x86.cab",272642,272642,270688,0
"83AAE8B6CA112E98483F5BD6334BB984AB14CC96","Support/Redist/DirectX-Runtime/Dec2005_d3dx9_28_x64.cab",1357976,1357976,1356058,0
"83AAE8B6CA112E98483F5BD6334BB984AB14CC96","Support/Redist/DirectX-Runtime/Dec2005_d3dx9_28_x86.cab",1079456,1079456,1077516,0
"83AAE8B6CA112E98483F5BD6334BB984AB14CC96","Support/Redist/DirectX-Runtime/DEC2006_d3dx10_00_x64.cab",212807,212807,210814,0
"83AAE8B6CA112E98483F5BD6334BB984AB14CC96","Support/Redist/DirectX-Runtime/DEC2006_d3dx10_00_x86.cab",191720,191720,189725,0
"83AAE8B6CA112E98483F5BD6334BB984AB14CC96","Support/Redist/DirectX-Runtime/DEC2006_d3dx9_32_x64.cab",1571154,1571154,1568983,0
"83AAE8B6CA112E98483F5BD6334BB984AB14CC96","Support/Redist/DirectX-Runtime/DEC2006_d3dx9_32_x86.cab",1574376,1574376,1571149,0
"83AAE8B6CA112E98483F5BD6334BB984AB14CC96","Support/Redist/DirectX-Runtime/DEC2006_XACT_x64.cab",192475,192475,190497,0
"83AAE8B6CA112E98483F5BD6334BB984AB14CC96","Support/Redist/DirectX-Runtime/DEC2006_XACT_x86.cab",145599,145599,143621,0
"83AAE8B6CA112E98483F5BD6334BB984AB14CC96","Support/Redist/DirectX-Runtime/DSETUP.dll",95576,95576,49929,0
"83AAE8B6CA112E98483F5BD6334BB984AB14CC96","Support/Redist/DirectX-Runtime/dsetup32.dll",1566040,1566040,130247,0
"83AAE8B6CA112E98483F5BD6334BB984AB14CC96","Support/Redist/DirectX-Runtime/dxdllreg_x86.cab",44624,44624,42623,0
"83AAE8B6CA112E98483F5BD6334BB984AB14CC96","Support/Redist/DirectX-Runtime/DXSETUP.exe",517976,517976,115376,0
"83AAE8B6CA112E98483F5BD6334BB984AB14CC96","Support/Redist/DirectX-Runtime/dxupdate.cab",97152,97152,94990,0
"83AAE8B6CA112E98483F5BD6334BB984AB14CC96","Support/Redist/DirectX-Runtime/Feb2005_d3dx9_24_x64.cab",1247499,1247499,1245519,0
"83AAE8B6CA112E98483F5BD6334BB984AB14CC96","Support/Redist/DirectX-Runtime/Feb2005_d3dx9_24_x86.cab",1013225,1013225,1009372,0
"83AAE8B6CA112E98483F5BD6334BB984AB14CC96","Support/Redist/DirectX-Runtime/Feb2006_d3dx9_29_x64.cab",1362796,1362796,1360921,0
"83AAE8B6CA112E98483F5BD6334BB984AB14CC96","Support/Redist/DirectX-Runtime/Feb2006_d3dx9_29_x86.cab",1084720,1084720,1080519,0
"83AAE8B6CA112E98483F5BD6334BB984AB14CC96","Support/Redist/DirectX-Runtime/Feb2006_XACT_x64.cab",178359,178359,176346,0
"83AAE8B6CA112E98483F5BD6334BB984AB14CC96","Support/Redist/DirectX-Runtime/Feb2006_XACT_x86.cab",132409,132409,132022,0
"83AAE8B6CA112E98483F5BD6334BB984AB14CC96","Support/Redist/DirectX-Runtime/FEB2007_XACT_x64.cab",194675,194675,192737,0
"83AAE8B6CA112E98483F5BD6334BB984AB14CC96","Support/Redist/DirectX-Runtime/FEB2007_XACT_x86.cab",147983,147983,145948,0
"83AAE8B6CA112E98483F5BD6334BB984AB14CC96","Support/Redist/DirectX-Runtime/Feb2010_X3DAudio_x64.cab",54678,54678,52500,0
"83AAE8B6CA112E98483F5BD6334BB984AB14CC96","Support/Redist/DirectX-Runtime/Feb2010_X3DAudio_x86.cab",20713,20713,18511,0
"83AAE8B6CA112E98483F5BD6334BB984AB14CC96","Support/Redist/DirectX-Runtime/Feb2010_XACT_x64.cab",122446,122446,122458,0
"83AAE8B6CA112E98483F5BD6334BB984AB14CC96","Support/Redist/DirectX-Runtime/Feb2010_XACT_x86.cab",93180,93180,91138,0
"83AAE8B6CA112E98483F5BD6334BB984AB14CC96","Support/Redist/DirectX-Runtime/Feb2010_XAudio_x64.cab",276960,276960,274962,0
"83AAE8B6CA112E98483F5BD6334BB984AB14CC96","Support/Redist/DirectX-Runtime/Feb2010_XAudio_x86.cab",277191,277191,275184,0
"83AAE8B6CA112E98483F5BD6334BB984AB14CC96","Support/Redist/DirectX-Runtime/Jun2005_d3dx9_26_x64.cab",1336002,1336002,1334060,0
"83AAE8B6CA112E98483F5BD6334BB984AB14CC96","Support/Redist/DirectX-Runtime/Jun2005_d3dx9_26_x86.cab",1064925,1064925,1060721,0
"83AAE8B6CA112E98483F5BD6334BB984AB14CC96","Support/Redist/DirectX-Runtime/JUN2006_XACT_x64.cab",180785,180785,178830,0
"83AAE8B6CA112E98483F5BD6334BB984AB14CC96","Support/Redist/DirectX-Runtime/JUN2006_XACT_x86.cab",133671,133671,132768,0
"83AAE8B6CA112E98483F5BD6334BB984AB14CC96","Support/Redist/DirectX-Runtime/JUN2007_d3dx10_34_x64.cab",699044,699044,697272,0
"83AAE8B6CA112E98483F5BD6334BB984AB14CC96","Support/Redist/DirectX-Runtime/JUN2007_d3dx10_34_x86.cab",698472,698472,696700,0
"83AAE8B6CA112E98483F5BD6334BB984AB14CC96","Support/Redist/DirectX-Runtime/JUN2007_d3dx9_34_x64.cab",1607774,1607774,1605902,0
"83AAE8B6CA112E98483F5BD6334BB984AB14CC96","Support/Redist/DirectX-Runtime/JUN2007_d3dx9_34_x86.cab",1607286,1607286,1605417,0
"83AAE8B6CA112E98483F5BD6334BB984AB14CC96","Support/Redist/DirectX-Runtime/JUN2007_XACT_x64.cab",197122,197122,195088,0
"83AAE8B6CA112E98483F5BD6334BB984AB14CC96","Support/Redist/DirectX-Runtime/JUN2007_XACT_x86.cab",152909,152909,150931,0
"83AAE8B6CA112E98483F5BD6334BB984AB14CC96","Support/Redist/DirectX-Runtime/JUN2008_d3dx10_38_x64.cab",867828,867828,865930,0
"83AAE8B6CA112E98483F5BD6334BB984AB14CC96","Support/Redist/DirectX-Runtime/JUN2008_d3dx10_38_x86.cab",849919,849919,847967,0
"83AAE8B6CA112E98483F5BD6334BB984AB14CC96","Support/Redist/DirectX-Runtime/JUN2008_d3dx9_38_x64.cab",1792608,1792608,1790743,0
"83AAE8B6CA112E98483F5BD6334BB984AB14CC96","Support/Redist/DirectX-Runtime/JUN2008_d3dx9_38_x86.cab",1463878,1463878,1461906,0
"83AAE8B6CA112E98483F5BD6334BB984AB14CC96","Support/Redist/DirectX-Runtime/JUN2008_X3DAudio_x64.cab",55154,55154,53191,0
"83AAE8B6CA112E98483F5BD6334BB984AB14CC96","Support/Redist/DirectX-Runtime/JUN2008_X3DAudio_x86.cab",21905,21905,19789,0
"83AAE8B6CA112E98483F5BD6334BB984AB14CC96","Support/Redist/DirectX-Runtime/JUN2008_XACT_x64.cab",121054,121054,121066,0
"83AAE8B6CA112E98483F5BD6334BB984AB14CC96","Support/Redist/DirectX-Runtime/JUN2008_XACT_x86.cab",93128,93128,91224,0
"83AAE8B6CA112E98483F5BD6334BB984AB14CC96","Support/Redist/DirectX-Runtime/JUN2008_XAudio_x64.cab",269628,269628,267618,0
"83AAE8B6CA112E98483F5BD6334BB984AB14CC96","Support/Redist/DirectX-Runtime/JUN2008_XAudio_x86.cab",269024,269024,267014,0
"83AAE8B6CA112E98483F5BD6334BB984AB14CC96","Support/Redist/DirectX-Runtime/Jun2010_D3DCompiler_43_x64.cab",944460,944460,942464,0
"83AAE8B6CA112E98483F5BD6334BB984AB14CC96","Support/Redist/DirectX-Runtime/Jun2010_D3DCompiler_43_x86.cab",931471,931471,929447,0
"83AAE8B6CA112E98483F5BD6334BB984AB14CC96","Support/Redist/DirectX-Runtime/Jun2010_d3dcsx_43_x64.cab",752783,752783,750548,0
"83AAE8B6CA112E98483F5BD6334BB984AB14CC96","Support/Redist/DirectX-Runtime/Jun2010_d3dcsx_43_x86.cab",762188,762188,755098,0
"83AAE8B6CA112E98483F5BD6334BB984AB14CC96","Support/Redist/DirectX-Runtime/Jun2010_d3dx10_43_x64.cab",235955,235955,233950,0
"83AAE8B6CA112E98483F5BD6334BB984AB14CC96","Support/Redist/DirectX-Runtime/Jun2010_d3dx10_43_x86.cab",197283,197283,195345,0
"83AAE8B6CA112E98483F5BD6334BB984AB14CC96","Support/Redist/DirectX-Runtime/Jun2010_d3dx11_43_x64.cab",138205,138205,136170,0
"83AAE8B6CA112E98483F5BD6334BB984AB14CC96","Support/Redist/DirectX-Runtime/Jun2010_d3dx11_43_x86.cab",109445,109445,107341,0
"83AAE8B6CA112E98483F5BD6334BB984AB14CC96","Support/Redist/DirectX-Runtime/Jun2010_d3dx9_43_x64.cab",937246,937246,935254,0
"83AAE8B6CA112E98483F5BD6334BB984AB14CC96","Support/Redist/DirectX-Runtime/Jun2010_d3dx9_43_x86.cab",768036,768036,765422,0
"83AAE8B6CA112E98483F5BD6334BB984AB14CC96","Support/Redist/DirectX-Runtime/Jun2010_XACT_x64.cab",124596,124596,124608,0
"83AAE8B6CA112E98483F5BD6334BB984AB14CC96","Support/Redist/DirectX-Runtime/Jun2010_XACT_x86.cab",93686,93686,91542,0
"83AAE8B6CA112E98483F5BD6334BB984AB14CC96","Support/Redist/DirectX-Runtime/Jun2010_XAudio_x64.cab",277338,277338,275329,0
"83AAE8B6CA112E98483F5BD6334BB984AB14CC96","Support/Redist/DirectX-Runtime/Jun2010_XAudio_x86.cab",278060,278060,276023,0
"83AAE8B6CA112E98483F5BD6334BB984AB14CC96","Support/Redist/DirectX-Runtime/Mar2008_d3dx10_37_x64.cab",844884,844884,843514,0
"83AAE8B6CA112E98483F5BD6334BB984AB14CC96","Support/Redist/DirectX-Runtime/Mar2008_d3dx10_37_x86.cab",818260,818260,816363,0
"83AAE8B6CA112E98483F5BD6334BB984AB14CC96","Support/Redist/DirectX-Runtime/Mar2008_d3dx9_37_x64.cab",1769862,1769862,1767983,0
"83AAE8B6CA112E98483F5BD6334BB984AB14CC96","Support/Redist/DirectX-Runtime/Mar2008_d3dx9_37_x86.cab",1443282,1443282,1440418,0
"83AAE8B6CA112E98483F5BD6334BB984AB14CC96","Support/Redist/DirectX-Runtime/Mar2008_X3DAudio_x64.cab",55058,55058,52883,0
"83AAE8B6CA112E98483F5BD6334BB984AB14CC96","Support/Redist/DirectX-Runtime/Mar2008_X3DAudio_x86.cab",21867,21867,19737,0
"83AAE8B6CA112E98483F5BD6334BB984AB14CC96","Support/Redist/DirectX-Runtime/Mar2008_XACT_x64.cab",122336,122336,122348,0
"83AAE8B6CA112E98483F5BD6334BB984AB14CC96","Support/Redist/DirectX-Runtime/Mar2008_XACT_x86.cab",93734,93734,91832,0
"83AAE8B6CA112E98483F5BD6334BB984AB14CC96","Support/Redist/DirectX-Runtime/Mar2008_XAudio_x64.cab",251194,251194,249238,0
"83AAE8B6CA112E98483F5BD6334BB984AB14CC96","Support/Redist/DirectX-Runtime/Mar2008_XAudio_x86.cab",226250,226250,224266,0
"83AAE8B6CA112E98483F5BD6334BB984AB14CC96","Support/Redist/DirectX-Runtime/Mar2009_d3dx10_41_x64.cab",1067160,1067160,1061431,0
"83AAE8B6CA112E98483F5BD6334BB984AB14CC96","Support/Redist/DirectX-Runtime/Mar2009_d3dx10_41_x86.cab",1040745,1040745,1038028,0
"83AAE8B6CA112E98483F5BD6334BB984AB14CC96","Support/Redist/DirectX-Runtime/Mar2009_d3dx9_41_x64.cab",1973702,1973702,1967268,0
"83AAE8B6CA112E98483F5BD6334BB984AB14CC96","Support/Redist/DirectX-Runtime/Mar2009_d3dx9_41_x86.cab",1612446,1612446,1608470,0
"83AAE8B6CA112E98483F5BD6334BB984AB14CC96","Support/Redist/DirectX-Runtime/Mar2009_X3DAudio_x64.cab",54600,54600,52525,0
"83AAE8B6CA112E98483F5BD6334BB984AB14CC96","Support/Redist/DirectX-Runtime/Mar2009_X3DAudio_x86.cab",21298,21298,19214,0
"83AAE8B6CA112E98483F5BD6334BB984AB14CC96","Support/Redist/DirectX-Runtime/Mar2009_XACT_x64.cab",121506,121506,121518,0
"83AAE8B6CA112E98483F5BD6334BB984AB14CC96","Support/Redist/DirectX-Runtime/Mar2009_XACT_x86.cab",92740,92740,90837,0
"83AAE8B6CA112E98483F5BD6334BB984AB14CC96","Support/Redist/DirectX-Runtime/Mar2009_XAudio_x64.cab",275044,275044,273064,0
"83AAE8B6CA112E98483F5BD6334BB984AB14CC96","Support/Redist/DirectX-Runtime/Mar2009_XAudio_x86.cab",273018,273018,270971,0
"83AAE8B6CA112E98483F5BD6334BB984AB14CC96","Support/Redist/DirectX-Runtime/Nov2007_d3dx10_36_x64.cab",864600,864600,862959,0
"83AAE8B6CA112E98483F5BD6334BB984AB14CC96","Support/Redist/DirectX-Runtime/Nov2007_d3dx10_36_x86.cab",803884,803884,801919,0
"83AAE8B6CA112E98483F5BD6334BB984AB14CC96","Support/Redist/DirectX-Runtime/Nov2007_d3dx9_36_x64.cab",1802058,1802058,1799973,0
"83AAE8B6CA112E98483F5BD6334BB984AB14CC96","Support/Redist/DirectX-Runtime/Nov2007_d3dx9_36_x86.cab",1709360,1709360,1707488,0
"83AAE8B6CA112E98483F5BD6334BB984AB14CC96","Support/Redist/DirectX-Runtime/NOV2007_X3DAudio_x64.cab",46144,46144,44216,0
"83AAE8B6CA112E98483F5BD6334BB984AB14CC96","Support/Redist/DirectX-Runtime/NOV2007_X3DAudio_x86.cab",18496,18496,16387,0
"83AAE8B6CA112E98483F5BD6334BB984AB14CC96","Support/Redist/DirectX-Runtime/NOV2007_XACT_x64.cab",196762,196762,194809,0
"83AAE8B6CA112E98483F5BD6334BB984AB14CC96","Support/Redist/DirectX-Runtime/NOV2007_XACT_x86.cab",148264,148264,146270,0
"83AAE8B6CA112E98483F5BD6334BB984AB14CC96","Support/Redist/DirectX-Runtime/Nov2008_d3dx10_40_x64.cab",994154,994154,988999,0
"83AAE8B6CA112E98483F5BD6334BB984AB14CC96","Support/Redist/DirectX-Runtime/Nov2008_d3dx10_40_x86.cab",965421,965421,963444,0
"83AAE8B6CA112E98483F5BD6334BB984AB14CC96","Support/Redist/DirectX-Runtime/Nov2008_d3dx9_40_x64.cab",1906878,1906878,1901459,0
"83AAE8B6CA112E98483F5BD6334BB984AB14CC96","Support/Redist/DirectX-Runtime/Nov2008_d3dx9_40_x86.cab",1550796,1550796,1548586,0
"83AAE8B6CA112E98483F5BD6334BB984AB14CC96","Support/Redist/DirectX-Runtime/Nov2008_X3DAudio_x64.cab",54522,54522,52589,0
"83AAE8B6CA112E98483F5BD6334BB984AB14CC96","Support/Redist/DirectX-Runtime/Nov2008_X3DAudio_x86.cab",21851,21851,19648,0
"83AAE8B6CA112E98483F5BD6334BB984AB14CC96","Support/Redist/DirectX-Runtime/Nov2008_XACT_x64.cab",121794,121794,121806,0
"83AAE8B6CA112E98483F5BD6334BB984AB14CC96","Support/Redist/DirectX-Runtime/Nov2008_XACT_x86.cab",92684,92684,90781,0
"83AAE8B6CA112E98483F5BD6334BB984AB14CC96","Support/Redist/DirectX-Runtime/Nov2008_XAudio_x64.cab",273960,273960,271992,0
"83AAE8B6CA112E98483F5BD6334BB984AB14CC96","Support/Redist/DirectX-Runtime/Nov2008_XAudio_x86.cab",272611,272611,270614,0
"83AAE8B6CA112E98483F5BD6334BB984AB14CC96","Support/Redist/DirectX-Runtime/Oct2005_xinput_x64.cab",86037,86037,83984,0
"83AAE8B6CA112E98483F5BD6334BB984AB14CC96","Support/Redist/DirectX-Runtime/Oct2005_xinput_x86.cab",45359,45359,43281,0
"83AAE8B6CA112E98483F5BD6334BB984AB14CC96","Support/Redist/DirectX-Runtime/OCT2006_d3dx9_31_x64.cab",1412902,1412902,1410960,0
"83AAE8B6CA112E98483F5BD6334BB984AB14CC96","Support/Redist/DirectX-Runtime/OCT2006_d3dx9_31_x86.cab",1127217,1127217,1124413,0
"83AAE8B6CA112E98483F5BD6334BB984AB14CC96","Support/Redist/DirectX-Runtime/OCT2006_XACT_x64.cab",182361,182361,180408,0
"83AAE8B6CA112E98483F5BD6334BB984AB14CC96","Support/Redist/DirectX-Runtime/OCT2006_XACT_x86.cab",138017,138017,135982,0
"83AAE8B6CA112E98483F5BD6334BB984AB14CC96","Support/Redist/VS2010Runtime/vcredist_x64.exe",5673816,5673816,5653779,0
"83AAE8B6CA112E98483F5BD6334BB984AB14CC96","Support/Redist/VS2012Runtime/vcredist_x64.exe",7185000,7185000,6993829,0
"83AAE8B6CA112E98483F5BD6334BB984AB14CC96","Support/Redist/VS2019Runtime/vcredist_x64.exe",25397512,25397512,24963476,0
"83AAE8B6CA112E98483F5BD6334BB984AB14CC96","Support/eula/EULA-v1.0-BRAZIL.htm",33859,33859,12285,0
"83AAE8B6CA112E98483F5BD6334BB984AB14CC96","Support/eula/EULA-v1.0-CANADA_EN.htm",30494,30494,11194,0
"83AAE8B6CA112E98483F5BD6334BB984AB14CC96","Support/eula/EULA-v1.0-CANADA_FR.htm",37199,37199,12970,0
"83AAE8B6CA112E98483F5BD6334BB984AB14CC96","Support/eula/EULA-v1.0-CHINESE_SIM.htm",25598,25598,10306,0
"83AAE8B6CA112E98483F5BD6334BB984AB14CC96","Support/eula/EULA-v1.0-CZECH_REP.htm",34017,34017,12834,0
"83AAE8B6CA112E98483F5BD6334BB984AB14CC96","Support/eula/EULA-v1.0-DENMARK.htm",32283,32283,11991,0
"83AAE8B6CA112E98483F5BD6334BB984AB14CC96","Support/eula/EULA-v1.0-EXPORT_EN.htm",30220,30220,11040,0
"83AAE8B6CA112E98483F5BD6334BB984AB14CC96","Support/eula/EULA-v1.0-EXPORT_SP.htm",35569,35569,12501,0
"83AAE8B6CA112E98483F5BD6334BB984AB14CC96","Support/eula/EULA-v1.0-FINLAND.htm",32903,32903,12570,0
"83AAE8B6CA112E98483F5BD6334BB984AB14CC96","Support/eula/EULA-v1.0-FRANCE.htm",36962,36962,12922,0
"83AAE8B6CA112E98483F5BD6334BB984AB14CC96","Support/eula/EULA-v1.0-GERMANY.htm",36980,36980,13505,0
"83AAE8B6CA112E98483F5BD6334BB984AB14CC96","Support/eula/EULA-v1.0-HUNGARY.htm",34641,34641,12612,0
"83AAE8B6CA112E98483F5BD6334BB984AB14CC96","Support/eula/EULA-v1.0-ITALY.htm",35802,35802,12214,0
"83AAE8B6CA112E98483F5BD6334BB984AB14CC96","Support/eula/EULA-v1.0-JAPAN.htm",41673,41673,12088,0
"83AAE8B6CA112E98483F5BD6334BB984AB14CC96","Support/eula/EULA-v1.0-NETHERLANDS.htm",36394,36394,12639,0
"83AAE8B6CA112E98483F5BD6334BB984AB14CC96","Support/eula/EULA-v1.0-NORWAY.htm",32994,32994,11789,0
"83AAE8B6CA112E98483F5BD6334BB984AB14CC96","Support/eula/EULA-v1.0-POLAND.htm",37450,37450,13563,0
"83AAE8B6CA112E98483F5BD6334BB984AB14CC96","Support/eula/EULA-v1.0-PORTUGAL.htm",34023,34023,12205,0
"83AAE8B6CA112E98483F5BD6334BB984AB14CC96","Support/eula/EULA-v1.0-RUSSIA.htm",64807,64807,16169,0
"83AAE8B6CA112E98483F5BD6334BB984AB14CC96","Support/eula/EULA-v1.0-SPAIN.htm",35502,35502,12541,0
"83AAE8B6CA112E98483F5BD6334BB984AB14CC96","Support/eula/EULA-v1.0-SWEDEN.htm",32997,32997,11737,0
"83AAE8B6CA112E98483F5BD6334BB984AB14CC96","Support/eula/EULA-v1.0-UK.htm",30169,30169,11034,0
"83AAE8B6CA112E98483F5BD6334BB984AB14CC96","Support/eula/EULA-v1.0-US.htm",34101,34101,12440,0
"83AAE8B6CA112E98483F5BD6334BB984AB14CC96","Support/readme/ReadMe-br.txt",13903,13903,4468,0
"83AAE8B6CA112E98483F5BD6334BB984AB14CC96","Support/readme/ReadMe-cs.txt",12252,12252,4690,0
"83AAE8B6CA112E98483F5BD6334BB984AB14CC96","Support/readme/ReadMe-ct.txt",12232,12232,4662,0
"83AAE8B6CA112E98483F5BD6334BB984AB14CC96","Support/readme/ReadMe-cz.txt",12486,12486,4334,0
"83AAE8B6CA112E98483F5BD6334BB984AB14CC96","Support/readme/ReadMe-de.txt",14132,14132,4623,0
"83AAE8B6CA112E98483F5BD6334BB984AB14CC96","Support/readme/ReadMe-en.txt",12729,12729,4215,0
"83AAE8B6CA112E98483F5BD6334BB984AB14CC96","Support/readme/ReadMe-es.txt",11478,11478,3565,0
"83AAE8B6CA112E98483F5BD6334BB984AB14CC96","Support/readme/ReadMe-fr.txt",13819,13819,4337,0
"83AAE8B6CA112E98483F5BD6334BB984AB14CC96","Support/readme/ReadMe-it.txt",11072,11072,3481,0
"83AAE8B6CA112E98483F5BD6334BB984AB14CC96","Support/readme/ReadMe-jp.txt",12764,12764,3866,0
"83AAE8B6CA112E98483F5BD6334BB984AB14CC96","Support/readme/ReadMe-kr.txt",13939,13939,4633,0
"83AAE8B6CA112E98483F5BD6334BB984AB14CC96","Support/readme/ReadMe-mx.txt",13989,13989,4485,0
"83AAE8B6CA112E98483F5BD6334BB984AB14CC96","Support/readme/ReadMe-nl.txt",11185,11185,3490,0
"83AAE8B6CA112E98483F5BD6334BB984AB14CC96","Support/readme/ReadMe-pl.txt",13476,13476,4609,0
"83AAE8B6CA112E98483F5BD6334BB984AB14CC96","Support/readme/ReadMe-ru.txt",20270,20270,5477,0
"83AAE8B6CA112E98483F5BD6334BB984AB14CC96","Support/benchmark/benchmark_template.html",792738,792738,449784,0
"83AAE8B6CA112E98483F5BD6334BB984AB14CC96","Support/benchmark/font_arabic1",257820,257820,104764,0
"83AAE8B6CA112E98483F5BD6334BB984AB14CC96","Support/benchmark/font_arabic2",276064,276064,97435,0
"83AAE8B6CA112E98483F5BD6334BB984AB14CC96","Support/benchmark/font_chinas1",812176,812176,279094,0
"83AAE8B6CA112E98483F5BD6334BB984AB14CC96","Support/benchmark/font_chinas2",276064,276064,97435,0
"83AAE8B6CA112E98483F5BD6334BB984AB14CC96","Support/benchmark/font_chinat1",812176,812176,279094,0
"83AAE8B6CA112E98483F5BD6334BB984AB14CC96","Support/benchmark/font_chinat2",276064,276064,97435,0
"83AAE8B6CA112E98483F5BD6334BB984AB14CC96","Support/benchmark/font_japan1",812176,812176,279094,0
"83AAE8B6CA112E98483F5BD6334BB984AB14CC96","Support/benchmark/font_japan2",276064,276064,97435,0
"83AAE8B6CA112E98483F5BD6334BB984AB14CC96","Support/benchmark/font_korea1",812176,812176,279094,0
"83AAE8B6CA112E98483F5BD6334BB984AB14CC96","Support/benchmark/font_korea2",276064,276064,97435,0
"83AAE8B6CA112E98483F5BD6334BB984AB14CC96","Support/benchmark/font1",156546,156546,64369,0
"83AAE8B6CA112E98483F5BD6334BB984AB14CC96","Support/benchmark/font2",146642,146642,73954,0
"83AAE8B6CA112E98483F5BD6334BB984AB14CC96","localization.lang",14,14,23,0
"83AAE8B6CA112E98483F5BD6334BB984AB14CC96","streaminginstall.ini",44512,44512,4466,0
"83AAE8B6CA112E98483F5BD6334BB984AB14CC96","dbghelp.dll",2180616,2180616,946031,0
"83AAE8B6CA112E98483F5BD6334BB984AB14CC96","ekshaderspcdx12compress.bin",111099739,111099739,103783489,0
"83AAE8B6CA112E98483F5BD6334BB984AB14CC96","gpudatabase_win64.dll",156184,156184,30207,0
"83AAE8B6CA112E98483F5BD6334BB984AB14CC96","extendedpcidevs.txt",147456,147456,19742,0
"83AAE8B6CA112E98483F5BD6334BB984AB14CC96","symsrv.dll",386568,386568,159614,0
"83AAE8B6CA112E98483F5BD6334BB984AB14CC96","upc_r2_loader.dll",316568,316568,140711,0
"83AAE8B6CA112E98483F5BD6334BB984AB14CC96","upc_r2_loader64.dll",413848,413848,173613,0
"83AAE8B6CA112E98483F5BD6334BB984AB14CC96","steam_api64.dll",262944,262944,125454,0
"83AAE8B6CA112E98483F5BD6334BB984AB14CC96","amd_ags_x64.dll",172200,172200,92234,0
"83AAE8B6CA112E98483F5BD6334BB984AB14CC96","gfsdk_aftermath_lib.x64.dll",5570136,5570136,2064134,0
"83AAE8B6CA112E98483F5BD6334BB984AB14CC96","nvlowlatencyvk.dll",48952,48952,24998,0
"83AAE8B6CA112E98483F5BD6334BB984AB14CC96","nvngx_dlss.dll",51717160,51717160,33568215,0
"83AAE8B6CA112E98483F5BD6334BB984AB14CC96","vivoxsdk.dll",12219088,12219088,7275241,0
"83AAE8B6CA112E98483F5BD6334BB984AB14CC96","fvad.dll",39960,39960,22152,0
"83AAE8B6CA112E98483F5BD6334BB984AB14CC96","libcurl.dll",507920,507920,270524,0
"83AAE8B6CA112E98483F5BD6334BB984AB14CC96","libtox.dll",261280,261280,111646,0
"83AAE8B6CA112E98483F5BD6334BB984AB14CC96","opus.dll",416272,416272,245729,0
"83AAE8B6CA112E98483F5BD6334BB984AB14CC96","opusenc.dll",65560,65560,38984,0
"83AAE8B6CA112E98483F5BD6334BB984AB14CC96","zlib1.dll",105488,105488,60160,0
"83AAE8B6CA112E98483F5BD6334BB984AB14CC96","BattlEye/BELauncher.ini",93,93,98,0
"83AAE8B6CA112E98483F5BD6334BB984AB14CC96","BattlEye/Install_BattlEye.bat",64,64,73,0
"83AAE8B6CA112E98483F5BD6334BB984AB14CC96","BattlEye/Uninstall_BattlEye.bat",64,64,73,0
"83AAE8B6CA112E98483F5BD6334BB984AB14CC96","BattlEye/Privacy/cs.txt",1545,1545,822,0
"83AAE8B6CA112E98483F5BD6334BB984AB14CC96","BattlEye/Privacy/cs-CZ.txt",1545,1545,822,0
"83AAE8B6CA112E98483F5BD6334BB984AB14CC96","BattlEye/Privacy/de.txt",1445,1445,742,0
"83AAE8B6CA112E98483F5BD6334BB984AB14CC96","BattlEye/Privacy/de-DE.txt",1445,1445,742,0
"83AAE8B6CA112E98483F5BD6334BB984AB14CC96","BattlEye/Privacy/en.txt",1302,1302,628,0
"83AAE8B6CA112E98483F5BD6334BB984AB14CC96","BattlEye/Privacy/en-US.txt",1302,1302,628,0
"83AAE8B6CA112E98483F5BD6334BB984AB14CC96","BattlEye/Privacy/es.txt",1532,1532,727,0
"83AAE8B6CA112E98483F5BD6334BB984AB14CC96","BattlEye/Privacy/es-ES.txt",1532,1532,727,0
"83AAE8B6CA112E98483F5BD6334BB984AB14CC96","BattlEye/Privacy/es-MX.txt",1540,1540,729,0
"83AAE8B6CA112E98483F5BD6334BB984AB14CC96","BattlEye/Privacy/fr.txt",1677,1677,817,0
"83AAE8B6CA112E98483F5BD6334BB984AB14CC96","BattlEye/Privacy/fr-FR.txt",1674,1674,809,0
"83AAE8B6CA112E98483F5BD6334BB984AB14CC96","BattlEye/Privacy/it.txt",1376,1376,666,0
"83AAE8B6CA112E98483F5BD6334BB984AB14CC96","BattlEye/Privacy/it-IT.txt",1376,1376,666,0
"83AAE8B6CA112E98483F5BD6334BB984AB14CC96","BattlEye/Privacy/ja.txt",1601,1601,807,0
"83AAE8B6CA112E98483F5BD6334BB984AB14CC96","BattlEye/Privacy/ja-JP.txt",1601,1601,807,0
"83AAE8B6CA112E98483F5BD6334BB984AB14CC96","BattlEye/Privacy/ko.txt",1407,1407,774,0
"83AAE8B6CA112E98483F5BD6334BB984AB14CC96","BattlEye/Privacy/ko-KR.txt",1407,1407,774,0
"83AAE8B6CA112E98483F5BD6334BB984AB14CC96","BattlEye/Privacy/nl.txt",1394,1394,680,0
"83AAE8B6CA112E98483F5BD6334BB984AB14CC96","BattlEye/Privacy/nl-NL.txt",1394,1394,680,0
"83AAE8B6CA112E98483F5BD6334BB984AB14CC96","BattlEye/Privacy/pl.txt",1610,1610,843,0
"83AAE8B6CA112E98483F5BD6334BB984AB14CC96","BattlEye/Privacy/pl-PL.txt",1610,1610,843,0
"83AAE8B6CA112E98483F5BD6334BB984AB14CC96","BattlEye/Privacy/pt.txt",1512,1512,729,0
"83AAE8B6CA112E98483F5BD6334BB984AB14CC96","BattlEye/Privacy/pt-BR.txt",1512,1512,729,0
"83AAE8B6CA112E98483F5BD6334BB984AB14CC96","BattlEye/Privacy/ru.txt",2012,2012,861,0
"83AAE8B6CA112E98483F5BD6334BB984AB14CC96","BattlEye/Privacy/ru-RU.txt",2012,2012,861,0
"83AAE8B6CA112E98483F5BD6334BB984AB14CC96","BattlEye/Privacy/tr.txt",1376,1376,683,0
"83AAE8B6CA112E98483F5BD6334BB984AB14CC96","BattlEye/Privacy/tr-TR.txt",1376,1376,683,0
"83AAE8B6CA112E98483F5BD6334BB984AB14CC96","BattlEye/Privacy/zh.txt",1052,1052,675,0
"83AAE8B6CA112E98483F5BD6334BB984AB14CC96","BattlEye/Privacy/zh-CN.txt",1052,1052,675,0
"83AAE8B6CA112E98483F5BD6334BB984AB14CC96","BattlEye/Privacy/zh-TW.txt",1067,1067,682,0
"83AAE8B6CA112E98483F5BD6334BB984AB14CC96","BattlEye/Text/cs.ini",3192,3192,1500,0
"83AAE8B6CA112E98483F5BD6334BB984AB14CC96","BattlEye/Text/de.ini",3283,3283,1427,0
"83AAE8B6CA112E98483F5BD6334BB984AB14CC96","BattlEye/Text/en.ini",2748,2748,1183,0
"83AAE8B6CA112E98483F5BD6334BB984AB14CC96","BattlEye/Text/es.ini",3137,3137,1355,0
"83AAE8B6CA112E98483F5BD6334BB984AB14CC96","BattlEye/Text/fr.ini",3246,3246,1428,0
"83AAE8B6CA112E98483F5BD6334BB984AB14CC96","BattlEye/Text/it.ini",3024,3024,1319,0
"83AAE8B6CA112E98483F5BD6334BB984AB14CC96","BattlEye/Text/ja.ini",4125,4125,1579,0
"83AAE8B6CA112E98483F5BD6334BB984AB14CC96","BattlEye/Text/ko.ini",3362,3362,1476,0
"83AAE8B6CA112E98483F5BD6334BB984AB14CC96","BattlEye/Text/nl.ini",3004,3004,1320,0
"83AAE8B6CA112E98483F5BD6334BB984AB14CC96","BattlEye/Text/pl.ini",3165,3165,1455,0
"83AAE8B6CA112E98483F5BD6334BB984AB14CC96","BattlEye/Text/pt.ini",3054,3054,1346,0
"83AAE8B6CA112E98483F5BD6334BB984AB14CC96","BattlEye/Text/ru.ini",4901,4901,1763,0
"83AAE8B6CA112E98483F5BD6334BB984AB14CC96","BattlEye/Text/tr.ini",2990,2990,1378,0
"83AAE8B6CA112E98483F5BD6334BB984AB14CC96","BattlEye/Text/zh.ini",2628,2628,1425,0
"83AAE8B6CA112E98483F5BD6334BB984AB14CC96","BattlEye/Text/zh-TW.ini",2628,2628,1427,0
"83AAE8B6CA112E98483F5BD6334BB984AB14CC96","BattlEye/BEClient_x64.dll",5967112,5967112,5600949,0
"83AAE8B6CA112E98483F5BD6334BB984AB14CC96","BattlEye/BEClient_x64.cfg",27,27,36,0
"83AAE8B6CA112E98483F5BD6334BB984AB14CC96","BattlEye/BEService_x64.exe",9880840,9880840,9516097,0
"83AAE8B6CA112E98483F5BD6334BB984AB14CC96","BattlEye/Licenses.txt",1128,1128,711,0
"83AAE8B6CA112E98483F5BD6334BB984AB14CC96","RainbowSix_BE.exe",1457928,1457928,1008920,0
"83AAE8B6CA112E98483F5BD6334BB984AB14CC96","sen_client.dll",21558968,21558968,17029283,0
"83AAE8B6CA112E98483F5BD6334BB984AB14CC96","RainbowSix.exe",137194744,137194744,134592804,0
"83AAE8B6CA112E98483F5BD6334BB984AB14CC96","defaultargs.dll",5436576,5436576,5081660,0
"83AAE8B6CA112E98483F5BD6334BB984AB14CC96","datapc64.forge",71892992,71892992,70130627,0
"83AAE8B6CA112E98483F5BD6334BB984AB14CC96","datapc64_mtx.forge",197394432,197394432,34886070,0
"83AAE8B6CA112E98483F5BD6334BB984AB14CC96","datapc64_merged_playgo_bnk_000000001_guitextures0.forge",71696384,71696384,68756564,0
"83AAE8B6CA112E98483F5BD6334BB984AB14CC96","datapc64_merged_playgo_bnk_000000001_guitextures1.forge",94535680,94535680,93997805,0
"83AAE8B6CA112E98483F5BD6334BB984AB14CC96","datapc64_merged_playgo_bnk_000000001_mesh.forge",13697024,13697024,6707833,0
"83AAE8B6CA112E98483F5BD6334BB984AB14CC96","datapc64_merged_playgo_bnk_000000001_meshshape.forge",2293760,2293760,1268399,0
"83AAE8B6CA112E98483F5BD6334BB984AB14CC96","datapc64_merged_playgo_bnk_000000001_textures0.forge",7340032,7340032,5811471,0
"83AAE8B6CA112E98483F5BD6334BB984AB14CC96","datapc64_merged_playgo_bnk_000000001_textures1.forge",1572864,1572864,1517133,0
"83AAE8B6CA112E98483F5BD6334BB984AB14CC96","datapc64_merged_playgo_bnk_000000001_textures2.forge",1802240,1802240,1742268,0
"83AAE8B6CA112E98483F5BD6334BB984AB14CC96","datapc64_merged_playgo_bnk_000000001_textures3.forge",3145728,3145728,3101869,0
"83AAE8B6CA112E98483F5BD6334BB984AB14CC96","datapc64_merged_playgo_bnk_000000002_guitextures0.forge",89587712,89587712,86733572,0
"83AAE8B6CA112E98483F5BD6334BB984AB14CC96","datapc64_merged_playgo_bnk_000000002_guitextures1.forge",85295104,85295104,84622524,0
"83AAE8B6CA112E98483F5BD6334BB984AB14CC96","datapc64_merged_playgo_bnk_000000002_mesh.forge",11665408,11665408,5581668,0
"83AAE8B6CA112E98483F5BD6334BB984AB14CC96","datapc64_merged_playgo_bnk_000000002_meshshape.forge",2293760,2293760,1200617,0
"83AAE8B6CA112E98483F5BD6334BB984AB14CC96","datapc64_merged_playgo_bnk_000000002_textures0.forge",19759104,19759104,15457919,0
"83AAE8B6CA112E98483F5BD6334BB984AB14CC96","datapc64_merged_playgo_bnk_000000002_textures1.forge",9306112,9306112,9217086,0
"83AAE8B6CA112E98483F5BD6334BB984AB14CC96","datapc64_merged_playgo_bnk_000000002_textures2.forge",13205504,13205504,13150416,0
"83AAE8B6CA112E98483F5BD6334BB984AB14CC96","datapc64_merged_playgo_bnk_000000002_textures3.forge",20119552,20119552,20047442,0
"83AAE8B6CA112E98483F5BD6334BB984AB14CC96","datapc64_merged_playgo_bnk_090040931_guitextures0.forge",18382848,18382848,17993035,0
"83AAE8B6CA112E98483F5BD6334BB984AB14CC96","datapc64_merged_playgo_bnk_090040931_guitextures1.forge",4980736,4980736,4797708,0
"83AAE8B6CA112E98483F5BD6334BB984AB14CC96","datapc64_merged_playgo_bnk_090040931_mesh.forge",163840,163840,114929,0
"83AAE8B6CA112E98483F5BD6334BB984AB14CC96","datapc64_merged_playgo_bnk_090040931_textures0.forge",4227072,4227072,4147371,0
"83AAE8B6CA112E98483F5BD6334BB984AB14CC96","datapc64_merged_playgo_bnk_090040931_textures1.forge",786432,786432,759621,0
"83AAE8B6CA112E98483F5BD6334BB984AB14CC96","datapc64_merged_playgo_bnk_090040931_textures2.forge",32768,32768,9858,0
"83AAE8B6CA112E98483F5BD6334BB984AB14CC96","datapc64_merged_playgo_bnk_090040931_textures3.forge",65536,65536,28847,0
"83AAE8B6CA112E98483F5BD6334BB984AB14CC96","datapc64_merged_playgo_bnk_090541478_guitextures0.forge",19693568,19693568,19430197,0
"83AAE8B6CA112E98483F5BD6334BB984AB14CC96","datapc64_merged_playgo_bnk_090541478_guitextures1.forge",917504,917504,855048,0
"83AAE8B6CA112E98483F5BD6334BB984AB14CC96","datapc64_merged_playgo_bnk_090541478_textures0.forge",32768,32768,8352,0
"83AAE8B6CA112E98483F5BD6334BB984AB14CC96","datapc64_merged_playgo_bnk_091521055_guitextures0.forge",8421376,8421376,8288087,0
"83AAE8B6CA112E98483F5BD6334BB984AB14CC96","datapc64_merged_playgo_bnk_091521055_guitextures1.forge",4161536,4161536,4086391,0
"83AAE8B6CA112E98483F5BD6334BB984AB14CC96","datapc64_merged_playgo_bnk_091521055_mesh.forge",32768,32768,3415,0
"83AAE8B6CA112E98483F5BD6334BB984AB14CC96","datapc64_merged_playgo_bnk_091521055_textures0.forge",786432,786432,745445,0
"83AAE8B6CA112E98483F5BD6334BB984AB14CC96","datapc64_merged_playgo_bnk_092086532_guitextures0.forge",15040512,15040512,14853863,0
"83AAE8B6CA112E98483F5BD6334BB984AB14CC96","datapc64_merged_playgo_bnk_092086532_guitextures1.forge",32768,32768,6236,0
"83AAE8B6CA112E98483F5BD6334BB984AB14CC96","datapc64_merged_playgo_bnk_092086532_textures0.forge",950272,950272,900943,0
"83AAE8B6CA112E98483F5BD6334BB984AB14CC96","datapc64_merged_playgo_bnk_094545526_guitextures0.forge",9175040,9175040,9006457,0
"83AAE8B6CA112E98483F5BD6334BB984AB14CC96","datapc64_merged_playgo_bnk_094545526_guitextures1.forge",1638400,1638400,1595885,0
"83AAE8B6CA112E98483F5BD6334BB984AB14CC96","datapc64_merged_playgo_bnk_094545526_textures0.forge",1441792,1441792,1102285,0
"83AAE8B6CA112E98483F5BD6334BB984AB14CC96","datapc64_merged_playgo_bnk_094545526_textures1.forge",32768,32768,4400,0
"83AAE8B6CA112E98483F5BD6334BB984AB14CC96","datapc64_merged_playgo_bnk_095313250_guitextures0.forge",14942208,14942208,14714098,0
"83AAE8B6CA112E98483F5BD6334BB984AB14CC96","datapc64_merged_playgo_bnk_095313250_guitextures1.forge",4915200,4915200,4799244,0
"83AAE8B6CA112E98483F5BD6334BB984AB14CC96","datapc64_merged_playgo_bnk_095313250_textures0.forge",2260992,2260992,2220665,0
"83AAE8B6CA112E98483F5BD6334BB984AB14CC96","datapc64_merged_playgo_bnk_095709576_guitextures0.forge",12025856,12025856,11919908,0
"83AAE8B6CA112E98483F5BD6334BB984AB14CC96","datapc64_merged_playgo_bnk_095709576_guitextures1.forge",2719744,2719744,2685928,0
"83AAE8B6CA112E98483F5BD6334BB984AB14CC96","datapc64_merged_playgo_bnk_095709576_textures0.forge",98304,98304,56564,0
"83AAE8B6CA112E98483F5BD6334BB984AB14CC96","datapc64_merged_playgo_bnk_096484918_guitextures0.forge",11468800,11468800,11286812,0
"83AAE8B6CA112E98483F5BD6334BB984AB14CC96","datapc64_merged_playgo_bnk_096484918_guitextures1.forge",7929856,7929856,7828802,0
"83AAE8B6CA112E98483F5BD6334BB984AB14CC96","datapc64_merged_playgo_bnk_096484918_textures0.forge",1376256,1376256,1321075,0
"83AAE8B6CA112E98483F5BD6334BB984AB14CC96","datapc64_merged_playgo_bnk_098975365_guitextures0.forge",37224448,37224448,37103547,0
"83AAE8B6CA112E98483F5BD6334BB984AB14CC96","datapc64_merged_playgo_bnk_098975365_guitextures1.forge",7307264,7307264,7265396,0
"83AAE8B6CA112E98483F5BD6334BB984AB14CC96","datapc64_merged_playgo_bnk_098975365_mesh.forge",327680,327680,177189,0
"83AAE8B6CA112E98483F5BD6334BB984AB14CC96","datapc64_merged_playgo_bnk_098975365_textures0.forge",65536,65536,22893,0
"83AAE8B6CA112E98483F5BD6334BB984AB14CC96","datapc64_merged_playgo_bnk_099945270_guitextures0.forge",22020096,22020096,21696177,0
"83AAE8B6CA112E98483F5BD6334BB984AB14CC96","datapc64_merged_playgo_bnk_099945270_guitextures1.forge",8290304,8290304,8172022,0
"83AAE8B6CA112E98483F5BD6334BB984AB14CC96","datapc64_merged_playgo_bnk_099945270_mesh.forge",131072,131072,87305,0
"83AAE8B6CA112E98483F5BD6334BB984AB14CC96","datapc64_merged_playgo_bnk_099945270_textures0.forge",1507328,1507328,1153124,0
"83AAE8B6CA112E98483F5BD6334BB984AB14CC96","datapc64_merged_playgo_bnk_101101136_guitextures0.forge",14680064,14680064,14514634,0
"83AAE8B6CA112E98483F5BD6334BB984AB14CC96","datapc64_merged_playgo_bnk_101101136_guitextures1.forge",1081344,1081344,1038025,0
"83AAE8B6CA112E98483F5BD6334BB984AB14CC96","datapc64_merged_playgo_bnk_101101136_mesh.forge",131072,131072,88347,0
"83AAE8B6CA112E98483F5BD6334BB984AB14CC96","datapc64_merged_playgo_bnk_guitextures0.forge",1504149504,1504149504,1440678096,0
"83AAE8B6CA112E98483F5BD6334BB984AB14CC96","datapc64_merged_playgo_bnk_guitextures1.forge",949878784,949878784,935331932,0
"83AAE8B6CA112E98483F5BD6334BB984AB14CC96","datapc64_merged_playgo_bnk_mesh.forge",82804736,82804736,57738127,0
"83AAE8B6CA112E98483F5BD6334BB984AB14CC96","datapc64_merged_playgo_bnk_meshshape.forge",13041664,13041664,9914232,0
"83AAE8B6CA112E98483F5BD6334BB984AB14CC96","datapc64_merged_playgo_bnk_textures0.forge",649986048,649986048,541099359,0
"83AAE8B6CA112E98483F5BD6334BB984AB14CC96","datapc64_merged_playgo_bnk_textures1.forge",105578496,105578496,102663940,0
"83AAE8B6CA112E98483F5BD6334BB984AB14CC96","datapc64_merged_playgo_bnk_textures2.forge",83394560,83394560,81188154,0
"83AAE8B6CA112E98483F5BD6334BB984AB14CC96","datapc64_merged_playgo_bnk_textures3.forge",183271424,183271424,182045462,0
"83AAE8B6CA112E98483F5BD6334BB984AB14CC96","datapc64_mtx_playgo.forge",32768,32768,2678,0
"83AAE8B6CA112E98483F5BD6334BB984AB14CC96","datapc64_mtx_playgo_bnk_mesh.forge",98304,98304,75764,0
"83AAE8B6CA112E98483F5BD6334BB984AB14CC96","datapc64_mtx_playgo_bnk_textures0.forge",163840,163840,116744,0
"83AAE8B6CA112E98483F5BD6334BB984AB14CC96","datapc64_mtx_playgo_bnk_textures1.forge",327680,327680,284722,0
"83AAE8B6CA112E98483F5BD6334BB984AB14CC96","datapc64_mtx_playgo_bnk_textures2.forge",229376,229376,194008,0
"83AAE8B6CA112E98483F5BD6334BB984AB14CC96","datapc64_mtx_playgo_bnk_textures3.forge",753664,753664,734322,0
"83AAE8B6CA112E98483F5BD6334BB984AB14CC96","datapc64_onb01_tutorial_playgo.forge",2097152,2097152,1901424,0
"83AAE8B6CA112E98483F5BD6334BB984AB14CC96","datapc64_onb01_tutorial_playgo_bnk_gidata.forge",38338560,38338560,38307272,0
"83AAE8B6CA112E98483F5BD6334BB984AB14CC96","datapc64_ondemand_playgo.forge",392200192,392200192,119062122,0
"83AAE8B6CA112E98483F5BD6334BB984AB14CC96","datapc64_r6_menuworld_playgo.forge",4620288,4620288,4516467,0
"83AAE8B6CA112E98483F5BD6334BB984AB14CC96","datapc64_r6_menuworld_playgo_bnk_gidata.forge",32768,32768,20758,0
"83AAE8B6CA112E98483F5BD6334BB984AB14CC96","datapc64_ui_playgo.forge",151453696,151453696,135055983,0
"83AAE8B6CA112E98483F5BD6334BB984AB14CC96","videos/y10s1_siege_introduction_v6.webm",188533930,188533930,179224789,0
"83AAE8B6CA112E98483F5BD6334BB984AB14CC96","videos/y10s1_battlepass.webm",84859047,84859047,79205039,0
"83AAE8B6CA112E98483F5BD6334BB984AB14CC96","videos/y10s2_battlepass.webm",81470837,81470837,76723531,0
"83AAE8B6CA112E98483F5BD6334BB984AB14CC96","videos/y10s3_battlepass.webm",78959105,78959105,73411567,0
"83AAE8B6CA112E98483F5BD6334BB984AB14CC96","videos/y10s4_battlepass.webm",103434445,103434445,97374155,0
"83AAE8B6CA112E98483F5BD6334BB984AB14CC96","videos/ui/y10s2_hub_core_playgo.webm",18387130,18387130,16726457,0
"83AAE8B6CA112E98483F5BD6334BB984AB14CC96","videos/ui/y10s3_hub_core_playgo.webm",48695831,48695831,45521753,0
"83AAE8B6CA112E98483F5BD6334BB984AB14CC96","videos/ui/y10s4_hub_core_playgo.webm",43468593,43468593,39720998,0
"83AAE8B6CA112E98483F5BD6334BB984AB14CC96","videos/bootflow/y10s4_bootflow_logo.webm",9582163,9582163,9152207,0
"83AAE8B6CA112E98483F5BD6334BB984AB14CC96","videos/y8s3_onbrd_tutorial01.webm",31455614,31455614,29771913,0
"83AAE8B6CA112E98483F5BD6334BB984AB14CC96","datapc64_3c_metrics.depgraphbin",4879,4879,4889,0
"83AAE8B6CA112E98483F5BD6334BB984AB14CC96","datapc64_bootstrap.depgraphbin",12358,12358,12368,0
"83AAE8B6CA112E98483F5BD6334BB984AB14CC96","datapc64_evn14_freezeforall_events.depgraphbin",12537,12537,12547,0
"83AAE8B6CA112E98483F5BD6334BB984AB14CC96","datapc64_lgm01_heroes.depgraphbin",170812,170812,170827,0
"83AAE8B6CA112E98483F5BD6334BB984AB14CC96","datapc64_mtx.depgraphbin",628484,628484,596279,0
"83AAE8B6CA112E98483F5BD6334BB984AB14CC96","datapc64_mtx_playgo.depgraphbin",164,164,161,0
"83AAE8B6CA112E98483F5BD6334BB984AB14CC96","datapc64_mtx_set01.depgraphbin",176,176,105,0
"83AAE8B6CA112E98483F5BD6334BB984AB14CC96","datapc64_onb00_shootingrange.depgraphbin",8132,8132,8142,0
"83AAE8B6CA112E98483F5BD6334BB984AB14CC96","datapc64_onb01_tutorial_playgo.depgraphbin",10218,10218,10228,0
"83AAE8B6CA112E98483F5BD6334BB984AB14CC96","datapc64_onb02_tutorial_set01.depgraphbin",13418,13418,13428,0
"83AAE8B6CA112E98483F5BD6334BB984AB14CC96","datapc64_ondemand.depgraphbin",1359386,1359386,1338304,0
"83AAE8B6CA112E98483F5BD6334BB984AB14CC96","datapc64_ondemand_playgo.depgraphbin",143793,143793,141488,0
"83AAE8B6CA112E98483F5BD6334BB984AB14CC96","datapc64_ondemand_set01.depgraphbin",17408,17408,17418,0
"83AAE8B6CA112E98483F5BD6334BB984AB14CC96","datapc64_ondemand_set02.depgraphbin",13401,13401,13411,0
"83AAE8B6CA112E98483F5BD6334BB984AB14CC96","datapc64_perf_house_v2.depgraphbin",24087,24087,24097,0
"83AAE8B6CA112E98483F5BD6334BB984AB14CC96","datapc64_pvp01_house_v3_set01.depgraphbin",32417,32417,32427,0
"83AAE8B6CA112E98483F5BD6334BB984AB14CC96","datapc64_pvp02_oregon_v2_set02.depgraphbin",30959,30959,30969,0
"83AAE8B6CA112E98483F5BD6334BB984AB14CC96","datapc64_pvp04_clubhouse_mod_set02.depgraphbin",31997,31997,32007,0
"83AAE8B6CA112E98483F5BD6334BB984AB14CC96","datapc64_pvp05_plane_set01.depgraphbin",17400,17400,17410,0
"83AAE8B6CA112E98483F5BD6334BB984AB14CC96","datapc64_pvp06_yacht.depgraphbin",26178,26178,26188,0
"83AAE8B6CA112E98483F5BD6334BB984AB14CC96","datapc64_pvp06_yacht_v2.depgraphbin",26172,26172,26182,0
"83AAE8B6CA112E98483F5BD6334BB984AB14CC96","datapc64_pvp07_consulate_v2_mod_set01.depgraphbin",34753,34753,34763,0
"83AAE8B6CA112E98483F5BD6334BB984AB14CC96","datapc64_pvp07_consulate_v2_set01.depgraphbin",32650,32650,32660,0
"83AAE8B6CA112E98483F5BD6334BB984AB14CC96","datapc64_pvp08_bank_v2_mod.depgraphbin",30757,30757,30767,0
"83AAE8B6CA112E98483F5BD6334BB984AB14CC96","datapc64_pvp09_kanal_set02.depgraphbin",30978,30978,30988,0
"83AAE8B6CA112E98483F5BD6334BB984AB14CC96","datapc64_pvp10_chalet_v2_mod_set02.depgraphbin",26220,26220,26230,0
"83AAE8B6CA112E98483F5BD6334BB984AB14CC96","datapc64_pvp11_university.depgraphbin",23721,23721,23731,0
"83AAE8B6CA112E98483F5BD6334BB984AB14CC96","datapc64_pvp12_russiancafe_mod_set02.depgraphbin",28314,28314,28324,0
"83AAE8B6CA112E98483F5BD6334BB984AB14CC96","datapc64_pvp13_border_v2_mod.depgraphbin",27536,27536,27546,0
"83AAE8B6CA112E98483F5BD6334BB984AB14CC96","datapc64_pvp14_favela_v2.depgraphbin",30261,30261,30271,0
"83AAE8B6CA112E98483F5BD6334BB984AB14CC96","datapc64_pvp15_temple_v2_mod.depgraphbin",26772,26772,26782,0
"83AAE8B6CA112E98483F5BD6334BB984AB14CC96","datapc64_pvp16_ibiza.depgraphbin",31685,31685,31695,0
"83AAE8B6CA112E98483F5BD6334BB984AB14CC96","datapc64_pvp17_themepark_v2_mod.depgraphbin",28249,28249,28259,0
"83AAE8B6CA112E98483F5BD6334BB984AB14CC96","datapc64_pvp19_tower.depgraphbin",37615,37615,37625,0
"83AAE8B6CA112E98483F5BD6334BB984AB14CC96","datapc64_pvp20_italy.depgraphbin",43257,43257,43267,0
"83AAE8B6CA112E98483F5BD6334BB984AB14CC96","datapc64_pvp22_morocco_v2_mod.depgraphbin",34408,34408,34418,0
"83AAE8B6CA112E98483F5BD6334BB984AB14CC96","datapc64_pvp23_australia_v2.depgraphbin",27912,27912,27922,0
"83AAE8B6CA112E98483F5BD6334BB984AB14CC96","datapc64_pvp24_countryclub.depgraphbin",29877,29877,29887,0
"83AAE8B6CA112E98483F5BD6334BB984AB14CC96","datapc64_pvp25_nighthaven.depgraphbin",26514,26514,26524,0
"83AAE8B6CA112E98483F5BD6334BB984AB14CC96","datapc64_pvp25_nighthaven_mod.depgraphbin",25317,25317,25327,0
"83AAE8B6CA112E98483F5BD6334BB984AB14CC96","datapc64_pvp26_viperstrike.depgraphbin",28000,28000,28010,0
"83AAE8B6CA112E98483F5BD6334BB984AB14CC96","datapc64_pvp26_viperstrike_mod.depgraphbin",27295,27295,27305,0
"83AAE8B6CA112E98483F5BD6334BB984AB14CC96","datapc64_pvp27_stadium2021.depgraphbin",18879,18879,18889,0
"83AAE8B6CA112E98483F5BD6334BB984AB14CC96","datapc64_pvp27_stadium2021_v2.depgraphbin",17997,17997,18007,0
"83AAE8B6CA112E98483F5BD6334BB984AB14CC96","datapc64_pvp28_stadiumalpha_v2.depgraphbin",19732,19732,19742,0
"83AAE8B6CA112E98483F5BD6334BB984AB14CC96","datapc64_r6_menuworld_playgo.depgraphbin",2323,2323,2333,0
"83AAE8B6CA112E98483F5BD6334BB984AB14CC96","datapc64_tdm01_mtown.depgraphbin",11692,11692,11702,0
"83AAE8B6CA112E98483F5BD6334BB984AB14CC96","datapc64_ui_playgo.depgraphbin",91688,91688,84942,0
"83AAE8B6CA112E98483F5BD6334BB984AB14CC96","datapc64_merged_playgo_bnk_soundmedia.forge",839745536,839745536,798776700,0
"83AAE8B6CA112E98483F5BD6334BB984AB14CC96","datapc64_merged_playgo_bnk_soundbank.forge",272203776,272203776,211684820,0
"83AAE8B6CA112E98483F5BD6334BB984AB14CC96","datapc64_merged_playgo_bnk_soundbank_en-us.forge",5505024,5505024,3392257,1
"83AAE8B6CA112E98483F5BD6334BB984AB14CC96","datapc64_merged_playgo_bnk_soundmedia_en-us.forge",79626240,79626240,69558696,1
"83AAE8B6CA112E98483F5BD6334BB984AB14CC96","datapc64_merged_playgo_bnk_soundbank_fr-fr.forge",5373952,5373952,3321532,2
"83AAE8B6CA112E98483F5BD6334BB984AB14CC96","datapc64_merged_playgo_bnk_soundmedia_fr-fr.forge",75661312,75661312,65570901,2
"83AAE8B6CA112E98483F5BD6334BB984AB14CC96","datapc64_merged_playgo_bnk_soundbank_it-it.forge",5734400,5734400,3693587,3
"83AAE8B6CA112E98483F5BD6334BB984AB14CC96","datapc64_merged_playgo_bnk_soundmedia_it-it.forge",82313216,82313216,72203622,3
"83AAE8B6CA112E98483F5BD6334BB984AB14CC96","datapc64_merged_playgo_bnk_soundbank_de-de.forge",5636096,5636096,3549110,4
"83AAE8B6CA112E98483F5BD6334BB984AB14CC96","datapc64_merged_playgo_bnk_soundmedia_de-de.forge",81362944,81362944,71302497,4
"83AAE8B6CA112E98483F5BD6334BB984AB14CC96","datapc64_merged_playgo_bnk_soundbank_es-es.forge",5701632,5701632,3693229,5
"83AAE8B6CA112E98483F5BD6334BB984AB14CC96","datapc64_merged_playgo_bnk_soundmedia_es-es.forge",85426176,85426176,75324826,5
"83AAE8B6CA112E98483F5BD6334BB984AB14CC96","datapc64_merged_playgo_bnk_soundbank_es-mx.forge",5832704,5832704,3890005,6
"83AAE8B6CA112E98483F5BD6334BB984AB14CC96","datapc64_merged_playgo_bnk_soundmedia_es-mx.forge",87687168,87687168,77668290,6
"83AAE8B6CA112E98483F5BD6334BB984AB14CC96","datapc64_merged_playgo_bnk_soundbank_pt-br.forge",5865472,5865472,3774200,7
"83AAE8B6CA112E98483F5BD6334BB984AB14CC96","datapc64_merged_playgo_bnk_soundmedia_pt-br.forge",79233024,79233024,69214319,7
"83AAE8B6CA112E98483F5BD6334BB984AB14CC96","datapc64_merged_playgo_bnk_soundbank_ja-jp.forge",5537792,5537792,3442375,8
"83AAE8B6CA112E98483F5BD6334BB984AB14CC96","datapc64_merged_playgo_bnk_soundmedia_ja-jp.forge",73498624,73498624,63467293,8
"83AAE8B6CA112E98483F5BD6334BB984AB14CC96","datapc64_merged_playgo_bnk_soundbank_ru-ru.forge",4849664,4849664,2998463,9
"83AAE8B6CA112E98483F5BD6334BB984AB14CC96","datapc64_merged_playgo_bnk_soundmedia_ru-ru.forge",76152832,76152832,66027993,9
"83AAE8B6CA112E98483F5BD6334BB984AB14CC96","datapc64_ondemand_set01.forge",24772608,24772608,21884140,10
"83AAE8B6CA112E98483F5BD6334BB984AB14CC96","datapc64_mtx_set01.forge",32768,32768,2638,10
"83AAE8B6CA112E98483F5BD6334BB984AB14CC96","datapc64_mtx_set01_bnk_mesh.forge",196608,196608,155723,10
"83AAE8B6CA112E98483F5BD6334BB984AB14CC96","datapc64_mtx_set01_bnk_textures0.forge",32768,32768,7730,10
"83AAE8B6CA112E98483F5BD6334BB984AB14CC96","datapc64_mtx_set01_bnk_textures3.forge",32768,32768,10543,10
"83AAE8B6CA112E98483F5BD6334BB984AB14CC96","datapc64_merged_set01_bnk_000000001_guitextures0.forge",9699328,9699328,9653487,10
"83AAE8B6CA112E98483F5BD6334BB984AB14CC96","datapc64_merged_set01_bnk_000000001_guitextures1.forge",2883584,2883584,2857647,10
"83AAE8B6CA112E98483F5BD6334BB984AB14CC96","datapc64_merged_set01_bnk_000000001_mesh.forge",27623424,27623424,16989063,10
"83AAE8B6CA112E98483F5BD6334BB984AB14CC96","datapc64_merged_set01_bnk_000000001_meshshape.forge",30539776,30539776,22530283,10
"83AAE8B6CA112E98483F5BD6334BB984AB14CC96","datapc64_merged_set01_bnk_000000001_textures0.forge",126222336,126222336,124763124,10
"83AAE8B6CA112E98483F5BD6334BB984AB14CC96","datapc64_merged_set01_bnk_000000001_textures1.forge",235732992,235732992,234117960,10
"83AAE8B6CA112E98483F5BD6334BB984AB14CC96","datapc64_merged_set01_bnk_000000001_textures2.forge",285736960,285736960,285112285,10
"83AAE8B6CA112E98483F5BD6334BB984AB14CC96","datapc64_merged_set01_bnk_000000001_textures3.forge",559251456,559251456,558738539,10
"83AAE8B6CA112E98483F5BD6334BB984AB14CC96","datapc64_merged_set01_bnk_000000002_guitextures0.forge",5505024,5505024,5469134,10
"83AAE8B6CA112E98483F5BD6334BB984AB14CC96","datapc64_merged_set01_bnk_000000002_guitextures1.forge",2064384,2064384,2047997,10
"83AAE8B6CA112E98483F5BD6334BB984AB14CC96","datapc64_merged_set01_bnk_000000002_mesh.forge",27525120,27525120,21338059,10
"83AAE8B6CA112E98483F5BD6334BB984AB14CC96","datapc64_merged_set01_bnk_000000002_meshshape.forge",26738688,26738688,17489299,10
"83AAE8B6CA112E98483F5BD6334BB984AB14CC96","datapc64_merged_set01_bnk_000000002_textures0.forge",48693248,48693248,47381339,10
"83AAE8B6CA112E98483F5BD6334BB984AB14CC96","datapc64_merged_set01_bnk_000000002_textures1.forge",49086464,49086464,48235118,10
"83AAE8B6CA112E98483F5BD6334BB984AB14CC96","datapc64_merged_set01_bnk_000000002_textures2.forge",41680896,41680896,40994984,10
"83AAE8B6CA112E98483F5BD6334BB984AB14CC96","datapc64_merged_set01_bnk_000000002_textures3.forge",95092736,95092736,94598038,10
"83AAE8B6CA112E98483F5BD6334BB984AB14CC96","datapc64_merged_set01_bnk_090040931_mesh.forge",131072,131072,77802,10
"83AAE8B6CA112E98483F5BD6334BB984AB14CC96","datapc64_merged_set01_bnk_090040931_meshshape.forge",4587520,4587520,2671815,10
"83AAE8B6CA112E98483F5BD6334BB984AB14CC96","datapc64_merged_set01_bnk_090040931_textures0.forge",491520,491520,392483,10
"83AAE8B6CA112E98483F5BD6334BB984AB14CC96","datapc64_merged_set01_bnk_090040931_textures1.forge",884736,884736,812094,10
"83AAE8B6CA112E98483F5BD6334BB984AB14CC96","datapc64_merged_set01_bnk_090040931_textures2.forge",884736,884736,825209,10
"83AAE8B6CA112E98483F5BD6334BB984AB14CC96","datapc64_merged_set01_bnk_090040931_textures3.forge",2129920,2129920,2064620,10
"83AAE8B6CA112E98483F5BD6334BB984AB14CC96","datapc64_merged_set01_bnk_090541478_mesh.forge",32768,32768,5314,10
"83AAE8B6CA112E98483F5BD6334BB984AB14CC96","datapc64_merged_set01_bnk_090541478_meshshape.forge",32768,32768,6083,10
"83AAE8B6CA112E98483F5BD6334BB984AB14CC96","datapc64_merged_set01_bnk_091521055_guitextures0.forge",32768,32768,1457,10
"83AAE8B6CA112E98483F5BD6334BB984AB14CC96","datapc64_merged_set01_bnk_091521055_guitextures1.forge",32768,32768,1685,10
"83AAE8B6CA112E98483F5BD6334BB984AB14CC96","datapc64_merged_set01_bnk_091521055_mesh.forge",65536,65536,30788,10
"83AAE8B6CA112E98483F5BD6334BB984AB14CC96","datapc64_merged_set01_bnk_091521055_meshshape.forge",4685824,4685824,2710562,10
"83AAE8B6CA112E98483F5BD6334BB984AB14CC96","datapc64_merged_set01_bnk_091521055_textures0.forge",196608,196608,160822,10
"83AAE8B6CA112E98483F5BD6334BB984AB14CC96","datapc64_merged_set01_bnk_091521055_textures1.forge",458752,458752,403335,10
"83AAE8B6CA112E98483F5BD6334BB984AB14CC96","datapc64_merged_set01_bnk_091521055_textures2.forge",393216,393216,340483,10
"83AAE8B6CA112E98483F5BD6334BB984AB14CC96","datapc64_merged_set01_bnk_091521055_textures3.forge",1146880,1146880,1097769,10
"83AAE8B6CA112E98483F5BD6334BB984AB14CC96","datapc64_merged_set01_bnk_092086532_mesh.forge",163840,163840,131315,10
"83AAE8B6CA112E98483F5BD6334BB984AB14CC96","datapc64_merged_set01_bnk_092717094_meshshape.forge",6881280,6881280,3860512,10
"83AAE8B6CA112E98483F5BD6334BB984AB14CC96","datapc64_merged_set01_bnk_095313250_mesh.forge",425984,425984,198149,10
"83AAE8B6CA112E98483F5BD6334BB984AB14CC96","datapc64_merged_set01_bnk_095313250_meshshape.forge",2392064,2392064,1271246,10
"83AAE8B6CA112E98483F5BD6334BB984AB14CC96","datapc64_merged_set01_bnk_095313250_textures0.forge",720896,720896,665847,10
"83AAE8B6CA112E98483F5BD6334BB984AB14CC96","datapc64_merged_set01_bnk_095313250_textures1.forge",2064384,2064384,2034601,10
"83AAE8B6CA112E98483F5BD6334BB984AB14CC96","datapc64_merged_set01_bnk_095313250_textures2.forge",1212416,1212416,1161650,10
"83AAE8B6CA112E98483F5BD6334BB984AB14CC96","datapc64_merged_set01_bnk_095313250_textures3.forge",5799936,5799936,5764974,10
"83AAE8B6CA112E98483F5BD6334BB984AB14CC96","datapc64_merged_set01_bnk_095709576_mesh.forge",65536,65536,29585,10
"83AAE8B6CA112E98483F5BD6334BB984AB14CC96","datapc64_merged_set01_bnk_095709576_meshshape.forge",6946816,6946816,3912457,10
"83AAE8B6CA112E98483F5BD6334BB984AB14CC96","datapc64_merged_set01_bnk_095709576_textures0.forge",360448,360448,339730,10
"83AAE8B6CA112E98483F5BD6334BB984AB14CC96","datapc64_merged_set01_bnk_095709576_textures1.forge",2162688,2162688,2138739,10
"83AAE8B6CA112E98483F5BD6334BB984AB14CC96","datapc64_merged_set01_bnk_095709576_textures2.forge",4423680,4423680,4376537,10
"83AAE8B6CA112E98483F5BD6334BB984AB14CC96","datapc64_merged_set01_bnk_095709576_textures3.forge",2326528,2326528,2298701,10
"83AAE8B6CA112E98483F5BD6334BB984AB14CC96","datapc64_merged_set01_bnk_096484918_textures0.forge",688128,688128,646877,10
"83AAE8B6CA112E98483F5BD6334BB984AB14CC96","datapc64_merged_set01_bnk_096484918_textures1.forge",1671168,1671168,1645373,10
"83AAE8B6CA112E98483F5BD6334BB984AB14CC96","datapc64_merged_set01_bnk_096484918_textures3.forge",5799936,5799936,5775566,10
"83AAE8B6CA112E98483F5BD6334BB984AB14CC96","datapc64_merged_set01_bnk_099945270_guitextures0.forge",2031616,2031616,2017693,10
"83AAE8B6CA112E98483F5BD6334BB984AB14CC96","datapc64_merged_set01_bnk_099945270_guitextures1.forge",1867776,1867776,1843383,10
"83AAE8B6CA112E98483F5BD6334BB984AB14CC96","datapc64_merged_set01_bnk_099945270_mesh.forge",65536,65536,7089,10
"83AAE8B6CA112E98483F5BD6334BB984AB14CC96","datapc64_merged_set01_bnk_099945270_meshshape.forge",851968,851968,636227,10
"83AAE8B6CA112E98483F5BD6334BB984AB14CC96","datapc64_merged_set01_bnk_099945270_textures0.forge",1671168,1671168,1629003,10
"83AAE8B6CA112E98483F5BD6334BB984AB14CC96","datapc64_merged_set01_bnk_099945270_textures1.forge",851968,851968,800081,10
"83AAE8B6CA112E98483F5BD6334BB984AB14CC96","datapc64_merged_set01_bnk_099945270_textures2.forge",884736,884736,840174,10
"83AAE8B6CA112E98483F5BD6334BB984AB14CC96","datapc64_merged_set01_bnk_099945270_textures3.forge",1769472,1769472,1727636,10
"83AAE8B6CA112E98483F5BD6334BB984AB14CC96","datapc64_merged_set01_bnk_101101136_mesh.forge",32768,32768,4045,10
"83AAE8B6CA112E98483F5BD6334BB984AB14CC96","datapc64_merged_set01_bnk_101101136_meshshape.forge",32768,32768,10404,10
"83AAE8B6CA112E98483F5BD6334BB984AB14CC96","datapc64_merged_set01_bnk_guitextures0.forge",12877824,12877824,12745667,10
"83AAE8B6CA112E98483F5BD6334BB984AB14CC96","datapc64_merged_set01_bnk_guitextures1.forge",98304,98304,38693,10
"83AAE8B6CA112E98483F5BD6334BB984AB14CC96","datapc64_merged_set01_bnk_mesh.forge",170721280,170721280,131972735,10
"83AAE8B6CA112E98483F5BD6334BB984AB14CC96","datapc64_merged_set01_bnk_meshshape.forge",102465536,102465536,86070297,10
"83AAE8B6CA112E98483F5BD6334BB984AB14CC96","datapc64_merged_set01_bnk_textures0.forge",245792768,245792768,234834736,10
"83AAE8B6CA112E98483F5BD6334BB984AB14CC96","datapc64_merged_set01_bnk_textures1.forge",204800000,204800000,198437929,10
"83AAE8B6CA112E98483F5BD6334BB984AB14CC96","datapc64_merged_set01_bnk_textures2.forge",186318848,186318848,181704823,10
"83AAE8B6CA112E98483F5BD6334BB984AB14CC96","datapc64_merged_set01_bnk_textures3.forge",456654848,456654848,453230039,10
"83AAE8B6CA112E98483F5BD6334BB984AB14CC96","videos/y8s3_onbrd_tutorial02.webm",31570774,31570774,29922490,10
"83AAE8B6CA112E98483F5BD6334BB984AB14CC96","datapc64_onb02_tutorial.forge",3178496,3178496,2928554,10
"83AAE8B6CA112E98483F5BD6334BB984AB14CC96","datapc64_onb02_tutorial_set01_bnk_gidata.forge",22052864,22052864,22019704,10
"83AAE8B6CA112E98483F5BD6334BB984AB14CC96","datapc64_merged_set01_bnk_soundmedia.forge",110559232,110559232,101736646,10
"83AAE8B6CA112E98483F5BD6334BB984AB14CC96","datapc64_merged_set01_bnk_soundbank.forge",57376768,57376768,51279031,10
"83AAE8B6CA112E98483F5BD6334BB984AB14CC96","datapc64_pvp01_house_v3.forge",8912896,8912896,8583684,10
"83AAE8B6CA112E98483F5BD6334BB984AB14CC96","datapc64_pvp01_house_v3_set01_bnk_gidata.forge",23560192,23560192,23543973,10
"83AAE8B6CA112E98483F5BD6334BB984AB14CC96","datapc64_merged_set01_bnk_soundbank_en-us.forge",1802240,1802240,1278187,11
"83AAE8B6CA112E98483F5BD6334BB984AB14CC96","datapc64_merged_set01_bnk_soundmedia_en-us.forge",12255232,12255232,10060331,11
"83AAE8B6CA112E98483F5BD6334BB984AB14CC96","datapc64_merged_set01_bnk_soundbank_fr-fr.forge",2064384,2064384,1447992,12
"83AAE8B6CA112E98483F5BD6334BB984AB14CC96","datapc64_merged_set01_bnk_soundmedia_fr-fr.forge",12451840,12451840,10341817,12
"83AAE8B6CA112E98483F5BD6334BB984AB14CC96","datapc64_merged_set01_bnk_soundbank_it-it.forge",2129920,2129920,1552630,13
"83AAE8B6CA112E98483F5BD6334BB984AB14CC96","datapc64_merged_set01_bnk_soundmedia_it-it.forge",13139968,13139968,11049433,13
"83AAE8B6CA112E98483F5BD6334BB984AB14CC96","datapc64_merged_set01_bnk_soundbank_de-de.forge",2228224,2228224,1580923,14
"83AAE8B6CA112E98483F5BD6334BB984AB14CC96","datapc64_merged_set01_bnk_soundmedia_de-de.forge",13008896,13008896,10885783,14
"83AAE8B6CA112E98483F5BD6334BB984AB14CC96","datapc64_merged_set01_bnk_soundbank_es-es.forge",2293760,2293760,1667702,15
"83AAE8B6CA112E98483F5BD6334BB984AB14CC96","datapc64_merged_set01_bnk_soundmedia_es-es.forge",13631488,13631488,11465698,15
"83AAE8B6CA112E98483F5BD6334BB984AB14CC96","datapc64_merged_set01_bnk_soundbank_es-mx.forge",2293760,2293760,1644774,16
"83AAE8B6CA112E98483F5BD6334BB984AB14CC96","datapc64_merged_set01_bnk_soundmedia_es-mx.forge",13500416,13500416,11390852,16
"83AAE8B6CA112E98483F5BD6334BB984AB14CC96","datapc64_merged_set01_bnk_soundbank_pt-br.forge",2228224,2228224,1628273,17
"83AAE8B6CA112E98483F5BD6334BB984AB14CC96","datapc64_merged_set01_bnk_soundmedia_pt-br.forge",13467648,13467648,11304234,17
"83AAE8B6CA112E98483F5BD6334BB984AB14CC96","datapc64_merged_set01_bnk_soundbank_ja-jp.forge",2097152,2097152,1492152,18
"83AAE8B6CA112E98483F5BD6334BB984AB14CC96","datapc64_merged_set01_bnk_soundmedia_ja-jp.forge",12550144,12550144,10447589,18
"83AAE8B6CA112E98483F5BD6334BB984AB14CC96","datapc64_merged_set01_bnk_soundbank_ru-ru.forge",2031616,2031616,1439947,19
"83AAE8B6CA112E98483F5BD6334BB984AB14CC96","datapc64_merged_set01_bnk_soundmedia_ru-ru.forge",11632640,11632640,9499403,19
"83AAE8B6CA112E98483F5BD6334BB984AB14CC96","datapc64_pvp05_plane.forge",5242880,5242880,4858302,20
"83AAE8B6CA112E98483F5BD6334BB984AB14CC96","datapc64_pvp05_plane_set01_bnk_gidata.forge",87195648,87195648,87171507,20
"83AAE8B6CA112E98483F5BD6334BB984AB14CC96","datapc64_ondemand_set02.forge",12582912,12582912,11130962,22
"83AAE8B6CA112E98483F5BD6334BB984AB14CC96","datapc64_merged_set02_bnk_000000001_guitextures0.forge",8093696,8093696,8034492,22
"83AAE8B6CA112E98483F5BD6334BB984AB14CC96","datapc64_merged_set02_bnk_000000001_guitextures1.forge",1146880,1146880,1105642,22
"83AAE8B6CA112E98483F5BD6334BB984AB14CC96","datapc64_merged_set02_bnk_000000001_mesh.forge",53018624,53018624,35628224,22
"83AAE8B6CA112E98483F5BD6334BB984AB14CC96","datapc64_merged_set02_bnk_000000001_meshshape.forge",46071808,46071808,33078320,22
"83AAE8B6CA112E98483F5BD6334BB984AB14CC96","datapc64_merged_set02_bnk_000000001_textures0.forge",79167488,79167488,77230454,22
"83AAE8B6CA112E98483F5BD6334BB984AB14CC96","datapc64_merged_set02_bnk_000000001_textures1.forge",133234688,133234688,131901191,22
"83AAE8B6CA112E98483F5BD6334BB984AB14CC96","datapc64_merged_set02_bnk_000000001_textures2.forge",135135232,135135232,134324373,22
"83AAE8B6CA112E98483F5BD6334BB984AB14CC96","datapc64_merged_set02_bnk_000000001_textures3.forge",308084736,308084736,307359976,22
"83AAE8B6CA112E98483F5BD6334BB984AB14CC96","datapc64_merged_set02_bnk_000000002_mesh.forge",6029312,6029312,4458136,22
"83AAE8B6CA112E98483F5BD6334BB984AB14CC96","datapc64_merged_set02_bnk_000000002_meshshape.forge",19529728,19529728,11400080,22
"83AAE8B6CA112E98483F5BD6334BB984AB14CC96","datapc64_merged_set02_bnk_000000002_textures0.forge",1703936,1703936,1618771,22
"83AAE8B6CA112E98483F5BD6334BB984AB14CC96","datapc64_merged_set02_bnk_000000002_textures1.forge",7372800,7372800,7301466,22
"83AAE8B6CA112E98483F5BD6334BB984AB14CC96","datapc64_merged_set02_bnk_000000002_textures2.forge",10289152,10289152,10237380,22
"83AAE8B6CA112E98483F5BD6334BB984AB14CC96","datapc64_merged_set02_bnk_000000002_textures3.forge",16351232,16351232,16305201,22
"83AAE8B6CA112E98483F5BD6334BB984AB14CC96","datapc64_merged_set02_bnk_090040931_mesh.forge",98304,98304,21709,22
"83AAE8B6CA112E98483F5BD6334BB984AB14CC96","datapc64_merged_set02_bnk_090040931_meshshape.forge",17137664,17137664,9676578,22
"83AAE8B6CA112E98483F5BD6334BB984AB14CC96","datapc64_merged_set02_bnk_090040931_textures0.forge",557056,557056,518450,22
"83AAE8B6CA112E98483F5BD6334BB984AB14CC96","datapc64_merged_set02_bnk_090541478_mesh.forge",32768,32768,1338,22
"83AAE8B6CA112E98483F5BD6334BB984AB14CC96","datapc64_merged_set02_bnk_090541478_meshshape.forge",65536,65536,18206,22
"83AAE8B6CA112E98483F5BD6334BB984AB14CC96","datapc64_merged_set02_bnk_090541478_textures0.forge",163840,163840,105600,22
"83AAE8B6CA112E98483F5BD6334BB984AB14CC96","datapc64_merged_set02_bnk_090541478_textures1.forge",327680,327680,286163,22
"83AAE8B6CA112E98483F5BD6334BB984AB14CC96","datapc64_merged_set02_bnk_090541478_textures2.forge",229376,229376,201555,22
"83AAE8B6CA112E98483F5BD6334BB984AB14CC96","datapc64_merged_set02_bnk_090541478_textures3.forge",753664,753664,738024,22
"83AAE8B6CA112E98483F5BD6334BB984AB14CC96","datapc64_merged_set02_bnk_091521055_mesh.forge",294912,294912,97832,22
"83AAE8B6CA112E98483F5BD6334BB984AB14CC96","datapc64_merged_set02_bnk_091521055_meshshape.forge",6946816,6946816,3936446,22
"83AAE8B6CA112E98483F5BD6334BB984AB14CC96","datapc64_merged_set02_bnk_092086532_mesh.forge",262144,262144,184550,22
"83AAE8B6CA112E98483F5BD6334BB984AB14CC96","datapc64_merged_set02_bnk_092086532_meshshape.forge",294912,294912,224819,22
"83AAE8B6CA112E98483F5BD6334BB984AB14CC96","datapc64_merged_set02_bnk_092717094_meshshape.forge",17072128,17072128,9627463,22
"83AAE8B6CA112E98483F5BD6334BB984AB14CC96","datapc64_merged_set02_bnk_094545526_mesh.forge",8126464,8126464,7591121,22
"83AAE8B6CA112E98483F5BD6334BB984AB14CC96","datapc64_merged_set02_bnk_094545526_meshshape.forge",10256384,10256384,7090220,22
"83AAE8B6CA112E98483F5BD6334BB984AB14CC96","datapc64_merged_set02_bnk_094545526_textures0.forge",10387456,10387456,9782704,22
"83AAE8B6CA112E98483F5BD6334BB984AB14CC96","datapc64_merged_set02_bnk_094545526_textures1.forge",31260672,31260672,30684506,22
"83AAE8B6CA112E98483F5BD6334BB984AB14CC96","datapc64_merged_set02_bnk_094545526_textures2.forge",26607616,26607616,26168571,22
"83AAE8B6CA112E98483F5BD6334BB984AB14CC96","datapc64_merged_set02_bnk_094545526_textures3.forge",77496320,77496320,77214268,22
"83AAE8B6CA112E98483F5BD6334BB984AB14CC96","datapc64_merged_set02_bnk_095313250_mesh.forge",4292608,4292608,3274330,22
"83AAE8B6CA112E98483F5BD6334BB984AB14CC96","datapc64_merged_set02_bnk_095313250_meshshape.forge",7045120,7045120,4988955,22
"83AAE8B6CA112E98483F5BD6334BB984AB14CC96","datapc64_merged_set02_bnk_095313250_textures0.forge",6160384,6160384,5925775,22
"83AAE8B6CA112E98483F5BD6334BB984AB14CC96","datapc64_merged_set02_bnk_095313250_textures1.forge",22478848,22478848,22301008,22
"83AAE8B6CA112E98483F5BD6334BB984AB14CC96","datapc64_merged_set02_bnk_095313250_textures2.forge",24674304,24674304,24567111,22
"83AAE8B6CA112E98483F5BD6334BB984AB14CC96","datapc64_merged_set02_bnk_095313250_textures3.forge",50298880,50298880,50166882,22
"83AAE8B6CA112E98483F5BD6334BB984AB14CC96","datapc64_merged_set02_bnk_095709576_guitextures0.forge",1376256,1376256,1359628,22
"83AAE8B6CA112E98483F5BD6334BB984AB14CC96","datapc64_merged_set02_bnk_095709576_mesh.forge",2064384,2064384,1781347,22
"83AAE8B6CA112E98483F5BD6334BB984AB14CC96","datapc64_merged_set02_bnk_095709576_meshshape.forge",8683520,8683520,5451348,22
"83AAE8B6CA112E98483F5BD6334BB984AB14CC96","datapc64_merged_set02_bnk_095709576_textures0.forge",1277952,1277952,1176707,22
"83AAE8B6CA112E98483F5BD6334BB984AB14CC96","datapc64_merged_set02_bnk_095709576_textures1.forge",4259840,4259840,4181401,22
"83AAE8B6CA112E98483F5BD6334BB984AB14CC96","datapc64_merged_set02_bnk_095709576_textures2.forge",5439488,5439488,5389603,22
"83AAE8B6CA112E98483F5BD6334BB984AB14CC96","datapc64_merged_set02_bnk_095709576_textures3.forge",9797632,9797632,9753513,22
"83AAE8B6CA112E98483F5BD6334BB984AB14CC96","datapc64_merged_set02_bnk_096484918_guitextures0.forge",1507328,1507328,1487017,22
"83AAE8B6CA112E98483F5BD6334BB984AB14CC96","datapc64_merged_set02_bnk_096484918_mesh.forge",7569408,7569408,5999606,22
"83AAE8B6CA112E98483F5BD6334BB984AB14CC96","datapc64_merged_set02_bnk_096484918_meshshape.forge",13303808,13303808,10223052,22
"83AAE8B6CA112E98483F5BD6334BB984AB14CC96","datapc64_merged_set02_bnk_096484918_textures0.forge",44531712,44531712,44224273,22
"83AAE8B6CA112E98483F5BD6334BB984AB14CC96","datapc64_merged_set02_bnk_096484918_textures1.forge",17498112,17498112,17393902,22
"83AAE8B6CA112E98483F5BD6334BB984AB14CC96","datapc64_merged_set02_bnk_096484918_textures2.forge",17596416,17596416,17532544,22
"83AAE8B6CA112E98483F5BD6334BB984AB14CC96","datapc64_merged_set02_bnk_096484918_textures3.forge",41320448,41320448,41258994,22
"83AAE8B6CA112E98483F5BD6334BB984AB14CC96","datapc64_merged_set02_bnk_096829029_mesh.forge",32768,32768,14518,22
"83AAE8B6CA112E98483F5BD6334BB984AB14CC96","datapc64_merged_set02_bnk_099945270_mesh.forge",262144,262144,173092,22
"83AAE8B6CA112E98483F5BD6334BB984AB14CC96","datapc64_merged_set02_bnk_101101136_mesh.forge",196608,196608,153668,22
"83AAE8B6CA112E98483F5BD6334BB984AB14CC96","datapc64_merged_set02_bnk_101101136_meshshape.forge",229376,229376,195586,22
"83AAE8B6CA112E98483F5BD6334BB984AB14CC96","datapc64_merged_set02_bnk_101101136_textures0.forge",229376,229376,193583,22
"83AAE8B6CA112E98483F5BD6334BB984AB14CC96","datapc64_merged_set02_bnk_101101136_textures1.forge",950272,950272,925126,22
"83AAE8B6CA112E98483F5BD6334BB984AB14CC96","datapc64_merged_set02_bnk_101101136_textures2.forge",983040,983040,961860,22
"83AAE8B6CA112E98483F5BD6334BB984AB14CC96","datapc64_merged_set02_bnk_101101136_textures3.forge",2326528,2326528,2293127,22
"83AAE8B6CA112E98483F5BD6334BB984AB14CC96","datapc64_merged_set02_bnk_guitextures0.forge",17039360,17039360,16913759,22
"83AAE8B6CA112E98483F5BD6334BB984AB14CC96","datapc64_merged_set02_bnk_guitextures1.forge",32768,32768,8994,22
"83AAE8B6CA112E98483F5BD6334BB984AB14CC96","datapc64_merged_set02_bnk_mesh.forge",176881664,176881664,135067685,22
"83AAE8B6CA112E98483F5BD6334BB984AB14CC96","datapc64_merged_set02_bnk_meshshape.forge",122060800,122060800,97587739,22
"83AAE8B6CA112E98483F5BD6334BB984AB14CC96","datapc64_merged_set02_bnk_textures0.forge",373227520,373227520,364898900,22
"83AAE8B6CA112E98483F5BD6334BB984AB14CC96","datapc64_merged_set02_bnk_textures1.forge",586416128,586416128,580586654,22
"83AAE8B6CA112E98483F5BD6334BB984AB14CC96","datapc64_merged_set02_bnk_textures2.forge",639729664,639729664,635281215,22
"83AAE8B6CA112E98483F5BD6334BB984AB14CC96","datapc64_merged_set02_bnk_textures3.forge",1341652992,1341652992,1338613278,22
"83AAE8B6CA112E98483F5BD6334BB984AB14CC96","datapc64_merged_set02_bnk_soundmedia.forge",149880832,149880832,145492470,22
"83AAE8B6CA112E98483F5BD6334BB984AB14CC96","datapc64_merged_set02_bnk_soundbank.forge",38174720,38174720,34752747,22
"83AAE8B6CA112E98483F5BD6334BB984AB14CC96","videos/y8s3_onbrd_tutorial03.webm",23611632,23611632,22275585,22
"83AAE8B6CA112E98483F5BD6334BB984AB14CC96","datapc64_merged_set02_bnk_soundbank_en-us.forge",5472256,5472256,3872216,23
"83AAE8B6CA112E98483F5BD6334BB984AB14CC96","datapc64_merged_set02_bnk_soundmedia_en-us.forge",22740992,22740992,18547893,23
"83AAE8B6CA112E98483F5BD6334BB984AB14CC96","datapc64_merged_set02_bnk_soundbank_fr-fr.forge",5963776,5963776,4264201,24
"83AAE8B6CA112E98483F5BD6334BB984AB14CC96","datapc64_merged_set02_bnk_soundmedia_fr-fr.forge",23429120,23429120,19298056,24
"83AAE8B6CA112E98483F5BD6334BB984AB14CC96","datapc64_merged_set02_bnk_soundbank_it-it.forge",6488064,6488064,4799755,25
"83AAE8B6CA112E98483F5BD6334BB984AB14CC96","datapc64_merged_set02_bnk_soundmedia_it-it.forge",25886720,25886720,21652872,25
"83AAE8B6CA112E98483F5BD6334BB984AB14CC96","datapc64_merged_set02_bnk_soundbank_de-de.forge",7012352,7012352,5329961,26
"83AAE8B6CA112E98483F5BD6334BB984AB14CC96","datapc64_merged_set02_bnk_soundmedia_de-de.forge",26869760,26869760,22648453,26
"83AAE8B6CA112E98483F5BD6334BB984AB14CC96","datapc64_merged_set02_bnk_soundbank_es-es.forge",6684672,6684672,5013056,27
"83AAE8B6CA112E98483F5BD6334BB984AB14CC96","datapc64_merged_set02_bnk_soundmedia_es-es.forge",27099136,27099136,22880053,27
"83AAE8B6CA112E98483F5BD6334BB984AB14CC96","datapc64_merged_set02_bnk_soundbank_es-mx.forge",7143424,7143424,5495332,28
"83AAE8B6CA112E98483F5BD6334BB984AB14CC96","datapc64_merged_set02_bnk_soundmedia_es-mx.forge",27951104,27951104,23752533,28
"83AAE8B6CA112E98483F5BD6334BB984AB14CC96","datapc64_merged_set02_bnk_soundbank_pt-br.forge",6946816,6946816,5287146,29
"83AAE8B6CA112E98483F5BD6334BB984AB14CC96","datapc64_merged_set02_bnk_soundmedia_pt-br.forge",27623424,27623424,23485188,29
"83AAE8B6CA112E98483F5BD6334BB984AB14CC96","datapc64_merged_set02_bnk_soundbank_ja-jp.forge",6062080,6062080,4361560,30
"83AAE8B6CA112E98483F5BD6334BB984AB14CC96","datapc64_merged_set02_bnk_soundmedia_ja-jp.forge",23494656,23494656,19327147,30
"83AAE8B6CA112E98483F5BD6334BB984AB14CC96","datapc64_merged_set02_bnk_soundbank_ru-ru.forge",6324224,6324224,4691544,31
"83AAE8B6CA112E98483F5BD6334BB984AB14CC96","datapc64_merged_set02_bnk_soundmedia_ru-ru.forge",24313856,24313856,20080238,31
"83AAE8B6CA112E98483F5BD6334BB984AB14CC96","datapc64_pvp09_kanal.forge",7798784,7798784,7521126,33
"83AAE8B6CA112E98483F5BD6334BB984AB14CC96","datapc64_pvp09_kanal_set02_bnk_gidata.forge",48136192,48136192,48111566,33
"83AAE8B6CA112E98483F5BD6334BB984AB14CC96","datapc64_pvp07_consulate_v2.forge",24084480,24084480,23737469,34
"83AAE8B6CA112E98483F5BD6334BB984AB14CC96","datapc64_pvp07_consulate_v2_set01_bnk_gidata.forge",54198272,54198272,54155388,34
"83AAE8B6CA112E98483F5BD6334BB984AB14CC96","datapc64_pvp02_oregon_v2.forge",23461888,23461888,23094240,35
"83AAE8B6CA112E98483F5BD6334BB984AB14CC96","datapc64_pvp02_oregon_v2_set02_bnk_gidata.forge",39714816,39714816,39680092,35
"83AAE8B6CA112E98483F5BD6334BB984AB14CC96","videos/opscards/y10s1_membership.webm",3257066,3257066,3074205,37
"83AAE8B6CA112E98483F5BD6334BB984AB14CC96","videos/opscards/y9s2_membership.webm",3472563,3472563,3217356,37
"83AAE8B6CA112E98483F5BD6334BB984AB14CC96","videos/opscards/y9s3_membership.webm",3507960,3507960,3173473,37
"83AAE8B6CA112E98483F5BD6334BB984AB14CC96","videos/opscards/y9s4_membership.webm",3395390,3395390,3040057,37
"83AAE8B6CA112E98483F5BD6334BB984AB14CC96","videos/ui/y10s2_hub_dualfront.webm",67826483,67826483,61448973,37
"83AAE8B6CA112E98483F5BD6334BB984AB14CC96","videos/ui/y10s3_hub_dualfront.webm",15588977,15588977,14073089,37
"83AAE8B6CA112E98483F5BD6334BB984AB14CC96","videos/ui/y10s4_hub_dualfront.webm",40233345,40233345,36583045,37
"83AAE8B6CA112E98483F5BD6334BB984AB14CC96","videos/ui/y10s4_hub_invitational.webm",121752758,121752758,115879535,37
"83AAE8B6CA112E98483F5BD6334BB984AB14CC96","videos/y10s2_dual_front_tutorial.webm",91806297,91806297,87883210,37
"83AAE8B6CA112E98483F5BD6334BB984AB14CC96","videos/y10s4_events_frosty_intro.webm",15580907,15580907,14809837,37
"83AAE8B6CA112E98483F5BD6334BB984AB14CC96","videos/y10s4_events_patriot_intro.webm",16647102,16647102,15888885,37
"83AAE8B6CA112E98483F5BD6334BB984AB14CC96","videos/y8s1_events_rim2.webm",18069323,18069323,17069853,37
"83AAE8B6CA112E98483F5BD6334BB984AB14CC96","videos/y9s2_membership.webm",3450962,3450962,3198991,37
"83AAE8B6CA112E98483F5BD6334BB984AB14CC96","videos/y9s3_membership.webm",3503067,3503067,3276214,37
"83AAE8B6CA112E98483F5BD6334BB984AB14CC96","videos/y9s4_events_riot_intro_prores_1.webm",32360629,32360629,30922997,37
"83AAE8B6CA112E98483F5BD6334BB984AB14CC96","datapc64_pvp04_clubhouse_mod.forge",24477696,24477696,24046091,37
"83AAE8B6CA112E98483F5BD6334BB984AB14CC96","datapc64_pvp04_clubhouse_mod_set02_bnk_gidata.forge",24707072,24707072,24650126,37
"83AAE8B6CA112E98483F5BD6334BB984AB14CC96","datapc64_pvp06_yacht.forge",7536640,7536640,7215029,37
"83AAE8B6CA112E98483F5BD6334BB984AB14CC96","datapc64_pvp06_yacht_bnk_gidata.forge",88834048,88834048,88806789,37
"83AAE8B6CA112E98483F5BD6334BB984AB14CC96","datapc64_pvp06_yacht_v2.forge",7176192,7176192,6885119,37
"83AAE8B6CA112E98483F5BD6334BB984AB14CC96","datapc64_pvp06_yacht_v2_bnk_gidata.forge",88211456,88211456,88188741,37
"83AAE8B6CA112E98483F5BD6334BB984AB14CC96","datapc64_pvp07_consulate_v2_mod.forge",25067520,25067520,24731981,37
"83AAE8B6CA112E98483F5BD6334BB984AB14CC96","datapc64_pvp07_consulate_v2_mod_set01_bnk_gidata.forge",81920000,81920000,81838069,37
"83AAE8B6CA112E98483F5BD6334BB984AB14CC96","datapc64_pvp08_bank_v2_mod.forge",23822336,23822336,23470845,37
"83AAE8B6CA112E98483F5BD6334BB984AB14CC96","datapc64_pvp08_bank_v2_mod_bnk_gidata.forge",30834688,30834688,30775524,37
"83AAE8B6CA112E98483F5BD6334BB984AB14CC96","datapc64_pvp10_chalet_v2_mod.forge",22904832,22904832,22680092,37
"83AAE8B6CA112E98483F5BD6334BB984AB14CC96","datapc64_pvp10_chalet_v2_mod_set02_bnk_gidata.forge",33095680,33095680,33034144,37
"83AAE8B6CA112E98483F5BD6334BB984AB14CC96","datapc64_pvp11_university.forge",7143424,7143424,6805888,37
"83AAE8B6CA112E98483F5BD6334BB984AB14CC96","datapc64_pvp11_university_bnk_gidata.forge",140050432,140050432,140003724,37
"83AAE8B6CA112E98483F5BD6334BB984AB14CC96","datapc64_pvp12_russiancafe_mod.forge",23625728,23625728,23307968,37
"83AAE8B6CA112E98483F5BD6334BB984AB14CC96","datapc64_pvp12_russiancafe_mod_set02_bnk_gidata.forge",18808832,18808832,18744071,37
"83AAE8B6CA112E98483F5BD6334BB984AB14CC96","datapc64_pvp13_border_v2_mod.forge",22773760,22773760,22469711,37
"83AAE8B6CA112E98483F5BD6334BB984AB14CC96","datapc64_pvp13_border_v2_mod_bnk_gidata.forge",24543232,24543232,24467511,37
"83AAE8B6CA112E98483F5BD6334BB984AB14CC96","datapc64_pvp14_favela_v2.forge",8454144,8454144,8149861,37
"83AAE8B6CA112E98483F5BD6334BB984AB14CC96","datapc64_pvp14_favela_v2_bnk_gidata.forge",42074112,42074112,42058383,37
"83AAE8B6CA112E98483F5BD6334BB984AB14CC96","datapc64_pvp15_temple_v2_bnk_gidata.forge",52789248,52789248,52770070,37
"83AAE8B6CA112E98483F5BD6334BB984AB14CC96","datapc64_pvp15_temple_v2_mod.forge",8028160,8028160,7745366,37
"83AAE8B6CA112E98483F5BD6334BB984AB14CC96","datapc64_pvp15_temple_v2_mod_bnk_gidata.forge",74940416,74940416,74893669,37
"83AAE8B6CA112E98483F5BD6334BB984AB14CC96","datapc64_pvp16_ibiza.forge",23035904,23035904,22742922,37
"83AAE8B6CA112E98483F5BD6334BB984AB14CC96","datapc64_pvp16_ibiza_bnk_gidata.forge",115212288,115212288,115176014,37
"83AAE8B6CA112E98483F5BD6334BB984AB14CC96","datapc64_pvp17_themepark_v2_bnk_gidata.forge",50462720,50462720,50442631,37
"83AAE8B6CA112E98483F5BD6334BB984AB14CC96","datapc64_pvp17_themepark_v2_mod.forge",7864320,7864320,7576532,37
"83AAE8B6CA112E98483F5BD6334BB984AB14CC96","datapc64_pvp17_themepark_v2_mod_bnk_gidata.forge",20316160,20316160,20255224,37
"83AAE8B6CA112E98483F5BD6334BB984AB14CC96","datapc64_pvp19_tower.forge",53608448,53608448,53105044,37
"83AAE8B6CA112E98483F5BD6334BB984AB14CC96","datapc64_pvp19_tower_bnk_gidata.forge",88604672,88604672,88562530,37
"83AAE8B6CA112E98483F5BD6334BB984AB14CC96","datapc64_pvp20_italy.forge",14024704,14024704,13688849,37
"83AAE8B6CA112E98483F5BD6334BB984AB14CC96","datapc64_pvp20_italy_bnk_gidata.forge",45318144,45318144,45274855,37
"83AAE8B6CA112E98483F5BD6334BB984AB14CC96","datapc64_pvp22_morocco_bnk_gidata.forge",59801600,59801600,59766828,37
"83AAE8B6CA112E98483F5BD6334BB984AB14CC96","datapc64_pvp22_morocco_v2_mod.forge",9306112,9306112,9020068,37
"83AAE8B6CA112E98483F5BD6334BB984AB14CC96","datapc64_pvp22_morocco_v2_mod_bnk_gidata.forge",28409856,28409856,28340200,37
"83AAE8B6CA112E98483F5BD6334BB984AB14CC96","datapc64_pvp23_australia_v2.forge",8716288,8716288,8384128,37
"83AAE8B6CA112E98483F5BD6334BB984AB14CC96","datapc64_pvp23_australia_v2_bnk_gidata.forge",52559872,52559872,52528396,37
"83AAE8B6CA112E98483F5BD6334BB984AB14CC96","datapc64_pvp24_countryclub.forge",8650752,8650752,8365657,37
"83AAE8B6CA112E98483F5BD6334BB984AB14CC96","datapc64_pvp24_countryclub_bnk_gidata.forge",57573376,57573376,57533383,37
"83AAE8B6CA112E98483F5BD6334BB984AB14CC96","datapc64_pvp25_nighthaven.forge",20905984,20905984,20642394,37
"83AAE8B6CA112E98483F5BD6334BB984AB14CC96","datapc64_pvp25_nighthaven_bnk_gidata.forge",58294272,58294272,58276305,37
"83AAE8B6CA112E98483F5BD6334BB984AB14CC96","datapc64_pvp25_nighthaven_mod.forge",21954560,21954560,21698100,37
"83AAE8B6CA112E98483F5BD6334BB984AB14CC96","datapc64_pvp25_nighthaven_mod_bnk_gidata.forge",34209792,34209792,34175194,37
"83AAE8B6CA112E98483F5BD6334BB984AB14CC96","datapc64_pvp26_viperstrike.forge",7405568,7405568,7094379,37
"83AAE8B6CA112E98483F5BD6334BB984AB14CC96","datapc64_pvp26_viperstrike_bnk_gidata.forge",50364416,50364416,50338980,37
"83AAE8B6CA112E98483F5BD6334BB984AB14CC96","datapc64_pvp26_viperstrike_mod.forge",23199744,23199744,22920111,37
"83AAE8B6CA112E98483F5BD6334BB984AB14CC96","datapc64_pvp26_viperstrike_mod_bnk_gidata.forge",75268096,75268096,75199972,37
"83AAE8B6CA112E98483F5BD6334BB984AB14CC96","datapc64_pvp27_stadium2021.forge",4259840,4259840,4035666,37
"83AAE8B6CA112E98483F5BD6334BB984AB14CC96","datapc64_pvp27_stadium2021_bnk_gidata.forge",51675136,51675136,51648047,37
"83AAE8B6CA112E98483F5BD6334BB984AB14CC96","datapc64_pvp27_stadium2021_v2.forge",5505024,5505024,5293353,37
"83AAE8B6CA112E98483F5BD6334BB984AB14CC96","datapc64_pvp27_stadium2021_v2_bnk_gidata.forge",50298880,50298880,50255933,37
"83AAE8B6CA112E98483F5BD6334BB984AB14CC96","datapc64_pvp28_stadiumalpha_v2.forge",5439488,5439488,5196605,37
"83AAE8B6CA112E98483F5BD6334BB984AB14CC96","datapc64_pvp28_stadiumalpha_v2_bnk_gidata.forge",102629376,102629376,102604799,37
"83AAE8B6CA112E98483F5BD6334BB984AB14CC96","datapc64_evn02_showdown_events_bnk_gidata.forge",46956544,46956544,46915578,37
"83AAE8B6CA112E98483F5BD6334BB984AB14CC96","datapc64_evn03_doktorscurse_events_bnk_gidata.forge",133332992,133332992,133296805,37
"83AAE8B6CA112E98483F5BD6334BB984AB14CC96","datapc64_evn03_lab_events_set02_bnk_gidata.forge",21757952,21757952,21716581,37
"83AAE8B6CA112E98483F5BD6334BB984AB14CC96","datapc64_evn06_muteprotocol_events_bnk_gidata.forge",41680896,41680896,41642895,37
"83AAE8B6CA112E98483F5BD6334BB984AB14CC96","datapc64_evn12_rengoku_events_bnk_gidata.forge",50757632,50757632,50717293,37
"83AAE8B6CA112E98483F5BD6334BB984AB14CC96","datapc64_evn14_freezeforall_events.forge",3637248,3637248,3337020,37
"83AAE8B6CA112E98483F5BD6334BB984AB14CC96","datapc64_evn14_freezeforall_events_bnk_gidata.forge",62685184,62685184,62672931,37
"83AAE8B6CA112E98483F5BD6334BB984AB14CC96","datapc64_evn16_patriot_events_set01_bnk_gidata.forge",9338880,9338880,9306532,37
"83AAE8B6CA112E98483F5BD6334BB984AB14CC96","datapc64_onb00_shootingrange.forge",1212416,1212416,1166618,37
"83AAE8B6CA112E98483F5BD6334BB984AB14CC96","datapc64_onb00_shootingrange_bnk_gidata.forge",34668544,34668544,34630777,37
"83AAE8B6CA112E98483F5BD6334BB984AB14CC96","datapc64_tdm01_mtown.forge",2621440,2621440,2421654,37
"83AAE8B6CA112E98483F5BD6334BB984AB14CC96","datapc64_tdm01_mtown_bnk_gidata.forge",9863168,9863168,9820117,37
"83AAE8B6CA112E98483F5BD6334BB984AB14CC96","datapc64_lgm01_heroes.forge",43024384,43024384,41301701,37
"83AAE8B6CA112E98483F5BD6334BB984AB14CC96","datapc64_lgm01_heroes_bnk_gidata.forge",141033472,141033472,140897624,37
"83AAE8B6CA112E98483F5BD6334BB984AB14CC96","datapc64_ondemand.forge",572719104,572719104,514794394,37
"83AAE8B6CA112E98483F5BD6334BB984AB14CC96","datapc64_merged_bnk_000000001_guitextures0.forge",16941056,16941056,16836877,37
"83AAE8B6CA112E98483F5BD6334BB984AB14CC96","datapc64_merged_bnk_000000001_guitextures1.forge",2654208,2654208,2617339,37
"83AAE8B6CA112E98483F5BD6334BB984AB14CC96","datapc64_merged_bnk_000000001_mesh.forge",133464064,133464064,68947069,37
"83AAE8B6CA112E98483F5BD6334BB984AB14CC96","datapc64_merged_bnk_000000001_meshshape.forge",126844928,126844928,80134107,37
"83AAE8B6CA112E98483F5BD6334BB984AB14CC96","datapc64_merged_bnk_000000001_textures0.forge",235667456,235667456,229998136,37
"83AAE8B6CA112E98483F5BD6334BB984AB14CC96","datapc64_merged_bnk_000000001_textures1.forge",273645568,273645568,269893914,37
"83AAE8B6CA112E98483F5BD6334BB984AB14CC96","datapc64_merged_bnk_000000001_textures2.forge",244416512,244416512,242036314,37
"83AAE8B6CA112E98483F5BD6334BB984AB14CC96","datapc64_merged_bnk_000000001_textures3.forge",665190400,665190400,662710763,37
"83AAE8B6CA112E98483F5BD6334BB984AB14CC96","datapc64_merged_bnk_000000002_guitextures0.forge",10878976,10878976,10814511,37
"83AAE8B6CA112E98483F5BD6334BB984AB14CC96","datapc64_merged_bnk_000000002_guitextures1.forge",4849664,4849664,4800887,37
"83AAE8B6CA112E98483F5BD6334BB984AB14CC96","datapc64_merged_bnk_000000002_mesh.forge",137723904,137723904,106099638,37
"83AAE8B6CA112E98483F5BD6334BB984AB14CC96","datapc64_merged_bnk_000000002_meshshape.forge",189661184,189661184,132710242,37
"83AAE8B6CA112E98483F5BD6334BB984AB14CC96","datapc64_merged_bnk_000000002_textures0.forge",424738816,424738816,417361563,37
"83AAE8B6CA112E98483F5BD6334BB984AB14CC96","datapc64_merged_bnk_000000002_textures1.forge",585760768,585760768,580386605,37
"83AAE8B6CA112E98483F5BD6334BB984AB14CC96","datapc64_merged_bnk_000000002_textures2.forge",605618176,605618176,602422505,37
"83AAE8B6CA112E98483F5BD6334BB984AB14CC96","datapc64_merged_bnk_000000002_textures3.forge",1347289088,1347289088,1344183358,37
"83AAE8B6CA112E98483F5BD6334BB984AB14CC96","datapc64_merged_bnk_090040931_guitextures0.forge",32768,32768,8011,37
"83AAE8B6CA112E98483F5BD6334BB984AB14CC96","datapc64_merged_bnk_090040931_guitextures1.forge",32768,32768,16143,37
"83AAE8B6CA112E98483F5BD6334BB984AB14CC96","datapc64_merged_bnk_090040931_mesh.forge",5898240,5898240,5572821,37
"83AAE8B6CA112E98483F5BD6334BB984AB14CC96","datapc64_merged_bnk_090040931_meshshape.forge",26181632,26181632,15148011,37
"83AAE8B6CA112E98483F5BD6334BB984AB14CC96","datapc64_merged_bnk_090040931_textures0.forge",8814592,8814592,8695546,37
"83AAE8B6CA112E98483F5BD6334BB984AB14CC96","datapc64_merged_bnk_090040931_textures1.forge",1966080,1966080,1882136,37
"83AAE8B6CA112E98483F5BD6334BB984AB14CC96","datapc64_merged_bnk_090040931_textures2.forge",1048576,1048576,967315,37
"83AAE8B6CA112E98483F5BD6334BB984AB14CC96","datapc64_merged_bnk_090040931_textures3.forge",4423680,4423680,4376683,37
"83AAE8B6CA112E98483F5BD6334BB984AB14CC96","datapc64_merged_bnk_090541478_guitextures0.forge",131072,131072,34119,37
"83AAE8B6CA112E98483F5BD6334BB984AB14CC96","datapc64_merged_bnk_090541478_mesh.forge",5570560,5570560,5298229,37
"83AAE8B6CA112E98483F5BD6334BB984AB14CC96","datapc64_merged_bnk_090541478_meshshape.forge",7208960,7208960,4593744,37
"83AAE8B6CA112E98483F5BD6334BB984AB14CC96","datapc64_merged_bnk_090541478_textures0.forge",4456448,4456448,4368065,37
"83AAE8B6CA112E98483F5BD6334BB984AB14CC96","datapc64_merged_bnk_090541478_textures1.forge",1802240,1802240,1729624,37
"83AAE8B6CA112E98483F5BD6334BB984AB14CC96","datapc64_merged_bnk_090541478_textures2.forge",884736,884736,832220,37
"83AAE8B6CA112E98483F5BD6334BB984AB14CC96","datapc64_merged_bnk_090541478_textures3.forge",3637248,3637248,3594836,37
"83AAE8B6CA112E98483F5BD6334BB984AB14CC96","datapc64_merged_bnk_091521055_mesh.forge",131072,131072,78794,37
"83AAE8B6CA112E98483F5BD6334BB984AB14CC96","datapc64_merged_bnk_091521055_meshshape.forge",12812288,12812288,7192582,37
"83AAE8B6CA112E98483F5BD6334BB984AB14CC96","datapc64_merged_bnk_091521055_textures0.forge",4161536,4161536,4030464,37
"83AAE8B6CA112E98483F5BD6334BB984AB14CC96","datapc64_merged_bnk_091521055_textures1.forge",2555904,2555904,2460970,37
"83AAE8B6CA112E98483F5BD6334BB984AB14CC96","datapc64_merged_bnk_091521055_textures2.forge",1671168,1671168,1609444,37
"83AAE8B6CA112E98483F5BD6334BB984AB14CC96","datapc64_merged_bnk_091521055_textures3.forge",6488064,6488064,6420484,37
"83AAE8B6CA112E98483F5BD6334BB984AB14CC96","datapc64_merged_bnk_092086532_mesh.forge",98304,98304,11299,37
"83AAE8B6CA112E98483F5BD6334BB984AB14CC96","datapc64_merged_bnk_092086532_meshshape.forge",2949120,2949120,1571318,37
"83AAE8B6CA112E98483F5BD6334BB984AB14CC96","datapc64_merged_bnk_092086532_textures0.forge",6258688,6258688,6203039,37
"83AAE8B6CA112E98483F5BD6334BB984AB14CC96","datapc64_merged_bnk_092086532_textures1.forge",950272,950272,934282,37
"83AAE8B6CA112E98483F5BD6334BB984AB14CC96","datapc64_merged_bnk_092717094_meshshape.forge",47185920,47185920,26510712,37
"83AAE8B6CA112E98483F5BD6334BB984AB14CC96","datapc64_merged_bnk_094545526_mesh.forge",1441792,1441792,1354579,37
"83AAE8B6CA112E98483F5BD6334BB984AB14CC96","datapc64_merged_bnk_094545526_meshshape.forge",4521984,4521984,2562574,37
"83AAE8B6CA112E98483F5BD6334BB984AB14CC96","datapc64_merged_bnk_094545526_textures0.forge",524288,524288,432102,37
"83AAE8B6CA112E98483F5BD6334BB984AB14CC96","datapc64_merged_bnk_094545526_textures1.forge",983040,983040,912063,37
"83AAE8B6CA112E98483F5BD6334BB984AB14CC96","datapc64_merged_bnk_094545526_textures2.forge",786432,786432,718052,37
"83AAE8B6CA112E98483F5BD6334BB984AB14CC96","datapc64_merged_bnk_094545526_textures3.forge",2490368,2490368,2447939,37
"83AAE8B6CA112E98483F5BD6334BB984AB14CC96","datapc64_merged_bnk_095313250_mesh.forge",3047424,3047424,988204,37
"83AAE8B6CA112E98483F5BD6334BB984AB14CC96","datapc64_merged_bnk_095313250_meshshape.forge",29065216,29065216,16394798,37
"83AAE8B6CA112E98483F5BD6334BB984AB14CC96","datapc64_merged_bnk_095313250_textures0.forge",6029312,6029312,5925341,37
"83AAE8B6CA112E98483F5BD6334BB984AB14CC96","datapc64_merged_bnk_095313250_textures1.forge",4751360,4751360,4685841,37
"83AAE8B6CA112E98483F5BD6334BB984AB14CC96","datapc64_merged_bnk_095313250_textures2.forge",2228224,2228224,2176297,37
"83AAE8B6CA112E98483F5BD6334BB984AB14CC96","datapc64_merged_bnk_095313250_textures3.forge",9306112,9306112,9246524,37
"83AAE8B6CA112E98483F5BD6334BB984AB14CC96","datapc64_merged_bnk_095709576_guitextures0.forge",688128,688128,662159,37
"83AAE8B6CA112E98483F5BD6334BB984AB14CC96","datapc64_merged_bnk_095709576_mesh.forge",1114112,1114112,929591,37
"83AAE8B6CA112E98483F5BD6334BB984AB14CC96","datapc64_merged_bnk_095709576_meshshape.forge",14778368,14778368,8272005,37
"83AAE8B6CA112E98483F5BD6334BB984AB14CC96","datapc64_merged_bnk_095709576_textures0.forge",71335936,71335936,70932221,37
"83AAE8B6CA112E98483F5BD6334BB984AB14CC96","datapc64_merged_bnk_095709576_textures1.forge",524288,524288,482347,37
"83AAE8B6CA112E98483F5BD6334BB984AB14CC96","datapc64_merged_bnk_095709576_textures2.forge",327680,327680,289114,37
"83AAE8B6CA112E98483F5BD6334BB984AB14CC96","datapc64_merged_bnk_095709576_textures3.forge",884736,884736,856388,37
"83AAE8B6CA112E98483F5BD6334BB984AB14CC96","datapc64_merged_bnk_096484918_guitextures0.forge",1310720,1310720,1277793,37
"83AAE8B6CA112E98483F5BD6334BB984AB14CC96","datapc64_merged_bnk_096484918_mesh.forge",327680,327680,296949,37
"83AAE8B6CA112E98483F5BD6334BB984AB14CC96","datapc64_merged_bnk_096484918_meshshape.forge",32768,32768,2957,37
"83AAE8B6CA112E98483F5BD6334BB984AB14CC96","datapc64_merged_bnk_096484918_textures0.forge",5242880,5242880,5186957,37
"83AAE8B6CA112E98483F5BD6334BB984AB14CC96","datapc64_merged_bnk_096484918_textures1.forge",2490368,2490368,2446149,37
"83AAE8B6CA112E98483F5BD6334BB984AB14CC96","datapc64_merged_bnk_098975365_guitextures0.forge",1277952,1277952,1242340,37
"83AAE8B6CA112E98483F5BD6334BB984AB14CC96","datapc64_merged_bnk_098975365_mesh.forge",983040,983040,938436,37
"83AAE8B6CA112E98483F5BD6334BB984AB14CC96","datapc64_merged_bnk_098975365_meshshape.forge",163840,163840,109346,37
"83AAE8B6CA112E98483F5BD6334BB984AB14CC96","datapc64_merged_bnk_099945270_mesh.forge",3670016,3670016,3477114,37
"83AAE8B6CA112E98483F5BD6334BB984AB14CC96","datapc64_merged_bnk_099945270_meshshape.forge",4816896,4816896,2765442,37
"83AAE8B6CA112E98483F5BD6334BB984AB14CC96","datapc64_merged_bnk_099945270_textures0.forge",10518528,10518528,10459259,37
"83AAE8B6CA112E98483F5BD6334BB984AB14CC96","datapc64_merged_bnk_099945270_textures1.forge",2949120,2949120,2884968,37
"83AAE8B6CA112E98483F5BD6334BB984AB14CC96","datapc64_merged_bnk_099945270_textures2.forge",393216,393216,357664,37
"83AAE8B6CA112E98483F5BD6334BB984AB14CC96","datapc64_merged_bnk_099945270_textures3.forge",4128768,4128768,4080500,37
"83AAE8B6CA112E98483F5BD6334BB984AB14CC96","datapc64_merged_bnk_101101136_mesh.forge",4390912,4390912,1899706,37
"83AAE8B6CA112E98483F5BD6334BB984AB14CC96","datapc64_merged_bnk_101101136_meshshape.forge",11763712,11763712,6954624,37
"83AAE8B6CA112E98483F5BD6334BB984AB14CC96","datapc64_merged_bnk_101101136_textures0.forge",10158080,10158080,10117434,37
"83AAE8B6CA112E98483F5BD6334BB984AB14CC96","datapc64_merged_bnk_101101136_textures1.forge",1507328,1507328,1464426,37
"83AAE8B6CA112E98483F5BD6334BB984AB14CC96","datapc64_merged_bnk_guitextures0.forge",59572224,59572224,58964825,37
"83AAE8B6CA112E98483F5BD6334BB984AB14CC96","datapc64_merged_bnk_guitextures1.forge",7503872,7503872,7350053,37
"83AAE8B6CA112E98483F5BD6334BB984AB14CC96","datapc64_merged_bnk_mesh.forge",1332871168,1332871168,1148947470,37
"83AAE8B6CA112E98483F5BD6334BB984AB14CC96","datapc64_merged_bnk_meshshape.forge",548896768,548896768,433312571,37
"83AAE8B6CA112E98483F5BD6334BB984AB14CC96","datapc64_merged_bnk_textures0.forge",2841903104,2841903104,2700981692,37
"83AAE8B6CA112E98483F5BD6334BB984AB14CC96","datapc64_merged_bnk_textures1.forge",3351478272,3351478272,3243803108,37
"83AAE8B6CA112E98483F5BD6334BB984AB14CC96","datapc64_merged_bnk_textures2.forge",2546761728,2546761728,2477814748,37
"83AAE8B6CA112E98483F5BD6334BB984AB14CC96","datapc64_merged_bnk_textures3.forge",7932051456,3637084160,3576258308,37
"83AAE8B6CA112E98483F5BD6334BB984AB14CC96","datapc64_merged_events_bnk_000000001_guitextures0.forge",5439488,5439488,5362969,37
"83AAE8B6CA112E98483F5BD6334BB984AB14CC96","datapc64_merged_events_bnk_000000001_guitextures1.forge",32768,32768,3433,37
"83AAE8B6CA112E98483F5BD6334BB984AB14CC96","datapc64_merged_events_bnk_000000001_mesh.forge",36110336,36110336,25767838,37
"83AAE8B6CA112E98483F5BD6334BB984AB14CC96","datapc64_merged_events_bnk_000000001_meshshape.forge",41156608,41156608,32600820,37
"83AAE8B6CA112E98483F5BD6334BB984AB14CC96","datapc64_merged_events_bnk_000000001_textures0.forge",156893184,156893184,155440424,37
"83AAE8B6CA112E98483F5BD6334BB984AB14CC96","datapc64_merged_events_bnk_000000001_textures1.forge",27230208,27230208,26337984,37
"83AAE8B6CA112E98483F5BD6334BB984AB14CC96","datapc64_merged_events_bnk_000000001_textures2.forge",22839296,22839296,22517490,37
"83AAE8B6CA112E98483F5BD6334BB984AB14CC96","datapc64_merged_events_bnk_000000001_textures3.forge",59867136,59867136,59503193,37
"83AAE8B6CA112E98483F5BD6334BB984AB14CC96","datapc64_merged_events_bnk_000000002_guitextures0.forge",2883584,2883584,2845563,37
"83AAE8B6CA112E98483F5BD6334BB984AB14CC96","datapc64_merged_events_bnk_000000002_mesh.forge",12550144,12550144,10323077,37
"83AAE8B6CA112E98483F5BD6334BB984AB14CC96","datapc64_merged_events_bnk_000000002_meshshape.forge",14876672,14876672,12566272,37
"83AAE8B6CA112E98483F5BD6334BB984AB14CC96","datapc64_merged_events_bnk_000000002_textures0.forge",45056000,45056000,44627022,37
"83AAE8B6CA112E98483F5BD6334BB984AB14CC96","datapc64_merged_events_bnk_000000002_textures1.forge",11665408,11665408,11457145,37
"83AAE8B6CA112E98483F5BD6334BB984AB14CC96","datapc64_merged_events_bnk_000000002_textures2.forge",8880128,8880128,8765274,37
"83AAE8B6CA112E98483F5BD6334BB984AB14CC96","datapc64_merged_events_bnk_000000002_textures3.forge",28180480,28180480,28021201,37
"83AAE8B6CA112E98483F5BD6334BB984AB14CC96","datapc64_merged_events_bnk_096484918_meshshape.forge",458752,458752,228231,37
"83AAE8B6CA112E98483F5BD6334BB984AB14CC96","datapc64_merged_events_bnk_guitextures0.forge",2424832,2424832,2377563,37
"83AAE8B6CA112E98483F5BD6334BB984AB14CC96","datapc64_merged_events_bnk_guitextures1.forge",32768,32768,285,37
"83AAE8B6CA112E98483F5BD6334BB984AB14CC96","datapc64_merged_events_bnk_mesh.forge",24477696,24477696,17315359,37
"83AAE8B6CA112E98483F5BD6334BB984AB14CC96","datapc64_merged_events_bnk_meshshape.forge",24117248,24117248,19741033,37
"83AAE8B6CA112E98483F5BD6334BB984AB14CC96","datapc64_merged_events_bnk_textures0.forge",33980416,33980416,33583106,37
"83AAE8B6CA112E98483F5BD6334BB984AB14CC96","datapc64_merged_events_bnk_textures1.forge",16744448,16744448,16467352,37
"83AAE8B6CA112E98483F5BD6334BB984AB14CC96","datapc64_merged_events_bnk_textures2.forge",17039360,17039360,16865306,37
"83AAE8B6CA112E98483F5BD6334BB984AB14CC96","datapc64_merged_events_bnk_textures3.forge",35979264,35979264,35872670,37
"83AAE8B6CA112E98483F5BD6334BB984AB14CC96","datapc64_mtx_bnk_000000001_mesh.forge",5701632,5701632,5568947,37
"83AAE8B6CA112E98483F5BD6334BB984AB14CC96","datapc64_mtx_bnk_000000001_textures0.forge",109215744,109215744,105981171,37
"83AAE8B6CA112E98483F5BD6334BB984AB14CC96","datapc64_mtx_bnk_000000001_textures1.forge",292782080,292782080,289975660,37
"83AAE8B6CA112E98483F5BD6334BB984AB14CC96","datapc64_mtx_bnk_000000001_textures2.forge",171409408,171409408,169565287,37
"83AAE8B6CA112E98483F5BD6334BB984AB14CC96","datapc64_mtx_bnk_000000001_textures3.forge",11403264,11403264,11204371,37
"83AAE8B6CA112E98483F5BD6334BB984AB14CC96","datapc64_mtx_bnk_000000002_mesh.forge",19595264,19595264,19005788,37
"83AAE8B6CA112E98483F5BD6334BB984AB14CC96","datapc64_mtx_bnk_000000002_textures0.forge",160825344,160825344,156626187,37
"83AAE8B6CA112E98483F5BD6334BB984AB14CC96","datapc64_mtx_bnk_000000002_textures1.forge",436797440,436797440,432724454,37
"83AAE8B6CA112E98483F5BD6334BB984AB14CC96","datapc64_mtx_bnk_000000002_textures2.forge",240582656,240582656,238048233,37
"83AAE8B6CA112E98483F5BD6334BB984AB14CC96","datapc64_mtx_bnk_000000002_textures3.forge",15564800,15564800,15349623,37
"83AAE8B6CA112E98483F5BD6334BB984AB14CC96","datapc64_mtx_bnk_090040931_mesh.forge",131072,131072,115407,37
"83AAE8B6CA112E98483F5BD6334BB984AB14CC96","datapc64_mtx_bnk_090040931_textures0.forge",884736,884736,823407,37
"83AAE8B6CA112E98483F5BD6334BB984AB14CC96","datapc64_mtx_bnk_090040931_textures1.forge",2162688,2162688,2124120,37
"83AAE8B6CA112E98483F5BD6334BB984AB14CC96","datapc64_mtx_bnk_090040931_textures2.forge",1376256,1376256,1327344,37
"83AAE8B6CA112E98483F5BD6334BB984AB14CC96","datapc64_mtx_bnk_090040931_textures3.forge",4161536,4161536,4134289,37
"83AAE8B6CA112E98483F5BD6334BB984AB14CC96","datapc64_mtx_bnk_090541478_mesh.forge",98304,98304,79110,37
"83AAE8B6CA112E98483F5BD6334BB984AB14CC96","datapc64_mtx_bnk_092086532_textures0.forge",98304,98304,74587,37
"83AAE8B6CA112E98483F5BD6334BB984AB14CC96","datapc64_mtx_bnk_092086532_textures1.forge",327680,327680,288452,37
"83AAE8B6CA112E98483F5BD6334BB984AB14CC96","datapc64_mtx_bnk_092086532_textures2.forge",163840,163840,144299,37
"83AAE8B6CA112E98483F5BD6334BB984AB14CC96","datapc64_mtx_bnk_092086532_textures3.forge",983040,983040,968028,37
"83AAE8B6CA112E98483F5BD6334BB984AB14CC96","datapc64_mtx_bnk_094545526_textures0.forge",34897920,34897920,34063475,37
"83AAE8B6CA112E98483F5BD6334BB984AB14CC96","datapc64_mtx_bnk_094545526_textures1.forge",87195648,87195648,86379339,37
"83AAE8B6CA112E98483F5BD6334BB984AB14CC96","datapc64_mtx_bnk_094545526_textures2.forge",48431104,48431104,47905533,37
"83AAE8B6CA112E98483F5BD6334BB984AB14CC96","datapc64_mtx_bnk_094545526_textures3.forge",4947968,4947968,4918056,37
"83AAE8B6CA112E98483F5BD6334BB984AB14CC96","datapc64_mtx_bnk_098975365_textures0.forge",786432,786432,746013,37
"83AAE8B6CA112E98483F5BD6334BB984AB14CC96","datapc64_mtx_bnk_098975365_textures1.forge",2097152,2097152,2048772,37
"83AAE8B6CA112E98483F5BD6334BB984AB14CC96","datapc64_mtx_bnk_098975365_textures2.forge",1146880,1146880,1111219,37
"83AAE8B6CA112E98483F5BD6334BB984AB14CC96","datapc64_mtx_bnk_099945270_textures0.forge",65536,65536,28689,37
"83AAE8B6CA112E98483F5BD6334BB984AB14CC96","datapc64_mtx_bnk_099945270_textures1.forge",65536,65536,48033,37
"83AAE8B6CA112E98483F5BD6334BB984AB14CC96","datapc64_mtx_bnk_101101136_mesh.forge",884736,884736,835895,37
"83AAE8B6CA112E98483F5BD6334BB984AB14CC96","datapc64_mtx_bnk_101101136_textures0.forge",491520,491520,458705,37
"83AAE8B6CA112E98483F5BD6334BB984AB14CC96","datapc64_mtx_bnk_101101136_textures1.forge",1310720,1310720,1266937,37
"83AAE8B6CA112E98483F5BD6334BB984AB14CC96","datapc64_mtx_bnk_101101136_textures2.forge",786432,786432,740454,37
"83AAE8B6CA112E98483F5BD6334BB984AB14CC96","datapc64_mtx_bnk_mesh.forge",17170432,17170432,16753234,37
"83AAE8B6CA112E98483F5BD6334BB984AB14CC96","datapc64_mtx_bnk_textures0.forge",92700672,92700672,82332101,37
"83AAE8B6CA112E98483F5BD6334BB984AB14CC96","datapc64_mtx_bnk_textures1.forge",198148096,198148096,192323630,37
"83AAE8B6CA112E98483F5BD6334BB984AB14CC96","datapc64_mtx_bnk_textures2.forge",135593984,135593984,129341880,37
"83AAE8B6CA112E98483F5BD6334BB984AB14CC96","datapc64_mtx_bnk_textures3.forge",100466688,100466688,99162358,37
"83AAE8B6CA112E98483F5BD6334BB984AB14CC96","datapc64_merged_bnk_soundmedia.forge",746913792,746913792,705028783,37
"83AAE8B6CA112E98483F5BD6334BB984AB14CC96","datapc64_merged_events_bnk_soundmedia.forge",29917184,29917184,28978122,37
"83AAE8B6CA112E98483F5BD6334BB984AB14CC96","datapc64_merged_bnk_soundbank.forge",489357312,489357312,423809314,37
"83AAE8B6CA112E98483F5BD6334BB984AB14CC96","datapc64_merged_events_bnk_soundbank.forge",1835008,1835008,1405276,37
"83AAE8B6CA112E98483F5BD6334BB984AB14CC96","datapc64_mtx_bnk_soundmedia.forge",15269888,15269888,11899917,37
"83AAE8B6CA112E98483F5BD6334BB984AB14CC96","datapc64_mtx_bnk_soundbank.forge",9732096,9732096,9586307,37
"83AAE8B6CA112E98483F5BD6334BB984AB14CC96","datapc64_merged_bnk_soundbank_en-us.forge",96174080,96174080,69991093,38
"83AAE8B6CA112E98483F5BD6334BB984AB14CC96","datapc64_merged_bnk_soundmedia_en-us.forge",528154624,528154624,434343762,38
"83AAE8B6CA112E98483F5BD6334BB984AB14CC96","datapc64_merged_bnk_soundbank_fr-fr.forge",105447424,105447424,77902924,39
"83AAE8B6CA112E98483F5BD6334BB984AB14CC96","datapc64_merged_bnk_soundmedia_fr-fr.forge",527204352,527204352,434942758,39
"83AAE8B6CA112E98483F5BD6334BB984AB14CC96","datapc64_merged_bnk_soundbank_it-it.forge",116948992,116948992,89358370,40
"83AAE8B6CA112E98483F5BD6334BB984AB14CC96","datapc64_merged_bnk_soundmedia_it-it.forge",585465856,585465856,493653912,40
"83AAE8B6CA112E98483F5BD6334BB984AB14CC96","datapc64_merged_bnk_soundbank_de-de.forge",116260864,116260864,88431950,41
"83AAE8B6CA112E98483F5BD6334BB984AB14CC96","datapc64_merged_bnk_soundmedia_de-de.forge",575111168,575111168,482998887,41
"83AAE8B6CA112E98483F5BD6334BB984AB14CC96","datapc64_merged_bnk_soundbank_es-es.forge",119865344,119865344,92320041,42
"83AAE8B6CA112E98483F5BD6334BB984AB14CC96","datapc64_merged_bnk_soundmedia_es-es.forge",593985536,593985536,501587434,42
"83AAE8B6CA112E98483F5BD6334BB984AB14CC96","datapc64_merged_bnk_soundbank_es-mx.forge",116948992,116948992,89412985,43
"83AAE8B6CA112E98483F5BD6334BB984AB14CC96","datapc64_merged_bnk_soundmedia_es-mx.forge",575078400,575078400,482425416,43
"83AAE8B6CA112E98483F5BD6334BB984AB14CC96","datapc64_merged_bnk_soundbank_pt-br.forge",117309440,117309440,89824666,44
"83AAE8B6CA112E98483F5BD6334BB984AB14CC96","datapc64_merged_bnk_soundmedia_pt-br.forge",585433088,585433088,493081604,44
"83AAE8B6CA112E98483F5BD6334BB984AB14CC96","datapc64_merged_bnk_soundbank_ja-jp.forge",106627072,106627072,79267248,45
"83AAE8B6CA112E98483F5BD6334BB984AB14CC96","datapc64_merged_bnk_soundmedia_ja-jp.forge",528416768,528416768,436008442,45
"83AAE8B6CA112E98483F5BD6334BB984AB14CC96","datapc64_merged_bnk_soundbank_ru-ru.forge",107118592,107118592,79767729,46
"83AAE8B6CA112E98483F5BD6334BB984AB14CC96","datapc64_merged_bnk_soundmedia_ru-ru.forge",528842752,528842752,436948386,46
"83AAE8B6CA112E98483F5BD6334BB984AB14CC96","datapc64_merged_playgo_bnk_000000001_textures4.forge",6914048,6914048,6876574,47
"83AAE8B6CA112E98483F5BD6334BB984AB14CC96","datapc64_merged_playgo_bnk_000000002_textures4.forge",51806208,51806208,51733978,47
"83AAE8B6CA112E98483F5BD6334BB984AB14CC96","datapc64_merged_playgo_bnk_090040931_textures4.forge",65536,65536,24041,47
"83AAE8B6CA112E98483F5BD6334BB984AB14CC96","datapc64_merged_playgo_bnk_textures4.forge",301826048,301826048,299504922,47
"83AAE8B6CA112E98483F5BD6334BB984AB14CC96","datapc64_mtx_playgo_bnk_textures4.forge",851968,851968,816665,47
"83AAE8B6CA112E98483F5BD6334BB984AB14CC96","datapc64_merged_set01_bnk_000000001_textures4.forge",1149272064,1149272064,1148613976,48
"83AAE8B6CA112E98483F5BD6334BB984AB14CC96","datapc64_merged_set01_bnk_000000002_textures4.forge",150765568,150765568,150172519,48
"83AAE8B6CA112E98483F5BD6334BB984AB14CC96","datapc64_merged_set01_bnk_090040931_textures4.forge",3375104,3375104,3322045,48
"83AAE8B6CA112E98483F5BD6334BB984AB14CC96","datapc64_merged_set01_bnk_091521055_textures4.forge",1474560,1474560,1442062,48
"83AAE8B6CA112E98483F5BD6334BB984AB14CC96","datapc64_merged_set01_bnk_095313250_textures4.forge",4653056,4653056,4621463,48
"83AAE8B6CA112E98483F5BD6334BB984AB14CC96","datapc64_merged_set01_bnk_095709576_textures4.forge",17694720,17694720,17661429,48
"83AAE8B6CA112E98483F5BD6334BB984AB14CC96","datapc64_merged_set01_bnk_099945270_textures4.forge",3637248,3637248,3593529,48
"83AAE8B6CA112E98483F5BD6334BB984AB14CC96","datapc64_merged_set01_bnk_textures4.forge",688390144,688390144,683056875,48
"83AAE8B6CA112E98483F5BD6334BB984AB14CC96","datapc64_merged_set02_bnk_000000001_textures4.forge",524713984,524713984,523804062,49
"83AAE8B6CA112E98483F5BD6334BB984AB14CC96","datapc64_merged_set02_bnk_000000002_textures4.forge",40632320,40632320,40558361,49
"83AAE8B6CA112E98483F5BD6334BB984AB14CC96","datapc64_merged_set02_bnk_090541478_textures4.forge",819200,819200,794310,49
"83AAE8B6CA112E98483F5BD6334BB984AB14CC96","datapc64_merged_set02_bnk_094545526_textures4.forge",105840640,105840640,105393709,49
"83AAE8B6CA112E98483F5BD6334BB984AB14CC96","datapc64_merged_set02_bnk_095313250_textures4.forge",98664448,98664448,98560926,49
"83AAE8B6CA112E98483F5BD6334BB984AB14CC96","datapc64_merged_set02_bnk_095709576_textures4.forge",23199744,23199744,23162011,49
"83AAE8B6CA112E98483F5BD6334BB984AB14CC96","datapc64_merged_set02_bnk_096484918_textures4.forge",68452352,68452352,68378754,49
"83AAE8B6CA112E98483F5BD6334BB984AB14CC96","datapc64_merged_set02_bnk_101101136_textures4.forge",3670016,3670016,3644878,49
"83AAE8B6CA112E98483F5BD6334BB984AB14CC96","datapc64_merged_set02_bnk_textures4.forge",2509438976,2509438976,2504617614,49
"83AAE8B6CA112E98483F5BD6334BB984AB14CC96","datapc64_merged_bnk_000000001_textures4.forge",963936256,963936256,961452647,50
"83AAE8B6CA112E98483F5BD6334BB984AB14CC96","datapc64_merged_bnk_000000002_textures4.forge",2382168064,2382168064,2378898024,50
"83AAE8B6CA112E98483F5BD6334BB984AB14CC96","datapc64_merged_bnk_090040931_textures4.forge",3473408,3473408,3422935,50
"83AAE8B6CA112E98483F5BD6334BB984AB14CC96","datapc64_merged_bnk_090541478_textures4.forge",3407872,3407872,3345727,50
"83AAE8B6CA112E98483F5BD6334BB984AB14CC96","datapc64_merged_bnk_091521055_textures4.forge",6291456,6291456,6239128,50
"83AAE8B6CA112E98483F5BD6334BB984AB14CC96","datapc64_merged_bnk_094545526_textures4.forge",2752512,2752512,2685878,50
"83AAE8B6CA112E98483F5BD6334BB984AB14CC96","datapc64_merged_bnk_095313250_textures4.forge",9011200,9011200,8970211,50
"83AAE8B6CA112E98483F5BD6334BB984AB14CC96","datapc64_merged_bnk_095709576_textures4.forge",1146880,1146880,1097501,50
"83AAE8B6CA112E98483F5BD6334BB984AB14CC96","datapc64_merged_bnk_099945270_textures4.forge",1572864,1572864,1542726,50
"83AAE8B6CA112E98483F5BD6334BB984AB14CC96","datapc64_merged_bnk_textures4.forge",9454387200,864452608,796763861,50
"83AAE8B6CA112E98483F5BD6334BB984AB14CC96","datapc64_merged_events_bnk_000000001_textures4.forge",83263488,83263488,82957138,50
"83AAE8B6CA112E98483F5BD6334BB984AB14CC96","datapc64_merged_events_bnk_000000002_textures4.forge",33357824,33357824,33194225,50
"83AAE8B6CA112E98483F5BD6334BB984AB14CC96","datapc64_merged_events_bnk_textures4.forge",62947328,62947328,62777061,50
"83AAE8B6CA112E98483F5BD6334BB984AB14CC96","datapc64_mtx_bnk_000000001_textures4.forge",599064576,599064576,597158722,50
"83AAE8B6CA112E98483F5BD6334BB984AB14CC96","datapc64_mtx_bnk_000000002_textures4.forge",875757568,875757568,873257047,50
"83AAE8B6CA112E98483F5BD6334BB984AB14CC96","datapc64_mtx_bnk_090040931_textures4.forge",4358144,4358144,4330126,50
"83AAE8B6CA112E98483F5BD6334BB984AB14CC96","datapc64_mtx_bnk_092086532_textures4.forge",819200,819200,797897,50
"83AAE8B6CA112E98483F5BD6334BB984AB14CC96","datapc64_mtx_bnk_094545526_textures4.forge",175407104,175407104,174874624,50
"83AAE8B6CA112E98483F5BD6334BB984AB14CC96","datapc64_mtx_bnk_098975365_textures4.forge",4489216,4489216,4462437,50
"83AAE8B6CA112E98483F5BD6334BB984AB14CC96","datapc64_mtx_bnk_101101136_textures4.forge",2981888,2981888,2930473,50
"83AAE8B6CA112E98483F5BD6334BB984AB14CC96","datapc64_mtx_bnk_textures4.forge",462749696,462749696,456356096,50
