"635","F53ECCCF53D69189D56BFCAAB96B2AF441B416CD","0000-00-00",974,78348894134,1039482806,618968507,3
"F53ECCCF53D69189D56BFCAAB96B2AF441B416CD","Support/FirewallHelper/FirewallInstall.exe",85720,85720,46869,0
"F53ECCCF53D69189D56BFCAAB96B2AF441B416CD","Support/FirewallHelper/FirewallInstallHelper.dll",55512,55512,27085,0
"F53ECCCF53D69189D56BFCAAB96B2AF441B416CD","Support/Cleaner/Cleaner.exe",16408,16408,10231,0
"F53ECCCF53D69189D56BFCAAB96B2AF441B416CD","Support/Redist/DirectX-Runtime/APR2007_d3dx9_33_x64.cab",1607358,1607358,1605491,0
"F53ECCCF53D69189D56BFCAAB96B2AF441B416CD","Support/Redist/DirectX-Runtime/APR2007_d3dx9_33_x86.cab",1606039,1606039,1602055,0
"F53ECCCF53D69189D56BFCAAB96B2AF441B416CD","Support/Redist/DirectX-Runtime/APR2007_XACT_x64.cab",195766,195766,193955,0
"F53ECCCF53D69189D56BFCAAB96B2AF441B416CD","Support/Redist/DirectX-Runtime/APR2007_XACT_x86.cab",151225,151225,149286,0
"F53ECCCF53D69189D56BFCAAB96B2AF441B416CD","Support/Redist/DirectX-Runtime/APR2007_xinput_x64.cab",96817,96817,94662,0
"F53ECCCF53D69189D56BFCAAB96B2AF441B416CD","Support/Redist/DirectX-Runtime/APR2007_xinput_x86.cab",53302,53302,51154,0
"F53ECCCF53D69189D56BFCAAB96B2AF441B416CD","Support/Redist/DirectX-Runtime/Aug2005_d3dx9_27_x64.cab",1350542,1350542,1348555,0
"F53ECCCF53D69189D56BFCAAB96B2AF441B416CD","Support/Redist/DirectX-Runtime/Aug2005_d3dx9_27_x86.cab",1077644,1077644,1075642,0
"F53ECCCF53D69189D56BFCAAB96B2AF441B416CD","Support/Redist/DirectX-Runtime/AUG2006_XACT_x64.cab",182903,182903,180869,0
"F53ECCCF53D69189D56BFCAAB96B2AF441B416CD","Support/Redist/DirectX-Runtime/AUG2006_XACT_x86.cab",137235,137235,135199,0
"F53ECCCF53D69189D56BFCAAB96B2AF441B416CD","Support/Redist/DirectX-Runtime/AUG2006_xinput_x64.cab",87142,87142,85233,0
"F53ECCCF53D69189D56BFCAAB96B2AF441B416CD","Support/Redist/DirectX-Runtime/AUG2006_xinput_x86.cab",46058,46058,44406,0
"F53ECCCF53D69189D56BFCAAB96B2AF441B416CD","Support/Redist/DirectX-Runtime/AUG2007_d3dx10_35_x64.cab",852286,852286,851047,0
"F53ECCCF53D69189D56BFCAAB96B2AF441B416CD","Support/Redist/DirectX-Runtime/AUG2007_d3dx10_35_x86.cab",796867,796867,794909,0
"F53ECCCF53D69189D56BFCAAB96B2AF441B416CD","Support/Redist/DirectX-Runtime/AUG2007_d3dx9_35_x64.cab",1800160,1800160,1798315,0
"F53ECCCF53D69189D56BFCAAB96B2AF441B416CD","Support/Redist/DirectX-Runtime/AUG2007_d3dx9_35_x86.cab",1708152,1708152,1706679,0
"F53ECCCF53D69189D56BFCAAB96B2AF441B416CD","Support/Redist/DirectX-Runtime/AUG2007_XACT_x64.cab",198096,198096,196267,0
"F53ECCCF53D69189D56BFCAAB96B2AF441B416CD","Support/Redist/DirectX-Runtime/AUG2007_XACT_x86.cab",153012,153012,151073,0
"F53ECCCF53D69189D56BFCAAB96B2AF441B416CD","Support/Redist/DirectX-Runtime/Aug2008_d3dx10_39_x64.cab",867612,867612,865715,0
"F53ECCCF53D69189D56BFCAAB96B2AF441B416CD","Support/Redist/DirectX-Runtime/Aug2008_d3dx10_39_x86.cab",849167,849167,847221,0
"F53ECCCF53D69189D56BFCAAB96B2AF441B416CD","Support/Redist/DirectX-Runtime/Aug2008_d3dx9_39_x64.cab",1794084,1794084,1792349,0
"F53ECCCF53D69189D56BFCAAB96B2AF441B416CD","Support/Redist/DirectX-Runtime/Aug2008_d3dx9_39_x86.cab",1464672,1464672,1462704,0
"F53ECCCF53D69189D56BFCAAB96B2AF441B416CD","Support/Redist/DirectX-Runtime/Aug2008_XACT_x64.cab",121772,121772,119680,0
"F53ECCCF53D69189D56BFCAAB96B2AF441B416CD","Support/Redist/DirectX-Runtime/Aug2008_XACT_x86.cab",92996,92996,91466,0
"F53ECCCF53D69189D56BFCAAB96B2AF441B416CD","Support/Redist/DirectX-Runtime/Aug2008_XAudio_x64.cab",271412,271412,269402,0
"F53ECCCF53D69189D56BFCAAB96B2AF441B416CD","Support/Redist/DirectX-Runtime/Aug2008_XAudio_x86.cab",271038,271038,268986,0
"F53ECCCF53D69189D56BFCAAB96B2AF441B416CD","Support/Redist/DirectX-Runtime/Aug2009_D3DCompiler_42_x64.cab",919044,919044,913576,0
"F53ECCCF53D69189D56BFCAAB96B2AF441B416CD","Support/Redist/DirectX-Runtime/Aug2009_D3DCompiler_42_x86.cab",900598,900598,897886,0
"F53ECCCF53D69189D56BFCAAB96B2AF441B416CD","Support/Redist/DirectX-Runtime/Aug2009_d3dcsx_42_x64.cab",3112111,3112111,3110417,0
"F53ECCCF53D69189D56BFCAAB96B2AF441B416CD","Support/Redist/DirectX-Runtime/Aug2009_d3dcsx_42_x86.cab",3319740,3319740,3317659,0
"F53ECCCF53D69189D56BFCAAB96B2AF441B416CD","Support/Redist/DirectX-Runtime/Aug2009_d3dx10_42_x64.cab",232635,232635,230697,0
"F53ECCCF53D69189D56BFCAAB96B2AF441B416CD","Support/Redist/DirectX-Runtime/Aug2009_d3dx10_42_x86.cab",192131,192131,190122,0
"F53ECCCF53D69189D56BFCAAB96B2AF441B416CD","Support/Redist/DirectX-Runtime/Aug2009_d3dx11_42_x64.cab",136301,136301,134360,0
"F53ECCCF53D69189D56BFCAAB96B2AF441B416CD","Support/Redist/DirectX-Runtime/Aug2009_d3dx11_42_x86.cab",105044,105044,102957,0
"F53ECCCF53D69189D56BFCAAB96B2AF441B416CD","Support/Redist/DirectX-Runtime/Aug2009_d3dx9_42_x64.cab",930116,930116,928121,0
"F53ECCCF53D69189D56BFCAAB96B2AF441B416CD","Support/Redist/DirectX-Runtime/Aug2009_d3dx9_42_x86.cab",728456,728456,725680,0
"F53ECCCF53D69189D56BFCAAB96B2AF441B416CD","Support/Redist/DirectX-Runtime/Aug2009_XACT_x64.cab",122408,122408,122420,0
"F53ECCCF53D69189D56BFCAAB96B2AF441B416CD","Support/Redist/DirectX-Runtime/Aug2009_XACT_x86.cab",93106,93106,91203,0
"F53ECCCF53D69189D56BFCAAB96B2AF441B416CD","Support/Redist/DirectX-Runtime/Aug2009_XAudio_x64.cab",273264,273264,271254,0
"F53ECCCF53D69189D56BFCAAB96B2AF441B416CD","Support/Redist/DirectX-Runtime/Aug2009_XAudio_x86.cab",272642,272642,270688,0
"F53ECCCF53D69189D56BFCAAB96B2AF441B416CD","Support/Redist/DirectX-Runtime/Dec2005_d3dx9_28_x64.cab",1357976,1357976,1356058,0
"F53ECCCF53D69189D56BFCAAB96B2AF441B416CD","Support/Redist/DirectX-Runtime/Dec2005_d3dx9_28_x86.cab",1079456,1079456,1077516,0
"F53ECCCF53D69189D56BFCAAB96B2AF441B416CD","Support/Redist/DirectX-Runtime/DEC2006_d3dx10_00_x64.cab",212807,212807,210814,0
"F53ECCCF53D69189D56BFCAAB96B2AF441B416CD","Support/Redist/DirectX-Runtime/DEC2006_d3dx10_00_x86.cab",191720,191720,189725,0
"F53ECCCF53D69189D56BFCAAB96B2AF441B416CD","Support/Redist/DirectX-Runtime/DEC2006_d3dx9_32_x64.cab",1571154,1571154,1568983,0
"F53ECCCF53D69189D56BFCAAB96B2AF441B416CD","Support/Redist/DirectX-Runtime/DEC2006_d3dx9_32_x86.cab",1574376,1574376,1571149,0
"F53ECCCF53D69189D56BFCAAB96B2AF441B416CD","Support/Redist/DirectX-Runtime/DEC2006_XACT_x64.cab",192475,192475,190497,0
"F53ECCCF53D69189D56BFCAAB96B2AF441B416CD","Support/Redist/DirectX-Runtime/DEC2006_XACT_x86.cab",145599,145599,143621,0
"F53ECCCF53D69189D56BFCAAB96B2AF441B416CD","Support/Redist/DirectX-Runtime/DSETUP.dll",95576,95576,49929,0
"F53ECCCF53D69189D56BFCAAB96B2AF441B416CD","Support/Redist/DirectX-Runtime/dsetup32.dll",1566040,1566040,130247,0
"F53ECCCF53D69189D56BFCAAB96B2AF441B416CD","Support/Redist/DirectX-Runtime/dxdllreg_x86.cab",44624,44624,42623,0
"F53ECCCF53D69189D56BFCAAB96B2AF441B416CD","Support/Redist/DirectX-Runtime/DXSETUP.exe",517976,517976,115376,0
"F53ECCCF53D69189D56BFCAAB96B2AF441B416CD","Support/Redist/DirectX-Runtime/dxupdate.cab",97152,97152,94990,0
"F53ECCCF53D69189D56BFCAAB96B2AF441B416CD","Support/Redist/DirectX-Runtime/Feb2005_d3dx9_24_x64.cab",1247499,1247499,1245519,0
"F53ECCCF53D69189D56BFCAAB96B2AF441B416CD","Support/Redist/DirectX-Runtime/Feb2005_d3dx9_24_x86.cab",1013225,1013225,1009372,0
"F53ECCCF53D69189D56BFCAAB96B2AF441B416CD","Support/Redist/DirectX-Runtime/Feb2006_d3dx9_29_x64.cab",1362796,1362796,1360921,0
"F53ECCCF53D69189D56BFCAAB96B2AF441B416CD","Support/Redist/DirectX-Runtime/Feb2006_d3dx9_29_x86.cab",1084720,1084720,1080519,0
"F53ECCCF53D69189D56BFCAAB96B2AF441B416CD","Support/Redist/DirectX-Runtime/Feb2006_XACT_x64.cab",178359,178359,176346,0
"F53ECCCF53D69189D56BFCAAB96B2AF441B416CD","Support/Redist/DirectX-Runtime/Feb2006_XACT_x86.cab",132409,132409,132022,0
"F53ECCCF53D69189D56BFCAAB96B2AF441B416CD","Support/Redist/DirectX-Runtime/FEB2007_XACT_x64.cab",194675,194675,192737,0
"F53ECCCF53D69189D56BFCAAB96B2AF441B416CD","Support/Redist/DirectX-Runtime/FEB2007_XACT_x86.cab",147983,147983,145948,0
"F53ECCCF53D69189D56BFCAAB96B2AF441B416CD","Support/Redist/DirectX-Runtime/Feb2010_X3DAudio_x64.cab",54678,54678,52500,0
"F53ECCCF53D69189D56BFCAAB96B2AF441B416CD","Support/Redist/DirectX-Runtime/Feb2010_X3DAudio_x86.cab",20713,20713,18511,0
"F53ECCCF53D69189D56BFCAAB96B2AF441B416CD","Support/Redist/DirectX-Runtime/Feb2010_XACT_x64.cab",122446,122446,122458,0
"F53ECCCF53D69189D56BFCAAB96B2AF441B416CD","Support/Redist/DirectX-Runtime/Feb2010_XACT_x86.cab",93180,93180,91138,0
"F53ECCCF53D69189D56BFCAAB96B2AF441B416CD","Support/Redist/DirectX-Runtime/Feb2010_XAudio_x64.cab",276960,276960,274962,0
"F53ECCCF53D69189D56BFCAAB96B2AF441B416CD","Support/Redist/DirectX-Runtime/Feb2010_XAudio_x86.cab",277191,277191,275184,0
"F53ECCCF53D69189D56BFCAAB96B2AF441B416CD","Support/Redist/DirectX-Runtime/Jun2005_d3dx9_26_x64.cab",1336002,1336002,1334060,0
"F53ECCCF53D69189D56BFCAAB96B2AF441B416CD","Support/Redist/DirectX-Runtime/Jun2005_d3dx9_26_x86.cab",1064925,1064925,1060721,0
"F53ECCCF53D69189D56BFCAAB96B2AF441B416CD","Support/Redist/DirectX-Runtime/JUN2006_XACT_x64.cab",180785,180785,178830,0
"F53ECCCF53D69189D56BFCAAB96B2AF441B416CD","Support/Redist/DirectX-Runtime/JUN2006_XACT_x86.cab",133671,133671,132768,0
"F53ECCCF53D69189D56BFCAAB96B2AF441B416CD","Support/Redist/DirectX-Runtime/JUN2007_d3dx10_34_x64.cab",699044,699044,697272,0
"F53ECCCF53D69189D56BFCAAB96B2AF441B416CD","Support/Redist/DirectX-Runtime/JUN2007_d3dx10_34_x86.cab",698472,698472,696700,0
"F53ECCCF53D69189D56BFCAAB96B2AF441B416CD","Support/Redist/DirectX-Runtime/JUN2007_d3dx9_34_x64.cab",1607774,1607774,1605902,0
"F53ECCCF53D69189D56BFCAAB96B2AF441B416CD","Support/Redist/DirectX-Runtime/JUN2007_d3dx9_34_x86.cab",1607286,1607286,1605417,0
"F53ECCCF53D69189D56BFCAAB96B2AF441B416CD","Support/Redist/DirectX-Runtime/JUN2007_XACT_x64.cab",197122,197122,195088,0
"F53ECCCF53D69189D56BFCAAB96B2AF441B416CD","Support/Redist/DirectX-Runtime/JUN2007_XACT_x86.cab",152909,152909,150931,0
"F53ECCCF53D69189D56BFCAAB96B2AF441B416CD","Support/Redist/DirectX-Runtime/JUN2008_d3dx10_38_x64.cab",867828,867828,865930,0
"F53ECCCF53D69189D56BFCAAB96B2AF441B416CD","Support/Redist/DirectX-Runtime/JUN2008_d3dx10_38_x86.cab",849919,849919,847967,0
"F53ECCCF53D69189D56BFCAAB96B2AF441B416CD","Support/Redist/DirectX-Runtime/JUN2008_d3dx9_38_x64.cab",1792608,1792608,1790743,0
"F53ECCCF53D69189D56BFCAAB96B2AF441B416CD","Support/Redist/DirectX-Runtime/JUN2008_d3dx9_38_x86.cab",1463878,1463878,1461906,0
"F53ECCCF53D69189D56BFCAAB96B2AF441B416CD","Support/Redist/DirectX-Runtime/JUN2008_X3DAudio_x64.cab",55154,55154,53191,0
"F53ECCCF53D69189D56BFCAAB96B2AF441B416CD","Support/Redist/DirectX-Runtime/JUN2008_X3DAudio_x86.cab",21905,21905,19789,0
"F53ECCCF53D69189D56BFCAAB96B2AF441B416CD","Support/Redist/DirectX-Runtime/JUN2008_XACT_x64.cab",121054,121054,121066,0
"F53ECCCF53D69189D56BFCAAB96B2AF441B416CD","Support/Redist/DirectX-Runtime/JUN2008_XACT_x86.cab",93128,93128,91224,0
"F53ECCCF53D69189D56BFCAAB96B2AF441B416CD","Support/Redist/DirectX-Runtime/JUN2008_XAudio_x64.cab",269628,269628,267618,0
"F53ECCCF53D69189D56BFCAAB96B2AF441B416CD","Support/Redist/DirectX-Runtime/JUN2008_XAudio_x86.cab",269024,269024,267014,0
"F53ECCCF53D69189D56BFCAAB96B2AF441B416CD","Support/Redist/DirectX-Runtime/Jun2010_D3DCompiler_43_x64.cab",944460,944460,942464,0
"F53ECCCF53D69189D56BFCAAB96B2AF441B416CD","Support/Redist/DirectX-Runtime/Jun2010_D3DCompiler_43_x86.cab",931471,931471,929447,0
"F53ECCCF53D69189D56BFCAAB96B2AF441B416CD","Support/Redist/DirectX-Runtime/Jun2010_d3dcsx_43_x64.cab",752783,752783,750548,0
"F53ECCCF53D69189D56BFCAAB96B2AF441B416CD","Support/Redist/DirectX-Runtime/Jun2010_d3dcsx_43_x86.cab",762188,762188,755098,0
"F53ECCCF53D69189D56BFCAAB96B2AF441B416CD","Support/Redist/DirectX-Runtime/Jun2010_d3dx10_43_x64.cab",235955,235955,233950,0
"F53ECCCF53D69189D56BFCAAB96B2AF441B416CD","Support/Redist/DirectX-Runtime/Jun2010_d3dx10_43_x86.cab",197283,197283,195345,0
"F53ECCCF53D69189D56BFCAAB96B2AF441B416CD","Support/Redist/DirectX-Runtime/Jun2010_d3dx11_43_x64.cab",138205,138205,136170,0
"F53ECCCF53D69189D56BFCAAB96B2AF441B416CD","Support/Redist/DirectX-Runtime/Jun2010_d3dx11_43_x86.cab",109445,109445,107341,0
"F53ECCCF53D69189D56BFCAAB96B2AF441B416CD","Support/Redist/DirectX-Runtime/Jun2010_d3dx9_43_x64.cab",937246,937246,935254,0
"F53ECCCF53D69189D56BFCAAB96B2AF441B416CD","Support/Redist/DirectX-Runtime/Jun2010_d3dx9_43_x86.cab",768036,768036,765422,0
"F53ECCCF53D69189D56BFCAAB96B2AF441B416CD","Support/Redist/DirectX-Runtime/Jun2010_XACT_x64.cab",124596,124596,124608,0
"F53ECCCF53D69189D56BFCAAB96B2AF441B416CD","Support/Redist/DirectX-Runtime/Jun2010_XACT_x86.cab",93686,93686,91542,0
"F53ECCCF53D69189D56BFCAAB96B2AF441B416CD","Support/Redist/DirectX-Runtime/Jun2010_XAudio_x64.cab",277338,277338,275329,0
"F53ECCCF53D69189D56BFCAAB96B2AF441B416CD","Support/Redist/DirectX-Runtime/Jun2010_XAudio_x86.cab",278060,278060,276023,0
"F53ECCCF53D69189D56BFCAAB96B2AF441B416CD","Support/Redist/DirectX-Runtime/Mar2008_d3dx10_37_x64.cab",844884,844884,843514,0
"F53ECCCF53D69189D56BFCAAB96B2AF441B416CD","Support/Redist/DirectX-Runtime/Mar2008_d3dx10_37_x86.cab",818260,818260,816363,0
"F53ECCCF53D69189D56BFCAAB96B2AF441B416CD","Support/Redist/DirectX-Runtime/Mar2008_d3dx9_37_x64.cab",1769862,1769862,1767983,0
"F53ECCCF53D69189D56BFCAAB96B2AF441B416CD","Support/Redist/DirectX-Runtime/Mar2008_d3dx9_37_x86.cab",1443282,1443282,1440418,0
"F53ECCCF53D69189D56BFCAAB96B2AF441B416CD","Support/Redist/DirectX-Runtime/Mar2008_X3DAudio_x64.cab",55058,55058,52883,0
"F53ECCCF53D69189D56BFCAAB96B2AF441B416CD","Support/Redist/DirectX-Runtime/Mar2008_X3DAudio_x86.cab",21867,21867,19737,0
"F53ECCCF53D69189D56BFCAAB96B2AF441B416CD","Support/Redist/DirectX-Runtime/Mar2008_XACT_x64.cab",122336,122336,122348,0
"F53ECCCF53D69189D56BFCAAB96B2AF441B416CD","Support/Redist/DirectX-Runtime/Mar2008_XACT_x86.cab",93734,93734,91832,0
"F53ECCCF53D69189D56BFCAAB96B2AF441B416CD","Support/Redist/DirectX-Runtime/Mar2008_XAudio_x64.cab",251194,251194,249238,0
"F53ECCCF53D69189D56BFCAAB96B2AF441B416CD","Support/Redist/DirectX-Runtime/Mar2008_XAudio_x86.cab",226250,226250,224266,0
"F53ECCCF53D69189D56BFCAAB96B2AF441B416CD","Support/Redist/DirectX-Runtime/Mar2009_d3dx10_41_x64.cab",1067160,1067160,1061431,0
"F53ECCCF53D69189D56BFCAAB96B2AF441B416CD","Support/Redist/DirectX-Runtime/Mar2009_d3dx10_41_x86.cab",1040745,1040745,1038028,0
"F53ECCCF53D69189D56BFCAAB96B2AF441B416CD","Support/Redist/DirectX-Runtime/Mar2009_d3dx9_41_x64.cab",1973702,1973702,1967268,0
"F53ECCCF53D69189D56BFCAAB96B2AF441B416CD","Support/Redist/DirectX-Runtime/Mar2009_d3dx9_41_x86.cab",1612446,1612446,1608470,0
"F53ECCCF53D69189D56BFCAAB96B2AF441B416CD","Support/Redist/DirectX-Runtime/Mar2009_X3DAudio_x64.cab",54600,54600,52525,0
"F53ECCCF53D69189D56BFCAAB96B2AF441B416CD","Support/Redist/DirectX-Runtime/Mar2009_X3DAudio_x86.cab",21298,21298,19214,0
"F53ECCCF53D69189D56BFCAAB96B2AF441B416CD","Support/Redist/DirectX-Runtime/Mar2009_XACT_x64.cab",121506,121506,121518,0
"F53ECCCF53D69189D56BFCAAB96B2AF441B416CD","Support/Redist/DirectX-Runtime/Mar2009_XACT_x86.cab",92740,92740,90837,0
"F53ECCCF53D69189D56BFCAAB96B2AF441B416CD","Support/Redist/DirectX-Runtime/Mar2009_XAudio_x64.cab",275044,275044,273064,0
"F53ECCCF53D69189D56BFCAAB96B2AF441B416CD","Support/Redist/DirectX-Runtime/Mar2009_XAudio_x86.cab",273018,273018,270971,0
"F53ECCCF53D69189D56BFCAAB96B2AF441B416CD","Support/Redist/DirectX-Runtime/Nov2007_d3dx10_36_x64.cab",864600,864600,862959,0
"F53ECCCF53D69189D56BFCAAB96B2AF441B416CD","Support/Redist/DirectX-Runtime/Nov2007_d3dx10_36_x86.cab",803884,803884,801919,0
"F53ECCCF53D69189D56BFCAAB96B2AF441B416CD","Support/Redist/DirectX-Runtime/Nov2007_d3dx9_36_x64.cab",1802058,1802058,1799973,0
"F53ECCCF53D69189D56BFCAAB96B2AF441B416CD","Support/Redist/DirectX-Runtime/Nov2007_d3dx9_36_x86.cab",1709360,1709360,1707488,0
"F53ECCCF53D69189D56BFCAAB96B2AF441B416CD","Support/Redist/DirectX-Runtime/NOV2007_X3DAudio_x64.cab",46144,46144,44216,0
"F53ECCCF53D69189D56BFCAAB96B2AF441B416CD","Support/Redist/DirectX-Runtime/NOV2007_X3DAudio_x86.cab",18496,18496,16387,0
"F53ECCCF53D69189D56BFCAAB96B2AF441B416CD","Support/Redist/DirectX-Runtime/NOV2007_XACT_x64.cab",196762,196762,194809,0
"F53ECCCF53D69189D56BFCAAB96B2AF441B416CD","Support/Redist/DirectX-Runtime/NOV2007_XACT_x86.cab",148264,148264,146270,0
"F53ECCCF53D69189D56BFCAAB96B2AF441B416CD","Support/Redist/DirectX-Runtime/Nov2008_d3dx10_40_x64.cab",994154,994154,988999,0
"F53ECCCF53D69189D56BFCAAB96B2AF441B416CD","Support/Redist/DirectX-Runtime/Nov2008_d3dx10_40_x86.cab",965421,965421,963444,0
"F53ECCCF53D69189D56BFCAAB96B2AF441B416CD","Support/Redist/DirectX-Runtime/Nov2008_d3dx9_40_x64.cab",1906878,1906878,1901459,0
"F53ECCCF53D69189D56BFCAAB96B2AF441B416CD","Support/Redist/DirectX-Runtime/Nov2008_d3dx9_40_x86.cab",1550796,1550796,1548586,0
"F53ECCCF53D69189D56BFCAAB96B2AF441B416CD","Support/Redist/DirectX-Runtime/Nov2008_X3DAudio_x64.cab",54522,54522,52589,0
"F53ECCCF53D69189D56BFCAAB96B2AF441B416CD","Support/Redist/DirectX-Runtime/Nov2008_X3DAudio_x86.cab",21851,21851,19648,0
"F53ECCCF53D69189D56BFCAAB96B2AF441B416CD","Support/Redist/DirectX-Runtime/Nov2008_XACT_x64.cab",121794,121794,121806,0
"F53ECCCF53D69189D56BFCAAB96B2AF441B416CD","Support/Redist/DirectX-Runtime/Nov2008_XACT_x86.cab",92684,92684,90781,0
"F53ECCCF53D69189D56BFCAAB96B2AF441B416CD","Support/Redist/DirectX-Runtime/Nov2008_XAudio_x64.cab",273960,273960,271992,0
"F53ECCCF53D69189D56BFCAAB96B2AF441B416CD","Support/Redist/DirectX-Runtime/Nov2008_XAudio_x86.cab",272611,272611,270614,0
"F53ECCCF53D69189D56BFCAAB96B2AF441B416CD","Support/Redist/DirectX-Runtime/Oct2005_xinput_x64.cab",86037,86037,83984,0
"F53ECCCF53D69189D56BFCAAB96B2AF441B416CD","Support/Redist/DirectX-Runtime/Oct2005_xinput_x86.cab",45359,45359,43281,0
"F53ECCCF53D69189D56BFCAAB96B2AF441B416CD","Support/Redist/DirectX-Runtime/OCT2006_d3dx9_31_x64.cab",1412902,1412902,1410960,0
"F53ECCCF53D69189D56BFCAAB96B2AF441B416CD","Support/Redist/DirectX-Runtime/OCT2006_d3dx9_31_x86.cab",1127217,1127217,1124413,0
"F53ECCCF53D69189D56BFCAAB96B2AF441B416CD","Support/Redist/DirectX-Runtime/OCT2006_XACT_x64.cab",182361,182361,180408,0
"F53ECCCF53D69189D56BFCAAB96B2AF441B416CD","Support/Redist/DirectX-Runtime/OCT2006_XACT_x86.cab",138017,138017,135982,0
"F53ECCCF53D69189D56BFCAAB96B2AF441B416CD","Support/Redist/VS2010Runtime/vcredist_x64.exe",5673816,5673816,5653779,0
"F53ECCCF53D69189D56BFCAAB96B2AF441B416CD","Support/Redist/VS2012Runtime/vcredist_x64.exe",7185000,7185000,6993829,0
"F53ECCCF53D69189D56BFCAAB96B2AF441B416CD","Support/Redist/VS2019Runtime/vcredist_x64.exe",25397512,25397512,24963476,0
"F53ECCCF53D69189D56BFCAAB96B2AF441B416CD","Support/eula/EULA-v1.0-BRAZIL.htm",33859,33859,12285,0
"F53ECCCF53D69189D56BFCAAB96B2AF441B416CD","Support/eula/EULA-v1.0-CANADA_EN.htm",30494,30494,11194,0
"F53ECCCF53D69189D56BFCAAB96B2AF441B416CD","Support/eula/EULA-v1.0-CANADA_FR.htm",37199,37199,12970,0
"F53ECCCF53D69189D56BFCAAB96B2AF441B416CD","Support/eula/EULA-v1.0-CHINESE_SIM.htm",25598,25598,10306,0
"F53ECCCF53D69189D56BFCAAB96B2AF441B416CD","Support/eula/EULA-v1.0-CZECH_REP.htm",34017,34017,12834,0
"F53ECCCF53D69189D56BFCAAB96B2AF441B416CD","Support/eula/EULA-v1.0-DENMARK.htm",32283,32283,11991,0
"F53ECCCF53D69189D56BFCAAB96B2AF441B416CD","Support/eula/EULA-v1.0-EXPORT_EN.htm",30220,30220,11040,0
"F53ECCCF53D69189D56BFCAAB96B2AF441B416CD","Support/eula/EULA-v1.0-EXPORT_SP.htm",35569,35569,12501,0
"F53ECCCF53D69189D56BFCAAB96B2AF441B416CD","Support/eula/EULA-v1.0-FINLAND.htm",32903,32903,12570,0
"F53ECCCF53D69189D56BFCAAB96B2AF441B416CD","Support/eula/EULA-v1.0-FRANCE.htm",36962,36962,12922,0
"F53ECCCF53D69189D56BFCAAB96B2AF441B416CD","Support/eula/EULA-v1.0-GERMANY.htm",36980,36980,13505,0
"F53ECCCF53D69189D56BFCAAB96B2AF441B416CD","Support/eula/EULA-v1.0-HUNGARY.htm",34641,34641,12612,0
"F53ECCCF53D69189D56BFCAAB96B2AF441B416CD","Support/eula/EULA-v1.0-ITALY.htm",35802,35802,12214,0
"F53ECCCF53D69189D56BFCAAB96B2AF441B416CD","Support/eula/EULA-v1.0-JAPAN.htm",41673,41673,12088,0
"F53ECCCF53D69189D56BFCAAB96B2AF441B416CD","Support/eula/EULA-v1.0-NETHERLANDS.htm",36394,36394,12639,0
"F53ECCCF53D69189D56BFCAAB96B2AF441B416CD","Support/eula/EULA-v1.0-NORWAY.htm",32994,32994,11789,0
"F53ECCCF53D69189D56BFCAAB96B2AF441B416CD","Support/eula/EULA-v1.0-POLAND.htm",37450,37450,13563,0
"F53ECCCF53D69189D56BFCAAB96B2AF441B416CD","Support/eula/EULA-v1.0-PORTUGAL.htm",34023,34023,12205,0
"F53ECCCF53D69189D56BFCAAB96B2AF441B416CD","Support/eula/EULA-v1.0-RUSSIA.htm",64807,64807,16169,0
"F53ECCCF53D69189D56BFCAAB96B2AF441B416CD","Support/eula/EULA-v1.0-SPAIN.htm",35502,35502,12541,0
"F53ECCCF53D69189D56BFCAAB96B2AF441B416CD","Support/eula/EULA-v1.0-SWEDEN.htm",32997,32997,11737,0
"F53ECCCF53D69189D56BFCAAB96B2AF441B416CD","Support/eula/EULA-v1.0-UK.htm",30169,30169,11034,0
"F53ECCCF53D69189D56BFCAAB96B2AF441B416CD","Support/eula/EULA-v1.0-US.htm",34101,34101,12440,0
"F53ECCCF53D69189D56BFCAAB96B2AF441B416CD","Support/readme/ReadMe-br.txt",13903,13903,4468,0
"F53ECCCF53D69189D56BFCAAB96B2AF441B416CD","Support/readme/ReadMe-cs.txt",12252,12252,4690,0
"F53ECCCF53D69189D56BFCAAB96B2AF441B416CD","Support/readme/ReadMe-ct.txt",12232,12232,4662,0
"F53ECCCF53D69189D56BFCAAB96B2AF441B416CD","Support/readme/ReadMe-cz.txt",12486,12486,4334,0
"F53ECCCF53D69189D56BFCAAB96B2AF441B416CD","Support/readme/ReadMe-de.txt",14132,14132,4623,0
"F53ECCCF53D69189D56BFCAAB96B2AF441B416CD","Support/readme/ReadMe-en.txt",12729,12729,4215,0
"F53ECCCF53D69189D56BFCAAB96B2AF441B416CD","Support/readme/ReadMe-es.txt",11478,11478,3565,0
"F53ECCCF53D69189D56BFCAAB96B2AF441B416CD","Support/readme/ReadMe-fr.txt",13819,13819,4337,0
"F53ECCCF53D69189D56BFCAAB96B2AF441B416CD","Support/readme/ReadMe-it.txt",11072,11072,3481,0
"F53ECCCF53D69189D56BFCAAB96B2AF441B416CD","Support/readme/ReadMe-jp.txt",12764,12764,3866,0
"F53ECCCF53D69189D56BFCAAB96B2AF441B416CD","Support/readme/ReadMe-kr.txt",13939,13939,4633,0
"F53ECCCF53D69189D56BFCAAB96B2AF441B416CD","Support/readme/ReadMe-mx.txt",13989,13989,4485,0
"F53ECCCF53D69189D56BFCAAB96B2AF441B416CD","Support/readme/ReadMe-nl.txt",11185,11185,3490,0
"F53ECCCF53D69189D56BFCAAB96B2AF441B416CD","Support/readme/ReadMe-pl.txt",13476,13476,4609,0
"F53ECCCF53D69189D56BFCAAB96B2AF441B416CD","Support/readme/ReadMe-ru.txt",20270,20270,5477,0
"F53ECCCF53D69189D56BFCAAB96B2AF441B416CD","Support/benchmark/benchmark_template.html",792738,792738,449784,0
"F53ECCCF53D69189D56BFCAAB96B2AF441B416CD","Support/benchmark/font_arabic1",257820,257820,104764,0
"F53ECCCF53D69189D56BFCAAB96B2AF441B416CD","Support/benchmark/font_arabic2",276064,276064,97435,0
"F53ECCCF53D69189D56BFCAAB96B2AF441B416CD","Support/benchmark/font_chinas1",812176,812176,279094,0
"F53ECCCF53D69189D56BFCAAB96B2AF441B416CD","Support/benchmark/font_chinas2",276064,276064,97435,0
"F53ECCCF53D69189D56BFCAAB96B2AF441B416CD","Support/benchmark/font_chinat1",812176,812176,279094,0
"F53ECCCF53D69189D56BFCAAB96B2AF441B416CD","Support/benchmark/font_chinat2",276064,276064,97435,0
"F53ECCCF53D69189D56BFCAAB96B2AF441B416CD","Support/benchmark/font_japan1",812176,812176,279094,0
"F53ECCCF53D69189D56BFCAAB96B2AF441B416CD","Support/benchmark/font_japan2",276064,276064,97435,0
"F53ECCCF53D69189D56BFCAAB96B2AF441B416CD","Support/benchmark/font_korea1",812176,812176,279094,0
"F53ECCCF53D69189D56BFCAAB96B2AF441B416CD","Support/benchmark/font_korea2",276064,276064,97435,0
"F53ECCCF53D69189D56BFCAAB96B2AF441B416CD","Support/benchmark/font1",156546,156546,64369,0
"F53ECCCF53D69189D56BFCAAB96B2AF441B416CD","Support/benchmark/font2",146642,146642,73954,0
"F53ECCCF53D69189D56BFCAAB96B2AF441B416CD","localization.lang",14,14,23,0
"F53ECCCF53D69189D56BFCAAB96B2AF441B416CD","streaminginstall.ini",47951,47951,4561,0
"F53ECCCF53D69189D56BFCAAB96B2AF441B416CD","dbghelp.dll",2180616,2180616,946031,0
"F53ECCCF53D69189D56BFCAAB96B2AF441B416CD","ekshaderspcdx12compress.bin",71421996,71421996,71344810,0
"F53ECCCF53D69189D56BFCAAB96B2AF441B416CD","gpudatabase_win64.dll",207896,207896,34014,0
"F53ECCCF53D69189D56BFCAAB96B2AF441B416CD","extendedpcidevs.txt",147456,147456,19742,0
"F53ECCCF53D69189D56BFCAAB96B2AF441B416CD","symsrv.dll",386568,386568,159614,0
"F53ECCCF53D69189D56BFCAAB96B2AF441B416CD","upc_r2_loader.dll",316568,316568,140711,0
"F53ECCCF53D69189D56BFCAAB96B2AF441B416CD","upc_r2_loader64.dll",413848,413848,173613,0
"F53ECCCF53D69189D56BFCAAB96B2AF441B416CD","steam_api64.dll",262944,262944,125454,0
"F53ECCCF53D69189D56BFCAAB96B2AF441B416CD","amd_ags_x64.dll",179408,179408,98157,0
"F53ECCCF53D69189D56BFCAAB96B2AF441B416CD","gfsdk_aftermath_lib.x64.dll",5570136,5570136,2064134,0
"F53ECCCF53D69189D56BFCAAB96B2AF441B416CD","nvlowlatencyvk.dll",48952,48952,24998,0
"F53ECCCF53D69189D56BFCAAB96B2AF441B416CD","nvngx_dlss.dll",51717160,51717160,33568215,0
"F53ECCCF53D69189D56BFCAAB96B2AF441B416CD","vivoxsdk.dll",12713984,12713984,7450514,0
"F53ECCCF53D69189D56BFCAAB96B2AF441B416CD","fvad.dll",39960,39960,22152,0
"F53ECCCF53D69189D56BFCAAB96B2AF441B416CD","libcurl.dll",507920,507920,270524,0
"F53ECCCF53D69189D56BFCAAB96B2AF441B416CD","libtox.dll",261280,261280,111646,0
"F53ECCCF53D69189D56BFCAAB96B2AF441B416CD","opus.dll",416272,416272,245729,0
"F53ECCCF53D69189D56BFCAAB96B2AF441B416CD","opusenc.dll",65560,65560,38984,0
"F53ECCCF53D69189D56BFCAAB96B2AF441B416CD","zlib1.dll",105488,105488,60160,0
"F53ECCCF53D69189D56BFCAAB96B2AF441B416CD","BattlEye/BELauncher.ini",93,93,98,0
"F53ECCCF53D69189D56BFCAAB96B2AF441B416CD","BattlEye/Install_BattlEye.bat",64,64,73,0
"F53ECCCF53D69189D56BFCAAB96B2AF441B416CD","BattlEye/Uninstall_BattlEye.bat",64,64,73,0
"F53ECCCF53D69189D56BFCAAB96B2AF441B416CD","BattlEye/Privacy/cs.txt",1545,1545,822,0
"F53ECCCF53D69189D56BFCAAB96B2AF441B416CD","BattlEye/Privacy/cs-CZ.txt",1545,1545,822,0
"F53ECCCF53D69189D56BFCAAB96B2AF441B416CD","BattlEye/Privacy/de.txt",1445,1445,742,0
"F53ECCCF53D69189D56BFCAAB96B2AF441B416CD","BattlEye/Privacy/de-DE.txt",1445,1445,742,0
"F53ECCCF53D69189D56BFCAAB96B2AF441B416CD","BattlEye/Privacy/en.txt",1302,1302,628,0
"F53ECCCF53D69189D56BFCAAB96B2AF441B416CD","BattlEye/Privacy/en-US.txt",1302,1302,628,0
"F53ECCCF53D69189D56BFCAAB96B2AF441B416CD","BattlEye/Privacy/es.txt",1532,1532,727,0
"F53ECCCF53D69189D56BFCAAB96B2AF441B416CD","BattlEye/Privacy/es-ES.txt",1532,1532,727,0
"F53ECCCF53D69189D56BFCAAB96B2AF441B416CD","BattlEye/Privacy/es-MX.txt",1540,1540,729,0
"F53ECCCF53D69189D56BFCAAB96B2AF441B416CD","BattlEye/Privacy/fr.txt",1677,1677,817,0
"F53ECCCF53D69189D56BFCAAB96B2AF441B416CD","BattlEye/Privacy/fr-FR.txt",1674,1674,809,0
"F53ECCCF53D69189D56BFCAAB96B2AF441B416CD","BattlEye/Privacy/it.txt",1376,1376,666,0
"F53ECCCF53D69189D56BFCAAB96B2AF441B416CD","BattlEye/Privacy/it-IT.txt",1376,1376,666,0
"F53ECCCF53D69189D56BFCAAB96B2AF441B416CD","BattlEye/Privacy/ja.txt",1601,1601,807,0
"F53ECCCF53D69189D56BFCAAB96B2AF441B416CD","BattlEye/Privacy/ja-JP.txt",1601,1601,807,0
"F53ECCCF53D69189D56BFCAAB96B2AF441B416CD","BattlEye/Privacy/ko.txt",1407,1407,774,0
"F53ECCCF53D69189D56BFCAAB96B2AF441B416CD","BattlEye/Privacy/ko-KR.txt",1407,1407,774,0
"F53ECCCF53D69189D56BFCAAB96B2AF441B416CD","BattlEye/Privacy/nl.txt",1394,1394,680,0
"F53ECCCF53D69189D56BFCAAB96B2AF441B416CD","BattlEye/Privacy/nl-NL.txt",1394,1394,680,0
"F53ECCCF53D69189D56BFCAAB96B2AF441B416CD","BattlEye/Privacy/pl.txt",1610,1610,843,0
"F53ECCCF53D69189D56BFCAAB96B2AF441B416CD","BattlEye/Privacy/pl-PL.txt",1610,1610,843,0
"F53ECCCF53D69189D56BFCAAB96B2AF441B416CD","BattlEye/Privacy/pt.txt",1512,1512,729,0
"F53ECCCF53D69189D56BFCAAB96B2AF441B416CD","BattlEye/Privacy/pt-BR.txt",1512,1512,729,0
"F53ECCCF53D69189D56BFCAAB96B2AF441B416CD","BattlEye/Privacy/ru.txt",2012,2012,861,0
"F53ECCCF53D69189D56BFCAAB96B2AF441B416CD","BattlEye/Privacy/ru-RU.txt",2012,2012,861,0
"F53ECCCF53D69189D56BFCAAB96B2AF441B416CD","BattlEye/Privacy/tr.txt",1376,1376,683,0
"F53ECCCF53D69189D56BFCAAB96B2AF441B416CD","BattlEye/Privacy/tr-TR.txt",1376,1376,683,0
"F53ECCCF53D69189D56BFCAAB96B2AF441B416CD","BattlEye/Privacy/zh.txt",1052,1052,675,0
"F53ECCCF53D69189D56BFCAAB96B2AF441B416CD","BattlEye/Privacy/zh-CN.txt",1052,1052,675,0
"F53ECCCF53D69189D56BFCAAB96B2AF441B416CD","BattlEye/Privacy/zh-TW.txt",1067,1067,682,0
"F53ECCCF53D69189D56BFCAAB96B2AF441B416CD","BattlEye/Text/cs.ini",3192,3192,1500,0
"F53ECCCF53D69189D56BFCAAB96B2AF441B416CD","BattlEye/Text/de.ini",3283,3283,1427,0
"F53ECCCF53D69189D56BFCAAB96B2AF441B416CD","BattlEye/Text/en.ini",2748,2748,1183,0
"F53ECCCF53D69189D56BFCAAB96B2AF441B416CD","BattlEye/Text/es.ini",3137,3137,1355,0
"F53ECCCF53D69189D56BFCAAB96B2AF441B416CD","BattlEye/Text/fr.ini",3246,3246,1428,0
"F53ECCCF53D69189D56BFCAAB96B2AF441B416CD","BattlEye/Text/it.ini",3024,3024,1319,0
"F53ECCCF53D69189D56BFCAAB96B2AF441B416CD","BattlEye/Text/ja.ini",4125,4125,1579,0
"F53ECCCF53D69189D56BFCAAB96B2AF441B416CD","BattlEye/Text/ko.ini",3362,3362,1476,0
"F53ECCCF53D69189D56BFCAAB96B2AF441B416CD","BattlEye/Text/nl.ini",3004,3004,1320,0
"F53ECCCF53D69189D56BFCAAB96B2AF441B416CD","BattlEye/Text/pl.ini",3165,3165,1455,0
"F53ECCCF53D69189D56BFCAAB96B2AF441B416CD","BattlEye/Text/pt.ini",3054,3054,1346,0
"F53ECCCF53D69189D56BFCAAB96B2AF441B416CD","BattlEye/Text/ru.ini",4901,4901,1763,0
"F53ECCCF53D69189D56BFCAAB96B2AF441B416CD","BattlEye/Text/tr.ini",2990,2990,1378,0
"F53ECCCF53D69189D56BFCAAB96B2AF441B416CD","BattlEye/Text/zh.ini",2628,2628,1425,0
"F53ECCCF53D69189D56BFCAAB96B2AF441B416CD","BattlEye/Text/zh-TW.ini",2628,2628,1427,0
"F53ECCCF53D69189D56BFCAAB96B2AF441B416CD","BattlEye/BEClient_x64.dll",5967112,5967112,5600949,0
"F53ECCCF53D69189D56BFCAAB96B2AF441B416CD","BattlEye/BEClient_x64.cfg",27,27,36,0
"F53ECCCF53D69189D56BFCAAB96B2AF441B416CD","BattlEye/BEService_x64.exe",20352680,20352680,19695974,0
"F53ECCCF53D69189D56BFCAAB96B2AF441B416CD","BattlEye/Licenses.txt",1128,1128,711,0
"F53ECCCF53D69189D56BFCAAB96B2AF441B416CD","RainbowSix_BE.exe",1457928,1457928,1008920,0
"F53ECCCF53D69189D56BFCAAB96B2AF441B416CD","sen_client.dll",22463160,22463160,17619983,0
"F53ECCCF53D69189D56BFCAAB96B2AF441B416CD","RainbowSix.exe",137073224,137073224,134004680,0
"F53ECCCF53D69189D56BFCAAB96B2AF441B416CD","RainbowSixHelper.exe",137073224,137073224,134004680,0
"F53ECCCF53D69189D56BFCAAB96B2AF441B416CD","defaultargs.dll",5436576,5436576,5081660,0
"F53ECCCF53D69189D56BFCAAB96B2AF441B416CD","datapc64.forge",73236480,73236480,72242436,0
"F53ECCCF53D69189D56BFCAAB96B2AF441B416CD","datapc64_mtx.forge",215941120,215941120,35298762,0
"F53ECCCF53D69189D56BFCAAB96B2AF441B416CD","datapc64_dmtx.forge",589824,589824,62785,0
"F53ECCCF53D69189D56BFCAAB96B2AF441B416CD","datapc64_dmtx_playgo.forge",32768,32768,566,0
"F53ECCCF53D69189D56BFCAAB96B2AF441B416CD","datapc64_merged_playgo_bnk_000000001_mesh.forge",13697024,13697024,6707833,0
"F53ECCCF53D69189D56BFCAAB96B2AF441B416CD","datapc64_merged_playgo_bnk_000000001_meshshape.forge",2293760,2293760,1268399,0
"F53ECCCF53D69189D56BFCAAB96B2AF441B416CD","datapc64_merged_playgo_bnk_000000002_mesh.forge",11665408,11665408,5581668,0
"F53ECCCF53D69189D56BFCAAB96B2AF441B416CD","datapc64_merged_playgo_bnk_000000002_meshshape.forge",2293760,2293760,1200617,0
"F53ECCCF53D69189D56BFCAAB96B2AF441B416CD","datapc64_merged_playgo_bnk_000000003_mesh.forge",1409024,1409024,1133292,0
"F53ECCCF53D69189D56BFCAAB96B2AF441B416CD","datapc64_merged_playgo_bnk_000000003_meshshape.forge",9175040,9175040,4975267,0
"F53ECCCF53D69189D56BFCAAB96B2AF441B416CD","datapc64_merged_playgo_bnk_000000004_mesh.forge",41058304,41058304,32522909,0
"F53ECCCF53D69189D56BFCAAB96B2AF441B416CD","datapc64_merged_playgo_bnk_000000004_meshshape.forge",12288000,12288000,8193104,0
"F53ECCCF53D69189D56BFCAAB96B2AF441B416CD","datapc64_merged_playgo_bnk_101101136_mesh.forge",131072,131072,88347,0
"F53ECCCF53D69189D56BFCAAB96B2AF441B416CD","datapc64_merged_playgo_bnk_109859392_guitextures0.forge",6717440,6717440,6592263,0
"F53ECCCF53D69189D56BFCAAB96B2AF441B416CD","datapc64_merged_playgo_bnk_109859392_guitextures1.forge",1703936,1703936,1670985,0
"F53ECCCF53D69189D56BFCAAB96B2AF441B416CD","datapc64_merged_playgo_bnk_109859392_textures0.forge",163840,163840,132947,0
"F53ECCCF53D69189D56BFCAAB96B2AF441B416CD","datapc64_merged_playgo_bnk_109859392_textures1.forge",229376,229376,211428,0
"F53ECCCF53D69189D56BFCAAB96B2AF441B416CD","datapc64_merged_playgo_bnk_109859392_textures3.forge",524288,524288,487399,0
"F53ECCCF53D69189D56BFCAAB96B2AF441B416CD","datapc64_merged_playgo_bnk_110513070_guitextures0.forge",65536,65536,19839,0
"F53ECCCF53D69189D56BFCAAB96B2AF441B416CD","datapc64_merged_playgo_bnk_110513070_guitextures1.forge",32768,32768,5422,0
"F53ECCCF53D69189D56BFCAAB96B2AF441B416CD","datapc64_merged_playgo_bnk_guitextures0.forge",1573322752,1573322752,1505844903,0
"F53ECCCF53D69189D56BFCAAB96B2AF441B416CD","datapc64_merged_playgo_bnk_guitextures1.forge",1178828800,1178828800,1162630062,0
"F53ECCCF53D69189D56BFCAAB96B2AF441B416CD","datapc64_merged_playgo_bnk_mesh.forge",82804736,82804736,57738127,0
"F53ECCCF53D69189D56BFCAAB96B2AF441B416CD","datapc64_merged_playgo_bnk_meshshape.forge",13041664,13041664,9914232,0
"F53ECCCF53D69189D56BFCAAB96B2AF441B416CD","datapc64_merged_playgo_bnk_textures0.forge",699334656,699334656,581609303,0
"F53ECCCF53D69189D56BFCAAB96B2AF441B416CD","datapc64_merged_playgo_bnk_textures1.forge",254050304,254050304,250026822,0
"F53ECCCF53D69189D56BFCAAB96B2AF441B416CD","datapc64_merged_playgo_bnk_textures2.forge",237731840,237731840,234669838,0
"F53ECCCF53D69189D56BFCAAB96B2AF441B416CD","datapc64_merged_playgo_bnk_textures3.forge",533757952,533757952,531858903,0
"F53ECCCF53D69189D56BFCAAB96B2AF441B416CD","datapc64_mtx_playgo.forge",32768,32768,2223,0
"F53ECCCF53D69189D56BFCAAB96B2AF441B416CD","datapc64_mtx_playgo_bnk_000000003_mesh.forge",98304,98304,75105,0
"F53ECCCF53D69189D56BFCAAB96B2AF441B416CD","datapc64_mtx_playgo_bnk_mesh.forge",98304,98304,75764,0
"F53ECCCF53D69189D56BFCAAB96B2AF441B416CD","datapc64_mtx_playgo_bnk_textures0.forge",163840,163840,116734,0
"F53ECCCF53D69189D56BFCAAB96B2AF441B416CD","datapc64_mtx_playgo_bnk_textures1.forge",327680,327680,284702,0
"F53ECCCF53D69189D56BFCAAB96B2AF441B416CD","datapc64_mtx_playgo_bnk_textures2.forge",229376,229376,194003,0
"F53ECCCF53D69189D56BFCAAB96B2AF441B416CD","datapc64_mtx_playgo_bnk_textures3.forge",753664,753664,734321,0
"F53ECCCF53D69189D56BFCAAB96B2AF441B416CD","datapc64_onb01_tutorial_playgo.forge",2228224,2228224,1999014,0
"F53ECCCF53D69189D56BFCAAB96B2AF441B416CD","datapc64_onb01_tutorial_playgo_bnk_gidata.forge",37715968,37715968,37686183,0
"F53ECCCF53D69189D56BFCAAB96B2AF441B416CD","datapc64_onb02_tutorial_playgo.forge",3342336,3342336,3061586,0
"F53ECCCF53D69189D56BFCAAB96B2AF441B416CD","datapc64_onb02_tutorial_playgo_bnk_gidata.forge",21889024,21889024,21852845,0
"F53ECCCF53D69189D56BFCAAB96B2AF441B416CD","datapc64_ondemand_playgo.forge",471138304,471138304,183053553,0
"F53ECCCF53D69189D56BFCAAB96B2AF441B416CD","datapc64_r6_menuworld_playgo.forge",4685824,4685824,4567684,0
"F53ECCCF53D69189D56BFCAAB96B2AF441B416CD","datapc64_r6_menuworld_playgo_bnk_gidata.forge",65536,65536,1499,0
"F53ECCCF53D69189D56BFCAAB96B2AF441B416CD","datapc64_ui_playgo.forge",158334976,158334976,143710039,0
"F53ECCCF53D69189D56BFCAAB96B2AF441B416CD","videos/y10s1_siege_introduction_v6.webm",188533930,188533930,179224789,0
"F53ECCCF53D69189D56BFCAAB96B2AF441B416CD","videos/y11s1_siege_introduction_v7_diamond.webm",79912012,79912012,76181166,0
"F53ECCCF53D69189D56BFCAAB96B2AF441B416CD","videos/y10s1_battlepass.webm",84859047,84859047,79205039,0
"F53ECCCF53D69189D56BFCAAB96B2AF441B416CD","videos/y10s2_battlepass.webm",81470837,81470837,76723531,0
"F53ECCCF53D69189D56BFCAAB96B2AF441B416CD","videos/y10s3_battlepass.webm",78959105,78959105,73411567,0
"F53ECCCF53D69189D56BFCAAB96B2AF441B416CD","videos/y10s4_battlepass.webm",103434445,103434445,97374155,0
"F53ECCCF53D69189D56BFCAAB96B2AF441B416CD","videos/y11s1_battlepass.webm",59356312,59356312,55066063,0
"F53ECCCF53D69189D56BFCAAB96B2AF441B416CD","videos/y11s2_battlepass.webm",83677334,83677334,76810346,0
"F53ECCCF53D69189D56BFCAAB96B2AF441B416CD","videos/ui/y10s2_hub_core_playgo.webm",18387130,18387130,16726457,0
"F53ECCCF53D69189D56BFCAAB96B2AF441B416CD","videos/ui/y10s3_hub_core_playgo.webm",48695831,48695831,45521753,0
"F53ECCCF53D69189D56BFCAAB96B2AF441B416CD","videos/ui/y10s4_hub_core_playgo.webm",43468593,43468593,39720998,0
"F53ECCCF53D69189D56BFCAAB96B2AF441B416CD","videos/ui/y11s1_hub_core_playgo.webm",40221352,40221352,35974121,0
"F53ECCCF53D69189D56BFCAAB96B2AF441B416CD","videos/ui/y11s2_hub_core_playgo.webm",40261194,40261194,36281881,0
"F53ECCCF53D69189D56BFCAAB96B2AF441B416CD","videos/bootflow/y10s4_bootflow_logo.webm",9582163,9582163,9152207,0
"F53ECCCF53D69189D56BFCAAB96B2AF441B416CD","videos/y8s3_onbrd_tutorial01.webm",31455614,31455614,29771913,0
"F53ECCCF53D69189D56BFCAAB96B2AF441B416CD","videos/y8s3_onbrd_tutorial02.webm",31570774,31570774,29922490,0
"F53ECCCF53D69189D56BFCAAB96B2AF441B416CD","datapc64_3c_metrics.depgraphbin",4875,4875,4885,0
"F53ECCCF53D69189D56BFCAAB96B2AF441B416CD","datapc64_bootstrap.depgraphbin",12509,12509,12519,0
"F53ECCCF53D69189D56BFCAAB96B2AF441B416CD","datapc64_dmtx.depgraphbin",1673,1673,1683,0
"F53ECCCF53D69189D56BFCAAB96B2AF441B416CD","datapc64_mtx.depgraphbin",585851,585851,559090,0
"F53ECCCF53D69189D56BFCAAB96B2AF441B416CD","datapc64_mtx_playgo.depgraphbin",142,142,140,0
"F53ECCCF53D69189D56BFCAAB96B2AF441B416CD","datapc64_mtx_set01.depgraphbin",176,176,105,0
"F53ECCCF53D69189D56BFCAAB96B2AF441B416CD","datapc64_onb00_shootingrange.depgraphbin",8301,8301,8311,0
"F53ECCCF53D69189D56BFCAAB96B2AF441B416CD","datapc64_onb01_tutorial_playgo.depgraphbin",10641,10641,10651,0
"F53ECCCF53D69189D56BFCAAB96B2AF441B416CD","datapc64_onb02_tutorial_playgo.depgraphbin",14588,14588,14598,0
"F53ECCCF53D69189D56BFCAAB96B2AF441B416CD","datapc64_ondemand.depgraphbin",1399285,1399285,1383082,0
"F53ECCCF53D69189D56BFCAAB96B2AF441B416CD","datapc64_ondemand_playgo.depgraphbin",148792,148792,148807,0
"F53ECCCF53D69189D56BFCAAB96B2AF441B416CD","datapc64_ondemand_set01.depgraphbin",29832,29832,29842,0
"F53ECCCF53D69189D56BFCAAB96B2AF441B416CD","datapc64_ondemand_set02.depgraphbin",10022,10022,10032,0
"F53ECCCF53D69189D56BFCAAB96B2AF441B416CD","datapc64_perf_house_v2.depgraphbin",24105,24105,24115,0
"F53ECCCF53D69189D56BFCAAB96B2AF441B416CD","datapc64_pvp01_house_v3.depgraphbin",32900,32900,32910,0
"F53ECCCF53D69189D56BFCAAB96B2AF441B416CD","datapc64_pvp02_oregon_v2_mod.depgraphbin",29290,29290,29300,0
"F53ECCCF53D69189D56BFCAAB96B2AF441B416CD","datapc64_pvp04_clubhouse_mod_set01.depgraphbin",31178,31178,31188,0
"F53ECCCF53D69189D56BFCAAB96B2AF441B416CD","datapc64_pvp05_plane_v2.depgraphbin",17327,17327,17337,0
"F53ECCCF53D69189D56BFCAAB96B2AF441B416CD","datapc64_pvp06_yacht_v2.depgraphbin",26281,26281,26291,0
"F53ECCCF53D69189D56BFCAAB96B2AF441B416CD","datapc64_pvp07_consulate_v2.depgraphbin",31882,31882,31892,0
"F53ECCCF53D69189D56BFCAAB96B2AF441B416CD","datapc64_pvp07_consulate_v2_mod.depgraphbin",34847,34847,34857,0
"F53ECCCF53D69189D56BFCAAB96B2AF441B416CD","datapc64_pvp08_bank_v2_mod.depgraphbin",30355,30355,30365,0
"F53ECCCF53D69189D56BFCAAB96B2AF441B416CD","datapc64_pvp09_kanal_mod.depgraphbin",30311,30311,30321,0
"F53ECCCF53D69189D56BFCAAB96B2AF441B416CD","datapc64_pvp10_chalet_v2_mod.depgraphbin",26496,26496,26506,0
"F53ECCCF53D69189D56BFCAAB96B2AF441B416CD","datapc64_pvp11_university.depgraphbin",22898,22898,22908,0
"F53ECCCF53D69189D56BFCAAB96B2AF441B416CD","datapc64_pvp12_russiancafe_mod.depgraphbin",28268,28268,28278,0
"F53ECCCF53D69189D56BFCAAB96B2AF441B416CD","datapc64_pvp13_border_v2_mod.depgraphbin",26659,26659,26669,0
"F53ECCCF53D69189D56BFCAAB96B2AF441B416CD","datapc64_pvp14_favela_v2.depgraphbin",29569,29569,29579,0
"F53ECCCF53D69189D56BFCAAB96B2AF441B416CD","datapc64_pvp15_temple_v2_mod.depgraphbin",26395,26395,26405,0
"F53ECCCF53D69189D56BFCAAB96B2AF441B416CD","datapc64_pvp16_ibiza_mod.depgraphbin",31934,31934,31944,0
"F53ECCCF53D69189D56BFCAAB96B2AF441B416CD","datapc64_pvp17_themepark_v2_mod.depgraphbin",27690,27690,27700,0
"F53ECCCF53D69189D56BFCAAB96B2AF441B416CD","datapc64_pvp19_tower.depgraphbin",32182,32182,32192,0
"F53ECCCF53D69189D56BFCAAB96B2AF441B416CD","datapc64_pvp20_italy_mod.depgraphbin",31098,31098,31108,0
"F53ECCCF53D69189D56BFCAAB96B2AF441B416CD","datapc64_pvp22_morocco_v2_mod.depgraphbin",32566,32566,32576,0
"F53ECCCF53D69189D56BFCAAB96B2AF441B416CD","datapc64_pvp23_australia_v2_mod.depgraphbin",27580,27580,27590,0
"F53ECCCF53D69189D56BFCAAB96B2AF441B416CD","datapc64_pvp24_countryclub_mod.depgraphbin",28941,28941,28951,0
"F53ECCCF53D69189D56BFCAAB96B2AF441B416CD","datapc64_pvp25_nighthaven.depgraphbin",26678,26678,26688,0
"F53ECCCF53D69189D56BFCAAB96B2AF441B416CD","datapc64_pvp25_nighthaven_mod.depgraphbin",25576,25576,25586,0
"F53ECCCF53D69189D56BFCAAB96B2AF441B416CD","datapc64_pvp26_viperstrike.depgraphbin",28847,28847,28857,0
"F53ECCCF53D69189D56BFCAAB96B2AF441B416CD","datapc64_pvp26_viperstrike_mod.depgraphbin",28173,28173,28183,0
"F53ECCCF53D69189D56BFCAAB96B2AF441B416CD","datapc64_pvp27_stadium2021.depgraphbin",19835,19835,19845,0
"F53ECCCF53D69189D56BFCAAB96B2AF441B416CD","datapc64_pvp27_stadium2021_v2.depgraphbin",19644,19644,19654,0
"F53ECCCF53D69189D56BFCAAB96B2AF441B416CD","datapc64_pvp28_stadiumalpha_v2.depgraphbin",20253,20253,20263,0
"F53ECCCF53D69189D56BFCAAB96B2AF441B416CD","datapc64_pvp29_privatecasino_mod.depgraphbin",37546,37546,37556,0
"F53ECCCF53D69189D56BFCAAB96B2AF441B416CD","datapc64_r6_menuworld_playgo.depgraphbin",2458,2458,2468,0
"F53ECCCF53D69189D56BFCAAB96B2AF441B416CD","datapc64_tdm01_mtown.depgraphbin",12780,12780,12790,0
"F53ECCCF53D69189D56BFCAAB96B2AF441B416CD","datapc64_ui_playgo.depgraphbin",104414,104414,95834,0
"F53ECCCF53D69189D56BFCAAB96B2AF441B416CD","datapc64_merged_playgo_bnk_000000003_soundmedia.forge",42893312,42893312,42612493,0
"F53ECCCF53D69189D56BFCAAB96B2AF441B416CD","datapc64_merged_playgo_bnk_000000004_soundmedia.forge",58720256,58720256,55711411,0
"F53ECCCF53D69189D56BFCAAB96B2AF441B416CD","datapc64_merged_playgo_bnk_105038660_soundmedia.forge",6717440,6717440,6655738,0
"F53ECCCF53D69189D56BFCAAB96B2AF441B416CD","datapc64_merged_playgo_bnk_106167009_soundmedia.forge",622592,622592,452599,0
"F53ECCCF53D69189D56BFCAAB96B2AF441B416CD","datapc64_merged_playgo_bnk_soundmedia.forge",839745536,839745536,798776700,0
"F53ECCCF53D69189D56BFCAAB96B2AF441B416CD","datapc64_merged_playgo_bnk_000000003_soundbank.forge",3112960,3112960,2787007,0
"F53ECCCF53D69189D56BFCAAB96B2AF441B416CD","datapc64_merged_playgo_bnk_000000004_soundbank.forge",20152320,20152320,18392023,0
"F53ECCCF53D69189D56BFCAAB96B2AF441B416CD","datapc64_merged_playgo_bnk_105038660_soundbank.forge",327680,327680,210184,0
"F53ECCCF53D69189D56BFCAAB96B2AF441B416CD","datapc64_merged_playgo_bnk_106167009_soundbank.forge",327680,327680,157695,0
"F53ECCCF53D69189D56BFCAAB96B2AF441B416CD","datapc64_merged_playgo_bnk_soundbank.forge",272203776,272203776,211684820,0
"F53ECCCF53D69189D56BFCAAB96B2AF441B416CD","datapc64_merged_playgo_bnk_000000003_soundbank_en-us.forge",425984,425984,265357,1
"F53ECCCF53D69189D56BFCAAB96B2AF441B416CD","datapc64_merged_playgo_bnk_000000003_soundmedia_en-us.forge",1081344,1081344,992630,1
"F53ECCCF53D69189D56BFCAAB96B2AF441B416CD","datapc64_merged_playgo_bnk_000000004_soundbank_en-us.forge",1376256,1376256,978188,1
"F53ECCCF53D69189D56BFCAAB96B2AF441B416CD","datapc64_merged_playgo_bnk_000000004_soundmedia_en-us.forge",7798784,7798784,6599430,1
"F53ECCCF53D69189D56BFCAAB96B2AF441B416CD","datapc64_merged_playgo_bnk_104622021_soundbank_en-us.forge",65536,65536,48343,1
"F53ECCCF53D69189D56BFCAAB96B2AF441B416CD","datapc64_merged_playgo_bnk_104622021_soundmedia_en-us.forge",32768,32768,9285,1
"F53ECCCF53D69189D56BFCAAB96B2AF441B416CD","datapc64_merged_playgo_bnk_105038660_soundbank_en-us.forge",196608,196608,123782,1
"F53ECCCF53D69189D56BFCAAB96B2AF441B416CD","datapc64_merged_playgo_bnk_105038660_soundmedia_en-us.forge",65536,65536,20663,1
"F53ECCCF53D69189D56BFCAAB96B2AF441B416CD","datapc64_merged_playgo_bnk_106167009_soundbank_en-us.forge",65536,65536,48393,1
"F53ECCCF53D69189D56BFCAAB96B2AF441B416CD","datapc64_merged_playgo_bnk_106167009_soundmedia_en-us.forge",32768,32768,11050,1
"F53ECCCF53D69189D56BFCAAB96B2AF441B416CD","datapc64_merged_playgo_bnk_soundbank_en-us.forge",5505024,5505024,3392257,1
"F53ECCCF53D69189D56BFCAAB96B2AF441B416CD","datapc64_merged_playgo_bnk_soundmedia_en-us.forge",79626240,79626240,69558696,1
"F53ECCCF53D69189D56BFCAAB96B2AF441B416CD","datapc64_merged_playgo_bnk_000000003_soundbank_fr-fr.forge",393216,393216,251298,2
"F53ECCCF53D69189D56BFCAAB96B2AF441B416CD","datapc64_merged_playgo_bnk_000000003_soundmedia_fr-fr.forge",1081344,1081344,969963,2
"F53ECCCF53D69189D56BFCAAB96B2AF441B416CD","datapc64_merged_playgo_bnk_000000004_soundbank_fr-fr.forge",1474560,1474560,1044735,2
"F53ECCCF53D69189D56BFCAAB96B2AF441B416CD","datapc64_merged_playgo_bnk_000000004_soundmedia_fr-fr.forge",7962624,7962624,6774171,2
"F53ECCCF53D69189D56BFCAAB96B2AF441B416CD","datapc64_merged_playgo_bnk_105038660_soundbank_fr-fr.forge",163840,163840,86885,2
"F53ECCCF53D69189D56BFCAAB96B2AF441B416CD","datapc64_merged_playgo_bnk_106167009_soundbank_fr-fr.forge",65536,65536,48518,2
"F53ECCCF53D69189D56BFCAAB96B2AF441B416CD","datapc64_merged_playgo_bnk_106167009_soundmedia_fr-fr.forge",32768,32768,10827,2
"F53ECCCF53D69189D56BFCAAB96B2AF441B416CD","datapc64_merged_playgo_bnk_107686263_soundbank_fr-fr.forge",65536,65536,48514,2
"F53ECCCF53D69189D56BFCAAB96B2AF441B416CD","datapc64_merged_playgo_bnk_107686263_soundmedia_fr-fr.forge",32768,32768,10653,2
"F53ECCCF53D69189D56BFCAAB96B2AF441B416CD","datapc64_merged_playgo_bnk_soundbank_fr-fr.forge",5373952,5373952,3321532,2
"F53ECCCF53D69189D56BFCAAB96B2AF441B416CD","datapc64_merged_playgo_bnk_soundmedia_fr-fr.forge",75661312,75661312,65570901,2
"F53ECCCF53D69189D56BFCAAB96B2AF441B416CD","datapc64_merged_playgo_bnk_000000003_soundbank_it-it.forge",491520,491520,339051,3
"F53ECCCF53D69189D56BFCAAB96B2AF441B416CD","datapc64_merged_playgo_bnk_000000003_soundmedia_it-it.forge",1310720,1310720,1187170,3
"F53ECCCF53D69189D56BFCAAB96B2AF441B416CD","datapc64_merged_playgo_bnk_000000004_soundbank_it-it.forge",1605632,1605632,1193238,3
"F53ECCCF53D69189D56BFCAAB96B2AF441B416CD","datapc64_merged_playgo_bnk_000000004_soundmedia_it-it.forge",8749056,8749056,7570192,3
"F53ECCCF53D69189D56BFCAAB96B2AF441B416CD","datapc64_merged_playgo_bnk_104622021_soundbank_it-it.forge",32768,32768,9608,3
"F53ECCCF53D69189D56BFCAAB96B2AF441B416CD","datapc64_merged_playgo_bnk_104622021_soundmedia_it-it.forge",65536,65536,48066,3
"F53ECCCF53D69189D56BFCAAB96B2AF441B416CD","datapc64_merged_playgo_bnk_105038660_soundbank_it-it.forge",163840,163840,89751,3
"F53ECCCF53D69189D56BFCAAB96B2AF441B416CD","datapc64_merged_playgo_bnk_106167009_soundbank_it-it.forge",65536,65536,48547,3
"F53ECCCF53D69189D56BFCAAB96B2AF441B416CD","datapc64_merged_playgo_bnk_106167009_soundmedia_it-it.forge",65536,65536,33870,3
"F53ECCCF53D69189D56BFCAAB96B2AF441B416CD","datapc64_merged_playgo_bnk_107686263_soundbank_it-it.forge",65536,65536,48543,3
"F53ECCCF53D69189D56BFCAAB96B2AF441B416CD","datapc64_merged_playgo_bnk_107686263_soundmedia_it-it.forge",65536,65536,33579,3
"F53ECCCF53D69189D56BFCAAB96B2AF441B416CD","datapc64_merged_playgo_bnk_soundbank_it-it.forge",5734400,5734400,3693587,3
"F53ECCCF53D69189D56BFCAAB96B2AF441B416CD","datapc64_merged_playgo_bnk_soundmedia_it-it.forge",82313216,82313216,72203622,3
"F53ECCCF53D69189D56BFCAAB96B2AF441B416CD","datapc64_merged_playgo_bnk_000000003_soundbank_de-de.forge",425984,425984,260139,4
"F53ECCCF53D69189D56BFCAAB96B2AF441B416CD","datapc64_merged_playgo_bnk_000000003_soundmedia_de-de.forge",1114112,1114112,1016096,4
"F53ECCCF53D69189D56BFCAAB96B2AF441B416CD","datapc64_merged_playgo_bnk_000000004_soundbank_de-de.forge",1671168,1671168,1202237,4
"F53ECCCF53D69189D56BFCAAB96B2AF441B416CD","datapc64_merged_playgo_bnk_000000004_soundmedia_de-de.forge",8257536,8257536,7073020,4
"F53ECCCF53D69189D56BFCAAB96B2AF441B416CD","datapc64_merged_playgo_bnk_105038660_soundbank_de-de.forge",196608,196608,134543,4
"F53ECCCF53D69189D56BFCAAB96B2AF441B416CD","datapc64_merged_playgo_bnk_105038660_soundmedia_de-de.forge",32768,32768,18760,4
"F53ECCCF53D69189D56BFCAAB96B2AF441B416CD","datapc64_merged_playgo_bnk_106167009_soundbank_de-de.forge",65536,65536,48419,4
"F53ECCCF53D69189D56BFCAAB96B2AF441B416CD","datapc64_merged_playgo_bnk_106167009_soundmedia_de-de.forge",32768,32768,18941,4
"F53ECCCF53D69189D56BFCAAB96B2AF441B416CD","datapc64_merged_playgo_bnk_soundbank_de-de.forge",5636096,5636096,3549110,4
"F53ECCCF53D69189D56BFCAAB96B2AF441B416CD","datapc64_merged_playgo_bnk_soundmedia_de-de.forge",81362944,81362944,71302497,4
"F53ECCCF53D69189D56BFCAAB96B2AF441B416CD","datapc64_merged_playgo_bnk_000000003_soundbank_es-es.forge",425984,425984,275770,5
"F53ECCCF53D69189D56BFCAAB96B2AF441B416CD","datapc64_merged_playgo_bnk_000000003_soundmedia_es-es.forge",1179648,1179648,1083103,5
"F53ECCCF53D69189D56BFCAAB96B2AF441B416CD","datapc64_merged_playgo_bnk_000000004_soundbank_es-es.forge",1671168,1671168,1218718,5
"F53ECCCF53D69189D56BFCAAB96B2AF441B416CD","datapc64_merged_playgo_bnk_000000004_soundmedia_es-es.forge",8683520,8683520,7534201,5
"F53ECCCF53D69189D56BFCAAB96B2AF441B416CD","datapc64_merged_playgo_bnk_105038660_soundbank_es-es.forge",229376,229376,147382,5
"F53ECCCF53D69189D56BFCAAB96B2AF441B416CD","datapc64_merged_playgo_bnk_105038660_soundmedia_es-es.forge",32768,32768,18006,5
"F53ECCCF53D69189D56BFCAAB96B2AF441B416CD","datapc64_merged_playgo_bnk_106167009_soundbank_es-es.forge",65536,65536,48496,5
"F53ECCCF53D69189D56BFCAAB96B2AF441B416CD","datapc64_merged_playgo_bnk_106167009_soundmedia_es-es.forge",65536,65536,39314,5
"F53ECCCF53D69189D56BFCAAB96B2AF441B416CD","datapc64_merged_playgo_bnk_107686263_soundbank_es-es.forge",65536,65536,48493,5
"F53ECCCF53D69189D56BFCAAB96B2AF441B416CD","datapc64_merged_playgo_bnk_107686263_soundmedia_es-es.forge",65536,65536,21743,5
"F53ECCCF53D69189D56BFCAAB96B2AF441B416CD","datapc64_merged_playgo_bnk_soundbank_es-es.forge",5701632,5701632,3693229,5
"F53ECCCF53D69189D56BFCAAB96B2AF441B416CD","datapc64_merged_playgo_bnk_soundmedia_es-es.forge",85426176,85426176,75324826,5
"F53ECCCF53D69189D56BFCAAB96B2AF441B416CD","datapc64_merged_playgo_bnk_000000003_soundbank_es-mx.forge",491520,491520,333592,6
"F53ECCCF53D69189D56BFCAAB96B2AF441B416CD","datapc64_merged_playgo_bnk_000000003_soundmedia_es-mx.forge",1212416,1212416,1099483,6
"F53ECCCF53D69189D56BFCAAB96B2AF441B416CD","datapc64_merged_playgo_bnk_000000004_soundbank_es-mx.forge",1671168,1671168,1215016,6
"F53ECCCF53D69189D56BFCAAB96B2AF441B416CD","datapc64_merged_playgo_bnk_000000004_soundmedia_es-mx.forge",8421376,8421376,7310872,6
"F53ECCCF53D69189D56BFCAAB96B2AF441B416CD","datapc64_merged_playgo_bnk_104622021_soundbank_es-mx.forge",65536,65536,48315,6
"F53ECCCF53D69189D56BFCAAB96B2AF441B416CD","datapc64_merged_playgo_bnk_104622021_soundmedia_es-mx.forge",32768,32768,13234,6
"F53ECCCF53D69189D56BFCAAB96B2AF441B416CD","datapc64_merged_playgo_bnk_105038660_soundbank_es-mx.forge",229376,229376,144687,6
"F53ECCCF53D69189D56BFCAAB96B2AF441B416CD","datapc64_merged_playgo_bnk_105038660_soundmedia_es-mx.forge",65536,65536,24456,6
"F53ECCCF53D69189D56BFCAAB96B2AF441B416CD","datapc64_merged_playgo_bnk_106167009_soundbank_es-mx.forge",65536,65536,48367,6
"F53ECCCF53D69189D56BFCAAB96B2AF441B416CD","datapc64_merged_playgo_bnk_106167009_soundmedia_es-mx.forge",65536,65536,24546,6
"F53ECCCF53D69189D56BFCAAB96B2AF441B416CD","datapc64_merged_playgo_bnk_soundbank_es-mx.forge",5832704,5832704,3890005,6
"F53ECCCF53D69189D56BFCAAB96B2AF441B416CD","datapc64_merged_playgo_bnk_soundmedia_es-mx.forge",87687168,87687168,77668290,6
"F53ECCCF53D69189D56BFCAAB96B2AF441B416CD","datapc64_merged_playgo_bnk_000000003_soundbank_pt-br.forge",458752,458752,314729,7
"F53ECCCF53D69189D56BFCAAB96B2AF441B416CD","datapc64_merged_playgo_bnk_000000003_soundmedia_pt-br.forge",1179648,1179648,1061672,7
"F53ECCCF53D69189D56BFCAAB96B2AF441B416CD","datapc64_merged_playgo_bnk_000000004_soundbank_pt-br.forge",1605632,1605632,1188852,7
"F53ECCCF53D69189D56BFCAAB96B2AF441B416CD","datapc64_merged_playgo_bnk_000000004_soundmedia_pt-br.forge",8355840,8355840,7220396,7
"F53ECCCF53D69189D56BFCAAB96B2AF441B416CD","datapc64_merged_playgo_bnk_104622021_soundbank_pt-br.forge",65536,65536,48237,7
"F53ECCCF53D69189D56BFCAAB96B2AF441B416CD","datapc64_merged_playgo_bnk_104622021_soundmedia_pt-br.forge",32768,32768,16021,7
"F53ECCCF53D69189D56BFCAAB96B2AF441B416CD","datapc64_merged_playgo_bnk_105038660_soundbank_pt-br.forge",163840,163840,84883,7
"F53ECCCF53D69189D56BFCAAB96B2AF441B416CD","datapc64_merged_playgo_bnk_106167009_soundmedia_pt-br.forge",32768,32768,16214,7
"F53ECCCF53D69189D56BFCAAB96B2AF441B416CD","datapc64_merged_playgo_bnk_107686263_soundmedia_pt-br.forge",32768,32768,16270,7
"F53ECCCF53D69189D56BFCAAB96B2AF441B416CD","datapc64_merged_playgo_bnk_soundbank_pt-br.forge",5865472,5865472,3774200,7
"F53ECCCF53D69189D56BFCAAB96B2AF441B416CD","datapc64_merged_playgo_bnk_soundmedia_pt-br.forge",79233024,79233024,69214319,7
"F53ECCCF53D69189D56BFCAAB96B2AF441B416CD","datapc64_merged_playgo_bnk_000000003_soundbank_ja-jp.forge",425984,425984,255054,8
"F53ECCCF53D69189D56BFCAAB96B2AF441B416CD","datapc64_merged_playgo_bnk_000000003_soundmedia_ja-jp.forge",1114112,1114112,1002735,8
"F53ECCCF53D69189D56BFCAAB96B2AF441B416CD","datapc64_merged_playgo_bnk_000000004_soundbank_ja-jp.forge",1572864,1572864,1131257,8
"F53ECCCF53D69189D56BFCAAB96B2AF441B416CD","datapc64_merged_playgo_bnk_000000004_soundmedia_ja-jp.forge",7962624,7962624,6829185,8
"F53ECCCF53D69189D56BFCAAB96B2AF441B416CD","datapc64_merged_playgo_bnk_104622021_soundbank_ja-jp.forge",65536,65536,48345,8
"F53ECCCF53D69189D56BFCAAB96B2AF441B416CD","datapc64_merged_playgo_bnk_104622021_soundmedia_ja-jp.forge",32768,32768,19667,8
"F53ECCCF53D69189D56BFCAAB96B2AF441B416CD","datapc64_merged_playgo_bnk_105038660_soundbank_ja-jp.forge",196608,196608,131252,8
"F53ECCCF53D69189D56BFCAAB96B2AF441B416CD","datapc64_merged_playgo_bnk_105038660_soundmedia_ja-jp.forge",65536,65536,33816,8
"F53ECCCF53D69189D56BFCAAB96B2AF441B416CD","datapc64_merged_playgo_bnk_106167009_soundbank_ja-jp.forge",65536,65536,48397,8
"F53ECCCF53D69189D56BFCAAB96B2AF441B416CD","datapc64_merged_playgo_bnk_106167009_soundmedia_ja-jp.forge",32768,32768,14663,8
"F53ECCCF53D69189D56BFCAAB96B2AF441B416CD","datapc64_merged_playgo_bnk_soundbank_ja-jp.forge",5537792,5537792,3442375,8
"F53ECCCF53D69189D56BFCAAB96B2AF441B416CD","datapc64_merged_playgo_bnk_soundmedia_ja-jp.forge",73498624,73498624,63467293,8
"F53ECCCF53D69189D56BFCAAB96B2AF441B416CD","datapc64_merged_playgo_bnk_000000003_soundbank_ru-ru.forge",425984,425984,268902,9
"F53ECCCF53D69189D56BFCAAB96B2AF441B416CD","datapc64_merged_playgo_bnk_000000003_soundmedia_ru-ru.forge",1146880,1146880,1037978,9
"F53ECCCF53D69189D56BFCAAB96B2AF441B416CD","datapc64_merged_playgo_bnk_000000004_soundbank_ru-ru.forge",1540096,1540096,1106326,9
"F53ECCCF53D69189D56BFCAAB96B2AF441B416CD","datapc64_merged_playgo_bnk_000000004_soundmedia_ru-ru.forge",7766016,7766016,6594208,9
"F53ECCCF53D69189D56BFCAAB96B2AF441B416CD","datapc64_merged_playgo_bnk_105038660_soundbank_ru-ru.forge",196608,196608,133175,9
"F53ECCCF53D69189D56BFCAAB96B2AF441B416CD","datapc64_merged_playgo_bnk_105038660_soundmedia_ru-ru.forge",32768,32768,13248,9
"F53ECCCF53D69189D56BFCAAB96B2AF441B416CD","datapc64_merged_playgo_bnk_106167009_soundbank_ru-ru.forge",65536,65536,48420,9
"F53ECCCF53D69189D56BFCAAB96B2AF441B416CD","datapc64_merged_playgo_bnk_106167009_soundmedia_ru-ru.forge",32768,32768,13268,9
"F53ECCCF53D69189D56BFCAAB96B2AF441B416CD","datapc64_merged_playgo_bnk_soundbank_ru-ru.forge",4849664,4849664,2998463,9
"F53ECCCF53D69189D56BFCAAB96B2AF441B416CD","datapc64_merged_playgo_bnk_soundmedia_ru-ru.forge",76152832,76152832,66027993,9
"F53ECCCF53D69189D56BFCAAB96B2AF441B416CD","datapc64_ondemand_set01.forge",30507008,30507008,26806119,10
"F53ECCCF53D69189D56BFCAAB96B2AF441B416CD","datapc64_mtx_set01.forge",32768,32768,2744,10
"F53ECCCF53D69189D56BFCAAB96B2AF441B416CD","datapc64_mtx_set01_bnk_mesh.forge",196608,196608,155723,10
"F53ECCCF53D69189D56BFCAAB96B2AF441B416CD","datapc64_mtx_set01_bnk_textures0.forge",32768,32768,7730,10
"F53ECCCF53D69189D56BFCAAB96B2AF441B416CD","datapc64_mtx_set01_bnk_textures3.forge",32768,32768,10542,10
"F53ECCCF53D69189D56BFCAAB96B2AF441B416CD","datapc64_merged_set01_bnk_000000001_mesh.forge",27623424,27623424,16989063,10
"F53ECCCF53D69189D56BFCAAB96B2AF441B416CD","datapc64_merged_set01_bnk_000000001_meshshape.forge",30539776,30539776,22530283,10
"F53ECCCF53D69189D56BFCAAB96B2AF441B416CD","datapc64_merged_set01_bnk_000000002_mesh.forge",27525120,27525120,21338059,10
"F53ECCCF53D69189D56BFCAAB96B2AF441B416CD","datapc64_merged_set01_bnk_000000002_meshshape.forge",26738688,26738688,17489299,10
"F53ECCCF53D69189D56BFCAAB96B2AF441B416CD","datapc64_merged_set01_bnk_000000003_mesh.forge",9076736,9076736,6747198,10
"F53ECCCF53D69189D56BFCAAB96B2AF441B416CD","datapc64_merged_set01_bnk_000000003_meshshape.forge",81297408,81297408,53579151,10
"F53ECCCF53D69189D56BFCAAB96B2AF441B416CD","datapc64_merged_set01_bnk_000000004_mesh.forge",50593792,50593792,41062833,10
"F53ECCCF53D69189D56BFCAAB96B2AF441B416CD","datapc64_merged_set01_bnk_000000004_meshshape.forge",21626880,21626880,13970844,10
"F53ECCCF53D69189D56BFCAAB96B2AF441B416CD","datapc64_merged_set01_bnk_101101136_mesh.forge",32768,32768,4045,10
"F53ECCCF53D69189D56BFCAAB96B2AF441B416CD","datapc64_merged_set01_bnk_101101136_meshshape.forge",32768,32768,10404,10
"F53ECCCF53D69189D56BFCAAB96B2AF441B416CD","datapc64_merged_set01_bnk_105038660_mesh.forge",360448,360448,199439,10
"F53ECCCF53D69189D56BFCAAB96B2AF441B416CD","datapc64_merged_set01_bnk_105038660_meshshape.forge",32768,32768,2131,10
"F53ECCCF53D69189D56BFCAAB96B2AF441B416CD","datapc64_merged_set01_bnk_106167009_mesh.forge",425984,425984,313715,10
"F53ECCCF53D69189D56BFCAAB96B2AF441B416CD","datapc64_merged_set01_bnk_106167009_meshshape.forge",6619136,6619136,1634345,10
"F53ECCCF53D69189D56BFCAAB96B2AF441B416CD","datapc64_merged_set01_bnk_107686263_mesh.forge",32768,32768,1848,10
"F53ECCCF53D69189D56BFCAAB96B2AF441B416CD","datapc64_merged_set01_bnk_107686263_meshshape.forge",5865472,5865472,1341175,10
"F53ECCCF53D69189D56BFCAAB96B2AF441B416CD","datapc64_merged_set01_bnk_guitextures0.forge",5799936,5799936,5698073,10
"F53ECCCF53D69189D56BFCAAB96B2AF441B416CD","datapc64_merged_set01_bnk_guitextures1.forge",131072,131072,42682,10
"F53ECCCF53D69189D56BFCAAB96B2AF441B416CD","datapc64_merged_set01_bnk_mesh.forge",170721280,170721280,131972735,10
"F53ECCCF53D69189D56BFCAAB96B2AF441B416CD","datapc64_merged_set01_bnk_meshshape.forge",102465536,102465536,86070297,10
"F53ECCCF53D69189D56BFCAAB96B2AF441B416CD","datapc64_merged_set01_bnk_textures0.forge",129171456,129171456,124170359,10
"F53ECCCF53D69189D56BFCAAB96B2AF441B416CD","datapc64_merged_set01_bnk_textures1.forge",280395776,280395776,276974990,10
"F53ECCCF53D69189D56BFCAAB96B2AF441B416CD","datapc64_merged_set01_bnk_textures2.forge",303890432,303890432,301440843,10
"F53ECCCF53D69189D56BFCAAB96B2AF441B416CD","datapc64_merged_set01_bnk_textures3.forge",619282432,619282432,617652507,10
"F53ECCCF53D69189D56BFCAAB96B2AF441B416CD","datapc64_pvp04_clubhouse_mod.forge",23986176,23986176,23620431,10
"F53ECCCF53D69189D56BFCAAB96B2AF441B416CD","datapc64_pvp04_clubhouse_mod_set01_bnk_gidata.forge",21299200,21299200,21249168,10
"F53ECCCF53D69189D56BFCAAB96B2AF441B416CD","datapc64_merged_set01_bnk_000000003_soundmedia.forge",11042816,11042816,8502230,10
"F53ECCCF53D69189D56BFCAAB96B2AF441B416CD","datapc64_merged_set01_bnk_000000004_soundmedia.forge",33390592,33390592,31489103,10
"F53ECCCF53D69189D56BFCAAB96B2AF441B416CD","datapc64_merged_set01_bnk_107686263_soundmedia.forge",294912,294912,243164,10
"F53ECCCF53D69189D56BFCAAB96B2AF441B416CD","datapc64_merged_set01_bnk_soundmedia.forge",110559232,110559232,101736646,10
"F53ECCCF53D69189D56BFCAAB96B2AF441B416CD","datapc64_merged_set01_bnk_000000003_soundbank.forge",3768320,3768320,3630361,10
"F53ECCCF53D69189D56BFCAAB96B2AF441B416CD","datapc64_merged_set01_bnk_000000004_soundbank.forge",39026688,39026688,35186409,10
"F53ECCCF53D69189D56BFCAAB96B2AF441B416CD","datapc64_merged_set01_bnk_107686263_soundbank.forge",32768,32768,912,10
"F53ECCCF53D69189D56BFCAAB96B2AF441B416CD","datapc64_merged_set01_bnk_soundbank.forge",57376768,57376768,51279031,10
"F53ECCCF53D69189D56BFCAAB96B2AF441B416CD","datapc64_merged_set01_bnk_000000003_soundbank_en-us.forge",65536,65536,30318,11
"F53ECCCF53D69189D56BFCAAB96B2AF441B416CD","datapc64_merged_set01_bnk_000000003_soundmedia_en-us.forge",65536,65536,36451,11
"F53ECCCF53D69189D56BFCAAB96B2AF441B416CD","datapc64_merged_set01_bnk_000000004_soundbank_en-us.forge",7110656,7110656,5059212,11
"F53ECCCF53D69189D56BFCAAB96B2AF441B416CD","datapc64_merged_set01_bnk_000000004_soundmedia_en-us.forge",30736384,30736384,24831263,11
"F53ECCCF53D69189D56BFCAAB96B2AF441B416CD","datapc64_merged_set01_bnk_soundbank_en-us.forge",1802240,1802240,1278187,11
"F53ECCCF53D69189D56BFCAAB96B2AF441B416CD","datapc64_merged_set01_bnk_soundmedia_en-us.forge",12255232,12255232,10060331,11
"F53ECCCF53D69189D56BFCAAB96B2AF441B416CD","datapc64_merged_set01_bnk_000000003_soundbank_fr-fr.forge",65536,65536,30428,12
"F53ECCCF53D69189D56BFCAAB96B2AF441B416CD","datapc64_merged_set01_bnk_000000003_soundmedia_fr-fr.forge",65536,65536,37558,12
"F53ECCCF53D69189D56BFCAAB96B2AF441B416CD","datapc64_merged_set01_bnk_000000004_soundbank_fr-fr.forge",7962624,7962624,5711621,12
"F53ECCCF53D69189D56BFCAAB96B2AF441B416CD","datapc64_merged_set01_bnk_000000004_soundmedia_fr-fr.forge",30408704,30408704,24677395,12
"F53ECCCF53D69189D56BFCAAB96B2AF441B416CD","datapc64_merged_set01_bnk_soundbank_fr-fr.forge",2064384,2064384,1447992,12
"F53ECCCF53D69189D56BFCAAB96B2AF441B416CD","datapc64_merged_set01_bnk_soundmedia_fr-fr.forge",12451840,12451840,10341817,12
"F53ECCCF53D69189D56BFCAAB96B2AF441B416CD","datapc64_merged_set01_bnk_000000003_soundbank_it-it.forge",65536,65536,30188,13
"F53ECCCF53D69189D56BFCAAB96B2AF441B416CD","datapc64_merged_set01_bnk_000000003_soundmedia_it-it.forge",65536,65536,41601,13
"F53ECCCF53D69189D56BFCAAB96B2AF441B416CD","datapc64_merged_set01_bnk_000000004_soundbank_it-it.forge",8617984,8617984,6450224,13
"F53ECCCF53D69189D56BFCAAB96B2AF441B416CD","datapc64_merged_set01_bnk_000000004_soundmedia_it-it.forge",34734080,34734080,28974013,13
"F53ECCCF53D69189D56BFCAAB96B2AF441B416CD","datapc64_merged_set01_bnk_soundbank_it-it.forge",2129920,2129920,1552630,13
"F53ECCCF53D69189D56BFCAAB96B2AF441B416CD","datapc64_merged_set01_bnk_soundmedia_it-it.forge",13139968,13139968,11049433,13
"F53ECCCF53D69189D56BFCAAB96B2AF441B416CD","datapc64_merged_set01_bnk_000000003_soundbank_de-de.forge",65536,65536,30187,14
"F53ECCCF53D69189D56BFCAAB96B2AF441B416CD","datapc64_merged_set01_bnk_000000003_soundmedia_de-de.forge",65536,65536,38243,14
"F53ECCCF53D69189D56BFCAAB96B2AF441B416CD","datapc64_merged_set01_bnk_000000004_soundbank_de-de.forge",8945664,8945664,6682500,14
"F53ECCCF53D69189D56BFCAAB96B2AF441B416CD","datapc64_merged_set01_bnk_000000004_soundmedia_de-de.forge",34242560,34242560,28546364,14
"F53ECCCF53D69189D56BFCAAB96B2AF441B416CD","datapc64_merged_set01_bnk_soundbank_de-de.forge",2228224,2228224,1580923,14
"F53ECCCF53D69189D56BFCAAB96B2AF441B416CD","datapc64_merged_set01_bnk_soundmedia_de-de.forge",13008896,13008896,10885783,14
"F53ECCCF53D69189D56BFCAAB96B2AF441B416CD","datapc64_merged_set01_bnk_000000003_soundbank_es-es.forge",65536,65536,30347,15
"F53ECCCF53D69189D56BFCAAB96B2AF441B416CD","datapc64_merged_set01_bnk_000000003_soundmedia_es-es.forge",65536,65536,38246,15
"F53ECCCF53D69189D56BFCAAB96B2AF441B416CD","datapc64_merged_set01_bnk_000000004_soundbank_es-es.forge",9043968,9043968,6802418,15
"F53ECCCF53D69189D56BFCAAB96B2AF441B416CD","datapc64_merged_set01_bnk_000000004_soundmedia_es-es.forge",35487744,35487744,29763127,15
"F53ECCCF53D69189D56BFCAAB96B2AF441B416CD","datapc64_merged_set01_bnk_soundbank_es-es.forge",2293760,2293760,1667702,15
"F53ECCCF53D69189D56BFCAAB96B2AF441B416CD","datapc64_merged_set01_bnk_soundmedia_es-es.forge",13631488,13631488,11465698,15
"F53ECCCF53D69189D56BFCAAB96B2AF441B416CD","datapc64_merged_set01_bnk_000000003_soundbank_es-mx.forge",229376,229376,148682,16
"F53ECCCF53D69189D56BFCAAB96B2AF441B416CD","datapc64_merged_set01_bnk_000000003_soundmedia_es-mx.forge",458752,458752,322843,16
"F53ECCCF53D69189D56BFCAAB96B2AF441B416CD","datapc64_merged_set01_bnk_000000004_soundbank_es-mx.forge",9043968,9043968,6905912,16
"F53ECCCF53D69189D56BFCAAB96B2AF441B416CD","datapc64_merged_set01_bnk_000000004_soundmedia_es-mx.forge",34537472,34537472,28750426,16
"F53ECCCF53D69189D56BFCAAB96B2AF441B416CD","datapc64_merged_set01_bnk_soundbank_es-mx.forge",2293760,2293760,1644774,16
"F53ECCCF53D69189D56BFCAAB96B2AF441B416CD","datapc64_merged_set01_bnk_soundmedia_es-mx.forge",13500416,13500416,11390852,16
"F53ECCCF53D69189D56BFCAAB96B2AF441B416CD","datapc64_merged_set01_bnk_000000003_soundbank_pt-br.forge",65536,65536,30395,17
"F53ECCCF53D69189D56BFCAAB96B2AF441B416CD","datapc64_merged_set01_bnk_000000003_soundmedia_pt-br.forge",65536,65536,38458,17
"F53ECCCF53D69189D56BFCAAB96B2AF441B416CD","datapc64_merged_set01_bnk_000000004_soundbank_pt-br.forge",8847360,8847360,6651602,17
"F53ECCCF53D69189D56BFCAAB96B2AF441B416CD","datapc64_merged_set01_bnk_000000004_soundmedia_pt-br.forge",35160064,35160064,29409742,17
"F53ECCCF53D69189D56BFCAAB96B2AF441B416CD","datapc64_merged_set01_bnk_soundbank_pt-br.forge",2228224,2228224,1628273,17
"F53ECCCF53D69189D56BFCAAB96B2AF441B416CD","datapc64_merged_set01_bnk_soundmedia_pt-br.forge",13467648,13467648,11304234,17
"F53ECCCF53D69189D56BFCAAB96B2AF441B416CD","datapc64_merged_set01_bnk_000000003_soundbank_ja-jp.forge",65536,65536,30331,18
"F53ECCCF53D69189D56BFCAAB96B2AF441B416CD","datapc64_merged_set01_bnk_000000003_soundmedia_ja-jp.forge",65536,65536,33625,18
"F53ECCCF53D69189D56BFCAAB96B2AF441B416CD","datapc64_merged_set01_bnk_000000004_soundbank_ja-jp.forge",7929856,7929856,5745405,18
"F53ECCCF53D69189D56BFCAAB96B2AF441B416CD","datapc64_merged_set01_bnk_000000004_soundmedia_ja-jp.forge",30638080,30638080,24800120,18
"F53ECCCF53D69189D56BFCAAB96B2AF441B416CD","datapc64_merged_set01_bnk_soundbank_ja-jp.forge",2097152,2097152,1492152,18
"F53ECCCF53D69189D56BFCAAB96B2AF441B416CD","datapc64_merged_set01_bnk_soundmedia_ja-jp.forge",12550144,12550144,10447589,18
"F53ECCCF53D69189D56BFCAAB96B2AF441B416CD","datapc64_merged_set01_bnk_000000003_soundbank_ru-ru.forge",65536,65536,30418,19
"F53ECCCF53D69189D56BFCAAB96B2AF441B416CD","datapc64_merged_set01_bnk_000000003_soundmedia_ru-ru.forge",65536,65536,38343,19
"F53ECCCF53D69189D56BFCAAB96B2AF441B416CD","datapc64_merged_set01_bnk_000000004_soundbank_ru-ru.forge",7929856,7929856,5769218,19
"F53ECCCF53D69189D56BFCAAB96B2AF441B416CD","datapc64_merged_set01_bnk_000000004_soundmedia_ru-ru.forge",31064064,31064064,25226155,19
"F53ECCCF53D69189D56BFCAAB96B2AF441B416CD","datapc64_merged_set01_bnk_soundbank_ru-ru.forge",2031616,2031616,1439947,19
"F53ECCCF53D69189D56BFCAAB96B2AF441B416CD","datapc64_merged_set01_bnk_soundmedia_ru-ru.forge",11632640,11632640,9499403,19
"F53ECCCF53D69189D56BFCAAB96B2AF441B416CD","datapc64_ondemand_set02.forge",11927552,11927552,10611742,22
"F53ECCCF53D69189D56BFCAAB96B2AF441B416CD","datapc64_merged_set02_bnk_000000001_mesh.forge",53018624,53018624,35628224,22
"F53ECCCF53D69189D56BFCAAB96B2AF441B416CD","datapc64_merged_set02_bnk_000000001_meshshape.forge",46071808,46071808,33078320,22
"F53ECCCF53D69189D56BFCAAB96B2AF441B416CD","datapc64_merged_set02_bnk_000000002_mesh.forge",6029312,6029312,4458136,22
"F53ECCCF53D69189D56BFCAAB96B2AF441B416CD","datapc64_merged_set02_bnk_000000002_meshshape.forge",19529728,19529728,11400080,22
"F53ECCCF53D69189D56BFCAAB96B2AF441B416CD","datapc64_merged_set02_bnk_000000003_mesh.forge",20840448,20840448,14387326,22
"F53ECCCF53D69189D56BFCAAB96B2AF441B416CD","datapc64_merged_set02_bnk_000000003_meshshape.forge",82771968,82771968,49614859,22
"F53ECCCF53D69189D56BFCAAB96B2AF441B416CD","datapc64_merged_set02_bnk_000000004_mesh.forge",163840,163840,120148,22
"F53ECCCF53D69189D56BFCAAB96B2AF441B416CD","datapc64_merged_set02_bnk_101101136_mesh.forge",196608,196608,153668,22
"F53ECCCF53D69189D56BFCAAB96B2AF441B416CD","datapc64_merged_set02_bnk_101101136_meshshape.forge",229376,229376,195586,22
"F53ECCCF53D69189D56BFCAAB96B2AF441B416CD","datapc64_merged_set02_bnk_105038660_mesh.forge",98304,98304,54852,22
"F53ECCCF53D69189D56BFCAAB96B2AF441B416CD","datapc64_merged_set02_bnk_105038660_meshshape.forge",2981888,2981888,691907,22
"F53ECCCF53D69189D56BFCAAB96B2AF441B416CD","datapc64_merged_set02_bnk_106167009_mesh.forge",458752,458752,157401,22
"F53ECCCF53D69189D56BFCAAB96B2AF441B416CD","datapc64_merged_set02_bnk_106167009_meshshape.forge",10027008,10027008,2269217,22
"F53ECCCF53D69189D56BFCAAB96B2AF441B416CD","datapc64_merged_set02_bnk_107686263_meshshape.forge",11763712,11763712,2660933,22
"F53ECCCF53D69189D56BFCAAB96B2AF441B416CD","datapc64_merged_set02_bnk_guitextures0.forge",32768,32768,5495,22
"F53ECCCF53D69189D56BFCAAB96B2AF441B416CD","datapc64_merged_set02_bnk_guitextures1.forge",32768,32768,7888,22
"F53ECCCF53D69189D56BFCAAB96B2AF441B416CD","datapc64_merged_set02_bnk_mesh.forge",176881664,176881664,135067685,22
"F53ECCCF53D69189D56BFCAAB96B2AF441B416CD","datapc64_merged_set02_bnk_meshshape.forge",122060800,122060800,97587739,22
"F53ECCCF53D69189D56BFCAAB96B2AF441B416CD","datapc64_merged_set02_bnk_textures0.forge",7897088,7897088,7398978,22
"F53ECCCF53D69189D56BFCAAB96B2AF441B416CD","datapc64_merged_set02_bnk_textures1.forge",17891328,17891328,17505859,22
"F53ECCCF53D69189D56BFCAAB96B2AF441B416CD","datapc64_merged_set02_bnk_textures2.forge",10289152,10289152,9994514,22
"F53ECCCF53D69189D56BFCAAB96B2AF441B416CD","datapc64_merged_set02_bnk_textures3.forge",24281088,24281088,24111439,22
"F53ECCCF53D69189D56BFCAAB96B2AF441B416CD","datapc64_merged_set02_bnk_000000003_soundmedia.forge",9011200,9011200,5497058,22
"F53ECCCF53D69189D56BFCAAB96B2AF441B416CD","datapc64_merged_set02_bnk_soundmedia.forge",149880832,149880832,145492470,22
"F53ECCCF53D69189D56BFCAAB96B2AF441B416CD","datapc64_merged_set02_bnk_000000003_soundbank.forge",786432,786432,734609,22
"F53ECCCF53D69189D56BFCAAB96B2AF441B416CD","datapc64_merged_set02_bnk_000000004_soundbank.forge",65536,65536,36144,22
"F53ECCCF53D69189D56BFCAAB96B2AF441B416CD","datapc64_merged_set02_bnk_soundbank.forge",38174720,38174720,34752747,22
"F53ECCCF53D69189D56BFCAAB96B2AF441B416CD","videos/y8s3_onbrd_tutorial03.webm",23611632,23611632,22275585,22
"F53ECCCF53D69189D56BFCAAB96B2AF441B416CD","datapc64_merged_set02_bnk_000000003_soundbank_en-us.forge",131072,131072,81983,23
"F53ECCCF53D69189D56BFCAAB96B2AF441B416CD","datapc64_merged_set02_bnk_000000003_soundmedia_en-us.forge",294912,294912,241829,23
"F53ECCCF53D69189D56BFCAAB96B2AF441B416CD","datapc64_merged_set02_bnk_000000004_soundbank_en-us.forge",98304,98304,58233,23
"F53ECCCF53D69189D56BFCAAB96B2AF441B416CD","datapc64_merged_set02_bnk_soundbank_en-us.forge",5472256,5472256,3872216,23
"F53ECCCF53D69189D56BFCAAB96B2AF441B416CD","datapc64_merged_set02_bnk_soundmedia_en-us.forge",22740992,22740992,18547893,23
"F53ECCCF53D69189D56BFCAAB96B2AF441B416CD","datapc64_merged_set02_bnk_000000003_soundbank_fr-fr.forge",131072,131072,84634,24
"F53ECCCF53D69189D56BFCAAB96B2AF441B416CD","datapc64_merged_set02_bnk_000000003_soundmedia_fr-fr.forge",327680,327680,261707,24
"F53ECCCF53D69189D56BFCAAB96B2AF441B416CD","datapc64_merged_set02_bnk_000000004_soundbank_fr-fr.forge",98304,98304,57012,24
"F53ECCCF53D69189D56BFCAAB96B2AF441B416CD","datapc64_merged_set02_bnk_soundbank_fr-fr.forge",5963776,5963776,4264201,24
"F53ECCCF53D69189D56BFCAAB96B2AF441B416CD","datapc64_merged_set02_bnk_soundmedia_fr-fr.forge",23429120,23429120,19298056,24
"F53ECCCF53D69189D56BFCAAB96B2AF441B416CD","datapc64_merged_set02_bnk_000000003_soundbank_it-it.forge",163840,163840,95672,25
"F53ECCCF53D69189D56BFCAAB96B2AF441B416CD","datapc64_merged_set02_bnk_000000003_soundmedia_it-it.forge",327680,327680,258121,25
"F53ECCCF53D69189D56BFCAAB96B2AF441B416CD","datapc64_merged_set02_bnk_000000004_soundbank_it-it.forge",131072,131072,69475,25
"F53ECCCF53D69189D56BFCAAB96B2AF441B416CD","datapc64_merged_set02_bnk_soundbank_it-it.forge",6488064,6488064,4799755,25
"F53ECCCF53D69189D56BFCAAB96B2AF441B416CD","datapc64_merged_set02_bnk_soundmedia_it-it.forge",25886720,25886720,21652872,25
"F53ECCCF53D69189D56BFCAAB96B2AF441B416CD","datapc64_merged_set02_bnk_000000003_soundbank_de-de.forge",163840,163840,102128,26
"F53ECCCF53D69189D56BFCAAB96B2AF441B416CD","datapc64_merged_set02_bnk_000000003_soundmedia_de-de.forge",327680,327680,262951,26
"F53ECCCF53D69189D56BFCAAB96B2AF441B416CD","datapc64_merged_set02_bnk_000000004_soundbank_de-de.forge",131072,131072,75072,26
"F53ECCCF53D69189D56BFCAAB96B2AF441B416CD","datapc64_merged_set02_bnk_soundbank_de-de.forge",7012352,7012352,5329961,26
"F53ECCCF53D69189D56BFCAAB96B2AF441B416CD","datapc64_merged_set02_bnk_soundmedia_de-de.forge",26869760,26869760,22648453,26
"F53ECCCF53D69189D56BFCAAB96B2AF441B416CD","datapc64_merged_set02_bnk_000000003_soundbank_es-es.forge",163840,163840,98726,27
"F53ECCCF53D69189D56BFCAAB96B2AF441B416CD","datapc64_merged_set02_bnk_000000003_soundmedia_es-es.forge",360448,360448,298915,27
"F53ECCCF53D69189D56BFCAAB96B2AF441B416CD","datapc64_merged_set02_bnk_000000004_soundbank_es-es.forge",131072,131072,70974,27
"F53ECCCF53D69189D56BFCAAB96B2AF441B416CD","datapc64_merged_set02_bnk_soundbank_es-es.forge",6684672,6684672,5013056,27
"F53ECCCF53D69189D56BFCAAB96B2AF441B416CD","datapc64_merged_set02_bnk_soundmedia_es-es.forge",27099136,27099136,22880053,27
"F53ECCCF53D69189D56BFCAAB96B2AF441B416CD","datapc64_merged_set02_bnk_000000003_soundbank_es-mx.forge",163840,163840,106564,28
"F53ECCCF53D69189D56BFCAAB96B2AF441B416CD","datapc64_merged_set02_bnk_000000003_soundmedia_es-mx.forge",327680,327680,275791,28
"F53ECCCF53D69189D56BFCAAB96B2AF441B416CD","datapc64_merged_set02_bnk_000000004_soundbank_es-mx.forge",131072,131072,79373,28
"F53ECCCF53D69189D56BFCAAB96B2AF441B416CD","datapc64_merged_set02_bnk_soundbank_es-mx.forge",7143424,7143424,5495332,28
"F53ECCCF53D69189D56BFCAAB96B2AF441B416CD","datapc64_merged_set02_bnk_soundmedia_es-mx.forge",27951104,27951104,23752533,28
"F53ECCCF53D69189D56BFCAAB96B2AF441B416CD","datapc64_merged_set02_bnk_000000003_soundbank_pt-br.forge",163840,163840,87184,29
"F53ECCCF53D69189D56BFCAAB96B2AF441B416CD","datapc64_merged_set02_bnk_000000003_soundmedia_pt-br.forge",393216,393216,314769,29
"F53ECCCF53D69189D56BFCAAB96B2AF441B416CD","datapc64_merged_set02_bnk_000000004_soundbank_pt-br.forge",98304,98304,61377,29
"F53ECCCF53D69189D56BFCAAB96B2AF441B416CD","datapc64_merged_set02_bnk_soundbank_pt-br.forge",6946816,6946816,5287146,29
"F53ECCCF53D69189D56BFCAAB96B2AF441B416CD","datapc64_merged_set02_bnk_soundmedia_pt-br.forge",27623424,27623424,23485188,29
"F53ECCCF53D69189D56BFCAAB96B2AF441B416CD","datapc64_merged_set02_bnk_000000003_soundbank_ja-jp.forge",131072,131072,83955,30
"F53ECCCF53D69189D56BFCAAB96B2AF441B416CD","datapc64_merged_set02_bnk_000000003_soundmedia_ja-jp.forge",294912,294912,221225,30
"F53ECCCF53D69189D56BFCAAB96B2AF441B416CD","datapc64_merged_set02_bnk_000000004_soundbank_ja-jp.forge",98304,98304,59396,30
"F53ECCCF53D69189D56BFCAAB96B2AF441B416CD","datapc64_merged_set02_bnk_soundbank_ja-jp.forge",6062080,6062080,4361560,30
"F53ECCCF53D69189D56BFCAAB96B2AF441B416CD","datapc64_merged_set02_bnk_soundmedia_ja-jp.forge",23494656,23494656,19327147,30
"F53ECCCF53D69189D56BFCAAB96B2AF441B416CD","datapc64_merged_set02_bnk_000000003_soundbank_ru-ru.forge",163840,163840,92188,31
"F53ECCCF53D69189D56BFCAAB96B2AF441B416CD","datapc64_merged_set02_bnk_000000003_soundmedia_ru-ru.forge",360448,360448,299855,31
"F53ECCCF53D69189D56BFCAAB96B2AF441B416CD","datapc64_merged_set02_bnk_000000004_soundbank_ru-ru.forge",131072,131072,67254,31
"F53ECCCF53D69189D56BFCAAB96B2AF441B416CD","datapc64_merged_set02_bnk_soundbank_ru-ru.forge",6324224,6324224,4691544,31
"F53ECCCF53D69189D56BFCAAB96B2AF441B416CD","datapc64_merged_set02_bnk_soundmedia_ru-ru.forge",24313856,24313856,20080238,31
"F53ECCCF53D69189D56BFCAAB96B2AF441B416CD","videos/opscards/y10s1_membership.webm",3257066,3257066,3074205,37
"F53ECCCF53D69189D56BFCAAB96B2AF441B416CD","videos/opscards/y9s2_membership.webm",3472563,3472563,3217356,37
"F53ECCCF53D69189D56BFCAAB96B2AF441B416CD","videos/opscards/y9s3_membership.webm",3507960,3507960,3173473,37
"F53ECCCF53D69189D56BFCAAB96B2AF441B416CD","videos/opscards/y9s4_membership.webm",3395390,3395390,3040057,37
"F53ECCCF53D69189D56BFCAAB96B2AF441B416CD","videos/ui/y10s2_hub_dualfront.webm",67826483,67826483,61448973,37
"F53ECCCF53D69189D56BFCAAB96B2AF441B416CD","videos/ui/y10s3_hub_dualfront.webm",15588977,15588977,14073089,37
"F53ECCCF53D69189D56BFCAAB96B2AF441B416CD","videos/ui/y10s4_hub_dualfront.webm",40233345,40233345,36583045,37
"F53ECCCF53D69189D56BFCAAB96B2AF441B416CD","videos/ui/y10s4_hub_invitational.webm",121752758,121752758,115879535,37
"F53ECCCF53D69189D56BFCAAB96B2AF441B416CD","videos/ui/y11s1_hub_dualfront.webm",33319464,33319464,30073104,37
"F53ECCCF53D69189D56BFCAAB96B2AF441B416CD","videos/y10s2_dual_front_tutorial.webm",91806297,91806297,87883210,37
"F53ECCCF53D69189D56BFCAAB96B2AF441B416CD","videos/y10s4_events_frosty_intro.webm",15580907,15580907,14809837,37
"F53ECCCF53D69189D56BFCAAB96B2AF441B416CD","videos/y10s4_events_patriot_intro.webm",16647102,16647102,15888885,37
"F53ECCCF53D69189D56BFCAAB96B2AF441B416CD","videos/y11s1_events_tango_intro.webm",22944690,22944690,21644578,37
"F53ECCCF53D69189D56BFCAAB96B2AF441B416CD","videos/y8s1_events_rim2.webm",18069323,18069323,17069853,37
"F53ECCCF53D69189D56BFCAAB96B2AF441B416CD","videos/y9s2_membership.webm",3450962,3450962,3198991,37
"F53ECCCF53D69189D56BFCAAB96B2AF441B416CD","videos/y9s3_membership.webm",3503067,3503067,3276214,37
"F53ECCCF53D69189D56BFCAAB96B2AF441B416CD","videos/y9s4_events_riot_intro_prores_1.webm",32360629,32360629,30922997,37
"F53ECCCF53D69189D56BFCAAB96B2AF441B416CD","datapc64_pvp01_house_v3.forge",8519680,8519680,8221138,37
"F53ECCCF53D69189D56BFCAAB96B2AF441B416CD","datapc64_pvp01_house_v3_bnk_gidata.forge",23298048,23298048,23260225,37
"F53ECCCF53D69189D56BFCAAB96B2AF441B416CD","datapc64_pvp01_house_v3_set01_bnk_gidata.forge",23298048,23298048,23260228,37
"F53ECCCF53D69189D56BFCAAB96B2AF441B416CD","datapc64_pvp02_oregon_v2_mod.forge",24051712,24051712,23730916,37
"F53ECCCF53D69189D56BFCAAB96B2AF441B416CD","datapc64_pvp02_oregon_v2_mod_bnk_gidata.forge",15073280,15073280,15037373,37
"F53ECCCF53D69189D56BFCAAB96B2AF441B416CD","datapc64_pvp02_oregon_v2_mod_set02_bnk_gidata.forge",15073280,15073280,15035666,37
"F53ECCCF53D69189D56BFCAAB96B2AF441B416CD","datapc64_pvp02_oregon_v2_set02_bnk_gidata.forge",39714816,39714816,39680092,37
"F53ECCCF53D69189D56BFCAAB96B2AF441B416CD","datapc64_pvp04_clubhouse_mod_set02_bnk_gidata.forge",21299200,21299200,21244831,37
"F53ECCCF53D69189D56BFCAAB96B2AF441B416CD","datapc64_pvp05_plane_set01_bnk_gidata.forge",87195648,87195648,87171507,37
"F53ECCCF53D69189D56BFCAAB96B2AF441B416CD","datapc64_pvp05_plane_v2.forge",5242880,5242880,4942851,37
"F53ECCCF53D69189D56BFCAAB96B2AF441B416CD","datapc64_pvp05_plane_v2_bnk_gidata.forge",90243072,90243072,90195695,37
"F53ECCCF53D69189D56BFCAAB96B2AF441B416CD","datapc64_pvp06_yacht_bnk_gidata.forge",88834048,88834048,88806789,37
"F53ECCCF53D69189D56BFCAAB96B2AF441B416CD","datapc64_pvp06_yacht_v2.forge",7634944,7634944,7338736,37
"F53ECCCF53D69189D56BFCAAB96B2AF441B416CD","datapc64_pvp06_yacht_v2_bnk_gidata.forge",88211456,88211456,88188741,37
"F53ECCCF53D69189D56BFCAAB96B2AF441B416CD","datapc64_pvp07_consulate_v2.forge",9207808,9207808,8915648,37
"F53ECCCF53D69189D56BFCAAB96B2AF441B416CD","datapc64_pvp07_consulate_v2_bnk_gidata.forge",54198272,54198272,54155386,37
"F53ECCCF53D69189D56BFCAAB96B2AF441B416CD","datapc64_pvp07_consulate_v2_mod.forge",24903680,24903680,24604339,37
"F53ECCCF53D69189D56BFCAAB96B2AF441B416CD","datapc64_pvp07_consulate_v2_mod_bnk_gidata.forge",23003136,23003136,22929215,37
"F53ECCCF53D69189D56BFCAAB96B2AF441B416CD","datapc64_pvp07_consulate_v2_mod_set01_bnk_gidata.forge",22970368,22970368,22901654,37
"F53ECCCF53D69189D56BFCAAB96B2AF441B416CD","datapc64_pvp07_consulate_v2_set01_bnk_gidata.forge",54198272,54198272,54155388,37
"F53ECCCF53D69189D56BFCAAB96B2AF441B416CD","datapc64_pvp08_bank_v2_mod.forge",23461888,23461888,23111906,37
"F53ECCCF53D69189D56BFCAAB96B2AF441B416CD","datapc64_pvp08_bank_v2_mod_bnk_gidata.forge",25788416,25788416,25711856,37
"F53ECCCF53D69189D56BFCAAB96B2AF441B416CD","datapc64_pvp09_kanal_mod.forge",23298048,23298048,23021238,37
"F53ECCCF53D69189D56BFCAAB96B2AF441B416CD","datapc64_pvp09_kanal_mod_bnk_gidata.forge",18612224,18612224,18559438,37
"F53ECCCF53D69189D56BFCAAB96B2AF441B416CD","datapc64_pvp09_kanal_set02_bnk_gidata.forge",48136192,48136192,48111566,37
"F53ECCCF53D69189D56BFCAAB96B2AF441B416CD","datapc64_pvp10_chalet_v2_mod.forge",22970368,22970368,22731997,37
"F53ECCCF53D69189D56BFCAAB96B2AF441B416CD","datapc64_pvp10_chalet_v2_mod_bnk_gidata.forge",29818880,29818880,29772378,37
"F53ECCCF53D69189D56BFCAAB96B2AF441B416CD","datapc64_pvp10_chalet_v2_mod_set02_bnk_gidata.forge",29753344,29753344,29711327,37
"F53ECCCF53D69189D56BFCAAB96B2AF441B416CD","datapc64_pvp11_university.forge",6979584,6979584,6628846,37
"F53ECCCF53D69189D56BFCAAB96B2AF441B416CD","datapc64_pvp11_university_bnk_gidata.forge",140050432,140050432,140003724,37
"F53ECCCF53D69189D56BFCAAB96B2AF441B416CD","datapc64_pvp12_russiancafe_mod.forge",23429120,23429120,23100905,37
"F53ECCCF53D69189D56BFCAAB96B2AF441B416CD","datapc64_pvp12_russiancafe_mod_bnk_gidata.forge",16416768,16416768,16377480,37
"F53ECCCF53D69189D56BFCAAB96B2AF441B416CD","datapc64_pvp12_russiancafe_mod_set02_bnk_gidata.forge",16482304,16482304,16423477,37
"F53ECCCF53D69189D56BFCAAB96B2AF441B416CD","datapc64_pvp13_border_v2_mod.forge",22577152,22577152,22290081,37
"F53ECCCF53D69189D56BFCAAB96B2AF441B416CD","datapc64_pvp13_border_v2_mod_bnk_gidata.forge",21463040,21463040,21396166,37
"F53ECCCF53D69189D56BFCAAB96B2AF441B416CD","datapc64_pvp14_favela_v2.forge",8159232,8159232,7833218,37
"F53ECCCF53D69189D56BFCAAB96B2AF441B416CD","datapc64_pvp14_favela_v2_bnk_gidata.forge",42172416,42172416,42144568,37
"F53ECCCF53D69189D56BFCAAB96B2AF441B416CD","datapc64_pvp15_temple_v2_bnk_gidata.forge",52789248,52789248,52770070,37
"F53ECCCF53D69189D56BFCAAB96B2AF441B416CD","datapc64_pvp15_temple_v2_mod.forge",22642688,22642688,22370009,37
"F53ECCCF53D69189D56BFCAAB96B2AF441B416CD","datapc64_pvp15_temple_v2_mod_bnk_gidata.forge",20086784,20086784,20027984,37
"F53ECCCF53D69189D56BFCAAB96B2AF441B416CD","datapc64_pvp16_ibiza_bnk_gidata.forge",115212288,115212288,115176014,37
"F53ECCCF53D69189D56BFCAAB96B2AF441B416CD","datapc64_pvp16_ibiza_mod.forge",23625728,23625728,23349702,37
"F53ECCCF53D69189D56BFCAAB96B2AF441B416CD","datapc64_pvp16_ibiza_mod_bnk_gidata.forge",67043328,67043328,67012082,37
"F53ECCCF53D69189D56BFCAAB96B2AF441B416CD","datapc64_pvp17_themepark_v2_bnk_gidata.forge",50462720,50462720,50442631,37
"F53ECCCF53D69189D56BFCAAB96B2AF441B416CD","datapc64_pvp17_themepark_v2_mod.forge",22413312,22413312,22161857,37
"F53ECCCF53D69189D56BFCAAB96B2AF441B416CD","datapc64_pvp17_themepark_v2_mod_bnk_gidata.forge",17661952,17661952,17618355,37
"F53ECCCF53D69189D56BFCAAB96B2AF441B416CD","datapc64_pvp19_tower.forge",10158080,10158080,9815481,37
"F53ECCCF53D69189D56BFCAAB96B2AF441B416CD","datapc64_pvp19_tower_bnk_gidata.forge",88145920,88145920,88129271,37
"F53ECCCF53D69189D56BFCAAB96B2AF441B416CD","datapc64_pvp20_italy_bnk_gidata.forge",45318144,45318144,45274855,37
"F53ECCCF53D69189D56BFCAAB96B2AF441B416CD","datapc64_pvp20_italy_mod.forge",12025856,12025856,11727075,37
"F53ECCCF53D69189D56BFCAAB96B2AF441B416CD","datapc64_pvp20_italy_mod_bnk_gidata.forge",28508160,28508160,28445811,37
"F53ECCCF53D69189D56BFCAAB96B2AF441B416CD","datapc64_pvp22_morocco_bnk_gidata.forge",59801600,59801600,59766828,37
"F53ECCCF53D69189D56BFCAAB96B2AF441B416CD","datapc64_pvp22_morocco_v2_mod.forge",23789568,23789568,23523835,37
"F53ECCCF53D69189D56BFCAAB96B2AF441B416CD","datapc64_pvp22_morocco_v2_mod_bnk_gidata.forge",23461888,23461888,23408515,37
"F53ECCCF53D69189D56BFCAAB96B2AF441B416CD","datapc64_pvp23_australia_v2_bnk_gidata.forge",52559872,52559872,52528396,37
"F53ECCCF53D69189D56BFCAAB96B2AF441B416CD","datapc64_pvp23_australia_v2_mod.forge",23396352,23396352,23100330,37
"F53ECCCF53D69189D56BFCAAB96B2AF441B416CD","datapc64_pvp23_australia_v2_mod_bnk_gidata.forge",16515072,16515072,16467829,37
"F53ECCCF53D69189D56BFCAAB96B2AF441B416CD","datapc64_pvp24_countryclub_bnk_gidata.forge",57573376,57573376,57533383,37
"F53ECCCF53D69189D56BFCAAB96B2AF441B416CD","datapc64_pvp24_countryclub_mod.forge",8847360,8847360,8554559,37
"F53ECCCF53D69189D56BFCAAB96B2AF441B416CD","datapc64_pvp24_countryclub_mod_bnk_gidata.forge",16220160,16220160,16190446,37
"F53ECCCF53D69189D56BFCAAB96B2AF441B416CD","datapc64_pvp25_nighthaven.forge",6324224,6324224,6070212,37
"F53ECCCF53D69189D56BFCAAB96B2AF441B416CD","datapc64_pvp25_nighthaven_bnk_gidata.forge",58294272,58294272,58276305,37
"F53ECCCF53D69189D56BFCAAB96B2AF441B416CD","datapc64_pvp25_nighthaven_mod.forge",21954560,21954560,21695261,37
"F53ECCCF53D69189D56BFCAAB96B2AF441B416CD","datapc64_pvp25_nighthaven_mod_bnk_gidata.forge",27885568,27885568,27824187,37
"F53ECCCF53D69189D56BFCAAB96B2AF441B416CD","datapc64_pvp26_viperstrike.forge",7241728,7241728,6968787,37
"F53ECCCF53D69189D56BFCAAB96B2AF441B416CD","datapc64_pvp26_viperstrike_bnk_gidata.forge",50364416,50364416,50338980,37
"F53ECCCF53D69189D56BFCAAB96B2AF441B416CD","datapc64_pvp26_viperstrike_mod.forge",23199744,23199744,22924056,37
"F53ECCCF53D69189D56BFCAAB96B2AF441B416CD","datapc64_pvp26_viperstrike_mod_bnk_gidata.forge",22904832,22904832,22844935,37
"F53ECCCF53D69189D56BFCAAB96B2AF441B416CD","datapc64_pvp27_stadium2021.forge",4390912,4390912,4169117,37
"F53ECCCF53D69189D56BFCAAB96B2AF441B416CD","datapc64_pvp27_stadium2021_bnk_gidata.forge",51675136,51675136,51648047,37
"F53ECCCF53D69189D56BFCAAB96B2AF441B416CD","datapc64_pvp27_stadium2021_v2.forge",5668864,5668864,5416324,37
"F53ECCCF53D69189D56BFCAAB96B2AF441B416CD","datapc64_pvp27_stadium2021_v2_bnk_gidata.forge",50298880,50298880,50255933,37
"F53ECCCF53D69189D56BFCAAB96B2AF441B416CD","datapc64_pvp28_stadiumalpha_v2.forge",5570560,5570560,5304456,37
"F53ECCCF53D69189D56BFCAAB96B2AF441B416CD","datapc64_pvp28_stadiumalpha_v2_bnk_gidata.forge",102629376,102629376,102604799,37
"F53ECCCF53D69189D56BFCAAB96B2AF441B416CD","datapc64_pvp29_privatecasino_mod.forge",8159232,8159232,7874697,37
"F53ECCCF53D69189D56BFCAAB96B2AF441B416CD","datapc64_pvp29_privatecasino_mod_bnk_gidata.forge",18251776,18251776,18212154,37
"F53ECCCF53D69189D56BFCAAB96B2AF441B416CD","datapc64_evn06_muteprotocol_events_bnk_gidata.forge",37748736,37748736,37683340,37
"F53ECCCF53D69189D56BFCAAB96B2AF441B416CD","datapc64_evn12_rengoku_events_bnk_gidata.forge",22085632,22085632,22034324,37
"F53ECCCF53D69189D56BFCAAB96B2AF441B416CD","datapc64_onb00_shootingrange.forge",1245184,1245184,1181337,37
"F53ECCCF53D69189D56BFCAAB96B2AF441B416CD","datapc64_onb00_shootingrange_bnk_gidata.forge",34701312,34701312,34679436,37
"F53ECCCF53D69189D56BFCAAB96B2AF441B416CD","datapc64_onb02_tutorial_set01_bnk_gidata.forge",22052864,22052864,22019704,37
"F53ECCCF53D69189D56BFCAAB96B2AF441B416CD","datapc64_tdm01_mtown.forge",2752512,2752512,2489781,37
"F53ECCCF53D69189D56BFCAAB96B2AF441B416CD","datapc64_tdm01_mtown_bnk_gidata.forge",9863168,9863168,9820117,37
"F53ECCCF53D69189D56BFCAAB96B2AF441B416CD","datapc64_lgm01_heroes_bnk_gidata.forge",142508032,142508032,142407713,37
"F53ECCCF53D69189D56BFCAAB96B2AF441B416CD","datapc64_ondemand.forge",621019136,621019136,560973247,37
"F53ECCCF53D69189D56BFCAAB96B2AF441B416CD","datapc64_merged_bnk_000000001_mesh.forge",133464064,133464064,68947069,37
"F53ECCCF53D69189D56BFCAAB96B2AF441B416CD","datapc64_merged_bnk_000000001_meshshape.forge",126844928,126844928,80134107,37
"F53ECCCF53D69189D56BFCAAB96B2AF441B416CD","datapc64_merged_bnk_000000002_mesh.forge",137723904,137723904,106099638,37
"F53ECCCF53D69189D56BFCAAB96B2AF441B416CD","datapc64_merged_bnk_000000002_meshshape.forge",189661184,189661184,132710242,37
"F53ECCCF53D69189D56BFCAAB96B2AF441B416CD","datapc64_merged_bnk_000000003_mesh.forge",121503744,121503744,95562582,37
"F53ECCCF53D69189D56BFCAAB96B2AF441B416CD","datapc64_merged_bnk_000000003_meshshape.forge",376766464,376766464,223218667,37
"F53ECCCF53D69189D56BFCAAB96B2AF441B416CD","datapc64_merged_bnk_000000004_mesh.forge",420151296,420151296,327951190,37
"F53ECCCF53D69189D56BFCAAB96B2AF441B416CD","datapc64_merged_bnk_000000004_meshshape.forge",264863744,264863744,138201944,37
"F53ECCCF53D69189D56BFCAAB96B2AF441B416CD","datapc64_merged_bnk_101101136_mesh.forge",4390912,4390912,1899706,37
"F53ECCCF53D69189D56BFCAAB96B2AF441B416CD","datapc64_merged_bnk_101101136_meshshape.forge",11763712,11763712,6954624,37
"F53ECCCF53D69189D56BFCAAB96B2AF441B416CD","datapc64_merged_bnk_105038660_mesh.forge",1114112,1114112,893089,37
"F53ECCCF53D69189D56BFCAAB96B2AF441B416CD","datapc64_merged_bnk_105038660_meshshape.forge",13107200,13107200,3061006,37
"F53ECCCF53D69189D56BFCAAB96B2AF441B416CD","datapc64_merged_bnk_106167009_mesh.forge",720896,720896,455537,37
"F53ECCCF53D69189D56BFCAAB96B2AF441B416CD","datapc64_merged_bnk_106167009_meshshape.forge",12713984,12713984,2955826,37
"F53ECCCF53D69189D56BFCAAB96B2AF441B416CD","datapc64_merged_bnk_107686263_mesh.forge",294912,294912,250211,37
"F53ECCCF53D69189D56BFCAAB96B2AF441B416CD","datapc64_merged_bnk_107686263_meshshape.forge",30736384,30736384,7179197,37
"F53ECCCF53D69189D56BFCAAB96B2AF441B416CD","datapc64_merged_bnk_109859392_mesh.forge",65536,65536,14912,37
"F53ECCCF53D69189D56BFCAAB96B2AF441B416CD","datapc64_merged_bnk_109859392_meshshape.forge",1998848,1998848,424227,37
"F53ECCCF53D69189D56BFCAAB96B2AF441B416CD","datapc64_merged_bnk_109859392_textures0.forge",6324224,6324224,6280637,37
"F53ECCCF53D69189D56BFCAAB96B2AF441B416CD","datapc64_merged_bnk_109859392_textures1.forge",524288,524288,497076,37
"F53ECCCF53D69189D56BFCAAB96B2AF441B416CD","datapc64_merged_bnk_guitextures0.forge",120029184,120029184,119289886,37
"F53ECCCF53D69189D56BFCAAB96B2AF441B416CD","datapc64_merged_bnk_guitextures1.forge",12517376,12517376,12345099,37
"F53ECCCF53D69189D56BFCAAB96B2AF441B416CD","datapc64_merged_bnk_mesh.forge",1332871168,1332871168,1148947470,37
"F53ECCCF53D69189D56BFCAAB96B2AF441B416CD","datapc64_merged_bnk_meshshape.forge",548896768,548896768,433312571,37
"F53ECCCF53D69189D56BFCAAB96B2AF441B416CD","datapc64_merged_bnk_textures0.forge",3909615616,3909615616,3737764191,37
"F53ECCCF53D69189D56BFCAAB96B2AF441B416CD","datapc64_merged_bnk_textures1.forge",5089394688,794427392,664821377,37
"F53ECCCF53D69189D56BFCAAB96B2AF441B416CD","datapc64_merged_bnk_textures2.forge",4323901440,28934144,4240024821,37
"F53ECCCF53D69189D56BFCAAB96B2AF441B416CD","datapc64_merged_bnk_textures3.forge",12012060672,3422126080,3347884527,37
"F53ECCCF53D69189D56BFCAAB96B2AF441B416CD","datapc64_merged_events_bnk_guitextures0.forge",4390912,4390912,4286952,37
"F53ECCCF53D69189D56BFCAAB96B2AF441B416CD","datapc64_merged_events_bnk_guitextures1.forge",32768,32768,282,37
"F53ECCCF53D69189D56BFCAAB96B2AF441B416CD","datapc64_merged_events_bnk_mesh.forge",38862848,38862848,28354050,37
"F53ECCCF53D69189D56BFCAAB96B2AF441B416CD","datapc64_merged_events_bnk_meshshape.forge",30375936,30375936,17896905,37
"F53ECCCF53D69189D56BFCAAB96B2AF441B416CD","datapc64_merged_events_bnk_textures0.forge",81985536,81985536,81214379,37
"F53ECCCF53D69189D56BFCAAB96B2AF441B416CD","datapc64_merged_events_bnk_textures1.forge",20742144,20742144,20340182,37
"F53ECCCF53D69189D56BFCAAB96B2AF441B416CD","datapc64_merged_events_bnk_textures2.forge",17104896,17104896,16872509,37
"F53ECCCF53D69189D56BFCAAB96B2AF441B416CD","datapc64_merged_events_bnk_textures3.forge",43352064,43352064,42860660,37
"F53ECCCF53D69189D56BFCAAB96B2AF441B416CD","datapc64_mtx_bnk_000000001_mesh.forge",5701632,5701632,5568947,37
"F53ECCCF53D69189D56BFCAAB96B2AF441B416CD","datapc64_mtx_bnk_000000002_mesh.forge",19595264,19595264,19005788,37
"F53ECCCF53D69189D56BFCAAB96B2AF441B416CD","datapc64_mtx_bnk_000000003_mesh.forge",17072128,17072128,16787191,37
"F53ECCCF53D69189D56BFCAAB96B2AF441B416CD","datapc64_mtx_bnk_000000004_mesh.forge",9764864,9764864,9580882,37
"F53ECCCF53D69189D56BFCAAB96B2AF441B416CD","datapc64_mtx_bnk_101101136_mesh.forge",884736,884736,835895,37
"F53ECCCF53D69189D56BFCAAB96B2AF441B416CD","datapc64_mtx_bnk_109859392_mesh.forge",491520,491520,462687,37
"F53ECCCF53D69189D56BFCAAB96B2AF441B416CD","datapc64_mtx_bnk_109859392_textures0.forge",196608,196608,146284,37
"F53ECCCF53D69189D56BFCAAB96B2AF441B416CD","datapc64_mtx_bnk_109859392_textures1.forge",393216,393216,355112,37
"F53ECCCF53D69189D56BFCAAB96B2AF441B416CD","datapc64_mtx_bnk_109859392_textures2.forge",262144,262144,235020,37
"F53ECCCF53D69189D56BFCAAB96B2AF441B416CD","datapc64_mtx_bnk_109859392_textures3.forge",688128,688128,659433,37
"F53ECCCF53D69189D56BFCAAB96B2AF441B416CD","datapc64_mtx_bnk_mesh.forge",17170432,17170432,16753234,37
"F53ECCCF53D69189D56BFCAAB96B2AF441B416CD","datapc64_mtx_bnk_textures0.forge",342654976,342654976,324699372,37
"F53ECCCF53D69189D56BFCAAB96B2AF441B416CD","datapc64_mtx_bnk_textures1.forge",867074048,867074048,854310464,37
"F53ECCCF53D69189D56BFCAAB96B2AF441B416CD","datapc64_mtx_bnk_textures2.forge",535101440,535101440,524089049,37
"F53ECCCF53D69189D56BFCAAB96B2AF441B416CD","datapc64_mtx_bnk_textures3.forge",144146432,144146432,142417291,37
"F53ECCCF53D69189D56BFCAAB96B2AF441B416CD","datapc64_dmtx_bnk_mesh.forge",393216,393216,359959,37
"F53ECCCF53D69189D56BFCAAB96B2AF441B416CD","datapc64_dmtx_bnk_textures0.forge",36143104,36143104,35185965,37
"F53ECCCF53D69189D56BFCAAB96B2AF441B416CD","datapc64_dmtx_bnk_textures1.forge",99450880,99450880,98530716,37
"F53ECCCF53D69189D56BFCAAB96B2AF441B416CD","datapc64_dmtx_bnk_textures2.forge",77856768,77856768,77314109,37
"F53ECCCF53D69189D56BFCAAB96B2AF441B416CD","datapc64_dmtx_bnk_textures3.forge",327680,327680,288291,37
"F53ECCCF53D69189D56BFCAAB96B2AF441B416CD","datapc64_merged_bnk_000000003_soundmedia.forge",17956864,17956864,14300978,37
"F53ECCCF53D69189D56BFCAAB96B2AF441B416CD","datapc64_merged_bnk_000000004_soundmedia.forge",223739904,223739904,218338688,37
"F53ECCCF53D69189D56BFCAAB96B2AF441B416CD","datapc64_merged_bnk_soundmedia.forge",746913792,746913792,705028783,37
"F53ECCCF53D69189D56BFCAAB96B2AF441B416CD","datapc64_merged_events_bnk_soundmedia.forge",50462720,50462720,47273974,37
"F53ECCCF53D69189D56BFCAAB96B2AF441B416CD","datapc64_merged_bnk_000000003_soundbank.forge",12779520,12779520,11290357,37
"F53ECCCF53D69189D56BFCAAB96B2AF441B416CD","datapc64_merged_bnk_000000004_soundbank.forge",15204352,15204352,12805384,37
"F53ECCCF53D69189D56BFCAAB96B2AF441B416CD","datapc64_merged_bnk_106167009_soundbank.forge",98304,98304,67189,37
"F53ECCCF53D69189D56BFCAAB96B2AF441B416CD","datapc64_merged_bnk_107686263_soundbank.forge",1376256,1376256,1359543,37
"F53ECCCF53D69189D56BFCAAB96B2AF441B416CD","datapc64_merged_bnk_soundbank.forge",489357312,489357312,423809314,37
"F53ECCCF53D69189D56BFCAAB96B2AF441B416CD","datapc64_merged_events_bnk_soundbank.forge",4751360,4751360,4198615,37
"F53ECCCF53D69189D56BFCAAB96B2AF441B416CD","datapc64_mtx_bnk_000000003_soundmedia.forge",4587520,4587520,3477745,37
"F53ECCCF53D69189D56BFCAAB96B2AF441B416CD","datapc64_mtx_bnk_000000004_soundmedia.forge",9011200,9011200,7278915,37
"F53ECCCF53D69189D56BFCAAB96B2AF441B416CD","datapc64_mtx_bnk_107686263_soundmedia.forge",2326528,2326528,1874983,37
"F53ECCCF53D69189D56BFCAAB96B2AF441B416CD","datapc64_mtx_bnk_soundmedia.forge",15269888,15269888,11899917,37
"F53ECCCF53D69189D56BFCAAB96B2AF441B416CD","datapc64_mtx_bnk_000000003_soundbank.forge",2686976,2686976,2617547,37
"F53ECCCF53D69189D56BFCAAB96B2AF441B416CD","datapc64_mtx_bnk_000000004_soundbank.forge",5505024,5505024,5413193,37
"F53ECCCF53D69189D56BFCAAB96B2AF441B416CD","datapc64_mtx_bnk_107686263_soundbank.forge",917504,917504,880673,37
"F53ECCCF53D69189D56BFCAAB96B2AF441B416CD","datapc64_mtx_bnk_soundbank.forge",9732096,9732096,9586307,37
"F53ECCCF53D69189D56BFCAAB96B2AF441B416CD","datapc64_merged_bnk_000000003_soundbank_en-us.forge",14581760,14581760,10298035,38
"F53ECCCF53D69189D56BFCAAB96B2AF441B416CD","datapc64_merged_bnk_000000003_soundmedia_en-us.forge",43057152,43057152,36538097,38
"F53ECCCF53D69189D56BFCAAB96B2AF441B416CD","datapc64_merged_bnk_000000004_soundbank_en-us.forge",15040512,15040512,10619417,38
"F53ECCCF53D69189D56BFCAAB96B2AF441B416CD","datapc64_merged_bnk_000000004_soundmedia_en-us.forge",25559040,25559040,21291694,38
"F53ECCCF53D69189D56BFCAAB96B2AF441B416CD","datapc64_merged_bnk_105038660_soundbank_en-us.forge",524288,524288,366899,38
"F53ECCCF53D69189D56BFCAAB96B2AF441B416CD","datapc64_merged_bnk_105038660_soundmedia_en-us.forge",4947968,4947968,4179835,38
"F53ECCCF53D69189D56BFCAAB96B2AF441B416CD","datapc64_merged_bnk_106167009_soundbank_en-us.forge",458752,458752,323093,38
"F53ECCCF53D69189D56BFCAAB96B2AF441B416CD","datapc64_merged_bnk_109859392_soundbank_en-us.forge",262144,262144,194460,38
"F53ECCCF53D69189D56BFCAAB96B2AF441B416CD","datapc64_merged_bnk_soundbank_en-us.forge",96174080,96174080,69991093,38
"F53ECCCF53D69189D56BFCAAB96B2AF441B416CD","datapc64_merged_bnk_soundmedia_en-us.forge",528154624,528154624,434343762,38
"F53ECCCF53D69189D56BFCAAB96B2AF441B416CD","datapc64_merged_events_bnk_soundbank_en-us.forge",393216,393216,318944,38
"F53ECCCF53D69189D56BFCAAB96B2AF441B416CD","datapc64_merged_events_bnk_soundmedia_en-us.forge",32768,32768,282,38
"F53ECCCF53D69189D56BFCAAB96B2AF441B416CD","datapc64_merged_bnk_000000003_soundbank_fr-fr.forge",15990784,15990784,11459895,39
"F53ECCCF53D69189D56BFCAAB96B2AF441B416CD","datapc64_merged_bnk_000000003_soundmedia_fr-fr.forge",42729472,42729472,36335931,39
"F53ECCCF53D69189D56BFCAAB96B2AF441B416CD","datapc64_merged_bnk_000000004_soundbank_fr-fr.forge",16285696,16285696,11682136,39
"F53ECCCF53D69189D56BFCAAB96B2AF441B416CD","datapc64_merged_bnk_000000004_soundmedia_fr-fr.forge",24576000,24576000,20555021,39
"F53ECCCF53D69189D56BFCAAB96B2AF441B416CD","datapc64_merged_bnk_105038660_soundbank_fr-fr.forge",622592,622592,432642,39
"F53ECCCF53D69189D56BFCAAB96B2AF441B416CD","datapc64_merged_bnk_105038660_soundmedia_fr-fr.forge",4620288,4620288,3806436,39
"F53ECCCF53D69189D56BFCAAB96B2AF441B416CD","datapc64_merged_bnk_106167009_soundbank_fr-fr.forge",557056,557056,388768,39
"F53ECCCF53D69189D56BFCAAB96B2AF441B416CD","datapc64_merged_bnk_106167009_soundmedia_fr-fr.forge",65536,65536,20967,39
"F53ECCCF53D69189D56BFCAAB96B2AF441B416CD","datapc64_merged_bnk_107686263_soundmedia_fr-fr.forge",65536,65536,21295,39
"F53ECCCF53D69189D56BFCAAB96B2AF441B416CD","datapc64_merged_bnk_109859392_soundbank_fr-fr.forge",196608,196608,135134,39
"F53ECCCF53D69189D56BFCAAB96B2AF441B416CD","datapc64_merged_bnk_soundbank_fr-fr.forge",105447424,105447424,77902924,39
"F53ECCCF53D69189D56BFCAAB96B2AF441B416CD","datapc64_merged_bnk_soundmedia_fr-fr.forge",527204352,527204352,434942758,39
"F53ECCCF53D69189D56BFCAAB96B2AF441B416CD","datapc64_merged_events_bnk_soundbank_fr-fr.forge",32768,32768,1967,39
"F53ECCCF53D69189D56BFCAAB96B2AF441B416CD","datapc64_merged_events_bnk_soundmedia_fr-fr.forge",32768,32768,282,39
"F53ECCCF53D69189D56BFCAAB96B2AF441B416CD","datapc64_merged_bnk_000000003_soundbank_it-it.forge",17760256,17760256,13093395,40
"F53ECCCF53D69189D56BFCAAB96B2AF441B416CD","datapc64_merged_bnk_000000003_soundmedia_it-it.forge",46465024,46465024,39989567,40
"F53ECCCF53D69189D56BFCAAB96B2AF441B416CD","datapc64_merged_bnk_000000004_soundbank_it-it.forge",18055168,18055168,13294605,40
"F53ECCCF53D69189D56BFCAAB96B2AF441B416CD","datapc64_merged_bnk_000000004_soundmedia_it-it.forge",27459584,27459584,23452845,40
"F53ECCCF53D69189D56BFCAAB96B2AF441B416CD","datapc64_merged_bnk_104622021_soundmedia_it-it.forge",65536,65536,34278,40
"F53ECCCF53D69189D56BFCAAB96B2AF441B416CD","datapc64_merged_bnk_105038660_soundbank_it-it.forge",622592,622592,443428,40
"F53ECCCF53D69189D56BFCAAB96B2AF441B416CD","datapc64_merged_bnk_105038660_soundmedia_it-it.forge",4882432,4882432,4116830,40
"F53ECCCF53D69189D56BFCAAB96B2AF441B416CD","datapc64_merged_bnk_106167009_soundbank_it-it.forge",557056,557056,399497,40
"F53ECCCF53D69189D56BFCAAB96B2AF441B416CD","datapc64_merged_bnk_106167009_soundmedia_it-it.forge",65536,65536,49357,40
"F53ECCCF53D69189D56BFCAAB96B2AF441B416CD","datapc64_merged_bnk_107686263_soundmedia_it-it.forge",65536,65536,36307,40
"F53ECCCF53D69189D56BFCAAB96B2AF441B416CD","datapc64_merged_bnk_109859392_soundbank_it-it.forge",196608,196608,139867,40
"F53ECCCF53D69189D56BFCAAB96B2AF441B416CD","datapc64_merged_bnk_soundbank_it-it.forge",116948992,116948992,89358370,40
"F53ECCCF53D69189D56BFCAAB96B2AF441B416CD","datapc64_merged_bnk_soundmedia_it-it.forge",585465856,585465856,493653912,40
"F53ECCCF53D69189D56BFCAAB96B2AF441B416CD","datapc64_merged_events_bnk_soundbank_it-it.forge",32768,32768,1972,40
"F53ECCCF53D69189D56BFCAAB96B2AF441B416CD","datapc64_merged_events_bnk_soundmedia_it-it.forge",32768,32768,282,40
"F53ECCCF53D69189D56BFCAAB96B2AF441B416CD","datapc64_merged_bnk_000000003_soundbank_de-de.forge",18022400,18022400,13390640,41
"F53ECCCF53D69189D56BFCAAB96B2AF441B416CD","datapc64_merged_bnk_000000003_soundmedia_de-de.forge",44204032,44204032,37948409,41
"F53ECCCF53D69189D56BFCAAB96B2AF441B416CD","datapc64_merged_bnk_000000004_soundbank_de-de.forge",20381696,20381696,15160966,41
"F53ECCCF53D69189D56BFCAAB96B2AF441B416CD","datapc64_merged_bnk_000000004_soundmedia_de-de.forge",29786112,29786112,25137444,41
"F53ECCCF53D69189D56BFCAAB96B2AF441B416CD","datapc64_merged_bnk_104622021_soundbank_de-de.forge",32768,32768,17548,41
"F53ECCCF53D69189D56BFCAAB96B2AF441B416CD","datapc64_merged_bnk_104622021_soundmedia_de-de.forge",65536,65536,38662,41
"F53ECCCF53D69189D56BFCAAB96B2AF441B416CD","datapc64_merged_bnk_105038660_soundbank_de-de.forge",589824,589824,424617,41
"F53ECCCF53D69189D56BFCAAB96B2AF441B416CD","datapc64_merged_bnk_105038660_soundmedia_de-de.forge",4849664,4849664,4110001,41
"F53ECCCF53D69189D56BFCAAB96B2AF441B416CD","datapc64_merged_bnk_106167009_soundbank_de-de.forge",524288,524288,380589,41
"F53ECCCF53D69189D56BFCAAB96B2AF441B416CD","datapc64_merged_bnk_106167009_soundmedia_de-de.forge",65536,65536,38014,41
"F53ECCCF53D69189D56BFCAAB96B2AF441B416CD","datapc64_merged_bnk_107686263_soundmedia_de-de.forge",65536,65536,38683,41
"F53ECCCF53D69189D56BFCAAB96B2AF441B416CD","datapc64_merged_bnk_109859392_soundbank_de-de.forge",229376,229376,147591,41
"F53ECCCF53D69189D56BFCAAB96B2AF441B416CD","datapc64_merged_bnk_109859392_soundmedia_de-de.forge",32768,32768,10943,41
"F53ECCCF53D69189D56BFCAAB96B2AF441B416CD","datapc64_merged_bnk_soundbank_de-de.forge",116260864,116260864,88431950,41
"F53ECCCF53D69189D56BFCAAB96B2AF441B416CD","datapc64_merged_bnk_soundmedia_de-de.forge",575111168,575111168,482998887,41
"F53ECCCF53D69189D56BFCAAB96B2AF441B416CD","datapc64_merged_events_bnk_soundbank_de-de.forge",32768,32768,1977,41
"F53ECCCF53D69189D56BFCAAB96B2AF441B416CD","datapc64_merged_events_bnk_soundmedia_de-de.forge",32768,32768,282,41
"F53ECCCF53D69189D56BFCAAB96B2AF441B416CD","datapc64_merged_bnk_000000003_soundbank_es-es.forge",18317312,18317312,13703834,42
"F53ECCCF53D69189D56BFCAAB96B2AF441B416CD","datapc64_merged_bnk_000000003_soundmedia_es-es.forge",47218688,47218688,40894911,42
"F53ECCCF53D69189D56BFCAAB96B2AF441B416CD","datapc64_merged_bnk_000000004_soundbank_es-es.forge",18612224,18612224,13905563,42
"F53ECCCF53D69189D56BFCAAB96B2AF441B416CD","datapc64_merged_bnk_000000004_soundmedia_es-es.forge",27459584,27459584,23348657,42
"F53ECCCF53D69189D56BFCAAB96B2AF441B416CD","datapc64_merged_bnk_105038660_soundbank_es-es.forge",622592,622592,445054,42
"F53ECCCF53D69189D56BFCAAB96B2AF441B416CD","datapc64_merged_bnk_105038660_soundmedia_es-es.forge",4849664,4849664,4063370,42
"F53ECCCF53D69189D56BFCAAB96B2AF441B416CD","datapc64_merged_bnk_106167009_soundbank_es-es.forge",557056,557056,401227,42
"F53ECCCF53D69189D56BFCAAB96B2AF441B416CD","datapc64_merged_bnk_109859392_soundbank_es-es.forge",229376,229376,164506,42
"F53ECCCF53D69189D56BFCAAB96B2AF441B416CD","datapc64_merged_bnk_soundbank_es-es.forge",119865344,119865344,92320041,42
"F53ECCCF53D69189D56BFCAAB96B2AF441B416CD","datapc64_merged_bnk_soundmedia_es-es.forge",593985536,593985536,501587434,42
"F53ECCCF53D69189D56BFCAAB96B2AF441B416CD","datapc64_merged_events_bnk_soundbank_es-es.forge",32768,32768,1972,42
"F53ECCCF53D69189D56BFCAAB96B2AF441B416CD","datapc64_merged_events_bnk_soundmedia_es-es.forge",32768,32768,282,42
"F53ECCCF53D69189D56BFCAAB96B2AF441B416CD","datapc64_merged_bnk_000000003_soundbank_es-mx.forge",18317312,18317312,13651354,43
"F53ECCCF53D69189D56BFCAAB96B2AF441B416CD","datapc64_merged_bnk_000000003_soundmedia_es-mx.forge",45285376,45285376,38434835,43
"F53ECCCF53D69189D56BFCAAB96B2AF441B416CD","datapc64_merged_bnk_000000004_soundbank_es-mx.forge",18055168,18055168,13375159,43
"F53ECCCF53D69189D56BFCAAB96B2AF441B416CD","datapc64_merged_bnk_000000004_soundmedia_es-mx.forge",25952256,25952256,21824088,43
"F53ECCCF53D69189D56BFCAAB96B2AF441B416CD","datapc64_merged_bnk_105038660_soundbank_es-mx.forge",557056,557056,384341,43
"F53ECCCF53D69189D56BFCAAB96B2AF441B416CD","datapc64_merged_bnk_105038660_soundmedia_es-mx.forge",4849664,4849664,4056162,43
"F53ECCCF53D69189D56BFCAAB96B2AF441B416CD","datapc64_merged_bnk_106167009_soundbank_es-mx.forge",491520,491520,340671,43
"F53ECCCF53D69189D56BFCAAB96B2AF441B416CD","datapc64_merged_bnk_109859392_soundbank_es-mx.forge",229376,229376,151052,43
"F53ECCCF53D69189D56BFCAAB96B2AF441B416CD","datapc64_merged_bnk_soundbank_es-mx.forge",116948992,116948992,89412985,43
"F53ECCCF53D69189D56BFCAAB96B2AF441B416CD","datapc64_merged_bnk_soundmedia_es-mx.forge",575078400,575078400,482425416,43
"F53ECCCF53D69189D56BFCAAB96B2AF441B416CD","datapc64_merged_events_bnk_soundbank_es-mx.forge",32768,32768,1974,43
"F53ECCCF53D69189D56BFCAAB96B2AF441B416CD","datapc64_merged_events_bnk_soundmedia_es-mx.forge",32768,32768,282,43
"F53ECCCF53D69189D56BFCAAB96B2AF441B416CD","datapc64_merged_bnk_000000003_soundbank_pt-br.forge",17956864,17956864,13444090,44
"F53ECCCF53D69189D56BFCAAB96B2AF441B416CD","datapc64_merged_bnk_000000003_soundmedia_pt-br.forge",46235648,46235648,39779579,44
"F53ECCCF53D69189D56BFCAAB96B2AF441B416CD","datapc64_merged_bnk_000000004_soundbank_pt-br.forge",18317312,18317312,13672167,44
"F53ECCCF53D69189D56BFCAAB96B2AF441B416CD","datapc64_merged_bnk_000000004_soundmedia_pt-br.forge",27295744,27295744,23308788,44
"F53ECCCF53D69189D56BFCAAB96B2AF441B416CD","datapc64_merged_bnk_104622021_soundbank_pt-br.forge",32768,32768,7228,44
"F53ECCCF53D69189D56BFCAAB96B2AF441B416CD","datapc64_merged_bnk_104622021_soundmedia_pt-br.forge",65536,65536,41291,44
"F53ECCCF53D69189D56BFCAAB96B2AF441B416CD","datapc64_merged_bnk_105038660_soundbank_pt-br.forge",622592,622592,439189,44
"F53ECCCF53D69189D56BFCAAB96B2AF441B416CD","datapc64_merged_bnk_105038660_soundmedia_pt-br.forge",4980736,4980736,4215797,44
"F53ECCCF53D69189D56BFCAAB96B2AF441B416CD","datapc64_merged_bnk_106167009_soundbank_pt-br.forge",557056,557056,388338,44
"F53ECCCF53D69189D56BFCAAB96B2AF441B416CD","datapc64_merged_bnk_106167009_soundmedia_pt-br.forge",65536,65536,25274,44
"F53ECCCF53D69189D56BFCAAB96B2AF441B416CD","datapc64_merged_bnk_109859392_soundbank_pt-br.forge",229376,229376,150402,44
"F53ECCCF53D69189D56BFCAAB96B2AF441B416CD","datapc64_merged_bnk_soundbank_pt-br.forge",117309440,117309440,89824666,44
"F53ECCCF53D69189D56BFCAAB96B2AF441B416CD","datapc64_merged_bnk_soundmedia_pt-br.forge",585433088,585433088,493081604,44
"F53ECCCF53D69189D56BFCAAB96B2AF441B416CD","datapc64_merged_events_bnk_soundbank_pt-br.forge",32768,32768,1967,44
"F53ECCCF53D69189D56BFCAAB96B2AF441B416CD","datapc64_merged_events_bnk_soundmedia_pt-br.forge",32768,32768,282,44
"F53ECCCF53D69189D56BFCAAB96B2AF441B416CD","datapc64_merged_bnk_000000003_soundbank_ja-jp.forge",16646144,16646144,12209663,45
"F53ECCCF53D69189D56BFCAAB96B2AF441B416CD","datapc64_merged_bnk_000000003_soundmedia_ja-jp.forge",42401792,42401792,36099351,45
"F53ECCCF53D69189D56BFCAAB96B2AF441B416CD","datapc64_merged_bnk_000000004_soundbank_ja-jp.forge",16908288,16908288,12260997,45
"F53ECCCF53D69189D56BFCAAB96B2AF441B416CD","datapc64_merged_bnk_000000004_soundmedia_ja-jp.forge",25231360,25231360,21110278,45
"F53ECCCF53D69189D56BFCAAB96B2AF441B416CD","datapc64_merged_bnk_105038660_soundbank_ja-jp.forge",524288,524288,366868,45
"F53ECCCF53D69189D56BFCAAB96B2AF441B416CD","datapc64_merged_bnk_105038660_soundmedia_ja-jp.forge",4653056,4653056,3821353,45
"F53ECCCF53D69189D56BFCAAB96B2AF441B416CD","datapc64_merged_bnk_106167009_soundbank_ja-jp.forge",458752,458752,323057,45
"F53ECCCF53D69189D56BFCAAB96B2AF441B416CD","datapc64_merged_bnk_109859392_soundbank_ja-jp.forge",229376,229376,149643,45
"F53ECCCF53D69189D56BFCAAB96B2AF441B416CD","datapc64_merged_bnk_soundbank_ja-jp.forge",106627072,106627072,79267248,45
"F53ECCCF53D69189D56BFCAAB96B2AF441B416CD","datapc64_merged_bnk_soundmedia_ja-jp.forge",528416768,528416768,436008442,45
"F53ECCCF53D69189D56BFCAAB96B2AF441B416CD","datapc64_merged_events_bnk_soundbank_ja-jp.forge",32768,32768,1975,45
"F53ECCCF53D69189D56BFCAAB96B2AF441B416CD","datapc64_merged_events_bnk_soundmedia_ja-jp.forge",32768,32768,282,45
"F53ECCCF53D69189D56BFCAAB96B2AF441B416CD","datapc64_merged_bnk_000000003_soundbank_ru-ru.forge",17039360,17039360,12462900,46
"F53ECCCF53D69189D56BFCAAB96B2AF441B416CD","datapc64_merged_bnk_000000003_soundmedia_ru-ru.forge",42434560,42434560,36216410,46
"F53ECCCF53D69189D56BFCAAB96B2AF441B416CD","datapc64_merged_bnk_000000004_soundbank_ru-ru.forge",17399808,17399808,12663172,46
"F53ECCCF53D69189D56BFCAAB96B2AF441B416CD","datapc64_merged_bnk_000000004_soundmedia_ru-ru.forge",25362432,25362432,21403889,46
"F53ECCCF53D69189D56BFCAAB96B2AF441B416CD","datapc64_merged_bnk_105038660_soundbank_ru-ru.forge",589824,589824,425561,46
"F53ECCCF53D69189D56BFCAAB96B2AF441B416CD","datapc64_merged_bnk_105038660_soundmedia_ru-ru.forge",4096000,4096000,3351503,46
"F53ECCCF53D69189D56BFCAAB96B2AF441B416CD","datapc64_merged_bnk_106167009_soundbank_ru-ru.forge",557056,557056,381757,46
"F53ECCCF53D69189D56BFCAAB96B2AF441B416CD","datapc64_merged_bnk_106167009_soundmedia_ru-ru.forge",65536,65536,21393,46
"F53ECCCF53D69189D56BFCAAB96B2AF441B416CD","datapc64_merged_bnk_107686263_soundmedia_ru-ru.forge",65536,65536,21380,46
"F53ECCCF53D69189D56BFCAAB96B2AF441B416CD","datapc64_merged_bnk_109859392_soundbank_ru-ru.forge",229376,229376,146185,46
"F53ECCCF53D69189D56BFCAAB96B2AF441B416CD","datapc64_merged_bnk_soundbank_ru-ru.forge",107118592,107118592,79767729,46
"F53ECCCF53D69189D56BFCAAB96B2AF441B416CD","datapc64_merged_bnk_soundmedia_ru-ru.forge",528842752,528842752,436948386,46
"F53ECCCF53D69189D56BFCAAB96B2AF441B416CD","datapc64_merged_events_bnk_soundbank_ru-ru.forge",32768,32768,1982,46
"F53ECCCF53D69189D56BFCAAB96B2AF441B416CD","datapc64_merged_events_bnk_soundmedia_ru-ru.forge",32768,32768,282,46
"F53ECCCF53D69189D56BFCAAB96B2AF441B416CD","datapc64_merged_playgo_bnk_textures4.forge",924811264,924811264,921621515,47
"F53ECCCF53D69189D56BFCAAB96B2AF441B416CD","datapc64_mtx_playgo_bnk_textures4.forge",851968,851968,816661,47
"F53ECCCF53D69189D56BFCAAB96B2AF441B416CD","datapc64_merged_set01_bnk_textures4.forge",1193345024,1193345024,1190492834,48
"F53ECCCF53D69189D56BFCAAB96B2AF441B416CD","datapc64_merged_set02_bnk_textures4.forge",35454976,35454976,35191662,49
"F53ECCCF53D69189D56BFCAAB96B2AF441B416CD","datapc64_merged_bnk_textures4.forge",16463986688,3579084800,3495206292,50
"F53ECCCF53D69189D56BFCAAB96B2AF441B416CD","datapc64_merged_events_bnk_textures4.forge",64716800,64716800,64459124,50
"F53ECCCF53D69189D56BFCAAB96B2AF441B416CD","datapc64_mtx_bnk_109859392_textures4.forge",983040,983040,941103,50
"F53ECCCF53D69189D56BFCAAB96B2AF441B416CD","datapc64_mtx_bnk_textures4.forge",1856012288,1856012288,1844984668,50
"F53ECCCF53D69189D56BFCAAB96B2AF441B416CD","datapc64_dmtx_bnk_textures4.forge",270237696,270237696,269736706,50
