"8000","3094B3F3B62FA4801DB7B568743F11E31F491E5F","0000-00-00",1458,20866277220,3686408036,2474460195,3
"3094B3F3B62FA4801DB7B568743F11E31F491E5F","TheDivision.exe",1252856,1252856,515925,0
"3094B3F3B62FA4801DB7B568743F11E31F491E5F","Engine\Binaries\ThirdParty\DbgHelp\dbghelp.dll",1868736,1868736,706625,1
"3094B3F3B62FA4801DB7B568743F11E31F491E5F","Engine\Binaries\ThirdParty\PhysX3\Win64\VS2015\PxFoundation_x64.dll",69624,69624,31382,1
"3094B3F3B62FA4801DB7B568743F11E31F491E5F","Engine\Binaries\ThirdParty\PhysX3\Win64\VS2015\PxPvdSDK_x64.dll",203256,203256,72924,1
"3094B3F3B62FA4801DB7B568743F11E31F491E5F","Engine\Binaries\ThirdParty\PhysX3\Win64\VS2015\PhysX3_x64.dll",2124792,2124792,727435,1
"3094B3F3B62FA4801DB7B568743F11E31F491E5F","Engine\Binaries\ThirdParty\PhysX3\Win64\VS2015\PhysX3Cooking_x64.dll",259064,259064,117347,1
"3094B3F3B62FA4801DB7B568743F11E31F491E5F","Engine\Binaries\ThirdParty\PhysX3\Win64\VS2015\PhysX3Common_x64.dll",1613304,1613304,549553,1
"3094B3F3B62FA4801DB7B568743F11E31F491E5F","Engine\Binaries\ThirdParty\PhysX3\Win64\VS2015\APEX_Clothing_x64.dll",1227768,1227768,440667,1
"3094B3F3B62FA4801DB7B568743F11E31F491E5F","Engine\Binaries\ThirdParty\PhysX3\Win64\VS2015\APEX_Legacy_x64.dll",3323384,3323384,555802,1
"3094B3F3B62FA4801DB7B568743F11E31F491E5F","Engine\Binaries\ThirdParty\PhysX3\Win64\VS2015\ApexFramework_x64.dll",1052664,1052664,338708,1
"3094B3F3B62FA4801DB7B568743F11E31F491E5F","Engine\Binaries\ThirdParty\PhysX3\Win64\VS2015\NvCloth_x64.dll",280568,280568,118472,1
"3094B3F3B62FA4801DB7B568743F11E31F491E5F","Engine\Binaries\ThirdParty\NVIDIA\NVaftermath\Win64\GFSDK_Aftermath_Lib.x64.dll",132600,132600,63054,1
"3094B3F3B62FA4801DB7B568743F11E31F491E5F","Engine\Binaries\ThirdParty\Ogg\Win64\VS2015\libogg_64.dll",63992,63992,21766,1
"3094B3F3B62FA4801DB7B568743F11E31F491E5F","Engine\Binaries\ThirdParty\Vorbis\Win64\VS2015\libvorbis_64.dll",1729016,1729016,199300,1
"3094B3F3B62FA4801DB7B568743F11E31F491E5F","Engine\Binaries\ThirdParty\Vorbis\Win64\VS2015\libvorbisfile_64.dll",52728,52728,27182,1
"3094B3F3B62FA4801DB7B568743F11E31F491E5F","Engine\Binaries\ThirdParty\Windows\XAudio2_9\x64\xaudio2_9redist.dll",847440,847440,387895,1
"3094B3F3B62FA4801DB7B568743F11E31F491E5F","Engine\Extras\Redist\en-us\UE4PrereqSetup_x64.exe",41033784,41033784,38971096,2
"3094B3F3B62FA4801DB7B568743F11E31F491E5F","TheDivision\Binaries\Win64\locales\am.pak",334344,334344,78882,3
"3094B3F3B62FA4801DB7B568743F11E31F491E5F","TheDivision\Binaries\Win64\locales\am.pak.info",463171,463171,47705,3
"3094B3F3B62FA4801DB7B568743F11E31F491E5F","TheDivision\Binaries\Win64\locales\ar.pak",335514,335514,77565,3
"3094B3F3B62FA4801DB7B568743F11E31F491E5F","TheDivision\Binaries\Win64\locales\ar.pak.info",463171,463171,47705,3
"3094B3F3B62FA4801DB7B568743F11E31F491E5F","TheDivision\Binaries\Win64\locales\bg.pak",382400,382400,78455,3
"3094B3F3B62FA4801DB7B568743F11E31F491E5F","TheDivision\Binaries\Win64\locales\bg.pak.info",463171,463171,47705,3
"3094B3F3B62FA4801DB7B568743F11E31F491E5F","TheDivision\Binaries\Win64\locales\bn.pak",491323,491323,80454,3
"3094B3F3B62FA4801DB7B568743F11E31F491E5F","TheDivision\Binaries\Win64\locales\bn.pak.info",463171,463171,47705,3
"3094B3F3B62FA4801DB7B568743F11E31F491E5F","TheDivision\Binaries\Win64\locales\ca.pak",238400,238400,73369,3
"3094B3F3B62FA4801DB7B568743F11E31F491E5F","TheDivision\Binaries\Win64\locales\ca.pak.info",463171,463171,47705,3
"3094B3F3B62FA4801DB7B568743F11E31F491E5F","TheDivision\Binaries\Win64\locales\cs.pak",241893,241893,78042,3
"3094B3F3B62FA4801DB7B568743F11E31F491E5F","TheDivision\Binaries\Win64\locales\cs.pak.info",463171,463171,47705,3
"3094B3F3B62FA4801DB7B568743F11E31F491E5F","TheDivision\Binaries\Win64\locales\da.pak",217448,217448,71561,3
"3094B3F3B62FA4801DB7B568743F11E31F491E5F","TheDivision\Binaries\Win64\locales\da.pak.info",463171,463171,47705,3
"3094B3F3B62FA4801DB7B568743F11E31F491E5F","TheDivision\Binaries\Win64\locales\de.pak",237453,237453,74661,3
"3094B3F3B62FA4801DB7B568743F11E31F491E5F","TheDivision\Binaries\Win64\locales\de.pak.info",463171,463171,47705,3
"3094B3F3B62FA4801DB7B568743F11E31F491E5F","TheDivision\Binaries\Win64\locales\el.pak",420291,420291,82201,3
"3094B3F3B62FA4801DB7B568743F11E31F491E5F","TheDivision\Binaries\Win64\locales\el.pak.info",463171,463171,47705,3
"3094B3F3B62FA4801DB7B568743F11E31F491E5F","TheDivision\Binaries\Win64\locales\en-GB.pak",195553,195553,67949,3
"3094B3F3B62FA4801DB7B568743F11E31F491E5F","TheDivision\Binaries\Win64\locales\en-GB.pak.info",463171,463171,47705,3
"3094B3F3B62FA4801DB7B568743F11E31F491E5F","TheDivision\Binaries\Win64\locales\en-US.pak",289918,289918,95419,3
"3094B3F3B62FA4801DB7B568743F11E31F491E5F","TheDivision\Binaries\Win64\locales\en-US.pak.info",463171,463171,47705,3
"3094B3F3B62FA4801DB7B568743F11E31F491E5F","TheDivision\Binaries\Win64\locales\es-419.pak",234675,234675,73392,3
"3094B3F3B62FA4801DB7B568743F11E31F491E5F","TheDivision\Binaries\Win64\locales\es-419.pak.info",463171,463171,47705,3
"3094B3F3B62FA4801DB7B568743F11E31F491E5F","TheDivision\Binaries\Win64\locales\es.pak",238029,238029,72596,3
"3094B3F3B62FA4801DB7B568743F11E31F491E5F","TheDivision\Binaries\Win64\locales\es.pak.info",463171,463171,47705,3
"3094B3F3B62FA4801DB7B568743F11E31F491E5F","TheDivision\Binaries\Win64\locales\et.pak",212465,212465,73079,3
"3094B3F3B62FA4801DB7B568743F11E31F491E5F","TheDivision\Binaries\Win64\locales\et.pak.info",463171,463171,47705,3
"3094B3F3B62FA4801DB7B568743F11E31F491E5F","TheDivision\Binaries\Win64\locales\fa.pak",336963,336963,75975,3
"3094B3F3B62FA4801DB7B568743F11E31F491E5F","TheDivision\Binaries\Win64\locales\fa.pak.info",463171,463171,47705,3
"3094B3F3B62FA4801DB7B568743F11E31F491E5F","TheDivision\Binaries\Win64\locales\fi.pak",218888,218888,73063,3
"3094B3F3B62FA4801DB7B568743F11E31F491E5F","TheDivision\Binaries\Win64\locales\fi.pak.info",463171,463171,47705,3
"3094B3F3B62FA4801DB7B568743F11E31F491E5F","TheDivision\Binaries\Win64\locales\fil.pak",241314,241314,73202,3
"3094B3F3B62FA4801DB7B568743F11E31F491E5F","TheDivision\Binaries\Win64\locales\fil.pak.info",463171,463171,47705,3
"3094B3F3B62FA4801DB7B568743F11E31F491E5F","TheDivision\Binaries\Win64\locales\fr.pak",254636,254636,75075,3
"3094B3F3B62FA4801DB7B568743F11E31F491E5F","TheDivision\Binaries\Win64\locales\fr.pak.info",463171,463171,47705,3
"3094B3F3B62FA4801DB7B568743F11E31F491E5F","TheDivision\Binaries\Win64\locales\gu.pak",471623,471623,79999,3
"3094B3F3B62FA4801DB7B568743F11E31F491E5F","TheDivision\Binaries\Win64\locales\gu.pak.info",463171,463171,47705,3
"3094B3F3B62FA4801DB7B568743F11E31F491E5F","TheDivision\Binaries\Win64\locales\he.pak",286163,286163,74818,3
"3094B3F3B62FA4801DB7B568743F11E31F491E5F","TheDivision\Binaries\Win64\locales\he.pak.info",463171,463171,47705,3
"3094B3F3B62FA4801DB7B568743F11E31F491E5F","TheDivision\Binaries\Win64\locales\hi.pak",484982,484982,80524,3
"3094B3F3B62FA4801DB7B568743F11E31F491E5F","TheDivision\Binaries\Win64\locales\hi.pak.info",463171,463171,47705,3
"3094B3F3B62FA4801DB7B568743F11E31F491E5F","TheDivision\Binaries\Win64\locales\hr.pak",229781,229781,75418,3
"3094B3F3B62FA4801DB7B568743F11E31F491E5F","TheDivision\Binaries\Win64\locales\hr.pak.info",463171,463171,47705,3
"3094B3F3B62FA4801DB7B568743F11E31F491E5F","TheDivision\Binaries\Win64\locales\hu.pak",251095,251095,77888,3
"3094B3F3B62FA4801DB7B568743F11E31F491E5F","TheDivision\Binaries\Win64\locales\hu.pak.info",463171,463171,47705,3
"3094B3F3B62FA4801DB7B568743F11E31F491E5F","TheDivision\Binaries\Win64\locales\id.pak",210886,210886,68387,3
"3094B3F3B62FA4801DB7B568743F11E31F491E5F","TheDivision\Binaries\Win64\locales\id.pak.info",463171,463171,47705,3
"3094B3F3B62FA4801DB7B568743F11E31F491E5F","TheDivision\Binaries\Win64\locales\it.pak",230092,230092,72074,3
"3094B3F3B62FA4801DB7B568743F11E31F491E5F","TheDivision\Binaries\Win64\locales\it.pak.info",463171,463171,47705,3
"3094B3F3B62FA4801DB7B568743F11E31F491E5F","TheDivision\Binaries\Win64\locales\ja.pak",285120,285120,70726,3
"3094B3F3B62FA4801DB7B568743F11E31F491E5F","TheDivision\Binaries\Win64\locales\ja.pak.info",463171,463171,47705,3
"3094B3F3B62FA4801DB7B568743F11E31F491E5F","TheDivision\Binaries\Win64\locales\kn.pak",549654,549654,80792,3
"3094B3F3B62FA4801DB7B568743F11E31F491E5F","TheDivision\Binaries\Win64\locales\kn.pak.info",463171,463171,47705,3
"3094B3F3B62FA4801DB7B568743F11E31F491E5F","TheDivision\Binaries\Win64\locales\ko.pak",240318,240318,68504,3
"3094B3F3B62FA4801DB7B568743F11E31F491E5F","TheDivision\Binaries\Win64\locales\ko.pak.info",463171,463171,47705,3
"3094B3F3B62FA4801DB7B568743F11E31F491E5F","TheDivision\Binaries\Win64\locales\lt.pak",245872,245872,76246,3
"3094B3F3B62FA4801DB7B568743F11E31F491E5F","TheDivision\Binaries\Win64\locales\lt.pak.info",463171,463171,47705,3
"3094B3F3B62FA4801DB7B568743F11E31F491E5F","TheDivision\Binaries\Win64\locales\lv.pak",244911,244911,76259,3
"3094B3F3B62FA4801DB7B568743F11E31F491E5F","TheDivision\Binaries\Win64\locales\lv.pak.info",463171,463171,47705,3
"3094B3F3B62FA4801DB7B568743F11E31F491E5F","TheDivision\Binaries\Win64\locales\ml.pak",589260,589260,83809,3
"3094B3F3B62FA4801DB7B568743F11E31F491E5F","TheDivision\Binaries\Win64\locales\ml.pak.info",463171,463171,47705,3
"3094B3F3B62FA4801DB7B568743F11E31F491E5F","TheDivision\Binaries\Win64\locales\mr.pak",470120,470120,79120,3
"3094B3F3B62FA4801DB7B568743F11E31F491E5F","TheDivision\Binaries\Win64\locales\mr.pak.info",463171,463171,47705,3
"3094B3F3B62FA4801DB7B568743F11E31F491E5F","TheDivision\Binaries\Win64\locales\ms.pak",218211,218211,68499,3
"3094B3F3B62FA4801DB7B568743F11E31F491E5F","TheDivision\Binaries\Win64\locales\ms.pak.info",463171,463171,47705,3
"3094B3F3B62FA4801DB7B568743F11E31F491E5F","TheDivision\Binaries\Win64\locales\nb.pak",214620,214620,70933,3
"3094B3F3B62FA4801DB7B568743F11E31F491E5F","TheDivision\Binaries\Win64\locales\nb.pak.info",463171,463171,47705,3
"3094B3F3B62FA4801DB7B568743F11E31F491E5F","TheDivision\Binaries\Win64\locales\nl.pak",224545,224545,72458,3
"3094B3F3B62FA4801DB7B568743F11E31F491E5F","TheDivision\Binaries\Win64\locales\nl.pak.info",463171,463171,47705,3
"3094B3F3B62FA4801DB7B568743F11E31F491E5F","TheDivision\Binaries\Win64\locales\pl.pak",238263,238263,77094,3
"3094B3F3B62FA4801DB7B568743F11E31F491E5F","TheDivision\Binaries\Win64\locales\pl.pak.info",463171,463171,47705,3
"3094B3F3B62FA4801DB7B568743F11E31F491E5F","TheDivision\Binaries\Win64\locales\pt-BR.pak",231071,231071,72753,3
"3094B3F3B62FA4801DB7B568743F11E31F491E5F","TheDivision\Binaries\Win64\locales\pt-BR.pak.info",463171,463171,47705,3
"3094B3F3B62FA4801DB7B568743F11E31F491E5F","TheDivision\Binaries\Win64\locales\pt-PT.pak",233820,233820,72700,3
"3094B3F3B62FA4801DB7B568743F11E31F491E5F","TheDivision\Binaries\Win64\locales\pt-PT.pak.info",463171,463171,47705,3
"3094B3F3B62FA4801DB7B568743F11E31F491E5F","TheDivision\Binaries\Win64\locales\ro.pak",239045,239045,74449,3
"3094B3F3B62FA4801DB7B568743F11E31F491E5F","TheDivision\Binaries\Win64\locales\ro.pak.info",463171,463171,47705,3
"3094B3F3B62FA4801DB7B568743F11E31F491E5F","TheDivision\Binaries\Win64\locales\ru.pak",369448,369448,79685,3
"3094B3F3B62FA4801DB7B568743F11E31F491E5F","TheDivision\Binaries\Win64\locales\ru.pak.info",463171,463171,47705,3
"3094B3F3B62FA4801DB7B568743F11E31F491E5F","TheDivision\Binaries\Win64\locales\sk.pak",245003,245003,78956,3
"3094B3F3B62FA4801DB7B568743F11E31F491E5F","TheDivision\Binaries\Win64\locales\sk.pak.info",463171,463171,47705,3
"3094B3F3B62FA4801DB7B568743F11E31F491E5F","TheDivision\Binaries\Win64\locales\sl.pak",230579,230579,74871,3
"3094B3F3B62FA4801DB7B568743F11E31F491E5F","TheDivision\Binaries\Win64\locales\sl.pak.info",463171,463171,47705,3
"3094B3F3B62FA4801DB7B568743F11E31F491E5F","TheDivision\Binaries\Win64\locales\sr.pak",358400,358400,78372,3
"3094B3F3B62FA4801DB7B568743F11E31F491E5F","TheDivision\Binaries\Win64\locales\sr.pak.info",463171,463171,47705,3
"3094B3F3B62FA4801DB7B568743F11E31F491E5F","TheDivision\Binaries\Win64\locales\sv.pak",216109,216109,71244,3
"3094B3F3B62FA4801DB7B568743F11E31F491E5F","TheDivision\Binaries\Win64\locales\sv.pak.info",463171,463171,47705,3
"3094B3F3B62FA4801DB7B568743F11E31F491E5F","TheDivision\Binaries\Win64\locales\sw.pak",221587,221587,71874,3
"3094B3F3B62FA4801DB7B568743F11E31F491E5F","TheDivision\Binaries\Win64\locales\sw.pak.info",463171,463171,47705,3
"3094B3F3B62FA4801DB7B568743F11E31F491E5F","TheDivision\Binaries\Win64\locales\ta.pak",557671,557671,79209,3
"3094B3F3B62FA4801DB7B568743F11E31F491E5F","TheDivision\Binaries\Win64\locales\ta.pak.info",463171,463171,47705,3
"3094B3F3B62FA4801DB7B568743F11E31F491E5F","TheDivision\Binaries\Win64\locales\te.pak",529364,529364,80064,3
"3094B3F3B62FA4801DB7B568743F11E31F491E5F","TheDivision\Binaries\Win64\locales\te.pak.info",463171,463171,47705,3
"3094B3F3B62FA4801DB7B568743F11E31F491E5F","TheDivision\Binaries\Win64\locales\th.pak",449418,449418,72590,3
"3094B3F3B62FA4801DB7B568743F11E31F491E5F","TheDivision\Binaries\Win64\locales\th.pak.info",463171,463171,47705,3
"3094B3F3B62FA4801DB7B568743F11E31F491E5F","TheDivision\Binaries\Win64\locales\tr.pak",231124,231124,73310,3
"3094B3F3B62FA4801DB7B568743F11E31F491E5F","TheDivision\Binaries\Win64\locales\tr.pak.info",463171,463171,47705,3
"3094B3F3B62FA4801DB7B568743F11E31F491E5F","TheDivision\Binaries\Win64\locales\uk.pak",374449,374449,79519,3
"3094B3F3B62FA4801DB7B568743F11E31F491E5F","TheDivision\Binaries\Win64\locales\uk.pak.info",463171,463171,47705,3
"3094B3F3B62FA4801DB7B568743F11E31F491E5F","TheDivision\Binaries\Win64\locales\vi.pak",266384,266384,70983,3
"3094B3F3B62FA4801DB7B568743F11E31F491E5F","TheDivision\Binaries\Win64\locales\vi.pak.info",463171,463171,47705,3
"3094B3F3B62FA4801DB7B568743F11E31F491E5F","TheDivision\Binaries\Win64\locales\zh-CN.pak",293213,293213,95334,3
"3094B3F3B62FA4801DB7B568743F11E31F491E5F","TheDivision\Binaries\Win64\locales\zh-CN.pak.info",463171,463171,47705,3
"3094B3F3B62FA4801DB7B568743F11E31F491E5F","TheDivision\Binaries\Win64\locales\zh-TW.pak",199618,199618,68155,3
"3094B3F3B62FA4801DB7B568743F11E31F491E5F","TheDivision\Binaries\Win64\locales\zh-TW.pak.info",463171,463171,47705,3
"3094B3F3B62FA4801DB7B568743F11E31F491E5F","TheDivision\Binaries\Win64\webview_bitmap\dark\back_64.bmp",16790,16790,310,4
"3094B3F3B62FA4801DB7B568743F11E31F491E5F","TheDivision\Binaries\Win64\webview_bitmap\dark\bg_64.bmp",16534,16534,65,4
"3094B3F3B62FA4801DB7B568743F11E31F491E5F","TheDivision\Binaries\Win64\webview_bitmap\dark\click_64.bmp",16534,16534,87,4
"3094B3F3B62FA4801DB7B568743F11E31F491E5F","TheDivision\Binaries\Win64\webview_bitmap\dark\close_64.bmp",16534,16534,310,4
"3094B3F3B62FA4801DB7B568743F11E31F491E5F","TheDivision\Binaries\Win64\webview_bitmap\dark\external_64.bmp",16534,16534,1347,4
"3094B3F3B62FA4801DB7B568743F11E31F491E5F","TheDivision\Binaries\Win64\webview_bitmap\dark\font.json",98,98,80,4
"3094B3F3B62FA4801DB7B568743F11E31F491E5F","TheDivision\Binaries\Win64\webview_bitmap\dark\forward_64.bmp",16534,16534,323,4
"3094B3F3B62FA4801DB7B568743F11E31F491E5F","TheDivision\Binaries\Win64\webview_bitmap\dark\loading_64.bmp",18106,18106,1926,4
"3094B3F3B62FA4801DB7B568743F11E31F491E5F","TheDivision\Binaries\Win64\webview_bitmap\dark\over_64.bmp",16534,16534,65,4
"3094B3F3B62FA4801DB7B568743F11E31F491E5F","TheDivision\Binaries\Win64\webview_bitmap\dark\reload_64.bmp",16534,16534,1476,4
"3094B3F3B62FA4801DB7B568743F11E31F491E5F","TheDivision\Binaries\Win64\webview_bitmap\light\back_64.bmp",16790,16790,310,4
"3094B3F3B62FA4801DB7B568743F11E31F491E5F","TheDivision\Binaries\Win64\webview_bitmap\light\bg_64.bmp",16534,16534,65,4
"3094B3F3B62FA4801DB7B568743F11E31F491E5F","TheDivision\Binaries\Win64\webview_bitmap\light\click_64.bmp",16534,16534,65,4
"3094B3F3B62FA4801DB7B568743F11E31F491E5F","TheDivision\Binaries\Win64\webview_bitmap\light\close_64.bmp",16534,16534,310,4
"3094B3F3B62FA4801DB7B568743F11E31F491E5F","TheDivision\Binaries\Win64\webview_bitmap\light\external_64.bmp",16534,16534,1346,4
"3094B3F3B62FA4801DB7B568743F11E31F491E5F","TheDivision\Binaries\Win64\webview_bitmap\light\font.json",95,95,84,4
"3094B3F3B62FA4801DB7B568743F11E31F491E5F","TheDivision\Binaries\Win64\webview_bitmap\light\forward_64.bmp",16534,16534,323,4
"3094B3F3B62FA4801DB7B568743F11E31F491E5F","TheDivision\Binaries\Win64\webview_bitmap\light\loading_64.bmp",18106,18106,1916,4
"3094B3F3B62FA4801DB7B568743F11E31F491E5F","TheDivision\Binaries\Win64\webview_bitmap\light\over_64.bmp",16534,16534,87,4
"3094B3F3B62FA4801DB7B568743F11E31F491E5F","TheDivision\Binaries\Win64\webview_bitmap\light\reload_64.bmp",16534,16534,1481,4
"3094B3F3B62FA4801DB7B568743F11E31F491E5F","TheDivision\Plugins\Wwise\ThirdParty\x64_vc160\Release\bin\AkAudioInput.dll",118264,118264,59293,5
"3094B3F3B62FA4801DB7B568743F11E31F491E5F","TheDivision\Plugins\Wwise\ThirdParty\x64_vc160\Release\bin\AkCompressor.dll",121848,121848,61200,5
"3094B3F3B62FA4801DB7B568743F11E31F491E5F","TheDivision\Plugins\Wwise\ThirdParty\x64_vc160\Release\bin\AkConvolutionReverb.dll",235512,235512,90837,5
"3094B3F3B62FA4801DB7B568743F11E31F491E5F","TheDivision\Plugins\Wwise\ThirdParty\x64_vc160\Release\bin\AkDelay.dll",123384,123384,62399,5
"3094B3F3B62FA4801DB7B568743F11E31F491E5F","TheDivision\Plugins\Wwise\ThirdParty\x64_vc160\Release\bin\AkExpander.dll",123896,123896,61548,5
"3094B3F3B62FA4801DB7B568743F11E31F491E5F","TheDivision\Plugins\Wwise\ThirdParty\x64_vc160\Release\bin\AkFlanger.dll",144888,144888,72164,5
"3094B3F3B62FA4801DB7B568743F11E31F491E5F","TheDivision\Plugins\Wwise\ThirdParty\x64_vc160\Release\bin\AkGain.dll",118264,118264,59342,5
"3094B3F3B62FA4801DB7B568743F11E31F491E5F","TheDivision\Plugins\Wwise\ThirdParty\x64_vc160\Release\bin\AkGuitarDistortion.dll",156664,156664,75045,5
"3094B3F3B62FA4801DB7B568743F11E31F491E5F","TheDivision\Plugins\Wwise\ThirdParty\x64_vc160\Release\bin\AkHarmonizer.dll",252920,252920,96739,5
"3094B3F3B62FA4801DB7B568743F11E31F491E5F","TheDivision\Plugins\Wwise\ThirdParty\x64_vc160\Release\bin\AkMatrixReverb.dll",184312,184312,85308,5
"3094B3F3B62FA4801DB7B568743F11E31F491E5F","TheDivision\Plugins\Wwise\ThirdParty\x64_vc160\Release\bin\AkMotion.dll",182776,182776,91022,5
"3094B3F3B62FA4801DB7B568743F11E31F491E5F","TheDivision\Plugins\Wwise\ThirdParty\x64_vc160\Release\bin\AkParametricEQ.dll",146424,146424,71219,5
"3094B3F3B62FA4801DB7B568743F11E31F491E5F","TheDivision\Plugins\Wwise\ThirdParty\x64_vc160\Release\bin\AkPeakLimiter.dll",125944,125944,63348,5
"3094B3F3B62FA4801DB7B568743F11E31F491E5F","TheDivision\Plugins\Wwise\ThirdParty\x64_vc160\Release\bin\AkPitchShifter.dll",152056,152056,73946,5
"3094B3F3B62FA4801DB7B568743F11E31F491E5F","TheDivision\Plugins\Wwise\ThirdParty\x64_vc160\Release\bin\AkRecorder.dll",118776,118776,58719,5
"3094B3F3B62FA4801DB7B568743F11E31F491E5F","TheDivision\Plugins\Wwise\ThirdParty\x64_vc160\Release\bin\AkReflect.dll",181752,181752,88749,5
"3094B3F3B62FA4801DB7B568743F11E31F491E5F","TheDivision\Plugins\Wwise\ThirdParty\x64_vc160\Release\bin\AkRoomVerb.dll",242168,242168,117887,5
"3094B3F3B62FA4801DB7B568743F11E31F491E5F","TheDivision\Plugins\Wwise\ThirdParty\x64_vc160\Release\bin\AkSilenceGenerator.dll",109560,109560,54019,5
"3094B3F3B62FA4801DB7B568743F11E31F491E5F","TheDivision\Plugins\Wwise\ThirdParty\x64_vc160\Release\bin\AkSineTone.dll",119288,119288,59612,5
"3094B3F3B62FA4801DB7B568743F11E31F491E5F","TheDivision\Plugins\Wwise\ThirdParty\x64_vc160\Release\bin\AkSoundEngineDLL.dll",1505784,1505784,668281,5
"3094B3F3B62FA4801DB7B568743F11E31F491E5F","TheDivision\Plugins\Wwise\ThirdParty\x64_vc160\Release\bin\AkSoundSeedAir.dll",185848,185848,91134,5
"3094B3F3B62FA4801DB7B568743F11E31F491E5F","TheDivision\Plugins\Wwise\ThirdParty\x64_vc160\Release\bin\AkSoundSeedImpact.dll",147960,147960,74344,5
"3094B3F3B62FA4801DB7B568743F11E31F491E5F","TheDivision\Plugins\Wwise\ThirdParty\x64_vc160\Release\bin\AkStereoDelay.dll",158200,158200,77250,5
"3094B3F3B62FA4801DB7B568743F11E31F491E5F","TheDivision\Plugins\Wwise\ThirdParty\x64_vc160\Release\bin\AkSynthOne.dll",164856,164856,80951,5
"3094B3F3B62FA4801DB7B568743F11E31F491E5F","TheDivision\Plugins\Wwise\ThirdParty\x64_vc160\Release\bin\AkTimeStretch.dll",219128,219128,82591,5
"3094B3F3B62FA4801DB7B568743F11E31F491E5F","TheDivision\Plugins\Wwise\ThirdParty\x64_vc160\Release\bin\AkToneGen.dll",138744,138744,69765,5
"3094B3F3B62FA4801DB7B568743F11E31F491E5F","TheDivision\Plugins\Wwise\ThirdParty\x64_vc160\Release\bin\AkTremolo.dll",143352,143352,70097,5
"3094B3F3B62FA4801DB7B568743F11E31F491E5F","TheDivision\Plugins\Wwise\ThirdParty\x64_vc160\Release\bin\Auro.dll",2552824,2552824,321890,5
"3094B3F3B62FA4801DB7B568743F11E31F491E5F","TheDivision\Plugins\Wwise\ThirdParty\x64_vc160\Release\bin\iZotope.dll",572408,572408,244490,5
"3094B3F3B62FA4801DB7B568743F11E31F491E5F","TheDivision\Plugins\Wwise\ThirdParty\x64_vc160\Release\bin\MasteringSuite.dll",185336,185336,90909,5
"3094B3F3B62FA4801DB7B568743F11E31F491E5F","TheDivision\Plugins\Wwise\ThirdParty\x64_vc160\Release\bin\McDSP.dll",299000,299000,144374,5
"3094B3F3B62FA4801DB7B568743F11E31F491E5F","TheDivision\Content\Config\MainResVersionConfig.json",0,0,0,6
"3094B3F3B62FA4801DB7B568743F11E31F491E5F","TheDivision\Content\Config\OptionalResVersionConfig.json",0,0,0,6
"3094B3F3B62FA4801DB7B568743F11E31F491E5F","TheDivision\Content\Config\PufferPakInfo.json",0,0,0,6
"3094B3F3B62FA4801DB7B568743F11E31F491E5F","TheDivision\Content\Config\PufferResVersionConfig.json",0,0,0,6
"3094B3F3B62FA4801DB7B568743F11E31F491E5F","TheDivision\Content\Config\ResConfig.json",0,0,0,6
"3094B3F3B62FA4801DB7B568743F11E31F491E5F","TheDivision\Binaries\Win64\TheDivision-Win64-Shipping.exe",120538104,120538104,92537882,7
"3094B3F3B62FA4801DB7B568743F11E31F491E5F","TheDivision\Binaries\Win64\ubiservices.dll",11008504,11008504,9589899,7
"3094B3F3B62FA4801DB7B568743F11E31F491E5F","TheDivision\Binaries\Win64\GCloudCore.dll",2904056,2904056,679810,7
"3094B3F3B62FA4801DB7B568743F11E31F491E5F","TheDivision\Binaries\Win64\GCloud.dll",18978808,18978808,4087361,7
"3094B3F3B62FA4801DB7B568743F11E31F491E5F","TheDivision\Binaries\Win64\GCloudVoice.dll",7844512,7844512,2931874,7
"3094B3F3B62FA4801DB7B568743F11E31F491E5F","TheDivision\Binaries\Win64\config.json",554,554,229,7
"3094B3F3B62FA4801DB7B568743F11E31F491E5F","TheDivision\Binaries\Win64\decoder_v4_small.nn",2472220,2472220,2280695,7
"3094B3F3B62FA4801DB7B568743F11E31F491E5F","TheDivision\Binaries\Win64\encoder_v4_small.nn",2592572,2592572,2399799,7
"3094B3F3B62FA4801DB7B568743F11E31F491E5F","TheDivision\Binaries\Win64\libgvoicensmodel.bin",2312680,2312680,1897996,7
"3094B3F3B62FA4801DB7B568743F11E31F491E5F","TheDivision\Binaries\Win64\libcrosCurl.dll",711672,711672,328389,7
"3094B3F3B62FA4801DB7B568743F11E31F491E5F","TheDivision\Binaries\Win64\libcrypto-1_1-x64.dll",2875384,2875384,946472,7
"3094B3F3B62FA4801DB7B568743F11E31F491E5F","TheDivision\Binaries\Win64\libssl-1_1-x64.dll",700920,700920,221361,7
"3094B3F3B62FA4801DB7B568743F11E31F491E5F","TheDivision\Binaries\Win64\Gbspy64.dll",3643824,3643824,1507524,7
"3094B3F3B62FA4801DB7B568743F11E31F491E5F","TheDivision\Binaries\Win64\GameBabyConfig64.dat",315,315,200,7
"3094B3F3B62FA4801DB7B568743F11E31F491E5F","TheDivision\Binaries\Win64\TQM64\dbghelp.dll",1508016,1508016,566141,7
"3094B3F3B62FA4801DB7B568743F11E31F491E5F","TheDivision\Binaries\Win64\TQM64\TQMCenter_64.exe",3436976,3436976,1439293,7
"3094B3F3B62FA4801DB7B568743F11E31F491E5F","TheDivision\Binaries\Win64\TQM64\GameBabyConfig64.dat",315,315,200,7
"3094B3F3B62FA4801DB7B568743F11E31F491E5F","TheDivision\Binaries\Win64\APASConfig.ini",408,408,247,7
"3094B3F3B62FA4801DB7B568743F11E31F491E5F","TheDivision\Binaries\Win64\INTLConfig.ini.new",944,944,954,7
"3094B3F3B62FA4801DB7B568743F11E31F491E5F","TheDivision\Binaries\Win64\INTLFoundation.dll",2308512,2308512,935498,7
"3094B3F3B62FA4801DB7B568743F11E31F491E5F","TheDivision\Binaries\Win64\intl_cacert.pem",212549,212549,115346,7
"3094B3F3B62FA4801DB7B568743F11E31F491E5F","TheDivision\Binaries\Win64\INTLResultMsg.Json",1848,1848,762,7
"3094B3F3B62FA4801DB7B568743F11E31F491E5F","TheDivision\Binaries\Win64\INTLCore.dll",7726496,7726496,2424370,7
"3094B3F3B62FA4801DB7B568743F11E31F491E5F","TheDivision\Binaries\Win64\INTLRuntime.dll",12195744,12195744,4289091,7
"3094B3F3B62FA4801DB7B568743F11E31F491E5F","TheDivision\Binaries\Win64\INTLWebView.dll",1985440,1985440,718218,7
"3094B3F3B62FA4801DB7B568743F11E31F491E5F","TheDivision\Binaries\Win64\INTLWebViewHelper.exe",154016,154016,69855,7
"3094B3F3B62FA4801DB7B568743F11E31F491E5F","TheDivision\Binaries\Win64\chrome_elf.dll",1165216,1165216,436663,7
"3094B3F3B62FA4801DB7B568743F11E31F491E5F","TheDivision\Binaries\Win64\d3dcompiler_47.dll",4526496,4526496,1652562,7
"3094B3F3B62FA4801DB7B568743F11E31F491E5F","TheDivision\Binaries\Win64\libGLESv2.dll",6691232,6691232,2252830,7
"3094B3F3B62FA4801DB7B568743F11E31F491E5F","TheDivision\Binaries\Win64\libEGL.dll",418208,418208,174951,7
"3094B3F3B62FA4801DB7B568743F11E31F491E5F","TheDivision\Binaries\Win64\vulkan-1.dll",697248,697248,268380,7
"3094B3F3B62FA4801DB7B568743F11E31F491E5F","TheDivision\Binaries\Win64\vk_swiftshader.dll",3810208,3810208,1275777,7
"3094B3F3B62FA4801DB7B568743F11E31F491E5F","TheDivision\Binaries\Win64\vk_swiftshader_icd.json",106,106,99,7
"3094B3F3B62FA4801DB7B568743F11E31F491E5F","TheDivision\Binaries\Win64\qbcore.dll",161651104,161651104,58558988,7
"3094B3F3B62FA4801DB7B568743F11E31F491E5F","TheDivision\Binaries\Win64\resources.pak",7704556,7704556,7582221,7
"3094B3F3B62FA4801DB7B568743F11E31F491E5F","TheDivision\Binaries\Win64\chrome_100_percent.pak",628996,628996,598662,7
"3094B3F3B62FA4801DB7B568743F11E31F491E5F","TheDivision\Binaries\Win64\chrome_200_percent.pak",941195,941195,897103,7
"3094B3F3B62FA4801DB7B568743F11E31F491E5F","TheDivision\Binaries\Win64\icudtl.dat",10215904,10215904,3925597,7
"3094B3F3B62FA4801DB7B568743F11E31F491E5F","TheDivision\Binaries\Win64\snapshot_blob.bin",49262,49262,48652,7
"3094B3F3B62FA4801DB7B568743F11E31F491E5F","TheDivision\Binaries\Win64\v8_context_snapshot.bin",164303,164303,160748,7
"3094B3F3B62FA4801DB7B568743F11E31F491E5F","TheDivision\Binaries\Win64\devtools_resources.pak",6306942,6306942,1143035,7
"3094B3F3B62FA4801DB7B568743F11E31F491E5F","TheDivision\Binaries\Win64\upc_r2_loader64.dll",151736,151736,71329,7
"3094B3F3B62FA4801DB7B568743F11E31F491E5F","TheDivision\Binaries\Win64\libSDOC.qti.dll",187384,187384,74221,7
"3094B3F3B62FA4801DB7B568743F11E31F491E5F","TheDivision\Binaries\Win64\turbojpeg.dll",740856,740856,202943,7
"3094B3F3B62FA4801DB7B568743F11E31F491E5F","TheDivision\Content\Splash\Splash.bmp",518538,518538,259844,7
"3094B3F3B62FA4801DB7B568743F11E31F491E5F","TheDivision\Content\Paks\pakchunk0-WindowsNoEditor.pak",1350049846,1350049846,1264376339,8
"3094B3F3B62FA4801DB7B568743F11E31F491E5F","TheDivision\Content\Paks\pakchunk0-WindowsNoEditor.sig",82932,82932,82944,8
"3094B3F3B62FA4801DB7B568743F11E31F491E5F","TheDivision\Content\Paks\pakchunk10-WindowsNoEditor.pak",4527751000,232783704,86421122,8
"3094B3F3B62FA4801DB7B568743F11E31F491E5F","TheDivision\Content\Paks\pakchunk10-WindowsNoEditor.sig",276880,276880,276898,8
"3094B3F3B62FA4801DB7B568743F11E31F491E5F","TheDivision\Content\Paks\pakchunk14-WindowsNoEditor.pak",981344643,981344643,936544935,8
"3094B3F3B62FA4801DB7B568743F11E31F491E5F","TheDivision\Content\Paks\pakchunk14-WindowsNoEditor.sig",60428,60428,60438,8
"3094B3F3B62FA4801DB7B568743F11E31F491E5F","TheDivision\Content\Paks\pakchunk20-WindowsNoEditor.pak",3219264103,3219264103,3007278247,8
"3094B3F3B62FA4801DB7B568743F11E31F491E5F","TheDivision\Content\Paks\pakchunk20-WindowsNoEditor.sig",197020,197020,197035,8
"3094B3F3B62FA4801DB7B568743F11E31F491E5F","TheDivision\Content\Paks\pakchunk24-WindowsNoEditor.pak",4233674757,4233674757,4021779206,8
"3094B3F3B62FA4801DB7B568743F11E31F491E5F","TheDivision\Content\Paks\pakchunk24-WindowsNoEditor.sig",258932,258932,258947,8
"3094B3F3B62FA4801DB7B568743F11E31F491E5F","TheDivision\Content\Paks\pakchunk5-WindowsNoEditor.pak",25091227,25091227,21221400,8
"3094B3F3B62FA4801DB7B568743F11E31F491E5F","TheDivision\Content\Paks\pakchunk5-WindowsNoEditor.sig",2060,2060,2070,8
"3094B3F3B62FA4801DB7B568743F11E31F491E5F","TheDivision\Content\Paks\pakchunk100-WindowsNoEditor.pak",66445147,66445147,63779820,9
"3094B3F3B62FA4801DB7B568743F11E31F491E5F","TheDivision\Content\Paks\pakchunk100-WindowsNoEditor.sig",4584,4584,4594,9
"3094B3F3B62FA4801DB7B568743F11E31F491E5F","TheDivision\Content\Paks\pakchunk104-WindowsNoEditor.pak",54716293,54716293,52864500,9
"3094B3F3B62FA4801DB7B568743F11E31F491E5F","TheDivision\Content\Paks\pakchunk104-WindowsNoEditor.sig",3868,3868,3878,9
"3094B3F3B62FA4801DB7B568743F11E31F491E5F","TheDivision\Content\Paks\pakchunk108-WindowsNoEditor.pak",169875272,169875272,160638476,9
"3094B3F3B62FA4801DB7B568743F11E31F491E5F","TheDivision\Content\Paks\pakchunk108-WindowsNoEditor.sig",10900,10900,10910,9
"3094B3F3B62FA4801DB7B568743F11E31F491E5F","TheDivision\Content\Paks\pakchunk112-WindowsNoEditor.pak",1002617496,1002617496,934728629,9
"3094B3F3B62FA4801DB7B568743F11E31F491E5F","TheDivision\Content\Paks\pakchunk112-WindowsNoEditor.sig",61724,61724,61734,9
"3094B3F3B62FA4801DB7B568743F11E31F491E5F","TheDivision\Content\Paks\pakchunk116-WindowsNoEditor.pak",56000340,56000340,52971551,9
"3094B3F3B62FA4801DB7B568743F11E31F491E5F","TheDivision\Content\Paks\pakchunk116-WindowsNoEditor.sig",3948,3948,3958,9
"3094B3F3B62FA4801DB7B568743F11E31F491E5F","TheDivision\Content\Paks\pakchunk120-WindowsNoEditor.pak",451228750,451228750,430426660,9
"3094B3F3B62FA4801DB7B568743F11E31F491E5F","TheDivision\Content\Paks\pakchunk120-WindowsNoEditor.sig",28072,28072,27445,9
"3094B3F3B62FA4801DB7B568743F11E31F491E5F","TheDivision\Content\Paks\pakchunk1000-WindowsNoEditor.pak",759857,759857,743868,10
"3094B3F3B62FA4801DB7B568743F11E31F491E5F","TheDivision\Content\Paks\pakchunk1000-WindowsNoEditor.sig",576,576,586,10
"3094B3F3B62FA4801DB7B568743F11E31F491E5F","TheDivision\Content\Paks\pakchunk1004-WindowsNoEditor.pak",560118,560118,555135,10
"3094B3F3B62FA4801DB7B568743F11E31F491E5F","TheDivision\Content\Paks\pakchunk1004-WindowsNoEditor.sig",564,564,574,10
"3094B3F3B62FA4801DB7B568743F11E31F491E5F","TheDivision\Content\Paks\pakchunk1008-WindowsNoEditor.pak",536912,536912,530982,10
"3094B3F3B62FA4801DB7B568743F11E31F491E5F","TheDivision\Content\Paks\pakchunk1008-WindowsNoEditor.sig",564,564,574,10
"3094B3F3B62FA4801DB7B568743F11E31F491E5F","TheDivision\Content\Paks\pakchunk1016-WindowsNoEditor.pak",519347,519347,513735,10
"3094B3F3B62FA4801DB7B568743F11E31F491E5F","TheDivision\Content\Paks\pakchunk1016-WindowsNoEditor.sig",560,560,570,10
"3094B3F3B62FA4801DB7B568743F11E31F491E5F","TheDivision\Content\Paks\pakchunk1020-WindowsNoEditor.pak",597485,597485,591436,10
"3094B3F3B62FA4801DB7B568743F11E31F491E5F","TheDivision\Content\Paks\pakchunk1020-WindowsNoEditor.sig",568,568,578,10
"3094B3F3B62FA4801DB7B568743F11E31F491E5F","TheDivision\Content\Paks\pakchunk1032-WindowsNoEditor.pak",848727,848727,840770,10
"3094B3F3B62FA4801DB7B568743F11E31F491E5F","TheDivision\Content\Paks\pakchunk1032-WindowsNoEditor.sig",580,580,590,10
"3094B3F3B62FA4801DB7B568743F11E31F491E5F","TheDivision\Content\Paks\pakchunk1036-WindowsNoEditor.pak",405301,405301,398174,10
"3094B3F3B62FA4801DB7B568743F11E31F491E5F","TheDivision\Content\Paks\pakchunk1036-WindowsNoEditor.sig",556,556,566,10
"3094B3F3B62FA4801DB7B568743F11E31F491E5F","TheDivision\Content\Paks\pakchunk1040-WindowsNoEditor.pak",690216,690216,680876,10
"3094B3F3B62FA4801DB7B568743F11E31F491E5F","TheDivision\Content\Paks\pakchunk1040-WindowsNoEditor.sig",572,572,582,10
"3094B3F3B62FA4801DB7B568743F11E31F491E5F","TheDivision\Content\Paks\pakchunk1044-WindowsNoEditor.pak",655796,655796,648184,10
"3094B3F3B62FA4801DB7B568743F11E31F491E5F","TheDivision\Content\Paks\pakchunk1044-WindowsNoEditor.sig",572,572,582,10
"3094B3F3B62FA4801DB7B568743F11E31F491E5F","TheDivision\Content\Paks\pakchunk1048-WindowsNoEditor.pak",678392,678392,672396,10
"3094B3F3B62FA4801DB7B568743F11E31F491E5F","TheDivision\Content\Paks\pakchunk1048-WindowsNoEditor.sig",572,572,582,10
"3094B3F3B62FA4801DB7B568743F11E31F491E5F","TheDivision\Content\Paks\pakchunk1052-WindowsNoEditor.pak",721610,721610,718505,10
"3094B3F3B62FA4801DB7B568743F11E31F491E5F","TheDivision\Content\Paks\pakchunk1052-WindowsNoEditor.sig",576,576,586,10
"3094B3F3B62FA4801DB7B568743F11E31F491E5F","TheDivision\Content\Paks\pakchunk1060-WindowsNoEditor.pak",705893,705893,697913,10
"3094B3F3B62FA4801DB7B568743F11E31F491E5F","TheDivision\Content\Paks\pakchunk1060-WindowsNoEditor.sig",572,572,582,10
"3094B3F3B62FA4801DB7B568743F11E31F491E5F","TheDivision\Content\Paks\pakchunk1064-WindowsNoEditor.pak",601715,601715,597087,10
"3094B3F3B62FA4801DB7B568743F11E31F491E5F","TheDivision\Content\Paks\pakchunk1064-WindowsNoEditor.sig",568,568,578,10
"3094B3F3B62FA4801DB7B568743F11E31F491E5F","TheDivision\Content\Paks\pakchunk1072-WindowsNoEditor.pak",632288,632288,626448,10
"3094B3F3B62FA4801DB7B568743F11E31F491E5F","TheDivision\Content\Paks\pakchunk1072-WindowsNoEditor.sig",568,568,578,10
"3094B3F3B62FA4801DB7B568743F11E31F491E5F","TheDivision\Content\Paks\pakchunk1076-WindowsNoEditor.pak",508378,508378,501514,10
"3094B3F3B62FA4801DB7B568743F11E31F491E5F","TheDivision\Content\Paks\pakchunk1076-WindowsNoEditor.sig",560,560,570,10
"3094B3F3B62FA4801DB7B568743F11E31F491E5F","TheDivision\Content\Paks\pakchunk1084-WindowsNoEditor.pak",801416,801416,793049,10
"3094B3F3B62FA4801DB7B568743F11E31F491E5F","TheDivision\Content\Paks\pakchunk1084-WindowsNoEditor.sig",580,580,590,10
"3094B3F3B62FA4801DB7B568743F11E31F491E5F","TheDivision\Content\Paks\pakchunk1088-WindowsNoEditor.pak",491656,491656,486959,10
"3094B3F3B62FA4801DB7B568743F11E31F491E5F","TheDivision\Content\Paks\pakchunk1088-WindowsNoEditor.sig",560,560,570,10
"3094B3F3B62FA4801DB7B568743F11E31F491E5F","TheDivision\Content\Paks\pakchunk1092-WindowsNoEditor.pak",547282,547282,543919,10
"3094B3F3B62FA4801DB7B568743F11E31F491E5F","TheDivision\Content\Paks\pakchunk1092-WindowsNoEditor.sig",564,564,574,10
"3094B3F3B62FA4801DB7B568743F11E31F491E5F","TheDivision\Content\Paks\pakchunk1096-WindowsNoEditor.pak",654349,654349,642002,10
"3094B3F3B62FA4801DB7B568743F11E31F491E5F","TheDivision\Content\Paks\pakchunk1096-WindowsNoEditor.sig",568,568,578,10
"3094B3F3B62FA4801DB7B568743F11E31F491E5F","TheDivision\Content\Paks\pakchunk1100-WindowsNoEditor.pak",836008,836008,825388,10
"3094B3F3B62FA4801DB7B568743F11E31F491E5F","TheDivision\Content\Paks\pakchunk1100-WindowsNoEditor.sig",580,580,590,10
"3094B3F3B62FA4801DB7B568743F11E31F491E5F","TheDivision\Content\Paks\pakchunk1104-WindowsNoEditor.pak",573667,573667,567974,10
"3094B3F3B62FA4801DB7B568743F11E31F491E5F","TheDivision\Content\Paks\pakchunk1104-WindowsNoEditor.sig",564,564,574,10
"3094B3F3B62FA4801DB7B568743F11E31F491E5F","TheDivision\Content\Paks\pakchunk1108-WindowsNoEditor.pak",590419,590419,584465,10
"3094B3F3B62FA4801DB7B568743F11E31F491E5F","TheDivision\Content\Paks\pakchunk1108-WindowsNoEditor.sig",568,568,578,10
"3094B3F3B62FA4801DB7B568743F11E31F491E5F","TheDivision\Content\Paks\pakchunk1116-WindowsNoEditor.pak",672061,672061,663068,10
"3094B3F3B62FA4801DB7B568743F11E31F491E5F","TheDivision\Content\Paks\pakchunk1116-WindowsNoEditor.sig",572,572,582,10
"3094B3F3B62FA4801DB7B568743F11E31F491E5F","TheDivision\Content\Paks\pakchunk1120-WindowsNoEditor.pak",1460319,1460319,1440365,10
"3094B3F3B62FA4801DB7B568743F11E31F491E5F","TheDivision\Content\Paks\pakchunk1120-WindowsNoEditor.sig",620,620,630,10
"3094B3F3B62FA4801DB7B568743F11E31F491E5F","TheDivision\Content\Paks\pakchunk1124-WindowsNoEditor.pak",873312,873312,866981,10
"3094B3F3B62FA4801DB7B568743F11E31F491E5F","TheDivision\Content\Paks\pakchunk1124-WindowsNoEditor.sig",584,584,594,10
"3094B3F3B62FA4801DB7B568743F11E31F491E5F","TheDivision\Content\Paks\pakchunk1140-WindowsNoEditor.pak",2223200,2223200,2184548,10
"3094B3F3B62FA4801DB7B568743F11E31F491E5F","TheDivision\Content\Paks\pakchunk1140-WindowsNoEditor.sig",664,664,674,10
"3094B3F3B62FA4801DB7B568743F11E31F491E5F","TheDivision\Content\Paks\pakchunk1148-WindowsNoEditor.pak",1496580,1496580,1485550,10
"3094B3F3B62FA4801DB7B568743F11E31F491E5F","TheDivision\Content\Paks\pakchunk1148-WindowsNoEditor.sig",620,620,630,10
"3094B3F3B62FA4801DB7B568743F11E31F491E5F","TheDivision\Content\Paks\pakchunk1156-WindowsNoEditor.pak",1592006,1592006,1574715,10
"3094B3F3B62FA4801DB7B568743F11E31F491E5F","TheDivision\Content\Paks\pakchunk1156-WindowsNoEditor.sig",628,628,638,10
"3094B3F3B62FA4801DB7B568743F11E31F491E5F","TheDivision\Content\Paks\pakchunk1164-WindowsNoEditor.pak",957497,957497,945785,10
"3094B3F3B62FA4801DB7B568743F11E31F491E5F","TheDivision\Content\Paks\pakchunk1164-WindowsNoEditor.sig",588,588,598,10
"3094B3F3B62FA4801DB7B568743F11E31F491E5F","TheDivision\Content\Paks\pakchunk1180-WindowsNoEditor.pak",882474,882474,876095,10
"3094B3F3B62FA4801DB7B568743F11E31F491E5F","TheDivision\Content\Paks\pakchunk1180-WindowsNoEditor.sig",584,584,594,10
"3094B3F3B62FA4801DB7B568743F11E31F491E5F","TheDivision\Content\Paks\pakchunk1184-WindowsNoEditor.pak",667379,667379,659252,10
"3094B3F3B62FA4801DB7B568743F11E31F491E5F","TheDivision\Content\Paks\pakchunk1184-WindowsNoEditor.sig",572,572,582,10
"3094B3F3B62FA4801DB7B568743F11E31F491E5F","TheDivision\Content\Paks\pakchunk1188-WindowsNoEditor.pak",499835,499835,490626,10
"3094B3F3B62FA4801DB7B568743F11E31F491E5F","TheDivision\Content\Paks\pakchunk1188-WindowsNoEditor.sig",560,560,570,10
"3094B3F3B62FA4801DB7B568743F11E31F491E5F","TheDivision\Content\Paks\pakchunk1192-WindowsNoEditor.pak",714491,714491,707963,10
"3094B3F3B62FA4801DB7B568743F11E31F491E5F","TheDivision\Content\Paks\pakchunk1192-WindowsNoEditor.sig",572,572,582,10
"3094B3F3B62FA4801DB7B568743F11E31F491E5F","TheDivision\Content\Paks\pakchunk1220-WindowsNoEditor.pak",1357979,1357979,1346246,10
"3094B3F3B62FA4801DB7B568743F11E31F491E5F","TheDivision\Content\Paks\pakchunk1220-WindowsNoEditor.sig",612,612,622,10
"3094B3F3B62FA4801DB7B568743F11E31F491E5F","TheDivision\Content\Paks\pakchunk1224-WindowsNoEditor.pak",1080044,1080044,1070972,10
"3094B3F3B62FA4801DB7B568743F11E31F491E5F","TheDivision\Content\Paks\pakchunk1224-WindowsNoEditor.sig",596,596,606,10
"3094B3F3B62FA4801DB7B568743F11E31F491E5F","TheDivision\Content\Paks\pakchunk1236-WindowsNoEditor.pak",949126,949126,941617,10
"3094B3F3B62FA4801DB7B568743F11E31F491E5F","TheDivision\Content\Paks\pakchunk1236-WindowsNoEditor.sig",588,588,598,10
"3094B3F3B62FA4801DB7B568743F11E31F491E5F","TheDivision\Content\Paks\pakchunk1244-WindowsNoEditor.pak",519985,519985,514911,10
"3094B3F3B62FA4801DB7B568743F11E31F491E5F","TheDivision\Content\Paks\pakchunk1244-WindowsNoEditor.sig",560,560,570,10
"3094B3F3B62FA4801DB7B568743F11E31F491E5F","TheDivision\Content\Paks\pakchunk1252-WindowsNoEditor.pak",807914,807914,804751,10
"3094B3F3B62FA4801DB7B568743F11E31F491E5F","TheDivision\Content\Paks\pakchunk1252-WindowsNoEditor.sig",580,580,590,10
"3094B3F3B62FA4801DB7B568743F11E31F491E5F","TheDivision\Content\Paks\pakchunk1260-WindowsNoEditor.pak",672985,672985,667507,10
"3094B3F3B62FA4801DB7B568743F11E31F491E5F","TheDivision\Content\Paks\pakchunk1260-WindowsNoEditor.sig",572,572,582,10
"3094B3F3B62FA4801DB7B568743F11E31F491E5F","TheDivision\Content\Paks\pakchunk1264-WindowsNoEditor.pak",651214,651214,645559,10
"3094B3F3B62FA4801DB7B568743F11E31F491E5F","TheDivision\Content\Paks\pakchunk1264-WindowsNoEditor.sig",568,568,578,10
"3094B3F3B62FA4801DB7B568743F11E31F491E5F","TheDivision\Content\Paks\pakchunk1280-WindowsNoEditor.pak",1069337,1069337,1058574,10
"3094B3F3B62FA4801DB7B568743F11E31F491E5F","TheDivision\Content\Paks\pakchunk1280-WindowsNoEditor.sig",596,596,606,10
"3094B3F3B62FA4801DB7B568743F11E31F491E5F","TheDivision\Content\Paks\pakchunk1288-WindowsNoEditor.pak",502039,502039,495610,10
"3094B3F3B62FA4801DB7B568743F11E31F491E5F","TheDivision\Content\Paks\pakchunk1288-WindowsNoEditor.sig",560,560,570,10
"3094B3F3B62FA4801DB7B568743F11E31F491E5F","TheDivision\Content\Paks\pakchunk1292-WindowsNoEditor.pak",639067,639067,631570,10
"3094B3F3B62FA4801DB7B568743F11E31F491E5F","TheDivision\Content\Paks\pakchunk1292-WindowsNoEditor.sig",568,568,578,10
"3094B3F3B62FA4801DB7B568743F11E31F491E5F","TheDivision\Content\Paks\pakchunk1296-WindowsNoEditor.pak",642972,642972,635040,10
"3094B3F3B62FA4801DB7B568743F11E31F491E5F","TheDivision\Content\Paks\pakchunk1296-WindowsNoEditor.sig",568,568,578,10
"3094B3F3B62FA4801DB7B568743F11E31F491E5F","TheDivision\Content\Paks\pakchunk1312-WindowsNoEditor.pak",655255,655255,649768,10
"3094B3F3B62FA4801DB7B568743F11E31F491E5F","TheDivision\Content\Paks\pakchunk1312-WindowsNoEditor.sig",568,568,578,10
"3094B3F3B62FA4801DB7B568743F11E31F491E5F","TheDivision\Content\Paks\pakchunk1324-WindowsNoEditor.pak",832826,832826,823940,10
"3094B3F3B62FA4801DB7B568743F11E31F491E5F","TheDivision\Content\Paks\pakchunk1324-WindowsNoEditor.sig",580,580,590,10
"3094B3F3B62FA4801DB7B568743F11E31F491E5F","TheDivision\Content\Paks\pakchunk1328-WindowsNoEditor.pak",1032927,1032927,1022200,10
"3094B3F3B62FA4801DB7B568743F11E31F491E5F","TheDivision\Content\Paks\pakchunk1328-WindowsNoEditor.sig",592,592,602,10
"3094B3F3B62FA4801DB7B568743F11E31F491E5F","TheDivision\Content\Paks\pakchunk1340-WindowsNoEditor.pak",890190,890190,885062,10
"3094B3F3B62FA4801DB7B568743F11E31F491E5F","TheDivision\Content\Paks\pakchunk1340-WindowsNoEditor.sig",584,584,594,10
"3094B3F3B62FA4801DB7B568743F11E31F491E5F","TheDivision\Content\Paks\pakchunk1344-WindowsNoEditor.pak",563252,563252,558145,10
"3094B3F3B62FA4801DB7B568743F11E31F491E5F","TheDivision\Content\Paks\pakchunk1344-WindowsNoEditor.sig",564,564,574,10
"3094B3F3B62FA4801DB7B568743F11E31F491E5F","TheDivision\Content\Paks\pakchunk1348-WindowsNoEditor.pak",575610,575610,569840,10
"3094B3F3B62FA4801DB7B568743F11E31F491E5F","TheDivision\Content\Paks\pakchunk1348-WindowsNoEditor.sig",564,564,574,10
"3094B3F3B62FA4801DB7B568743F11E31F491E5F","TheDivision\Content\Paks\pakchunk1352-WindowsNoEditor.pak",896969,896969,882369,10
"3094B3F3B62FA4801DB7B568743F11E31F491E5F","TheDivision\Content\Paks\pakchunk1352-WindowsNoEditor.sig",584,584,594,10
"3094B3F3B62FA4801DB7B568743F11E31F491E5F","TheDivision\Content\Paks\pakchunk1360-WindowsNoEditor.pak",736748,736748,726304,10
"3094B3F3B62FA4801DB7B568743F11E31F491E5F","TheDivision\Content\Paks\pakchunk1360-WindowsNoEditor.sig",576,576,586,10
"3094B3F3B62FA4801DB7B568743F11E31F491E5F","TheDivision\Content\Paks\pakchunk1368-WindowsNoEditor.pak",811666,811666,804512,10
"3094B3F3B62FA4801DB7B568743F11E31F491E5F","TheDivision\Content\Paks\pakchunk1368-WindowsNoEditor.sig",580,580,590,10
"3094B3F3B62FA4801DB7B568743F11E31F491E5F","TheDivision\Content\Paks\pakchunk1372-WindowsNoEditor.pak",2866065,2866065,2853748,10
"3094B3F3B62FA4801DB7B568743F11E31F491E5F","TheDivision\Content\Paks\pakchunk1372-WindowsNoEditor.sig",704,704,714,10
"3094B3F3B62FA4801DB7B568743F11E31F491E5F","TheDivision\Content\Paks\pakchunk1376-WindowsNoEditor.pak",1112856,1112856,1105343,10
"3094B3F3B62FA4801DB7B568743F11E31F491E5F","TheDivision\Content\Paks\pakchunk1376-WindowsNoEditor.sig",596,596,606,10
"3094B3F3B62FA4801DB7B568743F11E31F491E5F","TheDivision\Content\Paks\pakchunk1408-WindowsNoEditor.pak",954557,954557,944123,10
"3094B3F3B62FA4801DB7B568743F11E31F491E5F","TheDivision\Content\Paks\pakchunk1408-WindowsNoEditor.sig",588,588,598,10
"3094B3F3B62FA4801DB7B568743F11E31F491E5F","TheDivision\Content\Paks\pakchunk1412-WindowsNoEditor.pak",621252,621252,614124,10
"3094B3F3B62FA4801DB7B568743F11E31F491E5F","TheDivision\Content\Paks\pakchunk1412-WindowsNoEditor.sig",568,568,578,10
"3094B3F3B62FA4801DB7B568743F11E31F491E5F","TheDivision\Content\Paks\pakchunk1416-WindowsNoEditor.pak",553825,553825,546655,10
"3094B3F3B62FA4801DB7B568743F11E31F491E5F","TheDivision\Content\Paks\pakchunk1416-WindowsNoEditor.sig",564,564,574,10
"3094B3F3B62FA4801DB7B568743F11E31F491E5F","TheDivision\Content\Paks\pakchunk1420-WindowsNoEditor.pak",1027198,1027198,1020904,10
"3094B3F3B62FA4801DB7B568743F11E31F491E5F","TheDivision\Content\Paks\pakchunk1420-WindowsNoEditor.sig",592,592,602,10
"3094B3F3B62FA4801DB7B568743F11E31F491E5F","TheDivision\Content\Paks\pakchunk1424-WindowsNoEditor.pak",441784,441784,437040,10
"3094B3F3B62FA4801DB7B568743F11E31F491E5F","TheDivision\Content\Paks\pakchunk1424-WindowsNoEditor.sig",556,556,566,10
"3094B3F3B62FA4801DB7B568743F11E31F491E5F","TheDivision\Content\Paks\pakchunk1428-WindowsNoEditor.pak",579299,579299,574382,10
"3094B3F3B62FA4801DB7B568743F11E31F491E5F","TheDivision\Content\Paks\pakchunk1428-WindowsNoEditor.sig",564,564,574,10
"3094B3F3B62FA4801DB7B568743F11E31F491E5F","TheDivision\Content\Paks\pakchunk1432-WindowsNoEditor.pak",440229,440229,433461,10
"3094B3F3B62FA4801DB7B568743F11E31F491E5F","TheDivision\Content\Paks\pakchunk1432-WindowsNoEditor.sig",556,556,566,10
"3094B3F3B62FA4801DB7B568743F11E31F491E5F","TheDivision\Content\Paks\pakchunk1444-WindowsNoEditor.pak",384671,384671,381426,10
"3094B3F3B62FA4801DB7B568743F11E31F491E5F","TheDivision\Content\Paks\pakchunk1444-WindowsNoEditor.sig",552,552,562,10
"3094B3F3B62FA4801DB7B568743F11E31F491E5F","TheDivision\Content\Paks\pakchunk1448-WindowsNoEditor.pak",705001,705001,690132,10
"3094B3F3B62FA4801DB7B568743F11E31F491E5F","TheDivision\Content\Paks\pakchunk1448-WindowsNoEditor.sig",572,572,582,10
"3094B3F3B62FA4801DB7B568743F11E31F491E5F","TheDivision\Content\Paks\pakchunk1460-WindowsNoEditor.pak",384262,384262,380501,10
"3094B3F3B62FA4801DB7B568743F11E31F491E5F","TheDivision\Content\Paks\pakchunk1460-WindowsNoEditor.sig",552,552,562,10
"3094B3F3B62FA4801DB7B568743F11E31F491E5F","TheDivision\Content\Paks\pakchunk1468-WindowsNoEditor.pak",719264,719264,714755,10
"3094B3F3B62FA4801DB7B568743F11E31F491E5F","TheDivision\Content\Paks\pakchunk1468-WindowsNoEditor.sig",572,572,582,10
"3094B3F3B62FA4801DB7B568743F11E31F491E5F","TheDivision\Content\Paks\pakchunk1476-WindowsNoEditor.pak",443495,443495,439641,10
"3094B3F3B62FA4801DB7B568743F11E31F491E5F","TheDivision\Content\Paks\pakchunk1476-WindowsNoEditor.sig",556,556,566,10
"3094B3F3B62FA4801DB7B568743F11E31F491E5F","TheDivision\Content\Paks\pakchunk1480-WindowsNoEditor.pak",418257,418257,415364,10
"3094B3F3B62FA4801DB7B568743F11E31F491E5F","TheDivision\Content\Paks\pakchunk1480-WindowsNoEditor.sig",556,556,566,10
"3094B3F3B62FA4801DB7B568743F11E31F491E5F","TheDivision\Content\Paks\pakchunk1484-WindowsNoEditor.pak",577752,577752,570497,10
"3094B3F3B62FA4801DB7B568743F11E31F491E5F","TheDivision\Content\Paks\pakchunk1484-WindowsNoEditor.sig",564,564,574,10
"3094B3F3B62FA4801DB7B568743F11E31F491E5F","TheDivision\Content\Paks\pakchunk1496-WindowsNoEditor.pak",292745,292745,287201,10
"3094B3F3B62FA4801DB7B568743F11E31F491E5F","TheDivision\Content\Paks\pakchunk1496-WindowsNoEditor.sig",548,548,558,10
"3094B3F3B62FA4801DB7B568743F11E31F491E5F","TheDivision\Content\Paks\pakchunk1500-WindowsNoEditor.pak",990801,990801,982289,10
"3094B3F3B62FA4801DB7B568743F11E31F491E5F","TheDivision\Content\Paks\pakchunk1500-WindowsNoEditor.sig",592,592,602,10
"3094B3F3B62FA4801DB7B568743F11E31F491E5F","TheDivision\Content\Paks\pakchunk1508-WindowsNoEditor.pak",287481,287481,282944,10
"3094B3F3B62FA4801DB7B568743F11E31F491E5F","TheDivision\Content\Paks\pakchunk1508-WindowsNoEditor.sig",548,548,558,10
"3094B3F3B62FA4801DB7B568743F11E31F491E5F","TheDivision\Content\Paks\pakchunk1512-WindowsNoEditor.pak",297877,297877,292118,10
"3094B3F3B62FA4801DB7B568743F11E31F491E5F","TheDivision\Content\Paks\pakchunk1512-WindowsNoEditor.sig",548,548,558,10
"3094B3F3B62FA4801DB7B568743F11E31F491E5F","TheDivision\Content\Paks\pakchunk1536-WindowsNoEditor.pak",294492,294492,288590,10
"3094B3F3B62FA4801DB7B568743F11E31F491E5F","TheDivision\Content\Paks\pakchunk1536-WindowsNoEditor.sig",548,548,558,10
"3094B3F3B62FA4801DB7B568743F11E31F491E5F","TheDivision\Content\Paks\pakchunk1540-WindowsNoEditor.pak",681645,681645,670925,10
"3094B3F3B62FA4801DB7B568743F11E31F491E5F","TheDivision\Content\Paks\pakchunk1540-WindowsNoEditor.sig",572,572,582,10
"3094B3F3B62FA4801DB7B568743F11E31F491E5F","TheDivision\Content\Paks\pakchunk2000-WindowsNoEditor.pak",1229995,1229995,1222679,11
"3094B3F3B62FA4801DB7B568743F11E31F491E5F","TheDivision\Content\Paks\pakchunk2000-WindowsNoEditor.sig",604,604,614,11
"3094B3F3B62FA4801DB7B568743F11E31F491E5F","TheDivision\Content\Paks\pakchunk2004-WindowsNoEditor.pak",1229603,1229603,1220783,11
"3094B3F3B62FA4801DB7B568743F11E31F491E5F","TheDivision\Content\Paks\pakchunk2004-WindowsNoEditor.sig",604,604,614,11
"3094B3F3B62FA4801DB7B568743F11E31F491E5F","TheDivision\Content\Paks\pakchunk2008-WindowsNoEditor.pak",1744355,1744355,1733429,11
"3094B3F3B62FA4801DB7B568743F11E31F491E5F","TheDivision\Content\Paks\pakchunk2008-WindowsNoEditor.sig",636,636,646,11
"3094B3F3B62FA4801DB7B568743F11E31F491E5F","TheDivision\Content\Paks\pakchunk2012-WindowsNoEditor.pak",1753258,1753258,1742969,11
"3094B3F3B62FA4801DB7B568743F11E31F491E5F","TheDivision\Content\Paks\pakchunk2012-WindowsNoEditor.sig",636,636,646,11
"3094B3F3B62FA4801DB7B568743F11E31F491E5F","TheDivision\Content\Paks\pakchunk2016-WindowsNoEditor.pak",2416483,2416483,2402372,11
"3094B3F3B62FA4801DB7B568743F11E31F491E5F","TheDivision\Content\Paks\pakchunk2016-WindowsNoEditor.sig",676,676,686,11
"3094B3F3B62FA4801DB7B568743F11E31F491E5F","TheDivision\Content\Paks\pakchunk2020-WindowsNoEditor.pak",1216406,1216406,1208360,11
"3094B3F3B62FA4801DB7B568743F11E31F491E5F","TheDivision\Content\Paks\pakchunk2020-WindowsNoEditor.sig",604,604,614,11
"3094B3F3B62FA4801DB7B568743F11E31F491E5F","TheDivision\Content\Paks\pakchunk2024-WindowsNoEditor.pak",1346144,1346144,1334368,11
"3094B3F3B62FA4801DB7B568743F11E31F491E5F","TheDivision\Content\Paks\pakchunk2024-WindowsNoEditor.sig",612,612,622,11
"3094B3F3B62FA4801DB7B568743F11E31F491E5F","TheDivision\Content\Paks\pakchunk2028-WindowsNoEditor.pak",1544705,1544705,1534160,11
"3094B3F3B62FA4801DB7B568743F11E31F491E5F","TheDivision\Content\Paks\pakchunk2028-WindowsNoEditor.sig",624,624,634,11
"3094B3F3B62FA4801DB7B568743F11E31F491E5F","TheDivision\Content\Paks\pakchunk2032-WindowsNoEditor.pak",256083,256083,251653,11
"3094B3F3B62FA4801DB7B568743F11E31F491E5F","TheDivision\Content\Paks\pakchunk2032-WindowsNoEditor.sig",544,544,554,11
"3094B3F3B62FA4801DB7B568743F11E31F491E5F","TheDivision\Content\Paks\pakchunk2036-WindowsNoEditor.pak",429794,429794,417807,11
"3094B3F3B62FA4801DB7B568743F11E31F491E5F","TheDivision\Content\Paks\pakchunk2036-WindowsNoEditor.sig",556,556,566,11
"3094B3F3B62FA4801DB7B568743F11E31F491E5F","TheDivision\Content\Paks\pakchunk2040-WindowsNoEditor.pak",616734,616734,609842,11
"3094B3F3B62FA4801DB7B568743F11E31F491E5F","TheDivision\Content\Paks\pakchunk2040-WindowsNoEditor.sig",568,568,578,11
"3094B3F3B62FA4801DB7B568743F11E31F491E5F","TheDivision\Content\Paks\pakchunk2044-WindowsNoEditor.pak",184581,184581,176389,11
"3094B3F3B62FA4801DB7B568743F11E31F491E5F","TheDivision\Content\Paks\pakchunk2044-WindowsNoEditor.sig",540,540,550,11
"3094B3F3B62FA4801DB7B568743F11E31F491E5F","TheDivision\Content\Paks\pakchunk2048-WindowsNoEditor.pak",480658,480658,471963,11
"3094B3F3B62FA4801DB7B568743F11E31F491E5F","TheDivision\Content\Paks\pakchunk2048-WindowsNoEditor.sig",560,560,570,11
"3094B3F3B62FA4801DB7B568743F11E31F491E5F","TheDivision\Content\Paks\pakchunk2052-WindowsNoEditor.pak",271129,271129,263627,11
"3094B3F3B62FA4801DB7B568743F11E31F491E5F","TheDivision\Content\Paks\pakchunk2052-WindowsNoEditor.sig",548,548,558,11
"3094B3F3B62FA4801DB7B568743F11E31F491E5F","TheDivision\Content\Paks\pakchunk2056-WindowsNoEditor.pak",470482,470482,463447,11
"3094B3F3B62FA4801DB7B568743F11E31F491E5F","TheDivision\Content\Paks\pakchunk2056-WindowsNoEditor.sig",560,560,570,11
"3094B3F3B62FA4801DB7B568743F11E31F491E5F","TheDivision\Content\Paks\pakchunk2060-WindowsNoEditor.pak",755641,755641,747320,11
"3094B3F3B62FA4801DB7B568743F11E31F491E5F","TheDivision\Content\Paks\pakchunk2060-WindowsNoEditor.sig",576,576,586,11
"3094B3F3B62FA4801DB7B568743F11E31F491E5F","TheDivision\Content\Paks\pakchunk2064-WindowsNoEditor.pak",637819,637819,630322,11
"3094B3F3B62FA4801DB7B568743F11E31F491E5F","TheDivision\Content\Paks\pakchunk2064-WindowsNoEditor.sig",568,568,578,11
"3094B3F3B62FA4801DB7B568743F11E31F491E5F","TheDivision\Content\Paks\pakchunk2068-WindowsNoEditor.pak",665115,665115,658367,11
"3094B3F3B62FA4801DB7B568743F11E31F491E5F","TheDivision\Content\Paks\pakchunk2068-WindowsNoEditor.sig",572,572,582,11
"3094B3F3B62FA4801DB7B568743F11E31F491E5F","TheDivision\Content\Paks\pakchunk2072-WindowsNoEditor.pak",495298,495298,490080,11
"3094B3F3B62FA4801DB7B568743F11E31F491E5F","TheDivision\Content\Paks\pakchunk2072-WindowsNoEditor.sig",560,560,570,11
"3094B3F3B62FA4801DB7B568743F11E31F491E5F","TheDivision\Content\Paks\pakchunk2076-WindowsNoEditor.pak",597653,597653,591230,11
"3094B3F3B62FA4801DB7B568743F11E31F491E5F","TheDivision\Content\Paks\pakchunk2076-WindowsNoEditor.sig",568,568,578,11
"3094B3F3B62FA4801DB7B568743F11E31F491E5F","TheDivision\Content\Paks\pakchunk2080-WindowsNoEditor.pak",1102937,1102937,1095986,11
"3094B3F3B62FA4801DB7B568743F11E31F491E5F","TheDivision\Content\Paks\pakchunk2080-WindowsNoEditor.sig",596,596,606,11
"3094B3F3B62FA4801DB7B568743F11E31F491E5F","TheDivision\Content\Paks\pakchunk2084-WindowsNoEditor.pak",708942,708942,703260,11
"3094B3F3B62FA4801DB7B568743F11E31F491E5F","TheDivision\Content\Paks\pakchunk2084-WindowsNoEditor.sig",572,572,582,11
"3094B3F3B62FA4801DB7B568743F11E31F491E5F","TheDivision\Content\Paks\pakchunk2088-WindowsNoEditor.pak",638014,638014,630630,11
"3094B3F3B62FA4801DB7B568743F11E31F491E5F","TheDivision\Content\Paks\pakchunk2088-WindowsNoEditor.sig",568,568,578,11
"3094B3F3B62FA4801DB7B568743F11E31F491E5F","TheDivision\Content\Paks\pakchunk2092-WindowsNoEditor.pak",254307,254307,249547,11
"3094B3F3B62FA4801DB7B568743F11E31F491E5F","TheDivision\Content\Paks\pakchunk2092-WindowsNoEditor.sig",544,544,554,11
"3094B3F3B62FA4801DB7B568743F11E31F491E5F","TheDivision\Content\Paks\pakchunk2096-WindowsNoEditor.pak",304843,304843,298159,11
"3094B3F3B62FA4801DB7B568743F11E31F491E5F","TheDivision\Content\Paks\pakchunk2096-WindowsNoEditor.sig",548,548,558,11
"3094B3F3B62FA4801DB7B568743F11E31F491E5F","TheDivision\Content\Paks\pakchunk2100-WindowsNoEditor.pak",618812,618812,610040,11
"3094B3F3B62FA4801DB7B568743F11E31F491E5F","TheDivision\Content\Paks\pakchunk2100-WindowsNoEditor.sig",568,568,578,11
"3094B3F3B62FA4801DB7B568743F11E31F491E5F","TheDivision\Content\Paks\pakchunk2104-WindowsNoEditor.pak",206557,206557,200827,11
"3094B3F3B62FA4801DB7B568743F11E31F491E5F","TheDivision\Content\Paks\pakchunk2104-WindowsNoEditor.sig",544,544,554,11
"3094B3F3B62FA4801DB7B568743F11E31F491E5F","TheDivision\Content\Paks\pakchunk2108-WindowsNoEditor.pak",484740,484740,477930,11
"3094B3F3B62FA4801DB7B568743F11E31F491E5F","TheDivision\Content\Paks\pakchunk2108-WindowsNoEditor.sig",560,560,570,11
"3094B3F3B62FA4801DB7B568743F11E31F491E5F","TheDivision\Content\Paks\pakchunk2112-WindowsNoEditor.pak",373385,373385,362970,11
"3094B3F3B62FA4801DB7B568743F11E31F491E5F","TheDivision\Content\Paks\pakchunk2112-WindowsNoEditor.sig",552,552,562,11
"3094B3F3B62FA4801DB7B568743F11E31F491E5F","TheDivision\Content\Paks\pakchunk2116-WindowsNoEditor.pak",319622,319622,313660,11
"3094B3F3B62FA4801DB7B568743F11E31F491E5F","TheDivision\Content\Paks\pakchunk2116-WindowsNoEditor.sig",548,548,558,11
"3094B3F3B62FA4801DB7B568743F11E31F491E5F","TheDivision\Content\Paks\pakchunk2120-WindowsNoEditor.pak",255350,255350,249086,11
"3094B3F3B62FA4801DB7B568743F11E31F491E5F","TheDivision\Content\Paks\pakchunk2120-WindowsNoEditor.sig",544,544,554,11
"3094B3F3B62FA4801DB7B568743F11E31F491E5F","TheDivision\Content\Paks\pakchunk2124-WindowsNoEditor.pak",1817603,1817603,1803946,11
"3094B3F3B62FA4801DB7B568743F11E31F491E5F","TheDivision\Content\Paks\pakchunk2124-WindowsNoEditor.sig",640,640,650,11
"3094B3F3B62FA4801DB7B568743F11E31F491E5F","TheDivision\Content\Paks\pakchunk2128-WindowsNoEditor.pak",2119896,2119896,2101573,11
"3094B3F3B62FA4801DB7B568743F11E31F491E5F","TheDivision\Content\Paks\pakchunk2128-WindowsNoEditor.sig",660,660,670,11
"3094B3F3B62FA4801DB7B568743F11E31F491E5F","TheDivision\Content\Paks\pakchunk2132-WindowsNoEditor.pak",2230181,2230181,2211745,11
"3094B3F3B62FA4801DB7B568743F11E31F491E5F","TheDivision\Content\Paks\pakchunk2132-WindowsNoEditor.sig",668,668,678,11
"3094B3F3B62FA4801DB7B568743F11E31F491E5F","TheDivision\Content\Paks\pakchunk2136-WindowsNoEditor.pak",2097940,2097940,2082419,11
"3094B3F3B62FA4801DB7B568743F11E31F491E5F","TheDivision\Content\Paks\pakchunk2136-WindowsNoEditor.sig",660,660,670,11
"3094B3F3B62FA4801DB7B568743F11E31F491E5F","TheDivision\Content\Paks\pakchunk2140-WindowsNoEditor.pak",2182588,2182588,2168182,11
"3094B3F3B62FA4801DB7B568743F11E31F491E5F","TheDivision\Content\Paks\pakchunk2140-WindowsNoEditor.sig",664,664,674,11
"3094B3F3B62FA4801DB7B568743F11E31F491E5F","TheDivision\Content\Paks\pakchunk2144-WindowsNoEditor.pak",1577300,1577300,1563322,11
"3094B3F3B62FA4801DB7B568743F11E31F491E5F","TheDivision\Content\Paks\pakchunk2144-WindowsNoEditor.sig",628,628,638,11
"3094B3F3B62FA4801DB7B568743F11E31F491E5F","TheDivision\Content\Paks\pakchunk2148-WindowsNoEditor.pak",1161912,1161912,1146820,11
"3094B3F3B62FA4801DB7B568743F11E31F491E5F","TheDivision\Content\Paks\pakchunk2148-WindowsNoEditor.sig",600,600,610,11
"3094B3F3B62FA4801DB7B568743F11E31F491E5F","TheDivision\Content\Paks\pakchunk2152-WindowsNoEditor.pak",2128278,2128278,2115239,11
"3094B3F3B62FA4801DB7B568743F11E31F491E5F","TheDivision\Content\Paks\pakchunk2152-WindowsNoEditor.sig",660,660,670,11
"3094B3F3B62FA4801DB7B568743F11E31F491E5F","TheDivision\Content\Paks\pakchunk2156-WindowsNoEditor.pak",452111,452111,445355,11
"3094B3F3B62FA4801DB7B568743F11E31F491E5F","TheDivision\Content\Paks\pakchunk2156-WindowsNoEditor.sig",556,556,566,11
"3094B3F3B62FA4801DB7B568743F11E31F491E5F","TheDivision\Content\Paks\pakchunk2160-WindowsNoEditor.pak",359588,359588,350853,11
"3094B3F3B62FA4801DB7B568743F11E31F491E5F","TheDivision\Content\Paks\pakchunk2160-WindowsNoEditor.sig",552,552,562,11
"3094B3F3B62FA4801DB7B568743F11E31F491E5F","TheDivision\Content\Paks\pakchunk2164-WindowsNoEditor.pak",431136,431136,424579,11
"3094B3F3B62FA4801DB7B568743F11E31F491E5F","TheDivision\Content\Paks\pakchunk2164-WindowsNoEditor.sig",556,556,566,11
"3094B3F3B62FA4801DB7B568743F11E31F491E5F","TheDivision\Content\Paks\pakchunk2168-WindowsNoEditor.pak",406974,406974,400959,11
"3094B3F3B62FA4801DB7B568743F11E31F491E5F","TheDivision\Content\Paks\pakchunk2168-WindowsNoEditor.sig",556,556,566,11
"3094B3F3B62FA4801DB7B568743F11E31F491E5F","TheDivision\Content\Paks\pakchunk2172-WindowsNoEditor.pak",377700,377700,370523,11
"3094B3F3B62FA4801DB7B568743F11E31F491E5F","TheDivision\Content\Paks\pakchunk2172-WindowsNoEditor.sig",552,552,562,11
"3094B3F3B62FA4801DB7B568743F11E31F491E5F","TheDivision\Content\Paks\pakchunk2176-WindowsNoEditor.pak",303552,303552,298924,11
"3094B3F3B62FA4801DB7B568743F11E31F491E5F","TheDivision\Content\Paks\pakchunk2176-WindowsNoEditor.sig",548,548,558,11
"3094B3F3B62FA4801DB7B568743F11E31F491E5F","TheDivision\Content\Paks\pakchunk2180-WindowsNoEditor.pak",595001,595001,587542,11
"3094B3F3B62FA4801DB7B568743F11E31F491E5F","TheDivision\Content\Paks\pakchunk2180-WindowsNoEditor.sig",568,568,578,11
"3094B3F3B62FA4801DB7B568743F11E31F491E5F","TheDivision\Content\Paks\pakchunk2184-WindowsNoEditor.pak",499888,499888,492651,11
"3094B3F3B62FA4801DB7B568743F11E31F491E5F","TheDivision\Content\Paks\pakchunk2184-WindowsNoEditor.sig",560,560,570,11
"3094B3F3B62FA4801DB7B568743F11E31F491E5F","TheDivision\Content\Paks\pakchunk2188-WindowsNoEditor.pak",285005,285005,277876,11
"3094B3F3B62FA4801DB7B568743F11E31F491E5F","TheDivision\Content\Paks\pakchunk2188-WindowsNoEditor.sig",548,548,558,11
"3094B3F3B62FA4801DB7B568743F11E31F491E5F","TheDivision\Content\Paks\pakchunk3000-WindowsNoEditor.pak",5685233,5685233,5651774,12
"3094B3F3B62FA4801DB7B568743F11E31F491E5F","TheDivision\Content\Paks\pakchunk3000-WindowsNoEditor.sig",876,876,886,12
"3094B3F3B62FA4801DB7B568743F11E31F491E5F","TheDivision\Content\Paks\pakchunk3004-WindowsNoEditor.pak",631200,631200,590377,12
"3094B3F3B62FA4801DB7B568743F11E31F491E5F","TheDivision\Content\Paks\pakchunk3004-WindowsNoEditor.sig",568,568,578,12
"3094B3F3B62FA4801DB7B568743F11E31F491E5F","TheDivision\Content\Paks\pakchunk3012-WindowsNoEditor.pak",1823790,1823790,1793142,12
"3094B3F3B62FA4801DB7B568743F11E31F491E5F","TheDivision\Content\Paks\pakchunk3012-WindowsNoEditor.sig",640,640,650,12
"3094B3F3B62FA4801DB7B568743F11E31F491E5F","TheDivision\Content\Paks\pakchunk3016-WindowsNoEditor.pak",2067561,2067561,2027503,12
"3094B3F3B62FA4801DB7B568743F11E31F491E5F","TheDivision\Content\Paks\pakchunk3016-WindowsNoEditor.sig",656,656,666,12
"3094B3F3B62FA4801DB7B568743F11E31F491E5F","TheDivision\Content\Paks\pakchunk3020-WindowsNoEditor.pak",2028688,2028688,1993683,12
"3094B3F3B62FA4801DB7B568743F11E31F491E5F","TheDivision\Content\Paks\pakchunk3020-WindowsNoEditor.sig",652,652,662,12
"3094B3F3B62FA4801DB7B568743F11E31F491E5F","TheDivision\Content\Paks\pakchunk3040-WindowsNoEditor.pak",4033248,4033248,3995412,12
"3094B3F3B62FA4801DB7B568743F11E31F491E5F","TheDivision\Content\Paks\pakchunk3040-WindowsNoEditor.sig",776,776,786,12
"3094B3F3B62FA4801DB7B568743F11E31F491E5F","TheDivision\Content\Paks\pakchunk3044-WindowsNoEditor.pak",5378067,5378067,5322902,12
"3094B3F3B62FA4801DB7B568743F11E31F491E5F","TheDivision\Content\Paks\pakchunk3044-WindowsNoEditor.sig",860,860,870,12
"3094B3F3B62FA4801DB7B568743F11E31F491E5F","TheDivision\Content\Paks\pakchunk3064-WindowsNoEditor.pak",1466554,1466554,1451376,12
"3094B3F3B62FA4801DB7B568743F11E31F491E5F","TheDivision\Content\Paks\pakchunk3064-WindowsNoEditor.sig",620,620,630,12
"3094B3F3B62FA4801DB7B568743F11E31F491E5F","TheDivision\Content\Paks\pakchunk3068-WindowsNoEditor.pak",4294626,4294626,4274124,12
"3094B3F3B62FA4801DB7B568743F11E31F491E5F","TheDivision\Content\Paks\pakchunk3068-WindowsNoEditor.sig",792,792,802,12
"3094B3F3B62FA4801DB7B568743F11E31F491E5F","TheDivision\Content\Paks\pakchunk3076-WindowsNoEditor.pak",4202517,4202517,4181820,12
"3094B3F3B62FA4801DB7B568743F11E31F491E5F","TheDivision\Content\Paks\pakchunk3076-WindowsNoEditor.sig",788,788,798,12
"3094B3F3B62FA4801DB7B568743F11E31F491E5F","TheDivision\Content\Paks\pakchunk3084-WindowsNoEditor.pak",4306964,4306964,4284086,12
"3094B3F3B62FA4801DB7B568743F11E31F491E5F","TheDivision\Content\Paks\pakchunk3084-WindowsNoEditor.sig",792,792,802,12
"3094B3F3B62FA4801DB7B568743F11E31F491E5F","TheDivision\Content\Paks\pakchunk3088-WindowsNoEditor.pak",5636301,5636301,5587044,12
"3094B3F3B62FA4801DB7B568743F11E31F491E5F","TheDivision\Content\Paks\pakchunk3088-WindowsNoEditor.sig",876,876,886,12
"3094B3F3B62FA4801DB7B568743F11E31F491E5F","TheDivision\Content\Paks\pakchunk3096-WindowsNoEditor.pak",1976206,1976206,1960510,12
"3094B3F3B62FA4801DB7B568743F11E31F491E5F","TheDivision\Content\Paks\pakchunk3096-WindowsNoEditor.sig",652,652,662,12
"3094B3F3B62FA4801DB7B568743F11E31F491E5F","TheDivision\Content\Paks\pakchunk3100-WindowsNoEditor.pak",3391330,3391330,3365463,12
"3094B3F3B62FA4801DB7B568743F11E31F491E5F","TheDivision\Content\Paks\pakchunk3100-WindowsNoEditor.sig",736,736,746,12
"3094B3F3B62FA4801DB7B568743F11E31F491E5F","TheDivision\Content\Paks\pakchunk3104-WindowsNoEditor.pak",1455196,1455196,1446133,12
"3094B3F3B62FA4801DB7B568743F11E31F491E5F","TheDivision\Content\Paks\pakchunk3104-WindowsNoEditor.sig",620,620,630,12
"3094B3F3B62FA4801DB7B568743F11E31F491E5F","TheDivision\Content\Paks\pakchunk3108-WindowsNoEditor.pak",4862004,4862004,4834682,12
"3094B3F3B62FA4801DB7B568743F11E31F491E5F","TheDivision\Content\Paks\pakchunk3108-WindowsNoEditor.sig",828,828,838,12
"3094B3F3B62FA4801DB7B568743F11E31F491E5F","TheDivision\Content\Paks\pakchunk3112-WindowsNoEditor.pak",4496970,4496970,4452585,12
"3094B3F3B62FA4801DB7B568743F11E31F491E5F","TheDivision\Content\Paks\pakchunk3112-WindowsNoEditor.sig",804,804,814,12
"3094B3F3B62FA4801DB7B568743F11E31F491E5F","TheDivision\Content\Paks\pakchunk3116-WindowsNoEditor.pak",5464096,5464096,5431615,12
"3094B3F3B62FA4801DB7B568743F11E31F491E5F","TheDivision\Content\Paks\pakchunk3116-WindowsNoEditor.sig",864,864,874,12
"3094B3F3B62FA4801DB7B568743F11E31F491E5F","TheDivision\Content\Paks\pakchunk3120-WindowsNoEditor.pak",5044248,5044248,5015418,12
"3094B3F3B62FA4801DB7B568743F11E31F491E5F","TheDivision\Content\Paks\pakchunk3120-WindowsNoEditor.sig",836,836,846,12
"3094B3F3B62FA4801DB7B568743F11E31F491E5F","TheDivision\Content\Paks\pakchunk3124-WindowsNoEditor.pak",5333001,5333001,5302077,12
"3094B3F3B62FA4801DB7B568743F11E31F491E5F","TheDivision\Content\Paks\pakchunk3124-WindowsNoEditor.sig",856,856,866,12
"3094B3F3B62FA4801DB7B568743F11E31F491E5F","TheDivision\Content\Paks\pakchunk3128-WindowsNoEditor.pak",4124645,4124645,4097172,12
"3094B3F3B62FA4801DB7B568743F11E31F491E5F","TheDivision\Content\Paks\pakchunk3128-WindowsNoEditor.sig",780,780,790,12
"3094B3F3B62FA4801DB7B568743F11E31F491E5F","TheDivision\Content\Paks\pakchunk3132-WindowsNoEditor.pak",4870120,4870120,4842082,12
"3094B3F3B62FA4801DB7B568743F11E31F491E5F","TheDivision\Content\Paks\pakchunk3132-WindowsNoEditor.sig",828,828,838,12
"3094B3F3B62FA4801DB7B568743F11E31F491E5F","TheDivision\Content\Paks\pakchunk3136-WindowsNoEditor.pak",4638756,4638756,4612376,12
"3094B3F3B62FA4801DB7B568743F11E31F491E5F","TheDivision\Content\Paks\pakchunk3136-WindowsNoEditor.sig",812,812,822,12
"3094B3F3B62FA4801DB7B568743F11E31F491E5F","TheDivision\Content\Paks\pakchunk3140-WindowsNoEditor.pak",760961,760961,737513,12
"3094B3F3B62FA4801DB7B568743F11E31F491E5F","TheDivision\Content\Paks\pakchunk3140-WindowsNoEditor.sig",576,576,586,12
"3094B3F3B62FA4801DB7B568743F11E31F491E5F","TheDivision\Content\Paks\pakchunk3144-WindowsNoEditor.pak",668408,668408,645284,12
"3094B3F3B62FA4801DB7B568743F11E31F491E5F","TheDivision\Content\Paks\pakchunk3144-WindowsNoEditor.sig",572,572,582,12
"3094B3F3B62FA4801DB7B568743F11E31F491E5F","TheDivision\Content\Paks\pakchunk3148-WindowsNoEditor.pak",720268,720268,701530,12
"3094B3F3B62FA4801DB7B568743F11E31F491E5F","TheDivision\Content\Paks\pakchunk3148-WindowsNoEditor.sig",572,572,582,12
"3094B3F3B62FA4801DB7B568743F11E31F491E5F","TheDivision\Content\Paks\pakchunk3156-WindowsNoEditor.pak",2634421,2634421,2592047,12
"3094B3F3B62FA4801DB7B568743F11E31F491E5F","TheDivision\Content\Paks\pakchunk3156-WindowsNoEditor.sig",692,692,702,12
"3094B3F3B62FA4801DB7B568743F11E31F491E5F","TheDivision\Content\Paks\pakchunk3164-WindowsNoEditor.pak",1687982,1687982,1660162,12
"3094B3F3B62FA4801DB7B568743F11E31F491E5F","TheDivision\Content\Paks\pakchunk3164-WindowsNoEditor.sig",632,632,642,12
"3094B3F3B62FA4801DB7B568743F11E31F491E5F","TheDivision\Content\Paks\pakchunk3168-WindowsNoEditor.pak",2058670,2058670,2017557,12
"3094B3F3B62FA4801DB7B568743F11E31F491E5F","TheDivision\Content\Paks\pakchunk3168-WindowsNoEditor.sig",656,656,666,12
"3094B3F3B62FA4801DB7B568743F11E31F491E5F","TheDivision\Content\Paks\pakchunk3172-WindowsNoEditor.pak",2015967,2015967,1982073,12
"3094B3F3B62FA4801DB7B568743F11E31F491E5F","TheDivision\Content\Paks\pakchunk3172-WindowsNoEditor.sig",652,652,662,12
"3094B3F3B62FA4801DB7B568743F11E31F491E5F","TheDivision\Content\Paks\pakchunk3176-WindowsNoEditor.pak",1687991,1687991,1659152,12
"3094B3F3B62FA4801DB7B568743F11E31F491E5F","TheDivision\Content\Paks\pakchunk3176-WindowsNoEditor.sig",632,632,642,12
"3094B3F3B62FA4801DB7B568743F11E31F491E5F","TheDivision\Content\Paks\pakchunk3180-WindowsNoEditor.pak",2059072,2059072,2015191,12
"3094B3F3B62FA4801DB7B568743F11E31F491E5F","TheDivision\Content\Paks\pakchunk3180-WindowsNoEditor.sig",656,656,666,12
"3094B3F3B62FA4801DB7B568743F11E31F491E5F","TheDivision\Content\Paks\pakchunk3184-WindowsNoEditor.pak",1365645,1365645,1345306,12
"3094B3F3B62FA4801DB7B568743F11E31F491E5F","TheDivision\Content\Paks\pakchunk3184-WindowsNoEditor.sig",612,612,622,12
"3094B3F3B62FA4801DB7B568743F11E31F491E5F","TheDivision\Content\Paks\pakchunk3188-WindowsNoEditor.pak",2234985,2234985,1579715,12
"3094B3F3B62FA4801DB7B568743F11E31F491E5F","TheDivision\Content\Paks\pakchunk3188-WindowsNoEditor.sig",668,668,678,12
"3094B3F3B62FA4801DB7B568743F11E31F491E5F","TheDivision\Content\Paks\pakchunk3192-WindowsNoEditor.pak",1897213,1897213,1854019,12
"3094B3F3B62FA4801DB7B568743F11E31F491E5F","TheDivision\Content\Paks\pakchunk3192-WindowsNoEditor.sig",644,644,654,12
"3094B3F3B62FA4801DB7B568743F11E31F491E5F","TheDivision\Content\Paks\pakchunk3196-WindowsNoEditor.pak",2132704,2132704,2091106,12
"3094B3F3B62FA4801DB7B568743F11E31F491E5F","TheDivision\Content\Paks\pakchunk3196-WindowsNoEditor.sig",660,660,670,12
"3094B3F3B62FA4801DB7B568743F11E31F491E5F","TheDivision\Content\Paks\pakchunk3200-WindowsNoEditor.pak",1835735,1835735,1794630,12
"3094B3F3B62FA4801DB7B568743F11E31F491E5F","TheDivision\Content\Paks\pakchunk3200-WindowsNoEditor.sig",644,644,654,12
"3094B3F3B62FA4801DB7B568743F11E31F491E5F","TheDivision\Content\Paks\pakchunk3204-WindowsNoEditor.pak",1893041,1893041,1853399,12
"3094B3F3B62FA4801DB7B568743F11E31F491E5F","TheDivision\Content\Paks\pakchunk3204-WindowsNoEditor.sig",644,644,654,12
"3094B3F3B62FA4801DB7B568743F11E31F491E5F","TheDivision\Content\Paks\pakchunk3208-WindowsNoEditor.pak",1843927,1843927,1801725,12
"3094B3F3B62FA4801DB7B568743F11E31F491E5F","TheDivision\Content\Paks\pakchunk3208-WindowsNoEditor.sig",644,644,654,12
"3094B3F3B62FA4801DB7B568743F11E31F491E5F","TheDivision\Content\Paks\pakchunk3212-WindowsNoEditor.pak",1737179,1737179,1698113,12
"3094B3F3B62FA4801DB7B568743F11E31F491E5F","TheDivision\Content\Paks\pakchunk3212-WindowsNoEditor.sig",636,636,646,12
"3094B3F3B62FA4801DB7B568743F11E31F491E5F","TheDivision\Content\Paks\pakchunk3216-WindowsNoEditor.pak",2513701,2513701,1504086,12
"3094B3F3B62FA4801DB7B568743F11E31F491E5F","TheDivision\Content\Paks\pakchunk3216-WindowsNoEditor.sig",684,684,694,12
"3094B3F3B62FA4801DB7B568743F11E31F491E5F","TheDivision\Content\Paks\pakchunk3220-WindowsNoEditor.pak",1946576,1946576,1907230,12
"3094B3F3B62FA4801DB7B568743F11E31F491E5F","TheDivision\Content\Paks\pakchunk3220-WindowsNoEditor.sig",648,648,658,12
"3094B3F3B62FA4801DB7B568743F11E31F491E5F","TheDivision\Content\Paks\pakchunk3224-WindowsNoEditor.pak",2138949,2138949,2095800,12
"3094B3F3B62FA4801DB7B568743F11E31F491E5F","TheDivision\Content\Paks\pakchunk3224-WindowsNoEditor.sig",660,660,670,12
"3094B3F3B62FA4801DB7B568743F11E31F491E5F","TheDivision\Content\Paks\pakchunk3228-WindowsNoEditor.pak",2257743,2257743,2218003,12
"3094B3F3B62FA4801DB7B568743F11E31F491E5F","TheDivision\Content\Paks\pakchunk3228-WindowsNoEditor.sig",668,668,678,12
"3094B3F3B62FA4801DB7B568743F11E31F491E5F","TheDivision\Content\Paks\pakchunk3232-WindowsNoEditor.pak",2065008,2065008,2022425,12
"3094B3F3B62FA4801DB7B568743F11E31F491E5F","TheDivision\Content\Paks\pakchunk3232-WindowsNoEditor.sig",656,656,666,12
"3094B3F3B62FA4801DB7B568743F11E31F491E5F","TheDivision\Content\Paks\pakchunk3236-WindowsNoEditor.pak",1962907,1962907,1921304,12
"3094B3F3B62FA4801DB7B568743F11E31F491E5F","TheDivision\Content\Paks\pakchunk3236-WindowsNoEditor.sig",648,648,658,12
"3094B3F3B62FA4801DB7B568743F11E31F491E5F","TheDivision\Content\Paks\pakchunk3240-WindowsNoEditor.pak",1993542,1993542,1959886,12
"3094B3F3B62FA4801DB7B568743F11E31F491E5F","TheDivision\Content\Paks\pakchunk3240-WindowsNoEditor.sig",652,652,662,12
"3094B3F3B62FA4801DB7B568743F11E31F491E5F","TheDivision\Content\Paks\pakchunk3244-WindowsNoEditor.pak",1283677,1283677,1260664,12
"3094B3F3B62FA4801DB7B568743F11E31F491E5F","TheDivision\Content\Paks\pakchunk3244-WindowsNoEditor.sig",608,608,618,12
"3094B3F3B62FA4801DB7B568743F11E31F491E5F","TheDivision\Content\Paks\pakchunk3248-WindowsNoEditor.pak",1365651,1365651,1335710,12
"3094B3F3B62FA4801DB7B568743F11E31F491E5F","TheDivision\Content\Paks\pakchunk3248-WindowsNoEditor.sig",612,612,622,12
"3094B3F3B62FA4801DB7B568743F11E31F491E5F","TheDivision\Content\Paks\pakchunk3256-WindowsNoEditor.pak",1128487,1128487,1103286,12
"3094B3F3B62FA4801DB7B568743F11E31F491E5F","TheDivision\Content\Paks\pakchunk3256-WindowsNoEditor.sig",600,600,610,12
"3094B3F3B62FA4801DB7B568743F11E31F491E5F","TheDivision\Content\Paks\pakchunk3260-WindowsNoEditor.pak",593562,593562,571873,12
"3094B3F3B62FA4801DB7B568743F11E31F491E5F","TheDivision\Content\Paks\pakchunk3260-WindowsNoEditor.sig",568,568,578,12
"3094B3F3B62FA4801DB7B568743F11E31F491E5F","TheDivision\Content\Paks\pakchunk3264-WindowsNoEditor.pak",1126247,1126247,1104181,12
"3094B3F3B62FA4801DB7B568743F11E31F491E5F","TheDivision\Content\Paks\pakchunk3264-WindowsNoEditor.sig",600,600,610,12
"3094B3F3B62FA4801DB7B568743F11E31F491E5F","TheDivision\Content\Paks\pakchunk3268-WindowsNoEditor.pak",1131763,1131763,1109536,12
"3094B3F3B62FA4801DB7B568743F11E31F491E5F","TheDivision\Content\Paks\pakchunk3268-WindowsNoEditor.sig",600,600,610,12
"3094B3F3B62FA4801DB7B568743F11E31F491E5F","TheDivision\Content\Paks\pakchunk3272-WindowsNoEditor.pak",814575,814575,787105,12
"3094B3F3B62FA4801DB7B568743F11E31F491E5F","TheDivision\Content\Paks\pakchunk3272-WindowsNoEditor.sig",580,580,590,12
"3094B3F3B62FA4801DB7B568743F11E31F491E5F","TheDivision\Content\Paks\pakchunk3276-WindowsNoEditor.pak",1205893,1205893,1179277,12
"3094B3F3B62FA4801DB7B568743F11E31F491E5F","TheDivision\Content\Paks\pakchunk3276-WindowsNoEditor.sig",604,604,614,12
"3094B3F3B62FA4801DB7B568743F11E31F491E5F","TheDivision\Content\Paks\pakchunk3280-WindowsNoEditor.pak",1007455,1007455,982740,12
"3094B3F3B62FA4801DB7B568743F11E31F491E5F","TheDivision\Content\Paks\pakchunk3280-WindowsNoEditor.sig",592,592,602,12
"3094B3F3B62FA4801DB7B568743F11E31F491E5F","TheDivision\Content\Paks\pakchunk3284-WindowsNoEditor.pak",1271596,1271596,1242234,12
"3094B3F3B62FA4801DB7B568743F11E31F491E5F","TheDivision\Content\Paks\pakchunk3284-WindowsNoEditor.sig",608,608,618,12
"3094B3F3B62FA4801DB7B568743F11E31F491E5F","TheDivision\Content\Paks\pakchunk3288-WindowsNoEditor.pak",1300401,1300401,1276132,12
"3094B3F3B62FA4801DB7B568743F11E31F491E5F","TheDivision\Content\Paks\pakchunk3288-WindowsNoEditor.sig",608,608,618,12
"3094B3F3B62FA4801DB7B568743F11E31F491E5F","TheDivision\Content\Paks\pakchunk3292-WindowsNoEditor.pak",1429297,1429297,1401266,12
"3094B3F3B62FA4801DB7B568743F11E31F491E5F","TheDivision\Content\Paks\pakchunk3292-WindowsNoEditor.sig",616,616,626,12
"3094B3F3B62FA4801DB7B568743F11E31F491E5F","TheDivision\Content\Paks\pakchunk3296-WindowsNoEditor.pak",1421099,1421099,1398201,12
"3094B3F3B62FA4801DB7B568743F11E31F491E5F","TheDivision\Content\Paks\pakchunk3296-WindowsNoEditor.sig",616,616,626,12
"3094B3F3B62FA4801DB7B568743F11E31F491E5F","TheDivision\Content\Paks\pakchunk3300-WindowsNoEditor.pak",1049989,1049989,1029160,12
"3094B3F3B62FA4801DB7B568743F11E31F491E5F","TheDivision\Content\Paks\pakchunk3300-WindowsNoEditor.sig",596,596,606,12
"3094B3F3B62FA4801DB7B568743F11E31F491E5F","TheDivision\Content\Paks\pakchunk3304-WindowsNoEditor.pak",1498568,1498568,1466491,12
"3094B3F3B62FA4801DB7B568743F11E31F491E5F","TheDivision\Content\Paks\pakchunk3304-WindowsNoEditor.sig",620,620,630,12
"3094B3F3B62FA4801DB7B568743F11E31F491E5F","TheDivision\Content\Paks\pakchunk3308-WindowsNoEditor.pak",978572,978572,957479,12
"3094B3F3B62FA4801DB7B568743F11E31F491E5F","TheDivision\Content\Paks\pakchunk3308-WindowsNoEditor.sig",588,588,598,12
"3094B3F3B62FA4801DB7B568743F11E31F491E5F","TheDivision\Content\Paks\pakchunk3312-WindowsNoEditor.pak",1369918,1369918,1345591,12
"3094B3F3B62FA4801DB7B568743F11E31F491E5F","TheDivision\Content\Paks\pakchunk3312-WindowsNoEditor.sig",612,612,622,12
"3094B3F3B62FA4801DB7B568743F11E31F491E5F","TheDivision\Content\Paks\pakchunk3316-WindowsNoEditor.pak",1387127,1387127,1361604,12
"3094B3F3B62FA4801DB7B568743F11E31F491E5F","TheDivision\Content\Paks\pakchunk3316-WindowsNoEditor.sig",616,616,626,12
"3094B3F3B62FA4801DB7B568743F11E31F491E5F","TheDivision\Content\Paks\pakchunk3320-WindowsNoEditor.pak",1468183,1468183,1447798,12
"3094B3F3B62FA4801DB7B568743F11E31F491E5F","TheDivision\Content\Paks\pakchunk3320-WindowsNoEditor.sig",620,620,630,12
"3094B3F3B62FA4801DB7B568743F11E31F491E5F","TheDivision\Content\Paks\pakchunk3324-WindowsNoEditor.pak",1425148,1425148,1389580,12
"3094B3F3B62FA4801DB7B568743F11E31F491E5F","TheDivision\Content\Paks\pakchunk3324-WindowsNoEditor.sig",616,616,626,12
"3094B3F3B62FA4801DB7B568743F11E31F491E5F","TheDivision\Content\Paks\pakchunk3328-WindowsNoEditor.pak",1052231,1052231,1033543,12
"3094B3F3B62FA4801DB7B568743F11E31F491E5F","TheDivision\Content\Paks\pakchunk3328-WindowsNoEditor.sig",596,596,606,12
"3094B3F3B62FA4801DB7B568743F11E31F491E5F","TheDivision\Content\Paks\pakchunk3332-WindowsNoEditor.pak",1132336,1132336,1107287,12
"3094B3F3B62FA4801DB7B568743F11E31F491E5F","TheDivision\Content\Paks\pakchunk3332-WindowsNoEditor.sig",600,600,610,12
"3094B3F3B62FA4801DB7B568743F11E31F491E5F","TheDivision\Content\Paks\pakchunk3336-WindowsNoEditor.pak",927517,927517,906849,12
"3094B3F3B62FA4801DB7B568743F11E31F491E5F","TheDivision\Content\Paks\pakchunk3336-WindowsNoEditor.sig",588,588,598,12
"3094B3F3B62FA4801DB7B568743F11E31F491E5F","TheDivision\Content\Paks\pakchunk3340-WindowsNoEditor.pak",1496706,1496706,1467645,12
"3094B3F3B62FA4801DB7B568743F11E31F491E5F","TheDivision\Content\Paks\pakchunk3340-WindowsNoEditor.sig",620,620,630,12
"3094B3F3B62FA4801DB7B568743F11E31F491E5F","TheDivision\Content\Paks\pakchunk3348-WindowsNoEditor.pak",4588404,4588404,4550639,12
"3094B3F3B62FA4801DB7B568743F11E31F491E5F","TheDivision\Content\Paks\pakchunk3348-WindowsNoEditor.sig",812,812,822,12
"3094B3F3B62FA4801DB7B568743F11E31F491E5F","TheDivision\Content\Paks\pakchunk3352-WindowsNoEditor.pak",4219749,4219749,4184999,12
"3094B3F3B62FA4801DB7B568743F11E31F491E5F","TheDivision\Content\Paks\pakchunk3352-WindowsNoEditor.sig",788,788,798,12
"3094B3F3B62FA4801DB7B568743F11E31F491E5F","TheDivision\Content\Paks\pakchunk3356-WindowsNoEditor.pak",4862841,4862841,4820767,12
"3094B3F3B62FA4801DB7B568743F11E31F491E5F","TheDivision\Content\Paks\pakchunk3356-WindowsNoEditor.sig",828,828,838,12
"3094B3F3B62FA4801DB7B568743F11E31F491E5F","TheDivision\Content\Paks\pakchunk3360-WindowsNoEditor.pak",3355152,3355152,3321517,12
"3094B3F3B62FA4801DB7B568743F11E31F491E5F","TheDivision\Content\Paks\pakchunk3360-WindowsNoEditor.sig",736,736,746,12
"3094B3F3B62FA4801DB7B568743F11E31F491E5F","TheDivision\Content\Paks\pakchunk3364-WindowsNoEditor.pak",4319887,4319887,4282884,12
"3094B3F3B62FA4801DB7B568743F11E31F491E5F","TheDivision\Content\Paks\pakchunk3364-WindowsNoEditor.sig",792,792,802,12
"3094B3F3B62FA4801DB7B568743F11E31F491E5F","TheDivision\Content\Paks\pakchunk3368-WindowsNoEditor.pak",4887473,4887473,4846358,12
"3094B3F3B62FA4801DB7B568743F11E31F491E5F","TheDivision\Content\Paks\pakchunk3368-WindowsNoEditor.sig",828,828,838,12
"3094B3F3B62FA4801DB7B568743F11E31F491E5F","TheDivision\Content\Paks\pakchunk3372-WindowsNoEditor.pak",11185617,11185617,11077157,12
"3094B3F3B62FA4801DB7B568743F11E31F491E5F","TheDivision\Content\Paks\pakchunk3372-WindowsNoEditor.sig",1212,1212,1222,12
"3094B3F3B62FA4801DB7B568743F11E31F491E5F","TheDivision\Content\Paks\pakchunk3376-WindowsNoEditor.pak",11615545,11615545,11505464,12
"3094B3F3B62FA4801DB7B568743F11E31F491E5F","TheDivision\Content\Paks\pakchunk3376-WindowsNoEditor.sig",1240,1240,1250,12
"3094B3F3B62FA4801DB7B568743F11E31F491E5F","TheDivision\Content\Paks\pakchunk3380-WindowsNoEditor.pak",9731339,9731339,9635785,12
"3094B3F3B62FA4801DB7B568743F11E31F491E5F","TheDivision\Content\Paks\pakchunk3380-WindowsNoEditor.sig",1124,1124,1134,12
"3094B3F3B62FA4801DB7B568743F11E31F491E5F","TheDivision\Content\Paks\pakchunk3384-WindowsNoEditor.pak",8474127,8474127,8404681,12
"3094B3F3B62FA4801DB7B568743F11E31F491E5F","TheDivision\Content\Paks\pakchunk3384-WindowsNoEditor.sig",1048,1048,1058,12
"3094B3F3B62FA4801DB7B568743F11E31F491E5F","TheDivision\Content\Paks\pakchunk3388-WindowsNoEditor.pak",24199536,24199536,21280335,12
"3094B3F3B62FA4801DB7B568743F11E31F491E5F","TheDivision\Content\Paks\pakchunk3388-WindowsNoEditor.sig",2008,2008,2018,12
"3094B3F3B62FA4801DB7B568743F11E31F491E5F","TheDivision\Content\Paks\pakchunk3392-WindowsNoEditor.pak",10706026,10706026,10606049,12
"3094B3F3B62FA4801DB7B568743F11E31F491E5F","TheDivision\Content\Paks\pakchunk3392-WindowsNoEditor.sig",1184,1184,1194,12
"3094B3F3B62FA4801DB7B568743F11E31F491E5F","TheDivision\Content\Paks\pakchunk3396-WindowsNoEditor.pak",11470155,11470155,11366954,12
"3094B3F3B62FA4801DB7B568743F11E31F491E5F","TheDivision\Content\Paks\pakchunk3396-WindowsNoEditor.sig",1232,1232,1242,12
"3094B3F3B62FA4801DB7B568743F11E31F491E5F","TheDivision\Content\Paks\pakchunk3400-WindowsNoEditor.pak",4516699,4516699,4473531,12
"3094B3F3B62FA4801DB7B568743F11E31F491E5F","TheDivision\Content\Paks\pakchunk3400-WindowsNoEditor.sig",804,804,814,12
"3094B3F3B62FA4801DB7B568743F11E31F491E5F","TheDivision\Content\Paks\pakchunk3404-WindowsNoEditor.pak",12846868,12846868,12737144,12
"3094B3F3B62FA4801DB7B568743F11E31F491E5F","TheDivision\Content\Paks\pakchunk3404-WindowsNoEditor.sig",1316,1316,1326,12
"3094B3F3B62FA4801DB7B568743F11E31F491E5F","TheDivision\Content\Paks\pakchunk3408-WindowsNoEditor.pak",9990252,9990252,9912484,12
"3094B3F3B62FA4801DB7B568743F11E31F491E5F","TheDivision\Content\Paks\pakchunk3408-WindowsNoEditor.sig",1140,1140,1150,12
"3094B3F3B62FA4801DB7B568743F11E31F491E5F","TheDivision\Content\Paks\pakchunk3412-WindowsNoEditor.pak",4057991,4057991,4019942,12
"3094B3F3B62FA4801DB7B568743F11E31F491E5F","TheDivision\Content\Paks\pakchunk3412-WindowsNoEditor.sig",776,776,786,12
"3094B3F3B62FA4801DB7B568743F11E31F491E5F","TheDivision\Content\Paks\pakchunk3416-WindowsNoEditor.pak",9889320,9889320,9789691,12
"3094B3F3B62FA4801DB7B568743F11E31F491E5F","TheDivision\Content\Paks\pakchunk3416-WindowsNoEditor.sig",1132,1132,1142,12
"3094B3F3B62FA4801DB7B568743F11E31F491E5F","TheDivision\Content\Paks\pakchunk3420-WindowsNoEditor.pak",4027212,4027212,3995276,12
"3094B3F3B62FA4801DB7B568743F11E31F491E5F","TheDivision\Content\Paks\pakchunk3420-WindowsNoEditor.sig",776,776,786,12
"3094B3F3B62FA4801DB7B568743F11E31F491E5F","TheDivision\Content\Paks\pakchunk3424-WindowsNoEditor.pak",4303864,4303864,4269503,12
"3094B3F3B62FA4801DB7B568743F11E31F491E5F","TheDivision\Content\Paks\pakchunk3424-WindowsNoEditor.sig",792,792,802,12
"3094B3F3B62FA4801DB7B568743F11E31F491E5F","TheDivision\Content\Paks\pakchunk3432-WindowsNoEditor.pak",4886628,4886628,4856941,12
"3094B3F3B62FA4801DB7B568743F11E31F491E5F","TheDivision\Content\Paks\pakchunk3432-WindowsNoEditor.sig",828,828,838,12
"3094B3F3B62FA4801DB7B568743F11E31F491E5F","TheDivision\Content\Paks\pakchunk3436-WindowsNoEditor.pak",2975648,2975648,2949297,12
"3094B3F3B62FA4801DB7B568743F11E31F491E5F","TheDivision\Content\Paks\pakchunk3436-WindowsNoEditor.sig",712,712,722,12
"3094B3F3B62FA4801DB7B568743F11E31F491E5F","TheDivision\Content\Paks\pakchunk3440-WindowsNoEditor.pak",4777821,4777821,4752768,12
"3094B3F3B62FA4801DB7B568743F11E31F491E5F","TheDivision\Content\Paks\pakchunk3440-WindowsNoEditor.sig",820,820,830,12
"3094B3F3B62FA4801DB7B568743F11E31F491E5F","TheDivision\Content\Paks\pakchunk3444-WindowsNoEditor.pak",4292610,4292610,4266339,12
"3094B3F3B62FA4801DB7B568743F11E31F491E5F","TheDivision\Content\Paks\pakchunk3444-WindowsNoEditor.sig",792,792,802,12
"3094B3F3B62FA4801DB7B568743F11E31F491E5F","TheDivision\Content\Paks\pakchunk3448-WindowsNoEditor.pak",3792993,3792993,3765917,12
"3094B3F3B62FA4801DB7B568743F11E31F491E5F","TheDivision\Content\Paks\pakchunk3448-WindowsNoEditor.sig",760,760,770,12
"3094B3F3B62FA4801DB7B568743F11E31F491E5F","TheDivision\Content\Paks\pakchunk3452-WindowsNoEditor.pak",5568707,5568707,5543298,12
"3094B3F3B62FA4801DB7B568743F11E31F491E5F","TheDivision\Content\Paks\pakchunk3452-WindowsNoEditor.sig",868,868,878,12
"3094B3F3B62FA4801DB7B568743F11E31F491E5F","TheDivision\Content\Paks\pakchunk3456-WindowsNoEditor.pak",4036384,4036384,4014343,12
"3094B3F3B62FA4801DB7B568743F11E31F491E5F","TheDivision\Content\Paks\pakchunk3456-WindowsNoEditor.sig",776,776,786,12
"3094B3F3B62FA4801DB7B568743F11E31F491E5F","TheDivision\Content\Paks\pakchunk3460-WindowsNoEditor.pak",4364063,4364063,4341466,12
"3094B3F3B62FA4801DB7B568743F11E31F491E5F","TheDivision\Content\Paks\pakchunk3460-WindowsNoEditor.sig",796,796,806,12
"3094B3F3B62FA4801DB7B568743F11E31F491E5F","TheDivision\Content\Paks\pakchunk3464-WindowsNoEditor.pak",3989587,3989587,3966126,12
"3094B3F3B62FA4801DB7B568743F11E31F491E5F","TheDivision\Content\Paks\pakchunk3464-WindowsNoEditor.sig",772,772,782,12
"3094B3F3B62FA4801DB7B568743F11E31F491E5F","TheDivision\Content\Paks\pakchunk3468-WindowsNoEditor.pak",4833460,4833460,4807002,12
"3094B3F3B62FA4801DB7B568743F11E31F491E5F","TheDivision\Content\Paks\pakchunk3468-WindowsNoEditor.sig",824,824,834,12
"3094B3F3B62FA4801DB7B568743F11E31F491E5F","TheDivision\Content\Paks\pakchunk3472-WindowsNoEditor.pak",4872255,4872255,4846088,12
"3094B3F3B62FA4801DB7B568743F11E31F491E5F","TheDivision\Content\Paks\pakchunk3472-WindowsNoEditor.sig",828,828,838,12
"3094B3F3B62FA4801DB7B568743F11E31F491E5F","TheDivision\Content\Paks\pakchunk3476-WindowsNoEditor.pak",4147329,4147329,4125045,12
"3094B3F3B62FA4801DB7B568743F11E31F491E5F","TheDivision\Content\Paks\pakchunk3476-WindowsNoEditor.sig",784,784,794,12
"3094B3F3B62FA4801DB7B568743F11E31F491E5F","TheDivision\Content\Paks\pakchunk3484-WindowsNoEditor.pak",3713144,3713144,3690714,12
"3094B3F3B62FA4801DB7B568743F11E31F491E5F","TheDivision\Content\Paks\pakchunk3484-WindowsNoEditor.sig",756,756,766,12
"3094B3F3B62FA4801DB7B568743F11E31F491E5F","TheDivision\Content\Paks\pakchunk3492-WindowsNoEditor.pak",5263530,5263530,5236200,12
"3094B3F3B62FA4801DB7B568743F11E31F491E5F","TheDivision\Content\Paks\pakchunk3492-WindowsNoEditor.sig",852,852,862,12
"3094B3F3B62FA4801DB7B568743F11E31F491E5F","TheDivision\Content\Paks\pakchunk3496-WindowsNoEditor.pak",4198380,4198380,4170324,12
"3094B3F3B62FA4801DB7B568743F11E31F491E5F","TheDivision\Content\Paks\pakchunk3496-WindowsNoEditor.sig",788,788,798,12
"3094B3F3B62FA4801DB7B568743F11E31F491E5F","TheDivision\Content\Paks\pakchunk3500-WindowsNoEditor.pak",3745723,3745723,3724479,12
"3094B3F3B62FA4801DB7B568743F11E31F491E5F","TheDivision\Content\Paks\pakchunk3500-WindowsNoEditor.sig",760,760,770,12
"3094B3F3B62FA4801DB7B568743F11E31F491E5F","TheDivision\Content\Paks\pakchunk3504-WindowsNoEditor.pak",4806581,4806581,4781896,12
"3094B3F3B62FA4801DB7B568743F11E31F491E5F","TheDivision\Content\Paks\pakchunk3504-WindowsNoEditor.sig",824,824,834,12
"3094B3F3B62FA4801DB7B568743F11E31F491E5F","TheDivision\Content\Paks\pakchunk3508-WindowsNoEditor.pak",4046993,4046993,4023462,12
"3094B3F3B62FA4801DB7B568743F11E31F491E5F","TheDivision\Content\Paks\pakchunk3508-WindowsNoEditor.sig",776,776,786,12
"3094B3F3B62FA4801DB7B568743F11E31F491E5F","TheDivision\Content\Paks\pakchunk3512-WindowsNoEditor.pak",6198844,6198844,6099790,12
"3094B3F3B62FA4801DB7B568743F11E31F491E5F","TheDivision\Content\Paks\pakchunk3512-WindowsNoEditor.sig",908,908,918,12
"3094B3F3B62FA4801DB7B568743F11E31F491E5F","TheDivision\Content\Paks\pakchunk3516-WindowsNoEditor.pak",3989031,3989031,3940970,12
"3094B3F3B62FA4801DB7B568743F11E31F491E5F","TheDivision\Content\Paks\pakchunk3516-WindowsNoEditor.sig",772,772,782,12
"3094B3F3B62FA4801DB7B568743F11E31F491E5F","TheDivision\Content\Paks\pakchunk3520-WindowsNoEditor.pak",5588713,5588713,5537898,12
"3094B3F3B62FA4801DB7B568743F11E31F491E5F","TheDivision\Content\Paks\pakchunk3520-WindowsNoEditor.sig",872,872,882,12
"3094B3F3B62FA4801DB7B568743F11E31F491E5F","TheDivision\Content\Paks\pakchunk3524-WindowsNoEditor.pak",3527808,3527808,3502038,12
"3094B3F3B62FA4801DB7B568743F11E31F491E5F","TheDivision\Content\Paks\pakchunk3524-WindowsNoEditor.sig",744,744,754,12
"3094B3F3B62FA4801DB7B568743F11E31F491E5F","TheDivision\Content\Paks\pakchunk3528-WindowsNoEditor.pak",6076389,6076389,5958294,12
"3094B3F3B62FA4801DB7B568743F11E31F491E5F","TheDivision\Content\Paks\pakchunk3528-WindowsNoEditor.sig",900,900,910,12
"3094B3F3B62FA4801DB7B568743F11E31F491E5F","TheDivision\Content\Paks\pakchunk3532-WindowsNoEditor.pak",6360325,6360325,6297703,12
"3094B3F3B62FA4801DB7B568743F11E31F491E5F","TheDivision\Content\Paks\pakchunk3532-WindowsNoEditor.sig",920,920,930,12
"3094B3F3B62FA4801DB7B568743F11E31F491E5F","TheDivision\Content\Paks\pakchunk3536-WindowsNoEditor.pak",6159688,6159688,6101027,12
"3094B3F3B62FA4801DB7B568743F11E31F491E5F","TheDivision\Content\Paks\pakchunk3536-WindowsNoEditor.sig",904,904,914,12
"3094B3F3B62FA4801DB7B568743F11E31F491E5F","TheDivision\Content\Paks\pakchunk3540-WindowsNoEditor.pak",4067293,4067293,4044339,12
"3094B3F3B62FA4801DB7B568743F11E31F491E5F","TheDivision\Content\Paks\pakchunk3540-WindowsNoEditor.sig",780,780,790,12
"3094B3F3B62FA4801DB7B568743F11E31F491E5F","TheDivision\Content\Paks\pakchunk3544-WindowsNoEditor.pak",6532905,6532905,6459136,12
"3094B3F3B62FA4801DB7B568743F11E31F491E5F","TheDivision\Content\Paks\pakchunk3544-WindowsNoEditor.sig",928,928,938,12
"3094B3F3B62FA4801DB7B568743F11E31F491E5F","TheDivision\Content\Paks\pakchunk3548-WindowsNoEditor.pak",5439504,5439504,5411732,12
"3094B3F3B62FA4801DB7B568743F11E31F491E5F","TheDivision\Content\Paks\pakchunk3548-WindowsNoEditor.sig",864,864,874,12
"3094B3F3B62FA4801DB7B568743F11E31F491E5F","TheDivision\Content\Paks\pakchunk3552-WindowsNoEditor.pak",6289473,6289473,6239098,12
"3094B3F3B62FA4801DB7B568743F11E31F491E5F","TheDivision\Content\Paks\pakchunk3552-WindowsNoEditor.sig",912,912,922,12
"3094B3F3B62FA4801DB7B568743F11E31F491E5F","TheDivision\Content\Paks\pakchunk3556-WindowsNoEditor.pak",4958148,4958148,4931777,12
"3094B3F3B62FA4801DB7B568743F11E31F491E5F","TheDivision\Content\Paks\pakchunk3556-WindowsNoEditor.sig",832,832,842,12
"3094B3F3B62FA4801DB7B568743F11E31F491E5F","TheDivision\Content\Paks\pakchunk3560-WindowsNoEditor.pak",4286647,4286647,4261798,12
"3094B3F3B62FA4801DB7B568743F11E31F491E5F","TheDivision\Content\Paks\pakchunk3560-WindowsNoEditor.sig",792,792,802,12
"3094B3F3B62FA4801DB7B568743F11E31F491E5F","TheDivision\Content\Paks\pakchunk3564-WindowsNoEditor.pak",4259969,4259969,4236068,12
"3094B3F3B62FA4801DB7B568743F11E31F491E5F","TheDivision\Content\Paks\pakchunk3564-WindowsNoEditor.sig",792,792,802,12
"3094B3F3B62FA4801DB7B568743F11E31F491E5F","TheDivision\Content\Paks\pakchunk5000-WindowsNoEditor.pak",1532,1532,1260,13
"3094B3F3B62FA4801DB7B568743F11E31F491E5F","TheDivision\Content\Paks\pakchunk5000-WindowsNoEditor.sig",532,532,542,13
"3094B3F3B62FA4801DB7B568743F11E31F491E5F","TheDivision\Content\Paks\pakchunk6000-WindowsNoEditor.pak",485924,485924,484669,14
"3094B3F3B62FA4801DB7B568743F11E31F491E5F","TheDivision\Content\Paks\pakchunk6000-WindowsNoEditor.sig",560,560,570,14
"3094B3F3B62FA4801DB7B568743F11E31F491E5F","TheDivision\Content\Paks\pakchunk6004-WindowsNoEditor.pak",601763,601763,599018,14
"3094B3F3B62FA4801DB7B568743F11E31F491E5F","TheDivision\Content\Paks\pakchunk6004-WindowsNoEditor.sig",568,568,578,14
"3094B3F3B62FA4801DB7B568743F11E31F491E5F","TheDivision\Content\Paks\pakchunk6008-WindowsNoEditor.pak",145224,145224,143752,14
"3094B3F3B62FA4801DB7B568743F11E31F491E5F","TheDivision\Content\Paks\pakchunk6008-WindowsNoEditor.sig",540,540,550,14
"3094B3F3B62FA4801DB7B568743F11E31F491E5F","TheDivision\Content\Paks\pakchunk6012-WindowsNoEditor.pak",80610,80610,77149,14
"3094B3F3B62FA4801DB7B568743F11E31F491E5F","TheDivision\Content\Paks\pakchunk6012-WindowsNoEditor.sig",536,536,546,14
"3094B3F3B62FA4801DB7B568743F11E31F491E5F","TheDivision\Content\Paks\pakchunk6016-WindowsNoEditor.pak",159593,159593,158073,14
"3094B3F3B62FA4801DB7B568743F11E31F491E5F","TheDivision\Content\Paks\pakchunk6016-WindowsNoEditor.sig",540,540,550,14
"3094B3F3B62FA4801DB7B568743F11E31F491E5F","TheDivision\Content\Paks\pakchunk6020-WindowsNoEditor.pak",460313,460313,458327,14
"3094B3F3B62FA4801DB7B568743F11E31F491E5F","TheDivision\Content\Paks\pakchunk6020-WindowsNoEditor.sig",560,560,570,14
"3094B3F3B62FA4801DB7B568743F11E31F491E5F","TheDivision\Content\Paks\pakchunk6024-WindowsNoEditor.pak",358163,358163,356065,14
"3094B3F3B62FA4801DB7B568743F11E31F491E5F","TheDivision\Content\Paks\pakchunk6024-WindowsNoEditor.sig",552,552,562,14
"3094B3F3B62FA4801DB7B568743F11E31F491E5F","TheDivision\Content\Paks\pakchunk6028-WindowsNoEditor.pak",145189,145189,141884,14
"3094B3F3B62FA4801DB7B568743F11E31F491E5F","TheDivision\Content\Paks\pakchunk6028-WindowsNoEditor.sig",540,540,550,14
"3094B3F3B62FA4801DB7B568743F11E31F491E5F","TheDivision\Content\Paks\pakchunk6032-WindowsNoEditor.pak",159559,159559,157468,14
"3094B3F3B62FA4801DB7B568743F11E31F491E5F","TheDivision\Content\Paks\pakchunk6032-WindowsNoEditor.sig",540,540,550,14
"3094B3F3B62FA4801DB7B568743F11E31F491E5F","TheDivision\Content\Paks\pakchunk6036-WindowsNoEditor.pak",91976,91976,89665,14
"3094B3F3B62FA4801DB7B568743F11E31F491E5F","TheDivision\Content\Paks\pakchunk6036-WindowsNoEditor.sig",536,536,546,14
"3094B3F3B62FA4801DB7B568743F11E31F491E5F","TheDivision\Content\Paks\pakchunk6040-WindowsNoEditor.pak",511051,511051,508370,14
"3094B3F3B62FA4801DB7B568743F11E31F491E5F","TheDivision\Content\Paks\pakchunk6040-WindowsNoEditor.sig",560,560,570,14
"3094B3F3B62FA4801DB7B568743F11E31F491E5F","TheDivision\Content\Paks\pakchunk6044-WindowsNoEditor.pak",359677,359677,356705,14
"3094B3F3B62FA4801DB7B568743F11E31F491E5F","TheDivision\Content\Paks\pakchunk6044-WindowsNoEditor.sig",552,552,562,14
"3094B3F3B62FA4801DB7B568743F11E31F491E5F","TheDivision\Content\Paks\pakchunk6048-WindowsNoEditor.pak",521373,521373,518477,14
"3094B3F3B62FA4801DB7B568743F11E31F491E5F","TheDivision\Content\Paks\pakchunk6048-WindowsNoEditor.sig",560,560,570,14
"3094B3F3B62FA4801DB7B568743F11E31F491E5F","TheDivision\Content\Paks\pakchunk6052-WindowsNoEditor.pak",507298,507298,504372,14
"3094B3F3B62FA4801DB7B568743F11E31F491E5F","TheDivision\Content\Paks\pakchunk6052-WindowsNoEditor.sig",560,560,570,14
"3094B3F3B62FA4801DB7B568743F11E31F491E5F","TheDivision\Content\Paks\pakchunk6056-WindowsNoEditor.pak",568757,568757,566482,14
"3094B3F3B62FA4801DB7B568743F11E31F491E5F","TheDivision\Content\Paks\pakchunk6056-WindowsNoEditor.sig",564,564,574,14
"3094B3F3B62FA4801DB7B568743F11E31F491E5F","TheDivision\Content\Paks\pakchunk6060-WindowsNoEditor.pak",456289,456289,454532,14
"3094B3F3B62FA4801DB7B568743F11E31F491E5F","TheDivision\Content\Paks\pakchunk6060-WindowsNoEditor.sig",556,556,566,14
"3094B3F3B62FA4801DB7B568743F11E31F491E5F","TheDivision\Content\Paks\pakchunk6064-WindowsNoEditor.pak",544594,544594,541601,14
"3094B3F3B62FA4801DB7B568743F11E31F491E5F","TheDivision\Content\Paks\pakchunk6064-WindowsNoEditor.sig",564,564,574,14
"3094B3F3B62FA4801DB7B568743F11E31F491E5F","TheDivision\Content\Paks\pakchunk6068-WindowsNoEditor.pak",509590,509590,507777,14
"3094B3F3B62FA4801DB7B568743F11E31F491E5F","TheDivision\Content\Paks\pakchunk6068-WindowsNoEditor.sig",560,560,570,14
"3094B3F3B62FA4801DB7B568743F11E31F491E5F","TheDivision\Content\Paks\pakchunk6072-WindowsNoEditor.pak",182077,182077,178442,14
"3094B3F3B62FA4801DB7B568743F11E31F491E5F","TheDivision\Content\Paks\pakchunk6072-WindowsNoEditor.sig",540,540,550,14
"3094B3F3B62FA4801DB7B568743F11E31F491E5F","TheDivision\Content\Paks\pakchunk6076-WindowsNoEditor.pak",130586,130586,128337,14
"3094B3F3B62FA4801DB7B568743F11E31F491E5F","TheDivision\Content\Paks\pakchunk6076-WindowsNoEditor.sig",536,536,546,14
"3094B3F3B62FA4801DB7B568743F11E31F491E5F","TheDivision\Content\Paks\pakchunk6080-WindowsNoEditor.pak",122282,122282,119801,14
"3094B3F3B62FA4801DB7B568743F11E31F491E5F","TheDivision\Content\Paks\pakchunk6080-WindowsNoEditor.sig",536,536,546,14
"3094B3F3B62FA4801DB7B568743F11E31F491E5F","TheDivision\Content\Paks\pakchunk6084-WindowsNoEditor.pak",462491,462491,460673,14
"3094B3F3B62FA4801DB7B568743F11E31F491E5F","TheDivision\Content\Paks\pakchunk6084-WindowsNoEditor.sig",560,560,570,14
"3094B3F3B62FA4801DB7B568743F11E31F491E5F","TheDivision\Content\Paks\pakchunk6088-WindowsNoEditor.pak",349399,349399,347347,14
"3094B3F3B62FA4801DB7B568743F11E31F491E5F","TheDivision\Content\Paks\pakchunk6088-WindowsNoEditor.sig",552,552,562,14
"3094B3F3B62FA4801DB7B568743F11E31F491E5F","TheDivision\Content\Paks\pakchunk6092-WindowsNoEditor.pak",448279,448279,446544,14
"3094B3F3B62FA4801DB7B568743F11E31F491E5F","TheDivision\Content\Paks\pakchunk6092-WindowsNoEditor.sig",556,556,566,14
"3094B3F3B62FA4801DB7B568743F11E31F491E5F","TheDivision\Content\Paks\pakchunk6096-WindowsNoEditor.pak",470876,470876,467938,14
"3094B3F3B62FA4801DB7B568743F11E31F491E5F","TheDivision\Content\Paks\pakchunk6096-WindowsNoEditor.sig",560,560,570,14
"3094B3F3B62FA4801DB7B568743F11E31F491E5F","TheDivision\Content\Paks\pakchunk6100-WindowsNoEditor.pak",112284,112284,109391,14
"3094B3F3B62FA4801DB7B568743F11E31F491E5F","TheDivision\Content\Paks\pakchunk6100-WindowsNoEditor.sig",536,536,546,14
"3094B3F3B62FA4801DB7B568743F11E31F491E5F","TheDivision\Content\Paks\pakchunk6104-WindowsNoEditor.pak",499487,499487,497099,14
"3094B3F3B62FA4801DB7B568743F11E31F491E5F","TheDivision\Content\Paks\pakchunk6104-WindowsNoEditor.sig",560,560,570,14
"3094B3F3B62FA4801DB7B568743F11E31F491E5F","TheDivision\Content\Paks\pakchunk6108-WindowsNoEditor.pak",519737,519737,518467,14
"3094B3F3B62FA4801DB7B568743F11E31F491E5F","TheDivision\Content\Paks\pakchunk6108-WindowsNoEditor.sig",560,560,570,14
"3094B3F3B62FA4801DB7B568743F11E31F491E5F","TheDivision\Content\Paks\pakchunk6112-WindowsNoEditor.pak",103664,103664,100272,14
"3094B3F3B62FA4801DB7B568743F11E31F491E5F","TheDivision\Content\Paks\pakchunk6112-WindowsNoEditor.sig",536,536,546,14
"3094B3F3B62FA4801DB7B568743F11E31F491E5F","TheDivision\Content\Paks\pakchunk6116-WindowsNoEditor.pak",157373,157373,154080,14
"3094B3F3B62FA4801DB7B568743F11E31F491E5F","TheDivision\Content\Paks\pakchunk6116-WindowsNoEditor.sig",540,540,550,14
"3094B3F3B62FA4801DB7B568743F11E31F491E5F","TheDivision\Content\Paks\pakchunk6120-WindowsNoEditor.pak",2009739,2009739,2001602,14
"3094B3F3B62FA4801DB7B568743F11E31F491E5F","TheDivision\Content\Paks\pakchunk6120-WindowsNoEditor.sig",652,652,662,14
"3094B3F3B62FA4801DB7B568743F11E31F491E5F","TheDivision\Content\Paks\pakchunk6124-WindowsNoEditor.pak",1829531,1829531,1817528,14
"3094B3F3B62FA4801DB7B568743F11E31F491E5F","TheDivision\Content\Paks\pakchunk6124-WindowsNoEditor.sig",640,640,650,14
"3094B3F3B62FA4801DB7B568743F11E31F491E5F","TheDivision\Content\Paks\pakchunk6128-WindowsNoEditor.pak",1829499,1829499,1818551,14
"3094B3F3B62FA4801DB7B568743F11E31F491E5F","TheDivision\Content\Paks\pakchunk6128-WindowsNoEditor.sig",640,640,650,14
"3094B3F3B62FA4801DB7B568743F11E31F491E5F","TheDivision\Content\Paks\pakchunk6132-WindowsNoEditor.pak",1991355,1991355,1980319,14
"3094B3F3B62FA4801DB7B568743F11E31F491E5F","TheDivision\Content\Paks\pakchunk6132-WindowsNoEditor.sig",652,652,662,14
"3094B3F3B62FA4801DB7B568743F11E31F491E5F","TheDivision\Content\Paks\pakchunk6136-WindowsNoEditor.pak",2081387,2081387,2073417,14
"3094B3F3B62FA4801DB7B568743F11E31F491E5F","TheDivision\Content\Paks\pakchunk6136-WindowsNoEditor.sig",656,656,666,14
"3094B3F3B62FA4801DB7B568743F11E31F491E5F","TheDivision\Content\Paks\pakchunk6140-WindowsNoEditor.pak",1766011,1766011,1756909,14
"3094B3F3B62FA4801DB7B568743F11E31F491E5F","TheDivision\Content\Paks\pakchunk6140-WindowsNoEditor.sig",636,636,646,14
"3094B3F3B62FA4801DB7B568743F11E31F491E5F","TheDivision\Content\Paks\pakchunk6144-WindowsNoEditor.pak",1553051,1553051,1544544,14
"3094B3F3B62FA4801DB7B568743F11E31F491E5F","TheDivision\Content\Paks\pakchunk6144-WindowsNoEditor.sig",624,624,634,14
"3094B3F3B62FA4801DB7B568743F11E31F491E5F","TheDivision\Content\Paks\pakchunk6148-WindowsNoEditor.pak",1647291,1647291,1632561,14
"3094B3F3B62FA4801DB7B568743F11E31F491E5F","TheDivision\Content\Paks\pakchunk6148-WindowsNoEditor.sig",632,632,642,14
"3094B3F3B62FA4801DB7B568743F11E31F491E5F","TheDivision\Content\Paks\pakchunk6152-WindowsNoEditor.pak",1614523,1614523,1604587,14
"3094B3F3B62FA4801DB7B568743F11E31F491E5F","TheDivision\Content\Paks\pakchunk6152-WindowsNoEditor.sig",628,628,638,14
"3094B3F3B62FA4801DB7B568743F11E31F491E5F","TheDivision\Content\Paks\pakchunk6156-WindowsNoEditor.pak",1690299,1690299,1677818,14
"3094B3F3B62FA4801DB7B568743F11E31F491E5F","TheDivision\Content\Paks\pakchunk6156-WindowsNoEditor.sig",632,632,642,14
"3094B3F3B62FA4801DB7B568743F11E31F491E5F","TheDivision\Content\Paks\pakchunk6160-WindowsNoEditor.pak",1653499,1653499,1640491,14
"3094B3F3B62FA4801DB7B568743F11E31F491E5F","TheDivision\Content\Paks\pakchunk6160-WindowsNoEditor.sig",632,632,642,14
"3094B3F3B62FA4801DB7B568743F11E31F491E5F","TheDivision\Content\Paks\pakchunk6164-WindowsNoEditor.pak",1718923,1718923,1710062,14
"3094B3F3B62FA4801DB7B568743F11E31F491E5F","TheDivision\Content\Paks\pakchunk6164-WindowsNoEditor.sig",636,636,646,14
"3094B3F3B62FA4801DB7B568743F11E31F491E5F","TheDivision\Content\Paks\pakchunk6168-WindowsNoEditor.pak",2233299,2233299,2224014,14
"3094B3F3B62FA4801DB7B568743F11E31F491E5F","TheDivision\Content\Paks\pakchunk6168-WindowsNoEditor.sig",668,668,678,14
"3094B3F3B62FA4801DB7B568743F11E31F491E5F","TheDivision\Content\Paks\pakchunk6172-WindowsNoEditor.pak",1624699,1624699,1615376,14
"3094B3F3B62FA4801DB7B568743F11E31F491E5F","TheDivision\Content\Paks\pakchunk6172-WindowsNoEditor.sig",628,628,638,14
"3094B3F3B62FA4801DB7B568743F11E31F491E5F","TheDivision\Content\Paks\pakchunk6176-WindowsNoEditor.pak",2050667,2050667,2043518,14
"3094B3F3B62FA4801DB7B568743F11E31F491E5F","TheDivision\Content\Paks\pakchunk6176-WindowsNoEditor.sig",656,656,666,14
"3094B3F3B62FA4801DB7B568743F11E31F491E5F","TheDivision\Content\Paks\pakchunk6180-WindowsNoEditor.pak",2147035,2147035,2140473,14
"3094B3F3B62FA4801DB7B568743F11E31F491E5F","TheDivision\Content\Paks\pakchunk6180-WindowsNoEditor.sig",660,660,670,14
"3094B3F3B62FA4801DB7B568743F11E31F491E5F","TheDivision\Content\Paks\pakchunk6184-WindowsNoEditor.pak",1972971,1972971,1963811,14
"3094B3F3B62FA4801DB7B568743F11E31F491E5F","TheDivision\Content\Paks\pakchunk6184-WindowsNoEditor.sig",652,652,662,14
"3094B3F3B62FA4801DB7B568743F11E31F491E5F","TheDivision\Content\Paks\pakchunk6188-WindowsNoEditor.pak",2063003,2063003,2051171,14
"3094B3F3B62FA4801DB7B568743F11E31F491E5F","TheDivision\Content\Paks\pakchunk6188-WindowsNoEditor.sig",656,656,666,14
"3094B3F3B62FA4801DB7B568743F11E31F491E5F","TheDivision\Content\Paks\pakchunk6192-WindowsNoEditor.pak",2110243,2110243,2096968,14
"3094B3F3B62FA4801DB7B568743F11E31F491E5F","TheDivision\Content\Paks\pakchunk6192-WindowsNoEditor.sig",660,660,670,14
"3094B3F3B62FA4801DB7B568743F11E31F491E5F","TheDivision\Content\Paks\pakchunk6196-WindowsNoEditor.pak",1948827,1948827,1937831,14
"3094B3F3B62FA4801DB7B568743F11E31F491E5F","TheDivision\Content\Paks\pakchunk6196-WindowsNoEditor.sig",648,648,658,14
"3094B3F3B62FA4801DB7B568743F11E31F491E5F","TheDivision\Content\Paks\pakchunk6200-WindowsNoEditor.pak",1913603,1913603,1903137,14
"3094B3F3B62FA4801DB7B568743F11E31F491E5F","TheDivision\Content\Paks\pakchunk6200-WindowsNoEditor.sig",648,648,658,14
"3094B3F3B62FA4801DB7B568743F11E31F491E5F","TheDivision\Content\Paks\pakchunk6204-WindowsNoEditor.pak",1737555,1737555,1727227,14
"3094B3F3B62FA4801DB7B568743F11E31F491E5F","TheDivision\Content\Paks\pakchunk6204-WindowsNoEditor.sig",636,636,646,14
"3094B3F3B62FA4801DB7B568743F11E31F491E5F","TheDivision\Content\Paks\pakchunk6208-WindowsNoEditor.pak",1817507,1817507,1808662,14
"3094B3F3B62FA4801DB7B568743F11E31F491E5F","TheDivision\Content\Paks\pakchunk6208-WindowsNoEditor.sig",640,640,650,14
"3094B3F3B62FA4801DB7B568743F11E31F491E5F","TheDivision\Content\Paks\pakchunk6212-WindowsNoEditor.pak",1848115,1848115,1840060,14
"3094B3F3B62FA4801DB7B568743F11E31F491E5F","TheDivision\Content\Paks\pakchunk6212-WindowsNoEditor.sig",644,644,654,14
"3094B3F3B62FA4801DB7B568743F11E31F491E5F","TheDivision\Content\Paks\pakchunk6216-WindowsNoEditor.pak",1567395,1567395,1556343,14
"3094B3F3B62FA4801DB7B568743F11E31F491E5F","TheDivision\Content\Paks\pakchunk6216-WindowsNoEditor.sig",624,624,634,14
"3094B3F3B62FA4801DB7B568743F11E31F491E5F","TheDivision\Content\Paks\pakchunk6220-WindowsNoEditor.pak",1655459,1655459,1647057,14
"3094B3F3B62FA4801DB7B568743F11E31F491E5F","TheDivision\Content\Paks\pakchunk6220-WindowsNoEditor.sig",632,632,642,14
"3094B3F3B62FA4801DB7B568743F11E31F491E5F","TheDivision\Content\Paks\pakchunk6224-WindowsNoEditor.pak",1534591,1534591,1525407,14
"3094B3F3B62FA4801DB7B568743F11E31F491E5F","TheDivision\Content\Paks\pakchunk6224-WindowsNoEditor.sig",624,624,634,14
"3094B3F3B62FA4801DB7B568743F11E31F491E5F","TheDivision\Content\Paks\pakchunk6228-WindowsNoEditor.pak",1524059,1524059,1515714,14
"3094B3F3B62FA4801DB7B568743F11E31F491E5F","TheDivision\Content\Paks\pakchunk6228-WindowsNoEditor.sig",624,624,634,14
"3094B3F3B62FA4801DB7B568743F11E31F491E5F","TheDivision\Content\Paks\pakchunk6232-WindowsNoEditor.pak",1579811,1579811,1567270,14
"3094B3F3B62FA4801DB7B568743F11E31F491E5F","TheDivision\Content\Paks\pakchunk6232-WindowsNoEditor.sig",628,628,638,14
"3094B3F3B62FA4801DB7B568743F11E31F491E5F","TheDivision\Content\Paks\pakchunk6236-WindowsNoEditor.pak",1590299,1590299,1580649,14
"3094B3F3B62FA4801DB7B568743F11E31F491E5F","TheDivision\Content\Paks\pakchunk6236-WindowsNoEditor.sig",628,628,638,14
"3094B3F3B62FA4801DB7B568743F11E31F491E5F","TheDivision\Content\Paks\pakchunk6240-WindowsNoEditor.pak",1792311,1792311,1783374,14
"3094B3F3B62FA4801DB7B568743F11E31F491E5F","TheDivision\Content\Paks\pakchunk6240-WindowsNoEditor.sig",640,640,650,14
"3094B3F3B62FA4801DB7B568743F11E31F491E5F","TheDivision\Content\Paks\pakchunk6244-WindowsNoEditor.pak",1470799,1470799,1458687,14
"3094B3F3B62FA4801DB7B568743F11E31F491E5F","TheDivision\Content\Paks\pakchunk6244-WindowsNoEditor.sig",620,620,630,14
"3094B3F3B62FA4801DB7B568743F11E31F491E5F","TheDivision\Content\Paks\pakchunk6248-WindowsNoEditor.pak",1706707,1706707,1696186,14
"3094B3F3B62FA4801DB7B568743F11E31F491E5F","TheDivision\Content\Paks\pakchunk6248-WindowsNoEditor.sig",636,636,646,14
"3094B3F3B62FA4801DB7B568743F11E31F491E5F","TheDivision\Content\Paks\pakchunk6252-WindowsNoEditor.pak",1878819,1878819,1870947,14
"3094B3F3B62FA4801DB7B568743F11E31F491E5F","TheDivision\Content\Paks\pakchunk6252-WindowsNoEditor.sig",644,644,654,14
"3094B3F3B62FA4801DB7B568743F11E31F491E5F","TheDivision\Content\Paks\pakchunk6256-WindowsNoEditor.pak",915358,915358,906123,14
"3094B3F3B62FA4801DB7B568743F11E31F491E5F","TheDivision\Content\Paks\pakchunk6256-WindowsNoEditor.sig",584,584,594,14
"3094B3F3B62FA4801DB7B568743F11E31F491E5F","TheDivision\Content\Paks\pakchunk6260-WindowsNoEditor.pak",2081443,2081443,2072302,14
"3094B3F3B62FA4801DB7B568743F11E31F491E5F","TheDivision\Content\Paks\pakchunk6260-WindowsNoEditor.sig",656,656,666,14
"3094B3F3B62FA4801DB7B568743F11E31F491E5F","TheDivision\Content\Paks\pakchunk6264-WindowsNoEditor.pak",1573491,1573491,1561898,14
"3094B3F3B62FA4801DB7B568743F11E31F491E5F","TheDivision\Content\Paks\pakchunk6264-WindowsNoEditor.sig",628,628,638,14
"3094B3F3B62FA4801DB7B568743F11E31F491E5F","TheDivision\Content\Paks\pakchunk6268-WindowsNoEditor.pak",1581699,1581699,1571090,14
"3094B3F3B62FA4801DB7B568743F11E31F491E5F","TheDivision\Content\Paks\pakchunk6268-WindowsNoEditor.sig",628,628,638,14
"3094B3F3B62FA4801DB7B568743F11E31F491E5F","TheDivision\Content\Paks\pakchunk6272-WindowsNoEditor.pak",1577635,1577635,1565245,14
"3094B3F3B62FA4801DB7B568743F11E31F491E5F","TheDivision\Content\Paks\pakchunk6272-WindowsNoEditor.sig",628,628,638,14
"3094B3F3B62FA4801DB7B568743F11E31F491E5F","TheDivision\Content\Paks\pakchunk6276-WindowsNoEditor.pak",1575587,1575587,1567310,14
"3094B3F3B62FA4801DB7B568743F11E31F491E5F","TheDivision\Content\Paks\pakchunk6276-WindowsNoEditor.sig",628,628,638,14
"3094B3F3B62FA4801DB7B568743F11E31F491E5F","TheDivision\Content\Paks\pakchunk6280-WindowsNoEditor.pak",1723027,1723027,1712544,14
"3094B3F3B62FA4801DB7B568743F11E31F491E5F","TheDivision\Content\Paks\pakchunk6280-WindowsNoEditor.sig",636,636,646,14
"3094B3F3B62FA4801DB7B568743F11E31F491E5F","TheDivision\Content\Paks\pakchunk6284-WindowsNoEditor.pak",1571475,1571475,1563630,14
"3094B3F3B62FA4801DB7B568743F11E31F491E5F","TheDivision\Content\Paks\pakchunk6284-WindowsNoEditor.sig",624,624,634,14
"3094B3F3B62FA4801DB7B568743F11E31F491E5F","TheDivision\Content\Paks\pakchunk6288-WindowsNoEditor.pak",2114127,2114127,2106623,14
"3094B3F3B62FA4801DB7B568743F11E31F491E5F","TheDivision\Content\Paks\pakchunk6288-WindowsNoEditor.sig",660,660,670,14
"3094B3F3B62FA4801DB7B568743F11E31F491E5F","TheDivision\Content\Paks\pakchunk6292-WindowsNoEditor.pak",2024047,2024047,2016889,14
"3094B3F3B62FA4801DB7B568743F11E31F491E5F","TheDivision\Content\Paks\pakchunk6292-WindowsNoEditor.sig",652,652,662,14
"3094B3F3B62FA4801DB7B568743F11E31F491E5F","TheDivision\Content\Paks\pakchunk6296-WindowsNoEditor.pak",1745583,1745583,1737743,14
"3094B3F3B62FA4801DB7B568743F11E31F491E5F","TheDivision\Content\Paks\pakchunk6296-WindowsNoEditor.sig",636,636,646,14
"3094B3F3B62FA4801DB7B568743F11E31F491E5F","TheDivision\Content\Paks\pakchunk6300-WindowsNoEditor.pak",1890631,1890631,1885198,14
"3094B3F3B62FA4801DB7B568743F11E31F491E5F","TheDivision\Content\Paks\pakchunk6300-WindowsNoEditor.sig",644,644,654,14
"3094B3F3B62FA4801DB7B568743F11E31F491E5F","TheDivision\Content\Paks\pakchunk6304-WindowsNoEditor.pak",1913535,1913535,1902068,14
"3094B3F3B62FA4801DB7B568743F11E31F491E5F","TheDivision\Content\Paks\pakchunk6304-WindowsNoEditor.sig",648,648,658,14
"3094B3F3B62FA4801DB7B568743F11E31F491E5F","TheDivision\Content\Paks\pakchunk6308-WindowsNoEditor.pak",1872559,1872559,1863956,14
"3094B3F3B62FA4801DB7B568743F11E31F491E5F","TheDivision\Content\Paks\pakchunk6308-WindowsNoEditor.sig",644,644,654,14
"3094B3F3B62FA4801DB7B568743F11E31F491E5F","TheDivision\Content\Paks\pakchunk6312-WindowsNoEditor.pak",1727603,1727603,1705484,14
"3094B3F3B62FA4801DB7B568743F11E31F491E5F","TheDivision\Content\Paks\pakchunk6312-WindowsNoEditor.sig",636,636,646,14
"3094B3F3B62FA4801DB7B568743F11E31F491E5F","TheDivision\Content\Paks\pakchunk6316-WindowsNoEditor.pak",1596267,1596267,1585458,14
"3094B3F3B62FA4801DB7B568743F11E31F491E5F","TheDivision\Content\Paks\pakchunk6316-WindowsNoEditor.sig",628,628,638,14
"3094B3F3B62FA4801DB7B568743F11E31F491E5F","TheDivision\Content\Paks\pakchunk6320-WindowsNoEditor.pak",1592435,1592435,1583295,14
"3094B3F3B62FA4801DB7B568743F11E31F491E5F","TheDivision\Content\Paks\pakchunk6320-WindowsNoEditor.sig",628,628,638,14
"3094B3F3B62FA4801DB7B568743F11E31F491E5F","TheDivision\Content\Paks\pakchunk6324-WindowsNoEditor.pak",1684563,1684563,1665152,14
"3094B3F3B62FA4801DB7B568743F11E31F491E5F","TheDivision\Content\Paks\pakchunk6324-WindowsNoEditor.sig",632,632,642,14
"3094B3F3B62FA4801DB7B568743F11E31F491E5F","TheDivision\Content\Paks\pakchunk6328-WindowsNoEditor.pak",1608523,1608523,1600085,14
"3094B3F3B62FA4801DB7B568743F11E31F491E5F","TheDivision\Content\Paks\pakchunk6328-WindowsNoEditor.sig",628,628,638,14
"3094B3F3B62FA4801DB7B568743F11E31F491E5F","TheDivision\Content\Paks\pakchunk6332-WindowsNoEditor.pak",1600219,1600219,1586529,14
"3094B3F3B62FA4801DB7B568743F11E31F491E5F","TheDivision\Content\Paks\pakchunk6332-WindowsNoEditor.sig",628,628,638,14
"3094B3F3B62FA4801DB7B568743F11E31F491E5F","TheDivision\Content\Paks\pakchunk6336-WindowsNoEditor.pak",1891087,1891087,1880795,14
"3094B3F3B62FA4801DB7B568743F11E31F491E5F","TheDivision\Content\Paks\pakchunk6336-WindowsNoEditor.sig",644,644,654,14
"3094B3F3B62FA4801DB7B568743F11E31F491E5F","TheDivision\Content\Paks\pakchunk6340-WindowsNoEditor.pak",1917711,1917711,1906768,14
"3094B3F3B62FA4801DB7B568743F11E31F491E5F","TheDivision\Content\Paks\pakchunk6340-WindowsNoEditor.sig",648,648,658,14
"3094B3F3B62FA4801DB7B568743F11E31F491E5F","TheDivision\Content\Paks\pakchunk6344-WindowsNoEditor.pak",1712895,1712895,1698748,14
"3094B3F3B62FA4801DB7B568743F11E31F491E5F","TheDivision\Content\Paks\pakchunk6344-WindowsNoEditor.sig",636,636,646,14
"3094B3F3B62FA4801DB7B568743F11E31F491E5F","TheDivision\Content\Paks\pakchunk6348-WindowsNoEditor.pak",1905439,1905439,1895309,14
"3094B3F3B62FA4801DB7B568743F11E31F491E5F","TheDivision\Content\Paks\pakchunk6348-WindowsNoEditor.sig",648,648,658,14
"3094B3F3B62FA4801DB7B568743F11E31F491E5F","TheDivision\Content\Paks\pakchunk6352-WindowsNoEditor.pak",1679815,1679815,1667509,14
"3094B3F3B62FA4801DB7B568743F11E31F491E5F","TheDivision\Content\Paks\pakchunk6352-WindowsNoEditor.sig",632,632,642,14
"3094B3F3B62FA4801DB7B568743F11E31F491E5F","TheDivision\Content\Paks\pakchunk6356-WindowsNoEditor.pak",2171583,2171583,2156368,14
"3094B3F3B62FA4801DB7B568743F11E31F491E5F","TheDivision\Content\Paks\pakchunk6356-WindowsNoEditor.sig",664,664,674,14
"3094B3F3B62FA4801DB7B568743F11E31F491E5F","TheDivision\Content\Paks\pakchunk6360-WindowsNoEditor.pak",1805267,1805267,1790755,14
"3094B3F3B62FA4801DB7B568743F11E31F491E5F","TheDivision\Content\Paks\pakchunk6360-WindowsNoEditor.sig",640,640,650,14
"3094B3F3B62FA4801DB7B568743F11E31F491E5F","TheDivision\Content\Paks\pakchunk6364-WindowsNoEditor.pak",1535555,1535555,1528014,14
"3094B3F3B62FA4801DB7B568743F11E31F491E5F","TheDivision\Content\Paks\pakchunk6364-WindowsNoEditor.sig",624,624,634,14
"3094B3F3B62FA4801DB7B568743F11E31F491E5F","TheDivision\Content\Paks\pakchunk6368-WindowsNoEditor.pak",1948443,1948443,1941713,14
"3094B3F3B62FA4801DB7B568743F11E31F491E5F","TheDivision\Content\Paks\pakchunk6368-WindowsNoEditor.sig",648,648,658,14
"3094B3F3B62FA4801DB7B568743F11E31F491E5F","TheDivision\Content\Paks\pakchunk6372-WindowsNoEditor.pak",2001531,2001531,1989006,14
"3094B3F3B62FA4801DB7B568743F11E31F491E5F","TheDivision\Content\Paks\pakchunk6372-WindowsNoEditor.sig",652,652,662,14
"3094B3F3B62FA4801DB7B568743F11E31F491E5F","TheDivision\Content\Paks\pakchunk6376-WindowsNoEditor.pak",1819291,1819291,1810716,14
"3094B3F3B62FA4801DB7B568743F11E31F491E5F","TheDivision\Content\Paks\pakchunk6376-WindowsNoEditor.sig",640,640,650,14
"3094B3F3B62FA4801DB7B568743F11E31F491E5F","TheDivision\Content\Paks\pakchunk6380-WindowsNoEditor.pak",1727243,1727243,1719031,14
"3094B3F3B62FA4801DB7B568743F11E31F491E5F","TheDivision\Content\Paks\pakchunk6380-WindowsNoEditor.sig",636,636,646,14
"3094B3F3B62FA4801DB7B568743F11E31F491E5F","TheDivision\Content\Paks\pakchunk6384-WindowsNoEditor.pak",2124851,2124851,2107741,14
"3094B3F3B62FA4801DB7B568743F11E31F491E5F","TheDivision\Content\Paks\pakchunk6384-WindowsNoEditor.sig",660,660,670,14
"3094B3F3B62FA4801DB7B568743F11E31F491E5F","TheDivision\Content\Paks\pakchunk6388-WindowsNoEditor.pak",1602235,1602235,1591803,14
"3094B3F3B62FA4801DB7B568743F11E31F491E5F","TheDivision\Content\Paks\pakchunk6388-WindowsNoEditor.sig",628,628,638,14
"3094B3F3B62FA4801DB7B568743F11E31F491E5F","TheDivision\Content\Paks\pakchunk6392-WindowsNoEditor.pak",1694379,1694379,1685675,14
"3094B3F3B62FA4801DB7B568743F11E31F491E5F","TheDivision\Content\Paks\pakchunk6392-WindowsNoEditor.sig",632,632,642,14
"3094B3F3B62FA4801DB7B568743F11E31F491E5F","TheDivision\Content\Paks\pakchunk6396-WindowsNoEditor.pak",1942299,1942299,1927810,14
"3094B3F3B62FA4801DB7B568743F11E31F491E5F","TheDivision\Content\Paks\pakchunk6396-WindowsNoEditor.sig",648,648,658,14
"3094B3F3B62FA4801DB7B568743F11E31F491E5F","TheDivision\Content\Paks\pakchunk6400-WindowsNoEditor.pak",1850123,1850123,1840978,14
"3094B3F3B62FA4801DB7B568743F11E31F491E5F","TheDivision\Content\Paks\pakchunk6400-WindowsNoEditor.sig",644,644,654,14
"3094B3F3B62FA4801DB7B568743F11E31F491E5F","TheDivision\Content\Paks\pakchunk6404-WindowsNoEditor.pak",2101947,2101947,2092270,14
"3094B3F3B62FA4801DB7B568743F11E31F491E5F","TheDivision\Content\Paks\pakchunk6404-WindowsNoEditor.sig",660,660,670,14
"3094B3F3B62FA4801DB7B568743F11E31F491E5F","TheDivision\Content\Paks\pakchunk6408-WindowsNoEditor.pak",1718887,1718887,1705873,14
"3094B3F3B62FA4801DB7B568743F11E31F491E5F","TheDivision\Content\Paks\pakchunk6408-WindowsNoEditor.sig",636,636,646,14
"3094B3F3B62FA4801DB7B568743F11E31F491E5F","TheDivision\Content\Paks\pakchunk6412-WindowsNoEditor.pak",1747935,1747935,1732844,14
"3094B3F3B62FA4801DB7B568743F11E31F491E5F","TheDivision\Content\Paks\pakchunk6412-WindowsNoEditor.sig",636,636,646,14
"3094B3F3B62FA4801DB7B568743F11E31F491E5F","TheDivision\Content\Paks\pakchunk6416-WindowsNoEditor.pak",1792679,1792679,1779978,14
"3094B3F3B62FA4801DB7B568743F11E31F491E5F","TheDivision\Content\Paks\pakchunk6416-WindowsNoEditor.sig",640,640,650,14
"3094B3F3B62FA4801DB7B568743F11E31F491E5F","TheDivision\Content\Paks\pakchunk6420-WindowsNoEditor.pak",8231,8231,6199,14
"3094B3F3B62FA4801DB7B568743F11E31F491E5F","TheDivision\Content\Paks\pakchunk6420-WindowsNoEditor.sig",532,532,542,14
"3094B3F3B62FA4801DB7B568743F11E31F491E5F","TheDivision\Content\Paks\pakchunk6424-WindowsNoEditor.pak",1653351,1653351,1643476,14
"3094B3F3B62FA4801DB7B568743F11E31F491E5F","TheDivision\Content\Paks\pakchunk6424-WindowsNoEditor.sig",632,632,642,14
"3094B3F3B62FA4801DB7B568743F11E31F491E5F","TheDivision\Content\Paks\pakchunk6428-WindowsNoEditor.pak",1606359,1606359,1596502,14
"3094B3F3B62FA4801DB7B568743F11E31F491E5F","TheDivision\Content\Paks\pakchunk6428-WindowsNoEditor.sig",628,628,638,14
"3094B3F3B62FA4801DB7B568743F11E31F491E5F","TheDivision\Content\Paks\pakchunk6432-WindowsNoEditor.pak",2669351,2669351,2656711,14
"3094B3F3B62FA4801DB7B568743F11E31F491E5F","TheDivision\Content\Paks\pakchunk6432-WindowsNoEditor.sig",692,692,702,14
"3094B3F3B62FA4801DB7B568743F11E31F491E5F","TheDivision\Content\Paks\pakchunk6436-WindowsNoEditor.pak",2560839,2560839,2548338,14
"3094B3F3B62FA4801DB7B568743F11E31F491E5F","TheDivision\Content\Paks\pakchunk6436-WindowsNoEditor.sig",688,688,698,14
"3094B3F3B62FA4801DB7B568743F11E31F491E5F","TheDivision\Content\Paks\pakchunk6440-WindowsNoEditor.pak",2794327,2794327,2781877,14
"3094B3F3B62FA4801DB7B568743F11E31F491E5F","TheDivision\Content\Paks\pakchunk6440-WindowsNoEditor.sig",700,700,710,14
"3094B3F3B62FA4801DB7B568743F11E31F491E5F","TheDivision\Content\Paks\pakchunk6444-WindowsNoEditor.pak",2364623,2364623,2351147,14
"3094B3F3B62FA4801DB7B568743F11E31F491E5F","TheDivision\Content\Paks\pakchunk6444-WindowsNoEditor.sig",676,676,686,14
"3094B3F3B62FA4801DB7B568743F11E31F491E5F","TheDivision\Content\Paks\pakchunk6448-WindowsNoEditor.pak",2497351,2497351,2486146,14
"3094B3F3B62FA4801DB7B568743F11E31F491E5F","TheDivision\Content\Paks\pakchunk6448-WindowsNoEditor.sig",684,684,694,14
"3094B3F3B62FA4801DB7B568743F11E31F491E5F","TheDivision\Content\Paks\pakchunk6452-WindowsNoEditor.pak",2470727,2470727,2454449,14
"3094B3F3B62FA4801DB7B568743F11E31F491E5F","TheDivision\Content\Paks\pakchunk6452-WindowsNoEditor.sig",680,680,690,14
"3094B3F3B62FA4801DB7B568743F11E31F491E5F","TheDivision\Content\Paks\pakchunk6456-WindowsNoEditor.pak",1880779,1880779,1872729,14
"3094B3F3B62FA4801DB7B568743F11E31F491E5F","TheDivision\Content\Paks\pakchunk6456-WindowsNoEditor.sig",644,644,654,14
"3094B3F3B62FA4801DB7B568743F11E31F491E5F","TheDivision\Content\Paks\pakchunk6460-WindowsNoEditor.pak",1508043,1508043,1498417,14
"3094B3F3B62FA4801DB7B568743F11E31F491E5F","TheDivision\Content\Paks\pakchunk6460-WindowsNoEditor.sig",624,624,634,14
"3094B3F3B62FA4801DB7B568743F11E31F491E5F","TheDivision\Content\Paks\pakchunk6464-WindowsNoEditor.pak",1780411,1780411,1768181,14
"3094B3F3B62FA4801DB7B568743F11E31F491E5F","TheDivision\Content\Paks\pakchunk6464-WindowsNoEditor.sig",640,640,650,14
"3094B3F3B62FA4801DB7B568743F11E31F491E5F","TheDivision\Content\Paks\pakchunk6468-WindowsNoEditor.pak",1637067,1637067,1627156,14
"3094B3F3B62FA4801DB7B568743F11E31F491E5F","TheDivision\Content\Paks\pakchunk6468-WindowsNoEditor.sig",628,628,638,14
"3094B3F3B62FA4801DB7B568743F11E31F491E5F","TheDivision\Content\Paks\pakchunk6472-WindowsNoEditor.pak",1581379,1581379,1568533,14
"3094B3F3B62FA4801DB7B568743F11E31F491E5F","TheDivision\Content\Paks\pakchunk6472-WindowsNoEditor.sig",628,628,638,14
"3094B3F3B62FA4801DB7B568743F11E31F491E5F","TheDivision\Content\Paks\pakchunk6476-WindowsNoEditor.pak",1747559,1747559,1724991,14
"3094B3F3B62FA4801DB7B568743F11E31F491E5F","TheDivision\Content\Paks\pakchunk6476-WindowsNoEditor.sig",636,636,646,14
"3094B3F3B62FA4801DB7B568743F11E31F491E5F","TheDivision\Content\Paks\pakchunk6480-WindowsNoEditor.pak",2118395,2118395,2103344,14
"3094B3F3B62FA4801DB7B568743F11E31F491E5F","TheDivision\Content\Paks\pakchunk6480-WindowsNoEditor.sig",660,660,670,14
"3094B3F3B62FA4801DB7B568743F11E31F491E5F","TheDivision\Content\Paks\pakchunk6484-WindowsNoEditor.pak",1805051,1805051,1789690,14
"3094B3F3B62FA4801DB7B568743F11E31F491E5F","TheDivision\Content\Paks\pakchunk6484-WindowsNoEditor.sig",640,640,650,14
"3094B3F3B62FA4801DB7B568743F11E31F491E5F","TheDivision\Content\Paks\pakchunk6488-WindowsNoEditor.pak",1772267,1772267,1762347,14
"3094B3F3B62FA4801DB7B568743F11E31F491E5F","TheDivision\Content\Paks\pakchunk6488-WindowsNoEditor.sig",640,640,650,14
"3094B3F3B62FA4801DB7B568743F11E31F491E5F","TheDivision\Content\Paks\pakchunk6492-WindowsNoEditor.pak",1936059,1936059,1917225,14
"3094B3F3B62FA4801DB7B568743F11E31F491E5F","TheDivision\Content\Paks\pakchunk6492-WindowsNoEditor.sig",648,648,658,14
"3094B3F3B62FA4801DB7B568743F11E31F491E5F","TheDivision\Content\Paks\pakchunk6496-WindowsNoEditor.pak",1761995,1761995,1750820,14
"3094B3F3B62FA4801DB7B568743F11E31F491E5F","TheDivision\Content\Paks\pakchunk6496-WindowsNoEditor.sig",636,636,646,14
"3094B3F3B62FA4801DB7B568743F11E31F491E5F","TheDivision\Content\Paks\pakchunk6500-WindowsNoEditor.pak",1710811,1710811,1700944,14
"3094B3F3B62FA4801DB7B568743F11E31F491E5F","TheDivision\Content\Paks\pakchunk6500-WindowsNoEditor.sig",636,636,646,14
"3094B3F3B62FA4801DB7B568743F11E31F491E5F","TheDivision\Content\Paks\pakchunk6504-WindowsNoEditor.pak",1542807,1542807,1533673,14
"3094B3F3B62FA4801DB7B568743F11E31F491E5F","TheDivision\Content\Paks\pakchunk6504-WindowsNoEditor.sig",624,624,634,14
"3094B3F3B62FA4801DB7B568743F11E31F491E5F","TheDivision\Content\Paks\pakchunk6508-WindowsNoEditor.pak",1727159,1727159,1713280,14
"3094B3F3B62FA4801DB7B568743F11E31F491E5F","TheDivision\Content\Paks\pakchunk6508-WindowsNoEditor.sig",636,636,646,14
"3094B3F3B62FA4801DB7B568743F11E31F491E5F","TheDivision\Content\Paks\pakchunk6512-WindowsNoEditor.pak",3303700,3303700,3285657,14
"3094B3F3B62FA4801DB7B568743F11E31F491E5F","TheDivision\Content\Paks\pakchunk6512-WindowsNoEditor.sig",732,732,742,14
"3094B3F3B62FA4801DB7B568743F11E31F491E5F","TheDivision\Content\Paks\pakchunk6516-WindowsNoEditor.pak",1952439,1952439,1940259,14
"3094B3F3B62FA4801DB7B568743F11E31F491E5F","TheDivision\Content\Paks\pakchunk6516-WindowsNoEditor.sig",648,648,658,14
"3094B3F3B62FA4801DB7B568743F11E31F491E5F","TheDivision\Content\Paks\pakchunk6520-WindowsNoEditor.pak",1669799,1669799,1660464,14
"3094B3F3B62FA4801DB7B568743F11E31F491E5F","TheDivision\Content\Paks\pakchunk6520-WindowsNoEditor.sig",632,632,642,14
"3094B3F3B62FA4801DB7B568743F11E31F491E5F","TheDivision\Content\Paks\pakchunk6524-WindowsNoEditor.pak",1442567,1442567,1434902,14
"3094B3F3B62FA4801DB7B568743F11E31F491E5F","TheDivision\Content\Paks\pakchunk6524-WindowsNoEditor.sig",620,620,630,14
"3094B3F3B62FA4801DB7B568743F11E31F491E5F","TheDivision\Content\Paks\pakchunk6528-WindowsNoEditor.pak",1995543,1995543,1986210,14
"3094B3F3B62FA4801DB7B568743F11E31F491E5F","TheDivision\Content\Paks\pakchunk6528-WindowsNoEditor.sig",652,652,662,14
"3094B3F3B62FA4801DB7B568743F11E31F491E5F","TheDivision\Content\Paks\pakchunk6532-WindowsNoEditor.pak",1849855,1849855,1837982,14
"3094B3F3B62FA4801DB7B568743F11E31F491E5F","TheDivision\Content\Paks\pakchunk6532-WindowsNoEditor.sig",644,644,654,14
"3094B3F3B62FA4801DB7B568743F11E31F491E5F","TheDivision\Content\Paks\pakchunk6536-WindowsNoEditor.pak",1737559,1737559,1724601,14
"3094B3F3B62FA4801DB7B568743F11E31F491E5F","TheDivision\Content\Paks\pakchunk6536-WindowsNoEditor.sig",636,636,646,14
"3094B3F3B62FA4801DB7B568743F11E31F491E5F","TheDivision\Content\Paks\pakchunk6540-WindowsNoEditor.pak",1923943,1923943,1909424,14
"3094B3F3B62FA4801DB7B568743F11E31F491E5F","TheDivision\Content\Paks\pakchunk6540-WindowsNoEditor.sig",648,648,658,14
"3094B3F3B62FA4801DB7B568743F11E31F491E5F","TheDivision\Content\Paks\pakchunk6544-WindowsNoEditor.pak",1663815,1663815,1653227,14
"3094B3F3B62FA4801DB7B568743F11E31F491E5F","TheDivision\Content\Paks\pakchunk6544-WindowsNoEditor.sig",632,632,642,14
"3094B3F3B62FA4801DB7B568743F11E31F491E5F","TheDivision\Content\Paks\pakchunk6548-WindowsNoEditor.pak",2179879,2179879,2168567,14
"3094B3F3B62FA4801DB7B568743F11E31F491E5F","TheDivision\Content\Paks\pakchunk6548-WindowsNoEditor.sig",664,664,674,14
"3094B3F3B62FA4801DB7B568743F11E31F491E5F","TheDivision\Content\Paks\pakchunk6552-WindowsNoEditor.pak",1579315,1579315,1570585,14
"3094B3F3B62FA4801DB7B568743F11E31F491E5F","TheDivision\Content\Paks\pakchunk6552-WindowsNoEditor.sig",628,628,638,14
"3094B3F3B62FA4801DB7B568743F11E31F491E5F","TheDivision\Content\Paks\pakchunk6556-WindowsNoEditor.pak",1948347,1948347,1938705,14
"3094B3F3B62FA4801DB7B568743F11E31F491E5F","TheDivision\Content\Paks\pakchunk6556-WindowsNoEditor.sig",648,648,658,14
"3094B3F3B62FA4801DB7B568743F11E31F491E5F","TheDivision\Content\Paks\pakchunk6560-WindowsNoEditor.pak",1774283,1774283,1765672,14
"3094B3F3B62FA4801DB7B568743F11E31F491E5F","TheDivision\Content\Paks\pakchunk6560-WindowsNoEditor.sig",640,640,650,14
"3094B3F3B62FA4801DB7B568743F11E31F491E5F","TheDivision\Content\Paks\pakchunk6564-WindowsNoEditor.pak",2038475,2038475,2022986,14
"3094B3F3B62FA4801DB7B568743F11E31F491E5F","TheDivision\Content\Paks\pakchunk6564-WindowsNoEditor.sig",656,656,666,14
"3094B3F3B62FA4801DB7B568743F11E31F491E5F","TheDivision\Content\Paks\pakchunk6568-WindowsNoEditor.pak",1788587,1788587,1774980,14
"3094B3F3B62FA4801DB7B568743F11E31F491E5F","TheDivision\Content\Paks\pakchunk6568-WindowsNoEditor.sig",640,640,650,14
"3094B3F3B62FA4801DB7B568743F11E31F491E5F","TheDivision\Content\Paks\pakchunk6572-WindowsNoEditor.pak",2228891,2228891,2217689,14
"3094B3F3B62FA4801DB7B568743F11E31F491E5F","TheDivision\Content\Paks\pakchunk6572-WindowsNoEditor.sig",668,668,678,14
"3094B3F3B62FA4801DB7B568743F11E31F491E5F","TheDivision\Content\Paks\pakchunk6576-WindowsNoEditor.pak",1987319,1987319,1975999,14
"3094B3F3B62FA4801DB7B568743F11E31F491E5F","TheDivision\Content\Paks\pakchunk6576-WindowsNoEditor.sig",652,652,662,14
"3094B3F3B62FA4801DB7B568743F11E31F491E5F","TheDivision\Content\Paks\pakchunk6580-WindowsNoEditor.pak",2126575,2126575,2115420,14
"3094B3F3B62FA4801DB7B568743F11E31F491E5F","TheDivision\Content\Paks\pakchunk6580-WindowsNoEditor.sig",660,660,670,14
"3094B3F3B62FA4801DB7B568743F11E31F491E5F","TheDivision\Content\Paks\pakchunk6584-WindowsNoEditor.pak",1841927,1841927,1830104,14
"3094B3F3B62FA4801DB7B568743F11E31F491E5F","TheDivision\Content\Paks\pakchunk6584-WindowsNoEditor.sig",644,644,654,14
"3094B3F3B62FA4801DB7B568743F11E31F491E5F","TheDivision\Content\Paks\pakchunk6588-WindowsNoEditor.pak",2106119,2106119,2090810,14
"3094B3F3B62FA4801DB7B568743F11E31F491E5F","TheDivision\Content\Paks\pakchunk6588-WindowsNoEditor.sig",660,660,670,14
"3094B3F3B62FA4801DB7B568743F11E31F491E5F","TheDivision\Content\Paks\pakchunk6592-WindowsNoEditor.pak",1817415,1817415,1806439,14
"3094B3F3B62FA4801DB7B568743F11E31F491E5F","TheDivision\Content\Paks\pakchunk6592-WindowsNoEditor.sig",640,640,650,14
"3094B3F3B62FA4801DB7B568743F11E31F491E5F","TheDivision\Content\Paks\pakchunk6596-WindowsNoEditor.pak",2245319,2245319,2230341,14
"3094B3F3B62FA4801DB7B568743F11E31F491E5F","TheDivision\Content\Paks\pakchunk6596-WindowsNoEditor.sig",668,668,678,14
"3094B3F3B62FA4801DB7B568743F11E31F491E5F","TheDivision\Content\Paks\pakchunk6600-WindowsNoEditor.pak",1936007,1936007,1926397,14
"3094B3F3B62FA4801DB7B568743F11E31F491E5F","TheDivision\Content\Paks\pakchunk6600-WindowsNoEditor.sig",648,648,658,14
"3094B3F3B62FA4801DB7B568743F11E31F491E5F","TheDivision\Content\Paks\pakchunk6604-WindowsNoEditor.pak",1602143,1602143,1589988,14
"3094B3F3B62FA4801DB7B568743F11E31F491E5F","TheDivision\Content\Paks\pakchunk6604-WindowsNoEditor.sig",628,628,638,14
"3094B3F3B62FA4801DB7B568743F11E31F491E5F","TheDivision\Content\Paks\pakchunk6608-WindowsNoEditor.pak",2190805,2190805,2179078,14
"3094B3F3B62FA4801DB7B568743F11E31F491E5F","TheDivision\Content\Paks\pakchunk6608-WindowsNoEditor.sig",664,664,674,14
"3094B3F3B62FA4801DB7B568743F11E31F491E5F","TheDivision\Content\Paks\pakchunk6612-WindowsNoEditor.pak",1532567,1532567,1523084,14
"3094B3F3B62FA4801DB7B568743F11E31F491E5F","TheDivision\Content\Paks\pakchunk6612-WindowsNoEditor.sig",624,624,634,14
"3094B3F3B62FA4801DB7B568743F11E31F491E5F","TheDivision\Content\Paks\pakchunk6616-WindowsNoEditor.pak",1386767,1386767,1378733,14
"3094B3F3B62FA4801DB7B568743F11E31F491E5F","TheDivision\Content\Paks\pakchunk6616-WindowsNoEditor.sig",616,616,626,14
"3094B3F3B62FA4801DB7B568743F11E31F491E5F","TheDivision\Content\Paks\pakchunk6620-WindowsNoEditor.pak",1454727,1454727,1444545,14
"3094B3F3B62FA4801DB7B568743F11E31F491E5F","TheDivision\Content\Paks\pakchunk6620-WindowsNoEditor.sig",620,620,630,14
"3094B3F3B62FA4801DB7B568743F11E31F491E5F","TheDivision\Content\Paks\pakchunk6624-WindowsNoEditor.pak",3822738,3822738,3753025,14
"3094B3F3B62FA4801DB7B568743F11E31F491E5F","TheDivision\Content\Paks\pakchunk6624-WindowsNoEditor.sig",764,764,774,14
"3094B3F3B62FA4801DB7B568743F11E31F491E5F","TheDivision\Content\Paks\pakchunk6628-WindowsNoEditor.pak",3463644,3463644,3403520,14
"3094B3F3B62FA4801DB7B568743F11E31F491E5F","TheDivision\Content\Paks\pakchunk6628-WindowsNoEditor.sig",740,740,750,14
"3094B3F3B62FA4801DB7B568743F11E31F491E5F","TheDivision\Content\Paks\pakchunk6632-WindowsNoEditor.pak",3991214,3991214,3938360,14
"3094B3F3B62FA4801DB7B568743F11E31F491E5F","TheDivision\Content\Paks\pakchunk6632-WindowsNoEditor.sig",772,772,782,14
"3094B3F3B62FA4801DB7B568743F11E31F491E5F","TheDivision\Content\Paks\pakchunk6636-WindowsNoEditor.pak",3385757,3385757,3311403,14
"3094B3F3B62FA4801DB7B568743F11E31F491E5F","TheDivision\Content\Paks\pakchunk6636-WindowsNoEditor.sig",736,736,746,14
"3094B3F3B62FA4801DB7B568743F11E31F491E5F","TheDivision\Content\Paks\pakchunk6640-WindowsNoEditor.pak",3609455,3609455,3547629,14
"3094B3F3B62FA4801DB7B568743F11E31F491E5F","TheDivision\Content\Paks\pakchunk6640-WindowsNoEditor.sig",752,752,762,14
"3094B3F3B62FA4801DB7B568743F11E31F491E5F","TheDivision\Content\Paks\pakchunk6644-WindowsNoEditor.pak",3782145,3782145,3703307,14
"3094B3F3B62FA4801DB7B568743F11E31F491E5F","TheDivision\Content\Paks\pakchunk6644-WindowsNoEditor.sig",760,760,770,14
"3094B3F3B62FA4801DB7B568743F11E31F491E5F","TheDivision\Content\Paks\pakchunk6648-WindowsNoEditor.pak",1541165,1541165,1530004,14
"3094B3F3B62FA4801DB7B568743F11E31F491E5F","TheDivision\Content\Paks\pakchunk6648-WindowsNoEditor.sig",624,624,634,14
"3094B3F3B62FA4801DB7B568743F11E31F491E5F","TheDivision\Content\Paks\pakchunk6652-WindowsNoEditor.pak",1686621,1686621,1676795,14
"3094B3F3B62FA4801DB7B568743F11E31F491E5F","TheDivision\Content\Paks\pakchunk6652-WindowsNoEditor.sig",632,632,642,14
"3094B3F3B62FA4801DB7B568743F11E31F491E5F","TheDivision\Content\Paks\pakchunk6656-WindowsNoEditor.pak",2483091,2483091,2467033,14
"3094B3F3B62FA4801DB7B568743F11E31F491E5F","TheDivision\Content\Paks\pakchunk6656-WindowsNoEditor.sig",680,680,690,14
"3094B3F3B62FA4801DB7B568743F11E31F491E5F","TheDivision\Content\Paks\pakchunk6660-WindowsNoEditor.pak",1577735,1577735,1565451,14
"3094B3F3B62FA4801DB7B568743F11E31F491E5F","TheDivision\Content\Paks\pakchunk6660-WindowsNoEditor.sig",628,628,638,14
"3094B3F3B62FA4801DB7B568743F11E31F491E5F","TheDivision\Content\Paks\pakchunk6664-WindowsNoEditor.pak",1891421,1891421,1880338,14
"3094B3F3B62FA4801DB7B568743F11E31F491E5F","TheDivision\Content\Paks\pakchunk6664-WindowsNoEditor.sig",644,644,654,14
"3094B3F3B62FA4801DB7B568743F11E31F491E5F","TheDivision\Content\Paks\pakchunk6668-WindowsNoEditor.pak",1785013,1785013,1774956,14
"3094B3F3B62FA4801DB7B568743F11E31F491E5F","TheDivision\Content\Paks\pakchunk6668-WindowsNoEditor.sig",640,640,650,14
"3094B3F3B62FA4801DB7B568743F11E31F491E5F","TheDivision\Content\Paks\pakchunk6672-WindowsNoEditor.pak",2119217,2119217,2107037,14
"3094B3F3B62FA4801DB7B568743F11E31F491E5F","TheDivision\Content\Paks\pakchunk6672-WindowsNoEditor.sig",660,660,670,14
"3094B3F3B62FA4801DB7B568743F11E31F491E5F","TheDivision\Content\Paks\pakchunk6676-WindowsNoEditor.pak",1644113,1644113,1636005,14
"3094B3F3B62FA4801DB7B568743F11E31F491E5F","TheDivision\Content\Paks\pakchunk6676-WindowsNoEditor.sig",632,632,642,14
"3094B3F3B62FA4801DB7B568743F11E31F491E5F","TheDivision\Content\Paks\pakchunk6680-WindowsNoEditor.pak",1658025,1658025,1647484,14
"3094B3F3B62FA4801DB7B568743F11E31F491E5F","TheDivision\Content\Paks\pakchunk6680-WindowsNoEditor.sig",632,632,642,14
"3094B3F3B62FA4801DB7B568743F11E31F491E5F","TheDivision\Content\Paks\pakchunk6684-WindowsNoEditor.pak",1819889,1819889,1805009,14
"3094B3F3B62FA4801DB7B568743F11E31F491E5F","TheDivision\Content\Paks\pakchunk6684-WindowsNoEditor.sig",640,640,650,14
"3094B3F3B62FA4801DB7B568743F11E31F491E5F","TheDivision\Content\Paks\pakchunk6688-WindowsNoEditor.pak",1846633,1846633,1836306,14
"3094B3F3B62FA4801DB7B568743F11E31F491E5F","TheDivision\Content\Paks\pakchunk6688-WindowsNoEditor.sig",644,644,654,14
"3094B3F3B62FA4801DB7B568743F11E31F491E5F","TheDivision\Content\Paks\pakchunk6692-WindowsNoEditor.pak",1805206,1805206,1791536,14
"3094B3F3B62FA4801DB7B568743F11E31F491E5F","TheDivision\Content\Paks\pakchunk6692-WindowsNoEditor.sig",640,640,650,14
"3094B3F3B62FA4801DB7B568743F11E31F491E5F","TheDivision\Content\Paks\pakchunk6696-WindowsNoEditor.pak",2459695,2459695,2445183,14
"3094B3F3B62FA4801DB7B568743F11E31F491E5F","TheDivision\Content\Paks\pakchunk6696-WindowsNoEditor.sig",680,680,690,14
"3094B3F3B62FA4801DB7B568743F11E31F491E5F","TheDivision\Content\Paks\pakchunk6700-WindowsNoEditor.pak",1925073,1925073,1912988,14
"3094B3F3B62FA4801DB7B568743F11E31F491E5F","TheDivision\Content\Paks\pakchunk6700-WindowsNoEditor.sig",648,648,658,14
"3094B3F3B62FA4801DB7B568743F11E31F491E5F","TheDivision\Content\Paks\pakchunk6704-WindowsNoEditor.pak",1905725,1905725,1894949,14
"3094B3F3B62FA4801DB7B568743F11E31F491E5F","TheDivision\Content\Paks\pakchunk6704-WindowsNoEditor.sig",648,648,658,14
"3094B3F3B62FA4801DB7B568743F11E31F491E5F","TheDivision\Content\Paks\pakchunk6708-WindowsNoEditor.pak",1668293,1668293,1659019,14
"3094B3F3B62FA4801DB7B568743F11E31F491E5F","TheDivision\Content\Paks\pakchunk6708-WindowsNoEditor.sig",632,632,642,14
"3094B3F3B62FA4801DB7B568743F11E31F491E5F","TheDivision\Content\Paks\pakchunk6712-WindowsNoEditor.pak",1639709,1639709,1630910,14
"3094B3F3B62FA4801DB7B568743F11E31F491E5F","TheDivision\Content\Paks\pakchunk6712-WindowsNoEditor.sig",632,632,642,14
"3094B3F3B62FA4801DB7B568743F11E31F491E5F","TheDivision\Content\Paks\pakchunk6716-WindowsNoEditor.pak",1839978,1839978,1833251,14
"3094B3F3B62FA4801DB7B568743F11E31F491E5F","TheDivision\Content\Paks\pakchunk6716-WindowsNoEditor.sig",644,644,654,14
"3094B3F3B62FA4801DB7B568743F11E31F491E5F","TheDivision\Content\Paks\pakchunk6720-WindowsNoEditor.pak",2076119,2076119,2065123,14
"3094B3F3B62FA4801DB7B568743F11E31F491E5F","TheDivision\Content\Paks\pakchunk6720-WindowsNoEditor.sig",656,656,666,14
"3094B3F3B62FA4801DB7B568743F11E31F491E5F","TheDivision\Content\Paks\pakchunk6724-WindowsNoEditor.pak",1994471,1994471,1982579,14
"3094B3F3B62FA4801DB7B568743F11E31F491E5F","TheDivision\Content\Paks\pakchunk6724-WindowsNoEditor.sig",652,652,662,14
"3094B3F3B62FA4801DB7B568743F11E31F491E5F","TheDivision\Content\Paks\pakchunk6728-WindowsNoEditor.pak",1783335,1783335,1772399,14
"3094B3F3B62FA4801DB7B568743F11E31F491E5F","TheDivision\Content\Paks\pakchunk6728-WindowsNoEditor.sig",640,640,650,14
"3094B3F3B62FA4801DB7B568743F11E31F491E5F","TheDivision\Content\Paks\pakchunk6732-WindowsNoEditor.pak",1824167,1824167,1810797,14
"3094B3F3B62FA4801DB7B568743F11E31F491E5F","TheDivision\Content\Paks\pakchunk6732-WindowsNoEditor.sig",640,640,650,14
"3094B3F3B62FA4801DB7B568743F11E31F491E5F","TheDivision\Content\Paks\pakchunk6740-WindowsNoEditor.pak",1922759,1922759,1909932,14
"3094B3F3B62FA4801DB7B568743F11E31F491E5F","TheDivision\Content\Paks\pakchunk6740-WindowsNoEditor.sig",648,648,658,14
"3094B3F3B62FA4801DB7B568743F11E31F491E5F","TheDivision\Content\Paks\pakchunk6744-WindowsNoEditor.pak",1973461,1973461,1954305,14
"3094B3F3B62FA4801DB7B568743F11E31F491E5F","TheDivision\Content\Paks\pakchunk6744-WindowsNoEditor.sig",652,652,662,14
"3094B3F3B62FA4801DB7B568743F11E31F491E5F","TheDivision\Content\Paks\pakchunk6748-WindowsNoEditor.pak",7044563,7044563,7029750,14
"3094B3F3B62FA4801DB7B568743F11E31F491E5F","TheDivision\Content\Paks\pakchunk6748-WindowsNoEditor.sig",960,960,970,14
"3094B3F3B62FA4801DB7B568743F11E31F491E5F","TheDivision\Content\Paks\pakchunk6752-WindowsNoEditor.pak",1750125,1750125,1737400,14
"3094B3F3B62FA4801DB7B568743F11E31F491E5F","TheDivision\Content\Paks\pakchunk6752-WindowsNoEditor.sig",636,636,646,14
"3094B3F3B62FA4801DB7B568743F11E31F491E5F","TheDivision\Content\Paks\pakchunk6756-WindowsNoEditor.pak",1790887,1790887,1776541,14
"3094B3F3B62FA4801DB7B568743F11E31F491E5F","TheDivision\Content\Paks\pakchunk6756-WindowsNoEditor.sig",640,640,650,14
"3094B3F3B62FA4801DB7B568743F11E31F491E5F","TheDivision\Content\Paks\pakchunk6760-WindowsNoEditor.pak",2102381,2102381,2091476,14
"3094B3F3B62FA4801DB7B568743F11E31F491E5F","TheDivision\Content\Paks\pakchunk6760-WindowsNoEditor.sig",660,660,670,14
"3094B3F3B62FA4801DB7B568743F11E31F491E5F","TheDivision\Content\Paks\pakchunk6764-WindowsNoEditor.pak",1754007,1754007,1740923,14
"3094B3F3B62FA4801DB7B568743F11E31F491E5F","TheDivision\Content\Paks\pakchunk6764-WindowsNoEditor.sig",636,636,646,14
"3094B3F3B62FA4801DB7B568743F11E31F491E5F","TheDivision\Content\Paks\pakchunk6768-WindowsNoEditor.pak",2115117,2115117,2104738,14
"3094B3F3B62FA4801DB7B568743F11E31F491E5F","TheDivision\Content\Paks\pakchunk6768-WindowsNoEditor.sig",660,660,670,14
"3094B3F3B62FA4801DB7B568743F11E31F491E5F","TheDivision\Content\Paks\pakchunk6772-WindowsNoEditor.pak",1717373,1717373,1698569,14
"3094B3F3B62FA4801DB7B568743F11E31F491E5F","TheDivision\Content\Paks\pakchunk6772-WindowsNoEditor.sig",636,636,646,14
"3094B3F3B62FA4801DB7B568743F11E31F491E5F","TheDivision\Content\Paks\pakchunk6776-WindowsNoEditor.pak",2206913,2206913,2195527,14
"3094B3F3B62FA4801DB7B568743F11E31F491E5F","TheDivision\Content\Paks\pakchunk6776-WindowsNoEditor.sig",664,664,674,14
"3094B3F3B62FA4801DB7B568743F11E31F491E5F","TheDivision\Content\Paks\pakchunk6780-WindowsNoEditor.pak",1909687,1909687,1899041,14
"3094B3F3B62FA4801DB7B568743F11E31F491E5F","TheDivision\Content\Paks\pakchunk6780-WindowsNoEditor.sig",648,648,658,14
"3094B3F3B62FA4801DB7B568743F11E31F491E5F","TheDivision\Content\Paks\pakchunk6784-WindowsNoEditor.pak",2108544,2108544,2089714,14
"3094B3F3B62FA4801DB7B568743F11E31F491E5F","TheDivision\Content\Paks\pakchunk6784-WindowsNoEditor.sig",660,660,670,14
"3094B3F3B62FA4801DB7B568743F11E31F491E5F","TheDivision\Content\Paks\pakchunk6788-WindowsNoEditor.pak",1563945,1563945,1554481,14
"3094B3F3B62FA4801DB7B568743F11E31F491E5F","TheDivision\Content\Paks\pakchunk6788-WindowsNoEditor.sig",624,624,634,14
"3094B3F3B62FA4801DB7B568743F11E31F491E5F","TheDivision\Content\Paks\pakchunk6792-WindowsNoEditor.pak",1754345,1754345,1739510,14
"3094B3F3B62FA4801DB7B568743F11E31F491E5F","TheDivision\Content\Paks\pakchunk6792-WindowsNoEditor.sig",636,636,646,14
"3094B3F3B62FA4801DB7B568743F11E31F491E5F","TheDivision\Content\Paks\pakchunk6796-WindowsNoEditor.pak",2340169,2340169,2328138,14
"3094B3F3B62FA4801DB7B568743F11E31F491E5F","TheDivision\Content\Paks\pakchunk6796-WindowsNoEditor.sig",672,672,682,14
"3094B3F3B62FA4801DB7B568743F11E31F491E5F","TheDivision\Content\Paks\pakchunk6800-WindowsNoEditor.pak",2458905,2458905,2440399,14
"3094B3F3B62FA4801DB7B568743F11E31F491E5F","TheDivision\Content\Paks\pakchunk6800-WindowsNoEditor.sig",680,680,690,14
"3094B3F3B62FA4801DB7B568743F11E31F491E5F","TheDivision\Content\Paks\pakchunk6804-WindowsNoEditor.pak",2509795,2509795,2495993,14
"3094B3F3B62FA4801DB7B568743F11E31F491E5F","TheDivision\Content\Paks\pakchunk6804-WindowsNoEditor.sig",684,684,694,14
"3094B3F3B62FA4801DB7B568743F11E31F491E5F","TheDivision\Content\Paks\pakchunk6808-WindowsNoEditor.pak",2205001,2205001,2192187,14
"3094B3F3B62FA4801DB7B568743F11E31F491E5F","TheDivision\Content\Paks\pakchunk6808-WindowsNoEditor.sig",664,664,674,14
"3094B3F3B62FA4801DB7B568743F11E31F491E5F","TheDivision\Content\Paks\pakchunk6812-WindowsNoEditor.pak",2308959,2308959,2283739,14
"3094B3F3B62FA4801DB7B568743F11E31F491E5F","TheDivision\Content\Paks\pakchunk6812-WindowsNoEditor.sig",672,672,682,14
"3094B3F3B62FA4801DB7B568743F11E31F491E5F","TheDivision\Content\Paks\pakchunk6816-WindowsNoEditor.pak",2031507,2031507,2016223,14
"3094B3F3B62FA4801DB7B568743F11E31F491E5F","TheDivision\Content\Paks\pakchunk6816-WindowsNoEditor.sig",652,652,662,14
"3094B3F3B62FA4801DB7B568743F11E31F491E5F","TheDivision\Content\Paks\pakchunk6820-WindowsNoEditor.pak",2121715,2121715,2106183,14
"3094B3F3B62FA4801DB7B568743F11E31F491E5F","TheDivision\Content\Paks\pakchunk6820-WindowsNoEditor.sig",660,660,670,14
"3094B3F3B62FA4801DB7B568743F11E31F491E5F","TheDivision\Content\Paks\pakchunk6824-WindowsNoEditor.pak",2049859,2049859,2036182,14
"3094B3F3B62FA4801DB7B568743F11E31F491E5F","TheDivision\Content\Paks\pakchunk6824-WindowsNoEditor.sig",656,656,666,14
"3094B3F3B62FA4801DB7B568743F11E31F491E5F","TheDivision\Content\Paks\pakchunk6828-WindowsNoEditor.pak",2317571,2317571,2304513,14
"3094B3F3B62FA4801DB7B568743F11E31F491E5F","TheDivision\Content\Paks\pakchunk6828-WindowsNoEditor.sig",672,672,682,14
"3094B3F3B62FA4801DB7B568743F11E31F491E5F","TheDivision\Content\Paks\pakchunk6832-WindowsNoEditor.pak",1901782,1901782,1891973,14
"3094B3F3B62FA4801DB7B568743F11E31F491E5F","TheDivision\Content\Paks\pakchunk6832-WindowsNoEditor.sig",648,648,658,14
"3094B3F3B62FA4801DB7B568743F11E31F491E5F","TheDivision\Content\Paks\pakchunk6836-WindowsNoEditor.pak",2043507,2043507,2028230,14
"3094B3F3B62FA4801DB7B568743F11E31F491E5F","TheDivision\Content\Paks\pakchunk6836-WindowsNoEditor.sig",656,656,666,14
"3094B3F3B62FA4801DB7B568743F11E31F491E5F","TheDivision\Content\Paks\pakchunk6840-WindowsNoEditor.pak",1805419,1805419,1793571,14
"3094B3F3B62FA4801DB7B568743F11E31F491E5F","TheDivision\Content\Paks\pakchunk6840-WindowsNoEditor.sig",640,640,650,14
"3094B3F3B62FA4801DB7B568743F11E31F491E5F","TheDivision\Content\Paks\pakchunk6844-WindowsNoEditor.pak",2274163,2274163,2260036,14
"3094B3F3B62FA4801DB7B568743F11E31F491E5F","TheDivision\Content\Paks\pakchunk6844-WindowsNoEditor.sig",668,668,678,14
"3094B3F3B62FA4801DB7B568743F11E31F491E5F","TheDivision\Content\Paks\pakchunk6848-WindowsNoEditor.pak",1604827,1604827,1591341,14
"3094B3F3B62FA4801DB7B568743F11E31F491E5F","TheDivision\Content\Paks\pakchunk6848-WindowsNoEditor.sig",628,628,638,14
"3094B3F3B62FA4801DB7B568743F11E31F491E5F","TheDivision\Content\Paks\pakchunk6852-WindowsNoEditor.pak",1773283,1773283,1761679,14
"3094B3F3B62FA4801DB7B568743F11E31F491E5F","TheDivision\Content\Paks\pakchunk6852-WindowsNoEditor.sig",640,640,650,14
"3094B3F3B62FA4801DB7B568743F11E31F491E5F","TheDivision\Content\Paks\pakchunk6856-WindowsNoEditor.pak",1909934,1909934,1899006,14
"3094B3F3B62FA4801DB7B568743F11E31F491E5F","TheDivision\Content\Paks\pakchunk6856-WindowsNoEditor.sig",648,648,658,14
"3094B3F3B62FA4801DB7B568743F11E31F491E5F","TheDivision\Content\Paks\pakchunk6860-WindowsNoEditor.pak",6031919,6031919,5932184,14
"3094B3F3B62FA4801DB7B568743F11E31F491E5F","TheDivision\Content\Paks\pakchunk6860-WindowsNoEditor.sig",900,900,910,14
"3094B3F3B62FA4801DB7B568743F11E31F491E5F","TheDivision\Content\Paks\pakchunk6864-WindowsNoEditor.pak",11161,11161,8100,14
"3094B3F3B62FA4801DB7B568743F11E31F491E5F","TheDivision\Content\Paks\pakchunk6864-WindowsNoEditor.sig",532,532,542,14
"3094B3F3B62FA4801DB7B568743F11E31F491E5F","TheDivision\Content\Paks\pakchunk6868-WindowsNoEditor.pak",11161,11161,7904,14
"3094B3F3B62FA4801DB7B568743F11E31F491E5F","TheDivision\Content\Paks\pakchunk6868-WindowsNoEditor.sig",532,532,542,14
"3094B3F3B62FA4801DB7B568743F11E31F491E5F","TheDivision\Content\Paks\pakchunk6872-WindowsNoEditor.pak",11177,11177,8003,14
"3094B3F3B62FA4801DB7B568743F11E31F491E5F","TheDivision\Content\Paks\pakchunk6872-WindowsNoEditor.sig",532,532,542,14
"3094B3F3B62FA4801DB7B568743F11E31F491E5F","TheDivision\Content\Paks\pakchunk6876-WindowsNoEditor.pak",11119,11119,7803,14
"3094B3F3B62FA4801DB7B568743F11E31F491E5F","TheDivision\Content\Paks\pakchunk6876-WindowsNoEditor.sig",532,532,542,14
"3094B3F3B62FA4801DB7B568743F11E31F491E5F","TheDivision\Content\Paks\pakchunk6880-WindowsNoEditor.pak",13209,13209,8153,14
"3094B3F3B62FA4801DB7B568743F11E31F491E5F","TheDivision\Content\Paks\pakchunk6880-WindowsNoEditor.sig",532,532,542,14
"3094B3F3B62FA4801DB7B568743F11E31F491E5F","TheDivision\Content\Paks\pakchunk6884-WindowsNoEditor.pak",1770135,1770135,1761635,14
"3094B3F3B62FA4801DB7B568743F11E31F491E5F","TheDivision\Content\Paks\pakchunk6884-WindowsNoEditor.sig",640,640,650,14
"3094B3F3B62FA4801DB7B568743F11E31F491E5F","TheDivision\Content\Paks\pakchunk6888-WindowsNoEditor.pak",1791007,1791007,1764318,14
"3094B3F3B62FA4801DB7B568743F11E31F491E5F","TheDivision\Content\Paks\pakchunk6888-WindowsNoEditor.sig",640,640,650,14
"3094B3F3B62FA4801DB7B568743F11E31F491E5F","TheDivision\Content\Paks\pakchunk6892-WindowsNoEditor.pak",1700535,1700535,1690219,14
"3094B3F3B62FA4801DB7B568743F11E31F491E5F","TheDivision\Content\Paks\pakchunk6892-WindowsNoEditor.sig",632,632,642,14
"3094B3F3B62FA4801DB7B568743F11E31F491E5F","TheDivision\Content\Paks\pakchunk6896-WindowsNoEditor.pak",1805343,1805343,1786765,14
"3094B3F3B62FA4801DB7B568743F11E31F491E5F","TheDivision\Content\Paks\pakchunk6896-WindowsNoEditor.sig",640,640,650,14
"3094B3F3B62FA4801DB7B568743F11E31F491E5F","TheDivision\Content\Paks\pakchunk6900-WindowsNoEditor.pak",1741591,1741591,1732076,14
"3094B3F3B62FA4801DB7B568743F11E31F491E5F","TheDivision\Content\Paks\pakchunk6900-WindowsNoEditor.sig",636,636,646,14
"3094B3F3B62FA4801DB7B568743F11E31F491E5F","TheDivision\Content\Paks\pakchunk6904-WindowsNoEditor.pak",1745543,1745543,1735570,14
"3094B3F3B62FA4801DB7B568743F11E31F491E5F","TheDivision\Content\Paks\pakchunk6904-WindowsNoEditor.sig",636,636,646,14
"3094B3F3B62FA4801DB7B568743F11E31F491E5F","TheDivision\Content\Paks\pakchunk6908-WindowsNoEditor.pak",1493707,1493707,1482135,14
"3094B3F3B62FA4801DB7B568743F11E31F491E5F","TheDivision\Content\Paks\pakchunk6908-WindowsNoEditor.sig",620,620,630,14
"3094B3F3B62FA4801DB7B568743F11E31F491E5F","TheDivision\Content\Paks\pakchunk6912-WindowsNoEditor.pak",1538731,1538731,1526782,14
"3094B3F3B62FA4801DB7B568743F11E31F491E5F","TheDivision\Content\Paks\pakchunk6912-WindowsNoEditor.sig",624,624,634,14
"3094B3F3B62FA4801DB7B568743F11E31F491E5F","TheDivision\Content\Paks\pakchunk6916-WindowsNoEditor.pak",1682531,1682531,1668357,14
"3094B3F3B62FA4801DB7B568743F11E31F491E5F","TheDivision\Content\Paks\pakchunk6916-WindowsNoEditor.sig",632,632,642,14
"3094B3F3B62FA4801DB7B568743F11E31F491E5F","TheDivision\Content\Paks\pakchunk6920-WindowsNoEditor.pak",1616667,1616667,1603872,14
"3094B3F3B62FA4801DB7B568743F11E31F491E5F","TheDivision\Content\Paks\pakchunk6920-WindowsNoEditor.sig",628,628,638,14
"3094B3F3B62FA4801DB7B568743F11E31F491E5F","TheDivision\Content\Paks\pakchunk6924-WindowsNoEditor.pak",1433923,1433923,1424096,14
"3094B3F3B62FA4801DB7B568743F11E31F491E5F","TheDivision\Content\Paks\pakchunk6924-WindowsNoEditor.sig",616,616,626,14
"3094B3F3B62FA4801DB7B568743F11E31F491E5F","TheDivision\Content\Paks\pakchunk6928-WindowsNoEditor.pak",1659563,1659563,1651553,14
"3094B3F3B62FA4801DB7B568743F11E31F491E5F","TheDivision\Content\Paks\pakchunk6928-WindowsNoEditor.sig",632,632,642,14
"3094B3F3B62FA4801DB7B568743F11E31F491E5F","TheDivision\Content\Paks\pakchunk6932-WindowsNoEditor.pak",1628839,1628839,1617659,14
"3094B3F3B62FA4801DB7B568743F11E31F491E5F","TheDivision\Content\Paks\pakchunk6932-WindowsNoEditor.sig",628,628,638,14
"3094B3F3B62FA4801DB7B568743F11E31F491E5F","TheDivision\Content\Paks\pakchunk6936-WindowsNoEditor.pak",1634967,1634967,1625559,14
"3094B3F3B62FA4801DB7B568743F11E31F491E5F","TheDivision\Content\Paks\pakchunk6936-WindowsNoEditor.sig",628,628,638,14
"3094B3F3B62FA4801DB7B568743F11E31F491E5F","TheDivision\Content\Paks\pakchunk6940-WindowsNoEditor.pak",1778831,1778831,1768801,14
"3094B3F3B62FA4801DB7B568743F11E31F491E5F","TheDivision\Content\Paks\pakchunk6940-WindowsNoEditor.sig",640,640,650,14
"3094B3F3B62FA4801DB7B568743F11E31F491E5F","TheDivision\Content\Paks\pakchunk6944-WindowsNoEditor.pak",1587535,1587535,1578296,14
"3094B3F3B62FA4801DB7B568743F11E31F491E5F","TheDivision\Content\Paks\pakchunk6944-WindowsNoEditor.sig",628,628,638,14
"3094B3F3B62FA4801DB7B568743F11E31F491E5F","TheDivision\Content\Paks\pakchunk6948-WindowsNoEditor.pak",1610407,1610407,1600190,14
"3094B3F3B62FA4801DB7B568743F11E31F491E5F","TheDivision\Content\Paks\pakchunk6948-WindowsNoEditor.sig",628,628,638,14
"3094B3F3B62FA4801DB7B568743F11E31F491E5F","TheDivision\Content\Paks\pakchunk6952-WindowsNoEditor.pak",1700615,1700615,1688930,14
"3094B3F3B62FA4801DB7B568743F11E31F491E5F","TheDivision\Content\Paks\pakchunk6952-WindowsNoEditor.sig",632,632,642,14
"3094B3F3B62FA4801DB7B568743F11E31F491E5F","TheDivision\Content\Paks\pakchunk6956-WindowsNoEditor.pak",6800283,6800283,6730619,14
"3094B3F3B62FA4801DB7B568743F11E31F491E5F","TheDivision\Content\Paks\pakchunk6956-WindowsNoEditor.sig",944,944,954,14
"3094B3F3B62FA4801DB7B568743F11E31F491E5F","TheDivision\Content\Paks\pakchunk6960-WindowsNoEditor.pak",6743806,6743806,6657658,14
"3094B3F3B62FA4801DB7B568743F11E31F491E5F","TheDivision\Content\Paks\pakchunk6960-WindowsNoEditor.sig",940,940,950,14
"3094B3F3B62FA4801DB7B568743F11E31F491E5F","TheDivision\Content\Paks\pakchunk6964-WindowsNoEditor.pak",6631792,6631792,6514476,14
"3094B3F3B62FA4801DB7B568743F11E31F491E5F","TheDivision\Content\Paks\pakchunk6964-WindowsNoEditor.sig",936,936,946,14
"3094B3F3B62FA4801DB7B568743F11E31F491E5F","TheDivision\Content\Paks\pakchunk6968-WindowsNoEditor.pak",161178,161178,132148,14
"3094B3F3B62FA4801DB7B568743F11E31F491E5F","TheDivision\Content\Paks\pakchunk6968-WindowsNoEditor.sig",540,540,550,14
"3094B3F3B62FA4801DB7B568743F11E31F491E5F","TheDivision\Content\Paks\pakchunk6972-WindowsNoEditor.pak",6662888,6662888,6555874,14
"3094B3F3B62FA4801DB7B568743F11E31F491E5F","TheDivision\Content\Paks\pakchunk6972-WindowsNoEditor.sig",936,936,946,14
"3094B3F3B62FA4801DB7B568743F11E31F491E5F","TheDivision\Content\Paks\pakchunk6976-WindowsNoEditor.pak",5345577,5345577,5258506,14
"3094B3F3B62FA4801DB7B568743F11E31F491E5F","TheDivision\Content\Paks\pakchunk6976-WindowsNoEditor.sig",856,856,866,14
"3094B3F3B62FA4801DB7B568743F11E31F491E5F","TheDivision\Content\Paks\pakchunk6980-WindowsNoEditor.pak",4955735,4955735,4864537,14
"3094B3F3B62FA4801DB7B568743F11E31F491E5F","TheDivision\Content\Paks\pakchunk6980-WindowsNoEditor.sig",832,832,842,14
"3094B3F3B62FA4801DB7B568743F11E31F491E5F","TheDivision\Content\Paks\pakchunk6984-WindowsNoEditor.pak",4266129,4266129,4207296,14
"3094B3F3B62FA4801DB7B568743F11E31F491E5F","TheDivision\Content\Paks\pakchunk6984-WindowsNoEditor.sig",792,792,802,14
"3094B3F3B62FA4801DB7B568743F11E31F491E5F","TheDivision\Content\Paks\pakchunk6988-WindowsNoEditor.pak",3423275,3423275,3364379,14
"3094B3F3B62FA4801DB7B568743F11E31F491E5F","TheDivision\Content\Paks\pakchunk6988-WindowsNoEditor.sig",740,740,750,14
"3094B3F3B62FA4801DB7B568743F11E31F491E5F","TheDivision\Content\Paks\pakchunk6992-WindowsNoEditor.pak",4171810,4171810,4100190,14
"3094B3F3B62FA4801DB7B568743F11E31F491E5F","TheDivision\Content\Paks\pakchunk6992-WindowsNoEditor.sig",784,784,794,14
"3094B3F3B62FA4801DB7B568743F11E31F491E5F","TheDivision\Content\Paks\pakchunk6996-WindowsNoEditor.pak",4576511,4576511,4495375,14
"3094B3F3B62FA4801DB7B568743F11E31F491E5F","TheDivision\Content\Paks\pakchunk6996-WindowsNoEditor.sig",808,808,818,14
"3094B3F3B62FA4801DB7B568743F11E31F491E5F","TheDivision\Content\Paks\pakchunk7000-WindowsNoEditor.pak",5164264,5164264,5085365,15
"3094B3F3B62FA4801DB7B568743F11E31F491E5F","TheDivision\Content\Paks\pakchunk7000-WindowsNoEditor.sig",844,844,854,15
"3094B3F3B62FA4801DB7B568743F11E31F491E5F","TheDivision\Content\Paks\pakchunk7004-WindowsNoEditor.pak",4069690,4069690,3983378,15
"3094B3F3B62FA4801DB7B568743F11E31F491E5F","TheDivision\Content\Paks\pakchunk7004-WindowsNoEditor.sig",780,780,790,15
"3094B3F3B62FA4801DB7B568743F11E31F491E5F","TheDivision\Content\Paks\pakchunk7008-WindowsNoEditor.pak",6493742,6493742,6404999,15
"3094B3F3B62FA4801DB7B568743F11E31F491E5F","TheDivision\Content\Paks\pakchunk7008-WindowsNoEditor.sig",928,928,938,15
"3094B3F3B62FA4801DB7B568743F11E31F491E5F","TheDivision\Content\Paks\pakchunk7012-WindowsNoEditor.pak",7222315,7222315,7107184,15
"3094B3F3B62FA4801DB7B568743F11E31F491E5F","TheDivision\Content\Paks\pakchunk7012-WindowsNoEditor.sig",972,972,982,15
"3094B3F3B62FA4801DB7B568743F11E31F491E5F","TheDivision\Content\Paks\pakchunk7016-WindowsNoEditor.pak",5652992,5652992,5564460,15
"3094B3F3B62FA4801DB7B568743F11E31F491E5F","TheDivision\Content\Paks\pakchunk7016-WindowsNoEditor.sig",876,876,886,15
"3094B3F3B62FA4801DB7B568743F11E31F491E5F","TheDivision\Content\Paks\pakchunk7020-WindowsNoEditor.pak",5860937,5860937,5805136,15
"3094B3F3B62FA4801DB7B568743F11E31F491E5F","TheDivision\Content\Paks\pakchunk7020-WindowsNoEditor.sig",888,888,898,15
"3094B3F3B62FA4801DB7B568743F11E31F491E5F","TheDivision\Content\Paks\pakchunk7024-WindowsNoEditor.pak",6493032,6493032,6408813,15
"3094B3F3B62FA4801DB7B568743F11E31F491E5F","TheDivision\Content\Paks\pakchunk7024-WindowsNoEditor.sig",928,928,938,15
"3094B3F3B62FA4801DB7B568743F11E31F491E5F","TheDivision\Content\Paks\pakchunk7028-WindowsNoEditor.pak",5469391,5469391,5382022,15
"3094B3F3B62FA4801DB7B568743F11E31F491E5F","TheDivision\Content\Paks\pakchunk7028-WindowsNoEditor.sig",864,864,874,15
"3094B3F3B62FA4801DB7B568743F11E31F491E5F","TheDivision\Content\Paks\pakchunk7032-WindowsNoEditor.pak",5556314,5556314,5491506,15
"3094B3F3B62FA4801DB7B568743F11E31F491E5F","TheDivision\Content\Paks\pakchunk7032-WindowsNoEditor.sig",868,868,878,15
"3094B3F3B62FA4801DB7B568743F11E31F491E5F","TheDivision\Content\Paks\pakchunk7036-WindowsNoEditor.pak",5271477,5271477,5200442,15
"3094B3F3B62FA4801DB7B568743F11E31F491E5F","TheDivision\Content\Paks\pakchunk7036-WindowsNoEditor.sig",852,852,862,15
"3094B3F3B62FA4801DB7B568743F11E31F491E5F","TheDivision\Content\Paks\pakchunk7040-WindowsNoEditor.pak",6515967,6515967,6410736,15
"3094B3F3B62FA4801DB7B568743F11E31F491E5F","TheDivision\Content\Paks\pakchunk7040-WindowsNoEditor.sig",928,928,938,15
"3094B3F3B62FA4801DB7B568743F11E31F491E5F","TheDivision\Content\Paks\pakchunk7044-WindowsNoEditor.pak",5621554,5621554,5529092,15
"3094B3F3B62FA4801DB7B568743F11E31F491E5F","TheDivision\Content\Paks\pakchunk7044-WindowsNoEditor.sig",872,872,882,15
"3094B3F3B62FA4801DB7B568743F11E31F491E5F","TheDivision\Content\Paks\pakchunk7048-WindowsNoEditor.pak",5280423,5280423,5204543,15
"3094B3F3B62FA4801DB7B568743F11E31F491E5F","TheDivision\Content\Paks\pakchunk7048-WindowsNoEditor.sig",852,852,862,15
"3094B3F3B62FA4801DB7B568743F11E31F491E5F","TheDivision\Content\Paks\pakchunk7052-WindowsNoEditor.pak",5673390,5673390,5601247,15
"3094B3F3B62FA4801DB7B568743F11E31F491E5F","TheDivision\Content\Paks\pakchunk7052-WindowsNoEditor.sig",876,876,886,15
"3094B3F3B62FA4801DB7B568743F11E31F491E5F","TheDivision\Content\Paks\pakchunk7056-WindowsNoEditor.pak",7191451,7191451,7114852,15
"3094B3F3B62FA4801DB7B568743F11E31F491E5F","TheDivision\Content\Paks\pakchunk7056-WindowsNoEditor.sig",968,968,978,15
"3094B3F3B62FA4801DB7B568743F11E31F491E5F","TheDivision\Content\Paks\pakchunk7060-WindowsNoEditor.pak",6906746,6906746,6837207,15
"3094B3F3B62FA4801DB7B568743F11E31F491E5F","TheDivision\Content\Paks\pakchunk7060-WindowsNoEditor.sig",952,952,962,15
"3094B3F3B62FA4801DB7B568743F11E31F491E5F","TheDivision\Content\Paks\pakchunk7064-WindowsNoEditor.pak",7170712,7170712,7088739,15
"3094B3F3B62FA4801DB7B568743F11E31F491E5F","TheDivision\Content\Paks\pakchunk7064-WindowsNoEditor.sig",968,968,978,15
"3094B3F3B62FA4801DB7B568743F11E31F491E5F","TheDivision\Content\Paks\pakchunk7068-WindowsNoEditor.pak",6485533,6485533,6414327,15
"3094B3F3B62FA4801DB7B568743F11E31F491E5F","TheDivision\Content\Paks\pakchunk7068-WindowsNoEditor.sig",924,924,934,15
"3094B3F3B62FA4801DB7B568743F11E31F491E5F","TheDivision\Content\Paks\pakchunk7072-WindowsNoEditor.pak",5663704,5663704,5596936,15
"3094B3F3B62FA4801DB7B568743F11E31F491E5F","TheDivision\Content\Paks\pakchunk7072-WindowsNoEditor.sig",876,876,886,15
"3094B3F3B62FA4801DB7B568743F11E31F491E5F","TheDivision\Content\Paks\pakchunk7076-WindowsNoEditor.pak",8026880,8026880,7962381,15
"3094B3F3B62FA4801DB7B568743F11E31F491E5F","TheDivision\Content\Paks\pakchunk7076-WindowsNoEditor.sig",1020,1020,1030,15
"3094B3F3B62FA4801DB7B568743F11E31F491E5F","TheDivision\Content\Paks\pakchunk7080-WindowsNoEditor.pak",3090737,3090737,3046874,15
"3094B3F3B62FA4801DB7B568743F11E31F491E5F","TheDivision\Content\Paks\pakchunk7080-WindowsNoEditor.sig",720,720,730,15
"3094B3F3B62FA4801DB7B568743F11E31F491E5F","TheDivision\Content\Paks\pakchunk7084-WindowsNoEditor.pak",3072246,3072246,3026982,15
"3094B3F3B62FA4801DB7B568743F11E31F491E5F","TheDivision\Content\Paks\pakchunk7084-WindowsNoEditor.sig",716,716,726,15
"3094B3F3B62FA4801DB7B568743F11E31F491E5F","TheDivision\Content\Paks\pakchunk7088-WindowsNoEditor.pak",4020128,4020128,3967133,15
"3094B3F3B62FA4801DB7B568743F11E31F491E5F","TheDivision\Content\Paks\pakchunk7088-WindowsNoEditor.sig",776,776,786,15
"3094B3F3B62FA4801DB7B568743F11E31F491E5F","TheDivision\Content\Paks\pakchunk7092-WindowsNoEditor.pak",2774518,2774518,2722258,15
"3094B3F3B62FA4801DB7B568743F11E31F491E5F","TheDivision\Content\Paks\pakchunk7092-WindowsNoEditor.sig",700,700,710,15
"3094B3F3B62FA4801DB7B568743F11E31F491E5F","TheDivision\Content\Paks\pakchunk7096-WindowsNoEditor.pak",2810061,2810061,2766655,15
"3094B3F3B62FA4801DB7B568743F11E31F491E5F","TheDivision\Content\Paks\pakchunk7096-WindowsNoEditor.sig",700,700,710,15
"3094B3F3B62FA4801DB7B568743F11E31F491E5F","TheDivision\Content\Paks\pakchunk7100-WindowsNoEditor.pak",2890560,2890560,2841590,15
"3094B3F3B62FA4801DB7B568743F11E31F491E5F","TheDivision\Content\Paks\pakchunk7100-WindowsNoEditor.sig",708,708,718,15
"3094B3F3B62FA4801DB7B568743F11E31F491E5F","TheDivision\Content\Paks\pakchunk7104-WindowsNoEditor.pak",6771987,6771987,6704810,15
"3094B3F3B62FA4801DB7B568743F11E31F491E5F","TheDivision\Content\Paks\pakchunk7104-WindowsNoEditor.sig",944,944,954,15
"3094B3F3B62FA4801DB7B568743F11E31F491E5F","TheDivision\Content\Paks\pakchunk7108-WindowsNoEditor.pak",5835064,5835064,5788330,15
"3094B3F3B62FA4801DB7B568743F11E31F491E5F","TheDivision\Content\Paks\pakchunk7108-WindowsNoEditor.sig",888,888,898,15
"3094B3F3B62FA4801DB7B568743F11E31F491E5F","TheDivision\Content\Paks\pakchunk7112-WindowsNoEditor.pak",6747019,6747019,6686942,15
"3094B3F3B62FA4801DB7B568743F11E31F491E5F","TheDivision\Content\Paks\pakchunk7112-WindowsNoEditor.sig",940,940,950,15
"3094B3F3B62FA4801DB7B568743F11E31F491E5F","TheDivision\Content\Paks\pakchunk7116-WindowsNoEditor.pak",5693298,5693298,5616400,15
"3094B3F3B62FA4801DB7B568743F11E31F491E5F","TheDivision\Content\Paks\pakchunk7116-WindowsNoEditor.sig",876,876,886,15
"3094B3F3B62FA4801DB7B568743F11E31F491E5F","TheDivision\Content\Paks\pakchunk7120-WindowsNoEditor.pak",3629639,3629639,3562877,15
"3094B3F3B62FA4801DB7B568743F11E31F491E5F","TheDivision\Content\Paks\pakchunk7120-WindowsNoEditor.sig",752,752,762,15
"3094B3F3B62FA4801DB7B568743F11E31F491E5F","TheDivision\Content\Paks\pakchunk7124-WindowsNoEditor.pak",127982,127982,109824,15
"3094B3F3B62FA4801DB7B568743F11E31F491E5F","TheDivision\Content\Paks\pakchunk7124-WindowsNoEditor.sig",536,536,546,15
"3094B3F3B62FA4801DB7B568743F11E31F491E5F","TheDivision\Content\Paks\pakchunk7128-WindowsNoEditor.pak",4171850,4171850,4090526,15
"3094B3F3B62FA4801DB7B568743F11E31F491E5F","TheDivision\Content\Paks\pakchunk7128-WindowsNoEditor.sig",784,784,794,15
"3094B3F3B62FA4801DB7B568743F11E31F491E5F","TheDivision\Content\Paks\pakchunk7132-WindowsNoEditor.pak",3773282,3773282,3702712,15
"3094B3F3B62FA4801DB7B568743F11E31F491E5F","TheDivision\Content\Paks\pakchunk7132-WindowsNoEditor.sig",760,760,770,15
"3094B3F3B62FA4801DB7B568743F11E31F491E5F","TheDivision\Content\Paks\pakchunk7136-WindowsNoEditor.pak",4480471,4480471,4397287,15
"3094B3F3B62FA4801DB7B568743F11E31F491E5F","TheDivision\Content\Paks\pakchunk7136-WindowsNoEditor.sig",804,804,814,15
"3094B3F3B62FA4801DB7B568743F11E31F491E5F","TheDivision\Content\Paks\pakchunk7140-WindowsNoEditor.pak",2933987,2933987,2846757,15
"3094B3F3B62FA4801DB7B568743F11E31F491E5F","TheDivision\Content\Paks\pakchunk7140-WindowsNoEditor.sig",708,708,718,15
"3094B3F3B62FA4801DB7B568743F11E31F491E5F","TheDivision\Content\Paks\pakchunk7144-WindowsNoEditor.pak",2879055,2879055,2822860,15
"3094B3F3B62FA4801DB7B568743F11E31F491E5F","TheDivision\Content\Paks\pakchunk7144-WindowsNoEditor.sig",704,704,714,15
"3094B3F3B62FA4801DB7B568743F11E31F491E5F","TheDivision\Content\Paks\pakchunk7148-WindowsNoEditor.pak",4186457,4186457,4100656,15
"3094B3F3B62FA4801DB7B568743F11E31F491E5F","TheDivision\Content\Paks\pakchunk7148-WindowsNoEditor.sig",784,784,794,15
"3094B3F3B62FA4801DB7B568743F11E31F491E5F","TheDivision\Content\Paks\pakchunk7152-WindowsNoEditor.pak",6773036,6773036,6697521,15
"3094B3F3B62FA4801DB7B568743F11E31F491E5F","TheDivision\Content\Paks\pakchunk7152-WindowsNoEditor.sig",944,944,954,15
"3094B3F3B62FA4801DB7B568743F11E31F491E5F","TheDivision\Content\Paks\pakchunk7156-WindowsNoEditor.pak",5210459,5210459,5150100,15
"3094B3F3B62FA4801DB7B568743F11E31F491E5F","TheDivision\Content\Paks\pakchunk7156-WindowsNoEditor.sig",848,848,858,15
"3094B3F3B62FA4801DB7B568743F11E31F491E5F","TheDivision\Content\Paks\pakchunk7160-WindowsNoEditor.pak",7374662,7374662,7255294,15
"3094B3F3B62FA4801DB7B568743F11E31F491E5F","TheDivision\Content\Paks\pakchunk7160-WindowsNoEditor.sig",980,980,990,15
"3094B3F3B62FA4801DB7B568743F11E31F491E5F","TheDivision\Content\Paks\pakchunk7164-WindowsNoEditor.pak",86563,86563,41710,15
"3094B3F3B62FA4801DB7B568743F11E31F491E5F","TheDivision\Content\Paks\pakchunk7164-WindowsNoEditor.sig",536,536,546,15
"3094B3F3B62FA4801DB7B568743F11E31F491E5F","TheDivision\Content\Paks\pakchunk7168-WindowsNoEditor.pak",4434759,4434759,4358841,15
"3094B3F3B62FA4801DB7B568743F11E31F491E5F","TheDivision\Content\Paks\pakchunk7168-WindowsNoEditor.sig",800,800,810,15
"3094B3F3B62FA4801DB7B568743F11E31F491E5F","TheDivision\Content\Paks\pakchunk7172-WindowsNoEditor.pak",6465790,6465790,6365923,15
"3094B3F3B62FA4801DB7B568743F11E31F491E5F","TheDivision\Content\Paks\pakchunk7172-WindowsNoEditor.sig",924,924,934,15
"3094B3F3B62FA4801DB7B568743F11E31F491E5F","TheDivision\Content\Paks\pakchunk7180-WindowsNoEditor.pak",1713645,1713645,1703021,15
"3094B3F3B62FA4801DB7B568743F11E31F491E5F","TheDivision\Content\Paks\pakchunk7180-WindowsNoEditor.sig",636,636,646,15
"3094B3F3B62FA4801DB7B568743F11E31F491E5F","TheDivision\Content\Paks\pakchunk7184-WindowsNoEditor.pak",1576013,1576013,1567337,15
"3094B3F3B62FA4801DB7B568743F11E31F491E5F","TheDivision\Content\Paks\pakchunk7184-WindowsNoEditor.sig",628,628,638,15
"3094B3F3B62FA4801DB7B568743F11E31F491E5F","TheDivision\Content\Paks\pakchunk7188-WindowsNoEditor.pak",1666857,1666857,1652481,15
"3094B3F3B62FA4801DB7B568743F11E31F491E5F","TheDivision\Content\Paks\pakchunk7188-WindowsNoEditor.sig",632,632,642,15
"3094B3F3B62FA4801DB7B568743F11E31F491E5F","TheDivision\Content\Paks\pakchunk7192-WindowsNoEditor.pak",1636959,1636959,1629059,15
"3094B3F3B62FA4801DB7B568743F11E31F491E5F","TheDivision\Content\Paks\pakchunk7192-WindowsNoEditor.sig",628,628,638,15
"3094B3F3B62FA4801DB7B568743F11E31F491E5F","TheDivision\Content\Paks\pakchunk7196-WindowsNoEditor.pak",1664193,1664193,1656777,15
"3094B3F3B62FA4801DB7B568743F11E31F491E5F","TheDivision\Content\Paks\pakchunk7196-WindowsNoEditor.sig",632,632,642,15
"3094B3F3B62FA4801DB7B568743F11E31F491E5F","TheDivision\Content\Paks\pakchunk7200-WindowsNoEditor.pak",1717353,1717353,1706119,15
"3094B3F3B62FA4801DB7B568743F11E31F491E5F","TheDivision\Content\Paks\pakchunk7200-WindowsNoEditor.sig",636,636,646,15
"3094B3F3B62FA4801DB7B568743F11E31F491E5F","TheDivision\Content\Paks\pakchunk7204-WindowsNoEditor.pak",1791181,1791181,1780165,15
"3094B3F3B62FA4801DB7B568743F11E31F491E5F","TheDivision\Content\Paks\pakchunk7204-WindowsNoEditor.sig",640,640,650,15
"3094B3F3B62FA4801DB7B568743F11E31F491E5F","TheDivision\Content\Paks\pakchunk7208-WindowsNoEditor.pak",1850383,1850383,1841453,15
"3094B3F3B62FA4801DB7B568743F11E31F491E5F","TheDivision\Content\Paks\pakchunk7208-WindowsNoEditor.sig",644,644,654,15
"3094B3F3B62FA4801DB7B568743F11E31F491E5F","TheDivision\Content\Paks\pakchunk7212-WindowsNoEditor.pak",1793173,1793173,1782446,15
"3094B3F3B62FA4801DB7B568743F11E31F491E5F","TheDivision\Content\Paks\pakchunk7212-WindowsNoEditor.sig",640,640,650,15
"3094B3F3B62FA4801DB7B568743F11E31F491E5F","TheDivision\Content\Paks\pakchunk7216-WindowsNoEditor.pak",1889211,1889211,1876638,15
"3094B3F3B62FA4801DB7B568743F11E31F491E5F","TheDivision\Content\Paks\pakchunk7216-WindowsNoEditor.sig",644,644,654,15
"3094B3F3B62FA4801DB7B568743F11E31F491E5F","TheDivision\Content\Paks\pakchunk7220-WindowsNoEditor.pak",2157701,2157701,2148641,15
"3094B3F3B62FA4801DB7B568743F11E31F491E5F","TheDivision\Content\Paks\pakchunk7220-WindowsNoEditor.sig",660,660,670,15
"3094B3F3B62FA4801DB7B568743F11E31F491E5F","TheDivision\Content\Paks\pakchunk7224-WindowsNoEditor.pak",1670015,1670015,1658147,15
"3094B3F3B62FA4801DB7B568743F11E31F491E5F","TheDivision\Content\Paks\pakchunk7224-WindowsNoEditor.sig",632,632,642,15
"3094B3F3B62FA4801DB7B568743F11E31F491E5F","TheDivision\Content\Paks\pakchunk7228-WindowsNoEditor.pak",2030853,2030853,2023475,15
"3094B3F3B62FA4801DB7B568743F11E31F491E5F","TheDivision\Content\Paks\pakchunk7228-WindowsNoEditor.sig",652,652,662,15
"3094B3F3B62FA4801DB7B568743F11E31F491E5F","TheDivision\Content\Paks\pakchunk7232-WindowsNoEditor.pak",1604485,1604485,1594359,15
"3094B3F3B62FA4801DB7B568743F11E31F491E5F","TheDivision\Content\Paks\pakchunk7232-WindowsNoEditor.sig",628,628,638,15
"3094B3F3B62FA4801DB7B568743F11E31F491E5F","TheDivision\Content\Paks\pakchunk7236-WindowsNoEditor.pak",3218649,3218649,3201398,15
"3094B3F3B62FA4801DB7B568743F11E31F491E5F","TheDivision\Content\Paks\pakchunk7236-WindowsNoEditor.sig",728,728,738,15
"3094B3F3B62FA4801DB7B568743F11E31F491E5F","TheDivision\Content\Paks\pakchunk7240-WindowsNoEditor.pak",1844432,1844432,1833492,15
"3094B3F3B62FA4801DB7B568743F11E31F491E5F","TheDivision\Content\Paks\pakchunk7240-WindowsNoEditor.sig",644,644,654,15
"3094B3F3B62FA4801DB7B568743F11E31F491E5F","TheDivision\Content\Paks\pakchunk7244-WindowsNoEditor.pak",2092208,2092208,2080065,15
"3094B3F3B62FA4801DB7B568743F11E31F491E5F","TheDivision\Content\Paks\pakchunk7244-WindowsNoEditor.sig",656,656,666,15
"3094B3F3B62FA4801DB7B568743F11E31F491E5F","TheDivision\Content\Paks\pakchunk7248-WindowsNoEditor.pak",1537321,1537321,1526351,15
"3094B3F3B62FA4801DB7B568743F11E31F491E5F","TheDivision\Content\Paks\pakchunk7248-WindowsNoEditor.sig",624,624,634,15
"3094B3F3B62FA4801DB7B568743F11E31F491E5F","TheDivision\Content\Paks\pakchunk7252-WindowsNoEditor.pak",2221273,2221273,2206151,15
"3094B3F3B62FA4801DB7B568743F11E31F491E5F","TheDivision\Content\Paks\pakchunk7252-WindowsNoEditor.sig",664,664,674,15
"3094B3F3B62FA4801DB7B568743F11E31F491E5F","TheDivision\Content\Paks\pakchunk7256-WindowsNoEditor.pak",1773137,1773137,1763220,15
"3094B3F3B62FA4801DB7B568743F11E31F491E5F","TheDivision\Content\Paks\pakchunk7256-WindowsNoEditor.sig",640,640,650,15
"3094B3F3B62FA4801DB7B568743F11E31F491E5F","TheDivision\Content\Paks\pakchunk7260-WindowsNoEditor.pak",1746089,1746089,1737247,15
"3094B3F3B62FA4801DB7B568743F11E31F491E5F","TheDivision\Content\Paks\pakchunk7260-WindowsNoEditor.sig",636,636,646,15
"3094B3F3B62FA4801DB7B568743F11E31F491E5F","TheDivision\Content\Paks\pakchunk7264-WindowsNoEditor.pak",1963249,1963249,1951019,15
"3094B3F3B62FA4801DB7B568743F11E31F491E5F","TheDivision\Content\Paks\pakchunk7264-WindowsNoEditor.sig",648,648,658,15
"3094B3F3B62FA4801DB7B568743F11E31F491E5F","TheDivision\Content\Paks\pakchunk7268-WindowsNoEditor.pak",1625465,1625465,1618307,15
"3094B3F3B62FA4801DB7B568743F11E31F491E5F","TheDivision\Content\Paks\pakchunk7268-WindowsNoEditor.sig",628,628,638,15
"3094B3F3B62FA4801DB7B568743F11E31F491E5F","TheDivision\Content\Paks\pakchunk7272-WindowsNoEditor.pak",1973126,1973126,1962289,15
"3094B3F3B62FA4801DB7B568743F11E31F491E5F","TheDivision\Content\Paks\pakchunk7272-WindowsNoEditor.sig",652,652,662,15
"3094B3F3B62FA4801DB7B568743F11E31F491E5F","TheDivision\Content\Paks\pakchunk7276-WindowsNoEditor.pak",2139729,2139729,2129651,15
"3094B3F3B62FA4801DB7B568743F11E31F491E5F","TheDivision\Content\Paks\pakchunk7276-WindowsNoEditor.sig",660,660,670,15
"3094B3F3B62FA4801DB7B568743F11E31F491E5F","TheDivision\Content\Paks\pakchunk7280-WindowsNoEditor.pak",1610897,1610897,1599948,15
"3094B3F3B62FA4801DB7B568743F11E31F491E5F","TheDivision\Content\Paks\pakchunk7280-WindowsNoEditor.sig",628,628,638,15
"3094B3F3B62FA4801DB7B568743F11E31F491E5F","TheDivision\Content\Paks\pakchunk7284-WindowsNoEditor.pak",1821953,1821953,1811325,15
"3094B3F3B62FA4801DB7B568743F11E31F491E5F","TheDivision\Content\Paks\pakchunk7284-WindowsNoEditor.sig",640,640,650,15
"3094B3F3B62FA4801DB7B568743F11E31F491E5F","TheDivision\Content\Paks\pakchunk7288-WindowsNoEditor.pak",1737755,1737755,1722200,15
"3094B3F3B62FA4801DB7B568743F11E31F491E5F","TheDivision\Content\Paks\pakchunk7288-WindowsNoEditor.sig",636,636,646,15
"3094B3F3B62FA4801DB7B568743F11E31F491E5F","TheDivision\Content\Paks\pakchunk7292-WindowsNoEditor.pak",1703189,1703189,1692814,15
"3094B3F3B62FA4801DB7B568743F11E31F491E5F","TheDivision\Content\Paks\pakchunk7292-WindowsNoEditor.sig",632,632,642,15
"3094B3F3B62FA4801DB7B568743F11E31F491E5F","TheDivision\Content\Paks\pakchunk7296-WindowsNoEditor.pak",2069709,2069709,2055740,15
"3094B3F3B62FA4801DB7B568743F11E31F491E5F","TheDivision\Content\Paks\pakchunk7296-WindowsNoEditor.sig",656,656,666,15
"3094B3F3B62FA4801DB7B568743F11E31F491E5F","TheDivision\Content\Paks\pakchunk7300-WindowsNoEditor.pak",1528941,1528941,1519167,15
"3094B3F3B62FA4801DB7B568743F11E31F491E5F","TheDivision\Content\Paks\pakchunk7300-WindowsNoEditor.sig",624,624,634,15
"3094B3F3B62FA4801DB7B568743F11E31F491E5F","TheDivision\Content\Paks\pakchunk7304-WindowsNoEditor.pak",1760429,1760429,1749711,15
"3094B3F3B62FA4801DB7B568743F11E31F491E5F","TheDivision\Content\Paks\pakchunk7304-WindowsNoEditor.sig",636,636,646,15
"3094B3F3B62FA4801DB7B568743F11E31F491E5F","TheDivision\Content\Paks\pakchunk7308-WindowsNoEditor.pak",2498747,2498747,2487246,15
"3094B3F3B62FA4801DB7B568743F11E31F491E5F","TheDivision\Content\Paks\pakchunk7308-WindowsNoEditor.sig",684,684,694,15
"3094B3F3B62FA4801DB7B568743F11E31F491E5F","TheDivision\Content\Paks\pakchunk7312-WindowsNoEditor.pak",1975143,1975143,1965092,15
"3094B3F3B62FA4801DB7B568743F11E31F491E5F","TheDivision\Content\Paks\pakchunk7312-WindowsNoEditor.sig",652,652,662,15
"3094B3F3B62FA4801DB7B568743F11E31F491E5F","TheDivision\Content\Paks\pakchunk7316-WindowsNoEditor.pak",1948845,1948845,1937180,15
"3094B3F3B62FA4801DB7B568743F11E31F491E5F","TheDivision\Content\Paks\pakchunk7316-WindowsNoEditor.sig",648,648,658,15
"3094B3F3B62FA4801DB7B568743F11E31F491E5F","TheDivision\Content\Paks\pakchunk7320-WindowsNoEditor.pak",1807653,1807653,1797729,15
"3094B3F3B62FA4801DB7B568743F11E31F491E5F","TheDivision\Content\Paks\pakchunk7320-WindowsNoEditor.sig",640,640,650,15
"3094B3F3B62FA4801DB7B568743F11E31F491E5F","TheDivision\Content\Paks\pakchunk7324-WindowsNoEditor.pak",2445711,2445711,2435982,15
"3094B3F3B62FA4801DB7B568743F11E31F491E5F","TheDivision\Content\Paks\pakchunk7324-WindowsNoEditor.sig",680,680,690,15
"3094B3F3B62FA4801DB7B568743F11E31F491E5F","TheDivision\Content\Paks\pakchunk7328-WindowsNoEditor.pak",2089455,2089455,2082082,15
"3094B3F3B62FA4801DB7B568743F11E31F491E5F","TheDivision\Content\Paks\pakchunk7328-WindowsNoEditor.sig",656,656,666,15
"3094B3F3B62FA4801DB7B568743F11E31F491E5F","TheDivision\Content\Paks\pakchunk7332-WindowsNoEditor.pak",2267374,2267374,2258365,15
"3094B3F3B62FA4801DB7B568743F11E31F491E5F","TheDivision\Content\Paks\pakchunk7332-WindowsNoEditor.sig",668,668,678,15
"3094B3F3B62FA4801DB7B568743F11E31F491E5F","TheDivision\Content\Paks\pakchunk7336-WindowsNoEditor.pak",2277855,2277855,2267347,15
"3094B3F3B62FA4801DB7B568743F11E31F491E5F","TheDivision\Content\Paks\pakchunk7336-WindowsNoEditor.sig",668,668,678,15
"3094B3F3B62FA4801DB7B568743F11E31F491E5F","TheDivision\Content\Paks\pakchunk7340-WindowsNoEditor.pak",1683791,1683791,1675827,15
"3094B3F3B62FA4801DB7B568743F11E31F491E5F","TheDivision\Content\Paks\pakchunk7340-WindowsNoEditor.sig",632,632,642,15
"3094B3F3B62FA4801DB7B568743F11E31F491E5F","TheDivision\Content\Paks\pakchunk7344-WindowsNoEditor.pak",2208242,2208242,2198876,15
"3094B3F3B62FA4801DB7B568743F11E31F491E5F","TheDivision\Content\Paks\pakchunk7344-WindowsNoEditor.sig",664,664,674,15
"3094B3F3B62FA4801DB7B568743F11E31F491E5F","TheDivision\Content\Paks\pakchunk7348-WindowsNoEditor.pak",12733163,12733163,12607569,15
"3094B3F3B62FA4801DB7B568743F11E31F491E5F","TheDivision\Content\Paks\pakchunk7348-WindowsNoEditor.sig",1308,1308,1318,15
"3094B3F3B62FA4801DB7B568743F11E31F491E5F","TheDivision\Content\Paks\pakchunk7352-WindowsNoEditor.pak",2118197,2118197,2104686,15
"3094B3F3B62FA4801DB7B568743F11E31F491E5F","TheDivision\Content\Paks\pakchunk7352-WindowsNoEditor.sig",660,660,670,15
"3094B3F3B62FA4801DB7B568743F11E31F491E5F","TheDivision\Content\Paks\pakchunk7356-WindowsNoEditor.pak",2081083,2081083,2070702,15
"3094B3F3B62FA4801DB7B568743F11E31F491E5F","TheDivision\Content\Paks\pakchunk7356-WindowsNoEditor.sig",656,656,666,15
"3094B3F3B62FA4801DB7B568743F11E31F491E5F","TheDivision\Content\Paks\pakchunk7360-WindowsNoEditor.pak",1964597,1964597,1956392,15
"3094B3F3B62FA4801DB7B568743F11E31F491E5F","TheDivision\Content\Paks\pakchunk7360-WindowsNoEditor.sig",648,648,658,15
"3094B3F3B62FA4801DB7B568743F11E31F491E5F","TheDivision\Content\Paks\pakchunk7364-WindowsNoEditor.pak",1898783,1898783,1892714,15
"3094B3F3B62FA4801DB7B568743F11E31F491E5F","TheDivision\Content\Paks\pakchunk7364-WindowsNoEditor.sig",644,644,654,15
"3094B3F3B62FA4801DB7B568743F11E31F491E5F","TheDivision\Content\Paks\pakchunk7368-WindowsNoEditor.pak",1865967,1865967,1859605,15
"3094B3F3B62FA4801DB7B568743F11E31F491E5F","TheDivision\Content\Paks\pakchunk7368-WindowsNoEditor.sig",644,644,654,15
"3094B3F3B62FA4801DB7B568743F11E31F491E5F","TheDivision\Content\Paks\pakchunk7372-WindowsNoEditor.pak",1962239,1962239,1954630,15
"3094B3F3B62FA4801DB7B568743F11E31F491E5F","TheDivision\Content\Paks\pakchunk7372-WindowsNoEditor.sig",648,648,658,15
"3094B3F3B62FA4801DB7B568743F11E31F491E5F","TheDivision\Content\Paks\pakchunk7376-WindowsNoEditor.pak",1928,1928,1549,15
"3094B3F3B62FA4801DB7B568743F11E31F491E5F","TheDivision\Content\Paks\pakchunk7376-WindowsNoEditor.sig",532,532,542,15
"3094B3F3B62FA4801DB7B568743F11E31F491E5F","TheDivision\Content\Paks\pakchunk7380-WindowsNoEditor.pak",56885949,56885949,56267150,15
"3094B3F3B62FA4801DB7B568743F11E31F491E5F","TheDivision\Content\Paks\pakchunk7380-WindowsNoEditor.sig",4004,4004,4014,15
"3094B3F3B62FA4801DB7B568743F11E31F491E5F","TheDivision\Content\Paks\pakchunk7381-WindowsNoEditor.pak",42656982,42656982,42184976,15
"3094B3F3B62FA4801DB7B568743F11E31F491E5F","TheDivision\Content\Paks\pakchunk7381-WindowsNoEditor.sig",3132,3132,3142,15
"3094B3F3B62FA4801DB7B568743F11E31F491E5F","TheDivision\Content\Paks\pakchunk7382-WindowsNoEditor.pak",475413223,475413223,464472671,15
"3094B3F3B62FA4801DB7B568743F11E31F491E5F","TheDivision\Content\Paks\pakchunk7382-WindowsNoEditor.sig",29548,29548,29558,15
"3094B3F3B62FA4801DB7B568743F11E31F491E5F","TheDivision\Content\Paks\pakchunk7383-WindowsNoEditor.pak",1532,1532,1260,15
"3094B3F3B62FA4801DB7B568743F11E31F491E5F","TheDivision\Content\Paks\pakchunk7383-WindowsNoEditor.sig",532,532,542,15
"3094B3F3B62FA4801DB7B568743F11E31F491E5F","TheDivision\Content\Paks\pakchunk7384-WindowsNoEditor.pak",785587999,785587999,775964030,15
"3094B3F3B62FA4801DB7B568743F11E31F491E5F","TheDivision\Content\Paks\pakchunk7384-WindowsNoEditor.sig",48480,48480,48490,15
"3094B3F3B62FA4801DB7B568743F11E31F491E5F","TheDivision\Content\Paks\pakchunk7385-WindowsNoEditor.pak",56885949,56885949,56267150,15
"3094B3F3B62FA4801DB7B568743F11E31F491E5F","TheDivision\Content\Paks\pakchunk7385-WindowsNoEditor.sig",4004,4004,4014,15
"3094B3F3B62FA4801DB7B568743F11E31F491E5F","TheDivision\Content\Paks\pakchunk7386-WindowsNoEditor.pak",42656982,42656982,42184976,15
"3094B3F3B62FA4801DB7B568743F11E31F491E5F","TheDivision\Content\Paks\pakchunk7386-WindowsNoEditor.sig",3132,3132,3142,15
"3094B3F3B62FA4801DB7B568743F11E31F491E5F","TheDivision\Content\Paks\pakchunk7387-WindowsNoEditor.pak",475413223,475413223,464472655,15
"3094B3F3B62FA4801DB7B568743F11E31F491E5F","TheDivision\Content\Paks\pakchunk7387-WindowsNoEditor.sig",29548,29548,29558,15
"3094B3F3B62FA4801DB7B568743F11E31F491E5F","TheDivision\Content\Paks\pakchunk7388-WindowsNoEditor.pak",1532,1532,1260,15
"3094B3F3B62FA4801DB7B568743F11E31F491E5F","TheDivision\Content\Paks\pakchunk7388-WindowsNoEditor.sig",532,532,542,15
"3094B3F3B62FA4801DB7B568743F11E31F491E5F","TheDivision\Content\Paks\pakchunk7389-WindowsNoEditor.pak",785587999,785587999,775964033,15
"3094B3F3B62FA4801DB7B568743F11E31F491E5F","TheDivision\Content\Paks\pakchunk7389-WindowsNoEditor.sig",48480,48480,48490,15
"3094B3F3B62FA4801DB7B568743F11E31F491E5F","TheDivision\Binaries\Win64\AntiCheatExpert\ACE-Base.dat",71108,71108,71120,16
"3094B3F3B62FA4801DB7B568743F11E31F491E5F","TheDivision\Binaries\Win64\AntiCheatExpert\ACE-BASE.sys",4125432,4125432,1567799,16
"3094B3F3B62FA4801DB7B568743F11E31F491E5F","TheDivision\Binaries\Win64\AntiCheatExpert\ACE-Base64.dll",70285712,70285712,25099579,16
"3094B3F3B62FA4801DB7B568743F11E31F491E5F","TheDivision\Binaries\Win64\AntiCheatExpert\ACE-CORE.sys",3885704,3885704,1500742,16
"3094B3F3B62FA4801DB7B568743F11E31F491E5F","TheDivision\Binaries\Win64\AntiCheatExpert\ACE-CORE.sys2",3235392,3235392,1270655,16
"3094B3F3B62FA4801DB7B568743F11E31F491E5F","TheDivision\Binaries\Win64\AntiCheatExpert\ACE-CORE.sysa",1704168,1704168,703506,16
"3094B3F3B62FA4801DB7B568743F11E31F491E5F","TheDivision\Binaries\Win64\AntiCheatExpert\ACE-CORE.sysa2",1596640,1596640,687897,16
"3094B3F3B62FA4801DB7B568743F11E31F491E5F","TheDivision\Binaries\Win64\AntiCheatExpert\ACE-Service64.exe",3251080,3251080,1339012,16
"3094B3F3B62FA4801DB7B568743F11E31F491E5F","TheDivision\Binaries\Win64\AntiCheatExpert\ACE-Setup64.exe",899984,899984,235976,16
"3094B3F3B62FA4801DB7B568743F11E31F491E5F","TheDivision\Binaries\Win64\TheDivision-Win64-ShippingBase.dll",35905936,35905936,8102261,17
