"8000","25F43CD13DE64D03CDEF88ADB140CB156415C68F","0000-00-00",1458,20877507991,3697638807,2484398872,3
"25F43CD13DE64D03CDEF88ADB140CB156415C68F","TheDivision.exe",1252856,1252856,515916,0
"25F43CD13DE64D03CDEF88ADB140CB156415C68F","Engine\Binaries\ThirdParty\DbgHelp\dbghelp.dll",1868736,1868736,706625,1
"25F43CD13DE64D03CDEF88ADB140CB156415C68F","Engine\Binaries\ThirdParty\PhysX3\Win64\VS2015\PxFoundation_x64.dll",69624,69624,31372,1
"25F43CD13DE64D03CDEF88ADB140CB156415C68F","Engine\Binaries\ThirdParty\PhysX3\Win64\VS2015\PxPvdSDK_x64.dll",203256,203256,72918,1
"25F43CD13DE64D03CDEF88ADB140CB156415C68F","Engine\Binaries\ThirdParty\PhysX3\Win64\VS2015\PhysX3_x64.dll",2124792,2124792,727454,1
"25F43CD13DE64D03CDEF88ADB140CB156415C68F","Engine\Binaries\ThirdParty\PhysX3\Win64\VS2015\PhysX3Cooking_x64.dll",259064,259064,117360,1
"25F43CD13DE64D03CDEF88ADB140CB156415C68F","Engine\Binaries\ThirdParty\PhysX3\Win64\VS2015\PhysX3Common_x64.dll",1613304,1613304,549524,1
"25F43CD13DE64D03CDEF88ADB140CB156415C68F","Engine\Binaries\ThirdParty\PhysX3\Win64\VS2015\APEX_Clothing_x64.dll",1227768,1227768,440665,1
"25F43CD13DE64D03CDEF88ADB140CB156415C68F","Engine\Binaries\ThirdParty\PhysX3\Win64\VS2015\APEX_Legacy_x64.dll",3323384,3323384,555803,1
"25F43CD13DE64D03CDEF88ADB140CB156415C68F","Engine\Binaries\ThirdParty\PhysX3\Win64\VS2015\ApexFramework_x64.dll",1052664,1052664,338712,1
"25F43CD13DE64D03CDEF88ADB140CB156415C68F","Engine\Binaries\ThirdParty\PhysX3\Win64\VS2015\NvCloth_x64.dll",280568,280568,118462,1
"25F43CD13DE64D03CDEF88ADB140CB156415C68F","Engine\Binaries\ThirdParty\NVIDIA\NVaftermath\Win64\GFSDK_Aftermath_Lib.x64.dll",132600,132600,63059,1
"25F43CD13DE64D03CDEF88ADB140CB156415C68F","Engine\Binaries\ThirdParty\Ogg\Win64\VS2015\libogg_64.dll",63992,63992,21775,1
"25F43CD13DE64D03CDEF88ADB140CB156415C68F","Engine\Binaries\ThirdParty\Vorbis\Win64\VS2015\libvorbis_64.dll",1729016,1729016,199301,1
"25F43CD13DE64D03CDEF88ADB140CB156415C68F","Engine\Binaries\ThirdParty\Vorbis\Win64\VS2015\libvorbisfile_64.dll",52728,52728,27177,1
"25F43CD13DE64D03CDEF88ADB140CB156415C68F","Engine\Binaries\ThirdParty\Windows\XAudio2_9\x64\xaudio2_9redist.dll",847440,847440,387895,1
"25F43CD13DE64D03CDEF88ADB140CB156415C68F","Engine\Extras\Redist\en-us\UE4PrereqSetup_x64.exe",41033784,41033784,38971096,2
"25F43CD13DE64D03CDEF88ADB140CB156415C68F","TheDivision\Binaries\Win64\locales\am.pak",334344,334344,78882,3
"25F43CD13DE64D03CDEF88ADB140CB156415C68F","TheDivision\Binaries\Win64\locales\am.pak.info",463171,463171,47705,3
"25F43CD13DE64D03CDEF88ADB140CB156415C68F","TheDivision\Binaries\Win64\locales\ar.pak",335514,335514,77565,3
"25F43CD13DE64D03CDEF88ADB140CB156415C68F","TheDivision\Binaries\Win64\locales\ar.pak.info",463171,463171,47705,3
"25F43CD13DE64D03CDEF88ADB140CB156415C68F","TheDivision\Binaries\Win64\locales\bg.pak",382400,382400,78455,3
"25F43CD13DE64D03CDEF88ADB140CB156415C68F","TheDivision\Binaries\Win64\locales\bg.pak.info",463171,463171,47705,3
"25F43CD13DE64D03CDEF88ADB140CB156415C68F","TheDivision\Binaries\Win64\locales\bn.pak",491323,491323,80454,3
"25F43CD13DE64D03CDEF88ADB140CB156415C68F","TheDivision\Binaries\Win64\locales\bn.pak.info",463171,463171,47705,3
"25F43CD13DE64D03CDEF88ADB140CB156415C68F","TheDivision\Binaries\Win64\locales\ca.pak",238400,238400,73369,3
"25F43CD13DE64D03CDEF88ADB140CB156415C68F","TheDivision\Binaries\Win64\locales\ca.pak.info",463171,463171,47705,3
"25F43CD13DE64D03CDEF88ADB140CB156415C68F","TheDivision\Binaries\Win64\locales\cs.pak",241893,241893,78042,3
"25F43CD13DE64D03CDEF88ADB140CB156415C68F","TheDivision\Binaries\Win64\locales\cs.pak.info",463171,463171,47705,3
"25F43CD13DE64D03CDEF88ADB140CB156415C68F","TheDivision\Binaries\Win64\locales\da.pak",217448,217448,71561,3
"25F43CD13DE64D03CDEF88ADB140CB156415C68F","TheDivision\Binaries\Win64\locales\da.pak.info",463171,463171,47705,3
"25F43CD13DE64D03CDEF88ADB140CB156415C68F","TheDivision\Binaries\Win64\locales\de.pak",237453,237453,74661,3
"25F43CD13DE64D03CDEF88ADB140CB156415C68F","TheDivision\Binaries\Win64\locales\de.pak.info",463171,463171,47705,3
"25F43CD13DE64D03CDEF88ADB140CB156415C68F","TheDivision\Binaries\Win64\locales\el.pak",420291,420291,82201,3
"25F43CD13DE64D03CDEF88ADB140CB156415C68F","TheDivision\Binaries\Win64\locales\el.pak.info",463171,463171,47705,3
"25F43CD13DE64D03CDEF88ADB140CB156415C68F","TheDivision\Binaries\Win64\locales\en-GB.pak",195553,195553,67949,3
"25F43CD13DE64D03CDEF88ADB140CB156415C68F","TheDivision\Binaries\Win64\locales\en-GB.pak.info",463171,463171,47705,3
"25F43CD13DE64D03CDEF88ADB140CB156415C68F","TheDivision\Binaries\Win64\locales\en-US.pak",289918,289918,95419,3
"25F43CD13DE64D03CDEF88ADB140CB156415C68F","TheDivision\Binaries\Win64\locales\en-US.pak.info",463171,463171,47705,3
"25F43CD13DE64D03CDEF88ADB140CB156415C68F","TheDivision\Binaries\Win64\locales\es-419.pak",234675,234675,73392,3
"25F43CD13DE64D03CDEF88ADB140CB156415C68F","TheDivision\Binaries\Win64\locales\es-419.pak.info",463171,463171,47705,3
"25F43CD13DE64D03CDEF88ADB140CB156415C68F","TheDivision\Binaries\Win64\locales\es.pak",238029,238029,72596,3
"25F43CD13DE64D03CDEF88ADB140CB156415C68F","TheDivision\Binaries\Win64\locales\es.pak.info",463171,463171,47705,3
"25F43CD13DE64D03CDEF88ADB140CB156415C68F","TheDivision\Binaries\Win64\locales\et.pak",212465,212465,73079,3
"25F43CD13DE64D03CDEF88ADB140CB156415C68F","TheDivision\Binaries\Win64\locales\et.pak.info",463171,463171,47705,3
"25F43CD13DE64D03CDEF88ADB140CB156415C68F","TheDivision\Binaries\Win64\locales\fa.pak",336963,336963,75975,3
"25F43CD13DE64D03CDEF88ADB140CB156415C68F","TheDivision\Binaries\Win64\locales\fa.pak.info",463171,463171,47705,3
"25F43CD13DE64D03CDEF88ADB140CB156415C68F","TheDivision\Binaries\Win64\locales\fi.pak",218888,218888,73063,3
"25F43CD13DE64D03CDEF88ADB140CB156415C68F","TheDivision\Binaries\Win64\locales\fi.pak.info",463171,463171,47705,3
"25F43CD13DE64D03CDEF88ADB140CB156415C68F","TheDivision\Binaries\Win64\locales\fil.pak",241314,241314,73202,3
"25F43CD13DE64D03CDEF88ADB140CB156415C68F","TheDivision\Binaries\Win64\locales\fil.pak.info",463171,463171,47705,3
"25F43CD13DE64D03CDEF88ADB140CB156415C68F","TheDivision\Binaries\Win64\locales\fr.pak",254636,254636,75075,3
"25F43CD13DE64D03CDEF88ADB140CB156415C68F","TheDivision\Binaries\Win64\locales\fr.pak.info",463171,463171,47705,3
"25F43CD13DE64D03CDEF88ADB140CB156415C68F","TheDivision\Binaries\Win64\locales\gu.pak",471623,471623,79999,3
"25F43CD13DE64D03CDEF88ADB140CB156415C68F","TheDivision\Binaries\Win64\locales\gu.pak.info",463171,463171,47705,3
"25F43CD13DE64D03CDEF88ADB140CB156415C68F","TheDivision\Binaries\Win64\locales\he.pak",286163,286163,74818,3
"25F43CD13DE64D03CDEF88ADB140CB156415C68F","TheDivision\Binaries\Win64\locales\he.pak.info",463171,463171,47705,3
"25F43CD13DE64D03CDEF88ADB140CB156415C68F","TheDivision\Binaries\Win64\locales\hi.pak",484982,484982,80524,3
"25F43CD13DE64D03CDEF88ADB140CB156415C68F","TheDivision\Binaries\Win64\locales\hi.pak.info",463171,463171,47705,3
"25F43CD13DE64D03CDEF88ADB140CB156415C68F","TheDivision\Binaries\Win64\locales\hr.pak",229781,229781,75418,3
"25F43CD13DE64D03CDEF88ADB140CB156415C68F","TheDivision\Binaries\Win64\locales\hr.pak.info",463171,463171,47705,3
"25F43CD13DE64D03CDEF88ADB140CB156415C68F","TheDivision\Binaries\Win64\locales\hu.pak",251095,251095,77888,3
"25F43CD13DE64D03CDEF88ADB140CB156415C68F","TheDivision\Binaries\Win64\locales\hu.pak.info",463171,463171,47705,3
"25F43CD13DE64D03CDEF88ADB140CB156415C68F","TheDivision\Binaries\Win64\locales\id.pak",210886,210886,68387,3
"25F43CD13DE64D03CDEF88ADB140CB156415C68F","TheDivision\Binaries\Win64\locales\id.pak.info",463171,463171,47705,3
"25F43CD13DE64D03CDEF88ADB140CB156415C68F","TheDivision\Binaries\Win64\locales\it.pak",230092,230092,72074,3
"25F43CD13DE64D03CDEF88ADB140CB156415C68F","TheDivision\Binaries\Win64\locales\it.pak.info",463171,463171,47705,3
"25F43CD13DE64D03CDEF88ADB140CB156415C68F","TheDivision\Binaries\Win64\locales\ja.pak",285120,285120,70726,3
"25F43CD13DE64D03CDEF88ADB140CB156415C68F","TheDivision\Binaries\Win64\locales\ja.pak.info",463171,463171,47705,3
"25F43CD13DE64D03CDEF88ADB140CB156415C68F","TheDivision\Binaries\Win64\locales\kn.pak",549654,549654,80792,3
"25F43CD13DE64D03CDEF88ADB140CB156415C68F","TheDivision\Binaries\Win64\locales\kn.pak.info",463171,463171,47705,3
"25F43CD13DE64D03CDEF88ADB140CB156415C68F","TheDivision\Binaries\Win64\locales\ko.pak",240318,240318,68504,3
"25F43CD13DE64D03CDEF88ADB140CB156415C68F","TheDivision\Binaries\Win64\locales\ko.pak.info",463171,463171,47705,3
"25F43CD13DE64D03CDEF88ADB140CB156415C68F","TheDivision\Binaries\Win64\locales\lt.pak",245872,245872,76246,3
"25F43CD13DE64D03CDEF88ADB140CB156415C68F","TheDivision\Binaries\Win64\locales\lt.pak.info",463171,463171,47705,3
"25F43CD13DE64D03CDEF88ADB140CB156415C68F","TheDivision\Binaries\Win64\locales\lv.pak",244911,244911,76259,3
"25F43CD13DE64D03CDEF88ADB140CB156415C68F","TheDivision\Binaries\Win64\locales\lv.pak.info",463171,463171,47705,3
"25F43CD13DE64D03CDEF88ADB140CB156415C68F","TheDivision\Binaries\Win64\locales\ml.pak",589260,589260,83809,3
"25F43CD13DE64D03CDEF88ADB140CB156415C68F","TheDivision\Binaries\Win64\locales\ml.pak.info",463171,463171,47705,3
"25F43CD13DE64D03CDEF88ADB140CB156415C68F","TheDivision\Binaries\Win64\locales\mr.pak",470120,470120,79120,3
"25F43CD13DE64D03CDEF88ADB140CB156415C68F","TheDivision\Binaries\Win64\locales\mr.pak.info",463171,463171,47705,3
"25F43CD13DE64D03CDEF88ADB140CB156415C68F","TheDivision\Binaries\Win64\locales\ms.pak",218211,218211,68499,3
"25F43CD13DE64D03CDEF88ADB140CB156415C68F","TheDivision\Binaries\Win64\locales\ms.pak.info",463171,463171,47705,3
"25F43CD13DE64D03CDEF88ADB140CB156415C68F","TheDivision\Binaries\Win64\locales\nb.pak",214620,214620,70933,3
"25F43CD13DE64D03CDEF88ADB140CB156415C68F","TheDivision\Binaries\Win64\locales\nb.pak.info",463171,463171,47705,3
"25F43CD13DE64D03CDEF88ADB140CB156415C68F","TheDivision\Binaries\Win64\locales\nl.pak",224545,224545,72458,3
"25F43CD13DE64D03CDEF88ADB140CB156415C68F","TheDivision\Binaries\Win64\locales\nl.pak.info",463171,463171,47705,3
"25F43CD13DE64D03CDEF88ADB140CB156415C68F","TheDivision\Binaries\Win64\locales\pl.pak",238263,238263,77094,3
"25F43CD13DE64D03CDEF88ADB140CB156415C68F","TheDivision\Binaries\Win64\locales\pl.pak.info",463171,463171,47705,3
"25F43CD13DE64D03CDEF88ADB140CB156415C68F","TheDivision\Binaries\Win64\locales\pt-BR.pak",231071,231071,72753,3
"25F43CD13DE64D03CDEF88ADB140CB156415C68F","TheDivision\Binaries\Win64\locales\pt-BR.pak.info",463171,463171,47705,3
"25F43CD13DE64D03CDEF88ADB140CB156415C68F","TheDivision\Binaries\Win64\locales\pt-PT.pak",233820,233820,72700,3
"25F43CD13DE64D03CDEF88ADB140CB156415C68F","TheDivision\Binaries\Win64\locales\pt-PT.pak.info",463171,463171,47705,3
"25F43CD13DE64D03CDEF88ADB140CB156415C68F","TheDivision\Binaries\Win64\locales\ro.pak",239045,239045,74449,3
"25F43CD13DE64D03CDEF88ADB140CB156415C68F","TheDivision\Binaries\Win64\locales\ro.pak.info",463171,463171,47705,3
"25F43CD13DE64D03CDEF88ADB140CB156415C68F","TheDivision\Binaries\Win64\locales\ru.pak",369448,369448,79685,3
"25F43CD13DE64D03CDEF88ADB140CB156415C68F","TheDivision\Binaries\Win64\locales\ru.pak.info",463171,463171,47705,3
"25F43CD13DE64D03CDEF88ADB140CB156415C68F","TheDivision\Binaries\Win64\locales\sk.pak",245003,245003,78956,3
"25F43CD13DE64D03CDEF88ADB140CB156415C68F","TheDivision\Binaries\Win64\locales\sk.pak.info",463171,463171,47705,3
"25F43CD13DE64D03CDEF88ADB140CB156415C68F","TheDivision\Binaries\Win64\locales\sl.pak",230579,230579,74871,3
"25F43CD13DE64D03CDEF88ADB140CB156415C68F","TheDivision\Binaries\Win64\locales\sl.pak.info",463171,463171,47705,3
"25F43CD13DE64D03CDEF88ADB140CB156415C68F","TheDivision\Binaries\Win64\locales\sr.pak",358400,358400,78372,3
"25F43CD13DE64D03CDEF88ADB140CB156415C68F","TheDivision\Binaries\Win64\locales\sr.pak.info",463171,463171,47705,3
"25F43CD13DE64D03CDEF88ADB140CB156415C68F","TheDivision\Binaries\Win64\locales\sv.pak",216109,216109,71244,3
"25F43CD13DE64D03CDEF88ADB140CB156415C68F","TheDivision\Binaries\Win64\locales\sv.pak.info",463171,463171,47705,3
"25F43CD13DE64D03CDEF88ADB140CB156415C68F","TheDivision\Binaries\Win64\locales\sw.pak",221587,221587,71874,3
"25F43CD13DE64D03CDEF88ADB140CB156415C68F","TheDivision\Binaries\Win64\locales\sw.pak.info",463171,463171,47705,3
"25F43CD13DE64D03CDEF88ADB140CB156415C68F","TheDivision\Binaries\Win64\locales\ta.pak",557671,557671,79209,3
"25F43CD13DE64D03CDEF88ADB140CB156415C68F","TheDivision\Binaries\Win64\locales\ta.pak.info",463171,463171,47705,3
"25F43CD13DE64D03CDEF88ADB140CB156415C68F","TheDivision\Binaries\Win64\locales\te.pak",529364,529364,80064,3
"25F43CD13DE64D03CDEF88ADB140CB156415C68F","TheDivision\Binaries\Win64\locales\te.pak.info",463171,463171,47705,3
"25F43CD13DE64D03CDEF88ADB140CB156415C68F","TheDivision\Binaries\Win64\locales\th.pak",449418,449418,72590,3
"25F43CD13DE64D03CDEF88ADB140CB156415C68F","TheDivision\Binaries\Win64\locales\th.pak.info",463171,463171,47705,3
"25F43CD13DE64D03CDEF88ADB140CB156415C68F","TheDivision\Binaries\Win64\locales\tr.pak",231124,231124,73310,3
"25F43CD13DE64D03CDEF88ADB140CB156415C68F","TheDivision\Binaries\Win64\locales\tr.pak.info",463171,463171,47705,3
"25F43CD13DE64D03CDEF88ADB140CB156415C68F","TheDivision\Binaries\Win64\locales\uk.pak",374449,374449,79519,3
"25F43CD13DE64D03CDEF88ADB140CB156415C68F","TheDivision\Binaries\Win64\locales\uk.pak.info",463171,463171,47705,3
"25F43CD13DE64D03CDEF88ADB140CB156415C68F","TheDivision\Binaries\Win64\locales\vi.pak",266384,266384,70983,3
"25F43CD13DE64D03CDEF88ADB140CB156415C68F","TheDivision\Binaries\Win64\locales\vi.pak.info",463171,463171,47705,3
"25F43CD13DE64D03CDEF88ADB140CB156415C68F","TheDivision\Binaries\Win64\locales\zh-CN.pak",293213,293213,95334,3
"25F43CD13DE64D03CDEF88ADB140CB156415C68F","TheDivision\Binaries\Win64\locales\zh-CN.pak.info",463171,463171,47705,3
"25F43CD13DE64D03CDEF88ADB140CB156415C68F","TheDivision\Binaries\Win64\locales\zh-TW.pak",199618,199618,68155,3
"25F43CD13DE64D03CDEF88ADB140CB156415C68F","TheDivision\Binaries\Win64\locales\zh-TW.pak.info",463171,463171,47705,3
"25F43CD13DE64D03CDEF88ADB140CB156415C68F","TheDivision\Binaries\Win64\webview_bitmap\dark\back_64.bmp",16790,16790,310,4
"25F43CD13DE64D03CDEF88ADB140CB156415C68F","TheDivision\Binaries\Win64\webview_bitmap\dark\bg_64.bmp",16534,16534,65,4
"25F43CD13DE64D03CDEF88ADB140CB156415C68F","TheDivision\Binaries\Win64\webview_bitmap\dark\click_64.bmp",16534,16534,87,4
"25F43CD13DE64D03CDEF88ADB140CB156415C68F","TheDivision\Binaries\Win64\webview_bitmap\dark\close_64.bmp",16534,16534,310,4
"25F43CD13DE64D03CDEF88ADB140CB156415C68F","TheDivision\Binaries\Win64\webview_bitmap\dark\external_64.bmp",16534,16534,1347,4
"25F43CD13DE64D03CDEF88ADB140CB156415C68F","TheDivision\Binaries\Win64\webview_bitmap\dark\font.json",98,98,80,4
"25F43CD13DE64D03CDEF88ADB140CB156415C68F","TheDivision\Binaries\Win64\webview_bitmap\dark\forward_64.bmp",16534,16534,323,4
"25F43CD13DE64D03CDEF88ADB140CB156415C68F","TheDivision\Binaries\Win64\webview_bitmap\dark\loading_64.bmp",18106,18106,1926,4
"25F43CD13DE64D03CDEF88ADB140CB156415C68F","TheDivision\Binaries\Win64\webview_bitmap\dark\over_64.bmp",16534,16534,65,4
"25F43CD13DE64D03CDEF88ADB140CB156415C68F","TheDivision\Binaries\Win64\webview_bitmap\dark\reload_64.bmp",16534,16534,1476,4
"25F43CD13DE64D03CDEF88ADB140CB156415C68F","TheDivision\Binaries\Win64\webview_bitmap\light\back_64.bmp",16790,16790,310,4
"25F43CD13DE64D03CDEF88ADB140CB156415C68F","TheDivision\Binaries\Win64\webview_bitmap\light\bg_64.bmp",16534,16534,65,4
"25F43CD13DE64D03CDEF88ADB140CB156415C68F","TheDivision\Binaries\Win64\webview_bitmap\light\click_64.bmp",16534,16534,65,4
"25F43CD13DE64D03CDEF88ADB140CB156415C68F","TheDivision\Binaries\Win64\webview_bitmap\light\close_64.bmp",16534,16534,310,4
"25F43CD13DE64D03CDEF88ADB140CB156415C68F","TheDivision\Binaries\Win64\webview_bitmap\light\external_64.bmp",16534,16534,1346,4
"25F43CD13DE64D03CDEF88ADB140CB156415C68F","TheDivision\Binaries\Win64\webview_bitmap\light\font.json",95,95,84,4
"25F43CD13DE64D03CDEF88ADB140CB156415C68F","TheDivision\Binaries\Win64\webview_bitmap\light\forward_64.bmp",16534,16534,323,4
"25F43CD13DE64D03CDEF88ADB140CB156415C68F","TheDivision\Binaries\Win64\webview_bitmap\light\loading_64.bmp",18106,18106,1916,4
"25F43CD13DE64D03CDEF88ADB140CB156415C68F","TheDivision\Binaries\Win64\webview_bitmap\light\over_64.bmp",16534,16534,87,4
"25F43CD13DE64D03CDEF88ADB140CB156415C68F","TheDivision\Binaries\Win64\webview_bitmap\light\reload_64.bmp",16534,16534,1481,4
"25F43CD13DE64D03CDEF88ADB140CB156415C68F","TheDivision\Plugins\Wwise\ThirdParty\x64_vc160\Release\bin\AkAudioInput.dll",118264,118264,59292,5
"25F43CD13DE64D03CDEF88ADB140CB156415C68F","TheDivision\Plugins\Wwise\ThirdParty\x64_vc160\Release\bin\AkCompressor.dll",121848,121848,61189,5
"25F43CD13DE64D03CDEF88ADB140CB156415C68F","TheDivision\Plugins\Wwise\ThirdParty\x64_vc160\Release\bin\AkConvolutionReverb.dll",235512,235512,90824,5
"25F43CD13DE64D03CDEF88ADB140CB156415C68F","TheDivision\Plugins\Wwise\ThirdParty\x64_vc160\Release\bin\AkDelay.dll",123384,123384,62389,5
"25F43CD13DE64D03CDEF88ADB140CB156415C68F","TheDivision\Plugins\Wwise\ThirdParty\x64_vc160\Release\bin\AkExpander.dll",123896,123896,61545,5
"25F43CD13DE64D03CDEF88ADB140CB156415C68F","TheDivision\Plugins\Wwise\ThirdParty\x64_vc160\Release\bin\AkFlanger.dll",144888,144888,72166,5
"25F43CD13DE64D03CDEF88ADB140CB156415C68F","TheDivision\Plugins\Wwise\ThirdParty\x64_vc160\Release\bin\AkGain.dll",118264,118264,59325,5
"25F43CD13DE64D03CDEF88ADB140CB156415C68F","TheDivision\Plugins\Wwise\ThirdParty\x64_vc160\Release\bin\AkGuitarDistortion.dll",156664,156664,75040,5
"25F43CD13DE64D03CDEF88ADB140CB156415C68F","TheDivision\Plugins\Wwise\ThirdParty\x64_vc160\Release\bin\AkHarmonizer.dll",252920,252920,96729,5
"25F43CD13DE64D03CDEF88ADB140CB156415C68F","TheDivision\Plugins\Wwise\ThirdParty\x64_vc160\Release\bin\AkMatrixReverb.dll",184312,184312,85307,5
"25F43CD13DE64D03CDEF88ADB140CB156415C68F","TheDivision\Plugins\Wwise\ThirdParty\x64_vc160\Release\bin\AkMotion.dll",182776,182776,91018,5
"25F43CD13DE64D03CDEF88ADB140CB156415C68F","TheDivision\Plugins\Wwise\ThirdParty\x64_vc160\Release\bin\AkParametricEQ.dll",146424,146424,71219,5
"25F43CD13DE64D03CDEF88ADB140CB156415C68F","TheDivision\Plugins\Wwise\ThirdParty\x64_vc160\Release\bin\AkPeakLimiter.dll",125944,125944,63348,5
"25F43CD13DE64D03CDEF88ADB140CB156415C68F","TheDivision\Plugins\Wwise\ThirdParty\x64_vc160\Release\bin\AkPitchShifter.dll",152056,152056,73942,5
"25F43CD13DE64D03CDEF88ADB140CB156415C68F","TheDivision\Plugins\Wwise\ThirdParty\x64_vc160\Release\bin\AkRecorder.dll",118776,118776,58718,5
"25F43CD13DE64D03CDEF88ADB140CB156415C68F","TheDivision\Plugins\Wwise\ThirdParty\x64_vc160\Release\bin\AkReflect.dll",181752,181752,88746,5
"25F43CD13DE64D03CDEF88ADB140CB156415C68F","TheDivision\Plugins\Wwise\ThirdParty\x64_vc160\Release\bin\AkRoomVerb.dll",242168,242168,117882,5
"25F43CD13DE64D03CDEF88ADB140CB156415C68F","TheDivision\Plugins\Wwise\ThirdParty\x64_vc160\Release\bin\AkSilenceGenerator.dll",109560,109560,54017,5
"25F43CD13DE64D03CDEF88ADB140CB156415C68F","TheDivision\Plugins\Wwise\ThirdParty\x64_vc160\Release\bin\AkSineTone.dll",119288,119288,59607,5
"25F43CD13DE64D03CDEF88ADB140CB156415C68F","TheDivision\Plugins\Wwise\ThirdParty\x64_vc160\Release\bin\AkSoundEngineDLL.dll",1505784,1505784,668275,5
"25F43CD13DE64D03CDEF88ADB140CB156415C68F","TheDivision\Plugins\Wwise\ThirdParty\x64_vc160\Release\bin\AkSoundSeedAir.dll",185848,185848,91122,5
"25F43CD13DE64D03CDEF88ADB140CB156415C68F","TheDivision\Plugins\Wwise\ThirdParty\x64_vc160\Release\bin\AkSoundSeedImpact.dll",147960,147960,74347,5
"25F43CD13DE64D03CDEF88ADB140CB156415C68F","TheDivision\Plugins\Wwise\ThirdParty\x64_vc160\Release\bin\AkStereoDelay.dll",158200,158200,77254,5
"25F43CD13DE64D03CDEF88ADB140CB156415C68F","TheDivision\Plugins\Wwise\ThirdParty\x64_vc160\Release\bin\AkSynthOne.dll",164856,164856,80900,5
"25F43CD13DE64D03CDEF88ADB140CB156415C68F","TheDivision\Plugins\Wwise\ThirdParty\x64_vc160\Release\bin\AkTimeStretch.dll",219128,219128,82591,5
"25F43CD13DE64D03CDEF88ADB140CB156415C68F","TheDivision\Plugins\Wwise\ThirdParty\x64_vc160\Release\bin\AkToneGen.dll",138744,138744,69759,5
"25F43CD13DE64D03CDEF88ADB140CB156415C68F","TheDivision\Plugins\Wwise\ThirdParty\x64_vc160\Release\bin\AkTremolo.dll",143352,143352,70090,5
"25F43CD13DE64D03CDEF88ADB140CB156415C68F","TheDivision\Plugins\Wwise\ThirdParty\x64_vc160\Release\bin\Auro.dll",2552824,2552824,321892,5
"25F43CD13DE64D03CDEF88ADB140CB156415C68F","TheDivision\Plugins\Wwise\ThirdParty\x64_vc160\Release\bin\iZotope.dll",572408,572408,244492,5
"25F43CD13DE64D03CDEF88ADB140CB156415C68F","TheDivision\Plugins\Wwise\ThirdParty\x64_vc160\Release\bin\MasteringSuite.dll",185336,185336,90907,5
"25F43CD13DE64D03CDEF88ADB140CB156415C68F","TheDivision\Plugins\Wwise\ThirdParty\x64_vc160\Release\bin\McDSP.dll",299000,299000,144370,5
"25F43CD13DE64D03CDEF88ADB140CB156415C68F","TheDivision\Content\Config\MainResVersionConfig.json",0,0,0,6
"25F43CD13DE64D03CDEF88ADB140CB156415C68F","TheDivision\Content\Config\OptionalResVersionConfig.json",0,0,0,6
"25F43CD13DE64D03CDEF88ADB140CB156415C68F","TheDivision\Content\Config\PufferPakInfo.json",0,0,0,6
"25F43CD13DE64D03CDEF88ADB140CB156415C68F","TheDivision\Content\Config\PufferResVersionConfig.json",0,0,0,6
"25F43CD13DE64D03CDEF88ADB140CB156415C68F","TheDivision\Content\Config\ResConfig.json",0,0,0,6
"25F43CD13DE64D03CDEF88ADB140CB156415C68F","TheDivision\Binaries\Win64\TheDivision-Win64-Shipping.exe",120544248,120544248,92516754,7
"25F43CD13DE64D03CDEF88ADB140CB156415C68F","TheDivision\Binaries\Win64\ubiservices.dll",11008504,11008504,9589911,7
"25F43CD13DE64D03CDEF88ADB140CB156415C68F","TheDivision\Binaries\Win64\GCloudCore.dll",2904056,2904056,679810,7
"25F43CD13DE64D03CDEF88ADB140CB156415C68F","TheDivision\Binaries\Win64\GCloud.dll",18978808,18978808,4087361,7
"25F43CD13DE64D03CDEF88ADB140CB156415C68F","TheDivision\Binaries\Win64\GCloudVoice.dll",7844512,7844512,2931874,7
"25F43CD13DE64D03CDEF88ADB140CB156415C68F","TheDivision\Binaries\Win64\config.json",554,554,229,7
"25F43CD13DE64D03CDEF88ADB140CB156415C68F","TheDivision\Binaries\Win64\decoder_v4_small.nn",2472220,2472220,2280695,7
"25F43CD13DE64D03CDEF88ADB140CB156415C68F","TheDivision\Binaries\Win64\encoder_v4_small.nn",2592572,2592572,2399799,7
"25F43CD13DE64D03CDEF88ADB140CB156415C68F","TheDivision\Binaries\Win64\libgvoicensmodel.bin",2312680,2312680,1897996,7
"25F43CD13DE64D03CDEF88ADB140CB156415C68F","TheDivision\Binaries\Win64\libcrosCurl.dll",711672,711672,328391,7
"25F43CD13DE64D03CDEF88ADB140CB156415C68F","TheDivision\Binaries\Win64\libcrypto-1_1-x64.dll",2875384,2875384,946473,7
"25F43CD13DE64D03CDEF88ADB140CB156415C68F","TheDivision\Binaries\Win64\libssl-1_1-x64.dll",700920,700920,221352,7
"25F43CD13DE64D03CDEF88ADB140CB156415C68F","TheDivision\Binaries\Win64\Gbspy64.dll",3643824,3643824,1507524,7
"25F43CD13DE64D03CDEF88ADB140CB156415C68F","TheDivision\Binaries\Win64\GameBabyConfig64.dat",315,315,200,7
"25F43CD13DE64D03CDEF88ADB140CB156415C68F","TheDivision\Binaries\Win64\TQM64\dbghelp.dll",1508016,1508016,566141,7
"25F43CD13DE64D03CDEF88ADB140CB156415C68F","TheDivision\Binaries\Win64\TQM64\TQMCenter_64.exe",3436976,3436976,1439293,7
"25F43CD13DE64D03CDEF88ADB140CB156415C68F","TheDivision\Binaries\Win64\TQM64\GameBabyConfig64.dat",315,315,200,7
"25F43CD13DE64D03CDEF88ADB140CB156415C68F","TheDivision\Binaries\Win64\APASConfig.ini",408,408,247,7
"25F43CD13DE64D03CDEF88ADB140CB156415C68F","TheDivision\Binaries\Win64\INTLConfig.ini.new",944,944,954,7
"25F43CD13DE64D03CDEF88ADB140CB156415C68F","TheDivision\Binaries\Win64\INTLFoundation.dll",2308512,2308512,935498,7
"25F43CD13DE64D03CDEF88ADB140CB156415C68F","TheDivision\Binaries\Win64\intl_cacert.pem",212549,212549,115346,7
"25F43CD13DE64D03CDEF88ADB140CB156415C68F","TheDivision\Binaries\Win64\INTLResultMsg.Json",1848,1848,762,7
"25F43CD13DE64D03CDEF88ADB140CB156415C68F","TheDivision\Binaries\Win64\INTLCore.dll",7726496,7726496,2424370,7
"25F43CD13DE64D03CDEF88ADB140CB156415C68F","TheDivision\Binaries\Win64\INTLRuntime.dll",12195744,12195744,4289091,7
"25F43CD13DE64D03CDEF88ADB140CB156415C68F","TheDivision\Binaries\Win64\INTLWebView.dll",1985440,1985440,718218,7
"25F43CD13DE64D03CDEF88ADB140CB156415C68F","TheDivision\Binaries\Win64\INTLWebViewHelper.exe",154016,154016,69855,7
"25F43CD13DE64D03CDEF88ADB140CB156415C68F","TheDivision\Binaries\Win64\chrome_elf.dll",1165216,1165216,436663,7
"25F43CD13DE64D03CDEF88ADB140CB156415C68F","TheDivision\Binaries\Win64\d3dcompiler_47.dll",4526496,4526496,1652562,7
"25F43CD13DE64D03CDEF88ADB140CB156415C68F","TheDivision\Binaries\Win64\libGLESv2.dll",6691232,6691232,2252830,7
"25F43CD13DE64D03CDEF88ADB140CB156415C68F","TheDivision\Binaries\Win64\libEGL.dll",418208,418208,174951,7
"25F43CD13DE64D03CDEF88ADB140CB156415C68F","TheDivision\Binaries\Win64\vulkan-1.dll",697248,697248,268380,7
"25F43CD13DE64D03CDEF88ADB140CB156415C68F","TheDivision\Binaries\Win64\vk_swiftshader.dll",3810208,3810208,1275777,7
"25F43CD13DE64D03CDEF88ADB140CB156415C68F","TheDivision\Binaries\Win64\vk_swiftshader_icd.json",106,106,99,7
"25F43CD13DE64D03CDEF88ADB140CB156415C68F","TheDivision\Binaries\Win64\qbcore.dll",161651104,161651104,58558988,7
"25F43CD13DE64D03CDEF88ADB140CB156415C68F","TheDivision\Binaries\Win64\resources.pak",7704556,7704556,7582221,7
"25F43CD13DE64D03CDEF88ADB140CB156415C68F","TheDivision\Binaries\Win64\chrome_100_percent.pak",628996,628996,598662,7
"25F43CD13DE64D03CDEF88ADB140CB156415C68F","TheDivision\Binaries\Win64\chrome_200_percent.pak",941195,941195,897103,7
"25F43CD13DE64D03CDEF88ADB140CB156415C68F","TheDivision\Binaries\Win64\icudtl.dat",10215904,10215904,3925597,7
"25F43CD13DE64D03CDEF88ADB140CB156415C68F","TheDivision\Binaries\Win64\snapshot_blob.bin",49262,49262,48652,7
"25F43CD13DE64D03CDEF88ADB140CB156415C68F","TheDivision\Binaries\Win64\v8_context_snapshot.bin",164303,164303,160748,7
"25F43CD13DE64D03CDEF88ADB140CB156415C68F","TheDivision\Binaries\Win64\devtools_resources.pak",6306942,6306942,1143035,7
"25F43CD13DE64D03CDEF88ADB140CB156415C68F","TheDivision\Binaries\Win64\upc_r2_loader64.dll",151736,151736,71329,7
"25F43CD13DE64D03CDEF88ADB140CB156415C68F","TheDivision\Binaries\Win64\libSDOC.qti.dll",187384,187384,74218,7
"25F43CD13DE64D03CDEF88ADB140CB156415C68F","TheDivision\Binaries\Win64\turbojpeg.dll",740856,740856,202938,7
"25F43CD13DE64D03CDEF88ADB140CB156415C68F","TheDivision\Content\Splash\Splash.bmp",518538,518538,259844,7
"25F43CD13DE64D03CDEF88ADB140CB156415C68F","TheDivision\Content\Paks\pakchunk0-WindowsNoEditor.pak",1350550982,1350550982,1264533195,8
"25F43CD13DE64D03CDEF88ADB140CB156415C68F","TheDivision\Content\Paks\pakchunk0-WindowsNoEditor.sig",82960,82960,82972,8
"25F43CD13DE64D03CDEF88ADB140CB156415C68F","TheDivision\Content\Paks\pakchunk10-WindowsNoEditor.pak",4527521624,232554328,85036014,8
"25F43CD13DE64D03CDEF88ADB140CB156415C68F","TheDivision\Content\Paks\pakchunk10-WindowsNoEditor.sig",276868,276868,276886,8
"25F43CD13DE64D03CDEF88ADB140CB156415C68F","TheDivision\Content\Paks\pakchunk14-WindowsNoEditor.pak",981270915,981270915,936765154,8
"25F43CD13DE64D03CDEF88ADB140CB156415C68F","TheDivision\Content\Paks\pakchunk14-WindowsNoEditor.sig",60424,60424,60434,8
"25F43CD13DE64D03CDEF88ADB140CB156415C68F","TheDivision\Content\Paks\pakchunk20-WindowsNoEditor.pak",3219104359,3219104359,3006837452,8
"25F43CD13DE64D03CDEF88ADB140CB156415C68F","TheDivision\Content\Paks\pakchunk20-WindowsNoEditor.sig",197008,197008,197023,8
"25F43CD13DE64D03CDEF88ADB140CB156415C68F","TheDivision\Content\Paks\pakchunk24-WindowsNoEditor.pak",4244933813,4244933813,4033762120,8
"25F43CD13DE64D03CDEF88ADB140CB156415C68F","TheDivision\Content\Paks\pakchunk24-WindowsNoEditor.sig",259620,259620,259635,8
"25F43CD13DE64D03CDEF88ADB140CB156415C68F","TheDivision\Content\Paks\pakchunk5-WindowsNoEditor.pak",24896683,24896683,21087895,8
"25F43CD13DE64D03CDEF88ADB140CB156415C68F","TheDivision\Content\Paks\pakchunk5-WindowsNoEditor.sig",2048,2048,2058,8
"25F43CD13DE64D03CDEF88ADB140CB156415C68F","TheDivision\Content\Paks\pakchunk100-WindowsNoEditor.pak",66445147,66445147,63779758,9
"25F43CD13DE64D03CDEF88ADB140CB156415C68F","TheDivision\Content\Paks\pakchunk100-WindowsNoEditor.sig",4584,4584,4594,9
"25F43CD13DE64D03CDEF88ADB140CB156415C68F","TheDivision\Content\Paks\pakchunk104-WindowsNoEditor.pak",54712197,54712197,52865269,9
"25F43CD13DE64D03CDEF88ADB140CB156415C68F","TheDivision\Content\Paks\pakchunk104-WindowsNoEditor.sig",3868,3868,3878,9
"25F43CD13DE64D03CDEF88ADB140CB156415C68F","TheDivision\Content\Paks\pakchunk108-WindowsNoEditor.pak",169891656,169891656,160594143,9
"25F43CD13DE64D03CDEF88ADB140CB156415C68F","TheDivision\Content\Paks\pakchunk108-WindowsNoEditor.sig",10900,10900,10910,9
"25F43CD13DE64D03CDEF88ADB140CB156415C68F","TheDivision\Content\Paks\pakchunk112-WindowsNoEditor.pak",1002709656,1002709656,934721684,9
"25F43CD13DE64D03CDEF88ADB140CB156415C68F","TheDivision\Content\Paks\pakchunk112-WindowsNoEditor.sig",61732,61732,61742,9
"25F43CD13DE64D03CDEF88ADB140CB156415C68F","TheDivision\Content\Paks\pakchunk116-WindowsNoEditor.pak",56004436,56004436,52971205,9
"25F43CD13DE64D03CDEF88ADB140CB156415C68F","TheDivision\Content\Paks\pakchunk116-WindowsNoEditor.sig",3948,3948,3958,9
"25F43CD13DE64D03CDEF88ADB140CB156415C68F","TheDivision\Content\Paks\pakchunk120-WindowsNoEditor.pak",451277902,451277902,430345234,9
"25F43CD13DE64D03CDEF88ADB140CB156415C68F","TheDivision\Content\Paks\pakchunk120-WindowsNoEditor.sig",28072,28072,27449,9
"25F43CD13DE64D03CDEF88ADB140CB156415C68F","TheDivision\Content\Paks\pakchunk1000-WindowsNoEditor.pak",757809,757809,743871,10
"25F43CD13DE64D03CDEF88ADB140CB156415C68F","TheDivision\Content\Paks\pakchunk1000-WindowsNoEditor.sig",576,576,586,10
"25F43CD13DE64D03CDEF88ADB140CB156415C68F","TheDivision\Content\Paks\pakchunk1004-WindowsNoEditor.pak",560118,560118,555135,10
"25F43CD13DE64D03CDEF88ADB140CB156415C68F","TheDivision\Content\Paks\pakchunk1004-WindowsNoEditor.sig",564,564,574,10
"25F43CD13DE64D03CDEF88ADB140CB156415C68F","TheDivision\Content\Paks\pakchunk1008-WindowsNoEditor.pak",536912,536912,530982,10
"25F43CD13DE64D03CDEF88ADB140CB156415C68F","TheDivision\Content\Paks\pakchunk1008-WindowsNoEditor.sig",564,564,574,10
"25F43CD13DE64D03CDEF88ADB140CB156415C68F","TheDivision\Content\Paks\pakchunk1016-WindowsNoEditor.pak",519347,519347,513735,10
"25F43CD13DE64D03CDEF88ADB140CB156415C68F","TheDivision\Content\Paks\pakchunk1016-WindowsNoEditor.sig",560,560,570,10
"25F43CD13DE64D03CDEF88ADB140CB156415C68F","TheDivision\Content\Paks\pakchunk1020-WindowsNoEditor.pak",597485,597485,591436,10
"25F43CD13DE64D03CDEF88ADB140CB156415C68F","TheDivision\Content\Paks\pakchunk1020-WindowsNoEditor.sig",568,568,578,10
"25F43CD13DE64D03CDEF88ADB140CB156415C68F","TheDivision\Content\Paks\pakchunk1032-WindowsNoEditor.pak",848727,848727,840783,10
"25F43CD13DE64D03CDEF88ADB140CB156415C68F","TheDivision\Content\Paks\pakchunk1032-WindowsNoEditor.sig",580,580,590,10
"25F43CD13DE64D03CDEF88ADB140CB156415C68F","TheDivision\Content\Paks\pakchunk1036-WindowsNoEditor.pak",403253,403253,398103,10
"25F43CD13DE64D03CDEF88ADB140CB156415C68F","TheDivision\Content\Paks\pakchunk1036-WindowsNoEditor.sig",556,556,566,10
"25F43CD13DE64D03CDEF88ADB140CB156415C68F","TheDivision\Content\Paks\pakchunk1040-WindowsNoEditor.pak",690216,690216,680876,10
"25F43CD13DE64D03CDEF88ADB140CB156415C68F","TheDivision\Content\Paks\pakchunk1040-WindowsNoEditor.sig",572,572,582,10
"25F43CD13DE64D03CDEF88ADB140CB156415C68F","TheDivision\Content\Paks\pakchunk1044-WindowsNoEditor.pak",653748,653748,648213,10
"25F43CD13DE64D03CDEF88ADB140CB156415C68F","TheDivision\Content\Paks\pakchunk1044-WindowsNoEditor.sig",568,568,578,10
"25F43CD13DE64D03CDEF88ADB140CB156415C68F","TheDivision\Content\Paks\pakchunk1048-WindowsNoEditor.pak",678392,678392,672396,10
"25F43CD13DE64D03CDEF88ADB140CB156415C68F","TheDivision\Content\Paks\pakchunk1048-WindowsNoEditor.sig",572,572,582,10
"25F43CD13DE64D03CDEF88ADB140CB156415C68F","TheDivision\Content\Paks\pakchunk1052-WindowsNoEditor.pak",721610,721610,718505,10
"25F43CD13DE64D03CDEF88ADB140CB156415C68F","TheDivision\Content\Paks\pakchunk1052-WindowsNoEditor.sig",576,576,586,10
"25F43CD13DE64D03CDEF88ADB140CB156415C68F","TheDivision\Content\Paks\pakchunk1060-WindowsNoEditor.pak",705893,705893,697913,10
"25F43CD13DE64D03CDEF88ADB140CB156415C68F","TheDivision\Content\Paks\pakchunk1060-WindowsNoEditor.sig",572,572,582,10
"25F43CD13DE64D03CDEF88ADB140CB156415C68F","TheDivision\Content\Paks\pakchunk1064-WindowsNoEditor.pak",603763,603763,597086,10
"25F43CD13DE64D03CDEF88ADB140CB156415C68F","TheDivision\Content\Paks\pakchunk1064-WindowsNoEditor.sig",568,568,578,10
"25F43CD13DE64D03CDEF88ADB140CB156415C68F","TheDivision\Content\Paks\pakchunk1072-WindowsNoEditor.pak",632288,632288,626448,10
"25F43CD13DE64D03CDEF88ADB140CB156415C68F","TheDivision\Content\Paks\pakchunk1072-WindowsNoEditor.sig",568,568,578,10
"25F43CD13DE64D03CDEF88ADB140CB156415C68F","TheDivision\Content\Paks\pakchunk1076-WindowsNoEditor.pak",506330,506330,501509,10
"25F43CD13DE64D03CDEF88ADB140CB156415C68F","TheDivision\Content\Paks\pakchunk1076-WindowsNoEditor.sig",560,560,570,10
"25F43CD13DE64D03CDEF88ADB140CB156415C68F","TheDivision\Content\Paks\pakchunk1084-WindowsNoEditor.pak",799368,799368,792859,10
"25F43CD13DE64D03CDEF88ADB140CB156415C68F","TheDivision\Content\Paks\pakchunk1084-WindowsNoEditor.sig",580,580,590,10
"25F43CD13DE64D03CDEF88ADB140CB156415C68F","TheDivision\Content\Paks\pakchunk1088-WindowsNoEditor.pak",491656,491656,486959,10
"25F43CD13DE64D03CDEF88ADB140CB156415C68F","TheDivision\Content\Paks\pakchunk1088-WindowsNoEditor.sig",560,560,570,10
"25F43CD13DE64D03CDEF88ADB140CB156415C68F","TheDivision\Content\Paks\pakchunk1092-WindowsNoEditor.pak",547282,547282,543919,10
"25F43CD13DE64D03CDEF88ADB140CB156415C68F","TheDivision\Content\Paks\pakchunk1092-WindowsNoEditor.sig",564,564,574,10
"25F43CD13DE64D03CDEF88ADB140CB156415C68F","TheDivision\Content\Paks\pakchunk1096-WindowsNoEditor.pak",654349,654349,642002,10
"25F43CD13DE64D03CDEF88ADB140CB156415C68F","TheDivision\Content\Paks\pakchunk1096-WindowsNoEditor.sig",568,568,578,10
"25F43CD13DE64D03CDEF88ADB140CB156415C68F","TheDivision\Content\Paks\pakchunk1100-WindowsNoEditor.pak",833960,833960,825482,10
"25F43CD13DE64D03CDEF88ADB140CB156415C68F","TheDivision\Content\Paks\pakchunk1100-WindowsNoEditor.sig",580,580,590,10
"25F43CD13DE64D03CDEF88ADB140CB156415C68F","TheDivision\Content\Paks\pakchunk1104-WindowsNoEditor.pak",573667,573667,567974,10
"25F43CD13DE64D03CDEF88ADB140CB156415C68F","TheDivision\Content\Paks\pakchunk1104-WindowsNoEditor.sig",564,564,574,10
"25F43CD13DE64D03CDEF88ADB140CB156415C68F","TheDivision\Content\Paks\pakchunk1108-WindowsNoEditor.pak",590419,590419,584465,10
"25F43CD13DE64D03CDEF88ADB140CB156415C68F","TheDivision\Content\Paks\pakchunk1108-WindowsNoEditor.sig",568,568,578,10
"25F43CD13DE64D03CDEF88ADB140CB156415C68F","TheDivision\Content\Paks\pakchunk1116-WindowsNoEditor.pak",674109,674109,663106,10
"25F43CD13DE64D03CDEF88ADB140CB156415C68F","TheDivision\Content\Paks\pakchunk1116-WindowsNoEditor.sig",572,572,582,10
"25F43CD13DE64D03CDEF88ADB140CB156415C68F","TheDivision\Content\Paks\pakchunk1120-WindowsNoEditor.pak",1460319,1460319,1440365,10
"25F43CD13DE64D03CDEF88ADB140CB156415C68F","TheDivision\Content\Paks\pakchunk1120-WindowsNoEditor.sig",620,620,630,10
"25F43CD13DE64D03CDEF88ADB140CB156415C68F","TheDivision\Content\Paks\pakchunk1124-WindowsNoEditor.pak",875360,875360,867022,10
"25F43CD13DE64D03CDEF88ADB140CB156415C68F","TheDivision\Content\Paks\pakchunk1124-WindowsNoEditor.sig",584,584,594,10
"25F43CD13DE64D03CDEF88ADB140CB156415C68F","TheDivision\Content\Paks\pakchunk1140-WindowsNoEditor.pak",2223200,2223200,2184548,10
"25F43CD13DE64D03CDEF88ADB140CB156415C68F","TheDivision\Content\Paks\pakchunk1140-WindowsNoEditor.sig",664,664,674,10
"25F43CD13DE64D03CDEF88ADB140CB156415C68F","TheDivision\Content\Paks\pakchunk1148-WindowsNoEditor.pak",1496580,1496580,1485538,10
"25F43CD13DE64D03CDEF88ADB140CB156415C68F","TheDivision\Content\Paks\pakchunk1148-WindowsNoEditor.sig",620,620,630,10
"25F43CD13DE64D03CDEF88ADB140CB156415C68F","TheDivision\Content\Paks\pakchunk1156-WindowsNoEditor.pak",1592006,1592006,1574715,10
"25F43CD13DE64D03CDEF88ADB140CB156415C68F","TheDivision\Content\Paks\pakchunk1156-WindowsNoEditor.sig",628,628,638,10
"25F43CD13DE64D03CDEF88ADB140CB156415C68F","TheDivision\Content\Paks\pakchunk1164-WindowsNoEditor.pak",957497,957497,945785,10
"25F43CD13DE64D03CDEF88ADB140CB156415C68F","TheDivision\Content\Paks\pakchunk1164-WindowsNoEditor.sig",588,588,598,10
"25F43CD13DE64D03CDEF88ADB140CB156415C68F","TheDivision\Content\Paks\pakchunk1180-WindowsNoEditor.pak",882474,882474,876092,10
"25F43CD13DE64D03CDEF88ADB140CB156415C68F","TheDivision\Content\Paks\pakchunk1180-WindowsNoEditor.sig",584,584,594,10
"25F43CD13DE64D03CDEF88ADB140CB156415C68F","TheDivision\Content\Paks\pakchunk1184-WindowsNoEditor.pak",667379,667379,659252,10
"25F43CD13DE64D03CDEF88ADB140CB156415C68F","TheDivision\Content\Paks\pakchunk1184-WindowsNoEditor.sig",572,572,582,10
"25F43CD13DE64D03CDEF88ADB140CB156415C68F","TheDivision\Content\Paks\pakchunk1188-WindowsNoEditor.pak",499835,499835,490626,10
"25F43CD13DE64D03CDEF88ADB140CB156415C68F","TheDivision\Content\Paks\pakchunk1188-WindowsNoEditor.sig",560,560,570,10
"25F43CD13DE64D03CDEF88ADB140CB156415C68F","TheDivision\Content\Paks\pakchunk1192-WindowsNoEditor.pak",714491,714491,707963,10
"25F43CD13DE64D03CDEF88ADB140CB156415C68F","TheDivision\Content\Paks\pakchunk1192-WindowsNoEditor.sig",572,572,582,10
"25F43CD13DE64D03CDEF88ADB140CB156415C68F","TheDivision\Content\Paks\pakchunk1220-WindowsNoEditor.pak",1357979,1357979,1346246,10
"25F43CD13DE64D03CDEF88ADB140CB156415C68F","TheDivision\Content\Paks\pakchunk1220-WindowsNoEditor.sig",612,612,622,10
"25F43CD13DE64D03CDEF88ADB140CB156415C68F","TheDivision\Content\Paks\pakchunk1224-WindowsNoEditor.pak",1080044,1080044,1070972,10
"25F43CD13DE64D03CDEF88ADB140CB156415C68F","TheDivision\Content\Paks\pakchunk1224-WindowsNoEditor.sig",596,596,606,10
"25F43CD13DE64D03CDEF88ADB140CB156415C68F","TheDivision\Content\Paks\pakchunk1236-WindowsNoEditor.pak",949126,949126,941617,10
"25F43CD13DE64D03CDEF88ADB140CB156415C68F","TheDivision\Content\Paks\pakchunk1236-WindowsNoEditor.sig",588,588,598,10
"25F43CD13DE64D03CDEF88ADB140CB156415C68F","TheDivision\Content\Paks\pakchunk1244-WindowsNoEditor.pak",519985,519985,514911,10
"25F43CD13DE64D03CDEF88ADB140CB156415C68F","TheDivision\Content\Paks\pakchunk1244-WindowsNoEditor.sig",560,560,570,10
"25F43CD13DE64D03CDEF88ADB140CB156415C68F","TheDivision\Content\Paks\pakchunk1252-WindowsNoEditor.pak",807914,807914,804751,10
"25F43CD13DE64D03CDEF88ADB140CB156415C68F","TheDivision\Content\Paks\pakchunk1252-WindowsNoEditor.sig",580,580,590,10
"25F43CD13DE64D03CDEF88ADB140CB156415C68F","TheDivision\Content\Paks\pakchunk1260-WindowsNoEditor.pak",672985,672985,667507,10
"25F43CD13DE64D03CDEF88ADB140CB156415C68F","TheDivision\Content\Paks\pakchunk1260-WindowsNoEditor.sig",572,572,582,10
"25F43CD13DE64D03CDEF88ADB140CB156415C68F","TheDivision\Content\Paks\pakchunk1264-WindowsNoEditor.pak",651214,651214,645559,10
"25F43CD13DE64D03CDEF88ADB140CB156415C68F","TheDivision\Content\Paks\pakchunk1264-WindowsNoEditor.sig",568,568,578,10
"25F43CD13DE64D03CDEF88ADB140CB156415C68F","TheDivision\Content\Paks\pakchunk1280-WindowsNoEditor.pak",1069337,1069337,1058574,10
"25F43CD13DE64D03CDEF88ADB140CB156415C68F","TheDivision\Content\Paks\pakchunk1280-WindowsNoEditor.sig",596,596,606,10
"25F43CD13DE64D03CDEF88ADB140CB156415C68F","TheDivision\Content\Paks\pakchunk1288-WindowsNoEditor.pak",499991,499991,495579,10
"25F43CD13DE64D03CDEF88ADB140CB156415C68F","TheDivision\Content\Paks\pakchunk1288-WindowsNoEditor.sig",560,560,570,10
"25F43CD13DE64D03CDEF88ADB140CB156415C68F","TheDivision\Content\Paks\pakchunk1292-WindowsNoEditor.pak",639067,639067,631570,10
"25F43CD13DE64D03CDEF88ADB140CB156415C68F","TheDivision\Content\Paks\pakchunk1292-WindowsNoEditor.sig",568,568,578,10
"25F43CD13DE64D03CDEF88ADB140CB156415C68F","TheDivision\Content\Paks\pakchunk1296-WindowsNoEditor.pak",642972,642972,635040,10
"25F43CD13DE64D03CDEF88ADB140CB156415C68F","TheDivision\Content\Paks\pakchunk1296-WindowsNoEditor.sig",568,568,578,10
"25F43CD13DE64D03CDEF88ADB140CB156415C68F","TheDivision\Content\Paks\pakchunk1312-WindowsNoEditor.pak",657303,657303,649797,10
"25F43CD13DE64D03CDEF88ADB140CB156415C68F","TheDivision\Content\Paks\pakchunk1312-WindowsNoEditor.sig",572,572,582,10
"25F43CD13DE64D03CDEF88ADB140CB156415C68F","TheDivision\Content\Paks\pakchunk1324-WindowsNoEditor.pak",832826,832826,823940,10
"25F43CD13DE64D03CDEF88ADB140CB156415C68F","TheDivision\Content\Paks\pakchunk1324-WindowsNoEditor.sig",580,580,590,10
"25F43CD13DE64D03CDEF88ADB140CB156415C68F","TheDivision\Content\Paks\pakchunk1328-WindowsNoEditor.pak",1032927,1032927,1022200,10
"25F43CD13DE64D03CDEF88ADB140CB156415C68F","TheDivision\Content\Paks\pakchunk1328-WindowsNoEditor.sig",592,592,602,10
"25F43CD13DE64D03CDEF88ADB140CB156415C68F","TheDivision\Content\Paks\pakchunk1340-WindowsNoEditor.pak",890190,890190,885062,10
"25F43CD13DE64D03CDEF88ADB140CB156415C68F","TheDivision\Content\Paks\pakchunk1340-WindowsNoEditor.sig",584,584,594,10
"25F43CD13DE64D03CDEF88ADB140CB156415C68F","TheDivision\Content\Paks\pakchunk1344-WindowsNoEditor.pak",563252,563252,558145,10
"25F43CD13DE64D03CDEF88ADB140CB156415C68F","TheDivision\Content\Paks\pakchunk1344-WindowsNoEditor.sig",564,564,574,10
"25F43CD13DE64D03CDEF88ADB140CB156415C68F","TheDivision\Content\Paks\pakchunk1348-WindowsNoEditor.pak",575610,575610,569840,10
"25F43CD13DE64D03CDEF88ADB140CB156415C68F","TheDivision\Content\Paks\pakchunk1348-WindowsNoEditor.sig",564,564,574,10
"25F43CD13DE64D03CDEF88ADB140CB156415C68F","TheDivision\Content\Paks\pakchunk1352-WindowsNoEditor.pak",896969,896969,882369,10
"25F43CD13DE64D03CDEF88ADB140CB156415C68F","TheDivision\Content\Paks\pakchunk1352-WindowsNoEditor.sig",584,584,594,10
"25F43CD13DE64D03CDEF88ADB140CB156415C68F","TheDivision\Content\Paks\pakchunk1360-WindowsNoEditor.pak",736748,736748,726304,10
"25F43CD13DE64D03CDEF88ADB140CB156415C68F","TheDivision\Content\Paks\pakchunk1360-WindowsNoEditor.sig",576,576,586,10
"25F43CD13DE64D03CDEF88ADB140CB156415C68F","TheDivision\Content\Paks\pakchunk1368-WindowsNoEditor.pak",811666,811666,804512,10
"25F43CD13DE64D03CDEF88ADB140CB156415C68F","TheDivision\Content\Paks\pakchunk1368-WindowsNoEditor.sig",580,580,590,10
"25F43CD13DE64D03CDEF88ADB140CB156415C68F","TheDivision\Content\Paks\pakchunk1372-WindowsNoEditor.pak",2864017,2864017,2853678,10
"25F43CD13DE64D03CDEF88ADB140CB156415C68F","TheDivision\Content\Paks\pakchunk1372-WindowsNoEditor.sig",704,704,714,10
"25F43CD13DE64D03CDEF88ADB140CB156415C68F","TheDivision\Content\Paks\pakchunk1376-WindowsNoEditor.pak",1112856,1112856,1105343,10
"25F43CD13DE64D03CDEF88ADB140CB156415C68F","TheDivision\Content\Paks\pakchunk1376-WindowsNoEditor.sig",596,596,606,10
"25F43CD13DE64D03CDEF88ADB140CB156415C68F","TheDivision\Content\Paks\pakchunk1408-WindowsNoEditor.pak",954557,954557,944123,10
"25F43CD13DE64D03CDEF88ADB140CB156415C68F","TheDivision\Content\Paks\pakchunk1408-WindowsNoEditor.sig",588,588,598,10
"25F43CD13DE64D03CDEF88ADB140CB156415C68F","TheDivision\Content\Paks\pakchunk1412-WindowsNoEditor.pak",619204,619204,614139,10
"25F43CD13DE64D03CDEF88ADB140CB156415C68F","TheDivision\Content\Paks\pakchunk1412-WindowsNoEditor.sig",568,568,578,10
"25F43CD13DE64D03CDEF88ADB140CB156415C68F","TheDivision\Content\Paks\pakchunk1416-WindowsNoEditor.pak",551777,551777,546661,10
"25F43CD13DE64D03CDEF88ADB140CB156415C68F","TheDivision\Content\Paks\pakchunk1416-WindowsNoEditor.sig",564,564,574,10
"25F43CD13DE64D03CDEF88ADB140CB156415C68F","TheDivision\Content\Paks\pakchunk1420-WindowsNoEditor.pak",1027198,1027198,1020904,10
"25F43CD13DE64D03CDEF88ADB140CB156415C68F","TheDivision\Content\Paks\pakchunk1420-WindowsNoEditor.sig",592,592,602,10
"25F43CD13DE64D03CDEF88ADB140CB156415C68F","TheDivision\Content\Paks\pakchunk1424-WindowsNoEditor.pak",441784,441784,437040,10
"25F43CD13DE64D03CDEF88ADB140CB156415C68F","TheDivision\Content\Paks\pakchunk1424-WindowsNoEditor.sig",556,556,566,10
"25F43CD13DE64D03CDEF88ADB140CB156415C68F","TheDivision\Content\Paks\pakchunk1428-WindowsNoEditor.pak",581347,581347,574572,10
"25F43CD13DE64D03CDEF88ADB140CB156415C68F","TheDivision\Content\Paks\pakchunk1428-WindowsNoEditor.sig",564,564,574,10
"25F43CD13DE64D03CDEF88ADB140CB156415C68F","TheDivision\Content\Paks\pakchunk1432-WindowsNoEditor.pak",438181,438181,433476,10
"25F43CD13DE64D03CDEF88ADB140CB156415C68F","TheDivision\Content\Paks\pakchunk1432-WindowsNoEditor.sig",556,556,566,10
"25F43CD13DE64D03CDEF88ADB140CB156415C68F","TheDivision\Content\Paks\pakchunk1444-WindowsNoEditor.pak",384671,384671,381426,10
"25F43CD13DE64D03CDEF88ADB140CB156415C68F","TheDivision\Content\Paks\pakchunk1444-WindowsNoEditor.sig",552,552,562,10
"25F43CD13DE64D03CDEF88ADB140CB156415C68F","TheDivision\Content\Paks\pakchunk1448-WindowsNoEditor.pak",705001,705001,690132,10
"25F43CD13DE64D03CDEF88ADB140CB156415C68F","TheDivision\Content\Paks\pakchunk1448-WindowsNoEditor.sig",572,572,582,10
"25F43CD13DE64D03CDEF88ADB140CB156415C68F","TheDivision\Content\Paks\pakchunk1460-WindowsNoEditor.pak",384262,384262,380501,10
"25F43CD13DE64D03CDEF88ADB140CB156415C68F","TheDivision\Content\Paks\pakchunk1460-WindowsNoEditor.sig",552,552,562,10
"25F43CD13DE64D03CDEF88ADB140CB156415C68F","TheDivision\Content\Paks\pakchunk1468-WindowsNoEditor.pak",719264,719264,714755,10
"25F43CD13DE64D03CDEF88ADB140CB156415C68F","TheDivision\Content\Paks\pakchunk1468-WindowsNoEditor.sig",572,572,582,10
"25F43CD13DE64D03CDEF88ADB140CB156415C68F","TheDivision\Content\Paks\pakchunk1476-WindowsNoEditor.pak",443495,443495,439641,10
"25F43CD13DE64D03CDEF88ADB140CB156415C68F","TheDivision\Content\Paks\pakchunk1476-WindowsNoEditor.sig",556,556,566,10
"25F43CD13DE64D03CDEF88ADB140CB156415C68F","TheDivision\Content\Paks\pakchunk1480-WindowsNoEditor.pak",418257,418257,415364,10
"25F43CD13DE64D03CDEF88ADB140CB156415C68F","TheDivision\Content\Paks\pakchunk1480-WindowsNoEditor.sig",556,556,566,10
"25F43CD13DE64D03CDEF88ADB140CB156415C68F","TheDivision\Content\Paks\pakchunk1484-WindowsNoEditor.pak",575704,575704,570456,10
"25F43CD13DE64D03CDEF88ADB140CB156415C68F","TheDivision\Content\Paks\pakchunk1484-WindowsNoEditor.sig",564,564,574,10
"25F43CD13DE64D03CDEF88ADB140CB156415C68F","TheDivision\Content\Paks\pakchunk1496-WindowsNoEditor.pak",292745,292745,287201,10
"25F43CD13DE64D03CDEF88ADB140CB156415C68F","TheDivision\Content\Paks\pakchunk1496-WindowsNoEditor.sig",548,548,558,10
"25F43CD13DE64D03CDEF88ADB140CB156415C68F","TheDivision\Content\Paks\pakchunk1500-WindowsNoEditor.pak",990801,990801,982289,10
"25F43CD13DE64D03CDEF88ADB140CB156415C68F","TheDivision\Content\Paks\pakchunk1500-WindowsNoEditor.sig",592,592,602,10
"25F43CD13DE64D03CDEF88ADB140CB156415C68F","TheDivision\Content\Paks\pakchunk1508-WindowsNoEditor.pak",287481,287481,282944,10
"25F43CD13DE64D03CDEF88ADB140CB156415C68F","TheDivision\Content\Paks\pakchunk1508-WindowsNoEditor.sig",548,548,558,10
"25F43CD13DE64D03CDEF88ADB140CB156415C68F","TheDivision\Content\Paks\pakchunk1512-WindowsNoEditor.pak",297877,297877,292118,10
"25F43CD13DE64D03CDEF88ADB140CB156415C68F","TheDivision\Content\Paks\pakchunk1512-WindowsNoEditor.sig",548,548,558,10
"25F43CD13DE64D03CDEF88ADB140CB156415C68F","TheDivision\Content\Paks\pakchunk1536-WindowsNoEditor.pak",292444,292444,288590,10
"25F43CD13DE64D03CDEF88ADB140CB156415C68F","TheDivision\Content\Paks\pakchunk1536-WindowsNoEditor.sig",548,548,558,10
"25F43CD13DE64D03CDEF88ADB140CB156415C68F","TheDivision\Content\Paks\pakchunk1540-WindowsNoEditor.pak",679597,679597,670917,10
"25F43CD13DE64D03CDEF88ADB140CB156415C68F","TheDivision\Content\Paks\pakchunk1540-WindowsNoEditor.sig",572,572,582,10
"25F43CD13DE64D03CDEF88ADB140CB156415C68F","TheDivision\Content\Paks\pakchunk2000-WindowsNoEditor.pak",1229995,1229995,1222679,11
"25F43CD13DE64D03CDEF88ADB140CB156415C68F","TheDivision\Content\Paks\pakchunk2000-WindowsNoEditor.sig",604,604,614,11
"25F43CD13DE64D03CDEF88ADB140CB156415C68F","TheDivision\Content\Paks\pakchunk2004-WindowsNoEditor.pak",1229603,1229603,1220783,11
"25F43CD13DE64D03CDEF88ADB140CB156415C68F","TheDivision\Content\Paks\pakchunk2004-WindowsNoEditor.sig",604,604,614,11
"25F43CD13DE64D03CDEF88ADB140CB156415C68F","TheDivision\Content\Paks\pakchunk2008-WindowsNoEditor.pak",1744355,1744355,1733429,11
"25F43CD13DE64D03CDEF88ADB140CB156415C68F","TheDivision\Content\Paks\pakchunk2008-WindowsNoEditor.sig",636,636,646,11
"25F43CD13DE64D03CDEF88ADB140CB156415C68F","TheDivision\Content\Paks\pakchunk2012-WindowsNoEditor.pak",1753258,1753258,1742969,11
"25F43CD13DE64D03CDEF88ADB140CB156415C68F","TheDivision\Content\Paks\pakchunk2012-WindowsNoEditor.sig",636,636,646,11
"25F43CD13DE64D03CDEF88ADB140CB156415C68F","TheDivision\Content\Paks\pakchunk2016-WindowsNoEditor.pak",2416483,2416483,2402372,11
"25F43CD13DE64D03CDEF88ADB140CB156415C68F","TheDivision\Content\Paks\pakchunk2016-WindowsNoEditor.sig",676,676,686,11
"25F43CD13DE64D03CDEF88ADB140CB156415C68F","TheDivision\Content\Paks\pakchunk2020-WindowsNoEditor.pak",1216406,1216406,1208360,11
"25F43CD13DE64D03CDEF88ADB140CB156415C68F","TheDivision\Content\Paks\pakchunk2020-WindowsNoEditor.sig",604,604,614,11
"25F43CD13DE64D03CDEF88ADB140CB156415C68F","TheDivision\Content\Paks\pakchunk2024-WindowsNoEditor.pak",1346144,1346144,1334368,11
"25F43CD13DE64D03CDEF88ADB140CB156415C68F","TheDivision\Content\Paks\pakchunk2024-WindowsNoEditor.sig",612,612,622,11
"25F43CD13DE64D03CDEF88ADB140CB156415C68F","TheDivision\Content\Paks\pakchunk2028-WindowsNoEditor.pak",1544705,1544705,1534160,11
"25F43CD13DE64D03CDEF88ADB140CB156415C68F","TheDivision\Content\Paks\pakchunk2028-WindowsNoEditor.sig",624,624,634,11
"25F43CD13DE64D03CDEF88ADB140CB156415C68F","TheDivision\Content\Paks\pakchunk2032-WindowsNoEditor.pak",256083,256083,251653,11
"25F43CD13DE64D03CDEF88ADB140CB156415C68F","TheDivision\Content\Paks\pakchunk2032-WindowsNoEditor.sig",544,544,554,11
"25F43CD13DE64D03CDEF88ADB140CB156415C68F","TheDivision\Content\Paks\pakchunk2036-WindowsNoEditor.pak",429794,429794,417807,11
"25F43CD13DE64D03CDEF88ADB140CB156415C68F","TheDivision\Content\Paks\pakchunk2036-WindowsNoEditor.sig",556,556,566,11
"25F43CD13DE64D03CDEF88ADB140CB156415C68F","TheDivision\Content\Paks\pakchunk2040-WindowsNoEditor.pak",616734,616734,609842,11
"25F43CD13DE64D03CDEF88ADB140CB156415C68F","TheDivision\Content\Paks\pakchunk2040-WindowsNoEditor.sig",568,568,578,11
"25F43CD13DE64D03CDEF88ADB140CB156415C68F","TheDivision\Content\Paks\pakchunk2044-WindowsNoEditor.pak",184581,184581,176389,11
"25F43CD13DE64D03CDEF88ADB140CB156415C68F","TheDivision\Content\Paks\pakchunk2044-WindowsNoEditor.sig",540,540,550,11
"25F43CD13DE64D03CDEF88ADB140CB156415C68F","TheDivision\Content\Paks\pakchunk2048-WindowsNoEditor.pak",480658,480658,471963,11
"25F43CD13DE64D03CDEF88ADB140CB156415C68F","TheDivision\Content\Paks\pakchunk2048-WindowsNoEditor.sig",560,560,570,11
"25F43CD13DE64D03CDEF88ADB140CB156415C68F","TheDivision\Content\Paks\pakchunk2052-WindowsNoEditor.pak",271129,271129,263627,11
"25F43CD13DE64D03CDEF88ADB140CB156415C68F","TheDivision\Content\Paks\pakchunk2052-WindowsNoEditor.sig",548,548,558,11
"25F43CD13DE64D03CDEF88ADB140CB156415C68F","TheDivision\Content\Paks\pakchunk2056-WindowsNoEditor.pak",470482,470482,463447,11
"25F43CD13DE64D03CDEF88ADB140CB156415C68F","TheDivision\Content\Paks\pakchunk2056-WindowsNoEditor.sig",560,560,570,11
"25F43CD13DE64D03CDEF88ADB140CB156415C68F","TheDivision\Content\Paks\pakchunk2060-WindowsNoEditor.pak",755641,755641,747320,11
"25F43CD13DE64D03CDEF88ADB140CB156415C68F","TheDivision\Content\Paks\pakchunk2060-WindowsNoEditor.sig",576,576,586,11
"25F43CD13DE64D03CDEF88ADB140CB156415C68F","TheDivision\Content\Paks\pakchunk2064-WindowsNoEditor.pak",637819,637819,630322,11
"25F43CD13DE64D03CDEF88ADB140CB156415C68F","TheDivision\Content\Paks\pakchunk2064-WindowsNoEditor.sig",568,568,578,11
"25F43CD13DE64D03CDEF88ADB140CB156415C68F","TheDivision\Content\Paks\pakchunk2068-WindowsNoEditor.pak",665115,665115,658367,11
"25F43CD13DE64D03CDEF88ADB140CB156415C68F","TheDivision\Content\Paks\pakchunk2068-WindowsNoEditor.sig",572,572,582,11
"25F43CD13DE64D03CDEF88ADB140CB156415C68F","TheDivision\Content\Paks\pakchunk2072-WindowsNoEditor.pak",495298,495298,490080,11
"25F43CD13DE64D03CDEF88ADB140CB156415C68F","TheDivision\Content\Paks\pakchunk2072-WindowsNoEditor.sig",560,560,570,11
"25F43CD13DE64D03CDEF88ADB140CB156415C68F","TheDivision\Content\Paks\pakchunk2076-WindowsNoEditor.pak",597653,597653,591230,11
"25F43CD13DE64D03CDEF88ADB140CB156415C68F","TheDivision\Content\Paks\pakchunk2076-WindowsNoEditor.sig",568,568,578,11
"25F43CD13DE64D03CDEF88ADB140CB156415C68F","TheDivision\Content\Paks\pakchunk2080-WindowsNoEditor.pak",1102937,1102937,1095986,11
"25F43CD13DE64D03CDEF88ADB140CB156415C68F","TheDivision\Content\Paks\pakchunk2080-WindowsNoEditor.sig",596,596,606,11
"25F43CD13DE64D03CDEF88ADB140CB156415C68F","TheDivision\Content\Paks\pakchunk2084-WindowsNoEditor.pak",708942,708942,703260,11
"25F43CD13DE64D03CDEF88ADB140CB156415C68F","TheDivision\Content\Paks\pakchunk2084-WindowsNoEditor.sig",572,572,582,11
"25F43CD13DE64D03CDEF88ADB140CB156415C68F","TheDivision\Content\Paks\pakchunk2088-WindowsNoEditor.pak",638014,638014,630630,11
"25F43CD13DE64D03CDEF88ADB140CB156415C68F","TheDivision\Content\Paks\pakchunk2088-WindowsNoEditor.sig",568,568,578,11
"25F43CD13DE64D03CDEF88ADB140CB156415C68F","TheDivision\Content\Paks\pakchunk2092-WindowsNoEditor.pak",254307,254307,249547,11
"25F43CD13DE64D03CDEF88ADB140CB156415C68F","TheDivision\Content\Paks\pakchunk2092-WindowsNoEditor.sig",544,544,554,11
"25F43CD13DE64D03CDEF88ADB140CB156415C68F","TheDivision\Content\Paks\pakchunk2096-WindowsNoEditor.pak",304843,304843,298159,11
"25F43CD13DE64D03CDEF88ADB140CB156415C68F","TheDivision\Content\Paks\pakchunk2096-WindowsNoEditor.sig",548,548,558,11
"25F43CD13DE64D03CDEF88ADB140CB156415C68F","TheDivision\Content\Paks\pakchunk2100-WindowsNoEditor.pak",618812,618812,610040,11
"25F43CD13DE64D03CDEF88ADB140CB156415C68F","TheDivision\Content\Paks\pakchunk2100-WindowsNoEditor.sig",568,568,578,11
"25F43CD13DE64D03CDEF88ADB140CB156415C68F","TheDivision\Content\Paks\pakchunk2104-WindowsNoEditor.pak",206557,206557,200827,11
"25F43CD13DE64D03CDEF88ADB140CB156415C68F","TheDivision\Content\Paks\pakchunk2104-WindowsNoEditor.sig",544,544,554,11
"25F43CD13DE64D03CDEF88ADB140CB156415C68F","TheDivision\Content\Paks\pakchunk2108-WindowsNoEditor.pak",484740,484740,477930,11
"25F43CD13DE64D03CDEF88ADB140CB156415C68F","TheDivision\Content\Paks\pakchunk2108-WindowsNoEditor.sig",560,560,570,11
"25F43CD13DE64D03CDEF88ADB140CB156415C68F","TheDivision\Content\Paks\pakchunk2112-WindowsNoEditor.pak",373385,373385,362970,11
"25F43CD13DE64D03CDEF88ADB140CB156415C68F","TheDivision\Content\Paks\pakchunk2112-WindowsNoEditor.sig",552,552,562,11
"25F43CD13DE64D03CDEF88ADB140CB156415C68F","TheDivision\Content\Paks\pakchunk2116-WindowsNoEditor.pak",319622,319622,313660,11
"25F43CD13DE64D03CDEF88ADB140CB156415C68F","TheDivision\Content\Paks\pakchunk2116-WindowsNoEditor.sig",548,548,558,11
"25F43CD13DE64D03CDEF88ADB140CB156415C68F","TheDivision\Content\Paks\pakchunk2120-WindowsNoEditor.pak",255350,255350,249086,11
"25F43CD13DE64D03CDEF88ADB140CB156415C68F","TheDivision\Content\Paks\pakchunk2120-WindowsNoEditor.sig",544,544,554,11
"25F43CD13DE64D03CDEF88ADB140CB156415C68F","TheDivision\Content\Paks\pakchunk2124-WindowsNoEditor.pak",1817603,1817603,1803946,11
"25F43CD13DE64D03CDEF88ADB140CB156415C68F","TheDivision\Content\Paks\pakchunk2124-WindowsNoEditor.sig",640,640,650,11
"25F43CD13DE64D03CDEF88ADB140CB156415C68F","TheDivision\Content\Paks\pakchunk2128-WindowsNoEditor.pak",2119896,2119896,2101573,11
"25F43CD13DE64D03CDEF88ADB140CB156415C68F","TheDivision\Content\Paks\pakchunk2128-WindowsNoEditor.sig",660,660,670,11
"25F43CD13DE64D03CDEF88ADB140CB156415C68F","TheDivision\Content\Paks\pakchunk2132-WindowsNoEditor.pak",2230181,2230181,2211745,11
"25F43CD13DE64D03CDEF88ADB140CB156415C68F","TheDivision\Content\Paks\pakchunk2132-WindowsNoEditor.sig",668,668,678,11
"25F43CD13DE64D03CDEF88ADB140CB156415C68F","TheDivision\Content\Paks\pakchunk2136-WindowsNoEditor.pak",2097940,2097940,2082419,11
"25F43CD13DE64D03CDEF88ADB140CB156415C68F","TheDivision\Content\Paks\pakchunk2136-WindowsNoEditor.sig",660,660,670,11
"25F43CD13DE64D03CDEF88ADB140CB156415C68F","TheDivision\Content\Paks\pakchunk2140-WindowsNoEditor.pak",2182588,2182588,2168182,11
"25F43CD13DE64D03CDEF88ADB140CB156415C68F","TheDivision\Content\Paks\pakchunk2140-WindowsNoEditor.sig",664,664,674,11
"25F43CD13DE64D03CDEF88ADB140CB156415C68F","TheDivision\Content\Paks\pakchunk2144-WindowsNoEditor.pak",1577300,1577300,1563322,11
"25F43CD13DE64D03CDEF88ADB140CB156415C68F","TheDivision\Content\Paks\pakchunk2144-WindowsNoEditor.sig",628,628,638,11
"25F43CD13DE64D03CDEF88ADB140CB156415C68F","TheDivision\Content\Paks\pakchunk2148-WindowsNoEditor.pak",1161912,1161912,1146820,11
"25F43CD13DE64D03CDEF88ADB140CB156415C68F","TheDivision\Content\Paks\pakchunk2148-WindowsNoEditor.sig",600,600,610,11
"25F43CD13DE64D03CDEF88ADB140CB156415C68F","TheDivision\Content\Paks\pakchunk2152-WindowsNoEditor.pak",2128278,2128278,2115239,11
"25F43CD13DE64D03CDEF88ADB140CB156415C68F","TheDivision\Content\Paks\pakchunk2152-WindowsNoEditor.sig",660,660,670,11
"25F43CD13DE64D03CDEF88ADB140CB156415C68F","TheDivision\Content\Paks\pakchunk2156-WindowsNoEditor.pak",452111,452111,445355,11
"25F43CD13DE64D03CDEF88ADB140CB156415C68F","TheDivision\Content\Paks\pakchunk2156-WindowsNoEditor.sig",556,556,566,11
"25F43CD13DE64D03CDEF88ADB140CB156415C68F","TheDivision\Content\Paks\pakchunk2160-WindowsNoEditor.pak",359588,359588,350853,11
"25F43CD13DE64D03CDEF88ADB140CB156415C68F","TheDivision\Content\Paks\pakchunk2160-WindowsNoEditor.sig",552,552,562,11
"25F43CD13DE64D03CDEF88ADB140CB156415C68F","TheDivision\Content\Paks\pakchunk2164-WindowsNoEditor.pak",431136,431136,424579,11
"25F43CD13DE64D03CDEF88ADB140CB156415C68F","TheDivision\Content\Paks\pakchunk2164-WindowsNoEditor.sig",556,556,566,11
"25F43CD13DE64D03CDEF88ADB140CB156415C68F","TheDivision\Content\Paks\pakchunk2168-WindowsNoEditor.pak",406974,406974,400959,11
"25F43CD13DE64D03CDEF88ADB140CB156415C68F","TheDivision\Content\Paks\pakchunk2168-WindowsNoEditor.sig",556,556,566,11
"25F43CD13DE64D03CDEF88ADB140CB156415C68F","TheDivision\Content\Paks\pakchunk2172-WindowsNoEditor.pak",377700,377700,370523,11
"25F43CD13DE64D03CDEF88ADB140CB156415C68F","TheDivision\Content\Paks\pakchunk2172-WindowsNoEditor.sig",552,552,562,11
"25F43CD13DE64D03CDEF88ADB140CB156415C68F","TheDivision\Content\Paks\pakchunk2176-WindowsNoEditor.pak",303552,303552,298924,11
"25F43CD13DE64D03CDEF88ADB140CB156415C68F","TheDivision\Content\Paks\pakchunk2176-WindowsNoEditor.sig",548,548,558,11
"25F43CD13DE64D03CDEF88ADB140CB156415C68F","TheDivision\Content\Paks\pakchunk2180-WindowsNoEditor.pak",595001,595001,587542,11
"25F43CD13DE64D03CDEF88ADB140CB156415C68F","TheDivision\Content\Paks\pakchunk2180-WindowsNoEditor.sig",568,568,578,11
"25F43CD13DE64D03CDEF88ADB140CB156415C68F","TheDivision\Content\Paks\pakchunk2184-WindowsNoEditor.pak",499888,499888,492651,11
"25F43CD13DE64D03CDEF88ADB140CB156415C68F","TheDivision\Content\Paks\pakchunk2184-WindowsNoEditor.sig",560,560,570,11
"25F43CD13DE64D03CDEF88ADB140CB156415C68F","TheDivision\Content\Paks\pakchunk2188-WindowsNoEditor.pak",285005,285005,277876,11
"25F43CD13DE64D03CDEF88ADB140CB156415C68F","TheDivision\Content\Paks\pakchunk2188-WindowsNoEditor.sig",548,548,558,11
"25F43CD13DE64D03CDEF88ADB140CB156415C68F","TheDivision\Content\Paks\pakchunk3000-WindowsNoEditor.pak",5685233,5685233,5651774,12
"25F43CD13DE64D03CDEF88ADB140CB156415C68F","TheDivision\Content\Paks\pakchunk3000-WindowsNoEditor.sig",876,876,886,12
"25F43CD13DE64D03CDEF88ADB140CB156415C68F","TheDivision\Content\Paks\pakchunk3004-WindowsNoEditor.pak",631200,631200,590377,12
"25F43CD13DE64D03CDEF88ADB140CB156415C68F","TheDivision\Content\Paks\pakchunk3004-WindowsNoEditor.sig",568,568,578,12
"25F43CD13DE64D03CDEF88ADB140CB156415C68F","TheDivision\Content\Paks\pakchunk3012-WindowsNoEditor.pak",1823790,1823790,1793142,12
"25F43CD13DE64D03CDEF88ADB140CB156415C68F","TheDivision\Content\Paks\pakchunk3012-WindowsNoEditor.sig",640,640,650,12
"25F43CD13DE64D03CDEF88ADB140CB156415C68F","TheDivision\Content\Paks\pakchunk3016-WindowsNoEditor.pak",2067561,2067561,2027503,12
"25F43CD13DE64D03CDEF88ADB140CB156415C68F","TheDivision\Content\Paks\pakchunk3016-WindowsNoEditor.sig",656,656,666,12
"25F43CD13DE64D03CDEF88ADB140CB156415C68F","TheDivision\Content\Paks\pakchunk3020-WindowsNoEditor.pak",2028688,2028688,1993683,12
"25F43CD13DE64D03CDEF88ADB140CB156415C68F","TheDivision\Content\Paks\pakchunk3020-WindowsNoEditor.sig",652,652,662,12
"25F43CD13DE64D03CDEF88ADB140CB156415C68F","TheDivision\Content\Paks\pakchunk3040-WindowsNoEditor.pak",4033248,4033248,3995412,12
"25F43CD13DE64D03CDEF88ADB140CB156415C68F","TheDivision\Content\Paks\pakchunk3040-WindowsNoEditor.sig",776,776,786,12
"25F43CD13DE64D03CDEF88ADB140CB156415C68F","TheDivision\Content\Paks\pakchunk3044-WindowsNoEditor.pak",5378067,5378067,5322902,12
"25F43CD13DE64D03CDEF88ADB140CB156415C68F","TheDivision\Content\Paks\pakchunk3044-WindowsNoEditor.sig",860,860,870,12
"25F43CD13DE64D03CDEF88ADB140CB156415C68F","TheDivision\Content\Paks\pakchunk3064-WindowsNoEditor.pak",1466554,1466554,1451376,12
"25F43CD13DE64D03CDEF88ADB140CB156415C68F","TheDivision\Content\Paks\pakchunk3064-WindowsNoEditor.sig",620,620,630,12
"25F43CD13DE64D03CDEF88ADB140CB156415C68F","TheDivision\Content\Paks\pakchunk3068-WindowsNoEditor.pak",4294626,4294626,4274124,12
"25F43CD13DE64D03CDEF88ADB140CB156415C68F","TheDivision\Content\Paks\pakchunk3068-WindowsNoEditor.sig",792,792,802,12
"25F43CD13DE64D03CDEF88ADB140CB156415C68F","TheDivision\Content\Paks\pakchunk3076-WindowsNoEditor.pak",4202517,4202517,4181820,12
"25F43CD13DE64D03CDEF88ADB140CB156415C68F","TheDivision\Content\Paks\pakchunk3076-WindowsNoEditor.sig",788,788,798,12
"25F43CD13DE64D03CDEF88ADB140CB156415C68F","TheDivision\Content\Paks\pakchunk3084-WindowsNoEditor.pak",4306964,4306964,4284086,12
"25F43CD13DE64D03CDEF88ADB140CB156415C68F","TheDivision\Content\Paks\pakchunk3084-WindowsNoEditor.sig",792,792,802,12
"25F43CD13DE64D03CDEF88ADB140CB156415C68F","TheDivision\Content\Paks\pakchunk3088-WindowsNoEditor.pak",5636301,5636301,5587044,12
"25F43CD13DE64D03CDEF88ADB140CB156415C68F","TheDivision\Content\Paks\pakchunk3088-WindowsNoEditor.sig",876,876,886,12
"25F43CD13DE64D03CDEF88ADB140CB156415C68F","TheDivision\Content\Paks\pakchunk3096-WindowsNoEditor.pak",1976206,1976206,1960510,12
"25F43CD13DE64D03CDEF88ADB140CB156415C68F","TheDivision\Content\Paks\pakchunk3096-WindowsNoEditor.sig",652,652,662,12
"25F43CD13DE64D03CDEF88ADB140CB156415C68F","TheDivision\Content\Paks\pakchunk3100-WindowsNoEditor.pak",3391330,3391330,3365463,12
"25F43CD13DE64D03CDEF88ADB140CB156415C68F","TheDivision\Content\Paks\pakchunk3100-WindowsNoEditor.sig",736,736,746,12
"25F43CD13DE64D03CDEF88ADB140CB156415C68F","TheDivision\Content\Paks\pakchunk3104-WindowsNoEditor.pak",1455196,1455196,1446133,12
"25F43CD13DE64D03CDEF88ADB140CB156415C68F","TheDivision\Content\Paks\pakchunk3104-WindowsNoEditor.sig",620,620,630,12
"25F43CD13DE64D03CDEF88ADB140CB156415C68F","TheDivision\Content\Paks\pakchunk3108-WindowsNoEditor.pak",4862004,4862004,4834682,12
"25F43CD13DE64D03CDEF88ADB140CB156415C68F","TheDivision\Content\Paks\pakchunk3108-WindowsNoEditor.sig",828,828,838,12
"25F43CD13DE64D03CDEF88ADB140CB156415C68F","TheDivision\Content\Paks\pakchunk3112-WindowsNoEditor.pak",4496970,4496970,4452585,12
"25F43CD13DE64D03CDEF88ADB140CB156415C68F","TheDivision\Content\Paks\pakchunk3112-WindowsNoEditor.sig",804,804,814,12
"25F43CD13DE64D03CDEF88ADB140CB156415C68F","TheDivision\Content\Paks\pakchunk3116-WindowsNoEditor.pak",5464096,5464096,5431615,12
"25F43CD13DE64D03CDEF88ADB140CB156415C68F","TheDivision\Content\Paks\pakchunk3116-WindowsNoEditor.sig",864,864,874,12
"25F43CD13DE64D03CDEF88ADB140CB156415C68F","TheDivision\Content\Paks\pakchunk3120-WindowsNoEditor.pak",5044248,5044248,5015418,12
"25F43CD13DE64D03CDEF88ADB140CB156415C68F","TheDivision\Content\Paks\pakchunk3120-WindowsNoEditor.sig",836,836,846,12
"25F43CD13DE64D03CDEF88ADB140CB156415C68F","TheDivision\Content\Paks\pakchunk3124-WindowsNoEditor.pak",5333001,5333001,5302077,12
"25F43CD13DE64D03CDEF88ADB140CB156415C68F","TheDivision\Content\Paks\pakchunk3124-WindowsNoEditor.sig",856,856,866,12
"25F43CD13DE64D03CDEF88ADB140CB156415C68F","TheDivision\Content\Paks\pakchunk3128-WindowsNoEditor.pak",4124645,4124645,4097172,12
"25F43CD13DE64D03CDEF88ADB140CB156415C68F","TheDivision\Content\Paks\pakchunk3128-WindowsNoEditor.sig",780,780,790,12
"25F43CD13DE64D03CDEF88ADB140CB156415C68F","TheDivision\Content\Paks\pakchunk3132-WindowsNoEditor.pak",4870120,4870120,4842082,12
"25F43CD13DE64D03CDEF88ADB140CB156415C68F","TheDivision\Content\Paks\pakchunk3132-WindowsNoEditor.sig",828,828,838,12
"25F43CD13DE64D03CDEF88ADB140CB156415C68F","TheDivision\Content\Paks\pakchunk3136-WindowsNoEditor.pak",4638756,4638756,4612376,12
"25F43CD13DE64D03CDEF88ADB140CB156415C68F","TheDivision\Content\Paks\pakchunk3136-WindowsNoEditor.sig",812,812,822,12
"25F43CD13DE64D03CDEF88ADB140CB156415C68F","TheDivision\Content\Paks\pakchunk3140-WindowsNoEditor.pak",760961,760961,737513,12
"25F43CD13DE64D03CDEF88ADB140CB156415C68F","TheDivision\Content\Paks\pakchunk3140-WindowsNoEditor.sig",576,576,586,12
"25F43CD13DE64D03CDEF88ADB140CB156415C68F","TheDivision\Content\Paks\pakchunk3144-WindowsNoEditor.pak",668408,668408,645284,12
"25F43CD13DE64D03CDEF88ADB140CB156415C68F","TheDivision\Content\Paks\pakchunk3144-WindowsNoEditor.sig",572,572,582,12
"25F43CD13DE64D03CDEF88ADB140CB156415C68F","TheDivision\Content\Paks\pakchunk3148-WindowsNoEditor.pak",720268,720268,701530,12
"25F43CD13DE64D03CDEF88ADB140CB156415C68F","TheDivision\Content\Paks\pakchunk3148-WindowsNoEditor.sig",572,572,582,12
"25F43CD13DE64D03CDEF88ADB140CB156415C68F","TheDivision\Content\Paks\pakchunk3156-WindowsNoEditor.pak",2634421,2634421,2592047,12
"25F43CD13DE64D03CDEF88ADB140CB156415C68F","TheDivision\Content\Paks\pakchunk3156-WindowsNoEditor.sig",692,692,702,12
"25F43CD13DE64D03CDEF88ADB140CB156415C68F","TheDivision\Content\Paks\pakchunk3164-WindowsNoEditor.pak",1687982,1687982,1660162,12
"25F43CD13DE64D03CDEF88ADB140CB156415C68F","TheDivision\Content\Paks\pakchunk3164-WindowsNoEditor.sig",632,632,642,12
"25F43CD13DE64D03CDEF88ADB140CB156415C68F","TheDivision\Content\Paks\pakchunk3168-WindowsNoEditor.pak",2058670,2058670,2017557,12
"25F43CD13DE64D03CDEF88ADB140CB156415C68F","TheDivision\Content\Paks\pakchunk3168-WindowsNoEditor.sig",656,656,666,12
"25F43CD13DE64D03CDEF88ADB140CB156415C68F","TheDivision\Content\Paks\pakchunk3172-WindowsNoEditor.pak",2015967,2015967,1982073,12
"25F43CD13DE64D03CDEF88ADB140CB156415C68F","TheDivision\Content\Paks\pakchunk3172-WindowsNoEditor.sig",652,652,662,12
"25F43CD13DE64D03CDEF88ADB140CB156415C68F","TheDivision\Content\Paks\pakchunk3176-WindowsNoEditor.pak",1687991,1687991,1659152,12
"25F43CD13DE64D03CDEF88ADB140CB156415C68F","TheDivision\Content\Paks\pakchunk3176-WindowsNoEditor.sig",632,632,642,12
"25F43CD13DE64D03CDEF88ADB140CB156415C68F","TheDivision\Content\Paks\pakchunk3180-WindowsNoEditor.pak",2059072,2059072,2015191,12
"25F43CD13DE64D03CDEF88ADB140CB156415C68F","TheDivision\Content\Paks\pakchunk3180-WindowsNoEditor.sig",656,656,666,12
"25F43CD13DE64D03CDEF88ADB140CB156415C68F","TheDivision\Content\Paks\pakchunk3184-WindowsNoEditor.pak",1365645,1365645,1345306,12
"25F43CD13DE64D03CDEF88ADB140CB156415C68F","TheDivision\Content\Paks\pakchunk3184-WindowsNoEditor.sig",612,612,622,12
"25F43CD13DE64D03CDEF88ADB140CB156415C68F","TheDivision\Content\Paks\pakchunk3188-WindowsNoEditor.pak",2234985,2234985,1579715,12
"25F43CD13DE64D03CDEF88ADB140CB156415C68F","TheDivision\Content\Paks\pakchunk3188-WindowsNoEditor.sig",668,668,678,12
"25F43CD13DE64D03CDEF88ADB140CB156415C68F","TheDivision\Content\Paks\pakchunk3192-WindowsNoEditor.pak",1897213,1897213,1854019,12
"25F43CD13DE64D03CDEF88ADB140CB156415C68F","TheDivision\Content\Paks\pakchunk3192-WindowsNoEditor.sig",644,644,654,12
"25F43CD13DE64D03CDEF88ADB140CB156415C68F","TheDivision\Content\Paks\pakchunk3196-WindowsNoEditor.pak",2132704,2132704,2091106,12
"25F43CD13DE64D03CDEF88ADB140CB156415C68F","TheDivision\Content\Paks\pakchunk3196-WindowsNoEditor.sig",660,660,670,12
"25F43CD13DE64D03CDEF88ADB140CB156415C68F","TheDivision\Content\Paks\pakchunk3200-WindowsNoEditor.pak",1835735,1835735,1794630,12
"25F43CD13DE64D03CDEF88ADB140CB156415C68F","TheDivision\Content\Paks\pakchunk3200-WindowsNoEditor.sig",644,644,654,12
"25F43CD13DE64D03CDEF88ADB140CB156415C68F","TheDivision\Content\Paks\pakchunk3204-WindowsNoEditor.pak",1893041,1893041,1853399,12
"25F43CD13DE64D03CDEF88ADB140CB156415C68F","TheDivision\Content\Paks\pakchunk3204-WindowsNoEditor.sig",644,644,654,12
"25F43CD13DE64D03CDEF88ADB140CB156415C68F","TheDivision\Content\Paks\pakchunk3208-WindowsNoEditor.pak",1843927,1843927,1801725,12
"25F43CD13DE64D03CDEF88ADB140CB156415C68F","TheDivision\Content\Paks\pakchunk3208-WindowsNoEditor.sig",644,644,654,12
"25F43CD13DE64D03CDEF88ADB140CB156415C68F","TheDivision\Content\Paks\pakchunk3212-WindowsNoEditor.pak",1737179,1737179,1698113,12
"25F43CD13DE64D03CDEF88ADB140CB156415C68F","TheDivision\Content\Paks\pakchunk3212-WindowsNoEditor.sig",636,636,646,12
"25F43CD13DE64D03CDEF88ADB140CB156415C68F","TheDivision\Content\Paks\pakchunk3216-WindowsNoEditor.pak",2513701,2513701,1504086,12
"25F43CD13DE64D03CDEF88ADB140CB156415C68F","TheDivision\Content\Paks\pakchunk3216-WindowsNoEditor.sig",684,684,694,12
"25F43CD13DE64D03CDEF88ADB140CB156415C68F","TheDivision\Content\Paks\pakchunk3220-WindowsNoEditor.pak",1946576,1946576,1907230,12
"25F43CD13DE64D03CDEF88ADB140CB156415C68F","TheDivision\Content\Paks\pakchunk3220-WindowsNoEditor.sig",648,648,658,12
"25F43CD13DE64D03CDEF88ADB140CB156415C68F","TheDivision\Content\Paks\pakchunk3224-WindowsNoEditor.pak",2138949,2138949,2095800,12
"25F43CD13DE64D03CDEF88ADB140CB156415C68F","TheDivision\Content\Paks\pakchunk3224-WindowsNoEditor.sig",660,660,670,12
"25F43CD13DE64D03CDEF88ADB140CB156415C68F","TheDivision\Content\Paks\pakchunk3228-WindowsNoEditor.pak",2257743,2257743,2218003,12
"25F43CD13DE64D03CDEF88ADB140CB156415C68F","TheDivision\Content\Paks\pakchunk3228-WindowsNoEditor.sig",668,668,678,12
"25F43CD13DE64D03CDEF88ADB140CB156415C68F","TheDivision\Content\Paks\pakchunk3232-WindowsNoEditor.pak",2065008,2065008,2022425,12
"25F43CD13DE64D03CDEF88ADB140CB156415C68F","TheDivision\Content\Paks\pakchunk3232-WindowsNoEditor.sig",656,656,666,12
"25F43CD13DE64D03CDEF88ADB140CB156415C68F","TheDivision\Content\Paks\pakchunk3236-WindowsNoEditor.pak",1962907,1962907,1921304,12
"25F43CD13DE64D03CDEF88ADB140CB156415C68F","TheDivision\Content\Paks\pakchunk3236-WindowsNoEditor.sig",648,648,658,12
"25F43CD13DE64D03CDEF88ADB140CB156415C68F","TheDivision\Content\Paks\pakchunk3240-WindowsNoEditor.pak",1993542,1993542,1959886,12
"25F43CD13DE64D03CDEF88ADB140CB156415C68F","TheDivision\Content\Paks\pakchunk3240-WindowsNoEditor.sig",652,652,662,12
"25F43CD13DE64D03CDEF88ADB140CB156415C68F","TheDivision\Content\Paks\pakchunk3244-WindowsNoEditor.pak",1283677,1283677,1260664,12
"25F43CD13DE64D03CDEF88ADB140CB156415C68F","TheDivision\Content\Paks\pakchunk3244-WindowsNoEditor.sig",608,608,618,12
"25F43CD13DE64D03CDEF88ADB140CB156415C68F","TheDivision\Content\Paks\pakchunk3248-WindowsNoEditor.pak",1365651,1365651,1335710,12
"25F43CD13DE64D03CDEF88ADB140CB156415C68F","TheDivision\Content\Paks\pakchunk3248-WindowsNoEditor.sig",612,612,622,12
"25F43CD13DE64D03CDEF88ADB140CB156415C68F","TheDivision\Content\Paks\pakchunk3256-WindowsNoEditor.pak",1128487,1128487,1103286,12
"25F43CD13DE64D03CDEF88ADB140CB156415C68F","TheDivision\Content\Paks\pakchunk3256-WindowsNoEditor.sig",600,600,610,12
"25F43CD13DE64D03CDEF88ADB140CB156415C68F","TheDivision\Content\Paks\pakchunk3260-WindowsNoEditor.pak",593562,593562,571873,12
"25F43CD13DE64D03CDEF88ADB140CB156415C68F","TheDivision\Content\Paks\pakchunk3260-WindowsNoEditor.sig",568,568,578,12
"25F43CD13DE64D03CDEF88ADB140CB156415C68F","TheDivision\Content\Paks\pakchunk3264-WindowsNoEditor.pak",1126247,1126247,1104181,12
"25F43CD13DE64D03CDEF88ADB140CB156415C68F","TheDivision\Content\Paks\pakchunk3264-WindowsNoEditor.sig",600,600,610,12
"25F43CD13DE64D03CDEF88ADB140CB156415C68F","TheDivision\Content\Paks\pakchunk3268-WindowsNoEditor.pak",1131763,1131763,1109536,12
"25F43CD13DE64D03CDEF88ADB140CB156415C68F","TheDivision\Content\Paks\pakchunk3268-WindowsNoEditor.sig",600,600,610,12
"25F43CD13DE64D03CDEF88ADB140CB156415C68F","TheDivision\Content\Paks\pakchunk3272-WindowsNoEditor.pak",814575,814575,787105,12
"25F43CD13DE64D03CDEF88ADB140CB156415C68F","TheDivision\Content\Paks\pakchunk3272-WindowsNoEditor.sig",580,580,590,12
"25F43CD13DE64D03CDEF88ADB140CB156415C68F","TheDivision\Content\Paks\pakchunk3276-WindowsNoEditor.pak",1205893,1205893,1179277,12
"25F43CD13DE64D03CDEF88ADB140CB156415C68F","TheDivision\Content\Paks\pakchunk3276-WindowsNoEditor.sig",604,604,614,12
"25F43CD13DE64D03CDEF88ADB140CB156415C68F","TheDivision\Content\Paks\pakchunk3280-WindowsNoEditor.pak",1007455,1007455,982740,12
"25F43CD13DE64D03CDEF88ADB140CB156415C68F","TheDivision\Content\Paks\pakchunk3280-WindowsNoEditor.sig",592,592,602,12
"25F43CD13DE64D03CDEF88ADB140CB156415C68F","TheDivision\Content\Paks\pakchunk3284-WindowsNoEditor.pak",1271596,1271596,1242234,12
"25F43CD13DE64D03CDEF88ADB140CB156415C68F","TheDivision\Content\Paks\pakchunk3284-WindowsNoEditor.sig",608,608,618,12
"25F43CD13DE64D03CDEF88ADB140CB156415C68F","TheDivision\Content\Paks\pakchunk3288-WindowsNoEditor.pak",1300401,1300401,1276132,12
"25F43CD13DE64D03CDEF88ADB140CB156415C68F","TheDivision\Content\Paks\pakchunk3288-WindowsNoEditor.sig",608,608,618,12
"25F43CD13DE64D03CDEF88ADB140CB156415C68F","TheDivision\Content\Paks\pakchunk3292-WindowsNoEditor.pak",1429297,1429297,1401266,12
"25F43CD13DE64D03CDEF88ADB140CB156415C68F","TheDivision\Content\Paks\pakchunk3292-WindowsNoEditor.sig",616,616,626,12
"25F43CD13DE64D03CDEF88ADB140CB156415C68F","TheDivision\Content\Paks\pakchunk3296-WindowsNoEditor.pak",1421099,1421099,1398201,12
"25F43CD13DE64D03CDEF88ADB140CB156415C68F","TheDivision\Content\Paks\pakchunk3296-WindowsNoEditor.sig",616,616,626,12
"25F43CD13DE64D03CDEF88ADB140CB156415C68F","TheDivision\Content\Paks\pakchunk3300-WindowsNoEditor.pak",1049989,1049989,1029160,12
"25F43CD13DE64D03CDEF88ADB140CB156415C68F","TheDivision\Content\Paks\pakchunk3300-WindowsNoEditor.sig",596,596,606,12
"25F43CD13DE64D03CDEF88ADB140CB156415C68F","TheDivision\Content\Paks\pakchunk3304-WindowsNoEditor.pak",1498568,1498568,1466491,12
"25F43CD13DE64D03CDEF88ADB140CB156415C68F","TheDivision\Content\Paks\pakchunk3304-WindowsNoEditor.sig",620,620,630,12
"25F43CD13DE64D03CDEF88ADB140CB156415C68F","TheDivision\Content\Paks\pakchunk3308-WindowsNoEditor.pak",978572,978572,957479,12
"25F43CD13DE64D03CDEF88ADB140CB156415C68F","TheDivision\Content\Paks\pakchunk3308-WindowsNoEditor.sig",588,588,598,12
"25F43CD13DE64D03CDEF88ADB140CB156415C68F","TheDivision\Content\Paks\pakchunk3312-WindowsNoEditor.pak",1369918,1369918,1345591,12
"25F43CD13DE64D03CDEF88ADB140CB156415C68F","TheDivision\Content\Paks\pakchunk3312-WindowsNoEditor.sig",612,612,622,12
"25F43CD13DE64D03CDEF88ADB140CB156415C68F","TheDivision\Content\Paks\pakchunk3316-WindowsNoEditor.pak",1387127,1387127,1361604,12
"25F43CD13DE64D03CDEF88ADB140CB156415C68F","TheDivision\Content\Paks\pakchunk3316-WindowsNoEditor.sig",616,616,626,12
"25F43CD13DE64D03CDEF88ADB140CB156415C68F","TheDivision\Content\Paks\pakchunk3320-WindowsNoEditor.pak",1468183,1468183,1447798,12
"25F43CD13DE64D03CDEF88ADB140CB156415C68F","TheDivision\Content\Paks\pakchunk3320-WindowsNoEditor.sig",620,620,630,12
"25F43CD13DE64D03CDEF88ADB140CB156415C68F","TheDivision\Content\Paks\pakchunk3324-WindowsNoEditor.pak",1425148,1425148,1389580,12
"25F43CD13DE64D03CDEF88ADB140CB156415C68F","TheDivision\Content\Paks\pakchunk3324-WindowsNoEditor.sig",616,616,626,12
"25F43CD13DE64D03CDEF88ADB140CB156415C68F","TheDivision\Content\Paks\pakchunk3328-WindowsNoEditor.pak",1052231,1052231,1033543,12
"25F43CD13DE64D03CDEF88ADB140CB156415C68F","TheDivision\Content\Paks\pakchunk3328-WindowsNoEditor.sig",596,596,606,12
"25F43CD13DE64D03CDEF88ADB140CB156415C68F","TheDivision\Content\Paks\pakchunk3332-WindowsNoEditor.pak",1132336,1132336,1107287,12
"25F43CD13DE64D03CDEF88ADB140CB156415C68F","TheDivision\Content\Paks\pakchunk3332-WindowsNoEditor.sig",600,600,610,12
"25F43CD13DE64D03CDEF88ADB140CB156415C68F","TheDivision\Content\Paks\pakchunk3336-WindowsNoEditor.pak",927517,927517,906849,12
"25F43CD13DE64D03CDEF88ADB140CB156415C68F","TheDivision\Content\Paks\pakchunk3336-WindowsNoEditor.sig",588,588,598,12
"25F43CD13DE64D03CDEF88ADB140CB156415C68F","TheDivision\Content\Paks\pakchunk3340-WindowsNoEditor.pak",1496706,1496706,1467645,12
"25F43CD13DE64D03CDEF88ADB140CB156415C68F","TheDivision\Content\Paks\pakchunk3340-WindowsNoEditor.sig",620,620,630,12
"25F43CD13DE64D03CDEF88ADB140CB156415C68F","TheDivision\Content\Paks\pakchunk3348-WindowsNoEditor.pak",4588404,4588404,4550639,12
"25F43CD13DE64D03CDEF88ADB140CB156415C68F","TheDivision\Content\Paks\pakchunk3348-WindowsNoEditor.sig",812,812,822,12
"25F43CD13DE64D03CDEF88ADB140CB156415C68F","TheDivision\Content\Paks\pakchunk3352-WindowsNoEditor.pak",4219749,4219749,4184999,12
"25F43CD13DE64D03CDEF88ADB140CB156415C68F","TheDivision\Content\Paks\pakchunk3352-WindowsNoEditor.sig",788,788,798,12
"25F43CD13DE64D03CDEF88ADB140CB156415C68F","TheDivision\Content\Paks\pakchunk3356-WindowsNoEditor.pak",4862841,4862841,4820767,12
"25F43CD13DE64D03CDEF88ADB140CB156415C68F","TheDivision\Content\Paks\pakchunk3356-WindowsNoEditor.sig",828,828,838,12
"25F43CD13DE64D03CDEF88ADB140CB156415C68F","TheDivision\Content\Paks\pakchunk3360-WindowsNoEditor.pak",3355152,3355152,3321517,12
"25F43CD13DE64D03CDEF88ADB140CB156415C68F","TheDivision\Content\Paks\pakchunk3360-WindowsNoEditor.sig",736,736,746,12
"25F43CD13DE64D03CDEF88ADB140CB156415C68F","TheDivision\Content\Paks\pakchunk3364-WindowsNoEditor.pak",4319887,4319887,4282884,12
"25F43CD13DE64D03CDEF88ADB140CB156415C68F","TheDivision\Content\Paks\pakchunk3364-WindowsNoEditor.sig",792,792,802,12
"25F43CD13DE64D03CDEF88ADB140CB156415C68F","TheDivision\Content\Paks\pakchunk3368-WindowsNoEditor.pak",4887473,4887473,4846358,12
"25F43CD13DE64D03CDEF88ADB140CB156415C68F","TheDivision\Content\Paks\pakchunk3368-WindowsNoEditor.sig",828,828,838,12
"25F43CD13DE64D03CDEF88ADB140CB156415C68F","TheDivision\Content\Paks\pakchunk3372-WindowsNoEditor.pak",11185617,11185617,11077157,12
"25F43CD13DE64D03CDEF88ADB140CB156415C68F","TheDivision\Content\Paks\pakchunk3372-WindowsNoEditor.sig",1212,1212,1222,12
"25F43CD13DE64D03CDEF88ADB140CB156415C68F","TheDivision\Content\Paks\pakchunk3376-WindowsNoEditor.pak",11615545,11615545,11505464,12
"25F43CD13DE64D03CDEF88ADB140CB156415C68F","TheDivision\Content\Paks\pakchunk3376-WindowsNoEditor.sig",1240,1240,1250,12
"25F43CD13DE64D03CDEF88ADB140CB156415C68F","TheDivision\Content\Paks\pakchunk3380-WindowsNoEditor.pak",9731339,9731339,9635785,12
"25F43CD13DE64D03CDEF88ADB140CB156415C68F","TheDivision\Content\Paks\pakchunk3380-WindowsNoEditor.sig",1124,1124,1134,12
"25F43CD13DE64D03CDEF88ADB140CB156415C68F","TheDivision\Content\Paks\pakchunk3384-WindowsNoEditor.pak",8474127,8474127,8404681,12
"25F43CD13DE64D03CDEF88ADB140CB156415C68F","TheDivision\Content\Paks\pakchunk3384-WindowsNoEditor.sig",1048,1048,1058,12
"25F43CD13DE64D03CDEF88ADB140CB156415C68F","TheDivision\Content\Paks\pakchunk3388-WindowsNoEditor.pak",24199536,24199536,21280335,12
"25F43CD13DE64D03CDEF88ADB140CB156415C68F","TheDivision\Content\Paks\pakchunk3388-WindowsNoEditor.sig",2008,2008,2018,12
"25F43CD13DE64D03CDEF88ADB140CB156415C68F","TheDivision\Content\Paks\pakchunk3392-WindowsNoEditor.pak",10706026,10706026,10606049,12
"25F43CD13DE64D03CDEF88ADB140CB156415C68F","TheDivision\Content\Paks\pakchunk3392-WindowsNoEditor.sig",1184,1184,1194,12
"25F43CD13DE64D03CDEF88ADB140CB156415C68F","TheDivision\Content\Paks\pakchunk3396-WindowsNoEditor.pak",11470155,11470155,11366954,12
"25F43CD13DE64D03CDEF88ADB140CB156415C68F","TheDivision\Content\Paks\pakchunk3396-WindowsNoEditor.sig",1232,1232,1242,12
"25F43CD13DE64D03CDEF88ADB140CB156415C68F","TheDivision\Content\Paks\pakchunk3400-WindowsNoEditor.pak",4516699,4516699,4473531,12
"25F43CD13DE64D03CDEF88ADB140CB156415C68F","TheDivision\Content\Paks\pakchunk3400-WindowsNoEditor.sig",804,804,814,12
"25F43CD13DE64D03CDEF88ADB140CB156415C68F","TheDivision\Content\Paks\pakchunk3404-WindowsNoEditor.pak",12846868,12846868,12737144,12
"25F43CD13DE64D03CDEF88ADB140CB156415C68F","TheDivision\Content\Paks\pakchunk3404-WindowsNoEditor.sig",1316,1316,1326,12
"25F43CD13DE64D03CDEF88ADB140CB156415C68F","TheDivision\Content\Paks\pakchunk3408-WindowsNoEditor.pak",9990252,9990252,9912484,12
"25F43CD13DE64D03CDEF88ADB140CB156415C68F","TheDivision\Content\Paks\pakchunk3408-WindowsNoEditor.sig",1140,1140,1150,12
"25F43CD13DE64D03CDEF88ADB140CB156415C68F","TheDivision\Content\Paks\pakchunk3412-WindowsNoEditor.pak",4057991,4057991,4019942,12
"25F43CD13DE64D03CDEF88ADB140CB156415C68F","TheDivision\Content\Paks\pakchunk3412-WindowsNoEditor.sig",776,776,786,12
"25F43CD13DE64D03CDEF88ADB140CB156415C68F","TheDivision\Content\Paks\pakchunk3416-WindowsNoEditor.pak",9889320,9889320,9789691,12
"25F43CD13DE64D03CDEF88ADB140CB156415C68F","TheDivision\Content\Paks\pakchunk3416-WindowsNoEditor.sig",1132,1132,1142,12
"25F43CD13DE64D03CDEF88ADB140CB156415C68F","TheDivision\Content\Paks\pakchunk3420-WindowsNoEditor.pak",4027212,4027212,3995276,12
"25F43CD13DE64D03CDEF88ADB140CB156415C68F","TheDivision\Content\Paks\pakchunk3420-WindowsNoEditor.sig",776,776,786,12
"25F43CD13DE64D03CDEF88ADB140CB156415C68F","TheDivision\Content\Paks\pakchunk3424-WindowsNoEditor.pak",4303864,4303864,4269503,12
"25F43CD13DE64D03CDEF88ADB140CB156415C68F","TheDivision\Content\Paks\pakchunk3424-WindowsNoEditor.sig",792,792,802,12
"25F43CD13DE64D03CDEF88ADB140CB156415C68F","TheDivision\Content\Paks\pakchunk3432-WindowsNoEditor.pak",4886628,4886628,4856941,12
"25F43CD13DE64D03CDEF88ADB140CB156415C68F","TheDivision\Content\Paks\pakchunk3432-WindowsNoEditor.sig",828,828,838,12
"25F43CD13DE64D03CDEF88ADB140CB156415C68F","TheDivision\Content\Paks\pakchunk3436-WindowsNoEditor.pak",2975648,2975648,2949297,12
"25F43CD13DE64D03CDEF88ADB140CB156415C68F","TheDivision\Content\Paks\pakchunk3436-WindowsNoEditor.sig",712,712,722,12
"25F43CD13DE64D03CDEF88ADB140CB156415C68F","TheDivision\Content\Paks\pakchunk3440-WindowsNoEditor.pak",4777821,4777821,4752768,12
"25F43CD13DE64D03CDEF88ADB140CB156415C68F","TheDivision\Content\Paks\pakchunk3440-WindowsNoEditor.sig",820,820,830,12
"25F43CD13DE64D03CDEF88ADB140CB156415C68F","TheDivision\Content\Paks\pakchunk3444-WindowsNoEditor.pak",4292610,4292610,4266339,12
"25F43CD13DE64D03CDEF88ADB140CB156415C68F","TheDivision\Content\Paks\pakchunk3444-WindowsNoEditor.sig",792,792,802,12
"25F43CD13DE64D03CDEF88ADB140CB156415C68F","TheDivision\Content\Paks\pakchunk3448-WindowsNoEditor.pak",3790945,3790945,3767414,12
"25F43CD13DE64D03CDEF88ADB140CB156415C68F","TheDivision\Content\Paks\pakchunk3448-WindowsNoEditor.sig",760,760,770,12
"25F43CD13DE64D03CDEF88ADB140CB156415C68F","TheDivision\Content\Paks\pakchunk3452-WindowsNoEditor.pak",5568707,5568707,5543298,12
"25F43CD13DE64D03CDEF88ADB140CB156415C68F","TheDivision\Content\Paks\pakchunk3452-WindowsNoEditor.sig",868,868,878,12
"25F43CD13DE64D03CDEF88ADB140CB156415C68F","TheDivision\Content\Paks\pakchunk3456-WindowsNoEditor.pak",4036384,4036384,4014343,12
"25F43CD13DE64D03CDEF88ADB140CB156415C68F","TheDivision\Content\Paks\pakchunk3456-WindowsNoEditor.sig",776,776,786,12
"25F43CD13DE64D03CDEF88ADB140CB156415C68F","TheDivision\Content\Paks\pakchunk3460-WindowsNoEditor.pak",4364063,4364063,4341466,12
"25F43CD13DE64D03CDEF88ADB140CB156415C68F","TheDivision\Content\Paks\pakchunk3460-WindowsNoEditor.sig",796,796,806,12
"25F43CD13DE64D03CDEF88ADB140CB156415C68F","TheDivision\Content\Paks\pakchunk3464-WindowsNoEditor.pak",3989587,3989587,3966126,12
"25F43CD13DE64D03CDEF88ADB140CB156415C68F","TheDivision\Content\Paks\pakchunk3464-WindowsNoEditor.sig",772,772,782,12
"25F43CD13DE64D03CDEF88ADB140CB156415C68F","TheDivision\Content\Paks\pakchunk3468-WindowsNoEditor.pak",4833460,4833460,4807002,12
"25F43CD13DE64D03CDEF88ADB140CB156415C68F","TheDivision\Content\Paks\pakchunk3468-WindowsNoEditor.sig",824,824,834,12
"25F43CD13DE64D03CDEF88ADB140CB156415C68F","TheDivision\Content\Paks\pakchunk3472-WindowsNoEditor.pak",4872255,4872255,4846088,12
"25F43CD13DE64D03CDEF88ADB140CB156415C68F","TheDivision\Content\Paks\pakchunk3472-WindowsNoEditor.sig",828,828,838,12
"25F43CD13DE64D03CDEF88ADB140CB156415C68F","TheDivision\Content\Paks\pakchunk3476-WindowsNoEditor.pak",4147329,4147329,4125045,12
"25F43CD13DE64D03CDEF88ADB140CB156415C68F","TheDivision\Content\Paks\pakchunk3476-WindowsNoEditor.sig",784,784,794,12
"25F43CD13DE64D03CDEF88ADB140CB156415C68F","TheDivision\Content\Paks\pakchunk3484-WindowsNoEditor.pak",3713144,3713144,3690714,12
"25F43CD13DE64D03CDEF88ADB140CB156415C68F","TheDivision\Content\Paks\pakchunk3484-WindowsNoEditor.sig",756,756,766,12
"25F43CD13DE64D03CDEF88ADB140CB156415C68F","TheDivision\Content\Paks\pakchunk3492-WindowsNoEditor.pak",5263530,5263530,5236200,12
"25F43CD13DE64D03CDEF88ADB140CB156415C68F","TheDivision\Content\Paks\pakchunk3492-WindowsNoEditor.sig",852,852,862,12
"25F43CD13DE64D03CDEF88ADB140CB156415C68F","TheDivision\Content\Paks\pakchunk3496-WindowsNoEditor.pak",4198380,4198380,4170324,12
"25F43CD13DE64D03CDEF88ADB140CB156415C68F","TheDivision\Content\Paks\pakchunk3496-WindowsNoEditor.sig",788,788,798,12
"25F43CD13DE64D03CDEF88ADB140CB156415C68F","TheDivision\Content\Paks\pakchunk3500-WindowsNoEditor.pak",3745723,3745723,3724479,12
"25F43CD13DE64D03CDEF88ADB140CB156415C68F","TheDivision\Content\Paks\pakchunk3500-WindowsNoEditor.sig",760,760,770,12
"25F43CD13DE64D03CDEF88ADB140CB156415C68F","TheDivision\Content\Paks\pakchunk3504-WindowsNoEditor.pak",4806581,4806581,4781896,12
"25F43CD13DE64D03CDEF88ADB140CB156415C68F","TheDivision\Content\Paks\pakchunk3504-WindowsNoEditor.sig",824,824,834,12
"25F43CD13DE64D03CDEF88ADB140CB156415C68F","TheDivision\Content\Paks\pakchunk3508-WindowsNoEditor.pak",4046993,4046993,4023462,12
"25F43CD13DE64D03CDEF88ADB140CB156415C68F","TheDivision\Content\Paks\pakchunk3508-WindowsNoEditor.sig",776,776,786,12
"25F43CD13DE64D03CDEF88ADB140CB156415C68F","TheDivision\Content\Paks\pakchunk3512-WindowsNoEditor.pak",6198844,6198844,6099790,12
"25F43CD13DE64D03CDEF88ADB140CB156415C68F","TheDivision\Content\Paks\pakchunk3512-WindowsNoEditor.sig",908,908,918,12
"25F43CD13DE64D03CDEF88ADB140CB156415C68F","TheDivision\Content\Paks\pakchunk3516-WindowsNoEditor.pak",3989031,3989031,3940970,12
"25F43CD13DE64D03CDEF88ADB140CB156415C68F","TheDivision\Content\Paks\pakchunk3516-WindowsNoEditor.sig",772,772,782,12
"25F43CD13DE64D03CDEF88ADB140CB156415C68F","TheDivision\Content\Paks\pakchunk3520-WindowsNoEditor.pak",5588713,5588713,5537898,12
"25F43CD13DE64D03CDEF88ADB140CB156415C68F","TheDivision\Content\Paks\pakchunk3520-WindowsNoEditor.sig",872,872,882,12
"25F43CD13DE64D03CDEF88ADB140CB156415C68F","TheDivision\Content\Paks\pakchunk3524-WindowsNoEditor.pak",3527808,3527808,3502038,12
"25F43CD13DE64D03CDEF88ADB140CB156415C68F","TheDivision\Content\Paks\pakchunk3524-WindowsNoEditor.sig",744,744,754,12
"25F43CD13DE64D03CDEF88ADB140CB156415C68F","TheDivision\Content\Paks\pakchunk3528-WindowsNoEditor.pak",6076389,6076389,5958294,12
"25F43CD13DE64D03CDEF88ADB140CB156415C68F","TheDivision\Content\Paks\pakchunk3528-WindowsNoEditor.sig",900,900,910,12
"25F43CD13DE64D03CDEF88ADB140CB156415C68F","TheDivision\Content\Paks\pakchunk3532-WindowsNoEditor.pak",6360325,6360325,6297703,12
"25F43CD13DE64D03CDEF88ADB140CB156415C68F","TheDivision\Content\Paks\pakchunk3532-WindowsNoEditor.sig",920,920,930,12
"25F43CD13DE64D03CDEF88ADB140CB156415C68F","TheDivision\Content\Paks\pakchunk3536-WindowsNoEditor.pak",6159688,6159688,6101027,12
"25F43CD13DE64D03CDEF88ADB140CB156415C68F","TheDivision\Content\Paks\pakchunk3536-WindowsNoEditor.sig",904,904,914,12
"25F43CD13DE64D03CDEF88ADB140CB156415C68F","TheDivision\Content\Paks\pakchunk3540-WindowsNoEditor.pak",4067293,4067293,4044339,12
"25F43CD13DE64D03CDEF88ADB140CB156415C68F","TheDivision\Content\Paks\pakchunk3540-WindowsNoEditor.sig",780,780,790,12
"25F43CD13DE64D03CDEF88ADB140CB156415C68F","TheDivision\Content\Paks\pakchunk3544-WindowsNoEditor.pak",6532905,6532905,6459136,12
"25F43CD13DE64D03CDEF88ADB140CB156415C68F","TheDivision\Content\Paks\pakchunk3544-WindowsNoEditor.sig",928,928,938,12
"25F43CD13DE64D03CDEF88ADB140CB156415C68F","TheDivision\Content\Paks\pakchunk3548-WindowsNoEditor.pak",5439504,5439504,5411732,12
"25F43CD13DE64D03CDEF88ADB140CB156415C68F","TheDivision\Content\Paks\pakchunk3548-WindowsNoEditor.sig",864,864,874,12
"25F43CD13DE64D03CDEF88ADB140CB156415C68F","TheDivision\Content\Paks\pakchunk3552-WindowsNoEditor.pak",6289473,6289473,6239098,12
"25F43CD13DE64D03CDEF88ADB140CB156415C68F","TheDivision\Content\Paks\pakchunk3552-WindowsNoEditor.sig",912,912,922,12
"25F43CD13DE64D03CDEF88ADB140CB156415C68F","TheDivision\Content\Paks\pakchunk3556-WindowsNoEditor.pak",4958148,4958148,4931777,12
"25F43CD13DE64D03CDEF88ADB140CB156415C68F","TheDivision\Content\Paks\pakchunk3556-WindowsNoEditor.sig",832,832,842,12
"25F43CD13DE64D03CDEF88ADB140CB156415C68F","TheDivision\Content\Paks\pakchunk3560-WindowsNoEditor.pak",4286647,4286647,4261798,12
"25F43CD13DE64D03CDEF88ADB140CB156415C68F","TheDivision\Content\Paks\pakchunk3560-WindowsNoEditor.sig",792,792,802,12
"25F43CD13DE64D03CDEF88ADB140CB156415C68F","TheDivision\Content\Paks\pakchunk3564-WindowsNoEditor.pak",4259969,4259969,4236068,12
"25F43CD13DE64D03CDEF88ADB140CB156415C68F","TheDivision\Content\Paks\pakchunk3564-WindowsNoEditor.sig",792,792,802,12
"25F43CD13DE64D03CDEF88ADB140CB156415C68F","TheDivision\Content\Paks\pakchunk5000-WindowsNoEditor.pak",1532,1532,1260,13
"25F43CD13DE64D03CDEF88ADB140CB156415C68F","TheDivision\Content\Paks\pakchunk5000-WindowsNoEditor.sig",532,532,542,13
"25F43CD13DE64D03CDEF88ADB140CB156415C68F","TheDivision\Content\Paks\pakchunk6000-WindowsNoEditor.pak",485924,485924,484669,14
"25F43CD13DE64D03CDEF88ADB140CB156415C68F","TheDivision\Content\Paks\pakchunk6000-WindowsNoEditor.sig",560,560,570,14
"25F43CD13DE64D03CDEF88ADB140CB156415C68F","TheDivision\Content\Paks\pakchunk6004-WindowsNoEditor.pak",601763,601763,599018,14
"25F43CD13DE64D03CDEF88ADB140CB156415C68F","TheDivision\Content\Paks\pakchunk6004-WindowsNoEditor.sig",568,568,578,14
"25F43CD13DE64D03CDEF88ADB140CB156415C68F","TheDivision\Content\Paks\pakchunk6008-WindowsNoEditor.pak",145224,145224,143752,14
"25F43CD13DE64D03CDEF88ADB140CB156415C68F","TheDivision\Content\Paks\pakchunk6008-WindowsNoEditor.sig",540,540,550,14
"25F43CD13DE64D03CDEF88ADB140CB156415C68F","TheDivision\Content\Paks\pakchunk6012-WindowsNoEditor.pak",80610,80610,77149,14
"25F43CD13DE64D03CDEF88ADB140CB156415C68F","TheDivision\Content\Paks\pakchunk6012-WindowsNoEditor.sig",536,536,546,14
"25F43CD13DE64D03CDEF88ADB140CB156415C68F","TheDivision\Content\Paks\pakchunk6016-WindowsNoEditor.pak",159593,159593,158073,14
"25F43CD13DE64D03CDEF88ADB140CB156415C68F","TheDivision\Content\Paks\pakchunk6016-WindowsNoEditor.sig",540,540,550,14
"25F43CD13DE64D03CDEF88ADB140CB156415C68F","TheDivision\Content\Paks\pakchunk6020-WindowsNoEditor.pak",460313,460313,458327,14
"25F43CD13DE64D03CDEF88ADB140CB156415C68F","TheDivision\Content\Paks\pakchunk6020-WindowsNoEditor.sig",560,560,570,14
"25F43CD13DE64D03CDEF88ADB140CB156415C68F","TheDivision\Content\Paks\pakchunk6024-WindowsNoEditor.pak",358163,358163,356065,14
"25F43CD13DE64D03CDEF88ADB140CB156415C68F","TheDivision\Content\Paks\pakchunk6024-WindowsNoEditor.sig",552,552,562,14
"25F43CD13DE64D03CDEF88ADB140CB156415C68F","TheDivision\Content\Paks\pakchunk6028-WindowsNoEditor.pak",145189,145189,141884,14
"25F43CD13DE64D03CDEF88ADB140CB156415C68F","TheDivision\Content\Paks\pakchunk6028-WindowsNoEditor.sig",540,540,550,14
"25F43CD13DE64D03CDEF88ADB140CB156415C68F","TheDivision\Content\Paks\pakchunk6032-WindowsNoEditor.pak",159559,159559,157468,14
"25F43CD13DE64D03CDEF88ADB140CB156415C68F","TheDivision\Content\Paks\pakchunk6032-WindowsNoEditor.sig",540,540,550,14
"25F43CD13DE64D03CDEF88ADB140CB156415C68F","TheDivision\Content\Paks\pakchunk6036-WindowsNoEditor.pak",91976,91976,89665,14
"25F43CD13DE64D03CDEF88ADB140CB156415C68F","TheDivision\Content\Paks\pakchunk6036-WindowsNoEditor.sig",536,536,546,14
"25F43CD13DE64D03CDEF88ADB140CB156415C68F","TheDivision\Content\Paks\pakchunk6040-WindowsNoEditor.pak",511051,511051,508370,14
"25F43CD13DE64D03CDEF88ADB140CB156415C68F","TheDivision\Content\Paks\pakchunk6040-WindowsNoEditor.sig",560,560,570,14
"25F43CD13DE64D03CDEF88ADB140CB156415C68F","TheDivision\Content\Paks\pakchunk6044-WindowsNoEditor.pak",359677,359677,356705,14
"25F43CD13DE64D03CDEF88ADB140CB156415C68F","TheDivision\Content\Paks\pakchunk6044-WindowsNoEditor.sig",552,552,562,14
"25F43CD13DE64D03CDEF88ADB140CB156415C68F","TheDivision\Content\Paks\pakchunk6048-WindowsNoEditor.pak",521373,521373,518477,14
"25F43CD13DE64D03CDEF88ADB140CB156415C68F","TheDivision\Content\Paks\pakchunk6048-WindowsNoEditor.sig",560,560,570,14
"25F43CD13DE64D03CDEF88ADB140CB156415C68F","TheDivision\Content\Paks\pakchunk6052-WindowsNoEditor.pak",507298,507298,504372,14
"25F43CD13DE64D03CDEF88ADB140CB156415C68F","TheDivision\Content\Paks\pakchunk6052-WindowsNoEditor.sig",560,560,570,14
"25F43CD13DE64D03CDEF88ADB140CB156415C68F","TheDivision\Content\Paks\pakchunk6056-WindowsNoEditor.pak",568757,568757,566482,14
"25F43CD13DE64D03CDEF88ADB140CB156415C68F","TheDivision\Content\Paks\pakchunk6056-WindowsNoEditor.sig",564,564,574,14
"25F43CD13DE64D03CDEF88ADB140CB156415C68F","TheDivision\Content\Paks\pakchunk6060-WindowsNoEditor.pak",456289,456289,454532,14
"25F43CD13DE64D03CDEF88ADB140CB156415C68F","TheDivision\Content\Paks\pakchunk6060-WindowsNoEditor.sig",556,556,566,14
"25F43CD13DE64D03CDEF88ADB140CB156415C68F","TheDivision\Content\Paks\pakchunk6064-WindowsNoEditor.pak",544594,544594,541601,14
"25F43CD13DE64D03CDEF88ADB140CB156415C68F","TheDivision\Content\Paks\pakchunk6064-WindowsNoEditor.sig",564,564,574,14
"25F43CD13DE64D03CDEF88ADB140CB156415C68F","TheDivision\Content\Paks\pakchunk6068-WindowsNoEditor.pak",509590,509590,507777,14
"25F43CD13DE64D03CDEF88ADB140CB156415C68F","TheDivision\Content\Paks\pakchunk6068-WindowsNoEditor.sig",560,560,570,14
"25F43CD13DE64D03CDEF88ADB140CB156415C68F","TheDivision\Content\Paks\pakchunk6072-WindowsNoEditor.pak",182077,182077,178442,14
"25F43CD13DE64D03CDEF88ADB140CB156415C68F","TheDivision\Content\Paks\pakchunk6072-WindowsNoEditor.sig",540,540,550,14
"25F43CD13DE64D03CDEF88ADB140CB156415C68F","TheDivision\Content\Paks\pakchunk6076-WindowsNoEditor.pak",130586,130586,128337,14
"25F43CD13DE64D03CDEF88ADB140CB156415C68F","TheDivision\Content\Paks\pakchunk6076-WindowsNoEditor.sig",536,536,546,14
"25F43CD13DE64D03CDEF88ADB140CB156415C68F","TheDivision\Content\Paks\pakchunk6080-WindowsNoEditor.pak",122282,122282,119801,14
"25F43CD13DE64D03CDEF88ADB140CB156415C68F","TheDivision\Content\Paks\pakchunk6080-WindowsNoEditor.sig",536,536,546,14
"25F43CD13DE64D03CDEF88ADB140CB156415C68F","TheDivision\Content\Paks\pakchunk6084-WindowsNoEditor.pak",462491,462491,460673,14
"25F43CD13DE64D03CDEF88ADB140CB156415C68F","TheDivision\Content\Paks\pakchunk6084-WindowsNoEditor.sig",560,560,570,14
"25F43CD13DE64D03CDEF88ADB140CB156415C68F","TheDivision\Content\Paks\pakchunk6088-WindowsNoEditor.pak",349399,349399,347347,14
"25F43CD13DE64D03CDEF88ADB140CB156415C68F","TheDivision\Content\Paks\pakchunk6088-WindowsNoEditor.sig",552,552,562,14
"25F43CD13DE64D03CDEF88ADB140CB156415C68F","TheDivision\Content\Paks\pakchunk6092-WindowsNoEditor.pak",448279,448279,446544,14
"25F43CD13DE64D03CDEF88ADB140CB156415C68F","TheDivision\Content\Paks\pakchunk6092-WindowsNoEditor.sig",556,556,566,14
"25F43CD13DE64D03CDEF88ADB140CB156415C68F","TheDivision\Content\Paks\pakchunk6096-WindowsNoEditor.pak",470876,470876,467938,14
"25F43CD13DE64D03CDEF88ADB140CB156415C68F","TheDivision\Content\Paks\pakchunk6096-WindowsNoEditor.sig",560,560,570,14
"25F43CD13DE64D03CDEF88ADB140CB156415C68F","TheDivision\Content\Paks\pakchunk6100-WindowsNoEditor.pak",112284,112284,109391,14
"25F43CD13DE64D03CDEF88ADB140CB156415C68F","TheDivision\Content\Paks\pakchunk6100-WindowsNoEditor.sig",536,536,546,14
"25F43CD13DE64D03CDEF88ADB140CB156415C68F","TheDivision\Content\Paks\pakchunk6104-WindowsNoEditor.pak",499487,499487,497099,14
"25F43CD13DE64D03CDEF88ADB140CB156415C68F","TheDivision\Content\Paks\pakchunk6104-WindowsNoEditor.sig",560,560,570,14
"25F43CD13DE64D03CDEF88ADB140CB156415C68F","TheDivision\Content\Paks\pakchunk6108-WindowsNoEditor.pak",519737,519737,518467,14
"25F43CD13DE64D03CDEF88ADB140CB156415C68F","TheDivision\Content\Paks\pakchunk6108-WindowsNoEditor.sig",560,560,570,14
"25F43CD13DE64D03CDEF88ADB140CB156415C68F","TheDivision\Content\Paks\pakchunk6112-WindowsNoEditor.pak",103664,103664,100272,14
"25F43CD13DE64D03CDEF88ADB140CB156415C68F","TheDivision\Content\Paks\pakchunk6112-WindowsNoEditor.sig",536,536,546,14
"25F43CD13DE64D03CDEF88ADB140CB156415C68F","TheDivision\Content\Paks\pakchunk6116-WindowsNoEditor.pak",157373,157373,154080,14
"25F43CD13DE64D03CDEF88ADB140CB156415C68F","TheDivision\Content\Paks\pakchunk6116-WindowsNoEditor.sig",540,540,550,14
"25F43CD13DE64D03CDEF88ADB140CB156415C68F","TheDivision\Content\Paks\pakchunk6120-WindowsNoEditor.pak",2011787,2011787,2001635,14
"25F43CD13DE64D03CDEF88ADB140CB156415C68F","TheDivision\Content\Paks\pakchunk6120-WindowsNoEditor.sig",652,652,662,14
"25F43CD13DE64D03CDEF88ADB140CB156415C68F","TheDivision\Content\Paks\pakchunk6124-WindowsNoEditor.pak",1829531,1829531,1817519,14
"25F43CD13DE64D03CDEF88ADB140CB156415C68F","TheDivision\Content\Paks\pakchunk6124-WindowsNoEditor.sig",640,640,650,14
"25F43CD13DE64D03CDEF88ADB140CB156415C68F","TheDivision\Content\Paks\pakchunk6128-WindowsNoEditor.pak",1829499,1829499,1818546,14
"25F43CD13DE64D03CDEF88ADB140CB156415C68F","TheDivision\Content\Paks\pakchunk6128-WindowsNoEditor.sig",640,640,650,14
"25F43CD13DE64D03CDEF88ADB140CB156415C68F","TheDivision\Content\Paks\pakchunk6132-WindowsNoEditor.pak",1991355,1991355,1980314,14
"25F43CD13DE64D03CDEF88ADB140CB156415C68F","TheDivision\Content\Paks\pakchunk6132-WindowsNoEditor.sig",652,652,662,14
"25F43CD13DE64D03CDEF88ADB140CB156415C68F","TheDivision\Content\Paks\pakchunk6136-WindowsNoEditor.pak",2083435,2083435,2073391,14
"25F43CD13DE64D03CDEF88ADB140CB156415C68F","TheDivision\Content\Paks\pakchunk6136-WindowsNoEditor.sig",656,656,666,14
"25F43CD13DE64D03CDEF88ADB140CB156415C68F","TheDivision\Content\Paks\pakchunk6140-WindowsNoEditor.pak",1768059,1768059,1756925,14
"25F43CD13DE64D03CDEF88ADB140CB156415C68F","TheDivision\Content\Paks\pakchunk6140-WindowsNoEditor.sig",636,636,646,14
"25F43CD13DE64D03CDEF88ADB140CB156415C68F","TheDivision\Content\Paks\pakchunk6144-WindowsNoEditor.pak",1555099,1555099,1544560,14
"25F43CD13DE64D03CDEF88ADB140CB156415C68F","TheDivision\Content\Paks\pakchunk6144-WindowsNoEditor.sig",624,624,634,14
"25F43CD13DE64D03CDEF88ADB140CB156415C68F","TheDivision\Content\Paks\pakchunk6148-WindowsNoEditor.pak",1647291,1647291,1632548,14
"25F43CD13DE64D03CDEF88ADB140CB156415C68F","TheDivision\Content\Paks\pakchunk6148-WindowsNoEditor.sig",632,632,642,14
"25F43CD13DE64D03CDEF88ADB140CB156415C68F","TheDivision\Content\Paks\pakchunk6152-WindowsNoEditor.pak",1616571,1616571,1604601,14
"25F43CD13DE64D03CDEF88ADB140CB156415C68F","TheDivision\Content\Paks\pakchunk6152-WindowsNoEditor.sig",628,628,638,14
"25F43CD13DE64D03CDEF88ADB140CB156415C68F","TheDivision\Content\Paks\pakchunk6156-WindowsNoEditor.pak",1692347,1692347,1677773,14
"25F43CD13DE64D03CDEF88ADB140CB156415C68F","TheDivision\Content\Paks\pakchunk6156-WindowsNoEditor.sig",632,632,642,14
"25F43CD13DE64D03CDEF88ADB140CB156415C68F","TheDivision\Content\Paks\pakchunk6160-WindowsNoEditor.pak",1655547,1655547,1640539,14
"25F43CD13DE64D03CDEF88ADB140CB156415C68F","TheDivision\Content\Paks\pakchunk6160-WindowsNoEditor.sig",632,632,642,14
"25F43CD13DE64D03CDEF88ADB140CB156415C68F","TheDivision\Content\Paks\pakchunk6164-WindowsNoEditor.pak",1720971,1720971,1709997,14
"25F43CD13DE64D03CDEF88ADB140CB156415C68F","TheDivision\Content\Paks\pakchunk6164-WindowsNoEditor.sig",636,636,646,14
"25F43CD13DE64D03CDEF88ADB140CB156415C68F","TheDivision\Content\Paks\pakchunk6168-WindowsNoEditor.pak",2235347,2235347,2224029,14
"25F43CD13DE64D03CDEF88ADB140CB156415C68F","TheDivision\Content\Paks\pakchunk6168-WindowsNoEditor.sig",668,668,678,14
"25F43CD13DE64D03CDEF88ADB140CB156415C68F","TheDivision\Content\Paks\pakchunk6172-WindowsNoEditor.pak",1624699,1624699,1615373,14
"25F43CD13DE64D03CDEF88ADB140CB156415C68F","TheDivision\Content\Paks\pakchunk6172-WindowsNoEditor.sig",628,628,638,14
"25F43CD13DE64D03CDEF88ADB140CB156415C68F","TheDivision\Content\Paks\pakchunk6176-WindowsNoEditor.pak",2052715,2052715,2043535,14
"25F43CD13DE64D03CDEF88ADB140CB156415C68F","TheDivision\Content\Paks\pakchunk6176-WindowsNoEditor.sig",656,656,666,14
"25F43CD13DE64D03CDEF88ADB140CB156415C68F","TheDivision\Content\Paks\pakchunk6180-WindowsNoEditor.pak",2149083,2149083,2140467,14
"25F43CD13DE64D03CDEF88ADB140CB156415C68F","TheDivision\Content\Paks\pakchunk6180-WindowsNoEditor.sig",660,660,670,14
"25F43CD13DE64D03CDEF88ADB140CB156415C68F","TheDivision\Content\Paks\pakchunk6184-WindowsNoEditor.pak",1972971,1972971,1963813,14
"25F43CD13DE64D03CDEF88ADB140CB156415C68F","TheDivision\Content\Paks\pakchunk6184-WindowsNoEditor.sig",652,652,662,14
"25F43CD13DE64D03CDEF88ADB140CB156415C68F","TheDivision\Content\Paks\pakchunk6188-WindowsNoEditor.pak",2063003,2063003,2051090,14
"25F43CD13DE64D03CDEF88ADB140CB156415C68F","TheDivision\Content\Paks\pakchunk6188-WindowsNoEditor.sig",656,656,666,14
"25F43CD13DE64D03CDEF88ADB140CB156415C68F","TheDivision\Content\Paks\pakchunk6192-WindowsNoEditor.pak",2110243,2110243,2096968,14
"25F43CD13DE64D03CDEF88ADB140CB156415C68F","TheDivision\Content\Paks\pakchunk6192-WindowsNoEditor.sig",660,660,670,14
"25F43CD13DE64D03CDEF88ADB140CB156415C68F","TheDivision\Content\Paks\pakchunk6196-WindowsNoEditor.pak",1948827,1948827,1937823,14
"25F43CD13DE64D03CDEF88ADB140CB156415C68F","TheDivision\Content\Paks\pakchunk6196-WindowsNoEditor.sig",648,648,658,14
"25F43CD13DE64D03CDEF88ADB140CB156415C68F","TheDivision\Content\Paks\pakchunk6200-WindowsNoEditor.pak",1915651,1915651,1903099,14
"25F43CD13DE64D03CDEF88ADB140CB156415C68F","TheDivision\Content\Paks\pakchunk6200-WindowsNoEditor.sig",648,648,658,14
"25F43CD13DE64D03CDEF88ADB140CB156415C68F","TheDivision\Content\Paks\pakchunk6204-WindowsNoEditor.pak",1737555,1737555,1727202,14
"25F43CD13DE64D03CDEF88ADB140CB156415C68F","TheDivision\Content\Paks\pakchunk6204-WindowsNoEditor.sig",636,636,646,14
"25F43CD13DE64D03CDEF88ADB140CB156415C68F","TheDivision\Content\Paks\pakchunk6208-WindowsNoEditor.pak",1819555,1819555,1808669,14
"25F43CD13DE64D03CDEF88ADB140CB156415C68F","TheDivision\Content\Paks\pakchunk6208-WindowsNoEditor.sig",640,640,650,14
"25F43CD13DE64D03CDEF88ADB140CB156415C68F","TheDivision\Content\Paks\pakchunk6212-WindowsNoEditor.pak",1850163,1850163,1840071,14
"25F43CD13DE64D03CDEF88ADB140CB156415C68F","TheDivision\Content\Paks\pakchunk6212-WindowsNoEditor.sig",644,644,654,14
"25F43CD13DE64D03CDEF88ADB140CB156415C68F","TheDivision\Content\Paks\pakchunk6216-WindowsNoEditor.pak",1567395,1567395,1556352,14
"25F43CD13DE64D03CDEF88ADB140CB156415C68F","TheDivision\Content\Paks\pakchunk6216-WindowsNoEditor.sig",624,624,634,14
"25F43CD13DE64D03CDEF88ADB140CB156415C68F","TheDivision\Content\Paks\pakchunk6220-WindowsNoEditor.pak",1657507,1657507,1647035,14
"25F43CD13DE64D03CDEF88ADB140CB156415C68F","TheDivision\Content\Paks\pakchunk6220-WindowsNoEditor.sig",632,632,642,14
"25F43CD13DE64D03CDEF88ADB140CB156415C68F","TheDivision\Content\Paks\pakchunk6224-WindowsNoEditor.pak",1536639,1536639,1525411,14
"25F43CD13DE64D03CDEF88ADB140CB156415C68F","TheDivision\Content\Paks\pakchunk6224-WindowsNoEditor.sig",624,624,634,14
"25F43CD13DE64D03CDEF88ADB140CB156415C68F","TheDivision\Content\Paks\pakchunk6228-WindowsNoEditor.pak",1526107,1526107,1515740,14
"25F43CD13DE64D03CDEF88ADB140CB156415C68F","TheDivision\Content\Paks\pakchunk6228-WindowsNoEditor.sig",624,624,634,14
"25F43CD13DE64D03CDEF88ADB140CB156415C68F","TheDivision\Content\Paks\pakchunk6232-WindowsNoEditor.pak",1579811,1579811,1567271,14
"25F43CD13DE64D03CDEF88ADB140CB156415C68F","TheDivision\Content\Paks\pakchunk6232-WindowsNoEditor.sig",628,628,638,14
"25F43CD13DE64D03CDEF88ADB140CB156415C68F","TheDivision\Content\Paks\pakchunk6236-WindowsNoEditor.pak",1590299,1590299,1580662,14
"25F43CD13DE64D03CDEF88ADB140CB156415C68F","TheDivision\Content\Paks\pakchunk6236-WindowsNoEditor.sig",628,628,638,14
"25F43CD13DE64D03CDEF88ADB140CB156415C68F","TheDivision\Content\Paks\pakchunk6240-WindowsNoEditor.pak",1794359,1794359,1783380,14
"25F43CD13DE64D03CDEF88ADB140CB156415C68F","TheDivision\Content\Paks\pakchunk6240-WindowsNoEditor.sig",640,640,650,14
"25F43CD13DE64D03CDEF88ADB140CB156415C68F","TheDivision\Content\Paks\pakchunk6244-WindowsNoEditor.pak",1470799,1470799,1458680,14
"25F43CD13DE64D03CDEF88ADB140CB156415C68F","TheDivision\Content\Paks\pakchunk6244-WindowsNoEditor.sig",620,620,630,14
"25F43CD13DE64D03CDEF88ADB140CB156415C68F","TheDivision\Content\Paks\pakchunk6248-WindowsNoEditor.pak",1706707,1706707,1696207,14
"25F43CD13DE64D03CDEF88ADB140CB156415C68F","TheDivision\Content\Paks\pakchunk6248-WindowsNoEditor.sig",636,636,646,14
"25F43CD13DE64D03CDEF88ADB140CB156415C68F","TheDivision\Content\Paks\pakchunk6252-WindowsNoEditor.pak",1880867,1880867,1870950,14
"25F43CD13DE64D03CDEF88ADB140CB156415C68F","TheDivision\Content\Paks\pakchunk6252-WindowsNoEditor.sig",644,644,654,14
"25F43CD13DE64D03CDEF88ADB140CB156415C68F","TheDivision\Content\Paks\pakchunk6256-WindowsNoEditor.pak",917406,917406,906122,14
"25F43CD13DE64D03CDEF88ADB140CB156415C68F","TheDivision\Content\Paks\pakchunk6256-WindowsNoEditor.sig",584,584,594,14
"25F43CD13DE64D03CDEF88ADB140CB156415C68F","TheDivision\Content\Paks\pakchunk6260-WindowsNoEditor.pak",2083491,2083491,2072243,14
"25F43CD13DE64D03CDEF88ADB140CB156415C68F","TheDivision\Content\Paks\pakchunk6260-WindowsNoEditor.sig",656,656,666,14
"25F43CD13DE64D03CDEF88ADB140CB156415C68F","TheDivision\Content\Paks\pakchunk6264-WindowsNoEditor.pak",1573491,1573491,1561911,14
"25F43CD13DE64D03CDEF88ADB140CB156415C68F","TheDivision\Content\Paks\pakchunk6264-WindowsNoEditor.sig",628,628,638,14
"25F43CD13DE64D03CDEF88ADB140CB156415C68F","TheDivision\Content\Paks\pakchunk6268-WindowsNoEditor.pak",1581699,1581699,1571114,14
"25F43CD13DE64D03CDEF88ADB140CB156415C68F","TheDivision\Content\Paks\pakchunk6268-WindowsNoEditor.sig",628,628,638,14
"25F43CD13DE64D03CDEF88ADB140CB156415C68F","TheDivision\Content\Paks\pakchunk6272-WindowsNoEditor.pak",1577635,1577635,1565247,14
"25F43CD13DE64D03CDEF88ADB140CB156415C68F","TheDivision\Content\Paks\pakchunk6272-WindowsNoEditor.sig",628,628,638,14
"25F43CD13DE64D03CDEF88ADB140CB156415C68F","TheDivision\Content\Paks\pakchunk6276-WindowsNoEditor.pak",1577635,1577635,1567463,14
"25F43CD13DE64D03CDEF88ADB140CB156415C68F","TheDivision\Content\Paks\pakchunk6276-WindowsNoEditor.sig",628,628,638,14
"25F43CD13DE64D03CDEF88ADB140CB156415C68F","TheDivision\Content\Paks\pakchunk6280-WindowsNoEditor.pak",1725075,1725075,1712492,14
"25F43CD13DE64D03CDEF88ADB140CB156415C68F","TheDivision\Content\Paks\pakchunk6280-WindowsNoEditor.sig",636,636,646,14
"25F43CD13DE64D03CDEF88ADB140CB156415C68F","TheDivision\Content\Paks\pakchunk6284-WindowsNoEditor.pak",1573523,1573523,1563656,14
"25F43CD13DE64D03CDEF88ADB140CB156415C68F","TheDivision\Content\Paks\pakchunk6284-WindowsNoEditor.sig",628,628,638,14
"25F43CD13DE64D03CDEF88ADB140CB156415C68F","TheDivision\Content\Paks\pakchunk6288-WindowsNoEditor.pak",2114127,2114127,2106616,14
"25F43CD13DE64D03CDEF88ADB140CB156415C68F","TheDivision\Content\Paks\pakchunk6288-WindowsNoEditor.sig",660,660,670,14
"25F43CD13DE64D03CDEF88ADB140CB156415C68F","TheDivision\Content\Paks\pakchunk6292-WindowsNoEditor.pak",2026095,2026095,2016902,14
"25F43CD13DE64D03CDEF88ADB140CB156415C68F","TheDivision\Content\Paks\pakchunk6292-WindowsNoEditor.sig",652,652,662,14
"25F43CD13DE64D03CDEF88ADB140CB156415C68F","TheDivision\Content\Paks\pakchunk6296-WindowsNoEditor.pak",1747631,1747631,1737740,14
"25F43CD13DE64D03CDEF88ADB140CB156415C68F","TheDivision\Content\Paks\pakchunk6296-WindowsNoEditor.sig",636,636,646,14
"25F43CD13DE64D03CDEF88ADB140CB156415C68F","TheDivision\Content\Paks\pakchunk6300-WindowsNoEditor.pak",1892679,1892679,1885181,14
"25F43CD13DE64D03CDEF88ADB140CB156415C68F","TheDivision\Content\Paks\pakchunk6300-WindowsNoEditor.sig",644,644,654,14
"25F43CD13DE64D03CDEF88ADB140CB156415C68F","TheDivision\Content\Paks\pakchunk6304-WindowsNoEditor.pak",1911487,1911487,1902071,14
"25F43CD13DE64D03CDEF88ADB140CB156415C68F","TheDivision\Content\Paks\pakchunk6304-WindowsNoEditor.sig",648,648,658,14
"25F43CD13DE64D03CDEF88ADB140CB156415C68F","TheDivision\Content\Paks\pakchunk6308-WindowsNoEditor.pak",1874607,1874607,1863953,14
"25F43CD13DE64D03CDEF88ADB140CB156415C68F","TheDivision\Content\Paks\pakchunk6308-WindowsNoEditor.sig",644,644,654,14
"25F43CD13DE64D03CDEF88ADB140CB156415C68F","TheDivision\Content\Paks\pakchunk6312-WindowsNoEditor.pak",1729651,1729651,1705463,14
"25F43CD13DE64D03CDEF88ADB140CB156415C68F","TheDivision\Content\Paks\pakchunk6312-WindowsNoEditor.sig",636,636,646,14
"25F43CD13DE64D03CDEF88ADB140CB156415C68F","TheDivision\Content\Paks\pakchunk6316-WindowsNoEditor.pak",1596267,1596267,1585470,14
"25F43CD13DE64D03CDEF88ADB140CB156415C68F","TheDivision\Content\Paks\pakchunk6316-WindowsNoEditor.sig",628,628,638,14
"25F43CD13DE64D03CDEF88ADB140CB156415C68F","TheDivision\Content\Paks\pakchunk6320-WindowsNoEditor.pak",1592435,1592435,1583320,14
"25F43CD13DE64D03CDEF88ADB140CB156415C68F","TheDivision\Content\Paks\pakchunk6320-WindowsNoEditor.sig",628,628,638,14
"25F43CD13DE64D03CDEF88ADB140CB156415C68F","TheDivision\Content\Paks\pakchunk6324-WindowsNoEditor.pak",1684563,1684563,1665127,14
"25F43CD13DE64D03CDEF88ADB140CB156415C68F","TheDivision\Content\Paks\pakchunk6324-WindowsNoEditor.sig",632,632,642,14
"25F43CD13DE64D03CDEF88ADB140CB156415C68F","TheDivision\Content\Paks\pakchunk6328-WindowsNoEditor.pak",1610571,1610571,1600091,14
"25F43CD13DE64D03CDEF88ADB140CB156415C68F","TheDivision\Content\Paks\pakchunk6328-WindowsNoEditor.sig",628,628,638,14
"25F43CD13DE64D03CDEF88ADB140CB156415C68F","TheDivision\Content\Paks\pakchunk6332-WindowsNoEditor.pak",1600219,1600219,1586537,14
"25F43CD13DE64D03CDEF88ADB140CB156415C68F","TheDivision\Content\Paks\pakchunk6332-WindowsNoEditor.sig",628,628,638,14
"25F43CD13DE64D03CDEF88ADB140CB156415C68F","TheDivision\Content\Paks\pakchunk6336-WindowsNoEditor.pak",1893135,1893135,1880777,14
"25F43CD13DE64D03CDEF88ADB140CB156415C68F","TheDivision\Content\Paks\pakchunk6336-WindowsNoEditor.sig",644,644,654,14
"25F43CD13DE64D03CDEF88ADB140CB156415C68F","TheDivision\Content\Paks\pakchunk6340-WindowsNoEditor.pak",1917711,1917711,1906795,14
"25F43CD13DE64D03CDEF88ADB140CB156415C68F","TheDivision\Content\Paks\pakchunk6340-WindowsNoEditor.sig",648,648,658,14
"25F43CD13DE64D03CDEF88ADB140CB156415C68F","TheDivision\Content\Paks\pakchunk6344-WindowsNoEditor.pak",1712895,1712895,1698814,14
"25F43CD13DE64D03CDEF88ADB140CB156415C68F","TheDivision\Content\Paks\pakchunk6344-WindowsNoEditor.sig",636,636,646,14
"25F43CD13DE64D03CDEF88ADB140CB156415C68F","TheDivision\Content\Paks\pakchunk6348-WindowsNoEditor.pak",1907487,1907487,1895296,14
"25F43CD13DE64D03CDEF88ADB140CB156415C68F","TheDivision\Content\Paks\pakchunk6348-WindowsNoEditor.sig",648,648,658,14
"25F43CD13DE64D03CDEF88ADB140CB156415C68F","TheDivision\Content\Paks\pakchunk6352-WindowsNoEditor.pak",1679815,1679815,1667482,14
"25F43CD13DE64D03CDEF88ADB140CB156415C68F","TheDivision\Content\Paks\pakchunk6352-WindowsNoEditor.sig",632,632,642,14
"25F43CD13DE64D03CDEF88ADB140CB156415C68F","TheDivision\Content\Paks\pakchunk6356-WindowsNoEditor.pak",2173631,2173631,2156419,14
"25F43CD13DE64D03CDEF88ADB140CB156415C68F","TheDivision\Content\Paks\pakchunk6356-WindowsNoEditor.sig",664,664,674,14
"25F43CD13DE64D03CDEF88ADB140CB156415C68F","TheDivision\Content\Paks\pakchunk6360-WindowsNoEditor.pak",1805267,1805267,1790716,14
"25F43CD13DE64D03CDEF88ADB140CB156415C68F","TheDivision\Content\Paks\pakchunk6360-WindowsNoEditor.sig",640,640,650,14
"25F43CD13DE64D03CDEF88ADB140CB156415C68F","TheDivision\Content\Paks\pakchunk6364-WindowsNoEditor.pak",1537603,1537603,1527984,14
"25F43CD13DE64D03CDEF88ADB140CB156415C68F","TheDivision\Content\Paks\pakchunk6364-WindowsNoEditor.sig",624,624,634,14
"25F43CD13DE64D03CDEF88ADB140CB156415C68F","TheDivision\Content\Paks\pakchunk6368-WindowsNoEditor.pak",1948443,1948443,1941619,14
"25F43CD13DE64D03CDEF88ADB140CB156415C68F","TheDivision\Content\Paks\pakchunk6368-WindowsNoEditor.sig",648,648,658,14
"25F43CD13DE64D03CDEF88ADB140CB156415C68F","TheDivision\Content\Paks\pakchunk6372-WindowsNoEditor.pak",2003579,2003579,1989000,14
"25F43CD13DE64D03CDEF88ADB140CB156415C68F","TheDivision\Content\Paks\pakchunk6372-WindowsNoEditor.sig",652,652,662,14
"25F43CD13DE64D03CDEF88ADB140CB156415C68F","TheDivision\Content\Paks\pakchunk6376-WindowsNoEditor.pak",1821339,1821339,1810805,14
"25F43CD13DE64D03CDEF88ADB140CB156415C68F","TheDivision\Content\Paks\pakchunk6376-WindowsNoEditor.sig",640,640,650,14
"25F43CD13DE64D03CDEF88ADB140CB156415C68F","TheDivision\Content\Paks\pakchunk6380-WindowsNoEditor.pak",1727243,1727243,1719029,14
"25F43CD13DE64D03CDEF88ADB140CB156415C68F","TheDivision\Content\Paks\pakchunk6380-WindowsNoEditor.sig",636,636,646,14
"25F43CD13DE64D03CDEF88ADB140CB156415C68F","TheDivision\Content\Paks\pakchunk6384-WindowsNoEditor.pak",2124851,2124851,2107768,14
"25F43CD13DE64D03CDEF88ADB140CB156415C68F","TheDivision\Content\Paks\pakchunk6384-WindowsNoEditor.sig",660,660,670,14
"25F43CD13DE64D03CDEF88ADB140CB156415C68F","TheDivision\Content\Paks\pakchunk6388-WindowsNoEditor.pak",1602235,1602235,1591815,14
"25F43CD13DE64D03CDEF88ADB140CB156415C68F","TheDivision\Content\Paks\pakchunk6388-WindowsNoEditor.sig",628,628,638,14
"25F43CD13DE64D03CDEF88ADB140CB156415C68F","TheDivision\Content\Paks\pakchunk6392-WindowsNoEditor.pak",1696427,1696427,1685634,14
"25F43CD13DE64D03CDEF88ADB140CB156415C68F","TheDivision\Content\Paks\pakchunk6392-WindowsNoEditor.sig",632,632,642,14
"25F43CD13DE64D03CDEF88ADB140CB156415C68F","TheDivision\Content\Paks\pakchunk6396-WindowsNoEditor.pak",1944347,1944347,1927847,14
"25F43CD13DE64D03CDEF88ADB140CB156415C68F","TheDivision\Content\Paks\pakchunk6396-WindowsNoEditor.sig",648,648,658,14
"25F43CD13DE64D03CDEF88ADB140CB156415C68F","TheDivision\Content\Paks\pakchunk6400-WindowsNoEditor.pak",1852171,1852171,1841015,14
"25F43CD13DE64D03CDEF88ADB140CB156415C68F","TheDivision\Content\Paks\pakchunk6400-WindowsNoEditor.sig",644,644,654,14
"25F43CD13DE64D03CDEF88ADB140CB156415C68F","TheDivision\Content\Paks\pakchunk6404-WindowsNoEditor.pak",2103995,2103995,2091795,14
"25F43CD13DE64D03CDEF88ADB140CB156415C68F","TheDivision\Content\Paks\pakchunk6404-WindowsNoEditor.sig",660,660,670,14
"25F43CD13DE64D03CDEF88ADB140CB156415C68F","TheDivision\Content\Paks\pakchunk6408-WindowsNoEditor.pak",1720935,1720935,1705272,14
"25F43CD13DE64D03CDEF88ADB140CB156415C68F","TheDivision\Content\Paks\pakchunk6408-WindowsNoEditor.sig",636,636,646,14
"25F43CD13DE64D03CDEF88ADB140CB156415C68F","TheDivision\Content\Paks\pakchunk6412-WindowsNoEditor.pak",1749983,1749983,1732975,14
"25F43CD13DE64D03CDEF88ADB140CB156415C68F","TheDivision\Content\Paks\pakchunk6412-WindowsNoEditor.sig",636,636,646,14
"25F43CD13DE64D03CDEF88ADB140CB156415C68F","TheDivision\Content\Paks\pakchunk6416-WindowsNoEditor.pak",1792679,1792679,1779989,14
"25F43CD13DE64D03CDEF88ADB140CB156415C68F","TheDivision\Content\Paks\pakchunk6416-WindowsNoEditor.sig",640,640,650,14
"25F43CD13DE64D03CDEF88ADB140CB156415C68F","TheDivision\Content\Paks\pakchunk6420-WindowsNoEditor.pak",10279,10279,6196,14
"25F43CD13DE64D03CDEF88ADB140CB156415C68F","TheDivision\Content\Paks\pakchunk6420-WindowsNoEditor.sig",532,532,542,14
"25F43CD13DE64D03CDEF88ADB140CB156415C68F","TheDivision\Content\Paks\pakchunk6424-WindowsNoEditor.pak",1653351,1653351,1643476,14
"25F43CD13DE64D03CDEF88ADB140CB156415C68F","TheDivision\Content\Paks\pakchunk6424-WindowsNoEditor.sig",632,632,642,14
"25F43CD13DE64D03CDEF88ADB140CB156415C68F","TheDivision\Content\Paks\pakchunk6428-WindowsNoEditor.pak",1608407,1608407,1596429,14
"25F43CD13DE64D03CDEF88ADB140CB156415C68F","TheDivision\Content\Paks\pakchunk6428-WindowsNoEditor.sig",628,628,638,14
"25F43CD13DE64D03CDEF88ADB140CB156415C68F","TheDivision\Content\Paks\pakchunk6432-WindowsNoEditor.pak",2669351,2669351,2656716,14
"25F43CD13DE64D03CDEF88ADB140CB156415C68F","TheDivision\Content\Paks\pakchunk6432-WindowsNoEditor.sig",692,692,702,14
"25F43CD13DE64D03CDEF88ADB140CB156415C68F","TheDivision\Content\Paks\pakchunk6436-WindowsNoEditor.pak",2560839,2560839,2548318,14
"25F43CD13DE64D03CDEF88ADB140CB156415C68F","TheDivision\Content\Paks\pakchunk6436-WindowsNoEditor.sig",688,688,698,14
"25F43CD13DE64D03CDEF88ADB140CB156415C68F","TheDivision\Content\Paks\pakchunk6440-WindowsNoEditor.pak",2794327,2794327,2781882,14
"25F43CD13DE64D03CDEF88ADB140CB156415C68F","TheDivision\Content\Paks\pakchunk6440-WindowsNoEditor.sig",700,700,710,14
"25F43CD13DE64D03CDEF88ADB140CB156415C68F","TheDivision\Content\Paks\pakchunk6444-WindowsNoEditor.pak",2362575,2362575,2350964,14
"25F43CD13DE64D03CDEF88ADB140CB156415C68F","TheDivision\Content\Paks\pakchunk6444-WindowsNoEditor.sig",676,676,686,14
"25F43CD13DE64D03CDEF88ADB140CB156415C68F","TheDivision\Content\Paks\pakchunk6448-WindowsNoEditor.pak",2497351,2497351,2486149,14
"25F43CD13DE64D03CDEF88ADB140CB156415C68F","TheDivision\Content\Paks\pakchunk6448-WindowsNoEditor.sig",684,684,694,14
"25F43CD13DE64D03CDEF88ADB140CB156415C68F","TheDivision\Content\Paks\pakchunk6452-WindowsNoEditor.pak",2470727,2470727,2454453,14
"25F43CD13DE64D03CDEF88ADB140CB156415C68F","TheDivision\Content\Paks\pakchunk6452-WindowsNoEditor.sig",680,680,690,14
"25F43CD13DE64D03CDEF88ADB140CB156415C68F","TheDivision\Content\Paks\pakchunk6456-WindowsNoEditor.pak",1882827,1882827,1872821,14
"25F43CD13DE64D03CDEF88ADB140CB156415C68F","TheDivision\Content\Paks\pakchunk6456-WindowsNoEditor.sig",644,644,654,14
"25F43CD13DE64D03CDEF88ADB140CB156415C68F","TheDivision\Content\Paks\pakchunk6460-WindowsNoEditor.pak",1508043,1508043,1498405,14
"25F43CD13DE64D03CDEF88ADB140CB156415C68F","TheDivision\Content\Paks\pakchunk6460-WindowsNoEditor.sig",624,624,634,14
"25F43CD13DE64D03CDEF88ADB140CB156415C68F","TheDivision\Content\Paks\pakchunk6464-WindowsNoEditor.pak",1780411,1780411,1768182,14
"25F43CD13DE64D03CDEF88ADB140CB156415C68F","TheDivision\Content\Paks\pakchunk6464-WindowsNoEditor.sig",640,640,650,14
"25F43CD13DE64D03CDEF88ADB140CB156415C68F","TheDivision\Content\Paks\pakchunk6468-WindowsNoEditor.pak",1639115,1639115,1627204,14
"25F43CD13DE64D03CDEF88ADB140CB156415C68F","TheDivision\Content\Paks\pakchunk6468-WindowsNoEditor.sig",632,632,642,14
"25F43CD13DE64D03CDEF88ADB140CB156415C68F","TheDivision\Content\Paks\pakchunk6472-WindowsNoEditor.pak",1583427,1583427,1568353,14
"25F43CD13DE64D03CDEF88ADB140CB156415C68F","TheDivision\Content\Paks\pakchunk6472-WindowsNoEditor.sig",628,628,638,14
"25F43CD13DE64D03CDEF88ADB140CB156415C68F","TheDivision\Content\Paks\pakchunk6476-WindowsNoEditor.pak",1747559,1747559,1724986,14
"25F43CD13DE64D03CDEF88ADB140CB156415C68F","TheDivision\Content\Paks\pakchunk6476-WindowsNoEditor.sig",636,636,646,14
"25F43CD13DE64D03CDEF88ADB140CB156415C68F","TheDivision\Content\Paks\pakchunk6480-WindowsNoEditor.pak",2120443,2120443,2103384,14
"25F43CD13DE64D03CDEF88ADB140CB156415C68F","TheDivision\Content\Paks\pakchunk6480-WindowsNoEditor.sig",660,660,670,14
"25F43CD13DE64D03CDEF88ADB140CB156415C68F","TheDivision\Content\Paks\pakchunk6484-WindowsNoEditor.pak",1807099,1807099,1789838,14
"25F43CD13DE64D03CDEF88ADB140CB156415C68F","TheDivision\Content\Paks\pakchunk6484-WindowsNoEditor.sig",640,640,650,14
"25F43CD13DE64D03CDEF88ADB140CB156415C68F","TheDivision\Content\Paks\pakchunk6488-WindowsNoEditor.pak",1774315,1774315,1762346,14
"25F43CD13DE64D03CDEF88ADB140CB156415C68F","TheDivision\Content\Paks\pakchunk6488-WindowsNoEditor.sig",640,640,650,14
"25F43CD13DE64D03CDEF88ADB140CB156415C68F","TheDivision\Content\Paks\pakchunk6492-WindowsNoEditor.pak",1936059,1936059,1917234,14
"25F43CD13DE64D03CDEF88ADB140CB156415C68F","TheDivision\Content\Paks\pakchunk6492-WindowsNoEditor.sig",648,648,658,14
"25F43CD13DE64D03CDEF88ADB140CB156415C68F","TheDivision\Content\Paks\pakchunk6496-WindowsNoEditor.pak",1761995,1761995,1750807,14
"25F43CD13DE64D03CDEF88ADB140CB156415C68F","TheDivision\Content\Paks\pakchunk6496-WindowsNoEditor.sig",636,636,646,14
"25F43CD13DE64D03CDEF88ADB140CB156415C68F","TheDivision\Content\Paks\pakchunk6500-WindowsNoEditor.pak",1712859,1712859,1700892,14
"25F43CD13DE64D03CDEF88ADB140CB156415C68F","TheDivision\Content\Paks\pakchunk6500-WindowsNoEditor.sig",636,636,646,14
"25F43CD13DE64D03CDEF88ADB140CB156415C68F","TheDivision\Content\Paks\pakchunk6504-WindowsNoEditor.pak",1544855,1544855,1533718,14
"25F43CD13DE64D03CDEF88ADB140CB156415C68F","TheDivision\Content\Paks\pakchunk6504-WindowsNoEditor.sig",624,624,634,14
"25F43CD13DE64D03CDEF88ADB140CB156415C68F","TheDivision\Content\Paks\pakchunk6508-WindowsNoEditor.pak",1729207,1729207,1713336,14
"25F43CD13DE64D03CDEF88ADB140CB156415C68F","TheDivision\Content\Paks\pakchunk6508-WindowsNoEditor.sig",636,636,646,14
"25F43CD13DE64D03CDEF88ADB140CB156415C68F","TheDivision\Content\Paks\pakchunk6512-WindowsNoEditor.pak",3305748,3305748,3286163,14
"25F43CD13DE64D03CDEF88ADB140CB156415C68F","TheDivision\Content\Paks\pakchunk6512-WindowsNoEditor.sig",732,732,742,14
"25F43CD13DE64D03CDEF88ADB140CB156415C68F","TheDivision\Content\Paks\pakchunk6516-WindowsNoEditor.pak",1952439,1952439,1940338,14
"25F43CD13DE64D03CDEF88ADB140CB156415C68F","TheDivision\Content\Paks\pakchunk6516-WindowsNoEditor.sig",648,648,658,14
"25F43CD13DE64D03CDEF88ADB140CB156415C68F","TheDivision\Content\Paks\pakchunk6520-WindowsNoEditor.pak",1669799,1669799,1660476,14
"25F43CD13DE64D03CDEF88ADB140CB156415C68F","TheDivision\Content\Paks\pakchunk6520-WindowsNoEditor.sig",632,632,642,14
"25F43CD13DE64D03CDEF88ADB140CB156415C68F","TheDivision\Content\Paks\pakchunk6524-WindowsNoEditor.pak",1444615,1444615,1435040,14
"25F43CD13DE64D03CDEF88ADB140CB156415C68F","TheDivision\Content\Paks\pakchunk6524-WindowsNoEditor.sig",620,620,630,14
"25F43CD13DE64D03CDEF88ADB140CB156415C68F","TheDivision\Content\Paks\pakchunk6528-WindowsNoEditor.pak",1995543,1995543,1986176,14
"25F43CD13DE64D03CDEF88ADB140CB156415C68F","TheDivision\Content\Paks\pakchunk6528-WindowsNoEditor.sig",652,652,662,14
"25F43CD13DE64D03CDEF88ADB140CB156415C68F","TheDivision\Content\Paks\pakchunk6532-WindowsNoEditor.pak",1847807,1847807,1837942,14
"25F43CD13DE64D03CDEF88ADB140CB156415C68F","TheDivision\Content\Paks\pakchunk6532-WindowsNoEditor.sig",644,644,654,14
"25F43CD13DE64D03CDEF88ADB140CB156415C68F","TheDivision\Content\Paks\pakchunk6536-WindowsNoEditor.pak",1737559,1737559,1724629,14
"25F43CD13DE64D03CDEF88ADB140CB156415C68F","TheDivision\Content\Paks\pakchunk6536-WindowsNoEditor.sig",636,636,646,14
"25F43CD13DE64D03CDEF88ADB140CB156415C68F","TheDivision\Content\Paks\pakchunk6540-WindowsNoEditor.pak",1923943,1923943,1909418,14
"25F43CD13DE64D03CDEF88ADB140CB156415C68F","TheDivision\Content\Paks\pakchunk6540-WindowsNoEditor.sig",648,648,658,14
"25F43CD13DE64D03CDEF88ADB140CB156415C68F","TheDivision\Content\Paks\pakchunk6544-WindowsNoEditor.pak",1663815,1663815,1653283,14
"25F43CD13DE64D03CDEF88ADB140CB156415C68F","TheDivision\Content\Paks\pakchunk6544-WindowsNoEditor.sig",632,632,642,14
"25F43CD13DE64D03CDEF88ADB140CB156415C68F","TheDivision\Content\Paks\pakchunk6548-WindowsNoEditor.pak",2181927,2181927,2169128,14
"25F43CD13DE64D03CDEF88ADB140CB156415C68F","TheDivision\Content\Paks\pakchunk6548-WindowsNoEditor.sig",664,664,674,14
"25F43CD13DE64D03CDEF88ADB140CB156415C68F","TheDivision\Content\Paks\pakchunk6552-WindowsNoEditor.pak",1581363,1581363,1570613,14
"25F43CD13DE64D03CDEF88ADB140CB156415C68F","TheDivision\Content\Paks\pakchunk6552-WindowsNoEditor.sig",628,628,638,14
"25F43CD13DE64D03CDEF88ADB140CB156415C68F","TheDivision\Content\Paks\pakchunk6556-WindowsNoEditor.pak",1950395,1950395,1938726,14
"25F43CD13DE64D03CDEF88ADB140CB156415C68F","TheDivision\Content\Paks\pakchunk6556-WindowsNoEditor.sig",648,648,658,14
"25F43CD13DE64D03CDEF88ADB140CB156415C68F","TheDivision\Content\Paks\pakchunk6560-WindowsNoEditor.pak",1776331,1776331,1765700,14
"25F43CD13DE64D03CDEF88ADB140CB156415C68F","TheDivision\Content\Paks\pakchunk6560-WindowsNoEditor.sig",640,640,650,14
"25F43CD13DE64D03CDEF88ADB140CB156415C68F","TheDivision\Content\Paks\pakchunk6564-WindowsNoEditor.pak",2038475,2038475,2022994,14
"25F43CD13DE64D03CDEF88ADB140CB156415C68F","TheDivision\Content\Paks\pakchunk6564-WindowsNoEditor.sig",656,656,666,14
"25F43CD13DE64D03CDEF88ADB140CB156415C68F","TheDivision\Content\Paks\pakchunk6568-WindowsNoEditor.pak",1790635,1790635,1774996,14
"25F43CD13DE64D03CDEF88ADB140CB156415C68F","TheDivision\Content\Paks\pakchunk6568-WindowsNoEditor.sig",640,640,650,14
"25F43CD13DE64D03CDEF88ADB140CB156415C68F","TheDivision\Content\Paks\pakchunk6572-WindowsNoEditor.pak",2230939,2230939,2217486,14
"25F43CD13DE64D03CDEF88ADB140CB156415C68F","TheDivision\Content\Paks\pakchunk6572-WindowsNoEditor.sig",668,668,678,14
"25F43CD13DE64D03CDEF88ADB140CB156415C68F","TheDivision\Content\Paks\pakchunk6576-WindowsNoEditor.pak",1985271,1985271,1975958,14
"25F43CD13DE64D03CDEF88ADB140CB156415C68F","TheDivision\Content\Paks\pakchunk6576-WindowsNoEditor.sig",652,652,662,14
"25F43CD13DE64D03CDEF88ADB140CB156415C68F","TheDivision\Content\Paks\pakchunk6580-WindowsNoEditor.pak",2126575,2126575,2115414,14
"25F43CD13DE64D03CDEF88ADB140CB156415C68F","TheDivision\Content\Paks\pakchunk6580-WindowsNoEditor.sig",660,660,670,14
"25F43CD13DE64D03CDEF88ADB140CB156415C68F","TheDivision\Content\Paks\pakchunk6584-WindowsNoEditor.pak",1841927,1841927,1830107,14
"25F43CD13DE64D03CDEF88ADB140CB156415C68F","TheDivision\Content\Paks\pakchunk6584-WindowsNoEditor.sig",644,644,654,14
"25F43CD13DE64D03CDEF88ADB140CB156415C68F","TheDivision\Content\Paks\pakchunk6588-WindowsNoEditor.pak",2104071,2104071,2090813,14
"25F43CD13DE64D03CDEF88ADB140CB156415C68F","TheDivision\Content\Paks\pakchunk6588-WindowsNoEditor.sig",660,660,670,14
"25F43CD13DE64D03CDEF88ADB140CB156415C68F","TheDivision\Content\Paks\pakchunk6592-WindowsNoEditor.pak",1817415,1817415,1806431,14
"25F43CD13DE64D03CDEF88ADB140CB156415C68F","TheDivision\Content\Paks\pakchunk6592-WindowsNoEditor.sig",640,640,650,14
"25F43CD13DE64D03CDEF88ADB140CB156415C68F","TheDivision\Content\Paks\pakchunk6596-WindowsNoEditor.pak",2243271,2243271,2230304,14
"25F43CD13DE64D03CDEF88ADB140CB156415C68F","TheDivision\Content\Paks\pakchunk6596-WindowsNoEditor.sig",668,668,678,14
"25F43CD13DE64D03CDEF88ADB140CB156415C68F","TheDivision\Content\Paks\pakchunk6600-WindowsNoEditor.pak",1933959,1933959,1926391,14
"25F43CD13DE64D03CDEF88ADB140CB156415C68F","TheDivision\Content\Paks\pakchunk6600-WindowsNoEditor.sig",648,648,658,14
"25F43CD13DE64D03CDEF88ADB140CB156415C68F","TheDivision\Content\Paks\pakchunk6604-WindowsNoEditor.pak",1602143,1602143,1590052,14
"25F43CD13DE64D03CDEF88ADB140CB156415C68F","TheDivision\Content\Paks\pakchunk6604-WindowsNoEditor.sig",628,628,638,14
"25F43CD13DE64D03CDEF88ADB140CB156415C68F","TheDivision\Content\Paks\pakchunk6608-WindowsNoEditor.pak",2188757,2188757,2179080,14
"25F43CD13DE64D03CDEF88ADB140CB156415C68F","TheDivision\Content\Paks\pakchunk6608-WindowsNoEditor.sig",664,664,674,14
"25F43CD13DE64D03CDEF88ADB140CB156415C68F","TheDivision\Content\Paks\pakchunk6612-WindowsNoEditor.pak",1534615,1534615,1523095,14
"25F43CD13DE64D03CDEF88ADB140CB156415C68F","TheDivision\Content\Paks\pakchunk6612-WindowsNoEditor.sig",624,624,634,14
"25F43CD13DE64D03CDEF88ADB140CB156415C68F","TheDivision\Content\Paks\pakchunk6616-WindowsNoEditor.pak",1388815,1388815,1378735,14
"25F43CD13DE64D03CDEF88ADB140CB156415C68F","TheDivision\Content\Paks\pakchunk6616-WindowsNoEditor.sig",616,616,626,14
"25F43CD13DE64D03CDEF88ADB140CB156415C68F","TheDivision\Content\Paks\pakchunk6620-WindowsNoEditor.pak",1456775,1456775,1444554,14
"25F43CD13DE64D03CDEF88ADB140CB156415C68F","TheDivision\Content\Paks\pakchunk6620-WindowsNoEditor.sig",620,620,630,14
"25F43CD13DE64D03CDEF88ADB140CB156415C68F","TheDivision\Content\Paks\pakchunk6624-WindowsNoEditor.pak",3822738,3822738,3752909,14
"25F43CD13DE64D03CDEF88ADB140CB156415C68F","TheDivision\Content\Paks\pakchunk6624-WindowsNoEditor.sig",764,764,774,14
"25F43CD13DE64D03CDEF88ADB140CB156415C68F","TheDivision\Content\Paks\pakchunk6628-WindowsNoEditor.pak",3463644,3463644,3403641,14
"25F43CD13DE64D03CDEF88ADB140CB156415C68F","TheDivision\Content\Paks\pakchunk6628-WindowsNoEditor.sig",740,740,750,14
"25F43CD13DE64D03CDEF88ADB140CB156415C68F","TheDivision\Content\Paks\pakchunk6632-WindowsNoEditor.pak",3989166,3989166,3937653,14
"25F43CD13DE64D03CDEF88ADB140CB156415C68F","TheDivision\Content\Paks\pakchunk6632-WindowsNoEditor.sig",772,772,782,14
"25F43CD13DE64D03CDEF88ADB140CB156415C68F","TheDivision\Content\Paks\pakchunk6636-WindowsNoEditor.pak",3383709,3383709,3311597,14
"25F43CD13DE64D03CDEF88ADB140CB156415C68F","TheDivision\Content\Paks\pakchunk6636-WindowsNoEditor.sig",736,736,746,14
"25F43CD13DE64D03CDEF88ADB140CB156415C68F","TheDivision\Content\Paks\pakchunk6640-WindowsNoEditor.pak",3607407,3607407,3548280,14
"25F43CD13DE64D03CDEF88ADB140CB156415C68F","TheDivision\Content\Paks\pakchunk6640-WindowsNoEditor.sig",752,752,762,14
"25F43CD13DE64D03CDEF88ADB140CB156415C68F","TheDivision\Content\Paks\pakchunk6644-WindowsNoEditor.pak",3784193,3784193,3702930,14
"25F43CD13DE64D03CDEF88ADB140CB156415C68F","TheDivision\Content\Paks\pakchunk6644-WindowsNoEditor.sig",760,760,770,14
"25F43CD13DE64D03CDEF88ADB140CB156415C68F","TheDivision\Content\Paks\pakchunk6648-WindowsNoEditor.pak",1541165,1541165,1530030,14
"25F43CD13DE64D03CDEF88ADB140CB156415C68F","TheDivision\Content\Paks\pakchunk6648-WindowsNoEditor.sig",624,624,634,14
"25F43CD13DE64D03CDEF88ADB140CB156415C68F","TheDivision\Content\Paks\pakchunk6652-WindowsNoEditor.pak",1686621,1686621,1676805,14
"25F43CD13DE64D03CDEF88ADB140CB156415C68F","TheDivision\Content\Paks\pakchunk6652-WindowsNoEditor.sig",632,632,642,14
"25F43CD13DE64D03CDEF88ADB140CB156415C68F","TheDivision\Content\Paks\pakchunk6656-WindowsNoEditor.pak",2485139,2485139,2466980,14
"25F43CD13DE64D03CDEF88ADB140CB156415C68F","TheDivision\Content\Paks\pakchunk6656-WindowsNoEditor.sig",680,680,690,14
"25F43CD13DE64D03CDEF88ADB140CB156415C68F","TheDivision\Content\Paks\pakchunk6660-WindowsNoEditor.pak",1577735,1577735,1565461,14
"25F43CD13DE64D03CDEF88ADB140CB156415C68F","TheDivision\Content\Paks\pakchunk6660-WindowsNoEditor.sig",628,628,638,14
"25F43CD13DE64D03CDEF88ADB140CB156415C68F","TheDivision\Content\Paks\pakchunk6664-WindowsNoEditor.pak",1891421,1891421,1880340,14
"25F43CD13DE64D03CDEF88ADB140CB156415C68F","TheDivision\Content\Paks\pakchunk6664-WindowsNoEditor.sig",644,644,654,14
"25F43CD13DE64D03CDEF88ADB140CB156415C68F","TheDivision\Content\Paks\pakchunk6668-WindowsNoEditor.pak",1785013,1785013,1774995,14
"25F43CD13DE64D03CDEF88ADB140CB156415C68F","TheDivision\Content\Paks\pakchunk6668-WindowsNoEditor.sig",640,640,650,14
"25F43CD13DE64D03CDEF88ADB140CB156415C68F","TheDivision\Content\Paks\pakchunk6672-WindowsNoEditor.pak",2119217,2119217,2107033,14
"25F43CD13DE64D03CDEF88ADB140CB156415C68F","TheDivision\Content\Paks\pakchunk6672-WindowsNoEditor.sig",660,660,670,14
"25F43CD13DE64D03CDEF88ADB140CB156415C68F","TheDivision\Content\Paks\pakchunk6676-WindowsNoEditor.pak",1646161,1646161,1636023,14
"25F43CD13DE64D03CDEF88ADB140CB156415C68F","TheDivision\Content\Paks\pakchunk6676-WindowsNoEditor.sig",632,632,642,14
"25F43CD13DE64D03CDEF88ADB140CB156415C68F","TheDivision\Content\Paks\pakchunk6680-WindowsNoEditor.pak",1660073,1660073,1647430,14
"25F43CD13DE64D03CDEF88ADB140CB156415C68F","TheDivision\Content\Paks\pakchunk6680-WindowsNoEditor.sig",632,632,642,14
"25F43CD13DE64D03CDEF88ADB140CB156415C68F","TheDivision\Content\Paks\pakchunk6684-WindowsNoEditor.pak",1819889,1819889,1805035,14
"25F43CD13DE64D03CDEF88ADB140CB156415C68F","TheDivision\Content\Paks\pakchunk6684-WindowsNoEditor.sig",640,640,650,14
"25F43CD13DE64D03CDEF88ADB140CB156415C68F","TheDivision\Content\Paks\pakchunk6688-WindowsNoEditor.pak",1846633,1846633,1836305,14
"25F43CD13DE64D03CDEF88ADB140CB156415C68F","TheDivision\Content\Paks\pakchunk6688-WindowsNoEditor.sig",644,644,654,14
"25F43CD13DE64D03CDEF88ADB140CB156415C68F","TheDivision\Content\Paks\pakchunk6692-WindowsNoEditor.pak",1805206,1805206,1791460,14
"25F43CD13DE64D03CDEF88ADB140CB156415C68F","TheDivision\Content\Paks\pakchunk6692-WindowsNoEditor.sig",640,640,650,14
"25F43CD13DE64D03CDEF88ADB140CB156415C68F","TheDivision\Content\Paks\pakchunk6696-WindowsNoEditor.pak",2459695,2459695,2445206,14
"25F43CD13DE64D03CDEF88ADB140CB156415C68F","TheDivision\Content\Paks\pakchunk6696-WindowsNoEditor.sig",680,680,690,14
"25F43CD13DE64D03CDEF88ADB140CB156415C68F","TheDivision\Content\Paks\pakchunk6700-WindowsNoEditor.pak",1927121,1927121,1912972,14
"25F43CD13DE64D03CDEF88ADB140CB156415C68F","TheDivision\Content\Paks\pakchunk6700-WindowsNoEditor.sig",648,648,658,14
"25F43CD13DE64D03CDEF88ADB140CB156415C68F","TheDivision\Content\Paks\pakchunk6704-WindowsNoEditor.pak",1905725,1905725,1894914,14
"25F43CD13DE64D03CDEF88ADB140CB156415C68F","TheDivision\Content\Paks\pakchunk6704-WindowsNoEditor.sig",648,648,658,14
"25F43CD13DE64D03CDEF88ADB140CB156415C68F","TheDivision\Content\Paks\pakchunk6708-WindowsNoEditor.pak",1670341,1670341,1659038,14
"25F43CD13DE64D03CDEF88ADB140CB156415C68F","TheDivision\Content\Paks\pakchunk6708-WindowsNoEditor.sig",632,632,642,14
"25F43CD13DE64D03CDEF88ADB140CB156415C68F","TheDivision\Content\Paks\pakchunk6712-WindowsNoEditor.pak",1639709,1639709,1630915,14
"25F43CD13DE64D03CDEF88ADB140CB156415C68F","TheDivision\Content\Paks\pakchunk6712-WindowsNoEditor.sig",632,632,642,14
"25F43CD13DE64D03CDEF88ADB140CB156415C68F","TheDivision\Content\Paks\pakchunk6716-WindowsNoEditor.pak",1842026,1842026,1833274,14
"25F43CD13DE64D03CDEF88ADB140CB156415C68F","TheDivision\Content\Paks\pakchunk6716-WindowsNoEditor.sig",644,644,654,14
"25F43CD13DE64D03CDEF88ADB140CB156415C68F","TheDivision\Content\Paks\pakchunk6720-WindowsNoEditor.pak",2076119,2076119,2065144,14
"25F43CD13DE64D03CDEF88ADB140CB156415C68F","TheDivision\Content\Paks\pakchunk6720-WindowsNoEditor.sig",656,656,666,14
"25F43CD13DE64D03CDEF88ADB140CB156415C68F","TheDivision\Content\Paks\pakchunk6724-WindowsNoEditor.pak",1994471,1994471,1982583,14
"25F43CD13DE64D03CDEF88ADB140CB156415C68F","TheDivision\Content\Paks\pakchunk6724-WindowsNoEditor.sig",652,652,662,14
"25F43CD13DE64D03CDEF88ADB140CB156415C68F","TheDivision\Content\Paks\pakchunk6728-WindowsNoEditor.pak",1785383,1785383,1772402,14
"25F43CD13DE64D03CDEF88ADB140CB156415C68F","TheDivision\Content\Paks\pakchunk6728-WindowsNoEditor.sig",640,640,650,14
"25F43CD13DE64D03CDEF88ADB140CB156415C68F","TheDivision\Content\Paks\pakchunk6732-WindowsNoEditor.pak",1824167,1824167,1810847,14
"25F43CD13DE64D03CDEF88ADB140CB156415C68F","TheDivision\Content\Paks\pakchunk6732-WindowsNoEditor.sig",640,640,650,14
"25F43CD13DE64D03CDEF88ADB140CB156415C68F","TheDivision\Content\Paks\pakchunk6740-WindowsNoEditor.pak",1920711,1920711,1909880,14
"25F43CD13DE64D03CDEF88ADB140CB156415C68F","TheDivision\Content\Paks\pakchunk6740-WindowsNoEditor.sig",648,648,658,14
"25F43CD13DE64D03CDEF88ADB140CB156415C68F","TheDivision\Content\Paks\pakchunk6744-WindowsNoEditor.pak",1973461,1973461,1954339,14
"25F43CD13DE64D03CDEF88ADB140CB156415C68F","TheDivision\Content\Paks\pakchunk6744-WindowsNoEditor.sig",652,652,662,14
"25F43CD13DE64D03CDEF88ADB140CB156415C68F","TheDivision\Content\Paks\pakchunk6748-WindowsNoEditor.pak",7044563,7044563,7029753,14
"25F43CD13DE64D03CDEF88ADB140CB156415C68F","TheDivision\Content\Paks\pakchunk6748-WindowsNoEditor.sig",960,960,970,14
"25F43CD13DE64D03CDEF88ADB140CB156415C68F","TheDivision\Content\Paks\pakchunk6752-WindowsNoEditor.pak",1750125,1750125,1737379,14
"25F43CD13DE64D03CDEF88ADB140CB156415C68F","TheDivision\Content\Paks\pakchunk6752-WindowsNoEditor.sig",636,636,646,14
"25F43CD13DE64D03CDEF88ADB140CB156415C68F","TheDivision\Content\Paks\pakchunk6756-WindowsNoEditor.pak",1790887,1790887,1776567,14
"25F43CD13DE64D03CDEF88ADB140CB156415C68F","TheDivision\Content\Paks\pakchunk6756-WindowsNoEditor.sig",640,640,650,14
"25F43CD13DE64D03CDEF88ADB140CB156415C68F","TheDivision\Content\Paks\pakchunk6760-WindowsNoEditor.pak",2102381,2102381,2091431,14
"25F43CD13DE64D03CDEF88ADB140CB156415C68F","TheDivision\Content\Paks\pakchunk6760-WindowsNoEditor.sig",660,660,670,14
"25F43CD13DE64D03CDEF88ADB140CB156415C68F","TheDivision\Content\Paks\pakchunk6764-WindowsNoEditor.pak",1754007,1754007,1740941,14
"25F43CD13DE64D03CDEF88ADB140CB156415C68F","TheDivision\Content\Paks\pakchunk6764-WindowsNoEditor.sig",636,636,646,14
"25F43CD13DE64D03CDEF88ADB140CB156415C68F","TheDivision\Content\Paks\pakchunk6768-WindowsNoEditor.pak",2115117,2115117,2104805,14
"25F43CD13DE64D03CDEF88ADB140CB156415C68F","TheDivision\Content\Paks\pakchunk6768-WindowsNoEditor.sig",660,660,670,14
"25F43CD13DE64D03CDEF88ADB140CB156415C68F","TheDivision\Content\Paks\pakchunk6772-WindowsNoEditor.pak",1715325,1715325,1698635,14
"25F43CD13DE64D03CDEF88ADB140CB156415C68F","TheDivision\Content\Paks\pakchunk6772-WindowsNoEditor.sig",636,636,646,14
"25F43CD13DE64D03CDEF88ADB140CB156415C68F","TheDivision\Content\Paks\pakchunk6776-WindowsNoEditor.pak",2206913,2206913,2195531,14
"25F43CD13DE64D03CDEF88ADB140CB156415C68F","TheDivision\Content\Paks\pakchunk6776-WindowsNoEditor.sig",664,664,674,14
"25F43CD13DE64D03CDEF88ADB140CB156415C68F","TheDivision\Content\Paks\pakchunk6780-WindowsNoEditor.pak",1909687,1909687,1899000,14
"25F43CD13DE64D03CDEF88ADB140CB156415C68F","TheDivision\Content\Paks\pakchunk6780-WindowsNoEditor.sig",648,648,658,14
"25F43CD13DE64D03CDEF88ADB140CB156415C68F","TheDivision\Content\Paks\pakchunk6784-WindowsNoEditor.pak",2108544,2108544,2089721,14
"25F43CD13DE64D03CDEF88ADB140CB156415C68F","TheDivision\Content\Paks\pakchunk6784-WindowsNoEditor.sig",660,660,670,14
"25F43CD13DE64D03CDEF88ADB140CB156415C68F","TheDivision\Content\Paks\pakchunk6788-WindowsNoEditor.pak",1563945,1563945,1554449,14
"25F43CD13DE64D03CDEF88ADB140CB156415C68F","TheDivision\Content\Paks\pakchunk6788-WindowsNoEditor.sig",624,624,634,14
"25F43CD13DE64D03CDEF88ADB140CB156415C68F","TheDivision\Content\Paks\pakchunk6792-WindowsNoEditor.pak",1756393,1756393,1739509,14
"25F43CD13DE64D03CDEF88ADB140CB156415C68F","TheDivision\Content\Paks\pakchunk6792-WindowsNoEditor.sig",636,636,646,14
"25F43CD13DE64D03CDEF88ADB140CB156415C68F","TheDivision\Content\Paks\pakchunk6796-WindowsNoEditor.pak",2342217,2342217,2328184,14
"25F43CD13DE64D03CDEF88ADB140CB156415C68F","TheDivision\Content\Paks\pakchunk6796-WindowsNoEditor.sig",672,672,682,14
"25F43CD13DE64D03CDEF88ADB140CB156415C68F","TheDivision\Content\Paks\pakchunk6800-WindowsNoEditor.pak",2458905,2458905,2440429,14
"25F43CD13DE64D03CDEF88ADB140CB156415C68F","TheDivision\Content\Paks\pakchunk6800-WindowsNoEditor.sig",680,680,690,14
"25F43CD13DE64D03CDEF88ADB140CB156415C68F","TheDivision\Content\Paks\pakchunk6804-WindowsNoEditor.pak",2509795,2509795,2495999,14
"25F43CD13DE64D03CDEF88ADB140CB156415C68F","TheDivision\Content\Paks\pakchunk6804-WindowsNoEditor.sig",684,684,694,14
"25F43CD13DE64D03CDEF88ADB140CB156415C68F","TheDivision\Content\Paks\pakchunk6808-WindowsNoEditor.pak",2205001,2205001,2192138,14
"25F43CD13DE64D03CDEF88ADB140CB156415C68F","TheDivision\Content\Paks\pakchunk6808-WindowsNoEditor.sig",664,664,674,14
"25F43CD13DE64D03CDEF88ADB140CB156415C68F","TheDivision\Content\Paks\pakchunk6812-WindowsNoEditor.pak",2311007,2311007,2283733,14
"25F43CD13DE64D03CDEF88ADB140CB156415C68F","TheDivision\Content\Paks\pakchunk6812-WindowsNoEditor.sig",672,672,682,14
"25F43CD13DE64D03CDEF88ADB140CB156415C68F","TheDivision\Content\Paks\pakchunk6816-WindowsNoEditor.pak",2029459,2029459,2016225,14
"25F43CD13DE64D03CDEF88ADB140CB156415C68F","TheDivision\Content\Paks\pakchunk6816-WindowsNoEditor.sig",652,652,662,14
"25F43CD13DE64D03CDEF88ADB140CB156415C68F","TheDivision\Content\Paks\pakchunk6820-WindowsNoEditor.pak",2119667,2119667,2106157,14
"25F43CD13DE64D03CDEF88ADB140CB156415C68F","TheDivision\Content\Paks\pakchunk6820-WindowsNoEditor.sig",660,660,670,14
"25F43CD13DE64D03CDEF88ADB140CB156415C68F","TheDivision\Content\Paks\pakchunk6824-WindowsNoEditor.pak",2049859,2049859,2036125,14
"25F43CD13DE64D03CDEF88ADB140CB156415C68F","TheDivision\Content\Paks\pakchunk6824-WindowsNoEditor.sig",656,656,666,14
"25F43CD13DE64D03CDEF88ADB140CB156415C68F","TheDivision\Content\Paks\pakchunk6828-WindowsNoEditor.pak",2319619,2319619,2304554,14
"25F43CD13DE64D03CDEF88ADB140CB156415C68F","TheDivision\Content\Paks\pakchunk6828-WindowsNoEditor.sig",672,672,682,14
"25F43CD13DE64D03CDEF88ADB140CB156415C68F","TheDivision\Content\Paks\pakchunk6832-WindowsNoEditor.pak",1901782,1901782,1892015,14
"25F43CD13DE64D03CDEF88ADB140CB156415C68F","TheDivision\Content\Paks\pakchunk6832-WindowsNoEditor.sig",648,648,658,14
"25F43CD13DE64D03CDEF88ADB140CB156415C68F","TheDivision\Content\Paks\pakchunk6836-WindowsNoEditor.pak",2041459,2041459,2028228,14
"25F43CD13DE64D03CDEF88ADB140CB156415C68F","TheDivision\Content\Paks\pakchunk6836-WindowsNoEditor.sig",656,656,666,14
"25F43CD13DE64D03CDEF88ADB140CB156415C68F","TheDivision\Content\Paks\pakchunk6840-WindowsNoEditor.pak",1803371,1803371,1793554,14
"25F43CD13DE64D03CDEF88ADB140CB156415C68F","TheDivision\Content\Paks\pakchunk6840-WindowsNoEditor.sig",640,640,650,14
"25F43CD13DE64D03CDEF88ADB140CB156415C68F","TheDivision\Content\Paks\pakchunk6844-WindowsNoEditor.pak",2274163,2274163,2260017,14
"25F43CD13DE64D03CDEF88ADB140CB156415C68F","TheDivision\Content\Paks\pakchunk6844-WindowsNoEditor.sig",668,668,678,14
"25F43CD13DE64D03CDEF88ADB140CB156415C68F","TheDivision\Content\Paks\pakchunk6848-WindowsNoEditor.pak",1604827,1604827,1591342,14
"25F43CD13DE64D03CDEF88ADB140CB156415C68F","TheDivision\Content\Paks\pakchunk6848-WindowsNoEditor.sig",628,628,638,14
"25F43CD13DE64D03CDEF88ADB140CB156415C68F","TheDivision\Content\Paks\pakchunk6852-WindowsNoEditor.pak",1775331,1775331,1761683,14
"25F43CD13DE64D03CDEF88ADB140CB156415C68F","TheDivision\Content\Paks\pakchunk6852-WindowsNoEditor.sig",640,640,650,14
"25F43CD13DE64D03CDEF88ADB140CB156415C68F","TheDivision\Content\Paks\pakchunk6856-WindowsNoEditor.pak",1911982,1911982,1899115,14
"25F43CD13DE64D03CDEF88ADB140CB156415C68F","TheDivision\Content\Paks\pakchunk6856-WindowsNoEditor.sig",648,648,658,14
"25F43CD13DE64D03CDEF88ADB140CB156415C68F","TheDivision\Content\Paks\pakchunk6860-WindowsNoEditor.pak",6033967,6033967,5931970,14
"25F43CD13DE64D03CDEF88ADB140CB156415C68F","TheDivision\Content\Paks\pakchunk6860-WindowsNoEditor.sig",900,900,910,14
"25F43CD13DE64D03CDEF88ADB140CB156415C68F","TheDivision\Content\Paks\pakchunk6864-WindowsNoEditor.pak",13209,13209,8092,14
"25F43CD13DE64D03CDEF88ADB140CB156415C68F","TheDivision\Content\Paks\pakchunk6864-WindowsNoEditor.sig",532,532,542,14
"25F43CD13DE64D03CDEF88ADB140CB156415C68F","TheDivision\Content\Paks\pakchunk6868-WindowsNoEditor.pak",13209,13209,7898,14
"25F43CD13DE64D03CDEF88ADB140CB156415C68F","TheDivision\Content\Paks\pakchunk6868-WindowsNoEditor.sig",532,532,542,14
"25F43CD13DE64D03CDEF88ADB140CB156415C68F","TheDivision\Content\Paks\pakchunk6872-WindowsNoEditor.pak",13225,13225,8003,14
"25F43CD13DE64D03CDEF88ADB140CB156415C68F","TheDivision\Content\Paks\pakchunk6872-WindowsNoEditor.sig",532,532,542,14
"25F43CD13DE64D03CDEF88ADB140CB156415C68F","TheDivision\Content\Paks\pakchunk6876-WindowsNoEditor.pak",11774,11774,7798,14
"25F43CD13DE64D03CDEF88ADB140CB156415C68F","TheDivision\Content\Paks\pakchunk6876-WindowsNoEditor.sig",532,532,542,14
"25F43CD13DE64D03CDEF88ADB140CB156415C68F","TheDivision\Content\Paks\pakchunk6880-WindowsNoEditor.pak",13209,13209,8156,14
"25F43CD13DE64D03CDEF88ADB140CB156415C68F","TheDivision\Content\Paks\pakchunk6880-WindowsNoEditor.sig",532,532,542,14
"25F43CD13DE64D03CDEF88ADB140CB156415C68F","TheDivision\Content\Paks\pakchunk6884-WindowsNoEditor.pak",1772183,1772183,1761642,14
"25F43CD13DE64D03CDEF88ADB140CB156415C68F","TheDivision\Content\Paks\pakchunk6884-WindowsNoEditor.sig",640,640,650,14
"25F43CD13DE64D03CDEF88ADB140CB156415C68F","TheDivision\Content\Paks\pakchunk6888-WindowsNoEditor.pak",1791007,1791007,1764299,14
"25F43CD13DE64D03CDEF88ADB140CB156415C68F","TheDivision\Content\Paks\pakchunk6888-WindowsNoEditor.sig",640,640,650,14
"25F43CD13DE64D03CDEF88ADB140CB156415C68F","TheDivision\Content\Paks\pakchunk6892-WindowsNoEditor.pak",1700535,1700535,1690229,14
"25F43CD13DE64D03CDEF88ADB140CB156415C68F","TheDivision\Content\Paks\pakchunk6892-WindowsNoEditor.sig",632,632,642,14
"25F43CD13DE64D03CDEF88ADB140CB156415C68F","TheDivision\Content\Paks\pakchunk6896-WindowsNoEditor.pak",1805343,1805343,1786768,14
"25F43CD13DE64D03CDEF88ADB140CB156415C68F","TheDivision\Content\Paks\pakchunk6896-WindowsNoEditor.sig",640,640,650,14
"25F43CD13DE64D03CDEF88ADB140CB156415C68F","TheDivision\Content\Paks\pakchunk6900-WindowsNoEditor.pak",1743639,1743639,1732075,14
"25F43CD13DE64D03CDEF88ADB140CB156415C68F","TheDivision\Content\Paks\pakchunk6900-WindowsNoEditor.sig",636,636,646,14
"25F43CD13DE64D03CDEF88ADB140CB156415C68F","TheDivision\Content\Paks\pakchunk6904-WindowsNoEditor.pak",1745543,1745543,1735555,14
"25F43CD13DE64D03CDEF88ADB140CB156415C68F","TheDivision\Content\Paks\pakchunk6904-WindowsNoEditor.sig",636,636,646,14
"25F43CD13DE64D03CDEF88ADB140CB156415C68F","TheDivision\Content\Paks\pakchunk6908-WindowsNoEditor.pak",1493707,1493707,1482156,14
"25F43CD13DE64D03CDEF88ADB140CB156415C68F","TheDivision\Content\Paks\pakchunk6908-WindowsNoEditor.sig",620,620,630,14
"25F43CD13DE64D03CDEF88ADB140CB156415C68F","TheDivision\Content\Paks\pakchunk6912-WindowsNoEditor.pak",1538731,1538731,1526749,14
"25F43CD13DE64D03CDEF88ADB140CB156415C68F","TheDivision\Content\Paks\pakchunk6912-WindowsNoEditor.sig",624,624,634,14
"25F43CD13DE64D03CDEF88ADB140CB156415C68F","TheDivision\Content\Paks\pakchunk6916-WindowsNoEditor.pak",1682531,1682531,1668360,14
"25F43CD13DE64D03CDEF88ADB140CB156415C68F","TheDivision\Content\Paks\pakchunk6916-WindowsNoEditor.sig",632,632,642,14
"25F43CD13DE64D03CDEF88ADB140CB156415C68F","TheDivision\Content\Paks\pakchunk6920-WindowsNoEditor.pak",1616667,1616667,1603872,14
"25F43CD13DE64D03CDEF88ADB140CB156415C68F","TheDivision\Content\Paks\pakchunk6920-WindowsNoEditor.sig",628,628,638,14
"25F43CD13DE64D03CDEF88ADB140CB156415C68F","TheDivision\Content\Paks\pakchunk6924-WindowsNoEditor.pak",1435971,1435971,1424095,14
"25F43CD13DE64D03CDEF88ADB140CB156415C68F","TheDivision\Content\Paks\pakchunk6924-WindowsNoEditor.sig",616,616,626,14
"25F43CD13DE64D03CDEF88ADB140CB156415C68F","TheDivision\Content\Paks\pakchunk6928-WindowsNoEditor.pak",1661611,1661611,1651599,14
"25F43CD13DE64D03CDEF88ADB140CB156415C68F","TheDivision\Content\Paks\pakchunk6928-WindowsNoEditor.sig",632,632,642,14
"25F43CD13DE64D03CDEF88ADB140CB156415C68F","TheDivision\Content\Paks\pakchunk6932-WindowsNoEditor.pak",1628839,1628839,1617621,14
"25F43CD13DE64D03CDEF88ADB140CB156415C68F","TheDivision\Content\Paks\pakchunk6932-WindowsNoEditor.sig",628,628,638,14
"25F43CD13DE64D03CDEF88ADB140CB156415C68F","TheDivision\Content\Paks\pakchunk6936-WindowsNoEditor.pak",1634967,1634967,1625550,14
"25F43CD13DE64D03CDEF88ADB140CB156415C68F","TheDivision\Content\Paks\pakchunk6936-WindowsNoEditor.sig",628,628,638,14
"25F43CD13DE64D03CDEF88ADB140CB156415C68F","TheDivision\Content\Paks\pakchunk6940-WindowsNoEditor.pak",1778831,1778831,1768773,14
"25F43CD13DE64D03CDEF88ADB140CB156415C68F","TheDivision\Content\Paks\pakchunk6940-WindowsNoEditor.sig",640,640,650,14
"25F43CD13DE64D03CDEF88ADB140CB156415C68F","TheDivision\Content\Paks\pakchunk6944-WindowsNoEditor.pak",1589583,1589583,1578300,14
"25F43CD13DE64D03CDEF88ADB140CB156415C68F","TheDivision\Content\Paks\pakchunk6944-WindowsNoEditor.sig",628,628,638,14
"25F43CD13DE64D03CDEF88ADB140CB156415C68F","TheDivision\Content\Paks\pakchunk6948-WindowsNoEditor.pak",1610407,1610407,1600150,14
"25F43CD13DE64D03CDEF88ADB140CB156415C68F","TheDivision\Content\Paks\pakchunk6948-WindowsNoEditor.sig",628,628,638,14
"25F43CD13DE64D03CDEF88ADB140CB156415C68F","TheDivision\Content\Paks\pakchunk6952-WindowsNoEditor.pak",1700615,1700615,1688928,14
"25F43CD13DE64D03CDEF88ADB140CB156415C68F","TheDivision\Content\Paks\pakchunk6952-WindowsNoEditor.sig",632,632,642,14
"25F43CD13DE64D03CDEF88ADB140CB156415C68F","TheDivision\Content\Paks\pakchunk6956-WindowsNoEditor.pak",6798235,6798235,6730703,14
"25F43CD13DE64D03CDEF88ADB140CB156415C68F","TheDivision\Content\Paks\pakchunk6956-WindowsNoEditor.sig",944,944,954,14
"25F43CD13DE64D03CDEF88ADB140CB156415C68F","TheDivision\Content\Paks\pakchunk6960-WindowsNoEditor.pak",6743806,6743806,6657601,14
"25F43CD13DE64D03CDEF88ADB140CB156415C68F","TheDivision\Content\Paks\pakchunk6960-WindowsNoEditor.sig",940,940,950,14
"25F43CD13DE64D03CDEF88ADB140CB156415C68F","TheDivision\Content\Paks\pakchunk6964-WindowsNoEditor.pak",6631792,6631792,6514424,14
"25F43CD13DE64D03CDEF88ADB140CB156415C68F","TheDivision\Content\Paks\pakchunk6964-WindowsNoEditor.sig",936,936,946,14
"25F43CD13DE64D03CDEF88ADB140CB156415C68F","TheDivision\Content\Paks\pakchunk6968-WindowsNoEditor.pak",161178,161178,132124,14
"25F43CD13DE64D03CDEF88ADB140CB156415C68F","TheDivision\Content\Paks\pakchunk6968-WindowsNoEditor.sig",540,540,550,14
"25F43CD13DE64D03CDEF88ADB140CB156415C68F","TheDivision\Content\Paks\pakchunk6972-WindowsNoEditor.pak",6660840,6660840,6555764,14
"25F43CD13DE64D03CDEF88ADB140CB156415C68F","TheDivision\Content\Paks\pakchunk6972-WindowsNoEditor.sig",936,936,946,14
"25F43CD13DE64D03CDEF88ADB140CB156415C68F","TheDivision\Content\Paks\pakchunk6976-WindowsNoEditor.pak",5347625,5347625,5259011,14
"25F43CD13DE64D03CDEF88ADB140CB156415C68F","TheDivision\Content\Paks\pakchunk6976-WindowsNoEditor.sig",856,856,866,14
"25F43CD13DE64D03CDEF88ADB140CB156415C68F","TheDivision\Content\Paks\pakchunk6980-WindowsNoEditor.pak",4955735,4955735,4864504,14
"25F43CD13DE64D03CDEF88ADB140CB156415C68F","TheDivision\Content\Paks\pakchunk6980-WindowsNoEditor.sig",832,832,842,14
"25F43CD13DE64D03CDEF88ADB140CB156415C68F","TheDivision\Content\Paks\pakchunk6984-WindowsNoEditor.pak",4266129,4266129,4207384,14
"25F43CD13DE64D03CDEF88ADB140CB156415C68F","TheDivision\Content\Paks\pakchunk6984-WindowsNoEditor.sig",792,792,802,14
"25F43CD13DE64D03CDEF88ADB140CB156415C68F","TheDivision\Content\Paks\pakchunk6988-WindowsNoEditor.pak",3423275,3423275,3364397,14
"25F43CD13DE64D03CDEF88ADB140CB156415C68F","TheDivision\Content\Paks\pakchunk6988-WindowsNoEditor.sig",740,740,750,14
"25F43CD13DE64D03CDEF88ADB140CB156415C68F","TheDivision\Content\Paks\pakchunk6992-WindowsNoEditor.pak",4169762,4169762,4100024,14
"25F43CD13DE64D03CDEF88ADB140CB156415C68F","TheDivision\Content\Paks\pakchunk6992-WindowsNoEditor.sig",784,784,794,14
"25F43CD13DE64D03CDEF88ADB140CB156415C68F","TheDivision\Content\Paks\pakchunk6996-WindowsNoEditor.pak",4576511,4576511,4495362,14
"25F43CD13DE64D03CDEF88ADB140CB156415C68F","TheDivision\Content\Paks\pakchunk6996-WindowsNoEditor.sig",808,808,818,14
"25F43CD13DE64D03CDEF88ADB140CB156415C68F","TheDivision\Content\Paks\pakchunk7000-WindowsNoEditor.pak",5164264,5164264,5085331,15
"25F43CD13DE64D03CDEF88ADB140CB156415C68F","TheDivision\Content\Paks\pakchunk7000-WindowsNoEditor.sig",844,844,854,15
"25F43CD13DE64D03CDEF88ADB140CB156415C68F","TheDivision\Content\Paks\pakchunk7004-WindowsNoEditor.pak",4073786,4073786,3983297,15
"25F43CD13DE64D03CDEF88ADB140CB156415C68F","TheDivision\Content\Paks\pakchunk7004-WindowsNoEditor.sig",780,780,790,15
"25F43CD13DE64D03CDEF88ADB140CB156415C68F","TheDivision\Content\Paks\pakchunk7008-WindowsNoEditor.pak",6493742,6493742,6404902,15
"25F43CD13DE64D03CDEF88ADB140CB156415C68F","TheDivision\Content\Paks\pakchunk7008-WindowsNoEditor.sig",928,928,938,15
"25F43CD13DE64D03CDEF88ADB140CB156415C68F","TheDivision\Content\Paks\pakchunk7012-WindowsNoEditor.pak",7220267,7220267,7107300,15
"25F43CD13DE64D03CDEF88ADB140CB156415C68F","TheDivision\Content\Paks\pakchunk7012-WindowsNoEditor.sig",972,972,982,15
"25F43CD13DE64D03CDEF88ADB140CB156415C68F","TheDivision\Content\Paks\pakchunk7016-WindowsNoEditor.pak",5652992,5652992,5564357,15
"25F43CD13DE64D03CDEF88ADB140CB156415C68F","TheDivision\Content\Paks\pakchunk7016-WindowsNoEditor.sig",876,876,886,15
"25F43CD13DE64D03CDEF88ADB140CB156415C68F","TheDivision\Content\Paks\pakchunk7020-WindowsNoEditor.pak",5867081,5867081,5804181,15
"25F43CD13DE64D03CDEF88ADB140CB156415C68F","TheDivision\Content\Paks\pakchunk7020-WindowsNoEditor.sig",888,888,898,15
"25F43CD13DE64D03CDEF88ADB140CB156415C68F","TheDivision\Content\Paks\pakchunk7024-WindowsNoEditor.pak",6493032,6493032,6408756,15
"25F43CD13DE64D03CDEF88ADB140CB156415C68F","TheDivision\Content\Paks\pakchunk7024-WindowsNoEditor.sig",928,928,938,15
"25F43CD13DE64D03CDEF88ADB140CB156415C68F","TheDivision\Content\Paks\pakchunk7028-WindowsNoEditor.pak",5469391,5469391,5381999,15
"25F43CD13DE64D03CDEF88ADB140CB156415C68F","TheDivision\Content\Paks\pakchunk7028-WindowsNoEditor.sig",864,864,874,15
"25F43CD13DE64D03CDEF88ADB140CB156415C68F","TheDivision\Content\Paks\pakchunk7032-WindowsNoEditor.pak",5554266,5554266,5491530,15
"25F43CD13DE64D03CDEF88ADB140CB156415C68F","TheDivision\Content\Paks\pakchunk7032-WindowsNoEditor.sig",868,868,878,15
"25F43CD13DE64D03CDEF88ADB140CB156415C68F","TheDivision\Content\Paks\pakchunk7036-WindowsNoEditor.pak",5271477,5271477,5200402,15
"25F43CD13DE64D03CDEF88ADB140CB156415C68F","TheDivision\Content\Paks\pakchunk7036-WindowsNoEditor.sig",852,852,862,15
"25F43CD13DE64D03CDEF88ADB140CB156415C68F","TheDivision\Content\Paks\pakchunk7040-WindowsNoEditor.pak",6513919,6513919,6410997,15
"25F43CD13DE64D03CDEF88ADB140CB156415C68F","TheDivision\Content\Paks\pakchunk7040-WindowsNoEditor.sig",928,928,938,15
"25F43CD13DE64D03CDEF88ADB140CB156415C68F","TheDivision\Content\Paks\pakchunk7044-WindowsNoEditor.pak",5619506,5619506,5529129,15
"25F43CD13DE64D03CDEF88ADB140CB156415C68F","TheDivision\Content\Paks\pakchunk7044-WindowsNoEditor.sig",872,872,882,15
"25F43CD13DE64D03CDEF88ADB140CB156415C68F","TheDivision\Content\Paks\pakchunk7048-WindowsNoEditor.pak",5276327,5276327,5204258,15
"25F43CD13DE64D03CDEF88ADB140CB156415C68F","TheDivision\Content\Paks\pakchunk7048-WindowsNoEditor.sig",852,852,862,15
"25F43CD13DE64D03CDEF88ADB140CB156415C68F","TheDivision\Content\Paks\pakchunk7052-WindowsNoEditor.pak",5671342,5671342,5600880,15
"25F43CD13DE64D03CDEF88ADB140CB156415C68F","TheDivision\Content\Paks\pakchunk7052-WindowsNoEditor.sig",876,876,886,15
"25F43CD13DE64D03CDEF88ADB140CB156415C68F","TheDivision\Content\Paks\pakchunk7056-WindowsNoEditor.pak",7189403,7189403,7114966,15
"25F43CD13DE64D03CDEF88ADB140CB156415C68F","TheDivision\Content\Paks\pakchunk7056-WindowsNoEditor.sig",968,968,978,15
"25F43CD13DE64D03CDEF88ADB140CB156415C68F","TheDivision\Content\Paks\pakchunk7060-WindowsNoEditor.pak",6906746,6906746,6837179,15
"25F43CD13DE64D03CDEF88ADB140CB156415C68F","TheDivision\Content\Paks\pakchunk7060-WindowsNoEditor.sig",952,952,962,15
"25F43CD13DE64D03CDEF88ADB140CB156415C68F","TheDivision\Content\Paks\pakchunk7064-WindowsNoEditor.pak",7170712,7170712,7088678,15
"25F43CD13DE64D03CDEF88ADB140CB156415C68F","TheDivision\Content\Paks\pakchunk7064-WindowsNoEditor.sig",968,968,978,15
"25F43CD13DE64D03CDEF88ADB140CB156415C68F","TheDivision\Content\Paks\pakchunk7068-WindowsNoEditor.pak",6489629,6489629,6414389,15
"25F43CD13DE64D03CDEF88ADB140CB156415C68F","TheDivision\Content\Paks\pakchunk7068-WindowsNoEditor.sig",928,928,938,15
"25F43CD13DE64D03CDEF88ADB140CB156415C68F","TheDivision\Content\Paks\pakchunk7072-WindowsNoEditor.pak",5661656,5661656,5597012,15
"25F43CD13DE64D03CDEF88ADB140CB156415C68F","TheDivision\Content\Paks\pakchunk7072-WindowsNoEditor.sig",876,876,886,15
"25F43CD13DE64D03CDEF88ADB140CB156415C68F","TheDivision\Content\Paks\pakchunk7076-WindowsNoEditor.pak",8028928,8028928,7961780,15
"25F43CD13DE64D03CDEF88ADB140CB156415C68F","TheDivision\Content\Paks\pakchunk7076-WindowsNoEditor.sig",1020,1020,1030,15
"25F43CD13DE64D03CDEF88ADB140CB156415C68F","TheDivision\Content\Paks\pakchunk7080-WindowsNoEditor.pak",3092785,3092785,3046767,15
"25F43CD13DE64D03CDEF88ADB140CB156415C68F","TheDivision\Content\Paks\pakchunk7080-WindowsNoEditor.sig",720,720,730,15
"25F43CD13DE64D03CDEF88ADB140CB156415C68F","TheDivision\Content\Paks\pakchunk7084-WindowsNoEditor.pak",3076342,3076342,3027002,15
"25F43CD13DE64D03CDEF88ADB140CB156415C68F","TheDivision\Content\Paks\pakchunk7084-WindowsNoEditor.sig",716,716,726,15
"25F43CD13DE64D03CDEF88ADB140CB156415C68F","TheDivision\Content\Paks\pakchunk7088-WindowsNoEditor.pak",4020128,4020128,3967149,15
"25F43CD13DE64D03CDEF88ADB140CB156415C68F","TheDivision\Content\Paks\pakchunk7088-WindowsNoEditor.sig",776,776,786,15
"25F43CD13DE64D03CDEF88ADB140CB156415C68F","TheDivision\Content\Paks\pakchunk7092-WindowsNoEditor.pak",2776566,2776566,2722212,15
"25F43CD13DE64D03CDEF88ADB140CB156415C68F","TheDivision\Content\Paks\pakchunk7092-WindowsNoEditor.sig",700,700,710,15
"25F43CD13DE64D03CDEF88ADB140CB156415C68F","TheDivision\Content\Paks\pakchunk7096-WindowsNoEditor.pak",2810061,2810061,2766555,15
"25F43CD13DE64D03CDEF88ADB140CB156415C68F","TheDivision\Content\Paks\pakchunk7096-WindowsNoEditor.sig",700,700,710,15
"25F43CD13DE64D03CDEF88ADB140CB156415C68F","TheDivision\Content\Paks\pakchunk7100-WindowsNoEditor.pak",2890560,2890560,2841657,15
"25F43CD13DE64D03CDEF88ADB140CB156415C68F","TheDivision\Content\Paks\pakchunk7100-WindowsNoEditor.sig",708,708,718,15
"25F43CD13DE64D03CDEF88ADB140CB156415C68F","TheDivision\Content\Paks\pakchunk7104-WindowsNoEditor.pak",6771987,6771987,6704801,15
"25F43CD13DE64D03CDEF88ADB140CB156415C68F","TheDivision\Content\Paks\pakchunk7104-WindowsNoEditor.sig",944,944,954,15
"25F43CD13DE64D03CDEF88ADB140CB156415C68F","TheDivision\Content\Paks\pakchunk7108-WindowsNoEditor.pak",5833016,5833016,5788348,15
"25F43CD13DE64D03CDEF88ADB140CB156415C68F","TheDivision\Content\Paks\pakchunk7108-WindowsNoEditor.sig",888,888,898,15
"25F43CD13DE64D03CDEF88ADB140CB156415C68F","TheDivision\Content\Paks\pakchunk7112-WindowsNoEditor.pak",6744971,6744971,6687071,15
"25F43CD13DE64D03CDEF88ADB140CB156415C68F","TheDivision\Content\Paks\pakchunk7112-WindowsNoEditor.sig",940,940,950,15
"25F43CD13DE64D03CDEF88ADB140CB156415C68F","TheDivision\Content\Paks\pakchunk7116-WindowsNoEditor.pak",5691250,5691250,5616516,15
"25F43CD13DE64D03CDEF88ADB140CB156415C68F","TheDivision\Content\Paks\pakchunk7116-WindowsNoEditor.sig",876,876,886,15
"25F43CD13DE64D03CDEF88ADB140CB156415C68F","TheDivision\Content\Paks\pakchunk7120-WindowsNoEditor.pak",3627591,3627591,3562933,15
"25F43CD13DE64D03CDEF88ADB140CB156415C68F","TheDivision\Content\Paks\pakchunk7120-WindowsNoEditor.sig",752,752,762,15
"25F43CD13DE64D03CDEF88ADB140CB156415C68F","TheDivision\Content\Paks\pakchunk7124-WindowsNoEditor.pak",127982,127982,109698,15
"25F43CD13DE64D03CDEF88ADB140CB156415C68F","TheDivision\Content\Paks\pakchunk7124-WindowsNoEditor.sig",536,536,546,15
"25F43CD13DE64D03CDEF88ADB140CB156415C68F","TheDivision\Content\Paks\pakchunk7128-WindowsNoEditor.pak",4173898,4173898,4090477,15
"25F43CD13DE64D03CDEF88ADB140CB156415C68F","TheDivision\Content\Paks\pakchunk7128-WindowsNoEditor.sig",784,784,794,15
"25F43CD13DE64D03CDEF88ADB140CB156415C68F","TheDivision\Content\Paks\pakchunk7132-WindowsNoEditor.pak",3773282,3773282,3702699,15
"25F43CD13DE64D03CDEF88ADB140CB156415C68F","TheDivision\Content\Paks\pakchunk7132-WindowsNoEditor.sig",760,760,770,15
"25F43CD13DE64D03CDEF88ADB140CB156415C68F","TheDivision\Content\Paks\pakchunk7136-WindowsNoEditor.pak",4480471,4480471,4397314,15
"25F43CD13DE64D03CDEF88ADB140CB156415C68F","TheDivision\Content\Paks\pakchunk7136-WindowsNoEditor.sig",804,804,814,15
"25F43CD13DE64D03CDEF88ADB140CB156415C68F","TheDivision\Content\Paks\pakchunk7140-WindowsNoEditor.pak",2936035,2936035,2846665,15
"25F43CD13DE64D03CDEF88ADB140CB156415C68F","TheDivision\Content\Paks\pakchunk7140-WindowsNoEditor.sig",708,708,718,15
"25F43CD13DE64D03CDEF88ADB140CB156415C68F","TheDivision\Content\Paks\pakchunk7144-WindowsNoEditor.pak",2879055,2879055,2822982,15
"25F43CD13DE64D03CDEF88ADB140CB156415C68F","TheDivision\Content\Paks\pakchunk7144-WindowsNoEditor.sig",704,704,714,15
"25F43CD13DE64D03CDEF88ADB140CB156415C68F","TheDivision\Content\Paks\pakchunk7148-WindowsNoEditor.pak",4182361,4182361,4100765,15
"25F43CD13DE64D03CDEF88ADB140CB156415C68F","TheDivision\Content\Paks\pakchunk7148-WindowsNoEditor.sig",784,784,794,15
"25F43CD13DE64D03CDEF88ADB140CB156415C68F","TheDivision\Content\Paks\pakchunk7152-WindowsNoEditor.pak",6770988,6770988,6698018,15
"25F43CD13DE64D03CDEF88ADB140CB156415C68F","TheDivision\Content\Paks\pakchunk7152-WindowsNoEditor.sig",944,944,954,15
"25F43CD13DE64D03CDEF88ADB140CB156415C68F","TheDivision\Content\Paks\pakchunk7156-WindowsNoEditor.pak",5210459,5210459,5150195,15
"25F43CD13DE64D03CDEF88ADB140CB156415C68F","TheDivision\Content\Paks\pakchunk7156-WindowsNoEditor.sig",848,848,858,15
"25F43CD13DE64D03CDEF88ADB140CB156415C68F","TheDivision\Content\Paks\pakchunk7160-WindowsNoEditor.pak",7374662,7374662,7255307,15
"25F43CD13DE64D03CDEF88ADB140CB156415C68F","TheDivision\Content\Paks\pakchunk7160-WindowsNoEditor.sig",980,980,990,15
"25F43CD13DE64D03CDEF88ADB140CB156415C68F","TheDivision\Content\Paks\pakchunk7164-WindowsNoEditor.pak",86563,86563,41754,15
"25F43CD13DE64D03CDEF88ADB140CB156415C68F","TheDivision\Content\Paks\pakchunk7164-WindowsNoEditor.sig",536,536,546,15
"25F43CD13DE64D03CDEF88ADB140CB156415C68F","TheDivision\Content\Paks\pakchunk7168-WindowsNoEditor.pak",4434695,4434695,4357493,15
"25F43CD13DE64D03CDEF88ADB140CB156415C68F","TheDivision\Content\Paks\pakchunk7168-WindowsNoEditor.sig",800,800,810,15
"25F43CD13DE64D03CDEF88ADB140CB156415C68F","TheDivision\Content\Paks\pakchunk7172-WindowsNoEditor.pak",6465790,6465790,6365975,15
"25F43CD13DE64D03CDEF88ADB140CB156415C68F","TheDivision\Content\Paks\pakchunk7172-WindowsNoEditor.sig",924,924,934,15
"25F43CD13DE64D03CDEF88ADB140CB156415C68F","TheDivision\Content\Paks\pakchunk7180-WindowsNoEditor.pak",1713645,1713645,1702995,15
"25F43CD13DE64D03CDEF88ADB140CB156415C68F","TheDivision\Content\Paks\pakchunk7180-WindowsNoEditor.sig",636,636,646,15
"25F43CD13DE64D03CDEF88ADB140CB156415C68F","TheDivision\Content\Paks\pakchunk7184-WindowsNoEditor.pak",1576013,1576013,1567363,15
"25F43CD13DE64D03CDEF88ADB140CB156415C68F","TheDivision\Content\Paks\pakchunk7184-WindowsNoEditor.sig",628,628,638,15
"25F43CD13DE64D03CDEF88ADB140CB156415C68F","TheDivision\Content\Paks\pakchunk7188-WindowsNoEditor.pak",1666857,1666857,1652368,15
"25F43CD13DE64D03CDEF88ADB140CB156415C68F","TheDivision\Content\Paks\pakchunk7188-WindowsNoEditor.sig",632,632,642,15
"25F43CD13DE64D03CDEF88ADB140CB156415C68F","TheDivision\Content\Paks\pakchunk7192-WindowsNoEditor.pak",1636959,1636959,1629066,15
"25F43CD13DE64D03CDEF88ADB140CB156415C68F","TheDivision\Content\Paks\pakchunk7192-WindowsNoEditor.sig",628,628,638,15
"25F43CD13DE64D03CDEF88ADB140CB156415C68F","TheDivision\Content\Paks\pakchunk7196-WindowsNoEditor.pak",1664193,1664193,1656758,15
"25F43CD13DE64D03CDEF88ADB140CB156415C68F","TheDivision\Content\Paks\pakchunk7196-WindowsNoEditor.sig",632,632,642,15
"25F43CD13DE64D03CDEF88ADB140CB156415C68F","TheDivision\Content\Paks\pakchunk7200-WindowsNoEditor.pak",1717353,1717353,1706108,15
"25F43CD13DE64D03CDEF88ADB140CB156415C68F","TheDivision\Content\Paks\pakchunk7200-WindowsNoEditor.sig",636,636,646,15
"25F43CD13DE64D03CDEF88ADB140CB156415C68F","TheDivision\Content\Paks\pakchunk7204-WindowsNoEditor.pak",1791181,1791181,1780151,15
"25F43CD13DE64D03CDEF88ADB140CB156415C68F","TheDivision\Content\Paks\pakchunk7204-WindowsNoEditor.sig",640,640,650,15
"25F43CD13DE64D03CDEF88ADB140CB156415C68F","TheDivision\Content\Paks\pakchunk7208-WindowsNoEditor.pak",1850383,1850383,1841453,15
"25F43CD13DE64D03CDEF88ADB140CB156415C68F","TheDivision\Content\Paks\pakchunk7208-WindowsNoEditor.sig",644,644,654,15
"25F43CD13DE64D03CDEF88ADB140CB156415C68F","TheDivision\Content\Paks\pakchunk7212-WindowsNoEditor.pak",1793173,1793173,1782428,15
"25F43CD13DE64D03CDEF88ADB140CB156415C68F","TheDivision\Content\Paks\pakchunk7212-WindowsNoEditor.sig",640,640,650,15
"25F43CD13DE64D03CDEF88ADB140CB156415C68F","TheDivision\Content\Paks\pakchunk7216-WindowsNoEditor.pak",1889211,1889211,1876657,15
"25F43CD13DE64D03CDEF88ADB140CB156415C68F","TheDivision\Content\Paks\pakchunk7216-WindowsNoEditor.sig",644,644,654,15
"25F43CD13DE64D03CDEF88ADB140CB156415C68F","TheDivision\Content\Paks\pakchunk7220-WindowsNoEditor.pak",2157701,2157701,2148581,15
"25F43CD13DE64D03CDEF88ADB140CB156415C68F","TheDivision\Content\Paks\pakchunk7220-WindowsNoEditor.sig",660,660,670,15
"25F43CD13DE64D03CDEF88ADB140CB156415C68F","TheDivision\Content\Paks\pakchunk7224-WindowsNoEditor.pak",1670015,1670015,1658193,15
"25F43CD13DE64D03CDEF88ADB140CB156415C68F","TheDivision\Content\Paks\pakchunk7224-WindowsNoEditor.sig",632,632,642,15
"25F43CD13DE64D03CDEF88ADB140CB156415C68F","TheDivision\Content\Paks\pakchunk7228-WindowsNoEditor.pak",2032901,2032901,2023444,15
"25F43CD13DE64D03CDEF88ADB140CB156415C68F","TheDivision\Content\Paks\pakchunk7228-WindowsNoEditor.sig",656,656,666,15
"25F43CD13DE64D03CDEF88ADB140CB156415C68F","TheDivision\Content\Paks\pakchunk7232-WindowsNoEditor.pak",1604485,1604485,1594319,15
"25F43CD13DE64D03CDEF88ADB140CB156415C68F","TheDivision\Content\Paks\pakchunk7232-WindowsNoEditor.sig",628,628,638,15
"25F43CD13DE64D03CDEF88ADB140CB156415C68F","TheDivision\Content\Paks\pakchunk7236-WindowsNoEditor.pak",3218649,3218649,3201406,15
"25F43CD13DE64D03CDEF88ADB140CB156415C68F","TheDivision\Content\Paks\pakchunk7236-WindowsNoEditor.sig",728,728,738,15
"25F43CD13DE64D03CDEF88ADB140CB156415C68F","TheDivision\Content\Paks\pakchunk7240-WindowsNoEditor.pak",1844432,1844432,1833578,15
"25F43CD13DE64D03CDEF88ADB140CB156415C68F","TheDivision\Content\Paks\pakchunk7240-WindowsNoEditor.sig",644,644,654,15
"25F43CD13DE64D03CDEF88ADB140CB156415C68F","TheDivision\Content\Paks\pakchunk7244-WindowsNoEditor.pak",2092208,2092208,2080051,15
"25F43CD13DE64D03CDEF88ADB140CB156415C68F","TheDivision\Content\Paks\pakchunk7244-WindowsNoEditor.sig",656,656,666,15
"25F43CD13DE64D03CDEF88ADB140CB156415C68F","TheDivision\Content\Paks\pakchunk7248-WindowsNoEditor.pak",1537321,1537321,1526364,15
"25F43CD13DE64D03CDEF88ADB140CB156415C68F","TheDivision\Content\Paks\pakchunk7248-WindowsNoEditor.sig",624,624,634,15
"25F43CD13DE64D03CDEF88ADB140CB156415C68F","TheDivision\Content\Paks\pakchunk7252-WindowsNoEditor.pak",2221273,2221273,2206121,15
"25F43CD13DE64D03CDEF88ADB140CB156415C68F","TheDivision\Content\Paks\pakchunk7252-WindowsNoEditor.sig",664,664,674,15
"25F43CD13DE64D03CDEF88ADB140CB156415C68F","TheDivision\Content\Paks\pakchunk7256-WindowsNoEditor.pak",1773137,1773137,1763230,15
"25F43CD13DE64D03CDEF88ADB140CB156415C68F","TheDivision\Content\Paks\pakchunk7256-WindowsNoEditor.sig",640,640,650,15
"25F43CD13DE64D03CDEF88ADB140CB156415C68F","TheDivision\Content\Paks\pakchunk7260-WindowsNoEditor.pak",1746089,1746089,1737272,15
"25F43CD13DE64D03CDEF88ADB140CB156415C68F","TheDivision\Content\Paks\pakchunk7260-WindowsNoEditor.sig",636,636,646,15
"25F43CD13DE64D03CDEF88ADB140CB156415C68F","TheDivision\Content\Paks\pakchunk7264-WindowsNoEditor.pak",1963249,1963249,1951025,15
"25F43CD13DE64D03CDEF88ADB140CB156415C68F","TheDivision\Content\Paks\pakchunk7264-WindowsNoEditor.sig",648,648,658,15
"25F43CD13DE64D03CDEF88ADB140CB156415C68F","TheDivision\Content\Paks\pakchunk7268-WindowsNoEditor.pak",1627513,1627513,1618359,15
"25F43CD13DE64D03CDEF88ADB140CB156415C68F","TheDivision\Content\Paks\pakchunk7268-WindowsNoEditor.sig",628,628,638,15
"25F43CD13DE64D03CDEF88ADB140CB156415C68F","TheDivision\Content\Paks\pakchunk7272-WindowsNoEditor.pak",1973126,1973126,1962255,15
"25F43CD13DE64D03CDEF88ADB140CB156415C68F","TheDivision\Content\Paks\pakchunk7272-WindowsNoEditor.sig",652,652,662,15
"25F43CD13DE64D03CDEF88ADB140CB156415C68F","TheDivision\Content\Paks\pakchunk7276-WindowsNoEditor.pak",2139729,2139729,2129615,15
"25F43CD13DE64D03CDEF88ADB140CB156415C68F","TheDivision\Content\Paks\pakchunk7276-WindowsNoEditor.sig",660,660,670,15
"25F43CD13DE64D03CDEF88ADB140CB156415C68F","TheDivision\Content\Paks\pakchunk7280-WindowsNoEditor.pak",1610897,1610897,1599979,15
"25F43CD13DE64D03CDEF88ADB140CB156415C68F","TheDivision\Content\Paks\pakchunk7280-WindowsNoEditor.sig",628,628,638,15
"25F43CD13DE64D03CDEF88ADB140CB156415C68F","TheDivision\Content\Paks\pakchunk7284-WindowsNoEditor.pak",1821953,1821953,1811279,15
"25F43CD13DE64D03CDEF88ADB140CB156415C68F","TheDivision\Content\Paks\pakchunk7284-WindowsNoEditor.sig",640,640,650,15
"25F43CD13DE64D03CDEF88ADB140CB156415C68F","TheDivision\Content\Paks\pakchunk7288-WindowsNoEditor.pak",1739803,1739803,1722311,15
"25F43CD13DE64D03CDEF88ADB140CB156415C68F","TheDivision\Content\Paks\pakchunk7288-WindowsNoEditor.sig",636,636,646,15
"25F43CD13DE64D03CDEF88ADB140CB156415C68F","TheDivision\Content\Paks\pakchunk7292-WindowsNoEditor.pak",1703189,1703189,1692857,15
"25F43CD13DE64D03CDEF88ADB140CB156415C68F","TheDivision\Content\Paks\pakchunk7292-WindowsNoEditor.sig",632,632,642,15
"25F43CD13DE64D03CDEF88ADB140CB156415C68F","TheDivision\Content\Paks\pakchunk7296-WindowsNoEditor.pak",2069709,2069709,2055548,15
"25F43CD13DE64D03CDEF88ADB140CB156415C68F","TheDivision\Content\Paks\pakchunk7296-WindowsNoEditor.sig",656,656,666,15
"25F43CD13DE64D03CDEF88ADB140CB156415C68F","TheDivision\Content\Paks\pakchunk7300-WindowsNoEditor.pak",1528941,1528941,1519138,15
"25F43CD13DE64D03CDEF88ADB140CB156415C68F","TheDivision\Content\Paks\pakchunk7300-WindowsNoEditor.sig",624,624,634,15
"25F43CD13DE64D03CDEF88ADB140CB156415C68F","TheDivision\Content\Paks\pakchunk7304-WindowsNoEditor.pak",1760429,1760429,1749738,15
"25F43CD13DE64D03CDEF88ADB140CB156415C68F","TheDivision\Content\Paks\pakchunk7304-WindowsNoEditor.sig",636,636,646,15
"25F43CD13DE64D03CDEF88ADB140CB156415C68F","TheDivision\Content\Paks\pakchunk7308-WindowsNoEditor.pak",2498747,2498747,2487211,15
"25F43CD13DE64D03CDEF88ADB140CB156415C68F","TheDivision\Content\Paks\pakchunk7308-WindowsNoEditor.sig",684,684,694,15
"25F43CD13DE64D03CDEF88ADB140CB156415C68F","TheDivision\Content\Paks\pakchunk7312-WindowsNoEditor.pak",1975143,1975143,1965072,15
"25F43CD13DE64D03CDEF88ADB140CB156415C68F","TheDivision\Content\Paks\pakchunk7312-WindowsNoEditor.sig",652,652,662,15
"25F43CD13DE64D03CDEF88ADB140CB156415C68F","TheDivision\Content\Paks\pakchunk7316-WindowsNoEditor.pak",1946797,1946797,1937209,15
"25F43CD13DE64D03CDEF88ADB140CB156415C68F","TheDivision\Content\Paks\pakchunk7316-WindowsNoEditor.sig",648,648,658,15
"25F43CD13DE64D03CDEF88ADB140CB156415C68F","TheDivision\Content\Paks\pakchunk7320-WindowsNoEditor.pak",1807653,1807653,1797770,15
"25F43CD13DE64D03CDEF88ADB140CB156415C68F","TheDivision\Content\Paks\pakchunk7320-WindowsNoEditor.sig",640,640,650,15
"25F43CD13DE64D03CDEF88ADB140CB156415C68F","TheDivision\Content\Paks\pakchunk7324-WindowsNoEditor.pak",2445711,2445711,2435954,15
"25F43CD13DE64D03CDEF88ADB140CB156415C68F","TheDivision\Content\Paks\pakchunk7324-WindowsNoEditor.sig",680,680,690,15
"25F43CD13DE64D03CDEF88ADB140CB156415C68F","TheDivision\Content\Paks\pakchunk7328-WindowsNoEditor.pak",2089455,2089455,2082208,15
"25F43CD13DE64D03CDEF88ADB140CB156415C68F","TheDivision\Content\Paks\pakchunk7328-WindowsNoEditor.sig",656,656,666,15
"25F43CD13DE64D03CDEF88ADB140CB156415C68F","TheDivision\Content\Paks\pakchunk7332-WindowsNoEditor.pak",2267374,2267374,2258370,15
"25F43CD13DE64D03CDEF88ADB140CB156415C68F","TheDivision\Content\Paks\pakchunk7332-WindowsNoEditor.sig",668,668,678,15
"25F43CD13DE64D03CDEF88ADB140CB156415C68F","TheDivision\Content\Paks\pakchunk7336-WindowsNoEditor.pak",2277855,2277855,2267346,15
"25F43CD13DE64D03CDEF88ADB140CB156415C68F","TheDivision\Content\Paks\pakchunk7336-WindowsNoEditor.sig",668,668,678,15
"25F43CD13DE64D03CDEF88ADB140CB156415C68F","TheDivision\Content\Paks\pakchunk7340-WindowsNoEditor.pak",1683791,1683791,1675864,15
"25F43CD13DE64D03CDEF88ADB140CB156415C68F","TheDivision\Content\Paks\pakchunk7340-WindowsNoEditor.sig",632,632,642,15
"25F43CD13DE64D03CDEF88ADB140CB156415C68F","TheDivision\Content\Paks\pakchunk7344-WindowsNoEditor.pak",2208242,2208242,2198893,15
"25F43CD13DE64D03CDEF88ADB140CB156415C68F","TheDivision\Content\Paks\pakchunk7344-WindowsNoEditor.sig",664,664,674,15
"25F43CD13DE64D03CDEF88ADB140CB156415C68F","TheDivision\Content\Paks\pakchunk7348-WindowsNoEditor.pak",12735211,12735211,12607929,15
"25F43CD13DE64D03CDEF88ADB140CB156415C68F","TheDivision\Content\Paks\pakchunk7348-WindowsNoEditor.sig",1308,1308,1318,15
"25F43CD13DE64D03CDEF88ADB140CB156415C68F","TheDivision\Content\Paks\pakchunk7352-WindowsNoEditor.pak",2116149,2116149,2104614,15
"25F43CD13DE64D03CDEF88ADB140CB156415C68F","TheDivision\Content\Paks\pakchunk7352-WindowsNoEditor.sig",660,660,670,15
"25F43CD13DE64D03CDEF88ADB140CB156415C68F","TheDivision\Content\Paks\pakchunk7356-WindowsNoEditor.pak",2081083,2081083,2070698,15
"25F43CD13DE64D03CDEF88ADB140CB156415C68F","TheDivision\Content\Paks\pakchunk7356-WindowsNoEditor.sig",656,656,666,15
"25F43CD13DE64D03CDEF88ADB140CB156415C68F","TheDivision\Content\Paks\pakchunk7360-WindowsNoEditor.pak",1966645,1966645,1956429,15
"25F43CD13DE64D03CDEF88ADB140CB156415C68F","TheDivision\Content\Paks\pakchunk7360-WindowsNoEditor.sig",652,652,662,15
"25F43CD13DE64D03CDEF88ADB140CB156415C68F","TheDivision\Content\Paks\pakchunk7364-WindowsNoEditor.pak",1900831,1900831,1892569,15
"25F43CD13DE64D03CDEF88ADB140CB156415C68F","TheDivision\Content\Paks\pakchunk7364-WindowsNoEditor.sig",648,648,658,15
"25F43CD13DE64D03CDEF88ADB140CB156415C68F","TheDivision\Content\Paks\pakchunk7368-WindowsNoEditor.pak",1865967,1865967,1859641,15
"25F43CD13DE64D03CDEF88ADB140CB156415C68F","TheDivision\Content\Paks\pakchunk7368-WindowsNoEditor.sig",644,644,654,15
"25F43CD13DE64D03CDEF88ADB140CB156415C68F","TheDivision\Content\Paks\pakchunk7372-WindowsNoEditor.pak",1962239,1962239,1954634,15
"25F43CD13DE64D03CDEF88ADB140CB156415C68F","TheDivision\Content\Paks\pakchunk7372-WindowsNoEditor.sig",648,648,658,15
"25F43CD13DE64D03CDEF88ADB140CB156415C68F","TheDivision\Content\Paks\pakchunk7376-WindowsNoEditor.pak",1928,1928,1549,15
"25F43CD13DE64D03CDEF88ADB140CB156415C68F","TheDivision\Content\Paks\pakchunk7376-WindowsNoEditor.sig",532,532,542,15
"25F43CD13DE64D03CDEF88ADB140CB156415C68F","TheDivision\Content\Paks\pakchunk7380-WindowsNoEditor.pak",56875709,56875709,56270546,15
"25F43CD13DE64D03CDEF88ADB140CB156415C68F","TheDivision\Content\Paks\pakchunk7380-WindowsNoEditor.sig",4000,4000,4010,15
"25F43CD13DE64D03CDEF88ADB140CB156415C68F","TheDivision\Content\Paks\pakchunk7381-WindowsNoEditor.pak",42656982,42656982,42184976,15
"25F43CD13DE64D03CDEF88ADB140CB156415C68F","TheDivision\Content\Paks\pakchunk7381-WindowsNoEditor.sig",3132,3132,3142,15
"25F43CD13DE64D03CDEF88ADB140CB156415C68F","TheDivision\Content\Paks\pakchunk7382-WindowsNoEditor.pak",475413223,475413223,464472661,15
"25F43CD13DE64D03CDEF88ADB140CB156415C68F","TheDivision\Content\Paks\pakchunk7382-WindowsNoEditor.sig",29548,29548,29558,15
"25F43CD13DE64D03CDEF88ADB140CB156415C68F","TheDivision\Content\Paks\pakchunk7383-WindowsNoEditor.pak",1532,1532,1260,15
"25F43CD13DE64D03CDEF88ADB140CB156415C68F","TheDivision\Content\Paks\pakchunk7383-WindowsNoEditor.sig",532,532,542,15
"25F43CD13DE64D03CDEF88ADB140CB156415C68F","TheDivision\Content\Paks\pakchunk7384-WindowsNoEditor.pak",785518303,785518303,775806611,15
"25F43CD13DE64D03CDEF88ADB140CB156415C68F","TheDivision\Content\Paks\pakchunk7384-WindowsNoEditor.sig",48476,48476,48486,15
"25F43CD13DE64D03CDEF88ADB140CB156415C68F","TheDivision\Content\Paks\pakchunk7385-WindowsNoEditor.pak",56875709,56875709,56270547,15
"25F43CD13DE64D03CDEF88ADB140CB156415C68F","TheDivision\Content\Paks\pakchunk7385-WindowsNoEditor.sig",4000,4000,4010,15
"25F43CD13DE64D03CDEF88ADB140CB156415C68F","TheDivision\Content\Paks\pakchunk7386-WindowsNoEditor.pak",42656982,42656982,42184976,15
"25F43CD13DE64D03CDEF88ADB140CB156415C68F","TheDivision\Content\Paks\pakchunk7386-WindowsNoEditor.sig",3132,3132,3142,15
"25F43CD13DE64D03CDEF88ADB140CB156415C68F","TheDivision\Content\Paks\pakchunk7387-WindowsNoEditor.pak",475413223,475413223,464472646,15
"25F43CD13DE64D03CDEF88ADB140CB156415C68F","TheDivision\Content\Paks\pakchunk7387-WindowsNoEditor.sig",29548,29548,29558,15
"25F43CD13DE64D03CDEF88ADB140CB156415C68F","TheDivision\Content\Paks\pakchunk7388-WindowsNoEditor.pak",1532,1532,1260,15
"25F43CD13DE64D03CDEF88ADB140CB156415C68F","TheDivision\Content\Paks\pakchunk7388-WindowsNoEditor.sig",532,532,542,15
"25F43CD13DE64D03CDEF88ADB140CB156415C68F","TheDivision\Content\Paks\pakchunk7389-WindowsNoEditor.pak",785518303,785518303,775806604,15
"25F43CD13DE64D03CDEF88ADB140CB156415C68F","TheDivision\Content\Paks\pakchunk7389-WindowsNoEditor.sig",48476,48476,48486,15
"25F43CD13DE64D03CDEF88ADB140CB156415C68F","TheDivision\Binaries\Win64\AntiCheatExpert\ACE-Base.dat",71028,71028,71040,16
"25F43CD13DE64D03CDEF88ADB140CB156415C68F","TheDivision\Binaries\Win64\AntiCheatExpert\ACE-BASE.sys",4125432,4125432,1567799,16
"25F43CD13DE64D03CDEF88ADB140CB156415C68F","TheDivision\Binaries\Win64\AntiCheatExpert\ACE-Base64.dll",70285632,70285632,25099511,16
"25F43CD13DE64D03CDEF88ADB140CB156415C68F","TheDivision\Binaries\Win64\AntiCheatExpert\ACE-CORE.sys",3885704,3885704,1500742,16
"25F43CD13DE64D03CDEF88ADB140CB156415C68F","TheDivision\Binaries\Win64\AntiCheatExpert\ACE-CORE.sys2",3235392,3235392,1270655,16
"25F43CD13DE64D03CDEF88ADB140CB156415C68F","TheDivision\Binaries\Win64\AntiCheatExpert\ACE-CORE.sysa",1704168,1704168,703506,16
"25F43CD13DE64D03CDEF88ADB140CB156415C68F","TheDivision\Binaries\Win64\AntiCheatExpert\ACE-CORE.sysa2",1596640,1596640,687897,16
"25F43CD13DE64D03CDEF88ADB140CB156415C68F","TheDivision\Binaries\Win64\AntiCheatExpert\ACE-Service64.exe",3251080,3251080,1339012,16
"25F43CD13DE64D03CDEF88ADB140CB156415C68F","TheDivision\Binaries\Win64\AntiCheatExpert\ACE-Setup64.exe",899984,899984,235976,16
"25F43CD13DE64D03CDEF88ADB140CB156415C68F","TheDivision\Binaries\Win64\TheDivision-Win64-ShippingBase.dll",35905936,35905936,8102261,17
