"8000","F4C0FAD69C63016C7B81B8605AFD4DA998F2AFA7","0000-00-00",978,18554655789,1374786605,200173165,3
"F4C0FAD69C63016C7B81B8605AFD4DA998F2AFA7","TheDivision.exe",1252856,1252856,515912,0
"F4C0FAD69C63016C7B81B8605AFD4DA998F2AFA7","Engine\Binaries\ThirdParty\DbgHelp\dbghelp.dll",1868736,1868736,706625,1
"F4C0FAD69C63016C7B81B8605AFD4DA998F2AFA7","Engine\Binaries\ThirdParty\PhysX3\Win64\VS2015\PxFoundation_x64.dll",69624,69624,31367,1
"F4C0FAD69C63016C7B81B8605AFD4DA998F2AFA7","Engine\Binaries\ThirdParty\PhysX3\Win64\VS2015\PxPvdSDK_x64.dll",203256,203256,72911,1
"F4C0FAD69C63016C7B81B8605AFD4DA998F2AFA7","Engine\Binaries\ThirdParty\PhysX3\Win64\VS2015\PhysX3_x64.dll",2124792,2124792,727433,1
"F4C0FAD69C63016C7B81B8605AFD4DA998F2AFA7","Engine\Binaries\ThirdParty\PhysX3\Win64\VS2015\PhysX3Cooking_x64.dll",259064,259064,117354,1
"F4C0FAD69C63016C7B81B8605AFD4DA998F2AFA7","Engine\Binaries\ThirdParty\PhysX3\Win64\VS2015\PhysX3Common_x64.dll",1613304,1613304,549521,1
"F4C0FAD69C63016C7B81B8605AFD4DA998F2AFA7","Engine\Binaries\ThirdParty\PhysX3\Win64\VS2015\APEX_Clothing_x64.dll",1227768,1227768,440657,1
"F4C0FAD69C63016C7B81B8605AFD4DA998F2AFA7","Engine\Binaries\ThirdParty\PhysX3\Win64\VS2015\APEX_Legacy_x64.dll",3323384,3323384,555801,1
"F4C0FAD69C63016C7B81B8605AFD4DA998F2AFA7","Engine\Binaries\ThirdParty\PhysX3\Win64\VS2015\ApexFramework_x64.dll",1052664,1052664,338716,1
"F4C0FAD69C63016C7B81B8605AFD4DA998F2AFA7","Engine\Binaries\ThirdParty\PhysX3\Win64\VS2015\NvCloth_x64.dll",280568,280568,118463,1
"F4C0FAD69C63016C7B81B8605AFD4DA998F2AFA7","Engine\Binaries\ThirdParty\NVIDIA\NVaftermath\Win64\GFSDK_Aftermath_Lib.x64.dll",132600,132600,63064,1
"F4C0FAD69C63016C7B81B8605AFD4DA998F2AFA7","Engine\Binaries\ThirdParty\Ogg\Win64\VS2015\libogg_64.dll",63992,63992,21765,1
"F4C0FAD69C63016C7B81B8605AFD4DA998F2AFA7","Engine\Binaries\ThirdParty\Vorbis\Win64\VS2015\libvorbis_64.dll",1729016,1729016,199303,1
"F4C0FAD69C63016C7B81B8605AFD4DA998F2AFA7","Engine\Binaries\ThirdParty\Vorbis\Win64\VS2015\libvorbisfile_64.dll",52728,52728,27178,1
"F4C0FAD69C63016C7B81B8605AFD4DA998F2AFA7","Engine\Binaries\ThirdParty\Windows\XAudio2_9\x64\xaudio2_9redist.dll",847440,847440,387895,1
"F4C0FAD69C63016C7B81B8605AFD4DA998F2AFA7","Engine\Extras\Redist\en-us\UE4PrereqSetup_x64.exe",41033784,41033784,38971096,2
"F4C0FAD69C63016C7B81B8605AFD4DA998F2AFA7","TheDivision\Binaries\Win64\locales\am.pak",334344,334344,78882,3
"F4C0FAD69C63016C7B81B8605AFD4DA998F2AFA7","TheDivision\Binaries\Win64\locales\am.pak.info",463171,463171,47705,3
"F4C0FAD69C63016C7B81B8605AFD4DA998F2AFA7","TheDivision\Binaries\Win64\locales\ar.pak",335514,335514,77565,3
"F4C0FAD69C63016C7B81B8605AFD4DA998F2AFA7","TheDivision\Binaries\Win64\locales\ar.pak.info",463171,463171,47705,3
"F4C0FAD69C63016C7B81B8605AFD4DA998F2AFA7","TheDivision\Binaries\Win64\locales\bg.pak",382400,382400,78455,3
"F4C0FAD69C63016C7B81B8605AFD4DA998F2AFA7","TheDivision\Binaries\Win64\locales\bg.pak.info",463171,463171,47705,3
"F4C0FAD69C63016C7B81B8605AFD4DA998F2AFA7","TheDivision\Binaries\Win64\locales\bn.pak",491323,491323,80454,3
"F4C0FAD69C63016C7B81B8605AFD4DA998F2AFA7","TheDivision\Binaries\Win64\locales\bn.pak.info",463171,463171,47705,3
"F4C0FAD69C63016C7B81B8605AFD4DA998F2AFA7","TheDivision\Binaries\Win64\locales\ca.pak",238400,238400,73369,3
"F4C0FAD69C63016C7B81B8605AFD4DA998F2AFA7","TheDivision\Binaries\Win64\locales\ca.pak.info",463171,463171,47705,3
"F4C0FAD69C63016C7B81B8605AFD4DA998F2AFA7","TheDivision\Binaries\Win64\locales\cs.pak",241893,241893,78042,3
"F4C0FAD69C63016C7B81B8605AFD4DA998F2AFA7","TheDivision\Binaries\Win64\locales\cs.pak.info",463171,463171,47705,3
"F4C0FAD69C63016C7B81B8605AFD4DA998F2AFA7","TheDivision\Binaries\Win64\locales\da.pak",217448,217448,71561,3
"F4C0FAD69C63016C7B81B8605AFD4DA998F2AFA7","TheDivision\Binaries\Win64\locales\da.pak.info",463171,463171,47705,3
"F4C0FAD69C63016C7B81B8605AFD4DA998F2AFA7","TheDivision\Binaries\Win64\locales\de.pak",237453,237453,74661,3
"F4C0FAD69C63016C7B81B8605AFD4DA998F2AFA7","TheDivision\Binaries\Win64\locales\de.pak.info",463171,463171,47705,3
"F4C0FAD69C63016C7B81B8605AFD4DA998F2AFA7","TheDivision\Binaries\Win64\locales\el.pak",420291,420291,82201,3
"F4C0FAD69C63016C7B81B8605AFD4DA998F2AFA7","TheDivision\Binaries\Win64\locales\el.pak.info",463171,463171,47705,3
"F4C0FAD69C63016C7B81B8605AFD4DA998F2AFA7","TheDivision\Binaries\Win64\locales\en-GB.pak",195553,195553,67949,3
"F4C0FAD69C63016C7B81B8605AFD4DA998F2AFA7","TheDivision\Binaries\Win64\locales\en-GB.pak.info",463171,463171,47705,3
"F4C0FAD69C63016C7B81B8605AFD4DA998F2AFA7","TheDivision\Binaries\Win64\locales\en-US.pak",289918,289918,95419,3
"F4C0FAD69C63016C7B81B8605AFD4DA998F2AFA7","TheDivision\Binaries\Win64\locales\en-US.pak.info",463171,463171,47705,3
"F4C0FAD69C63016C7B81B8605AFD4DA998F2AFA7","TheDivision\Binaries\Win64\locales\es-419.pak",234675,234675,73392,3
"F4C0FAD69C63016C7B81B8605AFD4DA998F2AFA7","TheDivision\Binaries\Win64\locales\es-419.pak.info",463171,463171,47705,3
"F4C0FAD69C63016C7B81B8605AFD4DA998F2AFA7","TheDivision\Binaries\Win64\locales\es.pak",238029,238029,72596,3
"F4C0FAD69C63016C7B81B8605AFD4DA998F2AFA7","TheDivision\Binaries\Win64\locales\es.pak.info",463171,463171,47705,3
"F4C0FAD69C63016C7B81B8605AFD4DA998F2AFA7","TheDivision\Binaries\Win64\locales\et.pak",212465,212465,73079,3
"F4C0FAD69C63016C7B81B8605AFD4DA998F2AFA7","TheDivision\Binaries\Win64\locales\et.pak.info",463171,463171,47705,3
"F4C0FAD69C63016C7B81B8605AFD4DA998F2AFA7","TheDivision\Binaries\Win64\locales\fa.pak",336963,336963,75975,3
"F4C0FAD69C63016C7B81B8605AFD4DA998F2AFA7","TheDivision\Binaries\Win64\locales\fa.pak.info",463171,463171,47705,3
"F4C0FAD69C63016C7B81B8605AFD4DA998F2AFA7","TheDivision\Binaries\Win64\locales\fi.pak",218888,218888,73063,3
"F4C0FAD69C63016C7B81B8605AFD4DA998F2AFA7","TheDivision\Binaries\Win64\locales\fi.pak.info",463171,463171,47705,3
"F4C0FAD69C63016C7B81B8605AFD4DA998F2AFA7","TheDivision\Binaries\Win64\locales\fil.pak",241314,241314,73202,3
"F4C0FAD69C63016C7B81B8605AFD4DA998F2AFA7","TheDivision\Binaries\Win64\locales\fil.pak.info",463171,463171,47705,3
"F4C0FAD69C63016C7B81B8605AFD4DA998F2AFA7","TheDivision\Binaries\Win64\locales\fr.pak",254636,254636,75075,3
"F4C0FAD69C63016C7B81B8605AFD4DA998F2AFA7","TheDivision\Binaries\Win64\locales\fr.pak.info",463171,463171,47705,3
"F4C0FAD69C63016C7B81B8605AFD4DA998F2AFA7","TheDivision\Binaries\Win64\locales\gu.pak",471623,471623,79999,3
"F4C0FAD69C63016C7B81B8605AFD4DA998F2AFA7","TheDivision\Binaries\Win64\locales\gu.pak.info",463171,463171,47705,3
"F4C0FAD69C63016C7B81B8605AFD4DA998F2AFA7","TheDivision\Binaries\Win64\locales\he.pak",286163,286163,74818,3
"F4C0FAD69C63016C7B81B8605AFD4DA998F2AFA7","TheDivision\Binaries\Win64\locales\he.pak.info",463171,463171,47705,3
"F4C0FAD69C63016C7B81B8605AFD4DA998F2AFA7","TheDivision\Binaries\Win64\locales\hi.pak",484982,484982,80524,3
"F4C0FAD69C63016C7B81B8605AFD4DA998F2AFA7","TheDivision\Binaries\Win64\locales\hi.pak.info",463171,463171,47705,3
"F4C0FAD69C63016C7B81B8605AFD4DA998F2AFA7","TheDivision\Binaries\Win64\locales\hr.pak",229781,229781,75418,3
"F4C0FAD69C63016C7B81B8605AFD4DA998F2AFA7","TheDivision\Binaries\Win64\locales\hr.pak.info",463171,463171,47705,3
"F4C0FAD69C63016C7B81B8605AFD4DA998F2AFA7","TheDivision\Binaries\Win64\locales\hu.pak",251095,251095,77888,3
"F4C0FAD69C63016C7B81B8605AFD4DA998F2AFA7","TheDivision\Binaries\Win64\locales\hu.pak.info",463171,463171,47705,3
"F4C0FAD69C63016C7B81B8605AFD4DA998F2AFA7","TheDivision\Binaries\Win64\locales\id.pak",210886,210886,68387,3
"F4C0FAD69C63016C7B81B8605AFD4DA998F2AFA7","TheDivision\Binaries\Win64\locales\id.pak.info",463171,463171,47705,3
"F4C0FAD69C63016C7B81B8605AFD4DA998F2AFA7","TheDivision\Binaries\Win64\locales\it.pak",230092,230092,72074,3
"F4C0FAD69C63016C7B81B8605AFD4DA998F2AFA7","TheDivision\Binaries\Win64\locales\it.pak.info",463171,463171,47705,3
"F4C0FAD69C63016C7B81B8605AFD4DA998F2AFA7","TheDivision\Binaries\Win64\locales\ja.pak",285120,285120,70726,3
"F4C0FAD69C63016C7B81B8605AFD4DA998F2AFA7","TheDivision\Binaries\Win64\locales\ja.pak.info",463171,463171,47705,3
"F4C0FAD69C63016C7B81B8605AFD4DA998F2AFA7","TheDivision\Binaries\Win64\locales\kn.pak",549654,549654,80792,3
"F4C0FAD69C63016C7B81B8605AFD4DA998F2AFA7","TheDivision\Binaries\Win64\locales\kn.pak.info",463171,463171,47705,3
"F4C0FAD69C63016C7B81B8605AFD4DA998F2AFA7","TheDivision\Binaries\Win64\locales\ko.pak",240318,240318,68504,3
"F4C0FAD69C63016C7B81B8605AFD4DA998F2AFA7","TheDivision\Binaries\Win64\locales\ko.pak.info",463171,463171,47705,3
"F4C0FAD69C63016C7B81B8605AFD4DA998F2AFA7","TheDivision\Binaries\Win64\locales\lt.pak",245872,245872,76246,3
"F4C0FAD69C63016C7B81B8605AFD4DA998F2AFA7","TheDivision\Binaries\Win64\locales\lt.pak.info",463171,463171,47705,3
"F4C0FAD69C63016C7B81B8605AFD4DA998F2AFA7","TheDivision\Binaries\Win64\locales\lv.pak",244911,244911,76259,3
"F4C0FAD69C63016C7B81B8605AFD4DA998F2AFA7","TheDivision\Binaries\Win64\locales\lv.pak.info",463171,463171,47705,3
"F4C0FAD69C63016C7B81B8605AFD4DA998F2AFA7","TheDivision\Binaries\Win64\locales\ml.pak",589260,589260,83809,3
"F4C0FAD69C63016C7B81B8605AFD4DA998F2AFA7","TheDivision\Binaries\Win64\locales\ml.pak.info",463171,463171,47705,3
"F4C0FAD69C63016C7B81B8605AFD4DA998F2AFA7","TheDivision\Binaries\Win64\locales\mr.pak",470120,470120,79120,3
"F4C0FAD69C63016C7B81B8605AFD4DA998F2AFA7","TheDivision\Binaries\Win64\locales\mr.pak.info",463171,463171,47705,3
"F4C0FAD69C63016C7B81B8605AFD4DA998F2AFA7","TheDivision\Binaries\Win64\locales\ms.pak",218211,218211,68499,3
"F4C0FAD69C63016C7B81B8605AFD4DA998F2AFA7","TheDivision\Binaries\Win64\locales\ms.pak.info",463171,463171,47705,3
"F4C0FAD69C63016C7B81B8605AFD4DA998F2AFA7","TheDivision\Binaries\Win64\locales\nb.pak",214620,214620,70933,3
"F4C0FAD69C63016C7B81B8605AFD4DA998F2AFA7","TheDivision\Binaries\Win64\locales\nb.pak.info",463171,463171,47705,3
"F4C0FAD69C63016C7B81B8605AFD4DA998F2AFA7","TheDivision\Binaries\Win64\locales\nl.pak",224545,224545,72458,3
"F4C0FAD69C63016C7B81B8605AFD4DA998F2AFA7","TheDivision\Binaries\Win64\locales\nl.pak.info",463171,463171,47705,3
"F4C0FAD69C63016C7B81B8605AFD4DA998F2AFA7","TheDivision\Binaries\Win64\locales\pl.pak",238263,238263,77094,3
"F4C0FAD69C63016C7B81B8605AFD4DA998F2AFA7","TheDivision\Binaries\Win64\locales\pl.pak.info",463171,463171,47705,3
"F4C0FAD69C63016C7B81B8605AFD4DA998F2AFA7","TheDivision\Binaries\Win64\locales\pt-BR.pak",231071,231071,72753,3
"F4C0FAD69C63016C7B81B8605AFD4DA998F2AFA7","TheDivision\Binaries\Win64\locales\pt-BR.pak.info",463171,463171,47705,3
"F4C0FAD69C63016C7B81B8605AFD4DA998F2AFA7","TheDivision\Binaries\Win64\locales\pt-PT.pak",233820,233820,72700,3
"F4C0FAD69C63016C7B81B8605AFD4DA998F2AFA7","TheDivision\Binaries\Win64\locales\pt-PT.pak.info",463171,463171,47705,3
"F4C0FAD69C63016C7B81B8605AFD4DA998F2AFA7","TheDivision\Binaries\Win64\locales\ro.pak",239045,239045,74449,3
"F4C0FAD69C63016C7B81B8605AFD4DA998F2AFA7","TheDivision\Binaries\Win64\locales\ro.pak.info",463171,463171,47705,3
"F4C0FAD69C63016C7B81B8605AFD4DA998F2AFA7","TheDivision\Binaries\Win64\locales\ru.pak",369448,369448,79685,3
"F4C0FAD69C63016C7B81B8605AFD4DA998F2AFA7","TheDivision\Binaries\Win64\locales\ru.pak.info",463171,463171,47705,3
"F4C0FAD69C63016C7B81B8605AFD4DA998F2AFA7","TheDivision\Binaries\Win64\locales\sk.pak",245003,245003,78956,3
"F4C0FAD69C63016C7B81B8605AFD4DA998F2AFA7","TheDivision\Binaries\Win64\locales\sk.pak.info",463171,463171,47705,3
"F4C0FAD69C63016C7B81B8605AFD4DA998F2AFA7","TheDivision\Binaries\Win64\locales\sl.pak",230579,230579,74871,3
"F4C0FAD69C63016C7B81B8605AFD4DA998F2AFA7","TheDivision\Binaries\Win64\locales\sl.pak.info",463171,463171,47705,3
"F4C0FAD69C63016C7B81B8605AFD4DA998F2AFA7","TheDivision\Binaries\Win64\locales\sr.pak",358400,358400,78372,3
"F4C0FAD69C63016C7B81B8605AFD4DA998F2AFA7","TheDivision\Binaries\Win64\locales\sr.pak.info",463171,463171,47705,3
"F4C0FAD69C63016C7B81B8605AFD4DA998F2AFA7","TheDivision\Binaries\Win64\locales\sv.pak",216109,216109,71244,3
"F4C0FAD69C63016C7B81B8605AFD4DA998F2AFA7","TheDivision\Binaries\Win64\locales\sv.pak.info",463171,463171,47705,3
"F4C0FAD69C63016C7B81B8605AFD4DA998F2AFA7","TheDivision\Binaries\Win64\locales\sw.pak",221587,221587,71874,3
"F4C0FAD69C63016C7B81B8605AFD4DA998F2AFA7","TheDivision\Binaries\Win64\locales\sw.pak.info",463171,463171,47705,3
"F4C0FAD69C63016C7B81B8605AFD4DA998F2AFA7","TheDivision\Binaries\Win64\locales\ta.pak",557671,557671,79209,3
"F4C0FAD69C63016C7B81B8605AFD4DA998F2AFA7","TheDivision\Binaries\Win64\locales\ta.pak.info",463171,463171,47705,3
"F4C0FAD69C63016C7B81B8605AFD4DA998F2AFA7","TheDivision\Binaries\Win64\locales\te.pak",529364,529364,80064,3
"F4C0FAD69C63016C7B81B8605AFD4DA998F2AFA7","TheDivision\Binaries\Win64\locales\te.pak.info",463171,463171,47705,3
"F4C0FAD69C63016C7B81B8605AFD4DA998F2AFA7","TheDivision\Binaries\Win64\locales\th.pak",449418,449418,72590,3
"F4C0FAD69C63016C7B81B8605AFD4DA998F2AFA7","TheDivision\Binaries\Win64\locales\th.pak.info",463171,463171,47705,3
"F4C0FAD69C63016C7B81B8605AFD4DA998F2AFA7","TheDivision\Binaries\Win64\locales\tr.pak",231124,231124,73310,3
"F4C0FAD69C63016C7B81B8605AFD4DA998F2AFA7","TheDivision\Binaries\Win64\locales\tr.pak.info",463171,463171,47705,3
"F4C0FAD69C63016C7B81B8605AFD4DA998F2AFA7","TheDivision\Binaries\Win64\locales\uk.pak",374449,374449,79519,3
"F4C0FAD69C63016C7B81B8605AFD4DA998F2AFA7","TheDivision\Binaries\Win64\locales\uk.pak.info",463171,463171,47705,3
"F4C0FAD69C63016C7B81B8605AFD4DA998F2AFA7","TheDivision\Binaries\Win64\locales\vi.pak",266384,266384,70983,3
"F4C0FAD69C63016C7B81B8605AFD4DA998F2AFA7","TheDivision\Binaries\Win64\locales\vi.pak.info",463171,463171,47705,3
"F4C0FAD69C63016C7B81B8605AFD4DA998F2AFA7","TheDivision\Binaries\Win64\locales\zh-CN.pak",293213,293213,95334,3
"F4C0FAD69C63016C7B81B8605AFD4DA998F2AFA7","TheDivision\Binaries\Win64\locales\zh-CN.pak.info",463171,463171,47705,3
"F4C0FAD69C63016C7B81B8605AFD4DA998F2AFA7","TheDivision\Binaries\Win64\locales\zh-TW.pak",199618,199618,68155,3
"F4C0FAD69C63016C7B81B8605AFD4DA998F2AFA7","TheDivision\Binaries\Win64\locales\zh-TW.pak.info",463171,463171,47705,3
"F4C0FAD69C63016C7B81B8605AFD4DA998F2AFA7","TheDivision\Binaries\Win64\webview_bitmap\dark\back_64.bmp",16790,16790,310,4
"F4C0FAD69C63016C7B81B8605AFD4DA998F2AFA7","TheDivision\Binaries\Win64\webview_bitmap\dark\bg_64.bmp",16534,16534,65,4
"F4C0FAD69C63016C7B81B8605AFD4DA998F2AFA7","TheDivision\Binaries\Win64\webview_bitmap\dark\click_64.bmp",16534,16534,87,4
"F4C0FAD69C63016C7B81B8605AFD4DA998F2AFA7","TheDivision\Binaries\Win64\webview_bitmap\dark\close_64.bmp",16534,16534,310,4
"F4C0FAD69C63016C7B81B8605AFD4DA998F2AFA7","TheDivision\Binaries\Win64\webview_bitmap\dark\external_64.bmp",16534,16534,1347,4
"F4C0FAD69C63016C7B81B8605AFD4DA998F2AFA7","TheDivision\Binaries\Win64\webview_bitmap\dark\font.json",98,98,80,4
"F4C0FAD69C63016C7B81B8605AFD4DA998F2AFA7","TheDivision\Binaries\Win64\webview_bitmap\dark\forward_64.bmp",16534,16534,323,4
"F4C0FAD69C63016C7B81B8605AFD4DA998F2AFA7","TheDivision\Binaries\Win64\webview_bitmap\dark\loading_64.bmp",18106,18106,1926,4
"F4C0FAD69C63016C7B81B8605AFD4DA998F2AFA7","TheDivision\Binaries\Win64\webview_bitmap\dark\over_64.bmp",16534,16534,65,4
"F4C0FAD69C63016C7B81B8605AFD4DA998F2AFA7","TheDivision\Binaries\Win64\webview_bitmap\dark\reload_64.bmp",16534,16534,1476,4
"F4C0FAD69C63016C7B81B8605AFD4DA998F2AFA7","TheDivision\Binaries\Win64\webview_bitmap\light\back_64.bmp",16790,16790,310,4
"F4C0FAD69C63016C7B81B8605AFD4DA998F2AFA7","TheDivision\Binaries\Win64\webview_bitmap\light\bg_64.bmp",16534,16534,65,4
"F4C0FAD69C63016C7B81B8605AFD4DA998F2AFA7","TheDivision\Binaries\Win64\webview_bitmap\light\click_64.bmp",16534,16534,65,4
"F4C0FAD69C63016C7B81B8605AFD4DA998F2AFA7","TheDivision\Binaries\Win64\webview_bitmap\light\close_64.bmp",16534,16534,310,4
"F4C0FAD69C63016C7B81B8605AFD4DA998F2AFA7","TheDivision\Binaries\Win64\webview_bitmap\light\external_64.bmp",16534,16534,1346,4
"F4C0FAD69C63016C7B81B8605AFD4DA998F2AFA7","TheDivision\Binaries\Win64\webview_bitmap\light\font.json",95,95,84,4
"F4C0FAD69C63016C7B81B8605AFD4DA998F2AFA7","TheDivision\Binaries\Win64\webview_bitmap\light\forward_64.bmp",16534,16534,323,4
"F4C0FAD69C63016C7B81B8605AFD4DA998F2AFA7","TheDivision\Binaries\Win64\webview_bitmap\light\loading_64.bmp",18106,18106,1916,4
"F4C0FAD69C63016C7B81B8605AFD4DA998F2AFA7","TheDivision\Binaries\Win64\webview_bitmap\light\over_64.bmp",16534,16534,87,4
"F4C0FAD69C63016C7B81B8605AFD4DA998F2AFA7","TheDivision\Binaries\Win64\webview_bitmap\light\reload_64.bmp",16534,16534,1481,4
"F4C0FAD69C63016C7B81B8605AFD4DA998F2AFA7","TheDivision\Plugins\Wwise\ThirdParty\x64_vc160\Release\bin\AkAudioInput.dll",118264,118264,59293,5
"F4C0FAD69C63016C7B81B8605AFD4DA998F2AFA7","TheDivision\Plugins\Wwise\ThirdParty\x64_vc160\Release\bin\AkCompressor.dll",121848,121848,61180,5
"F4C0FAD69C63016C7B81B8605AFD4DA998F2AFA7","TheDivision\Plugins\Wwise\ThirdParty\x64_vc160\Release\bin\AkConvolutionReverb.dll",235512,235512,90826,5
"F4C0FAD69C63016C7B81B8605AFD4DA998F2AFA7","TheDivision\Plugins\Wwise\ThirdParty\x64_vc160\Release\bin\AkDelay.dll",123384,123384,62396,5
"F4C0FAD69C63016C7B81B8605AFD4DA998F2AFA7","TheDivision\Plugins\Wwise\ThirdParty\x64_vc160\Release\bin\AkExpander.dll",123896,123896,61549,5
"F4C0FAD69C63016C7B81B8605AFD4DA998F2AFA7","TheDivision\Plugins\Wwise\ThirdParty\x64_vc160\Release\bin\AkFlanger.dll",144888,144888,72160,5
"F4C0FAD69C63016C7B81B8605AFD4DA998F2AFA7","TheDivision\Plugins\Wwise\ThirdParty\x64_vc160\Release\bin\AkGain.dll",118264,118264,59332,5
"F4C0FAD69C63016C7B81B8605AFD4DA998F2AFA7","TheDivision\Plugins\Wwise\ThirdParty\x64_vc160\Release\bin\AkGuitarDistortion.dll",156664,156664,75039,5
"F4C0FAD69C63016C7B81B8605AFD4DA998F2AFA7","TheDivision\Plugins\Wwise\ThirdParty\x64_vc160\Release\bin\AkHarmonizer.dll",252920,252920,96730,5
"F4C0FAD69C63016C7B81B8605AFD4DA998F2AFA7","TheDivision\Plugins\Wwise\ThirdParty\x64_vc160\Release\bin\AkMatrixReverb.dll",184312,184312,85309,5
"F4C0FAD69C63016C7B81B8605AFD4DA998F2AFA7","TheDivision\Plugins\Wwise\ThirdParty\x64_vc160\Release\bin\AkMotion.dll",182776,182776,91010,5
"F4C0FAD69C63016C7B81B8605AFD4DA998F2AFA7","TheDivision\Plugins\Wwise\ThirdParty\x64_vc160\Release\bin\AkParametricEQ.dll",146424,146424,71216,5
"F4C0FAD69C63016C7B81B8605AFD4DA998F2AFA7","TheDivision\Plugins\Wwise\ThirdParty\x64_vc160\Release\bin\AkPeakLimiter.dll",125944,125944,63346,5
"F4C0FAD69C63016C7B81B8605AFD4DA998F2AFA7","TheDivision\Plugins\Wwise\ThirdParty\x64_vc160\Release\bin\AkPitchShifter.dll",152056,152056,73944,5
"F4C0FAD69C63016C7B81B8605AFD4DA998F2AFA7","TheDivision\Plugins\Wwise\ThirdParty\x64_vc160\Release\bin\AkRecorder.dll",118776,118776,58721,5
"F4C0FAD69C63016C7B81B8605AFD4DA998F2AFA7","TheDivision\Plugins\Wwise\ThirdParty\x64_vc160\Release\bin\AkReflect.dll",181752,181752,88746,5
"F4C0FAD69C63016C7B81B8605AFD4DA998F2AFA7","TheDivision\Plugins\Wwise\ThirdParty\x64_vc160\Release\bin\AkRoomVerb.dll",242168,242168,117880,5
"F4C0FAD69C63016C7B81B8605AFD4DA998F2AFA7","TheDivision\Plugins\Wwise\ThirdParty\x64_vc160\Release\bin\AkSilenceGenerator.dll",109560,109560,54017,5
"F4C0FAD69C63016C7B81B8605AFD4DA998F2AFA7","TheDivision\Plugins\Wwise\ThirdParty\x64_vc160\Release\bin\AkSineTone.dll",119288,119288,59605,5
"F4C0FAD69C63016C7B81B8605AFD4DA998F2AFA7","TheDivision\Plugins\Wwise\ThirdParty\x64_vc160\Release\bin\AkSoundEngineDLL.dll",1505784,1505784,668278,5
"F4C0FAD69C63016C7B81B8605AFD4DA998F2AFA7","TheDivision\Plugins\Wwise\ThirdParty\x64_vc160\Release\bin\AkSoundSeedAir.dll",185848,185848,91129,5
"F4C0FAD69C63016C7B81B8605AFD4DA998F2AFA7","TheDivision\Plugins\Wwise\ThirdParty\x64_vc160\Release\bin\AkSoundSeedImpact.dll",147960,147960,74344,5
"F4C0FAD69C63016C7B81B8605AFD4DA998F2AFA7","TheDivision\Plugins\Wwise\ThirdParty\x64_vc160\Release\bin\AkStereoDelay.dll",158200,158200,77249,5
"F4C0FAD69C63016C7B81B8605AFD4DA998F2AFA7","TheDivision\Plugins\Wwise\ThirdParty\x64_vc160\Release\bin\AkSynthOne.dll",164856,164856,80944,5
"F4C0FAD69C63016C7B81B8605AFD4DA998F2AFA7","TheDivision\Plugins\Wwise\ThirdParty\x64_vc160\Release\bin\AkTimeStretch.dll",219128,219128,82588,5
"F4C0FAD69C63016C7B81B8605AFD4DA998F2AFA7","TheDivision\Plugins\Wwise\ThirdParty\x64_vc160\Release\bin\AkToneGen.dll",138744,138744,69764,5
"F4C0FAD69C63016C7B81B8605AFD4DA998F2AFA7","TheDivision\Plugins\Wwise\ThirdParty\x64_vc160\Release\bin\AkTremolo.dll",143352,143352,70092,5
"F4C0FAD69C63016C7B81B8605AFD4DA998F2AFA7","TheDivision\Plugins\Wwise\ThirdParty\x64_vc160\Release\bin\Auro.dll",2552824,2552824,321904,5
"F4C0FAD69C63016C7B81B8605AFD4DA998F2AFA7","TheDivision\Plugins\Wwise\ThirdParty\x64_vc160\Release\bin\iZotope.dll",572408,572408,244479,5
"F4C0FAD69C63016C7B81B8605AFD4DA998F2AFA7","TheDivision\Plugins\Wwise\ThirdParty\x64_vc160\Release\bin\MasteringSuite.dll",185336,185336,90915,5
"F4C0FAD69C63016C7B81B8605AFD4DA998F2AFA7","TheDivision\Plugins\Wwise\ThirdParty\x64_vc160\Release\bin\McDSP.dll",299000,299000,144375,5
"F4C0FAD69C63016C7B81B8605AFD4DA998F2AFA7","TheDivision\Content\Config\MainResVersionConfig.json",0,0,0,6
"F4C0FAD69C63016C7B81B8605AFD4DA998F2AFA7","TheDivision\Content\Config\OptionalResVersionConfig.json",0,0,0,6
"F4C0FAD69C63016C7B81B8605AFD4DA998F2AFA7","TheDivision\Content\Config\PufferPakInfo.json",0,0,0,6
"F4C0FAD69C63016C7B81B8605AFD4DA998F2AFA7","TheDivision\Content\Config\PufferResVersionConfig.json",0,0,0,6
"F4C0FAD69C63016C7B81B8605AFD4DA998F2AFA7","TheDivision\Content\Config\ResConfig.json",0,0,0,6
"F4C0FAD69C63016C7B81B8605AFD4DA998F2AFA7","TheDivision\Binaries\Win64\TheDivision-Win64-Shipping.exe",120390648,120390648,92387876,7
"F4C0FAD69C63016C7B81B8605AFD4DA998F2AFA7","TheDivision\Binaries\Win64\ubiservices.dll",11008504,11008504,9589908,7
"F4C0FAD69C63016C7B81B8605AFD4DA998F2AFA7","TheDivision\Binaries\Win64\GCloudCore.dll",2904056,2904056,679805,7
"F4C0FAD69C63016C7B81B8605AFD4DA998F2AFA7","TheDivision\Binaries\Win64\GCloud.dll",18978808,18978808,4087363,7
"F4C0FAD69C63016C7B81B8605AFD4DA998F2AFA7","TheDivision\Binaries\Win64\GCloudVoice.dll",7844512,7844512,2931874,7
"F4C0FAD69C63016C7B81B8605AFD4DA998F2AFA7","TheDivision\Binaries\Win64\config.json",554,554,229,7
"F4C0FAD69C63016C7B81B8605AFD4DA998F2AFA7","TheDivision\Binaries\Win64\decoder_v4_small.nn",2472220,2472220,2280695,7
"F4C0FAD69C63016C7B81B8605AFD4DA998F2AFA7","TheDivision\Binaries\Win64\encoder_v4_small.nn",2592572,2592572,2399799,7
"F4C0FAD69C63016C7B81B8605AFD4DA998F2AFA7","TheDivision\Binaries\Win64\libgvoicensmodel.bin",2312680,2312680,1897996,7
"F4C0FAD69C63016C7B81B8605AFD4DA998F2AFA7","TheDivision\Binaries\Win64\libcrosCurl.dll",711672,711672,328392,7
"F4C0FAD69C63016C7B81B8605AFD4DA998F2AFA7","TheDivision\Binaries\Win64\libcrypto-1_1-x64.dll",2875384,2875384,946087,7
"F4C0FAD69C63016C7B81B8605AFD4DA998F2AFA7","TheDivision\Binaries\Win64\libssl-1_1-x64.dll",700920,700920,221353,7
"F4C0FAD69C63016C7B81B8605AFD4DA998F2AFA7","TheDivision\Binaries\Win64\Gbspy64.dll",3643824,3643824,1507524,7
"F4C0FAD69C63016C7B81B8605AFD4DA998F2AFA7","TheDivision\Binaries\Win64\GameBabyConfig64.dat",315,315,200,7
"F4C0FAD69C63016C7B81B8605AFD4DA998F2AFA7","TheDivision\Binaries\Win64\TQM64\dbghelp.dll",1508016,1508016,566141,7
"F4C0FAD69C63016C7B81B8605AFD4DA998F2AFA7","TheDivision\Binaries\Win64\TQM64\TQMCenter_64.exe",3436976,3436976,1439293,7
"F4C0FAD69C63016C7B81B8605AFD4DA998F2AFA7","TheDivision\Binaries\Win64\TQM64\GameBabyConfig64.dat",315,315,200,7
"F4C0FAD69C63016C7B81B8605AFD4DA998F2AFA7","TheDivision\Binaries\Win64\APASConfig.ini",408,408,247,7
"F4C0FAD69C63016C7B81B8605AFD4DA998F2AFA7","TheDivision\Binaries\Win64\INTLConfig.ini.new",944,944,954,7
"F4C0FAD69C63016C7B81B8605AFD4DA998F2AFA7","TheDivision\Binaries\Win64\INTLFoundation.dll",2308512,2308512,935498,7
"F4C0FAD69C63016C7B81B8605AFD4DA998F2AFA7","TheDivision\Binaries\Win64\intl_cacert.pem",212549,212549,115346,7
"F4C0FAD69C63016C7B81B8605AFD4DA998F2AFA7","TheDivision\Binaries\Win64\INTLResultMsg.Json",1848,1848,762,7
"F4C0FAD69C63016C7B81B8605AFD4DA998F2AFA7","TheDivision\Binaries\Win64\INTLCore.dll",7726496,7726496,2424370,7
"F4C0FAD69C63016C7B81B8605AFD4DA998F2AFA7","TheDivision\Binaries\Win64\INTLRuntime.dll",12195744,12195744,4289091,7
"F4C0FAD69C63016C7B81B8605AFD4DA998F2AFA7","TheDivision\Binaries\Win64\INTLWebView.dll",1985440,1985440,718218,7
"F4C0FAD69C63016C7B81B8605AFD4DA998F2AFA7","TheDivision\Binaries\Win64\INTLWebViewHelper.exe",154016,154016,69855,7
"F4C0FAD69C63016C7B81B8605AFD4DA998F2AFA7","TheDivision\Binaries\Win64\chrome_elf.dll",1165216,1165216,436663,7
"F4C0FAD69C63016C7B81B8605AFD4DA998F2AFA7","TheDivision\Binaries\Win64\d3dcompiler_47.dll",4526496,4526496,1652562,7
"F4C0FAD69C63016C7B81B8605AFD4DA998F2AFA7","TheDivision\Binaries\Win64\libGLESv2.dll",6691232,6691232,2252830,7
"F4C0FAD69C63016C7B81B8605AFD4DA998F2AFA7","TheDivision\Binaries\Win64\libEGL.dll",418208,418208,174951,7
"F4C0FAD69C63016C7B81B8605AFD4DA998F2AFA7","TheDivision\Binaries\Win64\vulkan-1.dll",697248,697248,268380,7
"F4C0FAD69C63016C7B81B8605AFD4DA998F2AFA7","TheDivision\Binaries\Win64\vk_swiftshader.dll",3810208,3810208,1275777,7
"F4C0FAD69C63016C7B81B8605AFD4DA998F2AFA7","TheDivision\Binaries\Win64\vk_swiftshader_icd.json",106,106,99,7
"F4C0FAD69C63016C7B81B8605AFD4DA998F2AFA7","TheDivision\Binaries\Win64\qbcore.dll",161651104,161651104,58558988,7
"F4C0FAD69C63016C7B81B8605AFD4DA998F2AFA7","TheDivision\Binaries\Win64\resources.pak",7704556,7704556,7582221,7
"F4C0FAD69C63016C7B81B8605AFD4DA998F2AFA7","TheDivision\Binaries\Win64\chrome_100_percent.pak",628996,628996,598662,7
"F4C0FAD69C63016C7B81B8605AFD4DA998F2AFA7","TheDivision\Binaries\Win64\chrome_200_percent.pak",941195,941195,897103,7
"F4C0FAD69C63016C7B81B8605AFD4DA998F2AFA7","TheDivision\Binaries\Win64\icudtl.dat",10215904,10215904,3925597,7
"F4C0FAD69C63016C7B81B8605AFD4DA998F2AFA7","TheDivision\Binaries\Win64\snapshot_blob.bin",49262,49262,48652,7
"F4C0FAD69C63016C7B81B8605AFD4DA998F2AFA7","TheDivision\Binaries\Win64\v8_context_snapshot.bin",164303,164303,160748,7
"F4C0FAD69C63016C7B81B8605AFD4DA998F2AFA7","TheDivision\Binaries\Win64\devtools_resources.pak",6306942,6306942,1143035,7
"F4C0FAD69C63016C7B81B8605AFD4DA998F2AFA7","TheDivision\Binaries\Win64\upc_r2_loader64.dll",151736,151736,71329,7
"F4C0FAD69C63016C7B81B8605AFD4DA998F2AFA7","TheDivision\Binaries\Win64\libSDOC.qti.dll",187384,187384,74226,7
"F4C0FAD69C63016C7B81B8605AFD4DA998F2AFA7","TheDivision\Binaries\Win64\turbojpeg.dll",740856,740856,202947,7
"F4C0FAD69C63016C7B81B8605AFD4DA998F2AFA7","TheDivision\Content\Splash\Splash.bmp",518538,518538,259844,7
"F4C0FAD69C63016C7B81B8605AFD4DA998F2AFA7","TheDivision\Content\Paks\pakchunk0-WindowsNoEditor.pak",1329155894,1329155894,1243057550,8
"F4C0FAD69C63016C7B81B8605AFD4DA998F2AFA7","TheDivision\Content\Paks\pakchunk0-WindowsNoEditor.sig",81656,81656,81668,8
"F4C0FAD69C63016C7B81B8605AFD4DA998F2AFA7","TheDivision\Content\Paks\pakchunk10-WindowsNoEditor.pak",4519551992,224584696,76454712,8
"F4C0FAD69C63016C7B81B8605AFD4DA998F2AFA7","TheDivision\Content\Paks\pakchunk10-WindowsNoEditor.sig",276380,276380,276398,8
"F4C0FAD69C63016C7B81B8605AFD4DA998F2AFA7","TheDivision\Content\Paks\pakchunk14-WindowsNoEditor.pak",979337555,979337555,934838240,8
"F4C0FAD69C63016C7B81B8605AFD4DA998F2AFA7","TheDivision\Content\Paks\pakchunk14-WindowsNoEditor.sig",60304,60304,60314,8
"F4C0FAD69C63016C7B81B8605AFD4DA998F2AFA7","TheDivision\Content\Paks\pakchunk20-WindowsNoEditor.pak",3196454311,3196454311,2986686303,8
"F4C0FAD69C63016C7B81B8605AFD4DA998F2AFA7","TheDivision\Content\Paks\pakchunk20-WindowsNoEditor.sig",195628,195628,195643,8
"F4C0FAD69C63016C7B81B8605AFD4DA998F2AFA7","TheDivision\Content\Paks\pakchunk24-WindowsNoEditor.pak",4093861989,4093861989,3888755125,8
"F4C0FAD69C63016C7B81B8605AFD4DA998F2AFA7","TheDivision\Content\Paks\pakchunk24-WindowsNoEditor.sig",250400,250400,250415,8
"F4C0FAD69C63016C7B81B8605AFD4DA998F2AFA7","TheDivision\Content\Paks\pakchunk5-WindowsNoEditor.pak",24656907,24656907,20878775,8
"F4C0FAD69C63016C7B81B8605AFD4DA998F2AFA7","TheDivision\Content\Paks\pakchunk5-WindowsNoEditor.sig",2036,2036,2046,8
"F4C0FAD69C63016C7B81B8605AFD4DA998F2AFA7","TheDivision\Content\Paks\pakchunk100-WindowsNoEditor.pak",67060411,67060411,64356231,9
"F4C0FAD69C63016C7B81B8605AFD4DA998F2AFA7","TheDivision\Content\Paks\pakchunk100-WindowsNoEditor.sig",4624,4624,4634,9
"F4C0FAD69C63016C7B81B8605AFD4DA998F2AFA7","TheDivision\Content\Paks\pakchunk104-WindowsNoEditor.pak",54740869,54740869,52861194,9
"F4C0FAD69C63016C7B81B8605AFD4DA998F2AFA7","TheDivision\Content\Paks\pakchunk104-WindowsNoEditor.sig",3872,3872,3882,9
"F4C0FAD69C63016C7B81B8605AFD4DA998F2AFA7","TheDivision\Content\Paks\pakchunk108-WindowsNoEditor.pak",169893000,169893000,160571075,9
"F4C0FAD69C63016C7B81B8605AFD4DA998F2AFA7","TheDivision\Content\Paks\pakchunk108-WindowsNoEditor.sig",10900,10900,10910,9
"F4C0FAD69C63016C7B81B8605AFD4DA998F2AFA7","TheDivision\Content\Paks\pakchunk112-WindowsNoEditor.pak",1002482328,1002482328,934836375,9
"F4C0FAD69C63016C7B81B8605AFD4DA998F2AFA7","TheDivision\Content\Paks\pakchunk112-WindowsNoEditor.sig",61716,61716,61726,9
"F4C0FAD69C63016C7B81B8605AFD4DA998F2AFA7","TheDivision\Content\Paks\pakchunk116-WindowsNoEditor.pak",56008532,56008532,52970781,9
"F4C0FAD69C63016C7B81B8605AFD4DA998F2AFA7","TheDivision\Content\Paks\pakchunk116-WindowsNoEditor.sig",3948,3948,3958,9
"F4C0FAD69C63016C7B81B8605AFD4DA998F2AFA7","TheDivision\Content\Paks\pakchunk120-WindowsNoEditor.pak",451214414,451214414,430434917,9
"F4C0FAD69C63016C7B81B8605AFD4DA998F2AFA7","TheDivision\Content\Paks\pakchunk120-WindowsNoEditor.sig",28068,28068,27444,9
"F4C0FAD69C63016C7B81B8605AFD4DA998F2AFA7","TheDivision\Content\Paks\pakchunk1000-WindowsNoEditor.pak",757809,757809,743871,10
"F4C0FAD69C63016C7B81B8605AFD4DA998F2AFA7","TheDivision\Content\Paks\pakchunk1000-WindowsNoEditor.sig",576,576,586,10
"F4C0FAD69C63016C7B81B8605AFD4DA998F2AFA7","TheDivision\Content\Paks\pakchunk1004-WindowsNoEditor.pak",560118,560118,555135,10
"F4C0FAD69C63016C7B81B8605AFD4DA998F2AFA7","TheDivision\Content\Paks\pakchunk1004-WindowsNoEditor.sig",564,564,574,10
"F4C0FAD69C63016C7B81B8605AFD4DA998F2AFA7","TheDivision\Content\Paks\pakchunk1008-WindowsNoEditor.pak",536912,536912,530982,10
"F4C0FAD69C63016C7B81B8605AFD4DA998F2AFA7","TheDivision\Content\Paks\pakchunk1008-WindowsNoEditor.sig",564,564,574,10
"F4C0FAD69C63016C7B81B8605AFD4DA998F2AFA7","TheDivision\Content\Paks\pakchunk1012-WindowsNoEditor.pak",597584,597584,589044,10
"F4C0FAD69C63016C7B81B8605AFD4DA998F2AFA7","TheDivision\Content\Paks\pakchunk1012-WindowsNoEditor.sig",568,568,578,10
"F4C0FAD69C63016C7B81B8605AFD4DA998F2AFA7","TheDivision\Content\Paks\pakchunk1016-WindowsNoEditor.pak",519347,519347,513735,10
"F4C0FAD69C63016C7B81B8605AFD4DA998F2AFA7","TheDivision\Content\Paks\pakchunk1016-WindowsNoEditor.sig",560,560,570,10
"F4C0FAD69C63016C7B81B8605AFD4DA998F2AFA7","TheDivision\Content\Paks\pakchunk1020-WindowsNoEditor.pak",597485,597485,591436,10
"F4C0FAD69C63016C7B81B8605AFD4DA998F2AFA7","TheDivision\Content\Paks\pakchunk1020-WindowsNoEditor.sig",568,568,578,10
"F4C0FAD69C63016C7B81B8605AFD4DA998F2AFA7","TheDivision\Content\Paks\pakchunk1032-WindowsNoEditor.pak",848727,848727,840770,10
"F4C0FAD69C63016C7B81B8605AFD4DA998F2AFA7","TheDivision\Content\Paks\pakchunk1032-WindowsNoEditor.sig",580,580,590,10
"F4C0FAD69C63016C7B81B8605AFD4DA998F2AFA7","TheDivision\Content\Paks\pakchunk1036-WindowsNoEditor.pak",403253,403253,398103,10
"F4C0FAD69C63016C7B81B8605AFD4DA998F2AFA7","TheDivision\Content\Paks\pakchunk1036-WindowsNoEditor.sig",556,556,566,10
"F4C0FAD69C63016C7B81B8605AFD4DA998F2AFA7","TheDivision\Content\Paks\pakchunk1040-WindowsNoEditor.pak",690216,690216,680876,10
"F4C0FAD69C63016C7B81B8605AFD4DA998F2AFA7","TheDivision\Content\Paks\pakchunk1040-WindowsNoEditor.sig",572,572,582,10
"F4C0FAD69C63016C7B81B8605AFD4DA998F2AFA7","TheDivision\Content\Paks\pakchunk1044-WindowsNoEditor.pak",655796,655796,648184,10
"F4C0FAD69C63016C7B81B8605AFD4DA998F2AFA7","TheDivision\Content\Paks\pakchunk1044-WindowsNoEditor.sig",572,572,582,10
"F4C0FAD69C63016C7B81B8605AFD4DA998F2AFA7","TheDivision\Content\Paks\pakchunk1048-WindowsNoEditor.pak",678392,678392,672396,10
"F4C0FAD69C63016C7B81B8605AFD4DA998F2AFA7","TheDivision\Content\Paks\pakchunk1048-WindowsNoEditor.sig",572,572,582,10
"F4C0FAD69C63016C7B81B8605AFD4DA998F2AFA7","TheDivision\Content\Paks\pakchunk1052-WindowsNoEditor.pak",721610,721610,718505,10
"F4C0FAD69C63016C7B81B8605AFD4DA998F2AFA7","TheDivision\Content\Paks\pakchunk1052-WindowsNoEditor.sig",576,576,586,10
"F4C0FAD69C63016C7B81B8605AFD4DA998F2AFA7","TheDivision\Content\Paks\pakchunk1060-WindowsNoEditor.pak",705893,705893,697913,10
"F4C0FAD69C63016C7B81B8605AFD4DA998F2AFA7","TheDivision\Content\Paks\pakchunk1060-WindowsNoEditor.sig",572,572,582,10
"F4C0FAD69C63016C7B81B8605AFD4DA998F2AFA7","TheDivision\Content\Paks\pakchunk1064-WindowsNoEditor.pak",603763,603763,597086,10
"F4C0FAD69C63016C7B81B8605AFD4DA998F2AFA7","TheDivision\Content\Paks\pakchunk1064-WindowsNoEditor.sig",568,568,578,10
"F4C0FAD69C63016C7B81B8605AFD4DA998F2AFA7","TheDivision\Content\Paks\pakchunk1068-WindowsNoEditor.pak",651573,651573,645385,10
"F4C0FAD69C63016C7B81B8605AFD4DA998F2AFA7","TheDivision\Content\Paks\pakchunk1068-WindowsNoEditor.sig",568,568,578,10
"F4C0FAD69C63016C7B81B8605AFD4DA998F2AFA7","TheDivision\Content\Paks\pakchunk1072-WindowsNoEditor.pak",634336,634336,626462,10
"F4C0FAD69C63016C7B81B8605AFD4DA998F2AFA7","TheDivision\Content\Paks\pakchunk1072-WindowsNoEditor.sig",568,568,578,10
"F4C0FAD69C63016C7B81B8605AFD4DA998F2AFA7","TheDivision\Content\Paks\pakchunk1076-WindowsNoEditor.pak",506330,506330,501510,10
"F4C0FAD69C63016C7B81B8605AFD4DA998F2AFA7","TheDivision\Content\Paks\pakchunk1076-WindowsNoEditor.sig",560,560,570,10
"F4C0FAD69C63016C7B81B8605AFD4DA998F2AFA7","TheDivision\Content\Paks\pakchunk1080-WindowsNoEditor.pak",485777,485777,481096,10
"F4C0FAD69C63016C7B81B8605AFD4DA998F2AFA7","TheDivision\Content\Paks\pakchunk1080-WindowsNoEditor.sig",560,560,570,10
"F4C0FAD69C63016C7B81B8605AFD4DA998F2AFA7","TheDivision\Content\Paks\pakchunk1084-WindowsNoEditor.pak",799368,799368,792859,10
"F4C0FAD69C63016C7B81B8605AFD4DA998F2AFA7","TheDivision\Content\Paks\pakchunk1084-WindowsNoEditor.sig",580,580,590,10
"F4C0FAD69C63016C7B81B8605AFD4DA998F2AFA7","TheDivision\Content\Paks\pakchunk1088-WindowsNoEditor.pak",491656,491656,486959,10
"F4C0FAD69C63016C7B81B8605AFD4DA998F2AFA7","TheDivision\Content\Paks\pakchunk1088-WindowsNoEditor.sig",560,560,570,10
"F4C0FAD69C63016C7B81B8605AFD4DA998F2AFA7","TheDivision\Content\Paks\pakchunk1092-WindowsNoEditor.pak",547282,547282,543919,10
"F4C0FAD69C63016C7B81B8605AFD4DA998F2AFA7","TheDivision\Content\Paks\pakchunk1092-WindowsNoEditor.sig",564,564,574,10
"F4C0FAD69C63016C7B81B8605AFD4DA998F2AFA7","TheDivision\Content\Paks\pakchunk1096-WindowsNoEditor.pak",654349,654349,642002,10
"F4C0FAD69C63016C7B81B8605AFD4DA998F2AFA7","TheDivision\Content\Paks\pakchunk1096-WindowsNoEditor.sig",568,568,578,10
"F4C0FAD69C63016C7B81B8605AFD4DA998F2AFA7","TheDivision\Content\Paks\pakchunk1100-WindowsNoEditor.pak",836008,836008,825388,10
"F4C0FAD69C63016C7B81B8605AFD4DA998F2AFA7","TheDivision\Content\Paks\pakchunk1100-WindowsNoEditor.sig",580,580,590,10
"F4C0FAD69C63016C7B81B8605AFD4DA998F2AFA7","TheDivision\Content\Paks\pakchunk1104-WindowsNoEditor.pak",573667,573667,567974,10
"F4C0FAD69C63016C7B81B8605AFD4DA998F2AFA7","TheDivision\Content\Paks\pakchunk1104-WindowsNoEditor.sig",564,564,574,10
"F4C0FAD69C63016C7B81B8605AFD4DA998F2AFA7","TheDivision\Content\Paks\pakchunk1108-WindowsNoEditor.pak",590419,590419,584465,10
"F4C0FAD69C63016C7B81B8605AFD4DA998F2AFA7","TheDivision\Content\Paks\pakchunk1108-WindowsNoEditor.sig",568,568,578,10
"F4C0FAD69C63016C7B81B8605AFD4DA998F2AFA7","TheDivision\Content\Paks\pakchunk1116-WindowsNoEditor.pak",674109,674109,663106,10
"F4C0FAD69C63016C7B81B8605AFD4DA998F2AFA7","TheDivision\Content\Paks\pakchunk1116-WindowsNoEditor.sig",572,572,582,10
"F4C0FAD69C63016C7B81B8605AFD4DA998F2AFA7","TheDivision\Content\Paks\pakchunk1120-WindowsNoEditor.pak",1460319,1460319,1440365,10
"F4C0FAD69C63016C7B81B8605AFD4DA998F2AFA7","TheDivision\Content\Paks\pakchunk1120-WindowsNoEditor.sig",620,620,630,10
"F4C0FAD69C63016C7B81B8605AFD4DA998F2AFA7","TheDivision\Content\Paks\pakchunk1124-WindowsNoEditor.pak",875360,875360,867022,10
"F4C0FAD69C63016C7B81B8605AFD4DA998F2AFA7","TheDivision\Content\Paks\pakchunk1124-WindowsNoEditor.sig",584,584,594,10
"F4C0FAD69C63016C7B81B8605AFD4DA998F2AFA7","TheDivision\Content\Paks\pakchunk1128-WindowsNoEditor.pak",627083,627083,620582,10
"F4C0FAD69C63016C7B81B8605AFD4DA998F2AFA7","TheDivision\Content\Paks\pakchunk1128-WindowsNoEditor.sig",568,568,578,10
"F4C0FAD69C63016C7B81B8605AFD4DA998F2AFA7","TheDivision\Content\Paks\pakchunk1140-WindowsNoEditor.pak",2223200,2223200,2184548,10
"F4C0FAD69C63016C7B81B8605AFD4DA998F2AFA7","TheDivision\Content\Paks\pakchunk1140-WindowsNoEditor.sig",664,664,674,10
"F4C0FAD69C63016C7B81B8605AFD4DA998F2AFA7","TheDivision\Content\Paks\pakchunk1148-WindowsNoEditor.pak",1498628,1498628,1485546,10
"F4C0FAD69C63016C7B81B8605AFD4DA998F2AFA7","TheDivision\Content\Paks\pakchunk1148-WindowsNoEditor.sig",620,620,630,10
"F4C0FAD69C63016C7B81B8605AFD4DA998F2AFA7","TheDivision\Content\Paks\pakchunk1152-WindowsNoEditor.pak",1704805,1704805,1690277,10
"F4C0FAD69C63016C7B81B8605AFD4DA998F2AFA7","TheDivision\Content\Paks\pakchunk1152-WindowsNoEditor.sig",636,636,646,10
"F4C0FAD69C63016C7B81B8605AFD4DA998F2AFA7","TheDivision\Content\Paks\pakchunk1156-WindowsNoEditor.pak",1592006,1592006,1574715,10
"F4C0FAD69C63016C7B81B8605AFD4DA998F2AFA7","TheDivision\Content\Paks\pakchunk1156-WindowsNoEditor.sig",628,628,638,10
"F4C0FAD69C63016C7B81B8605AFD4DA998F2AFA7","TheDivision\Content\Paks\pakchunk1160-WindowsNoEditor.pak",1458086,1458086,1440337,10
"F4C0FAD69C63016C7B81B8605AFD4DA998F2AFA7","TheDivision\Content\Paks\pakchunk1160-WindowsNoEditor.sig",620,620,630,10
"F4C0FAD69C63016C7B81B8605AFD4DA998F2AFA7","TheDivision\Content\Paks\pakchunk1164-WindowsNoEditor.pak",957497,957497,945791,10
"F4C0FAD69C63016C7B81B8605AFD4DA998F2AFA7","TheDivision\Content\Paks\pakchunk1164-WindowsNoEditor.sig",588,588,598,10
"F4C0FAD69C63016C7B81B8605AFD4DA998F2AFA7","TheDivision\Content\Paks\pakchunk1172-WindowsNoEditor.pak",1463628,1463628,1452403,10
"F4C0FAD69C63016C7B81B8605AFD4DA998F2AFA7","TheDivision\Content\Paks\pakchunk1172-WindowsNoEditor.sig",620,620,630,10
"F4C0FAD69C63016C7B81B8605AFD4DA998F2AFA7","TheDivision\Content\Paks\pakchunk1176-WindowsNoEditor.pak",1159272,1159272,1152570,10
"F4C0FAD69C63016C7B81B8605AFD4DA998F2AFA7","TheDivision\Content\Paks\pakchunk1176-WindowsNoEditor.sig",600,600,610,10
"F4C0FAD69C63016C7B81B8605AFD4DA998F2AFA7","TheDivision\Content\Paks\pakchunk1180-WindowsNoEditor.pak",882474,882474,876095,10
"F4C0FAD69C63016C7B81B8605AFD4DA998F2AFA7","TheDivision\Content\Paks\pakchunk1180-WindowsNoEditor.sig",584,584,594,10
"F4C0FAD69C63016C7B81B8605AFD4DA998F2AFA7","TheDivision\Content\Paks\pakchunk1184-WindowsNoEditor.pak",665331,665331,659131,10
"F4C0FAD69C63016C7B81B8605AFD4DA998F2AFA7","TheDivision\Content\Paks\pakchunk1184-WindowsNoEditor.sig",572,572,582,10
"F4C0FAD69C63016C7B81B8605AFD4DA998F2AFA7","TheDivision\Content\Paks\pakchunk1188-WindowsNoEditor.pak",499835,499835,490626,10
"F4C0FAD69C63016C7B81B8605AFD4DA998F2AFA7","TheDivision\Content\Paks\pakchunk1188-WindowsNoEditor.sig",560,560,570,10
"F4C0FAD69C63016C7B81B8605AFD4DA998F2AFA7","TheDivision\Content\Paks\pakchunk1192-WindowsNoEditor.pak",714491,714491,707963,10
"F4C0FAD69C63016C7B81B8605AFD4DA998F2AFA7","TheDivision\Content\Paks\pakchunk1192-WindowsNoEditor.sig",572,572,582,10
"F4C0FAD69C63016C7B81B8605AFD4DA998F2AFA7","TheDivision\Content\Paks\pakchunk1200-WindowsNoEditor.pak",491661,491661,486841,10
"F4C0FAD69C63016C7B81B8605AFD4DA998F2AFA7","TheDivision\Content\Paks\pakchunk1200-WindowsNoEditor.sig",560,560,570,10
"F4C0FAD69C63016C7B81B8605AFD4DA998F2AFA7","TheDivision\Content\Paks\pakchunk1212-WindowsNoEditor.pak",622034,622034,617833,10
"F4C0FAD69C63016C7B81B8605AFD4DA998F2AFA7","TheDivision\Content\Paks\pakchunk1212-WindowsNoEditor.sig",568,568,578,10
"F4C0FAD69C63016C7B81B8605AFD4DA998F2AFA7","TheDivision\Content\Paks\pakchunk1220-WindowsNoEditor.pak",1357979,1357979,1346246,10
"F4C0FAD69C63016C7B81B8605AFD4DA998F2AFA7","TheDivision\Content\Paks\pakchunk1220-WindowsNoEditor.sig",612,612,622,10
"F4C0FAD69C63016C7B81B8605AFD4DA998F2AFA7","TheDivision\Content\Paks\pakchunk1224-WindowsNoEditor.pak",1082092,1082092,1070809,10
"F4C0FAD69C63016C7B81B8605AFD4DA998F2AFA7","TheDivision\Content\Paks\pakchunk1224-WindowsNoEditor.sig",596,596,606,10
"F4C0FAD69C63016C7B81B8605AFD4DA998F2AFA7","TheDivision\Content\Paks\pakchunk1232-WindowsNoEditor.pak",376046,376046,372358,10
"F4C0FAD69C63016C7B81B8605AFD4DA998F2AFA7","TheDivision\Content\Paks\pakchunk1232-WindowsNoEditor.sig",552,552,562,10
"F4C0FAD69C63016C7B81B8605AFD4DA998F2AFA7","TheDivision\Content\Paks\pakchunk1236-WindowsNoEditor.pak",949126,949126,941617,10
"F4C0FAD69C63016C7B81B8605AFD4DA998F2AFA7","TheDivision\Content\Paks\pakchunk1236-WindowsNoEditor.sig",588,588,598,10
"F4C0FAD69C63016C7B81B8605AFD4DA998F2AFA7","TheDivision\Content\Paks\pakchunk1244-WindowsNoEditor.pak",519985,519985,514911,10
"F4C0FAD69C63016C7B81B8605AFD4DA998F2AFA7","TheDivision\Content\Paks\pakchunk1244-WindowsNoEditor.sig",560,560,570,10
"F4C0FAD69C63016C7B81B8605AFD4DA998F2AFA7","TheDivision\Content\Paks\pakchunk1252-WindowsNoEditor.pak",807914,807914,804751,10
"F4C0FAD69C63016C7B81B8605AFD4DA998F2AFA7","TheDivision\Content\Paks\pakchunk1252-WindowsNoEditor.sig",580,580,590,10
"F4C0FAD69C63016C7B81B8605AFD4DA998F2AFA7","TheDivision\Content\Paks\pakchunk1256-WindowsNoEditor.pak",543029,543029,530775,10
"F4C0FAD69C63016C7B81B8605AFD4DA998F2AFA7","TheDivision\Content\Paks\pakchunk1256-WindowsNoEditor.sig",564,564,574,10
"F4C0FAD69C63016C7B81B8605AFD4DA998F2AFA7","TheDivision\Content\Paks\pakchunk1260-WindowsNoEditor.pak",672985,672985,667507,10
"F4C0FAD69C63016C7B81B8605AFD4DA998F2AFA7","TheDivision\Content\Paks\pakchunk1260-WindowsNoEditor.sig",572,572,582,10
"F4C0FAD69C63016C7B81B8605AFD4DA998F2AFA7","TheDivision\Content\Paks\pakchunk1264-WindowsNoEditor.pak",651214,651214,645559,10
"F4C0FAD69C63016C7B81B8605AFD4DA998F2AFA7","TheDivision\Content\Paks\pakchunk1264-WindowsNoEditor.sig",568,568,578,10
"F4C0FAD69C63016C7B81B8605AFD4DA998F2AFA7","TheDivision\Content\Paks\pakchunk1268-WindowsNoEditor.pak",945979,945979,936758,10
"F4C0FAD69C63016C7B81B8605AFD4DA998F2AFA7","TheDivision\Content\Paks\pakchunk1268-WindowsNoEditor.sig",588,588,598,10
"F4C0FAD69C63016C7B81B8605AFD4DA998F2AFA7","TheDivision\Content\Paks\pakchunk1280-WindowsNoEditor.pak",1069337,1069337,1058574,10
"F4C0FAD69C63016C7B81B8605AFD4DA998F2AFA7","TheDivision\Content\Paks\pakchunk1280-WindowsNoEditor.sig",596,596,606,10
"F4C0FAD69C63016C7B81B8605AFD4DA998F2AFA7","TheDivision\Content\Paks\pakchunk1288-WindowsNoEditor.pak",499991,499991,495579,10
"F4C0FAD69C63016C7B81B8605AFD4DA998F2AFA7","TheDivision\Content\Paks\pakchunk1288-WindowsNoEditor.sig",560,560,570,10
"F4C0FAD69C63016C7B81B8605AFD4DA998F2AFA7","TheDivision\Content\Paks\pakchunk1292-WindowsNoEditor.pak",639067,639067,631570,10
"F4C0FAD69C63016C7B81B8605AFD4DA998F2AFA7","TheDivision\Content\Paks\pakchunk1292-WindowsNoEditor.sig",568,568,578,10
"F4C0FAD69C63016C7B81B8605AFD4DA998F2AFA7","TheDivision\Content\Paks\pakchunk1296-WindowsNoEditor.pak",642972,642972,635040,10
"F4C0FAD69C63016C7B81B8605AFD4DA998F2AFA7","TheDivision\Content\Paks\pakchunk1296-WindowsNoEditor.sig",568,568,578,10
"F4C0FAD69C63016C7B81B8605AFD4DA998F2AFA7","TheDivision\Content\Paks\pakchunk1300-WindowsNoEditor.pak",822611,822611,813896,10
"F4C0FAD69C63016C7B81B8605AFD4DA998F2AFA7","TheDivision\Content\Paks\pakchunk1300-WindowsNoEditor.sig",580,580,590,10
"F4C0FAD69C63016C7B81B8605AFD4DA998F2AFA7","TheDivision\Content\Paks\pakchunk1304-WindowsNoEditor.pak",854406,854406,840608,10
"F4C0FAD69C63016C7B81B8605AFD4DA998F2AFA7","TheDivision\Content\Paks\pakchunk1304-WindowsNoEditor.sig",584,584,594,10
"F4C0FAD69C63016C7B81B8605AFD4DA998F2AFA7","TheDivision\Content\Paks\pakchunk1312-WindowsNoEditor.pak",657303,657303,649797,10
"F4C0FAD69C63016C7B81B8605AFD4DA998F2AFA7","TheDivision\Content\Paks\pakchunk1312-WindowsNoEditor.sig",572,572,582,10
"F4C0FAD69C63016C7B81B8605AFD4DA998F2AFA7","TheDivision\Content\Paks\pakchunk1320-WindowsNoEditor.pak",431715,431715,425004,10
"F4C0FAD69C63016C7B81B8605AFD4DA998F2AFA7","TheDivision\Content\Paks\pakchunk1320-WindowsNoEditor.sig",556,556,566,10
"F4C0FAD69C63016C7B81B8605AFD4DA998F2AFA7","TheDivision\Content\Paks\pakchunk1324-WindowsNoEditor.pak",832826,832826,823940,10
"F4C0FAD69C63016C7B81B8605AFD4DA998F2AFA7","TheDivision\Content\Paks\pakchunk1324-WindowsNoEditor.sig",580,580,590,10
"F4C0FAD69C63016C7B81B8605AFD4DA998F2AFA7","TheDivision\Content\Paks\pakchunk1328-WindowsNoEditor.pak",1032927,1032927,1022200,10
"F4C0FAD69C63016C7B81B8605AFD4DA998F2AFA7","TheDivision\Content\Paks\pakchunk1328-WindowsNoEditor.sig",592,592,602,10
"F4C0FAD69C63016C7B81B8605AFD4DA998F2AFA7","TheDivision\Content\Paks\pakchunk1336-WindowsNoEditor.pak",634020,634020,628516,10
"F4C0FAD69C63016C7B81B8605AFD4DA998F2AFA7","TheDivision\Content\Paks\pakchunk1336-WindowsNoEditor.sig",568,568,578,10
"F4C0FAD69C63016C7B81B8605AFD4DA998F2AFA7","TheDivision\Content\Paks\pakchunk1340-WindowsNoEditor.pak",890190,890190,885062,10
"F4C0FAD69C63016C7B81B8605AFD4DA998F2AFA7","TheDivision\Content\Paks\pakchunk1340-WindowsNoEditor.sig",584,584,594,10
"F4C0FAD69C63016C7B81B8605AFD4DA998F2AFA7","TheDivision\Content\Paks\pakchunk1344-WindowsNoEditor.pak",563252,563252,558145,10
"F4C0FAD69C63016C7B81B8605AFD4DA998F2AFA7","TheDivision\Content\Paks\pakchunk1344-WindowsNoEditor.sig",564,564,574,10
"F4C0FAD69C63016C7B81B8605AFD4DA998F2AFA7","TheDivision\Content\Paks\pakchunk1348-WindowsNoEditor.pak",575610,575610,569840,10
"F4C0FAD69C63016C7B81B8605AFD4DA998F2AFA7","TheDivision\Content\Paks\pakchunk1348-WindowsNoEditor.sig",564,564,574,10
"F4C0FAD69C63016C7B81B8605AFD4DA998F2AFA7","TheDivision\Content\Paks\pakchunk1352-WindowsNoEditor.pak",896969,896969,882369,10
"F4C0FAD69C63016C7B81B8605AFD4DA998F2AFA7","TheDivision\Content\Paks\pakchunk1352-WindowsNoEditor.sig",584,584,594,10
"F4C0FAD69C63016C7B81B8605AFD4DA998F2AFA7","TheDivision\Content\Paks\pakchunk1360-WindowsNoEditor.pak",736748,736748,726304,10
"F4C0FAD69C63016C7B81B8605AFD4DA998F2AFA7","TheDivision\Content\Paks\pakchunk1360-WindowsNoEditor.sig",576,576,586,10
"F4C0FAD69C63016C7B81B8605AFD4DA998F2AFA7","TheDivision\Content\Paks\pakchunk1368-WindowsNoEditor.pak",811666,811666,804512,10
"F4C0FAD69C63016C7B81B8605AFD4DA998F2AFA7","TheDivision\Content\Paks\pakchunk1368-WindowsNoEditor.sig",580,580,590,10
"F4C0FAD69C63016C7B81B8605AFD4DA998F2AFA7","TheDivision\Content\Paks\pakchunk1372-WindowsNoEditor.pak",2864015,2864015,2853712,10
"F4C0FAD69C63016C7B81B8605AFD4DA998F2AFA7","TheDivision\Content\Paks\pakchunk1372-WindowsNoEditor.sig",704,704,714,10
"F4C0FAD69C63016C7B81B8605AFD4DA998F2AFA7","TheDivision\Content\Paks\pakchunk1376-WindowsNoEditor.pak",1112856,1112856,1105343,10
"F4C0FAD69C63016C7B81B8605AFD4DA998F2AFA7","TheDivision\Content\Paks\pakchunk1376-WindowsNoEditor.sig",596,596,606,10
"F4C0FAD69C63016C7B81B8605AFD4DA998F2AFA7","TheDivision\Content\Paks\pakchunk1396-WindowsNoEditor.pak",448508,448508,443629,10
"F4C0FAD69C63016C7B81B8605AFD4DA998F2AFA7","TheDivision\Content\Paks\pakchunk1396-WindowsNoEditor.sig",556,556,566,10
"F4C0FAD69C63016C7B81B8605AFD4DA998F2AFA7","TheDivision\Content\Paks\pakchunk1400-WindowsNoEditor.pak",586843,586843,581731,10
"F4C0FAD69C63016C7B81B8605AFD4DA998F2AFA7","TheDivision\Content\Paks\pakchunk1400-WindowsNoEditor.sig",564,564,574,10
"F4C0FAD69C63016C7B81B8605AFD4DA998F2AFA7","TheDivision\Content\Paks\pakchunk1404-WindowsNoEditor.pak",637279,637279,628796,10
"F4C0FAD69C63016C7B81B8605AFD4DA998F2AFA7","TheDivision\Content\Paks\pakchunk1404-WindowsNoEditor.sig",568,568,578,10
"F4C0FAD69C63016C7B81B8605AFD4DA998F2AFA7","TheDivision\Content\Paks\pakchunk1408-WindowsNoEditor.pak",954557,954557,944123,10
"F4C0FAD69C63016C7B81B8605AFD4DA998F2AFA7","TheDivision\Content\Paks\pakchunk1408-WindowsNoEditor.sig",588,588,598,10
"F4C0FAD69C63016C7B81B8605AFD4DA998F2AFA7","TheDivision\Content\Paks\pakchunk1412-WindowsNoEditor.pak",621252,621252,614124,10
"F4C0FAD69C63016C7B81B8605AFD4DA998F2AFA7","TheDivision\Content\Paks\pakchunk1412-WindowsNoEditor.sig",568,568,578,10
"F4C0FAD69C63016C7B81B8605AFD4DA998F2AFA7","TheDivision\Content\Paks\pakchunk1416-WindowsNoEditor.pak",553825,553825,546655,10
"F4C0FAD69C63016C7B81B8605AFD4DA998F2AFA7","TheDivision\Content\Paks\pakchunk1416-WindowsNoEditor.sig",564,564,574,10
"F4C0FAD69C63016C7B81B8605AFD4DA998F2AFA7","TheDivision\Content\Paks\pakchunk1420-WindowsNoEditor.pak",1027198,1027198,1020904,10
"F4C0FAD69C63016C7B81B8605AFD4DA998F2AFA7","TheDivision\Content\Paks\pakchunk1420-WindowsNoEditor.sig",592,592,602,10
"F4C0FAD69C63016C7B81B8605AFD4DA998F2AFA7","TheDivision\Content\Paks\pakchunk1424-WindowsNoEditor.pak",443832,443832,437043,10
"F4C0FAD69C63016C7B81B8605AFD4DA998F2AFA7","TheDivision\Content\Paks\pakchunk1424-WindowsNoEditor.sig",556,556,566,10
"F4C0FAD69C63016C7B81B8605AFD4DA998F2AFA7","TheDivision\Content\Paks\pakchunk1428-WindowsNoEditor.pak",579299,579299,574382,10
"F4C0FAD69C63016C7B81B8605AFD4DA998F2AFA7","TheDivision\Content\Paks\pakchunk1428-WindowsNoEditor.sig",564,564,574,10
"F4C0FAD69C63016C7B81B8605AFD4DA998F2AFA7","TheDivision\Content\Paks\pakchunk1432-WindowsNoEditor.pak",438181,438181,433476,10
"F4C0FAD69C63016C7B81B8605AFD4DA998F2AFA7","TheDivision\Content\Paks\pakchunk1432-WindowsNoEditor.sig",556,556,566,10
"F4C0FAD69C63016C7B81B8605AFD4DA998F2AFA7","TheDivision\Content\Paks\pakchunk1444-WindowsNoEditor.pak",384671,384671,381426,10
"F4C0FAD69C63016C7B81B8605AFD4DA998F2AFA7","TheDivision\Content\Paks\pakchunk1444-WindowsNoEditor.sig",552,552,562,10
"F4C0FAD69C63016C7B81B8605AFD4DA998F2AFA7","TheDivision\Content\Paks\pakchunk1448-WindowsNoEditor.pak",705001,705001,690132,10
"F4C0FAD69C63016C7B81B8605AFD4DA998F2AFA7","TheDivision\Content\Paks\pakchunk1448-WindowsNoEditor.sig",572,572,582,10
"F4C0FAD69C63016C7B81B8605AFD4DA998F2AFA7","TheDivision\Content\Paks\pakchunk1460-WindowsNoEditor.pak",384262,384262,380501,10
"F4C0FAD69C63016C7B81B8605AFD4DA998F2AFA7","TheDivision\Content\Paks\pakchunk1460-WindowsNoEditor.sig",552,552,562,10
"F4C0FAD69C63016C7B81B8605AFD4DA998F2AFA7","TheDivision\Content\Paks\pakchunk1468-WindowsNoEditor.pak",779064,779064,773216,10
"F4C0FAD69C63016C7B81B8605AFD4DA998F2AFA7","TheDivision\Content\Paks\pakchunk1468-WindowsNoEditor.sig",576,576,586,10
"F4C0FAD69C63016C7B81B8605AFD4DA998F2AFA7","TheDivision\Content\Paks\pakchunk1476-WindowsNoEditor.pak",443495,443495,439641,10
"F4C0FAD69C63016C7B81B8605AFD4DA998F2AFA7","TheDivision\Content\Paks\pakchunk1476-WindowsNoEditor.sig",556,556,566,10
"F4C0FAD69C63016C7B81B8605AFD4DA998F2AFA7","TheDivision\Content\Paks\pakchunk1480-WindowsNoEditor.pak",418257,418257,415364,10
"F4C0FAD69C63016C7B81B8605AFD4DA998F2AFA7","TheDivision\Content\Paks\pakchunk1480-WindowsNoEditor.sig",556,556,566,10
"F4C0FAD69C63016C7B81B8605AFD4DA998F2AFA7","TheDivision\Content\Paks\pakchunk1484-WindowsNoEditor.pak",577752,577752,570497,10
"F4C0FAD69C63016C7B81B8605AFD4DA998F2AFA7","TheDivision\Content\Paks\pakchunk1484-WindowsNoEditor.sig",564,564,574,10
"F4C0FAD69C63016C7B81B8605AFD4DA998F2AFA7","TheDivision\Content\Paks\pakchunk1488-WindowsNoEditor.pak",608932,608932,602487,10
"F4C0FAD69C63016C7B81B8605AFD4DA998F2AFA7","TheDivision\Content\Paks\pakchunk1488-WindowsNoEditor.sig",568,568,578,10
"F4C0FAD69C63016C7B81B8605AFD4DA998F2AFA7","TheDivision\Content\Paks\pakchunk1496-WindowsNoEditor.pak",292745,292745,287201,10
"F4C0FAD69C63016C7B81B8605AFD4DA998F2AFA7","TheDivision\Content\Paks\pakchunk1496-WindowsNoEditor.sig",548,548,558,10
"F4C0FAD69C63016C7B81B8605AFD4DA998F2AFA7","TheDivision\Content\Paks\pakchunk1500-WindowsNoEditor.pak",990801,990801,982289,10
"F4C0FAD69C63016C7B81B8605AFD4DA998F2AFA7","TheDivision\Content\Paks\pakchunk1500-WindowsNoEditor.sig",592,592,602,10
"F4C0FAD69C63016C7B81B8605AFD4DA998F2AFA7","TheDivision\Content\Paks\pakchunk1508-WindowsNoEditor.pak",287481,287481,282944,10
"F4C0FAD69C63016C7B81B8605AFD4DA998F2AFA7","TheDivision\Content\Paks\pakchunk1508-WindowsNoEditor.sig",548,548,558,10
"F4C0FAD69C63016C7B81B8605AFD4DA998F2AFA7","TheDivision\Content\Paks\pakchunk1512-WindowsNoEditor.pak",297877,297877,292118,10
"F4C0FAD69C63016C7B81B8605AFD4DA998F2AFA7","TheDivision\Content\Paks\pakchunk1512-WindowsNoEditor.sig",548,548,558,10
"F4C0FAD69C63016C7B81B8605AFD4DA998F2AFA7","TheDivision\Content\Paks\pakchunk1520-WindowsNoEditor.pak",426406,426406,423588,10
"F4C0FAD69C63016C7B81B8605AFD4DA998F2AFA7","TheDivision\Content\Paks\pakchunk1520-WindowsNoEditor.sig",556,556,566,10
"F4C0FAD69C63016C7B81B8605AFD4DA998F2AFA7","TheDivision\Content\Paks\pakchunk1524-WindowsNoEditor.pak",581346,581346,574926,10
"F4C0FAD69C63016C7B81B8605AFD4DA998F2AFA7","TheDivision\Content\Paks\pakchunk1524-WindowsNoEditor.sig",564,564,574,10
"F4C0FAD69C63016C7B81B8605AFD4DA998F2AFA7","TheDivision\Content\Paks\pakchunk1528-WindowsNoEditor.pak",843443,843443,835117,10
"F4C0FAD69C63016C7B81B8605AFD4DA998F2AFA7","TheDivision\Content\Paks\pakchunk1528-WindowsNoEditor.sig",580,580,590,10
"F4C0FAD69C63016C7B81B8605AFD4DA998F2AFA7","TheDivision\Content\Paks\pakchunk1532-WindowsNoEditor.pak",497530,497530,490256,10
"F4C0FAD69C63016C7B81B8605AFD4DA998F2AFA7","TheDivision\Content\Paks\pakchunk1532-WindowsNoEditor.sig",560,560,570,10
"F4C0FAD69C63016C7B81B8605AFD4DA998F2AFA7","TheDivision\Content\Paks\pakchunk1536-WindowsNoEditor.pak",292444,292444,288590,10
"F4C0FAD69C63016C7B81B8605AFD4DA998F2AFA7","TheDivision\Content\Paks\pakchunk1536-WindowsNoEditor.sig",548,548,558,10
"F4C0FAD69C63016C7B81B8605AFD4DA998F2AFA7","TheDivision\Content\Paks\pakchunk1540-WindowsNoEditor.pak",679597,679597,670917,10
"F4C0FAD69C63016C7B81B8605AFD4DA998F2AFA7","TheDivision\Content\Paks\pakchunk1540-WindowsNoEditor.sig",572,572,582,10
"F4C0FAD69C63016C7B81B8605AFD4DA998F2AFA7","TheDivision\Content\Paks\pakchunk2000-WindowsNoEditor.pak",1229995,1229995,1222679,11
"F4C0FAD69C63016C7B81B8605AFD4DA998F2AFA7","TheDivision\Content\Paks\pakchunk2000-WindowsNoEditor.sig",604,604,614,11
"F4C0FAD69C63016C7B81B8605AFD4DA998F2AFA7","TheDivision\Content\Paks\pakchunk2004-WindowsNoEditor.pak",1229603,1229603,1220783,11
"F4C0FAD69C63016C7B81B8605AFD4DA998F2AFA7","TheDivision\Content\Paks\pakchunk2004-WindowsNoEditor.sig",604,604,614,11
"F4C0FAD69C63016C7B81B8605AFD4DA998F2AFA7","TheDivision\Content\Paks\pakchunk2008-WindowsNoEditor.pak",1744355,1744355,1733429,11
"F4C0FAD69C63016C7B81B8605AFD4DA998F2AFA7","TheDivision\Content\Paks\pakchunk2008-WindowsNoEditor.sig",636,636,646,11
"F4C0FAD69C63016C7B81B8605AFD4DA998F2AFA7","TheDivision\Content\Paks\pakchunk2012-WindowsNoEditor.pak",1753258,1753258,1742969,11
"F4C0FAD69C63016C7B81B8605AFD4DA998F2AFA7","TheDivision\Content\Paks\pakchunk2012-WindowsNoEditor.sig",636,636,646,11
"F4C0FAD69C63016C7B81B8605AFD4DA998F2AFA7","TheDivision\Content\Paks\pakchunk2016-WindowsNoEditor.pak",2416483,2416483,2402372,11
"F4C0FAD69C63016C7B81B8605AFD4DA998F2AFA7","TheDivision\Content\Paks\pakchunk2016-WindowsNoEditor.sig",676,676,686,11
"F4C0FAD69C63016C7B81B8605AFD4DA998F2AFA7","TheDivision\Content\Paks\pakchunk2020-WindowsNoEditor.pak",1216406,1216406,1208360,11
"F4C0FAD69C63016C7B81B8605AFD4DA998F2AFA7","TheDivision\Content\Paks\pakchunk2020-WindowsNoEditor.sig",604,604,614,11
"F4C0FAD69C63016C7B81B8605AFD4DA998F2AFA7","TheDivision\Content\Paks\pakchunk2024-WindowsNoEditor.pak",1346144,1346144,1334368,11
"F4C0FAD69C63016C7B81B8605AFD4DA998F2AFA7","TheDivision\Content\Paks\pakchunk2024-WindowsNoEditor.sig",612,612,622,11
"F4C0FAD69C63016C7B81B8605AFD4DA998F2AFA7","TheDivision\Content\Paks\pakchunk2028-WindowsNoEditor.pak",1544705,1544705,1534160,11
"F4C0FAD69C63016C7B81B8605AFD4DA998F2AFA7","TheDivision\Content\Paks\pakchunk2028-WindowsNoEditor.sig",624,624,634,11
"F4C0FAD69C63016C7B81B8605AFD4DA998F2AFA7","TheDivision\Content\Paks\pakchunk2032-WindowsNoEditor.pak",256083,256083,251653,11
"F4C0FAD69C63016C7B81B8605AFD4DA998F2AFA7","TheDivision\Content\Paks\pakchunk2032-WindowsNoEditor.sig",544,544,554,11
"F4C0FAD69C63016C7B81B8605AFD4DA998F2AFA7","TheDivision\Content\Paks\pakchunk2036-WindowsNoEditor.pak",429794,429794,417807,11
"F4C0FAD69C63016C7B81B8605AFD4DA998F2AFA7","TheDivision\Content\Paks\pakchunk2036-WindowsNoEditor.sig",556,556,566,11
"F4C0FAD69C63016C7B81B8605AFD4DA998F2AFA7","TheDivision\Content\Paks\pakchunk2040-WindowsNoEditor.pak",616734,616734,609842,11
"F4C0FAD69C63016C7B81B8605AFD4DA998F2AFA7","TheDivision\Content\Paks\pakchunk2040-WindowsNoEditor.sig",568,568,578,11
"F4C0FAD69C63016C7B81B8605AFD4DA998F2AFA7","TheDivision\Content\Paks\pakchunk2044-WindowsNoEditor.pak",184581,184581,176389,11
"F4C0FAD69C63016C7B81B8605AFD4DA998F2AFA7","TheDivision\Content\Paks\pakchunk2044-WindowsNoEditor.sig",540,540,550,11
"F4C0FAD69C63016C7B81B8605AFD4DA998F2AFA7","TheDivision\Content\Paks\pakchunk2048-WindowsNoEditor.pak",480658,480658,471963,11
"F4C0FAD69C63016C7B81B8605AFD4DA998F2AFA7","TheDivision\Content\Paks\pakchunk2048-WindowsNoEditor.sig",560,560,570,11
"F4C0FAD69C63016C7B81B8605AFD4DA998F2AFA7","TheDivision\Content\Paks\pakchunk2052-WindowsNoEditor.pak",271129,271129,263627,11
"F4C0FAD69C63016C7B81B8605AFD4DA998F2AFA7","TheDivision\Content\Paks\pakchunk2052-WindowsNoEditor.sig",548,548,558,11
"F4C0FAD69C63016C7B81B8605AFD4DA998F2AFA7","TheDivision\Content\Paks\pakchunk2056-WindowsNoEditor.pak",470482,470482,463447,11
"F4C0FAD69C63016C7B81B8605AFD4DA998F2AFA7","TheDivision\Content\Paks\pakchunk2056-WindowsNoEditor.sig",560,560,570,11
"F4C0FAD69C63016C7B81B8605AFD4DA998F2AFA7","TheDivision\Content\Paks\pakchunk2060-WindowsNoEditor.pak",755641,755641,747320,11
"F4C0FAD69C63016C7B81B8605AFD4DA998F2AFA7","TheDivision\Content\Paks\pakchunk2060-WindowsNoEditor.sig",576,576,586,11
"F4C0FAD69C63016C7B81B8605AFD4DA998F2AFA7","TheDivision\Content\Paks\pakchunk2064-WindowsNoEditor.pak",637819,637819,630322,11
"F4C0FAD69C63016C7B81B8605AFD4DA998F2AFA7","TheDivision\Content\Paks\pakchunk2064-WindowsNoEditor.sig",568,568,578,11
"F4C0FAD69C63016C7B81B8605AFD4DA998F2AFA7","TheDivision\Content\Paks\pakchunk2068-WindowsNoEditor.pak",665115,665115,658367,11
"F4C0FAD69C63016C7B81B8605AFD4DA998F2AFA7","TheDivision\Content\Paks\pakchunk2068-WindowsNoEditor.sig",572,572,582,11
"F4C0FAD69C63016C7B81B8605AFD4DA998F2AFA7","TheDivision\Content\Paks\pakchunk2072-WindowsNoEditor.pak",495298,495298,490080,11
"F4C0FAD69C63016C7B81B8605AFD4DA998F2AFA7","TheDivision\Content\Paks\pakchunk2072-WindowsNoEditor.sig",560,560,570,11
"F4C0FAD69C63016C7B81B8605AFD4DA998F2AFA7","TheDivision\Content\Paks\pakchunk2076-WindowsNoEditor.pak",597653,597653,591230,11
"F4C0FAD69C63016C7B81B8605AFD4DA998F2AFA7","TheDivision\Content\Paks\pakchunk2076-WindowsNoEditor.sig",568,568,578,11
"F4C0FAD69C63016C7B81B8605AFD4DA998F2AFA7","TheDivision\Content\Paks\pakchunk2080-WindowsNoEditor.pak",1102937,1102937,1095986,11
"F4C0FAD69C63016C7B81B8605AFD4DA998F2AFA7","TheDivision\Content\Paks\pakchunk2080-WindowsNoEditor.sig",596,596,606,11
"F4C0FAD69C63016C7B81B8605AFD4DA998F2AFA7","TheDivision\Content\Paks\pakchunk2084-WindowsNoEditor.pak",708942,708942,703260,11
"F4C0FAD69C63016C7B81B8605AFD4DA998F2AFA7","TheDivision\Content\Paks\pakchunk2084-WindowsNoEditor.sig",572,572,582,11
"F4C0FAD69C63016C7B81B8605AFD4DA998F2AFA7","TheDivision\Content\Paks\pakchunk2088-WindowsNoEditor.pak",638014,638014,630630,11
"F4C0FAD69C63016C7B81B8605AFD4DA998F2AFA7","TheDivision\Content\Paks\pakchunk2088-WindowsNoEditor.sig",568,568,578,11
"F4C0FAD69C63016C7B81B8605AFD4DA998F2AFA7","TheDivision\Content\Paks\pakchunk2092-WindowsNoEditor.pak",254307,254307,249547,11
"F4C0FAD69C63016C7B81B8605AFD4DA998F2AFA7","TheDivision\Content\Paks\pakchunk2092-WindowsNoEditor.sig",544,544,554,11
"F4C0FAD69C63016C7B81B8605AFD4DA998F2AFA7","TheDivision\Content\Paks\pakchunk2096-WindowsNoEditor.pak",304843,304843,298159,11
"F4C0FAD69C63016C7B81B8605AFD4DA998F2AFA7","TheDivision\Content\Paks\pakchunk2096-WindowsNoEditor.sig",548,548,558,11
"F4C0FAD69C63016C7B81B8605AFD4DA998F2AFA7","TheDivision\Content\Paks\pakchunk2100-WindowsNoEditor.pak",618812,618812,610040,11
"F4C0FAD69C63016C7B81B8605AFD4DA998F2AFA7","TheDivision\Content\Paks\pakchunk2100-WindowsNoEditor.sig",568,568,578,11
"F4C0FAD69C63016C7B81B8605AFD4DA998F2AFA7","TheDivision\Content\Paks\pakchunk2104-WindowsNoEditor.pak",206557,206557,200827,11
"F4C0FAD69C63016C7B81B8605AFD4DA998F2AFA7","TheDivision\Content\Paks\pakchunk2104-WindowsNoEditor.sig",544,544,554,11
"F4C0FAD69C63016C7B81B8605AFD4DA998F2AFA7","TheDivision\Content\Paks\pakchunk2108-WindowsNoEditor.pak",484740,484740,477930,11
"F4C0FAD69C63016C7B81B8605AFD4DA998F2AFA7","TheDivision\Content\Paks\pakchunk2108-WindowsNoEditor.sig",560,560,570,11
"F4C0FAD69C63016C7B81B8605AFD4DA998F2AFA7","TheDivision\Content\Paks\pakchunk2112-WindowsNoEditor.pak",373385,373385,362970,11
"F4C0FAD69C63016C7B81B8605AFD4DA998F2AFA7","TheDivision\Content\Paks\pakchunk2112-WindowsNoEditor.sig",552,552,562,11
"F4C0FAD69C63016C7B81B8605AFD4DA998F2AFA7","TheDivision\Content\Paks\pakchunk2116-WindowsNoEditor.pak",319622,319622,313660,11
"F4C0FAD69C63016C7B81B8605AFD4DA998F2AFA7","TheDivision\Content\Paks\pakchunk2116-WindowsNoEditor.sig",548,548,558,11
"F4C0FAD69C63016C7B81B8605AFD4DA998F2AFA7","TheDivision\Content\Paks\pakchunk2120-WindowsNoEditor.pak",255350,255350,249086,11
"F4C0FAD69C63016C7B81B8605AFD4DA998F2AFA7","TheDivision\Content\Paks\pakchunk2120-WindowsNoEditor.sig",544,544,554,11
"F4C0FAD69C63016C7B81B8605AFD4DA998F2AFA7","TheDivision\Content\Paks\pakchunk2124-WindowsNoEditor.pak",1817603,1817603,1803946,11
"F4C0FAD69C63016C7B81B8605AFD4DA998F2AFA7","TheDivision\Content\Paks\pakchunk2124-WindowsNoEditor.sig",640,640,650,11
"F4C0FAD69C63016C7B81B8605AFD4DA998F2AFA7","TheDivision\Content\Paks\pakchunk2128-WindowsNoEditor.pak",2119896,2119896,2101573,11
"F4C0FAD69C63016C7B81B8605AFD4DA998F2AFA7","TheDivision\Content\Paks\pakchunk2128-WindowsNoEditor.sig",660,660,670,11
"F4C0FAD69C63016C7B81B8605AFD4DA998F2AFA7","TheDivision\Content\Paks\pakchunk2132-WindowsNoEditor.pak",2230181,2230181,2211745,11
"F4C0FAD69C63016C7B81B8605AFD4DA998F2AFA7","TheDivision\Content\Paks\pakchunk2132-WindowsNoEditor.sig",668,668,678,11
"F4C0FAD69C63016C7B81B8605AFD4DA998F2AFA7","TheDivision\Content\Paks\pakchunk2136-WindowsNoEditor.pak",2097940,2097940,2082419,11
"F4C0FAD69C63016C7B81B8605AFD4DA998F2AFA7","TheDivision\Content\Paks\pakchunk2136-WindowsNoEditor.sig",660,660,670,11
"F4C0FAD69C63016C7B81B8605AFD4DA998F2AFA7","TheDivision\Content\Paks\pakchunk2140-WindowsNoEditor.pak",2182588,2182588,2168182,11
"F4C0FAD69C63016C7B81B8605AFD4DA998F2AFA7","TheDivision\Content\Paks\pakchunk2140-WindowsNoEditor.sig",664,664,674,11
"F4C0FAD69C63016C7B81B8605AFD4DA998F2AFA7","TheDivision\Content\Paks\pakchunk2144-WindowsNoEditor.pak",1577300,1577300,1563322,11
"F4C0FAD69C63016C7B81B8605AFD4DA998F2AFA7","TheDivision\Content\Paks\pakchunk2144-WindowsNoEditor.sig",628,628,638,11
"F4C0FAD69C63016C7B81B8605AFD4DA998F2AFA7","TheDivision\Content\Paks\pakchunk2148-WindowsNoEditor.pak",1161912,1161912,1146820,11
"F4C0FAD69C63016C7B81B8605AFD4DA998F2AFA7","TheDivision\Content\Paks\pakchunk2148-WindowsNoEditor.sig",600,600,610,11
"F4C0FAD69C63016C7B81B8605AFD4DA998F2AFA7","TheDivision\Content\Paks\pakchunk2152-WindowsNoEditor.pak",2128278,2128278,2115239,11
"F4C0FAD69C63016C7B81B8605AFD4DA998F2AFA7","TheDivision\Content\Paks\pakchunk2152-WindowsNoEditor.sig",660,660,670,11
"F4C0FAD69C63016C7B81B8605AFD4DA998F2AFA7","TheDivision\Content\Paks\pakchunk2156-WindowsNoEditor.pak",452111,452111,445355,11
"F4C0FAD69C63016C7B81B8605AFD4DA998F2AFA7","TheDivision\Content\Paks\pakchunk2156-WindowsNoEditor.sig",556,556,566,11
"F4C0FAD69C63016C7B81B8605AFD4DA998F2AFA7","TheDivision\Content\Paks\pakchunk2160-WindowsNoEditor.pak",359588,359588,350853,11
"F4C0FAD69C63016C7B81B8605AFD4DA998F2AFA7","TheDivision\Content\Paks\pakchunk2160-WindowsNoEditor.sig",552,552,562,11
"F4C0FAD69C63016C7B81B8605AFD4DA998F2AFA7","TheDivision\Content\Paks\pakchunk2164-WindowsNoEditor.pak",431136,431136,424579,11
"F4C0FAD69C63016C7B81B8605AFD4DA998F2AFA7","TheDivision\Content\Paks\pakchunk2164-WindowsNoEditor.sig",556,556,566,11
"F4C0FAD69C63016C7B81B8605AFD4DA998F2AFA7","TheDivision\Content\Paks\pakchunk2168-WindowsNoEditor.pak",406974,406974,400959,11
"F4C0FAD69C63016C7B81B8605AFD4DA998F2AFA7","TheDivision\Content\Paks\pakchunk2168-WindowsNoEditor.sig",556,556,566,11
"F4C0FAD69C63016C7B81B8605AFD4DA998F2AFA7","TheDivision\Content\Paks\pakchunk2172-WindowsNoEditor.pak",377700,377700,370523,11
"F4C0FAD69C63016C7B81B8605AFD4DA998F2AFA7","TheDivision\Content\Paks\pakchunk2172-WindowsNoEditor.sig",552,552,562,11
"F4C0FAD69C63016C7B81B8605AFD4DA998F2AFA7","TheDivision\Content\Paks\pakchunk2176-WindowsNoEditor.pak",303552,303552,298924,11
"F4C0FAD69C63016C7B81B8605AFD4DA998F2AFA7","TheDivision\Content\Paks\pakchunk2176-WindowsNoEditor.sig",548,548,558,11
"F4C0FAD69C63016C7B81B8605AFD4DA998F2AFA7","TheDivision\Content\Paks\pakchunk2180-WindowsNoEditor.pak",595001,595001,587542,11
"F4C0FAD69C63016C7B81B8605AFD4DA998F2AFA7","TheDivision\Content\Paks\pakchunk2180-WindowsNoEditor.sig",568,568,578,11
"F4C0FAD69C63016C7B81B8605AFD4DA998F2AFA7","TheDivision\Content\Paks\pakchunk2184-WindowsNoEditor.pak",499888,499888,492651,11
"F4C0FAD69C63016C7B81B8605AFD4DA998F2AFA7","TheDivision\Content\Paks\pakchunk2184-WindowsNoEditor.sig",560,560,570,11
"F4C0FAD69C63016C7B81B8605AFD4DA998F2AFA7","TheDivision\Content\Paks\pakchunk2188-WindowsNoEditor.pak",285005,285005,277876,11
"F4C0FAD69C63016C7B81B8605AFD4DA998F2AFA7","TheDivision\Content\Paks\pakchunk2188-WindowsNoEditor.sig",548,548,558,11
"F4C0FAD69C63016C7B81B8605AFD4DA998F2AFA7","TheDivision\Content\Paks\pakchunk3000-WindowsNoEditor.pak",5685233,5685233,5651776,12
"F4C0FAD69C63016C7B81B8605AFD4DA998F2AFA7","TheDivision\Content\Paks\pakchunk3000-WindowsNoEditor.sig",876,876,886,12
"F4C0FAD69C63016C7B81B8605AFD4DA998F2AFA7","TheDivision\Content\Paks\pakchunk3004-WindowsNoEditor.pak",631200,631200,590374,12
"F4C0FAD69C63016C7B81B8605AFD4DA998F2AFA7","TheDivision\Content\Paks\pakchunk3004-WindowsNoEditor.sig",568,568,578,12
"F4C0FAD69C63016C7B81B8605AFD4DA998F2AFA7","TheDivision\Content\Paks\pakchunk3012-WindowsNoEditor.pak",1823790,1823790,1793154,12
"F4C0FAD69C63016C7B81B8605AFD4DA998F2AFA7","TheDivision\Content\Paks\pakchunk3012-WindowsNoEditor.sig",640,640,650,12
"F4C0FAD69C63016C7B81B8605AFD4DA998F2AFA7","TheDivision\Content\Paks\pakchunk3016-WindowsNoEditor.pak",2067561,2067561,2027495,12
"F4C0FAD69C63016C7B81B8605AFD4DA998F2AFA7","TheDivision\Content\Paks\pakchunk3016-WindowsNoEditor.sig",656,656,666,12
"F4C0FAD69C63016C7B81B8605AFD4DA998F2AFA7","TheDivision\Content\Paks\pakchunk3020-WindowsNoEditor.pak",2028688,2028688,1993684,12
"F4C0FAD69C63016C7B81B8605AFD4DA998F2AFA7","TheDivision\Content\Paks\pakchunk3020-WindowsNoEditor.sig",652,652,662,12
"F4C0FAD69C63016C7B81B8605AFD4DA998F2AFA7","TheDivision\Content\Paks\pakchunk3040-WindowsNoEditor.pak",4033248,4033248,3995424,12
"F4C0FAD69C63016C7B81B8605AFD4DA998F2AFA7","TheDivision\Content\Paks\pakchunk3040-WindowsNoEditor.sig",776,776,786,12
"F4C0FAD69C63016C7B81B8605AFD4DA998F2AFA7","TheDivision\Content\Paks\pakchunk3044-WindowsNoEditor.pak",5378067,5378067,5322902,12
"F4C0FAD69C63016C7B81B8605AFD4DA998F2AFA7","TheDivision\Content\Paks\pakchunk3044-WindowsNoEditor.sig",860,860,870,12
"F4C0FAD69C63016C7B81B8605AFD4DA998F2AFA7","TheDivision\Content\Paks\pakchunk3064-WindowsNoEditor.pak",1466554,1466554,1451376,12
"F4C0FAD69C63016C7B81B8605AFD4DA998F2AFA7","TheDivision\Content\Paks\pakchunk3064-WindowsNoEditor.sig",620,620,630,12
"F4C0FAD69C63016C7B81B8605AFD4DA998F2AFA7","TheDivision\Content\Paks\pakchunk3068-WindowsNoEditor.pak",4294626,4294626,4273985,12
"F4C0FAD69C63016C7B81B8605AFD4DA998F2AFA7","TheDivision\Content\Paks\pakchunk3068-WindowsNoEditor.sig",792,792,802,12
"F4C0FAD69C63016C7B81B8605AFD4DA998F2AFA7","TheDivision\Content\Paks\pakchunk3076-WindowsNoEditor.pak",4202517,4202517,4181828,12
"F4C0FAD69C63016C7B81B8605AFD4DA998F2AFA7","TheDivision\Content\Paks\pakchunk3076-WindowsNoEditor.sig",788,788,798,12
"F4C0FAD69C63016C7B81B8605AFD4DA998F2AFA7","TheDivision\Content\Paks\pakchunk3084-WindowsNoEditor.pak",4306964,4306964,4284083,12
"F4C0FAD69C63016C7B81B8605AFD4DA998F2AFA7","TheDivision\Content\Paks\pakchunk3084-WindowsNoEditor.sig",792,792,802,12
"F4C0FAD69C63016C7B81B8605AFD4DA998F2AFA7","TheDivision\Content\Paks\pakchunk3088-WindowsNoEditor.pak",5636301,5636301,5587042,12
"F4C0FAD69C63016C7B81B8605AFD4DA998F2AFA7","TheDivision\Content\Paks\pakchunk3088-WindowsNoEditor.sig",876,876,886,12
"F4C0FAD69C63016C7B81B8605AFD4DA998F2AFA7","TheDivision\Content\Paks\pakchunk3096-WindowsNoEditor.pak",1978254,1978254,1960182,12
"F4C0FAD69C63016C7B81B8605AFD4DA998F2AFA7","TheDivision\Content\Paks\pakchunk3096-WindowsNoEditor.sig",652,652,662,12
"F4C0FAD69C63016C7B81B8605AFD4DA998F2AFA7","TheDivision\Content\Paks\pakchunk3100-WindowsNoEditor.pak",1455196,1455196,1446134,12
"F4C0FAD69C63016C7B81B8605AFD4DA998F2AFA7","TheDivision\Content\Paks\pakchunk3100-WindowsNoEditor.sig",620,620,630,12
"F4C0FAD69C63016C7B81B8605AFD4DA998F2AFA7","TheDivision\Content\Paks\pakchunk3104-WindowsNoEditor.pak",4496970,4496970,4452583,12
"F4C0FAD69C63016C7B81B8605AFD4DA998F2AFA7","TheDivision\Content\Paks\pakchunk3104-WindowsNoEditor.sig",804,804,814,12
"F4C0FAD69C63016C7B81B8605AFD4DA998F2AFA7","TheDivision\Content\Paks\pakchunk3108-WindowsNoEditor.pak",5044248,5044248,5015417,12
"F4C0FAD69C63016C7B81B8605AFD4DA998F2AFA7","TheDivision\Content\Paks\pakchunk3108-WindowsNoEditor.sig",836,836,846,12
"F4C0FAD69C63016C7B81B8605AFD4DA998F2AFA7","TheDivision\Content\Paks\pakchunk3112-WindowsNoEditor.pak",5333001,5333001,5302079,12
"F4C0FAD69C63016C7B81B8605AFD4DA998F2AFA7","TheDivision\Content\Paks\pakchunk3112-WindowsNoEditor.sig",856,856,866,12
"F4C0FAD69C63016C7B81B8605AFD4DA998F2AFA7","TheDivision\Content\Paks\pakchunk3116-WindowsNoEditor.pak",4124645,4124645,4097168,12
"F4C0FAD69C63016C7B81B8605AFD4DA998F2AFA7","TheDivision\Content\Paks\pakchunk3116-WindowsNoEditor.sig",780,780,790,12
"F4C0FAD69C63016C7B81B8605AFD4DA998F2AFA7","TheDivision\Content\Paks\pakchunk3120-WindowsNoEditor.pak",4870120,4870120,4842079,12
"F4C0FAD69C63016C7B81B8605AFD4DA998F2AFA7","TheDivision\Content\Paks\pakchunk3120-WindowsNoEditor.sig",828,828,838,12
"F4C0FAD69C63016C7B81B8605AFD4DA998F2AFA7","TheDivision\Content\Paks\pakchunk3124-WindowsNoEditor.pak",4605972,4605972,4575622,12
"F4C0FAD69C63016C7B81B8605AFD4DA998F2AFA7","TheDivision\Content\Paks\pakchunk3124-WindowsNoEditor.sig",812,812,822,12
"F4C0FAD69C63016C7B81B8605AFD4DA998F2AFA7","TheDivision\Content\Paks\pakchunk3128-WindowsNoEditor.pak",668408,668408,645283,12
"F4C0FAD69C63016C7B81B8605AFD4DA998F2AFA7","TheDivision\Content\Paks\pakchunk3128-WindowsNoEditor.sig",572,572,582,12
"F4C0FAD69C63016C7B81B8605AFD4DA998F2AFA7","TheDivision\Content\Paks\pakchunk3132-WindowsNoEditor.pak",720268,720268,701524,12
"F4C0FAD69C63016C7B81B8605AFD4DA998F2AFA7","TheDivision\Content\Paks\pakchunk3132-WindowsNoEditor.sig",572,572,582,12
"F4C0FAD69C63016C7B81B8605AFD4DA998F2AFA7","TheDivision\Content\Paks\pakchunk3140-WindowsNoEditor.pak",2634421,2634421,2592056,12
"F4C0FAD69C63016C7B81B8605AFD4DA998F2AFA7","TheDivision\Content\Paks\pakchunk3140-WindowsNoEditor.sig",692,692,702,12
"F4C0FAD69C63016C7B81B8605AFD4DA998F2AFA7","TheDivision\Content\Paks\pakchunk3148-WindowsNoEditor.pak",1687982,1687982,1660162,12
"F4C0FAD69C63016C7B81B8605AFD4DA998F2AFA7","TheDivision\Content\Paks\pakchunk3148-WindowsNoEditor.sig",632,632,642,12
"F4C0FAD69C63016C7B81B8605AFD4DA998F2AFA7","TheDivision\Content\Paks\pakchunk3152-WindowsNoEditor.pak",2015967,2015967,1982064,12
"F4C0FAD69C63016C7B81B8605AFD4DA998F2AFA7","TheDivision\Content\Paks\pakchunk3152-WindowsNoEditor.sig",652,652,662,12
"F4C0FAD69C63016C7B81B8605AFD4DA998F2AFA7","TheDivision\Content\Paks\pakchunk3156-WindowsNoEditor.pak",1687991,1687991,1659152,12
"F4C0FAD69C63016C7B81B8605AFD4DA998F2AFA7","TheDivision\Content\Paks\pakchunk3156-WindowsNoEditor.sig",632,632,642,12
"F4C0FAD69C63016C7B81B8605AFD4DA998F2AFA7","TheDivision\Content\Paks\pakchunk3160-WindowsNoEditor.pak",2234985,2234985,1579714,12
"F4C0FAD69C63016C7B81B8605AFD4DA998F2AFA7","TheDivision\Content\Paks\pakchunk3160-WindowsNoEditor.sig",668,668,678,12
"F4C0FAD69C63016C7B81B8605AFD4DA998F2AFA7","TheDivision\Content\Paks\pakchunk3164-WindowsNoEditor.pak",2132704,2132704,2091100,12
"F4C0FAD69C63016C7B81B8605AFD4DA998F2AFA7","TheDivision\Content\Paks\pakchunk3164-WindowsNoEditor.sig",660,660,670,12
"F4C0FAD69C63016C7B81B8605AFD4DA998F2AFA7","TheDivision\Content\Paks\pakchunk3168-WindowsNoEditor.pak",1835735,1835735,1794626,12
"F4C0FAD69C63016C7B81B8605AFD4DA998F2AFA7","TheDivision\Content\Paks\pakchunk3168-WindowsNoEditor.sig",644,644,654,12
"F4C0FAD69C63016C7B81B8605AFD4DA998F2AFA7","TheDivision\Content\Paks\pakchunk3172-WindowsNoEditor.pak",1893041,1893041,1853393,12
"F4C0FAD69C63016C7B81B8605AFD4DA998F2AFA7","TheDivision\Content\Paks\pakchunk3172-WindowsNoEditor.sig",644,644,654,12
"F4C0FAD69C63016C7B81B8605AFD4DA998F2AFA7","TheDivision\Content\Paks\pakchunk3176-WindowsNoEditor.pak",1843927,1843927,1801725,12
"F4C0FAD69C63016C7B81B8605AFD4DA998F2AFA7","TheDivision\Content\Paks\pakchunk3176-WindowsNoEditor.sig",644,644,654,12
"F4C0FAD69C63016C7B81B8605AFD4DA998F2AFA7","TheDivision\Content\Paks\pakchunk3180-WindowsNoEditor.pak",1737179,1737179,1698108,12
"F4C0FAD69C63016C7B81B8605AFD4DA998F2AFA7","TheDivision\Content\Paks\pakchunk3180-WindowsNoEditor.sig",636,636,646,12
"F4C0FAD69C63016C7B81B8605AFD4DA998F2AFA7","TheDivision\Content\Paks\pakchunk3184-WindowsNoEditor.pak",2513701,2513701,1504088,12
"F4C0FAD69C63016C7B81B8605AFD4DA998F2AFA7","TheDivision\Content\Paks\pakchunk3184-WindowsNoEditor.sig",684,684,694,12
"F4C0FAD69C63016C7B81B8605AFD4DA998F2AFA7","TheDivision\Content\Paks\pakchunk3188-WindowsNoEditor.pak",1946576,1946576,1907230,12
"F4C0FAD69C63016C7B81B8605AFD4DA998F2AFA7","TheDivision\Content\Paks\pakchunk3188-WindowsNoEditor.sig",648,648,658,12
"F4C0FAD69C63016C7B81B8605AFD4DA998F2AFA7","TheDivision\Content\Paks\pakchunk3192-WindowsNoEditor.pak",2138949,2138949,2095795,12
"F4C0FAD69C63016C7B81B8605AFD4DA998F2AFA7","TheDivision\Content\Paks\pakchunk3192-WindowsNoEditor.sig",660,660,670,12
"F4C0FAD69C63016C7B81B8605AFD4DA998F2AFA7","TheDivision\Content\Paks\pakchunk3196-WindowsNoEditor.pak",2257743,2257743,2218004,12
"F4C0FAD69C63016C7B81B8605AFD4DA998F2AFA7","TheDivision\Content\Paks\pakchunk3196-WindowsNoEditor.sig",668,668,678,12
"F4C0FAD69C63016C7B81B8605AFD4DA998F2AFA7","TheDivision\Content\Paks\pakchunk3200-WindowsNoEditor.pak",2065008,2065008,2022382,12
"F4C0FAD69C63016C7B81B8605AFD4DA998F2AFA7","TheDivision\Content\Paks\pakchunk3200-WindowsNoEditor.sig",656,656,666,12
"F4C0FAD69C63016C7B81B8605AFD4DA998F2AFA7","TheDivision\Content\Paks\pakchunk3204-WindowsNoEditor.pak",1962907,1962907,1921308,12
"F4C0FAD69C63016C7B81B8605AFD4DA998F2AFA7","TheDivision\Content\Paks\pakchunk3204-WindowsNoEditor.sig",648,648,658,12
"F4C0FAD69C63016C7B81B8605AFD4DA998F2AFA7","TheDivision\Content\Paks\pakchunk3208-WindowsNoEditor.pak",1993542,1993542,1959881,12
"F4C0FAD69C63016C7B81B8605AFD4DA998F2AFA7","TheDivision\Content\Paks\pakchunk3208-WindowsNoEditor.sig",652,652,662,12
"F4C0FAD69C63016C7B81B8605AFD4DA998F2AFA7","TheDivision\Content\Paks\pakchunk3212-WindowsNoEditor.pak",1283677,1283677,1260661,12
"F4C0FAD69C63016C7B81B8605AFD4DA998F2AFA7","TheDivision\Content\Paks\pakchunk3212-WindowsNoEditor.sig",608,608,618,12
"F4C0FAD69C63016C7B81B8605AFD4DA998F2AFA7","TheDivision\Content\Paks\pakchunk3216-WindowsNoEditor.pak",1365651,1365651,1335704,12
"F4C0FAD69C63016C7B81B8605AFD4DA998F2AFA7","TheDivision\Content\Paks\pakchunk3216-WindowsNoEditor.sig",612,612,622,12
"F4C0FAD69C63016C7B81B8605AFD4DA998F2AFA7","TheDivision\Content\Paks\pakchunk3224-WindowsNoEditor.pak",1128487,1128487,1103280,12
"F4C0FAD69C63016C7B81B8605AFD4DA998F2AFA7","TheDivision\Content\Paks\pakchunk3224-WindowsNoEditor.sig",600,600,610,12
"F4C0FAD69C63016C7B81B8605AFD4DA998F2AFA7","TheDivision\Content\Paks\pakchunk3228-WindowsNoEditor.pak",593562,593562,571840,12
"F4C0FAD69C63016C7B81B8605AFD4DA998F2AFA7","TheDivision\Content\Paks\pakchunk3228-WindowsNoEditor.sig",568,568,578,12
"F4C0FAD69C63016C7B81B8605AFD4DA998F2AFA7","TheDivision\Content\Paks\pakchunk3232-WindowsNoEditor.pak",1122151,1122151,1096568,12
"F4C0FAD69C63016C7B81B8605AFD4DA998F2AFA7","TheDivision\Content\Paks\pakchunk3232-WindowsNoEditor.sig",600,600,610,12
"F4C0FAD69C63016C7B81B8605AFD4DA998F2AFA7","TheDivision\Content\Paks\pakchunk3236-WindowsNoEditor.pak",1131763,1131763,1109529,12
"F4C0FAD69C63016C7B81B8605AFD4DA998F2AFA7","TheDivision\Content\Paks\pakchunk3236-WindowsNoEditor.sig",600,600,610,12
"F4C0FAD69C63016C7B81B8605AFD4DA998F2AFA7","TheDivision\Content\Paks\pakchunk3240-WindowsNoEditor.pak",1205893,1205893,1179250,12
"F4C0FAD69C63016C7B81B8605AFD4DA998F2AFA7","TheDivision\Content\Paks\pakchunk3240-WindowsNoEditor.sig",604,604,614,12
"F4C0FAD69C63016C7B81B8605AFD4DA998F2AFA7","TheDivision\Content\Paks\pakchunk3244-WindowsNoEditor.pak",1007455,1007455,982734,12
"F4C0FAD69C63016C7B81B8605AFD4DA998F2AFA7","TheDivision\Content\Paks\pakchunk3244-WindowsNoEditor.sig",592,592,602,12
"F4C0FAD69C63016C7B81B8605AFD4DA998F2AFA7","TheDivision\Content\Paks\pakchunk3248-WindowsNoEditor.pak",1271596,1271596,1242229,12
"F4C0FAD69C63016C7B81B8605AFD4DA998F2AFA7","TheDivision\Content\Paks\pakchunk3248-WindowsNoEditor.sig",608,608,618,12
"F4C0FAD69C63016C7B81B8605AFD4DA998F2AFA7","TheDivision\Content\Paks\pakchunk3252-WindowsNoEditor.pak",1300401,1300401,1276125,12
"F4C0FAD69C63016C7B81B8605AFD4DA998F2AFA7","TheDivision\Content\Paks\pakchunk3252-WindowsNoEditor.sig",608,608,618,12
"F4C0FAD69C63016C7B81B8605AFD4DA998F2AFA7","TheDivision\Content\Paks\pakchunk3256-WindowsNoEditor.pak",1429297,1429297,1401247,12
"F4C0FAD69C63016C7B81B8605AFD4DA998F2AFA7","TheDivision\Content\Paks\pakchunk3256-WindowsNoEditor.sig",616,616,626,12
"F4C0FAD69C63016C7B81B8605AFD4DA998F2AFA7","TheDivision\Content\Paks\pakchunk3260-WindowsNoEditor.pak",1421099,1421099,1398203,12
"F4C0FAD69C63016C7B81B8605AFD4DA998F2AFA7","TheDivision\Content\Paks\pakchunk3260-WindowsNoEditor.sig",616,616,626,12
"F4C0FAD69C63016C7B81B8605AFD4DA998F2AFA7","TheDivision\Content\Paks\pakchunk3264-WindowsNoEditor.pak",1049989,1049989,1029125,12
"F4C0FAD69C63016C7B81B8605AFD4DA998F2AFA7","TheDivision\Content\Paks\pakchunk3264-WindowsNoEditor.sig",596,596,606,12
"F4C0FAD69C63016C7B81B8605AFD4DA998F2AFA7","TheDivision\Content\Paks\pakchunk3268-WindowsNoEditor.pak",978572,978572,957503,12
"F4C0FAD69C63016C7B81B8605AFD4DA998F2AFA7","TheDivision\Content\Paks\pakchunk3268-WindowsNoEditor.sig",588,588,598,12
"F4C0FAD69C63016C7B81B8605AFD4DA998F2AFA7","TheDivision\Content\Paks\pakchunk3272-WindowsNoEditor.pak",1367870,1367870,1345394,12
"F4C0FAD69C63016C7B81B8605AFD4DA998F2AFA7","TheDivision\Content\Paks\pakchunk3272-WindowsNoEditor.sig",612,612,622,12
"F4C0FAD69C63016C7B81B8605AFD4DA998F2AFA7","TheDivision\Content\Paks\pakchunk3276-WindowsNoEditor.pak",1383031,1383031,1359372,12
"F4C0FAD69C63016C7B81B8605AFD4DA998F2AFA7","TheDivision\Content\Paks\pakchunk3276-WindowsNoEditor.sig",616,616,626,12
"F4C0FAD69C63016C7B81B8605AFD4DA998F2AFA7","TheDivision\Content\Paks\pakchunk3280-WindowsNoEditor.pak",1468183,1468183,1447797,12
"F4C0FAD69C63016C7B81B8605AFD4DA998F2AFA7","TheDivision\Content\Paks\pakchunk3280-WindowsNoEditor.sig",620,620,630,12
"F4C0FAD69C63016C7B81B8605AFD4DA998F2AFA7","TheDivision\Content\Paks\pakchunk3284-WindowsNoEditor.pak",1425148,1425148,1389515,12
"F4C0FAD69C63016C7B81B8605AFD4DA998F2AFA7","TheDivision\Content\Paks\pakchunk3284-WindowsNoEditor.sig",616,616,626,12
"F4C0FAD69C63016C7B81B8605AFD4DA998F2AFA7","TheDivision\Content\Paks\pakchunk3288-WindowsNoEditor.pak",1052231,1052231,1033541,12
"F4C0FAD69C63016C7B81B8605AFD4DA998F2AFA7","TheDivision\Content\Paks\pakchunk3288-WindowsNoEditor.sig",596,596,606,12
"F4C0FAD69C63016C7B81B8605AFD4DA998F2AFA7","TheDivision\Content\Paks\pakchunk3292-WindowsNoEditor.pak",1132336,1132336,1107290,12
"F4C0FAD69C63016C7B81B8605AFD4DA998F2AFA7","TheDivision\Content\Paks\pakchunk3292-WindowsNoEditor.sig",600,600,610,12
"F4C0FAD69C63016C7B81B8605AFD4DA998F2AFA7","TheDivision\Content\Paks\pakchunk3296-WindowsNoEditor.pak",927517,927517,906843,12
"F4C0FAD69C63016C7B81B8605AFD4DA998F2AFA7","TheDivision\Content\Paks\pakchunk3296-WindowsNoEditor.sig",588,588,598,12
"F4C0FAD69C63016C7B81B8605AFD4DA998F2AFA7","TheDivision\Content\Paks\pakchunk3300-WindowsNoEditor.pak",1496706,1496706,1467642,12
"F4C0FAD69C63016C7B81B8605AFD4DA998F2AFA7","TheDivision\Content\Paks\pakchunk3300-WindowsNoEditor.sig",620,620,630,12
"F4C0FAD69C63016C7B81B8605AFD4DA998F2AFA7","TheDivision\Content\Paks\pakchunk3308-WindowsNoEditor.pak",4588404,4588404,4550638,12
"F4C0FAD69C63016C7B81B8605AFD4DA998F2AFA7","TheDivision\Content\Paks\pakchunk3308-WindowsNoEditor.sig",812,812,822,12
"F4C0FAD69C63016C7B81B8605AFD4DA998F2AFA7","TheDivision\Content\Paks\pakchunk3312-WindowsNoEditor.pak",4219749,4219749,4184987,12
"F4C0FAD69C63016C7B81B8605AFD4DA998F2AFA7","TheDivision\Content\Paks\pakchunk3312-WindowsNoEditor.sig",788,788,798,12
"F4C0FAD69C63016C7B81B8605AFD4DA998F2AFA7","TheDivision\Content\Paks\pakchunk3316-WindowsNoEditor.pak",3353104,3353104,3319403,12
"F4C0FAD69C63016C7B81B8605AFD4DA998F2AFA7","TheDivision\Content\Paks\pakchunk3316-WindowsNoEditor.sig",736,736,746,12
"F4C0FAD69C63016C7B81B8605AFD4DA998F2AFA7","TheDivision\Content\Paks\pakchunk3320-WindowsNoEditor.pak",4321935,4321935,4282358,12
"F4C0FAD69C63016C7B81B8605AFD4DA998F2AFA7","TheDivision\Content\Paks\pakchunk3320-WindowsNoEditor.sig",792,792,802,12
"F4C0FAD69C63016C7B81B8605AFD4DA998F2AFA7","TheDivision\Content\Paks\pakchunk3324-WindowsNoEditor.pak",11613497,11613497,11503340,12
"F4C0FAD69C63016C7B81B8605AFD4DA998F2AFA7","TheDivision\Content\Paks\pakchunk3324-WindowsNoEditor.sig",1240,1240,1250,12
"F4C0FAD69C63016C7B81B8605AFD4DA998F2AFA7","TheDivision\Content\Paks\pakchunk3328-WindowsNoEditor.pak",8474127,8474127,8404745,12
"F4C0FAD69C63016C7B81B8605AFD4DA998F2AFA7","TheDivision\Content\Paks\pakchunk3328-WindowsNoEditor.sig",1048,1048,1058,12
"F4C0FAD69C63016C7B81B8605AFD4DA998F2AFA7","TheDivision\Content\Paks\pakchunk3332-WindowsNoEditor.pak",24199536,24199536,21280368,12
"F4C0FAD69C63016C7B81B8605AFD4DA998F2AFA7","TheDivision\Content\Paks\pakchunk3332-WindowsNoEditor.sig",2008,2008,2018,12
"F4C0FAD69C63016C7B81B8605AFD4DA998F2AFA7","TheDivision\Content\Paks\pakchunk3336-WindowsNoEditor.pak",10693738,10693738,10593029,12
"F4C0FAD69C63016C7B81B8605AFD4DA998F2AFA7","TheDivision\Content\Paks\pakchunk3336-WindowsNoEditor.sig",1184,1184,1194,12
"F4C0FAD69C63016C7B81B8605AFD4DA998F2AFA7","TheDivision\Content\Paks\pakchunk3340-WindowsNoEditor.pak",11470155,11470155,11366952,12
"F4C0FAD69C63016C7B81B8605AFD4DA998F2AFA7","TheDivision\Content\Paks\pakchunk3340-WindowsNoEditor.sig",1232,1232,1242,12
"F4C0FAD69C63016C7B81B8605AFD4DA998F2AFA7","TheDivision\Content\Paks\pakchunk3344-WindowsNoEditor.pak",4518747,4518747,4480363,12
"F4C0FAD69C63016C7B81B8605AFD4DA998F2AFA7","TheDivision\Content\Paks\pakchunk3344-WindowsNoEditor.sig",804,804,814,12
"F4C0FAD69C63016C7B81B8605AFD4DA998F2AFA7","TheDivision\Content\Paks\pakchunk3348-WindowsNoEditor.pak",12838676,12838676,12729183,12
"F4C0FAD69C63016C7B81B8605AFD4DA998F2AFA7","TheDivision\Content\Paks\pakchunk3348-WindowsNoEditor.sig",1312,1312,1322,12
"F4C0FAD69C63016C7B81B8605AFD4DA998F2AFA7","TheDivision\Content\Paks\pakchunk3352-WindowsNoEditor.pak",9990252,9990252,9912479,12
"F4C0FAD69C63016C7B81B8605AFD4DA998F2AFA7","TheDivision\Content\Paks\pakchunk3352-WindowsNoEditor.sig",1140,1140,1150,12
"F4C0FAD69C63016C7B81B8605AFD4DA998F2AFA7","TheDivision\Content\Paks\pakchunk3356-WindowsNoEditor.pak",4057991,4057991,4018998,12
"F4C0FAD69C63016C7B81B8605AFD4DA998F2AFA7","TheDivision\Content\Paks\pakchunk3356-WindowsNoEditor.sig",776,776,786,12
"F4C0FAD69C63016C7B81B8605AFD4DA998F2AFA7","TheDivision\Content\Paks\pakchunk3360-WindowsNoEditor.pak",9891368,9891368,9790130,12
"F4C0FAD69C63016C7B81B8605AFD4DA998F2AFA7","TheDivision\Content\Paks\pakchunk3360-WindowsNoEditor.sig",1132,1132,1142,12
"F4C0FAD69C63016C7B81B8605AFD4DA998F2AFA7","TheDivision\Content\Paks\pakchunk3364-WindowsNoEditor.pak",4027212,4027212,3995273,12
"F4C0FAD69C63016C7B81B8605AFD4DA998F2AFA7","TheDivision\Content\Paks\pakchunk3364-WindowsNoEditor.sig",776,776,786,12
"F4C0FAD69C63016C7B81B8605AFD4DA998F2AFA7","TheDivision\Content\Paks\pakchunk3368-WindowsNoEditor.pak",4303864,4303864,4269498,12
"F4C0FAD69C63016C7B81B8605AFD4DA998F2AFA7","TheDivision\Content\Paks\pakchunk3368-WindowsNoEditor.sig",792,792,802,12
"F4C0FAD69C63016C7B81B8605AFD4DA998F2AFA7","TheDivision\Content\Paks\pakchunk3376-WindowsNoEditor.pak",4886628,4886628,4856941,12
"F4C0FAD69C63016C7B81B8605AFD4DA998F2AFA7","TheDivision\Content\Paks\pakchunk3376-WindowsNoEditor.sig",828,828,838,12
"F4C0FAD69C63016C7B81B8605AFD4DA998F2AFA7","TheDivision\Content\Paks\pakchunk3380-WindowsNoEditor.pak",2975648,2975648,2949297,12
"F4C0FAD69C63016C7B81B8605AFD4DA998F2AFA7","TheDivision\Content\Paks\pakchunk3380-WindowsNoEditor.sig",712,712,722,12
"F4C0FAD69C63016C7B81B8605AFD4DA998F2AFA7","TheDivision\Content\Paks\pakchunk3384-WindowsNoEditor.pak",4292610,4292610,4266338,12
"F4C0FAD69C63016C7B81B8605AFD4DA998F2AFA7","TheDivision\Content\Paks\pakchunk3384-WindowsNoEditor.sig",792,792,802,12
"F4C0FAD69C63016C7B81B8605AFD4DA998F2AFA7","TheDivision\Content\Paks\pakchunk3388-WindowsNoEditor.pak",3790945,3790945,3767510,12
"F4C0FAD69C63016C7B81B8605AFD4DA998F2AFA7","TheDivision\Content\Paks\pakchunk3388-WindowsNoEditor.sig",760,760,770,12
"F4C0FAD69C63016C7B81B8605AFD4DA998F2AFA7","TheDivision\Content\Paks\pakchunk3392-WindowsNoEditor.pak",4036384,4036384,4014341,12
"F4C0FAD69C63016C7B81B8605AFD4DA998F2AFA7","TheDivision\Content\Paks\pakchunk3392-WindowsNoEditor.sig",776,776,786,12
"F4C0FAD69C63016C7B81B8605AFD4DA998F2AFA7","TheDivision\Content\Paks\pakchunk3396-WindowsNoEditor.pak",4355871,4355871,4332227,12
"F4C0FAD69C63016C7B81B8605AFD4DA998F2AFA7","TheDivision\Content\Paks\pakchunk3396-WindowsNoEditor.sig",796,796,806,12
"F4C0FAD69C63016C7B81B8605AFD4DA998F2AFA7","TheDivision\Content\Paks\pakchunk3400-WindowsNoEditor.pak",3989587,3989587,3966020,12
"F4C0FAD69C63016C7B81B8605AFD4DA998F2AFA7","TheDivision\Content\Paks\pakchunk3400-WindowsNoEditor.sig",772,772,782,12
"F4C0FAD69C63016C7B81B8605AFD4DA998F2AFA7","TheDivision\Content\Paks\pakchunk3404-WindowsNoEditor.pak",4833460,4833460,4806999,12
"F4C0FAD69C63016C7B81B8605AFD4DA998F2AFA7","TheDivision\Content\Paks\pakchunk3404-WindowsNoEditor.sig",824,824,834,12
"F4C0FAD69C63016C7B81B8605AFD4DA998F2AFA7","TheDivision\Content\Paks\pakchunk3408-WindowsNoEditor.pak",4872255,4872255,4846095,12
"F4C0FAD69C63016C7B81B8605AFD4DA998F2AFA7","TheDivision\Content\Paks\pakchunk3408-WindowsNoEditor.sig",828,828,838,12
"F4C0FAD69C63016C7B81B8605AFD4DA998F2AFA7","TheDivision\Content\Paks\pakchunk3412-WindowsNoEditor.pak",4147329,4147329,4125029,12
"F4C0FAD69C63016C7B81B8605AFD4DA998F2AFA7","TheDivision\Content\Paks\pakchunk3412-WindowsNoEditor.sig",784,784,794,12
"F4C0FAD69C63016C7B81B8605AFD4DA998F2AFA7","TheDivision\Content\Paks\pakchunk3420-WindowsNoEditor.pak",3713144,3713144,3690714,12
"F4C0FAD69C63016C7B81B8605AFD4DA998F2AFA7","TheDivision\Content\Paks\pakchunk3420-WindowsNoEditor.sig",756,756,766,12
"F4C0FAD69C63016C7B81B8605AFD4DA998F2AFA7","TheDivision\Content\Paks\pakchunk3428-WindowsNoEditor.pak",5263530,5263530,5236111,12
"F4C0FAD69C63016C7B81B8605AFD4DA998F2AFA7","TheDivision\Content\Paks\pakchunk3428-WindowsNoEditor.sig",852,852,862,12
"F4C0FAD69C63016C7B81B8605AFD4DA998F2AFA7","TheDivision\Content\Paks\pakchunk3432-WindowsNoEditor.pak",3745723,3745723,3724480,12
"F4C0FAD69C63016C7B81B8605AFD4DA998F2AFA7","TheDivision\Content\Paks\pakchunk3432-WindowsNoEditor.sig",760,760,770,12
"F4C0FAD69C63016C7B81B8605AFD4DA998F2AFA7","TheDivision\Content\Paks\pakchunk3436-WindowsNoEditor.pak",4800437,4800437,4774543,12
"F4C0FAD69C63016C7B81B8605AFD4DA998F2AFA7","TheDivision\Content\Paks\pakchunk3436-WindowsNoEditor.sig",824,824,834,12
"F4C0FAD69C63016C7B81B8605AFD4DA998F2AFA7","TheDivision\Content\Paks\pakchunk3440-WindowsNoEditor.pak",3989031,3989031,3940962,12
"F4C0FAD69C63016C7B81B8605AFD4DA998F2AFA7","TheDivision\Content\Paks\pakchunk3440-WindowsNoEditor.sig",772,772,782,12
"F4C0FAD69C63016C7B81B8605AFD4DA998F2AFA7","TheDivision\Content\Paks\pakchunk3444-WindowsNoEditor.pak",3527808,3527808,3502036,12
"F4C0FAD69C63016C7B81B8605AFD4DA998F2AFA7","TheDivision\Content\Paks\pakchunk3444-WindowsNoEditor.sig",744,744,754,12
"F4C0FAD69C63016C7B81B8605AFD4DA998F2AFA7","TheDivision\Content\Paks\pakchunk3448-WindowsNoEditor.pak",6076389,6076389,5958292,12
"F4C0FAD69C63016C7B81B8605AFD4DA998F2AFA7","TheDivision\Content\Paks\pakchunk3448-WindowsNoEditor.sig",900,900,910,12
"F4C0FAD69C63016C7B81B8605AFD4DA998F2AFA7","TheDivision\Content\Paks\pakchunk3452-WindowsNoEditor.pak",6360325,6360325,6297730,12
"F4C0FAD69C63016C7B81B8605AFD4DA998F2AFA7","TheDivision\Content\Paks\pakchunk3452-WindowsNoEditor.sig",920,920,930,12
"F4C0FAD69C63016C7B81B8605AFD4DA998F2AFA7","TheDivision\Content\Paks\pakchunk3456-WindowsNoEditor.pak",6159688,6159688,6101028,12
"F4C0FAD69C63016C7B81B8605AFD4DA998F2AFA7","TheDivision\Content\Paks\pakchunk3456-WindowsNoEditor.sig",904,904,914,12
"F4C0FAD69C63016C7B81B8605AFD4DA998F2AFA7","TheDivision\Content\Paks\pakchunk3460-WindowsNoEditor.pak",4059101,4059101,4034561,12
"F4C0FAD69C63016C7B81B8605AFD4DA998F2AFA7","TheDivision\Content\Paks\pakchunk3460-WindowsNoEditor.sig",776,776,786,12
"F4C0FAD69C63016C7B81B8605AFD4DA998F2AFA7","TheDivision\Content\Paks\pakchunk3464-WindowsNoEditor.pak",6526761,6526761,6449073,12
"F4C0FAD69C63016C7B81B8605AFD4DA998F2AFA7","TheDivision\Content\Paks\pakchunk3464-WindowsNoEditor.sig",928,928,938,12
"F4C0FAD69C63016C7B81B8605AFD4DA998F2AFA7","TheDivision\Content\Paks\pakchunk3468-WindowsNoEditor.pak",5439504,5439504,5411721,12
"F4C0FAD69C63016C7B81B8605AFD4DA998F2AFA7","TheDivision\Content\Paks\pakchunk3468-WindowsNoEditor.sig",864,864,874,12
"F4C0FAD69C63016C7B81B8605AFD4DA998F2AFA7","TheDivision\Content\Paks\pakchunk3472-WindowsNoEditor.pak",6289473,6289473,6239098,12
"F4C0FAD69C63016C7B81B8605AFD4DA998F2AFA7","TheDivision\Content\Paks\pakchunk3472-WindowsNoEditor.sig",912,912,922,12
"F4C0FAD69C63016C7B81B8605AFD4DA998F2AFA7","TheDivision\Content\Paks\pakchunk3476-WindowsNoEditor.pak",4908996,4908996,4878450,12
"F4C0FAD69C63016C7B81B8605AFD4DA998F2AFA7","TheDivision\Content\Paks\pakchunk3476-WindowsNoEditor.sig",828,828,838,12
"F4C0FAD69C63016C7B81B8605AFD4DA998F2AFA7","TheDivision\Content\Paks\pakchunk3480-WindowsNoEditor.pak",4251831,4251831,4226292,12
"F4C0FAD69C63016C7B81B8605AFD4DA998F2AFA7","TheDivision\Content\Paks\pakchunk3480-WindowsNoEditor.sig",788,788,798,12
"F4C0FAD69C63016C7B81B8605AFD4DA998F2AFA7","TheDivision\Content\Paks\pakchunk3484-WindowsNoEditor.pak",4259969,4259969,4236054,12
"F4C0FAD69C63016C7B81B8605AFD4DA998F2AFA7","TheDivision\Content\Paks\pakchunk3484-WindowsNoEditor.sig",792,792,802,12
"F4C0FAD69C63016C7B81B8605AFD4DA998F2AFA7","TheDivision\Content\Paks\pakchunk5000-WindowsNoEditor.pak",1532,1532,1260,13
"F4C0FAD69C63016C7B81B8605AFD4DA998F2AFA7","TheDivision\Content\Paks\pakchunk5000-WindowsNoEditor.sig",532,532,542,13
"F4C0FAD69C63016C7B81B8605AFD4DA998F2AFA7","TheDivision\Content\Paks\pakchunk6000-WindowsNoEditor.pak",121314,121314,118438,14
"F4C0FAD69C63016C7B81B8605AFD4DA998F2AFA7","TheDivision\Content\Paks\pakchunk6000-WindowsNoEditor.sig",536,536,546,14
"F4C0FAD69C63016C7B81B8605AFD4DA998F2AFA7","TheDivision\Content\Paks\pakchunk6004-WindowsNoEditor.pak",155279,155279,153769,14
"F4C0FAD69C63016C7B81B8605AFD4DA998F2AFA7","TheDivision\Content\Paks\pakchunk6004-WindowsNoEditor.sig",540,540,550,14
"F4C0FAD69C63016C7B81B8605AFD4DA998F2AFA7","TheDivision\Content\Paks\pakchunk6008-WindowsNoEditor.pak",145224,145224,143752,14
"F4C0FAD69C63016C7B81B8605AFD4DA998F2AFA7","TheDivision\Content\Paks\pakchunk6008-WindowsNoEditor.sig",540,540,550,14
"F4C0FAD69C63016C7B81B8605AFD4DA998F2AFA7","TheDivision\Content\Paks\pakchunk6012-WindowsNoEditor.pak",80610,80610,77149,14
"F4C0FAD69C63016C7B81B8605AFD4DA998F2AFA7","TheDivision\Content\Paks\pakchunk6012-WindowsNoEditor.sig",536,536,546,14
"F4C0FAD69C63016C7B81B8605AFD4DA998F2AFA7","TheDivision\Content\Paks\pakchunk6016-WindowsNoEditor.pak",159593,159593,158073,14
"F4C0FAD69C63016C7B81B8605AFD4DA998F2AFA7","TheDivision\Content\Paks\pakchunk6016-WindowsNoEditor.sig",540,540,550,14
"F4C0FAD69C63016C7B81B8605AFD4DA998F2AFA7","TheDivision\Content\Paks\pakchunk6020-WindowsNoEditor.pak",126466,126466,123593,14
"F4C0FAD69C63016C7B81B8605AFD4DA998F2AFA7","TheDivision\Content\Paks\pakchunk6020-WindowsNoEditor.sig",536,536,546,14
"F4C0FAD69C63016C7B81B8605AFD4DA998F2AFA7","TheDivision\Content\Paks\pakchunk6024-WindowsNoEditor.pak",104194,104194,101746,14
"F4C0FAD69C63016C7B81B8605AFD4DA998F2AFA7","TheDivision\Content\Paks\pakchunk6024-WindowsNoEditor.sig",536,536,546,14
"F4C0FAD69C63016C7B81B8605AFD4DA998F2AFA7","TheDivision\Content\Paks\pakchunk6028-WindowsNoEditor.pak",145189,145189,141884,14
"F4C0FAD69C63016C7B81B8605AFD4DA998F2AFA7","TheDivision\Content\Paks\pakchunk6028-WindowsNoEditor.sig",540,540,550,14
"F4C0FAD69C63016C7B81B8605AFD4DA998F2AFA7","TheDivision\Content\Paks\pakchunk6032-WindowsNoEditor.pak",159559,159559,157468,14
"F4C0FAD69C63016C7B81B8605AFD4DA998F2AFA7","TheDivision\Content\Paks\pakchunk6032-WindowsNoEditor.sig",540,540,550,14
"F4C0FAD69C63016C7B81B8605AFD4DA998F2AFA7","TheDivision\Content\Paks\pakchunk6036-WindowsNoEditor.pak",91976,91976,89665,14
"F4C0FAD69C63016C7B81B8605AFD4DA998F2AFA7","TheDivision\Content\Paks\pakchunk6036-WindowsNoEditor.sig",536,536,546,14
"F4C0FAD69C63016C7B81B8605AFD4DA998F2AFA7","TheDivision\Content\Paks\pakchunk6040-WindowsNoEditor.pak",123967,123967,122306,14
"F4C0FAD69C63016C7B81B8605AFD4DA998F2AFA7","TheDivision\Content\Paks\pakchunk6040-WindowsNoEditor.sig",536,536,546,14
"F4C0FAD69C63016C7B81B8605AFD4DA998F2AFA7","TheDivision\Content\Paks\pakchunk6044-WindowsNoEditor.pak",101619,101619,99814,14
"F4C0FAD69C63016C7B81B8605AFD4DA998F2AFA7","TheDivision\Content\Paks\pakchunk6044-WindowsNoEditor.sig",536,536,546,14
"F4C0FAD69C63016C7B81B8605AFD4DA998F2AFA7","TheDivision\Content\Paks\pakchunk6048-WindowsNoEditor.pak",136327,136327,133542,14
"F4C0FAD69C63016C7B81B8605AFD4DA998F2AFA7","TheDivision\Content\Paks\pakchunk6048-WindowsNoEditor.sig",540,540,550,14
"F4C0FAD69C63016C7B81B8605AFD4DA998F2AFA7","TheDivision\Content\Paks\pakchunk6052-WindowsNoEditor.pak",138642,138642,135877,14
"F4C0FAD69C63016C7B81B8605AFD4DA998F2AFA7","TheDivision\Content\Paks\pakchunk6052-WindowsNoEditor.sig",540,540,550,14
"F4C0FAD69C63016C7B81B8605AFD4DA998F2AFA7","TheDivision\Content\Paks\pakchunk6056-WindowsNoEditor.pak",142747,142747,141119,14
"F4C0FAD69C63016C7B81B8605AFD4DA998F2AFA7","TheDivision\Content\Paks\pakchunk6056-WindowsNoEditor.sig",540,540,550,14
"F4C0FAD69C63016C7B81B8605AFD4DA998F2AFA7","TheDivision\Content\Paks\pakchunk6060-WindowsNoEditor.pak",120396,120396,118924,14
"F4C0FAD69C63016C7B81B8605AFD4DA998F2AFA7","TheDivision\Content\Paks\pakchunk6060-WindowsNoEditor.sig",536,536,546,14
"F4C0FAD69C63016C7B81B8605AFD4DA998F2AFA7","TheDivision\Content\Paks\pakchunk6064-WindowsNoEditor.pak",149262,149262,146912,14
"F4C0FAD69C63016C7B81B8605AFD4DA998F2AFA7","TheDivision\Content\Paks\pakchunk6064-WindowsNoEditor.sig",540,540,550,14
"F4C0FAD69C63016C7B81B8605AFD4DA998F2AFA7","TheDivision\Content\Paks\pakchunk6068-WindowsNoEditor.pak",136834,136834,133408,14
"F4C0FAD69C63016C7B81B8605AFD4DA998F2AFA7","TheDivision\Content\Paks\pakchunk6068-WindowsNoEditor.sig",540,540,550,14
"F4C0FAD69C63016C7B81B8605AFD4DA998F2AFA7","TheDivision\Content\Paks\pakchunk6072-WindowsNoEditor.pak",182077,182077,178442,14
"F4C0FAD69C63016C7B81B8605AFD4DA998F2AFA7","TheDivision\Content\Paks\pakchunk6072-WindowsNoEditor.sig",540,540,550,14
"F4C0FAD69C63016C7B81B8605AFD4DA998F2AFA7","TheDivision\Content\Paks\pakchunk6076-WindowsNoEditor.pak",130586,130586,128337,14
"F4C0FAD69C63016C7B81B8605AFD4DA998F2AFA7","TheDivision\Content\Paks\pakchunk6076-WindowsNoEditor.sig",536,536,546,14
"F4C0FAD69C63016C7B81B8605AFD4DA998F2AFA7","TheDivision\Content\Paks\pakchunk6080-WindowsNoEditor.pak",122282,122282,119801,14
"F4C0FAD69C63016C7B81B8605AFD4DA998F2AFA7","TheDivision\Content\Paks\pakchunk6080-WindowsNoEditor.sig",536,536,546,14
"F4C0FAD69C63016C7B81B8605AFD4DA998F2AFA7","TheDivision\Content\Paks\pakchunk6084-WindowsNoEditor.pak",128649,128649,125434,14
"F4C0FAD69C63016C7B81B8605AFD4DA998F2AFA7","TheDivision\Content\Paks\pakchunk6084-WindowsNoEditor.sig",536,536,546,14
"F4C0FAD69C63016C7B81B8605AFD4DA998F2AFA7","TheDivision\Content\Paks\pakchunk6088-WindowsNoEditor.pak",101572,101572,98873,14
"F4C0FAD69C63016C7B81B8605AFD4DA998F2AFA7","TheDivision\Content\Paks\pakchunk6088-WindowsNoEditor.sig",536,536,546,14
"F4C0FAD69C63016C7B81B8605AFD4DA998F2AFA7","TheDivision\Content\Paks\pakchunk6092-WindowsNoEditor.pak",120577,120577,117318,14
"F4C0FAD69C63016C7B81B8605AFD4DA998F2AFA7","TheDivision\Content\Paks\pakchunk6092-WindowsNoEditor.sig",536,536,546,14
"F4C0FAD69C63016C7B81B8605AFD4DA998F2AFA7","TheDivision\Content\Paks\pakchunk6096-WindowsNoEditor.pak",132935,132935,131017,14
"F4C0FAD69C63016C7B81B8605AFD4DA998F2AFA7","TheDivision\Content\Paks\pakchunk6096-WindowsNoEditor.sig",540,540,550,14
"F4C0FAD69C63016C7B81B8605AFD4DA998F2AFA7","TheDivision\Content\Paks\pakchunk6100-WindowsNoEditor.pak",112284,112284,109391,14
"F4C0FAD69C63016C7B81B8605AFD4DA998F2AFA7","TheDivision\Content\Paks\pakchunk6100-WindowsNoEditor.sig",536,536,546,14
"F4C0FAD69C63016C7B81B8605AFD4DA998F2AFA7","TheDivision\Content\Paks\pakchunk6104-WindowsNoEditor.pak",136966,136966,134364,14
"F4C0FAD69C63016C7B81B8605AFD4DA998F2AFA7","TheDivision\Content\Paks\pakchunk6104-WindowsNoEditor.sig",540,540,550,14
"F4C0FAD69C63016C7B81B8605AFD4DA998F2AFA7","TheDivision\Content\Paks\pakchunk6108-WindowsNoEditor.pak",136743,136743,135077,14
"F4C0FAD69C63016C7B81B8605AFD4DA998F2AFA7","TheDivision\Content\Paks\pakchunk6108-WindowsNoEditor.sig",540,540,550,14
"F4C0FAD69C63016C7B81B8605AFD4DA998F2AFA7","TheDivision\Content\Paks\pakchunk6112-WindowsNoEditor.pak",103664,103664,100272,14
"F4C0FAD69C63016C7B81B8605AFD4DA998F2AFA7","TheDivision\Content\Paks\pakchunk6112-WindowsNoEditor.sig",536,536,546,14
"F4C0FAD69C63016C7B81B8605AFD4DA998F2AFA7","TheDivision\Content\Paks\pakchunk6116-WindowsNoEditor.pak",157373,157373,154080,14
"F4C0FAD69C63016C7B81B8605AFD4DA998F2AFA7","TheDivision\Content\Paks\pakchunk6116-WindowsNoEditor.sig",540,540,550,14
"F4C0FAD69C63016C7B81B8605AFD4DA998F2AFA7","TheDivision\Content\Paks\pakchunk6120-WindowsNoEditor.pak",2011787,2011787,2001658,14
"F4C0FAD69C63016C7B81B8605AFD4DA998F2AFA7","TheDivision\Content\Paks\pakchunk6120-WindowsNoEditor.sig",652,652,662,14
"F4C0FAD69C63016C7B81B8605AFD4DA998F2AFA7","TheDivision\Content\Paks\pakchunk6124-WindowsNoEditor.pak",1829531,1829531,1817529,14
"F4C0FAD69C63016C7B81B8605AFD4DA998F2AFA7","TheDivision\Content\Paks\pakchunk6124-WindowsNoEditor.sig",640,640,650,14
"F4C0FAD69C63016C7B81B8605AFD4DA998F2AFA7","TheDivision\Content\Paks\pakchunk6128-WindowsNoEditor.pak",1829499,1829499,1818534,14
"F4C0FAD69C63016C7B81B8605AFD4DA998F2AFA7","TheDivision\Content\Paks\pakchunk6128-WindowsNoEditor.sig",640,640,650,14
"F4C0FAD69C63016C7B81B8605AFD4DA998F2AFA7","TheDivision\Content\Paks\pakchunk6132-WindowsNoEditor.pak",1991355,1991355,1980329,14
"F4C0FAD69C63016C7B81B8605AFD4DA998F2AFA7","TheDivision\Content\Paks\pakchunk6132-WindowsNoEditor.sig",652,652,662,14
"F4C0FAD69C63016C7B81B8605AFD4DA998F2AFA7","TheDivision\Content\Paks\pakchunk6136-WindowsNoEditor.pak",2083435,2083435,2073392,14
"F4C0FAD69C63016C7B81B8605AFD4DA998F2AFA7","TheDivision\Content\Paks\pakchunk6136-WindowsNoEditor.sig",656,656,666,14
"F4C0FAD69C63016C7B81B8605AFD4DA998F2AFA7","TheDivision\Content\Paks\pakchunk6140-WindowsNoEditor.pak",1768059,1768059,1756906,14
"F4C0FAD69C63016C7B81B8605AFD4DA998F2AFA7","TheDivision\Content\Paks\pakchunk6140-WindowsNoEditor.sig",636,636,646,14
"F4C0FAD69C63016C7B81B8605AFD4DA998F2AFA7","TheDivision\Content\Paks\pakchunk6144-WindowsNoEditor.pak",2110243,2110243,2096977,14
"F4C0FAD69C63016C7B81B8605AFD4DA998F2AFA7","TheDivision\Content\Paks\pakchunk6144-WindowsNoEditor.sig",660,660,670,14
"F4C0FAD69C63016C7B81B8605AFD4DA998F2AFA7","TheDivision\Content\Paks\pakchunk6148-WindowsNoEditor.pak",1948827,1948827,1937772,14
"F4C0FAD69C63016C7B81B8605AFD4DA998F2AFA7","TheDivision\Content\Paks\pakchunk6148-WindowsNoEditor.sig",648,648,658,14
"F4C0FAD69C63016C7B81B8605AFD4DA998F2AFA7","TheDivision\Content\Paks\pakchunk6152-WindowsNoEditor.pak",1915651,1915651,1903121,14
"F4C0FAD69C63016C7B81B8605AFD4DA998F2AFA7","TheDivision\Content\Paks\pakchunk6152-WindowsNoEditor.sig",648,648,658,14
"F4C0FAD69C63016C7B81B8605AFD4DA998F2AFA7","TheDivision\Content\Paks\pakchunk6156-WindowsNoEditor.pak",1737555,1737555,1727237,14
"F4C0FAD69C63016C7B81B8605AFD4DA998F2AFA7","TheDivision\Content\Paks\pakchunk6156-WindowsNoEditor.sig",636,636,646,14
"F4C0FAD69C63016C7B81B8605AFD4DA998F2AFA7","TheDivision\Content\Paks\pakchunk6160-WindowsNoEditor.pak",1819555,1819555,1808686,14
"F4C0FAD69C63016C7B81B8605AFD4DA998F2AFA7","TheDivision\Content\Paks\pakchunk6160-WindowsNoEditor.sig",640,640,650,14
"F4C0FAD69C63016C7B81B8605AFD4DA998F2AFA7","TheDivision\Content\Paks\pakchunk6164-WindowsNoEditor.pak",1850163,1850163,1840055,14
"F4C0FAD69C63016C7B81B8605AFD4DA998F2AFA7","TheDivision\Content\Paks\pakchunk6164-WindowsNoEditor.sig",644,644,654,14
"F4C0FAD69C63016C7B81B8605AFD4DA998F2AFA7","TheDivision\Content\Paks\pakchunk6168-WindowsNoEditor.pak",1567395,1567395,1556339,14
"F4C0FAD69C63016C7B81B8605AFD4DA998F2AFA7","TheDivision\Content\Paks\pakchunk6168-WindowsNoEditor.sig",624,624,634,14
"F4C0FAD69C63016C7B81B8605AFD4DA998F2AFA7","TheDivision\Content\Paks\pakchunk6172-WindowsNoEditor.pak",1657507,1657507,1647045,14
"F4C0FAD69C63016C7B81B8605AFD4DA998F2AFA7","TheDivision\Content\Paks\pakchunk6172-WindowsNoEditor.sig",632,632,642,14
"F4C0FAD69C63016C7B81B8605AFD4DA998F2AFA7","TheDivision\Content\Paks\pakchunk6176-WindowsNoEditor.pak",1536639,1536639,1525389,14
"F4C0FAD69C63016C7B81B8605AFD4DA998F2AFA7","TheDivision\Content\Paks\pakchunk6176-WindowsNoEditor.sig",624,624,634,14
"F4C0FAD69C63016C7B81B8605AFD4DA998F2AFA7","TheDivision\Content\Paks\pakchunk6180-WindowsNoEditor.pak",1526107,1526107,1515728,14
"F4C0FAD69C63016C7B81B8605AFD4DA998F2AFA7","TheDivision\Content\Paks\pakchunk6180-WindowsNoEditor.sig",624,624,634,14
"F4C0FAD69C63016C7B81B8605AFD4DA998F2AFA7","TheDivision\Content\Paks\pakchunk6184-WindowsNoEditor.pak",1579811,1579811,1567276,14
"F4C0FAD69C63016C7B81B8605AFD4DA998F2AFA7","TheDivision\Content\Paks\pakchunk6184-WindowsNoEditor.sig",628,628,638,14
"F4C0FAD69C63016C7B81B8605AFD4DA998F2AFA7","TheDivision\Content\Paks\pakchunk6188-WindowsNoEditor.pak",1590299,1590299,1580636,14
"F4C0FAD69C63016C7B81B8605AFD4DA998F2AFA7","TheDivision\Content\Paks\pakchunk6188-WindowsNoEditor.sig",628,628,638,14
"F4C0FAD69C63016C7B81B8605AFD4DA998F2AFA7","TheDivision\Content\Paks\pakchunk6192-WindowsNoEditor.pak",1794359,1794359,1783382,14
"F4C0FAD69C63016C7B81B8605AFD4DA998F2AFA7","TheDivision\Content\Paks\pakchunk6192-WindowsNoEditor.sig",640,640,650,14
"F4C0FAD69C63016C7B81B8605AFD4DA998F2AFA7","TheDivision\Content\Paks\pakchunk6196-WindowsNoEditor.pak",5339959,5339959,5329224,14
"F4C0FAD69C63016C7B81B8605AFD4DA998F2AFA7","TheDivision\Content\Paks\pakchunk6196-WindowsNoEditor.sig",856,856,866,14
"F4C0FAD69C63016C7B81B8605AFD4DA998F2AFA7","TheDivision\Content\Paks\pakchunk6200-WindowsNoEditor.pak",1706707,1706707,1696159,14
"F4C0FAD69C63016C7B81B8605AFD4DA998F2AFA7","TheDivision\Content\Paks\pakchunk6200-WindowsNoEditor.sig",636,636,646,14
"F4C0FAD69C63016C7B81B8605AFD4DA998F2AFA7","TheDivision\Content\Paks\pakchunk6204-WindowsNoEditor.pak",1880867,1880867,1870956,14
"F4C0FAD69C63016C7B81B8605AFD4DA998F2AFA7","TheDivision\Content\Paks\pakchunk6204-WindowsNoEditor.sig",644,644,654,14
"F4C0FAD69C63016C7B81B8605AFD4DA998F2AFA7","TheDivision\Content\Paks\pakchunk6208-WindowsNoEditor.pak",917405,917405,906076,14
"F4C0FAD69C63016C7B81B8605AFD4DA998F2AFA7","TheDivision\Content\Paks\pakchunk6208-WindowsNoEditor.sig",584,584,594,14
"F4C0FAD69C63016C7B81B8605AFD4DA998F2AFA7","TheDivision\Content\Paks\pakchunk6212-WindowsNoEditor.pak",7516963,7516963,7506619,14
"F4C0FAD69C63016C7B81B8605AFD4DA998F2AFA7","TheDivision\Content\Paks\pakchunk6212-WindowsNoEditor.sig",988,988,998,14
"F4C0FAD69C63016C7B81B8605AFD4DA998F2AFA7","TheDivision\Content\Paks\pakchunk6216-WindowsNoEditor.pak",2114127,2114127,2106623,14
"F4C0FAD69C63016C7B81B8605AFD4DA998F2AFA7","TheDivision\Content\Paks\pakchunk6216-WindowsNoEditor.sig",660,660,670,14
"F4C0FAD69C63016C7B81B8605AFD4DA998F2AFA7","TheDivision\Content\Paks\pakchunk6220-WindowsNoEditor.pak",2026095,2026095,2016906,14
"F4C0FAD69C63016C7B81B8605AFD4DA998F2AFA7","TheDivision\Content\Paks\pakchunk6220-WindowsNoEditor.sig",652,652,662,14
"F4C0FAD69C63016C7B81B8605AFD4DA998F2AFA7","TheDivision\Content\Paks\pakchunk6224-WindowsNoEditor.pak",1747631,1747631,1737757,14
"F4C0FAD69C63016C7B81B8605AFD4DA998F2AFA7","TheDivision\Content\Paks\pakchunk6224-WindowsNoEditor.sig",636,636,646,14
"F4C0FAD69C63016C7B81B8605AFD4DA998F2AFA7","TheDivision\Content\Paks\pakchunk6228-WindowsNoEditor.pak",1893039,1893039,1885054,14
"F4C0FAD69C63016C7B81B8605AFD4DA998F2AFA7","TheDivision\Content\Paks\pakchunk6228-WindowsNoEditor.sig",644,644,654,14
"F4C0FAD69C63016C7B81B8605AFD4DA998F2AFA7","TheDivision\Content\Paks\pakchunk6232-WindowsNoEditor.pak",1911487,1911487,1902077,14
"F4C0FAD69C63016C7B81B8605AFD4DA998F2AFA7","TheDivision\Content\Paks\pakchunk6232-WindowsNoEditor.sig",648,648,658,14
"F4C0FAD69C63016C7B81B8605AFD4DA998F2AFA7","TheDivision\Content\Paks\pakchunk6236-WindowsNoEditor.pak",1874607,1874607,1863982,14
"F4C0FAD69C63016C7B81B8605AFD4DA998F2AFA7","TheDivision\Content\Paks\pakchunk6236-WindowsNoEditor.sig",644,644,654,14
"F4C0FAD69C63016C7B81B8605AFD4DA998F2AFA7","TheDivision\Content\Paks\pakchunk6240-WindowsNoEditor.pak",2966179,2966179,2938174,14
"F4C0FAD69C63016C7B81B8605AFD4DA998F2AFA7","TheDivision\Content\Paks\pakchunk6240-WindowsNoEditor.sig",712,712,722,14
"F4C0FAD69C63016C7B81B8605AFD4DA998F2AFA7","TheDivision\Content\Paks\pakchunk6244-WindowsNoEditor.pak",1596267,1596267,1585490,14
"F4C0FAD69C63016C7B81B8605AFD4DA998F2AFA7","TheDivision\Content\Paks\pakchunk6244-WindowsNoEditor.sig",628,628,638,14
"F4C0FAD69C63016C7B81B8605AFD4DA998F2AFA7","TheDivision\Content\Paks\pakchunk6248-WindowsNoEditor.pak",1592435,1592435,1583349,14
"F4C0FAD69C63016C7B81B8605AFD4DA998F2AFA7","TheDivision\Content\Paks\pakchunk6248-WindowsNoEditor.sig",628,628,638,14
"F4C0FAD69C63016C7B81B8605AFD4DA998F2AFA7","TheDivision\Content\Paks\pakchunk6252-WindowsNoEditor.pak",1684563,1684563,1665124,14
"F4C0FAD69C63016C7B81B8605AFD4DA998F2AFA7","TheDivision\Content\Paks\pakchunk6252-WindowsNoEditor.sig",632,632,642,14
"F4C0FAD69C63016C7B81B8605AFD4DA998F2AFA7","TheDivision\Content\Paks\pakchunk6256-WindowsNoEditor.pak",1610571,1610571,1600070,14
"F4C0FAD69C63016C7B81B8605AFD4DA998F2AFA7","TheDivision\Content\Paks\pakchunk6256-WindowsNoEditor.sig",628,628,638,14
"F4C0FAD69C63016C7B81B8605AFD4DA998F2AFA7","TheDivision\Content\Paks\pakchunk6260-WindowsNoEditor.pak",1600219,1600219,1586525,14
"F4C0FAD69C63016C7B81B8605AFD4DA998F2AFA7","TheDivision\Content\Paks\pakchunk6260-WindowsNoEditor.sig",628,628,638,14
"F4C0FAD69C63016C7B81B8605AFD4DA998F2AFA7","TheDivision\Content\Paks\pakchunk6264-WindowsNoEditor.pak",2124851,2124851,2107750,14
"F4C0FAD69C63016C7B81B8605AFD4DA998F2AFA7","TheDivision\Content\Paks\pakchunk6264-WindowsNoEditor.sig",660,660,670,14
"F4C0FAD69C63016C7B81B8605AFD4DA998F2AFA7","TheDivision\Content\Paks\pakchunk6268-WindowsNoEditor.pak",1602235,1602235,1591815,14
"F4C0FAD69C63016C7B81B8605AFD4DA998F2AFA7","TheDivision\Content\Paks\pakchunk6268-WindowsNoEditor.sig",628,628,638,14
"F4C0FAD69C63016C7B81B8605AFD4DA998F2AFA7","TheDivision\Content\Paks\pakchunk6272-WindowsNoEditor.pak",1696427,1696427,1685625,14
"F4C0FAD69C63016C7B81B8605AFD4DA998F2AFA7","TheDivision\Content\Paks\pakchunk6272-WindowsNoEditor.sig",632,632,642,14
"F4C0FAD69C63016C7B81B8605AFD4DA998F2AFA7","TheDivision\Content\Paks\pakchunk6276-WindowsNoEditor.pak",1944347,1944347,1927877,14
"F4C0FAD69C63016C7B81B8605AFD4DA998F2AFA7","TheDivision\Content\Paks\pakchunk6276-WindowsNoEditor.sig",648,648,658,14
"F4C0FAD69C63016C7B81B8605AFD4DA998F2AFA7","TheDivision\Content\Paks\pakchunk6280-WindowsNoEditor.pak",1852171,1852171,1840999,14
"F4C0FAD69C63016C7B81B8605AFD4DA998F2AFA7","TheDivision\Content\Paks\pakchunk6280-WindowsNoEditor.sig",644,644,654,14
"F4C0FAD69C63016C7B81B8605AFD4DA998F2AFA7","TheDivision\Content\Paks\pakchunk6284-WindowsNoEditor.pak",2103995,2103995,2091806,14
"F4C0FAD69C63016C7B81B8605AFD4DA998F2AFA7","TheDivision\Content\Paks\pakchunk6284-WindowsNoEditor.sig",660,660,670,14
"F4C0FAD69C63016C7B81B8605AFD4DA998F2AFA7","TheDivision\Content\Paks\pakchunk6288-WindowsNoEditor.pak",1882827,1882827,1872847,14
"F4C0FAD69C63016C7B81B8605AFD4DA998F2AFA7","TheDivision\Content\Paks\pakchunk6288-WindowsNoEditor.sig",644,644,654,14
"F4C0FAD69C63016C7B81B8605AFD4DA998F2AFA7","TheDivision\Content\Paks\pakchunk6292-WindowsNoEditor.pak",1508043,1508043,1498411,14
"F4C0FAD69C63016C7B81B8605AFD4DA998F2AFA7","TheDivision\Content\Paks\pakchunk6292-WindowsNoEditor.sig",624,624,634,14
"F4C0FAD69C63016C7B81B8605AFD4DA998F2AFA7","TheDivision\Content\Paks\pakchunk6296-WindowsNoEditor.pak",1780411,1780411,1768137,14
"F4C0FAD69C63016C7B81B8605AFD4DA998F2AFA7","TheDivision\Content\Paks\pakchunk6296-WindowsNoEditor.sig",640,640,650,14
"F4C0FAD69C63016C7B81B8605AFD4DA998F2AFA7","TheDivision\Content\Paks\pakchunk6300-WindowsNoEditor.pak",1639115,1639115,1627177,14
"F4C0FAD69C63016C7B81B8605AFD4DA998F2AFA7","TheDivision\Content\Paks\pakchunk6300-WindowsNoEditor.sig",632,632,642,14
"F4C0FAD69C63016C7B81B8605AFD4DA998F2AFA7","TheDivision\Content\Paks\pakchunk6304-WindowsNoEditor.pak",1583427,1583427,1568421,14
"F4C0FAD69C63016C7B81B8605AFD4DA998F2AFA7","TheDivision\Content\Paks\pakchunk6304-WindowsNoEditor.sig",628,628,638,14
"F4C0FAD69C63016C7B81B8605AFD4DA998F2AFA7","TheDivision\Content\Paks\pakchunk6308-WindowsNoEditor.pak",1747559,1747559,1724975,14
"F4C0FAD69C63016C7B81B8605AFD4DA998F2AFA7","TheDivision\Content\Paks\pakchunk6308-WindowsNoEditor.sig",636,636,646,14
"F4C0FAD69C63016C7B81B8605AFD4DA998F2AFA7","TheDivision\Content\Paks\pakchunk6312-WindowsNoEditor.pak",1544855,1544855,1533685,14
"F4C0FAD69C63016C7B81B8605AFD4DA998F2AFA7","TheDivision\Content\Paks\pakchunk6312-WindowsNoEditor.sig",624,624,634,14
"F4C0FAD69C63016C7B81B8605AFD4DA998F2AFA7","TheDivision\Content\Paks\pakchunk6316-WindowsNoEditor.pak",1729207,1729207,1713269,14
"F4C0FAD69C63016C7B81B8605AFD4DA998F2AFA7","TheDivision\Content\Paks\pakchunk6316-WindowsNoEditor.sig",636,636,646,14
"F4C0FAD69C63016C7B81B8605AFD4DA998F2AFA7","TheDivision\Content\Paks\pakchunk6320-WindowsNoEditor.pak",2507014,2507014,2488175,14
"F4C0FAD69C63016C7B81B8605AFD4DA998F2AFA7","TheDivision\Content\Paks\pakchunk6320-WindowsNoEditor.sig",684,684,694,14
"F4C0FAD69C63016C7B81B8605AFD4DA998F2AFA7","TheDivision\Content\Paks\pakchunk6324-WindowsNoEditor.pak",1952439,1952439,1940314,14
"F4C0FAD69C63016C7B81B8605AFD4DA998F2AFA7","TheDivision\Content\Paks\pakchunk6324-WindowsNoEditor.sig",648,648,658,14
"F4C0FAD69C63016C7B81B8605AFD4DA998F2AFA7","TheDivision\Content\Paks\pakchunk6328-WindowsNoEditor.pak",1669799,1669799,1660467,14
"F4C0FAD69C63016C7B81B8605AFD4DA998F2AFA7","TheDivision\Content\Paks\pakchunk6328-WindowsNoEditor.sig",632,632,642,14
"F4C0FAD69C63016C7B81B8605AFD4DA998F2AFA7","TheDivision\Content\Paks\pakchunk6332-WindowsNoEditor.pak",1444615,1444615,1435054,14
"F4C0FAD69C63016C7B81B8605AFD4DA998F2AFA7","TheDivision\Content\Paks\pakchunk6332-WindowsNoEditor.sig",620,620,630,14
"F4C0FAD69C63016C7B81B8605AFD4DA998F2AFA7","TheDivision\Content\Paks\pakchunk6336-WindowsNoEditor.pak",1985271,1985271,1975967,14
"F4C0FAD69C63016C7B81B8605AFD4DA998F2AFA7","TheDivision\Content\Paks\pakchunk6336-WindowsNoEditor.sig",652,652,662,14
"F4C0FAD69C63016C7B81B8605AFD4DA998F2AFA7","TheDivision\Content\Paks\pakchunk6340-WindowsNoEditor.pak",2726655,2726655,2716544,14
"F4C0FAD69C63016C7B81B8605AFD4DA998F2AFA7","TheDivision\Content\Paks\pakchunk6340-WindowsNoEditor.sig",696,696,706,14
"F4C0FAD69C63016C7B81B8605AFD4DA998F2AFA7","TheDivision\Content\Paks\pakchunk6344-WindowsNoEditor.pak",1841927,1841927,1830055,14
"F4C0FAD69C63016C7B81B8605AFD4DA998F2AFA7","TheDivision\Content\Paks\pakchunk6344-WindowsNoEditor.sig",644,644,654,14
"F4C0FAD69C63016C7B81B8605AFD4DA998F2AFA7","TheDivision\Content\Paks\pakchunk6348-WindowsNoEditor.pak",2104071,2104071,2090834,14
"F4C0FAD69C63016C7B81B8605AFD4DA998F2AFA7","TheDivision\Content\Paks\pakchunk6348-WindowsNoEditor.sig",660,660,670,14
"F4C0FAD69C63016C7B81B8605AFD4DA998F2AFA7","TheDivision\Content\Paks\pakchunk6352-WindowsNoEditor.pak",1817415,1817415,1806431,14
"F4C0FAD69C63016C7B81B8605AFD4DA998F2AFA7","TheDivision\Content\Paks\pakchunk6352-WindowsNoEditor.sig",640,640,650,14
"F4C0FAD69C63016C7B81B8605AFD4DA998F2AFA7","TheDivision\Content\Paks\pakchunk6356-WindowsNoEditor.pak",2243271,2243271,2230328,14
"F4C0FAD69C63016C7B81B8605AFD4DA998F2AFA7","TheDivision\Content\Paks\pakchunk6356-WindowsNoEditor.sig",668,668,678,14
"F4C0FAD69C63016C7B81B8605AFD4DA998F2AFA7","TheDivision\Content\Paks\pakchunk6360-WindowsNoEditor.pak",7693355,7693355,7579796,14
"F4C0FAD69C63016C7B81B8605AFD4DA998F2AFA7","TheDivision\Content\Paks\pakchunk6360-WindowsNoEditor.sig",1000,1000,1010,14
"F4C0FAD69C63016C7B81B8605AFD4DA998F2AFA7","TheDivision\Content\Paks\pakchunk6364-WindowsNoEditor.pak",5033187,5033187,4968228,14
"F4C0FAD69C63016C7B81B8605AFD4DA998F2AFA7","TheDivision\Content\Paks\pakchunk6364-WindowsNoEditor.sig",836,836,846,14
"F4C0FAD69C63016C7B81B8605AFD4DA998F2AFA7","TheDivision\Content\Paks\pakchunk6368-WindowsNoEditor.pak",4024584,4024584,3975591,14
"F4C0FAD69C63016C7B81B8605AFD4DA998F2AFA7","TheDivision\Content\Paks\pakchunk6368-WindowsNoEditor.sig",776,776,786,14
"F4C0FAD69C63016C7B81B8605AFD4DA998F2AFA7","TheDivision\Content\Paks\pakchunk6372-WindowsNoEditor.pak",5106523,5106523,5044044,14
"F4C0FAD69C63016C7B81B8605AFD4DA998F2AFA7","TheDivision\Content\Paks\pakchunk6372-WindowsNoEditor.sig",840,840,850,14
"F4C0FAD69C63016C7B81B8605AFD4DA998F2AFA7","TheDivision\Content\Paks\pakchunk6376-WindowsNoEditor.pak",4147010,4147010,4074184,14
"F4C0FAD69C63016C7B81B8605AFD4DA998F2AFA7","TheDivision\Content\Paks\pakchunk6376-WindowsNoEditor.sig",784,784,794,14
"F4C0FAD69C63016C7B81B8605AFD4DA998F2AFA7","TheDivision\Content\Paks\pakchunk6380-WindowsNoEditor.pak",1907223,1907223,1843852,14
"F4C0FAD69C63016C7B81B8605AFD4DA998F2AFA7","TheDivision\Content\Paks\pakchunk6380-WindowsNoEditor.sig",648,648,658,14
"F4C0FAD69C63016C7B81B8605AFD4DA998F2AFA7","TheDivision\Content\Paks\pakchunk6384-WindowsNoEditor.pak",127982,127982,109782,14
"F4C0FAD69C63016C7B81B8605AFD4DA998F2AFA7","TheDivision\Content\Paks\pakchunk6384-WindowsNoEditor.sig",536,536,546,14
"F4C0FAD69C63016C7B81B8605AFD4DA998F2AFA7","TheDivision\Content\Paks\pakchunk6388-WindowsNoEditor.pak",1928,1928,1549,14
"F4C0FAD69C63016C7B81B8605AFD4DA998F2AFA7","TheDivision\Content\Paks\pakchunk6388-WindowsNoEditor.sig",532,532,542,14
"F4C0FAD69C63016C7B81B8605AFD4DA998F2AFA7","TheDivision\Content\Paks\pakchunk6392-WindowsNoEditor.pak",75421746,75421746,74604577,14
"F4C0FAD69C63016C7B81B8605AFD4DA998F2AFA7","TheDivision\Content\Paks\pakchunk6392-WindowsNoEditor.sig",5132,5132,5142,14
"F4C0FAD69C63016C7B81B8605AFD4DA998F2AFA7","TheDivision\Content\Paks\pakchunk6393-WindowsNoEditor.pak",42656982,42656982,42184978,14
"F4C0FAD69C63016C7B81B8605AFD4DA998F2AFA7","TheDivision\Content\Paks\pakchunk6393-WindowsNoEditor.sig",3132,3132,3142,14
"F4C0FAD69C63016C7B81B8605AFD4DA998F2AFA7","TheDivision\Content\Paks\pakchunk6394-WindowsNoEditor.pak",390030983,390030983,378953293,14
"F4C0FAD69C63016C7B81B8605AFD4DA998F2AFA7","TheDivision\Content\Paks\pakchunk6394-WindowsNoEditor.sig",24336,24336,24346,14
"F4C0FAD69C63016C7B81B8605AFD4DA998F2AFA7","TheDivision\Content\Paks\pakchunk6395-WindowsNoEditor.pak",1532,1532,1260,14
"F4C0FAD69C63016C7B81B8605AFD4DA998F2AFA7","TheDivision\Content\Paks\pakchunk6395-WindowsNoEditor.sig",532,532,542,14
"F4C0FAD69C63016C7B81B8605AFD4DA998F2AFA7","TheDivision\Content\Paks\pakchunk6396-WindowsNoEditor.pak",151030978,151030978,149524409,14
"F4C0FAD69C63016C7B81B8605AFD4DA998F2AFA7","TheDivision\Content\Paks\pakchunk6396-WindowsNoEditor.sig",9748,9748,9758,14
"F4C0FAD69C63016C7B81B8605AFD4DA998F2AFA7","TheDivision\Content\Paks\pakchunk6397-WindowsNoEditor.pak",75421746,75421746,74604573,14
"F4C0FAD69C63016C7B81B8605AFD4DA998F2AFA7","TheDivision\Content\Paks\pakchunk6397-WindowsNoEditor.sig",5132,5132,5142,14
"F4C0FAD69C63016C7B81B8605AFD4DA998F2AFA7","TheDivision\Content\Paks\pakchunk6398-WindowsNoEditor.pak",42656982,42656982,42184975,14
"F4C0FAD69C63016C7B81B8605AFD4DA998F2AFA7","TheDivision\Content\Paks\pakchunk6398-WindowsNoEditor.sig",3132,3132,3142,14
"F4C0FAD69C63016C7B81B8605AFD4DA998F2AFA7","TheDivision\Content\Paks\pakchunk6399-WindowsNoEditor.pak",390030983,390030983,378953302,14
"F4C0FAD69C63016C7B81B8605AFD4DA998F2AFA7","TheDivision\Content\Paks\pakchunk6399-WindowsNoEditor.sig",24336,24336,24346,14
"F4C0FAD69C63016C7B81B8605AFD4DA998F2AFA7","TheDivision\Content\Paks\pakchunk6400-WindowsNoEditor.pak",1532,1532,1260,14
"F4C0FAD69C63016C7B81B8605AFD4DA998F2AFA7","TheDivision\Content\Paks\pakchunk6400-WindowsNoEditor.sig",532,532,542,14
"F4C0FAD69C63016C7B81B8605AFD4DA998F2AFA7","TheDivision\Content\Paks\pakchunk6401-WindowsNoEditor.pak",151030978,151030978,149524415,14
"F4C0FAD69C63016C7B81B8605AFD4DA998F2AFA7","TheDivision\Content\Paks\pakchunk6401-WindowsNoEditor.sig",9748,9748,9758,14
"F4C0FAD69C63016C7B81B8605AFD4DA998F2AFA7","TheDivision\Binaries\Win64\AntiCheatExpert\ACE-Base.dat",67924,67924,67936,15
"F4C0FAD69C63016C7B81B8605AFD4DA998F2AFA7","TheDivision\Binaries\Win64\AntiCheatExpert\ACE-BASE.sys",4288216,4288216,1624226,15
"F4C0FAD69C63016C7B81B8605AFD4DA998F2AFA7","TheDivision\Binaries\Win64\AntiCheatExpert\ACE-Base64.dll",58382736,58382736,19638094,15
"F4C0FAD69C63016C7B81B8605AFD4DA998F2AFA7","TheDivision\Binaries\Win64\AntiCheatExpert\ACE-CORE.sys",3583632,3583632,1401640,15
"F4C0FAD69C63016C7B81B8605AFD4DA998F2AFA7","TheDivision\Binaries\Win64\AntiCheatExpert\ACE-CORE.sys2",3021992,3021992,1185022,15
"F4C0FAD69C63016C7B81B8605AFD4DA998F2AFA7","TheDivision\Binaries\Win64\AntiCheatExpert\ACE-CORE.sysa",1704168,1704168,703506,15
"F4C0FAD69C63016C7B81B8605AFD4DA998F2AFA7","TheDivision\Binaries\Win64\AntiCheatExpert\ACE-CORE.sysa2",1596640,1596640,687897,15
"F4C0FAD69C63016C7B81B8605AFD4DA998F2AFA7","TheDivision\Binaries\Win64\AntiCheatExpert\ACE-Service64.exe",3261320,3261320,1346399,15
"F4C0FAD69C63016C7B81B8605AFD4DA998F2AFA7","TheDivision\Binaries\Win64\AntiCheatExpert\ACE-Setup64.exe",899472,899472,235759,15
"F4C0FAD69C63016C7B81B8605AFD4DA998F2AFA7","TheDivision\Binaries\Win64\TheDivision-Win64-ShippingBase.dll",34739088,34739088,7816863,16
