"87","A6A3AE9EFBD9087857B9E8F48A661E50BE62A4DD","0000-00-00",2022,14873666946,1988765058,517559825,3
"A6A3AE9EFBD9087857B9E8F48A661E50BE62A4DD","hof_launcher.exe",246728,246728,128615,1
"A6A3AE9EFBD9087857B9E8F48A661E50BE62A4DD","MapEditor.log",0,0,0,1
"A6A3AE9EFBD9087857B9E8F48A661E50BE62A4DD","splash.bmp",921656,921656,742257,1
"A6A3AE9EFBD9087857B9E8F48A661E50BE62A4DD","bin\dbghelp.dll",719360,719360,295146,1
"A6A3AE9EFBD9087857B9E8F48A661E50BE62A4DD","bin\fmod.dll",162816,162816,154013,1
"A6A3AE9EFBD9087857B9E8F48A661E50BE62A4DD","bin\granny2.dll",400951,400951,155679,1
"A6A3AE9EFBD9087857B9E8F48A661E50BE62A4DD","bin\H5_Game.exe",14576312,14576312,4626896,1
"A6A3AE9EFBD9087857B9E8F48A661E50BE62A4DD","bin\H5_MapEditor.exe",17833928,17833928,6016806,1
"A6A3AE9EFBD9087857B9E8F48A661E50BE62A4DD","bin\libcurl.dll",243152,243152,126426,1
"A6A3AE9EFBD9087857B9E8F48A661E50BE62A4DD","bin\MFC71.dll",1060864,1060864,467923,1
"A6A3AE9EFBD9087857B9E8F48A661E50BE62A4DD","bin\MFC71ENU.DLL",57344,57344,10449,1
"A6A3AE9EFBD9087857B9E8F48A661E50BE62A4DD","bin\msvcp71.dll",499712,499712,114367,1
"A6A3AE9EFBD9087857B9E8F48A661E50BE62A4DD","bin\msvcr71.dll",348160,348160,168628,1
"A6A3AE9EFBD9087857B9E8F48A661E50BE62A4DD","bin\UbiStats.dll",169928,169928,77123,1
"A6A3AE9EFBD9087857B9E8F48A661E50BE62A4DD","bin\zlib1.dll",59904,59904,32482,1
"A6A3AE9EFBD9087857B9E8F48A661E50BE62A4DD","bin\zlibwapi.dll",72704,72704,39436,1
"A6A3AE9EFBD9087857B9E8F48A661E50BE62A4DD","bin\homm5_main.dll",471216,471216,205494,1
"A6A3AE9EFBD9087857B9E8F48A661E50BE62A4DD","bin\uplay_r1_loader.dll",440488,440488,139361,1
"A6A3AE9EFBD9087857B9E8F48A661E50BE62A4DD","bin\uplay32.dll",22184,22184,13165,1
"A6A3AE9EFBD9087857B9E8F48A661E50BE62A4DD","data\data.pak",1109857343,1109857343,1080203356,1
"A6A3AE9EFBD9087857B9E8F48A661E50BE62A4DD","data\p3c-data.pak",69214487,69214487,67695941,1
"A6A3AE9EFBD9087857B9E8F48A661E50BE62A4DD","datals\p5-data.pak",11643673,11643673,11282581,1
"A6A3AE9EFBD9087857B9E8F48A661E50BE62A4DD","datals\p6-data.pak",20615008,20615008,19888321,1
"A6A3AE9EFBD9087857B9E8F48A661E50BE62A4DD","DuelPresets\Example1.h5p",42071,42071,40768,1
"A6A3AE9EFBD9087857B9E8F48A661E50BE62A4DD","DuelPresets\Example2.h5p",36298,36298,34980,1
"A6A3AE9EFBD9087857B9E8F48A661E50BE62A4DD","DuelPresets\Example3.h5p",39759,39759,38473,1
"A6A3AE9EFBD9087857B9E8F48A661E50BE62A4DD","DuelPresets\Example4.h5p",33737,33737,32411,1
"A6A3AE9EFBD9087857B9E8F48A661E50BE62A4DD","Editor\AdvMapDescBuilder.xml",156,156,127,1
"A6A3AE9EFBD9087857B9E8F48A661E50BE62A4DD","Editor\AdvMapDescBuilder_1.4.xml",164,164,133,1
"A6A3AE9EFBD9087857B9E8F48A661E50BE62A4DD","Editor\AdvMapEditor.xml",648,648,281,1
"A6A3AE9EFBD9087857B9E8F48A661E50BE62A4DD","Editor\AdvMapEditor_1.4.xml",646,646,283,1
"A6A3AE9EFBD9087857B9E8F48A661E50BE62A4DD","Editor\AIGeometryExporter.xml",210,210,154,1
"A6A3AE9EFBD9087857B9E8F48A661E50BE62A4DD","Editor\arena-exporter-config.xml",339,339,176,1
"A6A3AE9EFBD9087857B9E8F48A661E50BE62A4DD","Editor\basic-anim-exporter-config.xml",674,674,314,1
"A6A3AE9EFBD9087857B9E8F48A661E50BE62A4DD","Editor\CameraExporter.xml",167,167,141,1
"A6A3AE9EFBD9087857B9E8F48A661E50BE62A4DD","Editor\ConstAdvMapDescBuilder.xml",571,571,232,1
"A6A3AE9EFBD9087857B9E8F48A661E50BE62A4DD","Editor\ConstAdvMapDescBuilder_1.4.xml",571,571,232,1
"A6A3AE9EFBD9087857B9E8F48A661E50BE62A4DD","Editor\ConstModelViewAmbientLight.xml",192,192,143,1
"A6A3AE9EFBD9087857B9E8F48A661E50BE62A4DD","Editor\ConstModelViewAmbientLight_1.4.xml",192,192,143,1
"A6A3AE9EFBD9087857B9E8F48A661E50BE62A4DD","Editor\ConstUserData.xml",688,688,349,1
"A6A3AE9EFBD9087857B9E8F48A661E50BE62A4DD","Editor\ConstUserDataP4.xml",2954,2954,792,1
"A6A3AE9EFBD9087857B9E8F48A661E50BE62A4DD","Editor\Editors.xml",1547,1547,285,1
"A6A3AE9EFBD9087857B9E8F48A661E50BE62A4DD","Editor\Editors_1.4.xml",1547,1547,285,1
"A6A3AE9EFBD9087857B9E8F48A661E50BE62A4DD","Editor\FillPresets.xml",15329,15329,767,1
"A6A3AE9EFBD9087857B9E8F48A661E50BE62A4DD","Editor\FillPresets_1.4.xml",15329,15329,767,1
"A6A3AE9EFBD9087857B9E8F48A661E50BE62A4DD","Editor\func.txt",0,0,0,1
"A6A3AE9EFBD9087857B9E8F48A661E50BE62A4DD","Editor\geometry-exporter-config.xml",198,198,153,1
"A6A3AE9EFBD9087857B9E8F48A661E50BE62A4DD","Editor\MapFilters.xml",8221,8221,676,1
"A6A3AE9EFBD9087857B9E8F48A661E50BE62A4DD","Editor\MapFilters_1.4.xml",6538,6538,541,1
"A6A3AE9EFBD9087857B9E8F48A661E50BE62A4DD","Editor\MapGenerator.xml",1900,1900,364,1
"A6A3AE9EFBD9087857B9E8F48A661E50BE62A4DD","Editor\MapGenerator_1.4.xml",1900,1900,364,1
"A6A3AE9EFBD9087857B9E8F48A661E50BE62A4DD","Editor\ModelViewAmbientLight.xml",49,49,58,1
"A6A3AE9EFBD9087857B9E8F48A661E50BE62A4DD","Editor\ModelViewAmbientLight_1.4.xml",49,49,58,1
"A6A3AE9EFBD9087857B9E8F48A661E50BE62A4DD","Editor\picker-config_1.4.xml",164,164,123,1
"A6A3AE9EFBD9087857B9E8F48A661E50BE62A4DD","Editor\skeleton-exporter-config.xml",192,192,145,1
"A6A3AE9EFBD9087857B9E8F48A661E50BE62A4DD","Editor\Splash.bmp",921656,921656,567949,1
"A6A3AE9EFBD9087857B9E8F48A661E50BE62A4DD","Editor\townexterior-exporter-config.xml",339,339,176,1
"A6A3AE9EFBD9087857B9E8F48A661E50BE62A4DD","Editor\UserData.xml",1845,1845,647,1
"A6A3AE9EFBD9087857B9E8F48A661E50BE62A4DD","Editor\WindowSimpleSharedEditor.xml",537,537,191,1
"A6A3AE9EFBD9087857B9E8F48A661E50BE62A4DD","Editor\WindowSimpleSharedEditor_1.4.xml",537,537,191,1
"A6A3AE9EFBD9087857B9E8F48A661E50BE62A4DD","Editor Documentation\HOMM5_CheatCodes.pdf",14412,14412,6137,1
"A6A3AE9EFBD9087857B9E8F48A661E50BE62A4DD","Editor Documentation\HOMM5_Combat_Replay_eng.pdf",798749,798749,720097,1
"A6A3AE9EFBD9087857B9E8F48A661E50BE62A4DD","Editor Documentation\HOMM5_Dialogs_Replay_eng.pdf",325110,325110,313703,1
"A6A3AE9EFBD9087857B9E8F48A661E50BE62A4DD","Editor Documentation\HOMM5_Editor_Practical_Guide.pdf",5324454,5324454,5071632,1
"A6A3AE9EFBD9087857B9E8F48A661E50BE62A4DD","Editor Documentation\HOMM5_Editor_Theory.pdf",2493025,2493025,2391175,1
"A6A3AE9EFBD9087857B9E8F48A661E50BE62A4DD","Editor Documentation\HOMM5_Hero_Level_and_Experience.pdf",25860,25860,9206,1
"A6A3AE9EFBD9087857B9E8F48A661E50BE62A4DD","Editor Documentation\HOMM5_IDs_for_Scripts.pdf",101141,101141,47559,1
"A6A3AE9EFBD9087857B9E8F48A661E50BE62A4DD","Editor Documentation\HOMM5_Preset_Editor_eng.pdf",288780,288780,177628,1
"A6A3AE9EFBD9087857B9E8F48A661E50BE62A4DD","Editor Documentation\HOMM5_RMG_Tutorial.pdf",1011644,1011644,724203,1
"A6A3AE9EFBD9087857B9E8F48A661E50BE62A4DD","Editor Documentation\HOMM5_Script_Functions.pdf",445010,445010,298087,1
"A6A3AE9EFBD9087857B9E8F48A661E50BE62A4DD","Editor Documentation\HOMM5_Spectator_Mode_eng.pdf",11350,11350,5130,1
"A6A3AE9EFBD9087857B9E8F48A661E50BE62A4DD","Editor Documentation\HOMM5_Tournament_Manual.pdf",11350,11350,5130,1
"A6A3AE9EFBD9087857B9E8F48A661E50BE62A4DD","Editor Documentation\HOMM5_Users_Campaign_Editor_eng.pdf",181200,181200,107101,1
"A6A3AE9EFBD9087857B9E8F48A661E50BE62A4DD","hwcursors\ability.cur",326,326,139,1
"A6A3AE9EFBD9087857B9E8F48A661E50BE62A4DD","hwcursors\Attack.cur",2238,2238,1417,1
"A6A3AE9EFBD9087857B9E8F48A661E50BE62A4DD","hwcursors\Attack2.cur",2238,2238,578,1
"A6A3AE9EFBD9087857B9E8F48A661E50BE62A4DD","hwcursors\Attack2_a.cur",2238,2238,752,1
"A6A3AE9EFBD9087857B9E8F48A661E50BE62A4DD","hwcursors\Attack3.cur",2238,2238,1385,1
"A6A3AE9EFBD9087857B9E8F48A661E50BE62A4DD","hwcursors\Attack3plus.cur",2238,2238,901,1
"A6A3AE9EFBD9087857B9E8F48A661E50BE62A4DD","hwcursors\Attack3plus_a.cur",2238,2238,751,1
"A6A3AE9EFBD9087857B9E8F48A661E50BE62A4DD","hwcursors\Attack3_a.cur",2238,2238,376,1
"A6A3AE9EFBD9087857B9E8F48A661E50BE62A4DD","hwcursors\Attack4.cur",2238,2238,1333,1
"A6A3AE9EFBD9087857B9E8F48A661E50BE62A4DD","hwcursors\Attack4_a.cur",2238,2238,417,1
"A6A3AE9EFBD9087857B9E8F48A661E50BE62A4DD","hwcursors\Attack5.cur",2238,2238,1322,1
"A6A3AE9EFBD9087857B9E8F48A661E50BE62A4DD","hwcursors\Attack5_a.cur",2238,2238,424,1
"A6A3AE9EFBD9087857B9E8F48A661E50BE62A4DD","hwcursors\Attack6.cur",2238,2238,1269,1
"A6A3AE9EFBD9087857B9E8F48A661E50BE62A4DD","hwcursors\Attack6_a.cur",2238,2238,425,1
"A6A3AE9EFBD9087857B9E8F48A661E50BE62A4DD","hwcursors\Attack_a.cur",2238,2238,376,1
"A6A3AE9EFBD9087857B9E8F48A661E50BE62A4DD","hwcursors\Attack_Down.cur",2238,2238,641,1
"A6A3AE9EFBD9087857B9E8F48A661E50BE62A4DD","hwcursors\Attack_Left.cur",2238,2238,610,1
"A6A3AE9EFBD9087857B9E8F48A661E50BE62A4DD","hwcursors\Attack_LeftDown.cur",2238,2238,617,1
"A6A3AE9EFBD9087857B9E8F48A661E50BE62A4DD","hwcursors\Attack_LeftUp.cur",2238,2238,622,1
"A6A3AE9EFBD9087857B9E8F48A661E50BE62A4DD","hwcursors\Attack_Right.cur",2238,2238,608,1
"A6A3AE9EFBD9087857B9E8F48A661E50BE62A4DD","hwcursors\Attack_RightDown.cur",2238,2238,623,1
"A6A3AE9EFBD9087857B9E8F48A661E50BE62A4DD","hwcursors\Attack_RightUp.cur",2238,2238,617,1
"A6A3AE9EFBD9087857B9E8F48A661E50BE62A4DD","hwcursors\Attack_Up.cur",2238,2238,646,1
"A6A3AE9EFBD9087857B9E8F48A661E50BE62A4DD","hwcursors\BoardShip.cur",2238,2238,700,1
"A6A3AE9EFBD9087857B9E8F48A661E50BE62A4DD","hwcursors\BoardShip2.cur",2238,2238,714,1
"A6A3AE9EFBD9087857B9E8F48A661E50BE62A4DD","hwcursors\BoardShip2_a.cur",2238,2238,526,1
"A6A3AE9EFBD9087857B9E8F48A661E50BE62A4DD","hwcursors\BoardShip3.cur",2238,2238,727,1
"A6A3AE9EFBD9087857B9E8F48A661E50BE62A4DD","hwcursors\BoardShip3plus.cur",2238,2238,734,1
"A6A3AE9EFBD9087857B9E8F48A661E50BE62A4DD","hwcursors\BoardShip3plus_a.cur",2238,2238,530,1
"A6A3AE9EFBD9087857B9E8F48A661E50BE62A4DD","hwcursors\BoardShip3_a.cur",2238,2238,518,1
"A6A3AE9EFBD9087857B9E8F48A661E50BE62A4DD","hwcursors\BoardShip4.CUR",2238,2238,754,1
"A6A3AE9EFBD9087857B9E8F48A661E50BE62A4DD","hwcursors\BoardShip4_a.CUR",2238,2238,607,1
"A6A3AE9EFBD9087857B9E8F48A661E50BE62A4DD","hwcursors\BoardShip5.CUR",2238,2238,757,1
"A6A3AE9EFBD9087857B9E8F48A661E50BE62A4DD","hwcursors\BoardShip5_a.CUR",2238,2238,601,1
"A6A3AE9EFBD9087857B9E8F48A661E50BE62A4DD","hwcursors\BoardShip6.CUR",2238,2238,750,1
"A6A3AE9EFBD9087857B9E8F48A661E50BE62A4DD","hwcursors\BoardShip6_a.CUR",2238,2238,600,1
"A6A3AE9EFBD9087857B9E8F48A661E50BE62A4DD","hwcursors\BoardShip_a.cur",2238,2238,497,1
"A6A3AE9EFBD9087857B9E8F48A661E50BE62A4DD","hwcursors\cantcast.cur",2238,2238,580,1
"A6A3AE9EFBD9087857B9E8F48A661E50BE62A4DD","hwcursors\cast.cur",2238,2238,1576,1
"A6A3AE9EFBD9087857B9E8F48A661E50BE62A4DD","hwcursors\Corner.cur",2238,2238,469,1
"A6A3AE9EFBD9087857B9E8F48A661E50BE62A4DD","hwcursors\Cursor_Ability.cur",2238,2238,1620,1
"A6A3AE9EFBD9087857B9E8F48A661E50BE62A4DD","hwcursors\Cursor_CantCast.cur",2238,2238,1072,1
"A6A3AE9EFBD9087857B9E8F48A661E50BE62A4DD","hwcursors\Cursor_Shoot.cur",2238,2238,959,1
"A6A3AE9EFBD9087857B9E8F48A661E50BE62A4DD","hwcursors\Cursor_Shoot_Penalty.cur",2238,2238,466,1
"A6A3AE9EFBD9087857B9E8F48A661E50BE62A4DD","hwcursors\Default.cur",2238,2238,1246,1
"A6A3AE9EFBD9087857B9E8F48A661E50BE62A4DD","hwcursors\garrison_guarding.cur",2238,2238,1094,1
"A6A3AE9EFBD9087857B9E8F48A661E50BE62A4DD","hwcursors\garrison_guarding2.cur",2238,2238,1138,1
"A6A3AE9EFBD9087857B9E8F48A661E50BE62A4DD","hwcursors\garrison_guarding2_a.cur",2238,2238,1475,1
"A6A3AE9EFBD9087857B9E8F48A661E50BE62A4DD","hwcursors\garrison_guarding3+.cur",2238,2238,1141,1
"A6A3AE9EFBD9087857B9E8F48A661E50BE62A4DD","hwcursors\garrison_guarding3.cur",2238,2238,1141,1
"A6A3AE9EFBD9087857B9E8F48A661E50BE62A4DD","hwcursors\garrison_guarding3plus_a.cur",2238,2238,1475,1
"A6A3AE9EFBD9087857B9E8F48A661E50BE62A4DD","hwcursors\garrison_guarding3_a.cur",2238,2238,1472,1
"A6A3AE9EFBD9087857B9E8F48A661E50BE62A4DD","hwcursors\garrison_guarding4.cur",2238,2238,1098,1
"A6A3AE9EFBD9087857B9E8F48A661E50BE62A4DD","hwcursors\garrison_guarding4_a.cur",2238,2238,1364,1
"A6A3AE9EFBD9087857B9E8F48A661E50BE62A4DD","hwcursors\garrison_guarding5.cur",2238,2238,1096,1
"A6A3AE9EFBD9087857B9E8F48A661E50BE62A4DD","hwcursors\garrison_guarding5_a.cur",2238,2238,1368,1
"A6A3AE9EFBD9087857B9E8F48A661E50BE62A4DD","hwcursors\garrison_guarding6.cur",2238,2238,1099,1
"A6A3AE9EFBD9087857B9E8F48A661E50BE62A4DD","hwcursors\garrison_guarding6_a.cur",2238,2238,1413,1
"A6A3AE9EFBD9087857B9E8F48A661E50BE62A4DD","hwcursors\garrison_guarding_a.cur",2238,2238,1444,1
"A6A3AE9EFBD9087857B9E8F48A661E50BE62A4DD","hwcursors\Interakt.cur",2238,2238,1094,1
"A6A3AE9EFBD9087857B9E8F48A661E50BE62A4DD","hwcursors\MeetHeroes.cur",2238,2238,625,1
"A6A3AE9EFBD9087857B9E8F48A661E50BE62A4DD","hwcursors\MeetHeroes3.cur",2238,2238,626,1
"A6A3AE9EFBD9087857B9E8F48A661E50BE62A4DD","hwcursors\Meet_Heroes3_a.cur",2238,2238,474,1
"A6A3AE9EFBD9087857B9E8F48A661E50BE62A4DD","hwcursors\Move.cur",2238,2238,1335,1
"A6A3AE9EFBD9087857B9E8F48A661E50BE62A4DD","hwcursors\MoveN.cur",4286,4286,2464,1
"A6A3AE9EFBD9087857B9E8F48A661E50BE62A4DD","hwcursors\MoveN2.cur",4286,4286,2444,1
"A6A3AE9EFBD9087857B9E8F48A661E50BE62A4DD","hwcursors\MoveN2_a.cur",4286,4286,2123,1
"A6A3AE9EFBD9087857B9E8F48A661E50BE62A4DD","hwcursors\MoveN3.cur",4286,4286,2461,1
"A6A3AE9EFBD9087857B9E8F48A661E50BE62A4DD","hwcursors\MoveN3plus.cur",4286,4286,2471,1
"A6A3AE9EFBD9087857B9E8F48A661E50BE62A4DD","hwcursors\MoveN3plus_a.cur",4286,4286,2201,1
"A6A3AE9EFBD9087857B9E8F48A661E50BE62A4DD","hwcursors\MoveN3_a.cur",4286,4286,2197,1
"A6A3AE9EFBD9087857B9E8F48A661E50BE62A4DD","hwcursors\MoveN4.CUR",2238,2238,1628,1
"A6A3AE9EFBD9087857B9E8F48A661E50BE62A4DD","hwcursors\MoveN4_a.CUR",2238,2238,1521,1
"A6A3AE9EFBD9087857B9E8F48A661E50BE62A4DD","hwcursors\MoveN5.CUR",2238,2238,1635,1
"A6A3AE9EFBD9087857B9E8F48A661E50BE62A4DD","hwcursors\MoveN5_a.CUR",2238,2238,1524,1
"A6A3AE9EFBD9087857B9E8F48A661E50BE62A4DD","hwcursors\MoveN6.CUR",2238,2238,1619,1
"A6A3AE9EFBD9087857B9E8F48A661E50BE62A4DD","hwcursors\MoveN6_a.CUR",2238,2238,1500,1
"A6A3AE9EFBD9087857B9E8F48A661E50BE62A4DD","hwcursors\MoveN_a.cur",4286,4286,2176,1
"A6A3AE9EFBD9087857B9E8F48A661E50BE62A4DD","hwcursors\Scroll_Down.cur",2238,2238,502,1
"A6A3AE9EFBD9087857B9E8F48A661E50BE62A4DD","hwcursors\Scroll_Down_inactive.cur",2238,2238,1055,1
"A6A3AE9EFBD9087857B9E8F48A661E50BE62A4DD","hwcursors\Scroll_Left.cur",2238,2238,1082,1
"A6A3AE9EFBD9087857B9E8F48A661E50BE62A4DD","hwcursors\Scroll_LeftDown.cur",2238,2238,576,1
"A6A3AE9EFBD9087857B9E8F48A661E50BE62A4DD","hwcursors\Scroll_LeftDown_inactive.cur",2238,2238,928,1
"A6A3AE9EFBD9087857B9E8F48A661E50BE62A4DD","hwcursors\Scroll_LeftUp.cur",2238,2238,549,1
"A6A3AE9EFBD9087857B9E8F48A661E50BE62A4DD","hwcursors\Scroll_LeftUp_inactive.cur",2238,2238,928,1
"A6A3AE9EFBD9087857B9E8F48A661E50BE62A4DD","hwcursors\Scroll_Left_inactive.cur",2238,2238,950,1
"A6A3AE9EFBD9087857B9E8F48A661E50BE62A4DD","hwcursors\Scroll_Right.cur",2238,2238,1082,1
"A6A3AE9EFBD9087857B9E8F48A661E50BE62A4DD","hwcursors\Scroll_RightDown.cur",2238,2238,547,1
"A6A3AE9EFBD9087857B9E8F48A661E50BE62A4DD","hwcursors\Scroll_RightDown_inactive.cur",2238,2238,294,1
"A6A3AE9EFBD9087857B9E8F48A661E50BE62A4DD","hwcursors\Scroll_RightUp.cur",2238,2238,557,1
"A6A3AE9EFBD9087857B9E8F48A661E50BE62A4DD","hwcursors\Scroll_RightUp_inactive.cur",2238,2238,925,1
"A6A3AE9EFBD9087857B9E8F48A661E50BE62A4DD","hwcursors\Scroll_Right_inactive.cur",2238,2238,947,1
"A6A3AE9EFBD9087857B9E8F48A661E50BE62A4DD","hwcursors\Scroll_Up.cur",2238,2238,1072,1
"A6A3AE9EFBD9087857B9E8F48A661E50BE62A4DD","hwcursors\Scroll_Up_inactive.cur",2238,2238,937,1
"A6A3AE9EFBD9087857B9E8F48A661E50BE62A4DD","hwcursors\ShipMove.cur",3262,3262,1741,1
"A6A3AE9EFBD9087857B9E8F48A661E50BE62A4DD","hwcursors\ShipMove2.cur",2238,2238,761,1
"A6A3AE9EFBD9087857B9E8F48A661E50BE62A4DD","hwcursors\ShipMove2_a.cur",2238,2238,827,1
"A6A3AE9EFBD9087857B9E8F48A661E50BE62A4DD","hwcursors\ShipMove3.cur",2238,2238,762,1
"A6A3AE9EFBD9087857B9E8F48A661E50BE62A4DD","hwcursors\ShipMove3plus.cur",2238,2238,768,1
"A6A3AE9EFBD9087857B9E8F48A661E50BE62A4DD","hwcursors\ShipMove3plus_a.cur",2238,2238,529,1
"A6A3AE9EFBD9087857B9E8F48A661E50BE62A4DD","hwcursors\ShipMove3_a.cur",2238,2238,520,1
"A6A3AE9EFBD9087857B9E8F48A661E50BE62A4DD","hwcursors\ShipMove4.CUR",2238,2238,1602,1
"A6A3AE9EFBD9087857B9E8F48A661E50BE62A4DD","hwcursors\ShipMove4_a.CUR",2238,2238,1527,1
"A6A3AE9EFBD9087857B9E8F48A661E50BE62A4DD","hwcursors\ShipMove5.CUR",2238,2238,1606,1
"A6A3AE9EFBD9087857B9E8F48A661E50BE62A4DD","hwcursors\ShipMove5_a.CUR",2238,2238,1530,1
"A6A3AE9EFBD9087857B9E8F48A661E50BE62A4DD","hwcursors\ShipMove6.CUR",2238,2238,1584,1
"A6A3AE9EFBD9087857B9E8F48A661E50BE62A4DD","hwcursors\ShipMove6_a.CUR",2238,2238,1497,1
"A6A3AE9EFBD9087857B9E8F48A661E50BE62A4DD","hwcursors\ShipMove_a.cur",3262,3262,1648,1
"A6A3AE9EFBD9087857B9E8F48A661E50BE62A4DD","hwcursors\shoot.cur",326,326,149,1
"A6A3AE9EFBD9087857B9E8F48A661E50BE62A4DD","hwcursors\TestCursor.cur",2238,2238,1246,1
"A6A3AE9EFBD9087857B9E8F48A661E50BE62A4DD","hwcursors\Town.cur",2238,2238,1083,1
"A6A3AE9EFBD9087857B9E8F48A661E50BE62A4DD","hwcursors\Town2.cur",2238,2238,1469,1
"A6A3AE9EFBD9087857B9E8F48A661E50BE62A4DD","hwcursors\Town2_a.cur",2238,2238,1251,1
"A6A3AE9EFBD9087857B9E8F48A661E50BE62A4DD","hwcursors\Town3.cur",2238,2238,1474,1
"A6A3AE9EFBD9087857B9E8F48A661E50BE62A4DD","hwcursors\Town3plus.cur",2238,2238,1488,1
"A6A3AE9EFBD9087857B9E8F48A661E50BE62A4DD","hwcursors\Town3plus_a.cur",2238,2238,1269,1
"A6A3AE9EFBD9087857B9E8F48A661E50BE62A4DD","hwcursors\Town3_a.cur",2238,2238,1256,1
"A6A3AE9EFBD9087857B9E8F48A661E50BE62A4DD","hwcursors\Town4.CUR",2238,2238,1119,1
"A6A3AE9EFBD9087857B9E8F48A661E50BE62A4DD","hwcursors\Town4_a.CUR",2238,2238,966,1
"A6A3AE9EFBD9087857B9E8F48A661E50BE62A4DD","hwcursors\Town5.CUR",2238,2238,1123,1
"A6A3AE9EFBD9087857B9E8F48A661E50BE62A4DD","hwcursors\Town5_a.CUR",2238,2238,963,1
"A6A3AE9EFBD9087857B9E8F48A661E50BE62A4DD","hwcursors\Town6.CUR",2238,2238,1108,1
"A6A3AE9EFBD9087857B9E8F48A661E50BE62A4DD","hwcursors\Town6_a.CUR",2238,2238,938,1
"A6A3AE9EFBD9087857B9E8F48A661E50BE62A4DD","hwcursors\Town_a.cur",2238,2238,1213,1
"A6A3AE9EFBD9087857B9E8F48A661E50BE62A4DD","hwcursors\UnboardShip.cur",2238,2238,559,1
"A6A3AE9EFBD9087857B9E8F48A661E50BE62A4DD","hwcursors\UnboardShip2.cur",2238,2238,596,1
"A6A3AE9EFBD9087857B9E8F48A661E50BE62A4DD","hwcursors\UnboardShip2_a.cur",2238,2238,419,1
"A6A3AE9EFBD9087857B9E8F48A661E50BE62A4DD","hwcursors\UnboardShip3.cur",2238,2238,602,1
"A6A3AE9EFBD9087857B9E8F48A661E50BE62A4DD","hwcursors\UnboardShip3plus.cur",2238,2238,604,1
"A6A3AE9EFBD9087857B9E8F48A661E50BE62A4DD","hwcursors\UnboardShip3plus_a.cur",2238,2238,428,1
"A6A3AE9EFBD9087857B9E8F48A661E50BE62A4DD","hwcursors\UnboardShip3_a.cur",2238,2238,419,1
"A6A3AE9EFBD9087857B9E8F48A661E50BE62A4DD","hwcursors\UnboardShip4.CUR",2238,2238,617,1
"A6A3AE9EFBD9087857B9E8F48A661E50BE62A4DD","hwcursors\UnboardShip4_a.CUR",2238,2238,451,1
"A6A3AE9EFBD9087857B9E8F48A661E50BE62A4DD","hwcursors\UnboardShip5.CUR",2238,2238,615,1
"A6A3AE9EFBD9087857B9E8F48A661E50BE62A4DD","hwcursors\UnboardShip5_a.CUR",2238,2238,452,1
"A6A3AE9EFBD9087857B9E8F48A661E50BE62A4DD","hwcursors\UnboardShip6.CUR",2238,2238,628,1
"A6A3AE9EFBD9087857B9E8F48A661E50BE62A4DD","hwcursors\UnboardShip6_a.CUR",2238,2238,459,1
"A6A3AE9EFBD9087857B9E8F48A661E50BE62A4DD","hwcursors\UnboardShip_a.cur",2238,2238,400,1
"A6A3AE9EFBD9087857B9E8F48A661E50BE62A4DD","hwcursors\UseN.cur",4286,4286,2259,1
"A6A3AE9EFBD9087857B9E8F48A661E50BE62A4DD","hwcursors\UseN2.cur",4286,4286,2392,1
"A6A3AE9EFBD9087857B9E8F48A661E50BE62A4DD","hwcursors\UseN2_a.cur",4286,4286,2039,1
"A6A3AE9EFBD9087857B9E8F48A661E50BE62A4DD","hwcursors\UseN3.cur",4286,4286,2407,1
"A6A3AE9EFBD9087857B9E8F48A661E50BE62A4DD","hwcursors\UseN3plus.cur",4286,4286,2360,1
"A6A3AE9EFBD9087857B9E8F48A661E50BE62A4DD","hwcursors\UseN3plus_a.cur",4286,4286,2068,1
"A6A3AE9EFBD9087857B9E8F48A661E50BE62A4DD","hwcursors\UseN3_a.cur",4286,4286,2090,1
"A6A3AE9EFBD9087857B9E8F48A661E50BE62A4DD","hwcursors\UseN4.CUR",2238,2238,1607,1
"A6A3AE9EFBD9087857B9E8F48A661E50BE62A4DD","hwcursors\UseN4_a.CUR",2238,2238,1498,1
"A6A3AE9EFBD9087857B9E8F48A661E50BE62A4DD","hwcursors\UseN5.CUR",2238,2238,1614,1
"A6A3AE9EFBD9087857B9E8F48A661E50BE62A4DD","hwcursors\UseN5_a.CUR",2238,2238,1503,1
"A6A3AE9EFBD9087857B9E8F48A661E50BE62A4DD","hwcursors\UseN6.cur",2238,2238,1605,1
"A6A3AE9EFBD9087857B9E8F48A661E50BE62A4DD","hwcursors\UseN6_a.CUR",2238,2238,1474,1
"A6A3AE9EFBD9087857B9E8F48A661E50BE62A4DD","hwcursors\UseN_a.cur",4286,4286,2036,1
"A6A3AE9EFBD9087857B9E8F48A661E50BE62A4DD","hwcursors\wait.cur",2238,2238,873,1
"A6A3AE9EFBD9087857B9E8F48A661E50BE62A4DD","profiles\autoexec.cfg",2822,2822,905,1
"A6A3AE9EFBD9087857B9E8F48A661E50BE62A4DD","profiles\editor.cfg",300,300,145,1
"A6A3AE9EFBD9087857B9E8F48A661E50BE62A4DD","profiles\p2pdir.cfg",208,208,73,1
"A6A3AE9EFBD9087857B9E8F48A661E50BE62A4DD","profiles\start.cfg",8,8,17,1
"A6A3AE9EFBD9087857B9E8F48A661E50BE62A4DD","video\intro.xml",619,619,165,1
"A6A3AE9EFBD9087857B9E8F48A661E50BE62A4DD","video\logo-nival.ogg",2698706,2698706,2673677,1
"A6A3AE9EFBD9087857B9E8F48A661E50BE62A4DD","video\logo-ubi6.ogg",1562459,1562459,1551354,1
"A6A3AE9EFBD9087857B9E8F48A661E50BE62A4DD","video\outro.xml",200,200,135,1
"A6A3AE9EFBD9087857B9E8F48A661E50BE62A4DD","Editor\ResizeDialogStyles\CDWPropertyBrowser.xml",332,332,190,1
"A6A3AE9EFBD9087857B9E8F48A661E50BE62A4DD","Editor\ResizeDialogStyles\CMapEdWindow.xml",315,315,177,1
"A6A3AE9EFBD9087857B9E8F48A661E50BE62A4DD","Editor\ResizeDialogStyles\CNewFolderDialog.xml",255,255,175,1
"A6A3AE9EFBD9087857B9E8F48A661E50BE62A4DD","Editor\ResizeDialogStyles\CNewObjectDialog.xml",293,293,193,1
"A6A3AE9EFBD9087857B9E8F48A661E50BE62A4DD","Editor\ResizeDialogStyles\CObjectListWindow.xml",739,739,236,1
"A6A3AE9EFBD9087857B9E8F48A661E50BE62A4DD","Editor\ResizeDialogStyles\CPCBuildDataDialog.xml",340,340,202,1
"A6A3AE9EFBD9087857B9E8F48A661E50BE62A4DD","Editor\ResizeDialogStyles\CPCDBLinkDialog.xml",336,336,199,1
"A6A3AE9EFBD9087857B9E8F48A661E50BE62A4DD","Editor\ResizeDialogStyles\CSelectTablesDialog.xml",261,261,175,1
"A6A3AE9EFBD9087857B9E8F48A661E50BE62A4DD","Editor\ResizeDialogStyles\CTextEditorDialog.xml",257,257,173,1
"A6A3AE9EFBD9087857B9E8F48A661E50BE62A4DD","Editor\ResizeDialogStyles\CTileEdWindow.xml",297,297,177,1
"A6A3AE9EFBD9087857B9E8F48A661E50BE62A4DD","profiles\default_profile\input.cfg",15711,15711,3031,1
"A6A3AE9EFBD9087857B9E8F48A661E50BE62A4DD","profiles\default_profile\user.cfg",3654,3654,1080,1
"A6A3AE9EFBD9087857B9E8F48A661E50BE62A4DD","music\AdvMap-Campaign\Campaign-Academy.ogg",1099999,1099999,1087428,1
"A6A3AE9EFBD9087857B9E8F48A661E50BE62A4DD","music\AdvMap-Campaign\Campaign-Dungeon.ogg",1142890,1142890,1138856,1
"A6A3AE9EFBD9087857B9E8F48A661E50BE62A4DD","music\AdvMap-Campaign\Campaign-Haven.ogg",1134046,1134046,1132650,1
"A6A3AE9EFBD9087857B9E8F48A661E50BE62A4DD","music\AdvMap-Campaign\Campaign-Inferno.ogg",1095616,1095616,1094628,1
"A6A3AE9EFBD9087857B9E8F48A661E50BE62A4DD","music\AdvMap-Campaign\Campaign-Necropolis.ogg",1004611,1004611,1002019,1
"A6A3AE9EFBD9087857B9E8F48A661E50BE62A4DD","music\AdvMap-Campaign\Campaign-Sylvan.ogg",981540,981540,959984,1
"A6A3AE9EFBD9087857B9E8F48A661E50BE62A4DD","music\AdvMap-Heroes\Heroes-Agrael.ogg",1011901,1011901,1005509,1
"A6A3AE9EFBD9087857B9E8F48A661E50BE62A4DD","music\AdvMap-Heroes\Heroes-Biara.ogg",842615,842615,840236,1
"A6A3AE9EFBD9087857B9E8F48A661E50BE62A4DD","music\AdvMap-Heroes\Heroes-Findan.ogg",1062219,1062219,1053965,1
"A6A3AE9EFBD9087857B9E8F48A661E50BE62A4DD","music\AdvMap-Heroes\Heroes-Godric.ogg",679795,679795,673159,1
"A6A3AE9EFBD9087857B9E8F48A661E50BE62A4DD","music\AdvMap-Heroes\Heroes-Isabel.ogg",1096001,1096001,1084118,1
"A6A3AE9EFBD9087857B9E8F48A661E50BE62A4DD","music\AdvMap-Heroes\Heroes-KhaBeleth.ogg",1151701,1151701,1150343,1
"A6A3AE9EFBD9087857B9E8F48A661E50BE62A4DD","music\AdvMap-Heroes\Heroes-Markal.ogg",1138600,1138600,1126656,1
"A6A3AE9EFBD9087857B9E8F48A661E50BE62A4DD","music\AdvMap-Heroes\Heroes-Nicolai.ogg",575011,575011,566087,1
"A6A3AE9EFBD9087857B9E8F48A661E50BE62A4DD","music\AdvMap-Heroes\Heroes-NicolaiVampire.ogg",636280,636280,626632,1
"A6A3AE9EFBD9087857B9E8F48A661E50BE62A4DD","music\AdvMap-Heroes\Heroes-Raelag.ogg",1006107,1006107,992810,1
"A6A3AE9EFBD9087857B9E8F48A661E50BE62A4DD","music\AdvMap-Heroes\Heroes-Shadya.ogg",552328,552328,543923,1
"A6A3AE9EFBD9087857B9E8F48A661E50BE62A4DD","music\AdvMap-Heroes\Heroes-Tieru.ogg",651970,651970,648625,1
"A6A3AE9EFBD9087857B9E8F48A661E50BE62A4DD","music\AdvMap-Heroes\Heroes-Zehir.ogg",951025,951025,941740,1
"A6A3AE9EFBD9087857B9E8F48A661E50BE62A4DD","music\AdvMap-Terrain\Terrain-Dirt.ogg",3134124,3134124,3094241,1
"A6A3AE9EFBD9087857B9E8F48A661E50BE62A4DD","music\AdvMap-Terrain\Terrain-Grass.ogg",3155466,3155466,3115367,1
"A6A3AE9EFBD9087857B9E8F48A661E50BE62A4DD","music\AdvMap-Terrain\Terrain-Lava.ogg",3039827,3039827,3001148,1
"A6A3AE9EFBD9087857B9E8F48A661E50BE62A4DD","music\AdvMap-Terrain\Terrain-Rought.ogg",2106413,2106413,2090800,1
"A6A3AE9EFBD9087857B9E8F48A661E50BE62A4DD","music\AdvMap-Terrain\Terrain-Sand.ogg",2154629,2154629,2138039,1
"A6A3AE9EFBD9087857B9E8F48A661E50BE62A4DD","music\AdvMap-Terrain\Terrain-Swamp.ogg",2301718,2301718,2297653,1
"A6A3AE9EFBD9087857B9E8F48A661E50BE62A4DD","music\AdvMap-Terrain\Terrain-Underground.ogg",1981990,1981990,1975577,1
"A6A3AE9EFBD9087857B9E8F48A661E50BE62A4DD","music\AdvMap-Terrain\Terrain-Water.ogg",2007414,2007414,1997926,1
"A6A3AE9EFBD9087857B9E8F48A661E50BE62A4DD","music\AI-Themes\AITheme-Academy.ogg",1053442,1053442,1047468,1
"A6A3AE9EFBD9087857B9E8F48A661E50BE62A4DD","music\AI-Themes\AITheme-Dungeon.ogg",953693,953693,945732,1
"A6A3AE9EFBD9087857B9E8F48A661E50BE62A4DD","music\AI-Themes\AITheme-Haven.ogg",1001350,1001350,998937,1
"A6A3AE9EFBD9087857B9E8F48A661E50BE62A4DD","music\AI-Themes\AITheme-Inferno.ogg",999892,999892,987928,1
"A6A3AE9EFBD9087857B9E8F48A661E50BE62A4DD","music\AI-Themes\AITheme-Necropolis.ogg",1040102,1040102,1012603,1
"A6A3AE9EFBD9087857B9E8F48A661E50BE62A4DD","music\AI-Themes\AITheme-Sylvan.ogg",1219663,1219663,1218412,1
"A6A3AE9EFBD9087857B9E8F48A661E50BE62A4DD","music\Battle-Themes\Battle-Academy.ogg",2307540,2307540,2293580,1
"A6A3AE9EFBD9087857B9E8F48A661E50BE62A4DD","music\Battle-Themes\Battle-Dungeon.ogg",2151979,2151979,2142216,1
"A6A3AE9EFBD9087857B9E8F48A661E50BE62A4DD","music\Battle-Themes\Battle-Haven.ogg",1772622,1772622,1769702,1
"A6A3AE9EFBD9087857B9E8F48A661E50BE62A4DD","music\Battle-Themes\Battle-Haven2.ogg",2150171,2150171,2140192,1
"A6A3AE9EFBD9087857B9E8F48A661E50BE62A4DD","music\Battle-Themes\Battle-Inferno.ogg",2059498,2059498,2051323,1
"A6A3AE9EFBD9087857B9E8F48A661E50BE62A4DD","music\Battle-Themes\Battle-Inferno2.ogg",1496638,1496638,1487121,1
"A6A3AE9EFBD9087857B9E8F48A661E50BE62A4DD","music\Battle-Themes\Battle-Necropolis.ogg",1975689,1975689,1968124,1
"A6A3AE9EFBD9087857B9E8F48A661E50BE62A4DD","music\Battle-Themes\Battle-Neutral.ogg",2131662,2131662,2122714,1
"A6A3AE9EFBD9087857B9E8F48A661E50BE62A4DD","music\Battle-Themes\Battle-Sylvan.ogg",2267795,2267795,2260982,1
"A6A3AE9EFBD9087857B9E8F48A661E50BE62A4DD","music\Credits\Final-Credits.ogg",2766309,2766309,2748206,1
"A6A3AE9EFBD9087857B9E8F48A661E50BE62A4DD","music\CS\d.d",0,0,0,1
"A6A3AE9EFBD9087857B9E8F48A661E50BE62A4DD","music\DS\Intro.ogg",2055775,2055775,2044146,1
"A6A3AE9EFBD9087857B9E8F48A661E50BE62A4DD","music\Dwellings\Dwelling-Academy.ogg",173739,173739,170127,1
"A6A3AE9EFBD9087857B9E8F48A661E50BE62A4DD","music\Dwellings\Dwelling-Dungeon.ogg",286212,286212,284678,1
"A6A3AE9EFBD9087857B9E8F48A661E50BE62A4DD","music\Dwellings\Dwelling-Haven.ogg",248498,248498,245121,1
"A6A3AE9EFBD9087857B9E8F48A661E50BE62A4DD","music\Dwellings\Dwelling-Inferno.ogg",362130,362130,360746,1
"A6A3AE9EFBD9087857B9E8F48A661E50BE62A4DD","music\Dwellings\Dwelling-Necropolis.ogg",259285,259285,257168,1
"A6A3AE9EFBD9087857B9E8F48A661E50BE62A4DD","music\Dwellings\Dwelling-Neutral.ogg",240150,240150,237769,1
"A6A3AE9EFBD9087857B9E8F48A661E50BE62A4DD","music\Dwellings\Dwelling-Sylvan.ogg",250905,250905,249385,1
"A6A3AE9EFBD9087857B9E8F48A661E50BE62A4DD","music\Grail-Theme\Grail-Theme.ogg",329203,329203,326896,1
"A6A3AE9EFBD9087857B9E8F48A661E50BE62A4DD","music\Lose-Battle\LoseBattle-Academy.ogg",228746,228746,227757,1
"A6A3AE9EFBD9087857B9E8F48A661E50BE62A4DD","music\Lose-Battle\LoseBattle-Dungeon.ogg",195070,195070,193205,1
"A6A3AE9EFBD9087857B9E8F48A661E50BE62A4DD","music\Lose-Battle\LoseBattle-Haven.ogg",171700,171700,170422,1
"A6A3AE9EFBD9087857B9E8F48A661E50BE62A4DD","music\Lose-Battle\LoseBattle-Inferno.ogg",241793,241793,239348,1
"A6A3AE9EFBD9087857B9E8F48A661E50BE62A4DD","music\Lose-Battle\LoseBattle-Necropolis.ogg",187317,187317,186374,1
"A6A3AE9EFBD9087857B9E8F48A661E50BE62A4DD","music\Lose-Battle\LoseBattle-Sylvan.ogg",170482,170482,169346,1
"A6A3AE9EFBD9087857B9E8F48A661E50BE62A4DD","music\Lose-Campaign\LoseCampaign-Academy.ogg",300687,300687,299362,1
"A6A3AE9EFBD9087857B9E8F48A661E50BE62A4DD","music\Lose-Campaign\LoseCampaign-Dungeon.ogg",408321,408321,405339,1
"A6A3AE9EFBD9087857B9E8F48A661E50BE62A4DD","music\Lose-Campaign\LoseCampaign-Haven.ogg",237210,237210,235758,1
"A6A3AE9EFBD9087857B9E8F48A661E50BE62A4DD","music\Lose-Campaign\LoseCampaign-Inferno.ogg",299450,299450,298278,1
"A6A3AE9EFBD9087857B9E8F48A661E50BE62A4DD","music\Lose-Campaign\LoseCampaign-Necropolis.ogg",273583,273583,271921,1
"A6A3AE9EFBD9087857B9E8F48A661E50BE62A4DD","music\Lose-Campaign\LoseCampaign-Sylvan.ogg",250211,250211,247141,1
"A6A3AE9EFBD9087857B9E8F48A661E50BE62A4DD","music\MainMenu\MainMenu-Theme.ogg",3174754,3174754,3164212,1
"A6A3AE9EFBD9087857B9E8F48A661E50BE62A4DD","music\MainMenu\MP-MainMenu-Theme.ogg",2946635,2946635,2921523,1
"A6A3AE9EFBD9087857B9E8F48A661E50BE62A4DD","music\Retreat-Battle\RetreatBattle-Academy.ogg",119314,119314,118372,1
"A6A3AE9EFBD9087857B9E8F48A661E50BE62A4DD","music\Retreat-Battle\RetreatBattle-Dungeon.ogg",143827,143827,142859,1
"A6A3AE9EFBD9087857B9E8F48A661E50BE62A4DD","music\Retreat-Battle\RetreatBattle-Haven.ogg",117176,117176,116157,1
"A6A3AE9EFBD9087857B9E8F48A661E50BE62A4DD","music\Retreat-Battle\RetreatBattle-Inferno.ogg",155898,155898,154665,1
"A6A3AE9EFBD9087857B9E8F48A661E50BE62A4DD","music\Retreat-Battle\RetreatBattle-Necropolis.ogg",70724,70724,69948,1
"A6A3AE9EFBD9087857B9E8F48A661E50BE62A4DD","music\Retreat-Battle\RetreatBattle-Sylvan.ogg",116419,116419,114960,1
"A6A3AE9EFBD9087857B9E8F48A661E50BE62A4DD","music\Siege-Battle\Siege-Academy.ogg",1006679,1006679,1005358,1
"A6A3AE9EFBD9087857B9E8F48A661E50BE62A4DD","music\Siege-Battle\Siege-Dungeon.ogg",1138081,1138081,1137167,1
"A6A3AE9EFBD9087857B9E8F48A661E50BE62A4DD","music\Siege-Battle\Siege-Haven.ogg",1022418,1022418,1020470,1
"A6A3AE9EFBD9087857B9E8F48A661E50BE62A4DD","music\Siege-Battle\Siege-Inferno.ogg",1069029,1069029,1067954,1
"A6A3AE9EFBD9087857B9E8F48A661E50BE62A4DD","music\Siege-Battle\Siege-Necropolis.ogg",1020433,1020433,1017133,1
"A6A3AE9EFBD9087857B9E8F48A661E50BE62A4DD","music\Siege-Battle\Siege-Sylvan.ogg",1076708,1076708,1075618,1
"A6A3AE9EFBD9087857B9E8F48A661E50BE62A4DD","music\Tavern-Themes\Tavern-Academy.ogg",521561,521561,513877,1
"A6A3AE9EFBD9087857B9E8F48A661E50BE62A4DD","music\Tavern-Themes\Tavern-Dungeon.ogg",496603,496603,484320,1
"A6A3AE9EFBD9087857B9E8F48A661E50BE62A4DD","music\Tavern-Themes\Tavern-Haven.ogg",541954,541954,533685,1
"A6A3AE9EFBD9087857B9E8F48A661E50BE62A4DD","music\Tavern-Themes\Tavern-Inferno.ogg",481631,481631,473888,1
"A6A3AE9EFBD9087857B9E8F48A661E50BE62A4DD","music\Tavern-Themes\Tavern-Necropolis.ogg",470020,470020,462379,1
"A6A3AE9EFBD9087857B9E8F48A661E50BE62A4DD","music\Tavern-Themes\Tavern-Sylvan.ogg",447391,447391,445941,1
"A6A3AE9EFBD9087857B9E8F48A661E50BE62A4DD","music\Town-Themes\Town-Academy.ogg",3993676,3993676,3951380,1
"A6A3AE9EFBD9087857B9E8F48A661E50BE62A4DD","music\Town-Themes\Town-Dungeon.ogg",2046217,2046217,2029037,1
"A6A3AE9EFBD9087857B9E8F48A661E50BE62A4DD","music\Town-Themes\Town-Haven.ogg",3119860,3119860,3091929,1
"A6A3AE9EFBD9087857B9E8F48A661E50BE62A4DD","music\Town-Themes\Town-Inferno.ogg",2124696,2124696,2113987,1
"A6A3AE9EFBD9087857B9E8F48A661E50BE62A4DD","music\Town-Themes\Town-Necropolis.ogg",2439127,2439127,2431867,1
"A6A3AE9EFBD9087857B9E8F48A661E50BE62A4DD","music\Town-Themes\Town-Sylvan.ogg",2384357,2384357,2380730,1
"A6A3AE9EFBD9087857B9E8F48A661E50BE62A4DD","music\Win-Battle\WinBattle-Academy.ogg",190088,190088,188308,1
"A6A3AE9EFBD9087857B9E8F48A661E50BE62A4DD","music\Win-Battle\WinBattle-Dungeon.ogg",154080,154080,148630,1
"A6A3AE9EFBD9087857B9E8F48A661E50BE62A4DD","music\Win-Battle\WinBattle-Haven.ogg",180131,180131,175965,1
"A6A3AE9EFBD9087857B9E8F48A661E50BE62A4DD","music\Win-Battle\WinBattle-Inferno.ogg",277191,277191,276181,1
"A6A3AE9EFBD9087857B9E8F48A661E50BE62A4DD","music\Win-Battle\WinBattle-Necropolis.ogg",183122,183122,182076,1
"A6A3AE9EFBD9087857B9E8F48A661E50BE62A4DD","music\Win-Battle\WinBattle-Sylvan.ogg",134438,134438,132860,1
"A6A3AE9EFBD9087857B9E8F48A661E50BE62A4DD","music\Win-Campaign\WinCampaign-Academy.ogg",222272,222272,219196,1
"A6A3AE9EFBD9087857B9E8F48A661E50BE62A4DD","music\Win-Campaign\WinCampaign-Dungeon.ogg",341144,341144,337989,1
"A6A3AE9EFBD9087857B9E8F48A661E50BE62A4DD","music\Win-Campaign\WinCampaign-Haven.ogg",231175,231175,228555,1
"A6A3AE9EFBD9087857B9E8F48A661E50BE62A4DD","music\Win-Campaign\WinCampaign-Inferno.ogg",184837,184837,182628,1
"A6A3AE9EFBD9087857B9E8F48A661E50BE62A4DD","music\Win-Campaign\WinCampaign-Necropolis.ogg",255921,255921,253510,1
"A6A3AE9EFBD9087857B9E8F48A661E50BE62A4DD","music\Win-Campaign\WinCampaign-Sylvan.ogg",236785,236785,234879,1
"A6A3AE9EFBD9087857B9E8F48A661E50BE62A4DD","support\DirectX\Apr2005_d3dx9_25_x64.cab",1348242,1348242,1345371,1
"A6A3AE9EFBD9087857B9E8F48A661E50BE62A4DD","support\DirectX\Apr2005_d3dx9_25_x86.cab",1079850,1079850,1074480,1
"A6A3AE9EFBD9087857B9E8F48A661E50BE62A4DD","support\DirectX\Apr2006_d3dx9_30_x64.cab",1398718,1398718,1395778,1
"A6A3AE9EFBD9087857B9E8F48A661E50BE62A4DD","support\DirectX\Apr2006_d3dx9_30_x86.cab",1116109,1116109,1111013,1
"A6A3AE9EFBD9087857B9E8F48A661E50BE62A4DD","support\DirectX\Apr2006_MDX1_x86.cab",917318,917318,910337,1
"A6A3AE9EFBD9087857B9E8F48A661E50BE62A4DD","support\DirectX\Apr2006_MDX1_x86_Archive.cab",4163518,4163518,4153655,1
"A6A3AE9EFBD9087857B9E8F48A661E50BE62A4DD","support\DirectX\Apr2006_xact_x64.cab",180021,180021,177697,1
"A6A3AE9EFBD9087857B9E8F48A661E50BE62A4DD","support\DirectX\Apr2006_xact_x86.cab",133991,133991,131500,1
"A6A3AE9EFBD9087857B9E8F48A661E50BE62A4DD","support\DirectX\Apr2006_xinput_x64.cab",87989,87989,85609,1
"A6A3AE9EFBD9087857B9E8F48A661E50BE62A4DD","support\DirectX\Apr2006_xinput_x86.cab",46898,46898,44468,1
"A6A3AE9EFBD9087857B9E8F48A661E50BE62A4DD","support\DirectX\Aug2005_d3dx9_27_x64.cab",1351430,1351430,1349107,1
"A6A3AE9EFBD9087857B9E8F48A661E50BE62A4DD","support\DirectX\Aug2005_d3dx9_27_x86.cab",1078532,1078532,1073452,1
"A6A3AE9EFBD9087857B9E8F48A661E50BE62A4DD","support\DirectX\BDA.cab",703080,703080,698452,1
"A6A3AE9EFBD9087857B9E8F48A661E50BE62A4DD","support\DirectX\BDANT.cab",1156363,1156363,1151169,1
"A6A3AE9EFBD9087857B9E8F48A661E50BE62A4DD","support\DirectX\BDAXP.cab",976020,976020,971868,1
"A6A3AE9EFBD9087857B9E8F48A661E50BE62A4DD","support\DirectX\Dec2005_d3dx9_28_x64.cab",1358864,1358864,1355947,1
"A6A3AE9EFBD9087857B9E8F48A661E50BE62A4DD","support\DirectX\Dec2005_d3dx9_28_x86.cab",1080344,1080344,1075228,1
"A6A3AE9EFBD9087857B9E8F48A661E50BE62A4DD","support\DirectX\DirectX.cab",15493481,15493481,15435533,1
"A6A3AE9EFBD9087857B9E8F48A661E50BE62A4DD","support\DirectX\DSETUP.dll",74448,74448,37469,1
"A6A3AE9EFBD9087857B9E8F48A661E50BE62A4DD","support\DirectX\dsetup32.dll",2248912,2248912,131719,1
"A6A3AE9EFBD9087857B9E8F48A661E50BE62A4DD","support\DirectX\dxdllreg_x86.cab",41890,41890,39478,1
"A6A3AE9EFBD9087857B9E8F48A661E50BE62A4DD","support\DirectX\dxnt.cab",13265040,13265040,13198257,1
"A6A3AE9EFBD9087857B9E8F48A661E50BE62A4DD","support\DirectX\DXSETUP.exe",484560,484560,92061,1
"A6A3AE9EFBD9087857B9E8F48A661E50BE62A4DD","support\DirectX\dxupdate.cab",81733,81733,79315,1
"A6A3AE9EFBD9087857B9E8F48A661E50BE62A4DD","support\DirectX\Feb2005_d3dx9_24_x64.cab",1248387,1248387,1245540,1
"A6A3AE9EFBD9087857B9E8F48A661E50BE62A4DD","support\DirectX\Feb2005_d3dx9_24_x86.cab",1014113,1014113,1008959,1
"A6A3AE9EFBD9087857B9E8F48A661E50BE62A4DD","support\DirectX\Feb2006_d3dx9_29_x64.cab",1363684,1363684,1360810,1
"A6A3AE9EFBD9087857B9E8F48A661E50BE62A4DD","support\DirectX\Feb2006_d3dx9_29_x86.cab",1085608,1085608,1080314,1
"A6A3AE9EFBD9087857B9E8F48A661E50BE62A4DD","support\DirectX\Feb2006_xact_x64.cab",179247,179247,176905,1
"A6A3AE9EFBD9087857B9E8F48A661E50BE62A4DD","support\DirectX\Feb2006_xact_x86.cab",133297,133297,130768,1
"A6A3AE9EFBD9087857B9E8F48A661E50BE62A4DD","support\DirectX\Jun2005_d3dx9_26_x64.cab",1336890,1336890,1333940,1
"A6A3AE9EFBD9087857B9E8F48A661E50BE62A4DD","support\DirectX\Jun2005_d3dx9_26_x86.cab",1065813,1065813,1060514,1
"A6A3AE9EFBD9087857B9E8F48A661E50BE62A4DD","support\DirectX\Oct2005_xinput_x64.cab",86925,86925,84481,1
"A6A3AE9EFBD9087857B9E8F48A661E50BE62A4DD","support\DirectX\Oct2005_xinput_x86.cab",46247,46247,43811,1
"A6A3AE9EFBD9087857B9E8F48A661E50BE62A4DD","support\inst\cp_manual.bat",1064,1064,424,1
"A6A3AE9EFBD9087857B9E8F48A661E50BE62A4DD","support\inst\delete_manual.bat",391,391,185,1
"A6A3AE9EFBD9087857B9E8F48A661E50BE62A4DD","support\redist\vc_redist.x86.exe",13767776,13767776,13295931,1
"A6A3AE9EFBD9087857B9E8F48A661E50BE62A4DD","support\inst\gdf\FirewallInstall.exe",85608,85608,43324,1
"A6A3AE9EFBD9087857B9E8F48A661E50BE62A4DD","support\inst\gdf\FirewallInstallHelper.dll",55400,55400,25435,1
"A6A3AE9EFBD9087857B9E8F48A661E50BE62A4DD","support\inst\gdf\GameuxInstallHelper.dll",111240,111240,47689,1
"A6A3AE9EFBD9087857B9E8F48A661E50BE62A4DD","support\inst\gdf\GDFInstaller.exe",28776,28776,13773,1
"A6A3AE9EFBD9087857B9E8F48A661E50BE62A4DD","support\redist\vs2019\vc_redist.x86.exe",13949616,13949616,12830029,1
"A6A3AE9EFBD9087857B9E8F48A661E50BE62A4DD","Editor\IconCache\AdvMapObjectLink\MapObjects\_(AdvMapObjectLink)\Artifacts\Angel_Wings",17541,17541,5536,1
"A6A3AE9EFBD9087857B9E8F48A661E50BE62A4DD","Editor\IconCache\AdvMapObjectLink\MapObjects\_(AdvMapObjectLink)\Artifacts\Artefact.(AdvMapObjectLink)",17506,17506,4039,1
"A6A3AE9EFBD9087857B9E8F48A661E50BE62A4DD","Editor\IconCache\AdvMapObjectLink\MapObjects\_(AdvMapObjectLink)\Artifacts\Band_of_Conjurer",17606,17606,4874,1
"A6A3AE9EFBD9087857B9E8F48A661E50BE62A4DD","Editor\IconCache\AdvMapObjectLink\MapObjects\_(AdvMapObjectLink)\Artifacts\bonestuder_leather",17568,17568,6872,1
"A6A3AE9EFBD9087857B9E8F48A661E50BE62A4DD","Editor\IconCache\AdvMapObjectLink\MapObjects\_(AdvMapObjectLink)\Artifacts\Boots_of_Interference",17537,17537,7843,1
"A6A3AE9EFBD9087857B9E8F48A661E50BE62A4DD","Editor\IconCache\AdvMapObjectLink\MapObjects\_(AdvMapObjectLink)\Artifacts\Boots_of_Levitation",17524,17524,5397,1
"A6A3AE9EFBD9087857B9E8F48A661E50BE62A4DD","Editor\IconCache\AdvMapObjectLink\MapObjects\_(AdvMapObjectLink)\Artifacts\Boots_of_Speed",17540,17540,5413,1
"A6A3AE9EFBD9087857B9E8F48A661E50BE62A4DD","Editor\IconCache\AdvMapObjectLink\MapObjects\_(AdvMapObjectLink)\Artifacts\Boots_of_Swiftness",17527,17527,6301,1
"A6A3AE9EFBD9087857B9E8F48A661E50BE62A4DD","Editor\IconCache\AdvMapObjectLink\MapObjects\_(AdvMapObjectLink)\Artifacts\Breastplate_of_Petrified_Wood",17537,17537,6071,1
"A6A3AE9EFBD9087857B9E8F48A661E50BE62A4DD","Editor\IconCache\AdvMapObjectLink\MapObjects\_(AdvMapObjectLink)\Artifacts\Chain_Mail_of_Enlightenment",17556,17556,6419,1
"A6A3AE9EFBD9087857B9E8F48A661E50BE62A4DD","Editor\IconCache\AdvMapObjectLink\MapObjects\_(AdvMapObjectLink)\Artifacts\Cloak_of_mourning",17553,17553,5921,1
"A6A3AE9EFBD9087857B9E8F48A661E50BE62A4DD","Editor\IconCache\AdvMapObjectLink\MapObjects\_(AdvMapObjectLink)\Artifacts\Crown_of_Courage",17528,17528,6546,1
"A6A3AE9EFBD9087857B9E8F48A661E50BE62A4DD","Editor\IconCache\AdvMapObjectLink\MapObjects\_(AdvMapObjectLink)\Artifacts\Crown_of_Magi_2_",17525,17525,6522,1
"A6A3AE9EFBD9087857B9E8F48A661E50BE62A4DD","Editor\IconCache\AdvMapObjectLink\MapObjects\_(AdvMapObjectLink)\Artifacts\Crown_of_Many_Eyes",17535,17535,5116,1
"A6A3AE9EFBD9087857B9E8F48A661E50BE62A4DD","Editor\IconCache\AdvMapObjectLink\MapObjects\_(AdvMapObjectLink)\Artifacts\Dragon_Bone_Greaves",17603,17603,7991,1
"A6A3AE9EFBD9087857B9E8F48A661E50BE62A4DD","Editor\IconCache\AdvMapObjectLink\MapObjects\_(AdvMapObjectLink)\Artifacts\Dragon_Eye_Ring",17589,17589,4077,1
"A6A3AE9EFBD9087857B9E8F48A661E50BE62A4DD","Editor\IconCache\AdvMapObjectLink\MapObjects\_(AdvMapObjectLink)\Artifacts\Dragon_Flame_Tongue",17582,17582,3257,1
"A6A3AE9EFBD9087857B9E8F48A661E50BE62A4DD","Editor\IconCache\AdvMapObjectLink\MapObjects\_(AdvMapObjectLink)\Artifacts\Dragon_Scale_Armor",17590,17590,8095,1
"A6A3AE9EFBD9087857B9E8F48A661E50BE62A4DD","Editor\IconCache\AdvMapObjectLink\MapObjects\_(AdvMapObjectLink)\Artifacts\Dragon_Scale_Shield",17592,17592,6465,1
"A6A3AE9EFBD9087857B9E8F48A661E50BE62A4DD","Editor\IconCache\AdvMapObjectLink\MapObjects\_(AdvMapObjectLink)\Artifacts\Dragon_Talon_Crown",17591,17591,6612,1
"A6A3AE9EFBD9087857B9E8F48A661E50BE62A4DD","Editor\IconCache\AdvMapObjectLink\MapObjects\_(AdvMapObjectLink)\Artifacts\Dragon_Teeth_Necklace",17590,17590,5711,1
"A6A3AE9EFBD9087857B9E8F48A661E50BE62A4DD","Editor\IconCache\AdvMapObjectLink\MapObjects\_(AdvMapObjectLink)\Artifacts\Dragon_Wing_Mantle",17591,17591,7506,1
"A6A3AE9EFBD9087857B9E8F48A661E50BE62A4DD","Editor\IconCache\AdvMapObjectLink\MapObjects\_(AdvMapObjectLink)\Artifacts\Dwarven_Mithral_Cuirass",17600,17600,9418,1
"A6A3AE9EFBD9087857B9E8F48A661E50BE62A4DD","Editor\IconCache\AdvMapObjectLink\MapObjects\_(AdvMapObjectLink)\Artifacts\dwarven_mithral_helmet",17595,17595,6544,1
"A6A3AE9EFBD9087857B9E8F48A661E50BE62A4DD","Editor\IconCache\AdvMapObjectLink\MapObjects\_(AdvMapObjectLink)\Artifacts\dwarven_mitral_shield",17596,17596,9273,1
"A6A3AE9EFBD9087857B9E8F48A661E50BE62A4DD","Editor\IconCache\AdvMapObjectLink\MapObjects\_(AdvMapObjectLink)\Artifacts\Dwarwen_Mithral_Greaves",17594,17594,7467,1
"A6A3AE9EFBD9087857B9E8F48A661E50BE62A4DD","Editor\IconCache\AdvMapObjectLink\MapObjects\_(AdvMapObjectLink)\Artifacts\Earth_sliders",17522,17522,5739,1
"A6A3AE9EFBD9087857B9E8F48A661E50BE62A4DD","Editor\IconCache\AdvMapObjectLink\MapObjects\_(AdvMapObjectLink)\Artifacts\Endless_Bag_of_Gold",17545,17545,6402,1
"A6A3AE9EFBD9087857B9E8F48A661E50BE62A4DD","Editor\IconCache\AdvMapObjectLink\MapObjects\_(AdvMapObjectLink)\Artifacts\Endless_Sack_of_Gold",17540,17540,7818,1
"A6A3AE9EFBD9087857B9E8F48A661E50BE62A4DD","Editor\IconCache\AdvMapObjectLink\MapObjects\_(AdvMapObjectLink)\Artifacts\Evercold_Icicle_big",17533,17533,2512,1
"A6A3AE9EFBD9087857B9E8F48A661E50BE62A4DD","Editor\IconCache\AdvMapObjectLink\MapObjects\_(AdvMapObjectLink)\Artifacts\Four_Leaf_Clover",17516,17516,5895,1
"A6A3AE9EFBD9087857B9E8F48A661E50BE62A4DD","Editor\IconCache\AdvMapObjectLink\MapObjects\_(AdvMapObjectLink)\Artifacts\Golden_Horseshoe",17516,17516,4400,1
"A6A3AE9EFBD9087857B9E8F48A661E50BE62A4DD","Editor\IconCache\AdvMapObjectLink\MapObjects\_(AdvMapObjectLink)\Artifacts\Golden_Sextant",17541,17541,4901,1
"A6A3AE9EFBD9087857B9E8F48A661E50BE62A4DD","Editor\IconCache\AdvMapObjectLink\MapObjects\_(AdvMapObjectLink)\Artifacts\Graal",17645,17645,6333,1
"A6A3AE9EFBD9087857B9E8F48A661E50BE62A4DD","Editor\IconCache\AdvMapObjectLink\MapObjects\_(AdvMapObjectLink)\Artifacts\Great_Axe_of_Giant_Slaying",17529,17529,4540,1
"A6A3AE9EFBD9087857B9E8F48A661E50BE62A4DD","Editor\IconCache\AdvMapObjectLink\MapObjects\_(AdvMapObjectLink)\Artifacts\Helm_of_Chaos",17558,17558,5897,1
"A6A3AE9EFBD9087857B9E8F48A661E50BE62A4DD","Editor\IconCache\AdvMapObjectLink\MapObjects\_(AdvMapObjectLink)\Artifacts\Helm_of_Enlightenment",17552,17552,5305,1
"A6A3AE9EFBD9087857B9E8F48A661E50BE62A4DD","Editor\IconCache\AdvMapObjectLink\MapObjects\_(AdvMapObjectLink)\Artifacts\Iceberg_Shield",17590,17590,8015,1
"A6A3AE9EFBD9087857B9E8F48A661E50BE62A4DD","Editor\IconCache\AdvMapObjectLink\MapObjects\_(AdvMapObjectLink)\Artifacts\Jinxing_Band",17515,17515,3178,1
"A6A3AE9EFBD9087857B9E8F48A661E50BE62A4DD","Editor\IconCache\AdvMapObjectLink\MapObjects\_(AdvMapObjectLink)\Artifacts\Lion_Hide_Cape",17525,17525,7135,1
"A6A3AE9EFBD9087857B9E8F48A661E50BE62A4DD","Editor\IconCache\AdvMapObjectLink\MapObjects\_(AdvMapObjectLink)\Artifacts\Moonblade",17531,17531,4147,1
"A6A3AE9EFBD9087857B9E8F48A661E50BE62A4DD","Editor\IconCache\AdvMapObjectLink\MapObjects\_(AdvMapObjectLink)\Artifacts\Necklace_of_Bravery",17522,17522,6203,1
"A6A3AE9EFBD9087857B9E8F48A661E50BE62A4DD","Editor\IconCache\AdvMapObjectLink\MapObjects\_(AdvMapObjectLink)\Artifacts\Necklace_of_Power",17538,17538,5212,1
"A6A3AE9EFBD9087857B9E8F48A661E50BE62A4DD","Editor\IconCache\AdvMapObjectLink\MapObjects\_(AdvMapObjectLink)\Artifacts\Necro_pedant",17520,17520,3395,1
"A6A3AE9EFBD9087857B9E8F48A661E50BE62A4DD","Editor\IconCache\AdvMapObjectLink\MapObjects\_(AdvMapObjectLink)\Artifacts\Nightmarish_Ring",17544,17544,3241,1
"A6A3AE9EFBD9087857B9E8F48A661E50BE62A4DD","Editor\IconCache\AdvMapObjectLink\MapObjects\_(AdvMapObjectLink)\Artifacts\OrbOfLight",17489,17489,9514,1
"A6A3AE9EFBD9087857B9E8F48A661E50BE62A4DD","Editor\IconCache\AdvMapObjectLink\MapObjects\_(AdvMapObjectLink)\Artifacts\Pendant_of_Mastery",17616,17616,4722,1
"A6A3AE9EFBD9087857B9E8F48A661E50BE62A4DD","Editor\IconCache\AdvMapObjectLink\MapObjects\_(AdvMapObjectLink)\Artifacts\Phoenix_feather_cape",17538,17538,6014,1
"A6A3AE9EFBD9087857B9E8F48A661E50BE62A4DD","Editor\IconCache\AdvMapObjectLink\MapObjects\_(AdvMapObjectLink)\Artifacts\Plate_Mail_of_Stability",17585,17585,9449,1
"A6A3AE9EFBD9087857B9E8F48A661E50BE62A4DD","Editor\IconCache\AdvMapObjectLink\MapObjects\_(AdvMapObjectLink)\Artifacts\Random-Any",17489,17489,5399,1
"A6A3AE9EFBD9087857B9E8F48A661E50BE62A4DD","Editor\IconCache\AdvMapObjectLink\MapObjects\_(AdvMapObjectLink)\Artifacts\Random-Major",17491,17491,7072,1
"A6A3AE9EFBD9087857B9E8F48A661E50BE62A4DD","Editor\IconCache\AdvMapObjectLink\MapObjects\_(AdvMapObjectLink)\Artifacts\Random-Minor",17491,17491,6609,1
"A6A3AE9EFBD9087857B9E8F48A661E50BE62A4DD","Editor\IconCache\AdvMapObjectLink\MapObjects\_(AdvMapObjectLink)\Artifacts\Random-Relic",17491,17491,6794,1
"A6A3AE9EFBD9087857B9E8F48A661E50BE62A4DD","Editor\IconCache\AdvMapObjectLink\MapObjects\_(AdvMapObjectLink)\Artifacts\Rigid_Mantle",17542,17542,7905,1
"A6A3AE9EFBD9087857B9E8F48A661E50BE62A4DD","Editor\IconCache\AdvMapObjectLink\MapObjects\_(AdvMapObjectLink)\Artifacts\RingOfHaste",17542,17542,1183,1
"A6A3AE9EFBD9087857B9E8F48A661E50BE62A4DD","Editor\IconCache\AdvMapObjectLink\MapObjects\_(AdvMapObjectLink)\Artifacts\Ring_death",17534,17534,2423,1
"A6A3AE9EFBD9087857B9E8F48A661E50BE62A4DD","Editor\IconCache\AdvMapObjectLink\MapObjects\_(AdvMapObjectLink)\Artifacts\Ring_of_Celerity",17538,17538,2958,1
"A6A3AE9EFBD9087857B9E8F48A661E50BE62A4DD","Editor\IconCache\AdvMapObjectLink\MapObjects\_(AdvMapObjectLink)\Artifacts\Ring_of_Life",17562,17562,3414,1
"A6A3AE9EFBD9087857B9E8F48A661E50BE62A4DD","Editor\IconCache\AdvMapObjectLink\MapObjects\_(AdvMapObjectLink)\Artifacts\Ring_of_Lightning_Protection",17559,17559,2804,1
"A6A3AE9EFBD9087857B9E8F48A661E50BE62A4DD","Editor\IconCache\AdvMapObjectLink\MapObjects\_(AdvMapObjectLink)\Artifacts\Ring_of_Magi",17547,17547,2891,1
"A6A3AE9EFBD9087857B9E8F48A661E50BE62A4DD","Editor\IconCache\AdvMapObjectLink\MapObjects\_(AdvMapObjectLink)\Artifacts\Robe_Magi",17525,17525,6990,1
"A6A3AE9EFBD9087857B9E8F48A661E50BE62A4DD","Editor\IconCache\AdvMapObjectLink\MapObjects\_(AdvMapObjectLink)\Artifacts\Sandals_of_the_Saint",17531,17531,6479,1
"A6A3AE9EFBD9087857B9E8F48A661E50BE62A4DD","Editor\IconCache\AdvMapObjectLink\MapObjects\_(AdvMapObjectLink)\Artifacts\Scroll",17579,17579,6559,1
"A6A3AE9EFBD9087857B9E8F48A661E50BE62A4DD","Editor\IconCache\AdvMapObjectLink\MapObjects\_(AdvMapObjectLink)\Artifacts\Shackles_of_War",17562,17562,3521,1
"A6A3AE9EFBD9087857B9E8F48A661E50BE62A4DD","Editor\IconCache\AdvMapObjectLink\MapObjects\_(AdvMapObjectLink)\Artifacts\Shawl_of_a_Great_Lich",17533,17533,6326,1
"A6A3AE9EFBD9087857B9E8F48A661E50BE62A4DD","Editor\IconCache\AdvMapObjectLink\MapObjects\_(AdvMapObjectLink)\Artifacts\Skull_Helmet",17529,17529,6261,1
"A6A3AE9EFBD9087857B9E8F48A661E50BE62A4DD","Editor\IconCache\AdvMapObjectLink\MapObjects\_(AdvMapObjectLink)\Artifacts\Staff_of_Magi",17589,17589,3151,1
"A6A3AE9EFBD9087857B9E8F48A661E50BE62A4DD","Editor\IconCache\AdvMapObjectLink\MapObjects\_(AdvMapObjectLink)\Artifacts\Staff_of_Vexings",17550,17550,2962,1
"A6A3AE9EFBD9087857B9E8F48A661E50BE62A4DD","Editor\IconCache\AdvMapObjectLink\MapObjects\_(AdvMapObjectLink)\Artifacts\Sword_of_Ruins",17518,17518,3113,1
"A6A3AE9EFBD9087857B9E8F48A661E50BE62A4DD","Editor\IconCache\AdvMapObjectLink\MapObjects\_(AdvMapObjectLink)\Artifacts\Tank.(AdvMapObjectLink)",17502,17502,5138,1
"A6A3AE9EFBD9087857B9E8F48A661E50BE62A4DD","Editor\IconCache\AdvMapObjectLink\MapObjects\_(AdvMapObjectLink)\Artifacts\Titans_Trident",17544,17544,1871,1
"A6A3AE9EFBD9087857B9E8F48A661E50BE62A4DD","Editor\IconCache\AdvMapObjectLink\MapObjects\_(AdvMapObjectLink)\Artifacts\Twisted_Neither",17564,17564,3326,1
"A6A3AE9EFBD9087857B9E8F48A661E50BE62A4DD","Editor\IconCache\AdvMapObjectLink\MapObjects\_(AdvMapObjectLink)\Artifacts\Unicorn_Horn_Bow",17557,17557,3218,1
"A6A3AE9EFBD9087857B9E8F48A661E50BE62A4DD","Editor\IconCache\AdvMapObjectLink\MapObjects\_(AdvMapObjectLink)\Artifacts\Valorius_Armor",17529,17529,7473,1
"A6A3AE9EFBD9087857B9E8F48A661E50BE62A4DD","Editor\IconCache\AdvMapObjectLink\MapObjects\_(AdvMapObjectLink)\Artifacts\Wand_of_",17695,17695,2287,1
"A6A3AE9EFBD9087857B9E8F48A661E50BE62A4DD","Editor\IconCache\AdvMapObjectLink\MapObjects\_(AdvMapObjectLink)\Artifacts\Wayfarer_Boots",17561,17561,6918,1
"A6A3AE9EFBD9087857B9E8F48A661E50BE62A4DD","Editor\IconCache\AdvMapObjectLink\MapObjects\_(AdvMapObjectLink)\Artifacts\Werewolf_Claw_Necklace",17553,17553,5109,1
"A6A3AE9EFBD9087857B9E8F48A661E50BE62A4DD","Editor\IconCache\AdvMapObjectLink\MapObjects\_(AdvMapObjectLink)\Artifacts\Whispering_Ring",17588,17588,3063,1
"A6A3AE9EFBD9087857B9E8F48A661E50BE62A4DD","Editor\IconCache\AdvMapObjectLink\MapObjects\_(AdvMapObjectLink)\Heroes\Agrael",17485,17485,4033,1
"A6A3AE9EFBD9087857B9E8F48A661E50BE62A4DD","Editor\IconCache\AdvMapObjectLink\MapObjects\_(AdvMapObjectLink)\Heroes\Biara",17484,17484,3016,1
"A6A3AE9EFBD9087857B9E8F48A661E50BE62A4DD","Editor\IconCache\AdvMapObjectLink\MapObjects\_(AdvMapObjectLink)\Heroes\Demonlord",17488,17488,6743,1
"A6A3AE9EFBD9087857B9E8F48A661E50BE62A4DD","Editor\IconCache\AdvMapObjectLink\MapObjects\_(AdvMapObjectLink)\Heroes\EntryPoint",17489,17489,2156,1
"A6A3AE9EFBD9087857B9E8F48A661E50BE62A4DD","Editor\IconCache\AdvMapObjectLink\MapObjects\_(AdvMapObjectLink)\Heroes\Godrick",17486,17486,7179,1
"A6A3AE9EFBD9087857B9E8F48A661E50BE62A4DD","Editor\IconCache\AdvMapObjectLink\MapObjects\_(AdvMapObjectLink)\Heroes\Isabell",17486,17486,9744,1
"A6A3AE9EFBD9087857B9E8F48A661E50BE62A4DD","Editor\IconCache\AdvMapObjectLink\MapObjects\_(AdvMapObjectLink)\Heroes\Knight",17485,17485,6195,1
"A6A3AE9EFBD9087857B9E8F48A661E50BE62A4DD","Editor\IconCache\AdvMapObjectLink\MapObjects\_(AdvMapObjectLink)\Heroes\Necromancer",17490,17490,6259,1
"A6A3AE9EFBD9087857B9E8F48A661E50BE62A4DD","Editor\IconCache\AdvMapObjectLink\MapObjects\_(AdvMapObjectLink)\Heroes\Nikolai",17486,17486,9017,1
"A6A3AE9EFBD9087857B9E8F48A661E50BE62A4DD","Editor\IconCache\AdvMapObjectLink\MapObjects\_(AdvMapObjectLink)\Heroes\Ranger",17485,17485,6524,1
"A6A3AE9EFBD9087857B9E8F48A661E50BE62A4DD","Editor\IconCache\AdvMapObjectLink\MapObjects\_(AdvMapObjectLink)\Heroes\Sovereign",17488,17488,7105,1
"A6A3AE9EFBD9087857B9E8F48A661E50BE62A4DD","Editor\IconCache\AdvMapObjectLink\MapObjects\_(AdvMapObjectLink)\Heroes\Warlock",17486,17486,7478,1
"A6A3AE9EFBD9087857B9E8F48A661E50BE62A4DD","Editor\IconCache\AdvMapObjectLink\MapObjects\_(AdvMapObjectLink)\Heroes\Wizard",17485,17485,7926,1
"A6A3AE9EFBD9087857B9E8F48A661E50BE62A4DD","Editor\IconCache\AdvMapObjectLink\MapObjects\_(AdvMapObjectLink)\Monsters\Random-Any",17489,17489,1761,1
"A6A3AE9EFBD9087857B9E8F48A661E50BE62A4DD","Editor\IconCache\AdvMapObjectLink\MapObjects\_(AdvMapObjectLink)\Monsters\Random-L1",17488,17488,1767,1
"A6A3AE9EFBD9087857B9E8F48A661E50BE62A4DD","Editor\IconCache\AdvMapObjectLink\MapObjects\_(AdvMapObjectLink)\Monsters\Random-L2",17488,17488,1774,1
"A6A3AE9EFBD9087857B9E8F48A661E50BE62A4DD","Editor\IconCache\AdvMapObjectLink\MapObjects\_(AdvMapObjectLink)\Monsters\Random-L3",17488,17488,1781,1
"A6A3AE9EFBD9087857B9E8F48A661E50BE62A4DD","Editor\IconCache\AdvMapObjectLink\MapObjects\_(AdvMapObjectLink)\Monsters\Random-L4",17488,17488,1776,1
"A6A3AE9EFBD9087857B9E8F48A661E50BE62A4DD","Editor\IconCache\AdvMapObjectLink\MapObjects\_(AdvMapObjectLink)\Monsters\Random-L5",17488,17488,1768,1
"A6A3AE9EFBD9087857B9E8F48A661E50BE62A4DD","Editor\IconCache\AdvMapObjectLink\MapObjects\_(AdvMapObjectLink)\Monsters\Random-L6",17488,17488,1778,1
"A6A3AE9EFBD9087857B9E8F48A661E50BE62A4DD","Editor\IconCache\AdvMapObjectLink\MapObjects\_(AdvMapObjectLink)\Monsters\Random-L7",17488,17488,1772,1
"A6A3AE9EFBD9087857B9E8F48A661E50BE62A4DD","Editor\IconCache\AdvMapObjectLink\MapObjects\_(AdvMapObjectLink)\Objects-All-Terra\AntiMagicGarrison_Wall",17505,17505,4582,1
"A6A3AE9EFBD9087857B9E8F48A661E50BE62A4DD","Editor\IconCache\AdvMapObjectLink\MapObjects\_(AdvMapObjectLink)\Objects-All-Terra\Arena",17524,17524,11217,1
"A6A3AE9EFBD9087857B9E8F48A661E50BE62A4DD","Editor\IconCache\AdvMapObjectLink\MapObjects\_(AdvMapObjectLink)\Objects-All-Terra\Black_Market",17564,17564,8232,1
"A6A3AE9EFBD9087857B9E8F48A661E50BE62A4DD","Editor\IconCache\AdvMapObjectLink\MapObjects\_(AdvMapObjectLink)\Objects-All-Terra\Border_Guard_1",17584,17584,6858,1
"A6A3AE9EFBD9087857B9E8F48A661E50BE62A4DD","Editor\IconCache\AdvMapObjectLink\MapObjects\_(AdvMapObjectLink)\Objects-All-Terra\Border_Guard_2",17585,17585,5999,1
"A6A3AE9EFBD9087857B9E8F48A661E50BE62A4DD","Editor\IconCache\AdvMapObjectLink\MapObjects\_(AdvMapObjectLink)\Objects-All-Terra\Border_Guard_3",17586,17586,5931,1
"A6A3AE9EFBD9087857B9E8F48A661E50BE62A4DD","Editor\IconCache\AdvMapObjectLink\MapObjects\_(AdvMapObjectLink)\Objects-All-Terra\Border_Guard_4",17587,17587,5958,1
"A6A3AE9EFBD9087857B9E8F48A661E50BE62A4DD","Editor\IconCache\AdvMapObjectLink\MapObjects\_(AdvMapObjectLink)\Objects-All-Terra\Border_Guard_5",17587,17587,5954,1
"A6A3AE9EFBD9087857B9E8F48A661E50BE62A4DD","Editor\IconCache\AdvMapObjectLink\MapObjects\_(AdvMapObjectLink)\Objects-All-Terra\Border_Guard_6",17585,17585,6012,1
"A6A3AE9EFBD9087857B9E8F48A661E50BE62A4DD","Editor\IconCache\AdvMapObjectLink\MapObjects\_(AdvMapObjectLink)\Objects-All-Terra\Border_Guard_7",17587,17587,5927,1
"A6A3AE9EFBD9087857B9E8F48A661E50BE62A4DD","Editor\IconCache\AdvMapObjectLink\MapObjects\_(AdvMapObjectLink)\Objects-All-Terra\Border_Guard_8",17584,17584,6047,1
"A6A3AE9EFBD9087857B9E8F48A661E50BE62A4DD","Editor\IconCache\AdvMapObjectLink\MapObjects\_(AdvMapObjectLink)\Objects-All-Terra\Cartographer",17574,17574,7177,1
"A6A3AE9EFBD9087857B9E8F48A661E50BE62A4DD","Editor\IconCache\AdvMapObjectLink\MapObjects\_(AdvMapObjectLink)\Objects-All-Terra\Crypt",17570,17570,6584,1
"A6A3AE9EFBD9087857B9E8F48A661E50BE62A4DD","Editor\IconCache\AdvMapObjectLink\MapObjects\_(AdvMapObjectLink)\Objects-All-Terra\Den_Of_Thieves",17531,17531,7278,1
"A6A3AE9EFBD9087857B9E8F48A661E50BE62A4DD","Editor\IconCache\AdvMapObjectLink\MapObjects\_(AdvMapObjectLink)\Objects-All-Terra\Dragon_Utopia",17599,17599,7815,1
"A6A3AE9EFBD9087857B9E8F48A661E50BE62A4DD","Editor\IconCache\AdvMapObjectLink\MapObjects\_(AdvMapObjectLink)\Objects-All-Terra\Elemantal_Stockpile",17644,17644,10372,1
"A6A3AE9EFBD9087857B9E8F48A661E50BE62A4DD","Editor\IconCache\AdvMapObjectLink\MapObjects\_(AdvMapObjectLink)\Objects-All-Terra\ElementalConflux",17541,17541,13164,1
"A6A3AE9EFBD9087857B9E8F48A661E50BE62A4DD","Editor\IconCache\AdvMapObjectLink\MapObjects\_(AdvMapObjectLink)\Objects-All-Terra\Eye_Of_Magi",17553,17553,4078,1
"A6A3AE9EFBD9087857B9E8F48A661E50BE62A4DD","Editor\IconCache\AdvMapObjectLink\MapObjects\_(AdvMapObjectLink)\Objects-All-Terra\Fountain_Of_Fortune",17531,17531,5946,1
"A6A3AE9EFBD9087857B9E8F48A661E50BE62A4DD","Editor\IconCache\AdvMapObjectLink\MapObjects\_(AdvMapObjectLink)\Objects-All-Terra\Fountain_Of_Youth",17563,17563,6051,1
"A6A3AE9EFBD9087857B9E8F48A661E50BE62A4DD","Editor\IconCache\AdvMapObjectLink\MapObjects\_(AdvMapObjectLink)\Objects-All-Terra\Garden_Of_Revelation",17532,17532,5083,1
"A6A3AE9EFBD9087857B9E8F48A661E50BE62A4DD","Editor\IconCache\AdvMapObjectLink\MapObjects\_(AdvMapObjectLink)\Objects-All-Terra\Garrison_Anti-Magic",17522,17522,6360,1
"A6A3AE9EFBD9087857B9E8F48A661E50BE62A4DD","Editor\IconCache\AdvMapObjectLink\MapObjects\_(AdvMapObjectLink)\Objects-All-Terra\Garrison_evil",17522,17522,8761,1
"A6A3AE9EFBD9087857B9E8F48A661E50BE62A4DD","Editor\IconCache\AdvMapObjectLink\MapObjects\_(AdvMapObjectLink)\Objects-All-Terra\Garrison_evil_Wall",17505,17505,4891,1
"A6A3AE9EFBD9087857B9E8F48A661E50BE62A4DD","Editor\IconCache\AdvMapObjectLink\MapObjects\_(AdvMapObjectLink)\Objects-All-Terra\Garrison_Good",17522,17522,8968,1
"A6A3AE9EFBD9087857B9E8F48A661E50BE62A4DD","Editor\IconCache\AdvMapObjectLink\MapObjects\_(AdvMapObjectLink)\Objects-All-Terra\Garrison_good_wall",17505,17505,5078,1
"A6A3AE9EFBD9087857B9E8F48A661E50BE62A4DD","Editor\IconCache\AdvMapObjectLink\MapObjects\_(AdvMapObjectLink)\Objects-All-Terra\Hill_Fort",17535,17535,5605,1
"A6A3AE9EFBD9087857B9E8F48A661E50BE62A4DD","Editor\IconCache\AdvMapObjectLink\MapObjects\_(AdvMapObjectLink)\Objects-All-Terra\Hut_Of_Magi",17562,17562,5132,1
"A6A3AE9EFBD9087857B9E8F48A661E50BE62A4DD","Editor\IconCache\AdvMapObjectLink\MapObjects\_(AdvMapObjectLink)\Objects-All-Terra\Idol_Of_Fortune",17553,17553,6642,1
"A6A3AE9EFBD9087857B9E8F48A661E50BE62A4DD","Editor\IconCache\AdvMapObjectLink\MapObjects\_(AdvMapObjectLink)\Objects-All-Terra\Keymaster_Tent_1",17595,17595,5631,1
"A6A3AE9EFBD9087857B9E8F48A661E50BE62A4DD","Editor\IconCache\AdvMapObjectLink\MapObjects\_(AdvMapObjectLink)\Objects-All-Terra\Keymaster_Tent_2",17596,17596,5407,1
"A6A3AE9EFBD9087857B9E8F48A661E50BE62A4DD","Editor\IconCache\AdvMapObjectLink\MapObjects\_(AdvMapObjectLink)\Objects-All-Terra\Keymaster_Tent_3",17597,17597,5641,1
"A6A3AE9EFBD9087857B9E8F48A661E50BE62A4DD","Editor\IconCache\AdvMapObjectLink\MapObjects\_(AdvMapObjectLink)\Objects-All-Terra\Keymaster_Tent_4",17598,17598,5432,1
"A6A3AE9EFBD9087857B9E8F48A661E50BE62A4DD","Editor\IconCache\AdvMapObjectLink\MapObjects\_(AdvMapObjectLink)\Objects-All-Terra\Keymaster_Tent_5",17598,17598,5450,1
"A6A3AE9EFBD9087857B9E8F48A661E50BE62A4DD","Editor\IconCache\AdvMapObjectLink\MapObjects\_(AdvMapObjectLink)\Objects-All-Terra\Keymaster_Tent_6",17596,17596,5620,1
"A6A3AE9EFBD9087857B9E8F48A661E50BE62A4DD","Editor\IconCache\AdvMapObjectLink\MapObjects\_(AdvMapObjectLink)\Objects-All-Terra\Keymaster_Tent_7",17598,17598,5228,1
"A6A3AE9EFBD9087857B9E8F48A661E50BE62A4DD","Editor\IconCache\AdvMapObjectLink\MapObjects\_(AdvMapObjectLink)\Objects-All-Terra\Keymaster_Tent_8",17595,17595,5179,1
"A6A3AE9EFBD9087857B9E8F48A661E50BE62A4DD","Editor\IconCache\AdvMapObjectLink\MapObjects\_(AdvMapObjectLink)\Objects-All-Terra\Lake_Of_Scarlett_Swan",17500,17500,5157,1
"A6A3AE9EFBD9087857B9E8F48A661E50BE62A4DD","Editor\IconCache\AdvMapObjectLink\MapObjects\_(AdvMapObjectLink)\Objects-All-Terra\Lean_To",17511,17511,3643,1
"A6A3AE9EFBD9087857B9E8F48A661E50BE62A4DD","Editor\IconCache\AdvMapObjectLink\MapObjects\_(AdvMapObjectLink)\Objects-All-Terra\Learning_Stone",17541,17541,5497,1
"A6A3AE9EFBD9087857B9E8F48A661E50BE62A4DD","Editor\IconCache\AdvMapObjectLink\MapObjects\_(AdvMapObjectLink)\Objects-All-Terra\Lighthouse",17564,17564,3945,1
"A6A3AE9EFBD9087857B9E8F48A661E50BE62A4DD","Editor\IconCache\AdvMapObjectLink\MapObjects\_(AdvMapObjectLink)\Objects-All-Terra\Magic_Spring",17547,17547,6838,1
"A6A3AE9EFBD9087857B9E8F48A661E50BE62A4DD","Editor\IconCache\AdvMapObjectLink\MapObjects\_(AdvMapObjectLink)\Objects-All-Terra\Magic_Well",17522,17522,6604,1
"A6A3AE9EFBD9087857B9E8F48A661E50BE62A4DD","Editor\IconCache\AdvMapObjectLink\MapObjects\_(AdvMapObjectLink)\Objects-All-Terra\Magi_Vault",17543,17543,5348,1
"A6A3AE9EFBD9087857B9E8F48A661E50BE62A4DD","Editor\IconCache\AdvMapObjectLink\MapObjects\_(AdvMapObjectLink)\Objects-All-Terra\Marletto_Tower",17523,17523,6544,1
"A6A3AE9EFBD9087857B9E8F48A661E50BE62A4DD","Editor\IconCache\AdvMapObjectLink\MapObjects\_(AdvMapObjectLink)\Objects-All-Terra\Mausoleum",17499,17499,4173,1
"A6A3AE9EFBD9087857B9E8F48A661E50BE62A4DD","Editor\IconCache\AdvMapObjectLink\MapObjects\_(AdvMapObjectLink)\Objects-All-Terra\Mercenary_Camp",17522,17522,7426,1
"A6A3AE9EFBD9087857B9E8F48A661E50BE62A4DD","Editor\IconCache\AdvMapObjectLink\MapObjects\_(AdvMapObjectLink)\Objects-All-Terra\Monolith_One_Way_Entrance",17555,17555,6600,1
"A6A3AE9EFBD9087857B9E8F48A661E50BE62A4DD","Editor\IconCache\AdvMapObjectLink\MapObjects\_(AdvMapObjectLink)\Objects-All-Terra\Monolith_One_Way_Exit",17553,17553,4693,1
"A6A3AE9EFBD9087857B9E8F48A661E50BE62A4DD","Editor\IconCache\AdvMapObjectLink\MapObjects\_(AdvMapObjectLink)\Objects-All-Terra\Monolith_Two_Way",17541,17541,5219,1
"A6A3AE9EFBD9087857B9E8F48A661E50BE62A4DD","Editor\IconCache\AdvMapObjectLink\MapObjects\_(AdvMapObjectLink)\Objects-All-Terra\Obelisk",17520,17520,3931,1
"A6A3AE9EFBD9087857B9E8F48A661E50BE62A4DD","Editor\IconCache\AdvMapObjectLink\MapObjects\_(AdvMapObjectLink)\Objects-All-Terra\Prison",17569,17569,5583,1
"A6A3AE9EFBD9087857B9E8F48A661E50BE62A4DD","Editor\IconCache\AdvMapObjectLink\MapObjects\_(AdvMapObjectLink)\Objects-All-Terra\Rally_Flag",17573,17573,3468,1
"A6A3AE9EFBD9087857B9E8F48A661E50BE62A4DD","Editor\IconCache\AdvMapObjectLink\MapObjects\_(AdvMapObjectLink)\Objects-All-Terra\Redwood_Observatory",17524,17524,4644,1
"A6A3AE9EFBD9087857B9E8F48A661E50BE62A4DD","Editor\IconCache\AdvMapObjectLink\MapObjects\_(AdvMapObjectLink)\Objects-All-Terra\RefugeeCamp",17551,17551,4991,1
"A6A3AE9EFBD9087857B9E8F48A661E50BE62A4DD","Editor\IconCache\AdvMapObjectLink\MapObjects\_(AdvMapObjectLink)\Objects-All-Terra\Sanctuary",17534,17534,3975,1
"A6A3AE9EFBD9087857B9E8F48A661E50BE62A4DD","Editor\IconCache\AdvMapObjectLink\MapObjects\_(AdvMapObjectLink)\Objects-All-Terra\Seer_Hut",17525,17525,7499,1
"A6A3AE9EFBD9087857B9E8F48A661E50BE62A4DD","Editor\IconCache\AdvMapObjectLink\MapObjects\_(AdvMapObjectLink)\Objects-All-Terra\Shipyard",17520,17520,8085,1
"A6A3AE9EFBD9087857B9E8F48A661E50BE62A4DD","Editor\IconCache\AdvMapObjectLink\MapObjects\_(AdvMapObjectLink)\Objects-All-Terra\Shrine_of_Magic_1",17553,17553,3197,1
"A6A3AE9EFBD9087857B9E8F48A661E50BE62A4DD","Editor\IconCache\AdvMapObjectLink\MapObjects\_(AdvMapObjectLink)\Objects-All-Terra\Shrine_of_Magic_2",17548,17548,6016,1
"A6A3AE9EFBD9087857B9E8F48A661E50BE62A4DD","Editor\IconCache\AdvMapObjectLink\MapObjects\_(AdvMapObjectLink)\Objects-All-Terra\Shrine_of_Magic_3",17549,17549,7139,1
"A6A3AE9EFBD9087857B9E8F48A661E50BE62A4DD","Editor\IconCache\AdvMapObjectLink\MapObjects\_(AdvMapObjectLink)\Objects-All-Terra\Sign",17526,17526,2936,1
"A6A3AE9EFBD9087857B9E8F48A661E50BE62A4DD","Editor\IconCache\AdvMapObjectLink\MapObjects\_(AdvMapObjectLink)\Objects-All-Terra\Stables",17544,17544,5694,1
"A6A3AE9EFBD9087857B9E8F48A661E50BE62A4DD","Editor\IconCache\AdvMapObjectLink\MapObjects\_(AdvMapObjectLink)\Objects-All-Terra\Star_Axis",17523,17523,4709,1
"A6A3AE9EFBD9087857B9E8F48A661E50BE62A4DD","Editor\IconCache\AdvMapObjectLink\MapObjects\_(AdvMapObjectLink)\Objects-All-Terra\Subterranean_Gate_In",17555,17555,6274,1
"A6A3AE9EFBD9087857B9E8F48A661E50BE62A4DD","Editor\IconCache\AdvMapObjectLink\MapObjects\_(AdvMapObjectLink)\Objects-All-Terra\Subterranean_Gate_Out",17548,17548,6858,1
"A6A3AE9EFBD9087857B9E8F48A661E50BE62A4DD","Editor\IconCache\AdvMapObjectLink\MapObjects\_(AdvMapObjectLink)\Objects-All-Terra\Tavern",17517,17517,6338,1
"A6A3AE9EFBD9087857B9E8F48A661E50BE62A4DD","Editor\IconCache\AdvMapObjectLink\MapObjects\_(AdvMapObjectLink)\Objects-All-Terra\Temple",17526,17526,5914,1
"A6A3AE9EFBD9087857B9E8F48A661E50BE62A4DD","Editor\IconCache\AdvMapObjectLink\MapObjects\_(AdvMapObjectLink)\Objects-All-Terra\TieruHut.(AdvMapObjectLink)",17580,17580,6963,1
"A6A3AE9EFBD9087857B9E8F48A661E50BE62A4DD","Editor\IconCache\AdvMapObjectLink\MapObjects\_(AdvMapObjectLink)\Objects-All-Terra\Trading_Post",17530,17530,8172,1
"A6A3AE9EFBD9087857B9E8F48A661E50BE62A4DD","Editor\IconCache\AdvMapObjectLink\MapObjects\_(AdvMapObjectLink)\Objects-All-Terra\Tree_of_Knowledge",17577,17577,4946,1
"A6A3AE9EFBD9087857B9E8F48A661E50BE62A4DD","Editor\IconCache\AdvMapObjectLink\MapObjects\_(AdvMapObjectLink)\Objects-All-Terra\War_Machine_Factory",17535,17535,6527,1
"A6A3AE9EFBD9087857B9E8F48A661E50BE62A4DD","Editor\IconCache\AdvMapObjectLink\MapObjects\_(AdvMapObjectLink)\Objects-All-Terra\Water_Wheel",17536,17536,6743,1
"A6A3AE9EFBD9087857B9E8F48A661E50BE62A4DD","Editor\IconCache\AdvMapObjectLink\MapObjects\_(AdvMapObjectLink)\Objects-All-Terra\Windmill",17544,17544,5259,1
"A6A3AE9EFBD9087857B9E8F48A661E50BE62A4DD","Editor\IconCache\AdvMapObjectLink\MapObjects\_(AdvMapObjectLink)\Objects-All-Terra\Witch_Hut",17544,17544,6602,1
"A6A3AE9EFBD9087857B9E8F48A661E50BE62A4DD","Editor\IconCache\AdvMapObjectLink\MapObjects\_(AdvMapObjectLink)\Objects-Grass\Arena_BackB",17490,17490,10891,1
"A6A3AE9EFBD9087857B9E8F48A661E50BE62A4DD","Editor\IconCache\AdvMapObjectLink\MapObjects\_(AdvMapObjectLink)\Objects-Grass\Arena_BackS",17490,17490,10891,1
"A6A3AE9EFBD9087857B9E8F48A661E50BE62A4DD","Editor\IconCache\AdvMapObjectLink\MapObjects\_(AdvMapObjectLink)\Objects-Grass\Faerie_Ring",17522,17522,8283,1
"A6A3AE9EFBD9087857B9E8F48A661E50BE62A4DD","Editor\IconCache\AdvMapObjectLink\MapObjects\_(AdvMapObjectLink)\Objects-Grass\Fountain_Of_Youth",17563,17563,6051,1
"A6A3AE9EFBD9087857B9E8F48A661E50BE62A4DD","Editor\IconCache\AdvMapObjectLink\MapObjects\_(AdvMapObjectLink)\Objects-Grass\Lake01",17485,17485,10573,1
"A6A3AE9EFBD9087857B9E8F48A661E50BE62A4DD","Editor\IconCache\AdvMapObjectLink\MapObjects\_(AdvMapObjectLink)\Objects-Grass\Lake02",17485,17485,6691,1
"A6A3AE9EFBD9087857B9E8F48A661E50BE62A4DD","Editor\IconCache\AdvMapObjectLink\MapObjects\_(AdvMapObjectLink)\Objects-Grass\Lake03",17485,17485,4336,1
"A6A3AE9EFBD9087857B9E8F48A661E50BE62A4DD","Editor\IconCache\AdvMapObjectLink\MapObjects\_(AdvMapObjectLink)\Objects-Grass\Mystical_Garden",17542,17542,6785,1
"A6A3AE9EFBD9087857B9E8F48A661E50BE62A4DD","Editor\IconCache\AdvMapObjectLink\MapObjects\_(AdvMapObjectLink)\Objects-Lava\Cross_01",17487,17487,2084,1
"A6A3AE9EFBD9087857B9E8F48A661E50BE62A4DD","Editor\IconCache\AdvMapObjectLink\MapObjects\_(AdvMapObjectLink)\Objects-Lava\StickOfDeath_01",17494,17494,2083,1
"A6A3AE9EFBD9087857B9E8F48A661E50BE62A4DD","Editor\IconCache\AdvMapObjectLink\MapObjects\_(AdvMapObjectLink)\Objects-Lava\StickOfDeath_02",17494,17494,2915,1
"A6A3AE9EFBD9087857B9E8F48A661E50BE62A4DD","Editor\IconCache\AdvMapObjectLink\MapObjects\_(AdvMapObjectLink)\Objects-Sand\Oasis",17556,17556,7419,1
"A6A3AE9EFBD9087857B9E8F48A661E50BE62A4DD","Editor\IconCache\AdvMapObjectLink\MapObjects\_(AdvMapObjectLink)\Objects-Sand\Pyramid",17594,17594,11282,1
"A6A3AE9EFBD9087857B9E8F48A661E50BE62A4DD","Editor\IconCache\AdvMapObjectLink\MapObjects\_(AdvMapObjectLink)\Objects-Sand\Skeleton",17517,17517,3720,1
"A6A3AE9EFBD9087857B9E8F48A661E50BE62A4DD","Editor\IconCache\AdvMapObjectLink\MapObjects\_(AdvMapObjectLink)\Objects-Sand\Sphinx",17626,17626,5727,1
"A6A3AE9EFBD9087857B9E8F48A661E50BE62A4DD","Editor\IconCache\AdvMapObjectLink\MapObjects\_(AdvMapObjectLink)\Objects-Sand\Wagon",17547,17547,3017,1
"A6A3AE9EFBD9087857B9E8F48A661E50BE62A4DD","Editor\IconCache\AdvMapObjectLink\MapObjects\_(AdvMapObjectLink)\Objects-Subterra\Subterranean_Gate_Out",17548,17548,6858,1
"A6A3AE9EFBD9087857B9E8F48A661E50BE62A4DD","Editor\IconCache\AdvMapObjectLink\MapObjects\_(AdvMapObjectLink)\Objects-Water\Buoy",17520,17520,3349,1
"A6A3AE9EFBD9087857B9E8F48A661E50BE62A4DD","Editor\IconCache\AdvMapObjectLink\MapObjects\_(AdvMapObjectLink)\Objects-Water\CartographerWater",17576,17576,6260,1
"A6A3AE9EFBD9087857B9E8F48A661E50BE62A4DD","Editor\IconCache\AdvMapObjectLink\MapObjects\_(AdvMapObjectLink)\Objects-Water\Floatsam",17520,17520,3277,1
"A6A3AE9EFBD9087857B9E8F48A661E50BE62A4DD","Editor\IconCache\AdvMapObjectLink\MapObjects\_(AdvMapObjectLink)\Objects-Water\Galleon",17529,17529,7235,1
"A6A3AE9EFBD9087857B9E8F48A661E50BE62A4DD","Editor\IconCache\AdvMapObjectLink\MapObjects\_(AdvMapObjectLink)\Objects-Water\Galley",17527,17527,5893,1
"A6A3AE9EFBD9087857B9E8F48A661E50BE62A4DD","Editor\IconCache\AdvMapObjectLink\MapObjects\_(AdvMapObjectLink)\Objects-Water\Junk",17525,17525,7968,1
"A6A3AE9EFBD9087857B9E8F48A661E50BE62A4DD","Editor\IconCache\AdvMapObjectLink\MapObjects\_(AdvMapObjectLink)\Objects-Water\Mermaids",17530,17530,6059,1
"A6A3AE9EFBD9087857B9E8F48A661E50BE62A4DD","Editor\IconCache\AdvMapObjectLink\MapObjects\_(AdvMapObjectLink)\Objects-Water\Sea_Chest",17529,17529,3697,1
"A6A3AE9EFBD9087857B9E8F48A661E50BE62A4DD","Editor\IconCache\AdvMapObjectLink\MapObjects\_(AdvMapObjectLink)\Objects-Water\Sirens",17560,17560,4938,1
"A6A3AE9EFBD9087857B9E8F48A661E50BE62A4DD","Editor\IconCache\AdvMapObjectLink\MapObjects\_(AdvMapObjectLink)\Objects-Water\Whirlpool",17535,17535,9187,1
"A6A3AE9EFBD9087857B9E8F48A661E50BE62A4DD","Editor\IconCache\AdvMapObjectLink\MapObjects\_(AdvMapObjectLink)\Towns\Academy",17491,17491,9786,1
"A6A3AE9EFBD9087857B9E8F48A661E50BE62A4DD","Editor\IconCache\AdvMapObjectLink\MapObjects\_(AdvMapObjectLink)\Towns\Biara_Citadel.(AdvMapObjectLink)",17733,17733,9678,1
"A6A3AE9EFBD9087857B9E8F48A661E50BE62A4DD","Editor\IconCache\AdvMapObjectLink\MapObjects\_(AdvMapObjectLink)\Towns\DemonSoveren_Citadel.(AdvMapObjectLink)",17798,17798,8845,1
"A6A3AE9EFBD9087857B9E8F48A661E50BE62A4DD","Editor\IconCache\AdvMapObjectLink\MapObjects\_(AdvMapObjectLink)\Towns\Dungeon",17491,17491,6268,1
"A6A3AE9EFBD9087857B9E8F48A661E50BE62A4DD","Editor\IconCache\AdvMapObjectLink\MapObjects\_(AdvMapObjectLink)\Towns\Heaven",17489,17489,8470,1
"A6A3AE9EFBD9087857B9E8F48A661E50BE62A4DD","Editor\IconCache\AdvMapObjectLink\MapObjects\_(AdvMapObjectLink)\Towns\Inferno",17491,17491,8754,1
"A6A3AE9EFBD9087857B9E8F48A661E50BE62A4DD","Editor\IconCache\AdvMapObjectLink\MapObjects\_(AdvMapObjectLink)\Towns\Inferno_Town_Ruines",17498,17498,7301,1
"A6A3AE9EFBD9087857B9E8F48A661E50BE62A4DD","Editor\IconCache\AdvMapObjectLink\MapObjects\_(AdvMapObjectLink)\Towns\Necromancy",17489,17489,3457,1
"A6A3AE9EFBD9087857B9E8F48A661E50BE62A4DD","Editor\IconCache\AdvMapObjectLink\MapObjects\_(AdvMapObjectLink)\Towns\Rampart",17490,17490,10272,1
"A6A3AE9EFBD9087857B9E8F48A661E50BE62A4DD","Editor\IconCache\AdvMapObjectLink\MapObjects\_(AdvMapObjectLink)\Towns\RandomTown",17489,17489,3852,1
"A6A3AE9EFBD9087857B9E8F48A661E50BE62A4DD","Editor\IconCache\AdvMapObjectLink\MapObjects\_(AdvMapObjectLink)\Treasures\Campfire",17512,17512,6263,1
"A6A3AE9EFBD9087857B9E8F48A661E50BE62A4DD","Editor\IconCache\AdvMapObjectLink\MapObjects\_(AdvMapObjectLink)\Treasures\Chest",17541,17541,7226,1
"A6A3AE9EFBD9087857B9E8F48A661E50BE62A4DD","Editor\IconCache\AdvMapObjectLink\MapObjects\_(AdvMapObjectLink)\Treasures\Crystal",17506,17506,6993,1
"A6A3AE9EFBD9087857B9E8F48A661E50BE62A4DD","Editor\IconCache\AdvMapObjectLink\MapObjects\_(AdvMapObjectLink)\Treasures\Gems",17498,17498,5452,1
"A6A3AE9EFBD9087857B9E8F48A661E50BE62A4DD","Editor\IconCache\AdvMapObjectLink\MapObjects\_(AdvMapObjectLink)\Treasures\Gold",17498,17498,6893,1
"A6A3AE9EFBD9087857B9E8F48A661E50BE62A4DD","Editor\IconCache\AdvMapObjectLink\MapObjects\_(AdvMapObjectLink)\Treasures\Mercury",17508,17508,5015,1
"A6A3AE9EFBD9087857B9E8F48A661E50BE62A4DD","Editor\IconCache\AdvMapObjectLink\MapObjects\_(AdvMapObjectLink)\Treasures\Ore",17496,17496,6222,1
"A6A3AE9EFBD9087857B9E8F48A661E50BE62A4DD","Editor\IconCache\AdvMapObjectLink\MapObjects\_(AdvMapObjectLink)\Treasures\Random-Any",17489,17489,4898,1
"A6A3AE9EFBD9087857B9E8F48A661E50BE62A4DD","Editor\IconCache\AdvMapObjectLink\MapObjects\_(AdvMapObjectLink)\Treasures\Soulstone",17511,17511,9455,1
"A6A3AE9EFBD9087857B9E8F48A661E50BE62A4DD","Editor\IconCache\AdvMapObjectLink\MapObjects\_(AdvMapObjectLink)\Treasures\Sulfur",17502,17502,5757,1
"A6A3AE9EFBD9087857B9E8F48A661E50BE62A4DD","Editor\IconCache\AdvMapObjectLink\MapObjects\_(AdvMapObjectLink)\Treasures\Wood",17498,17498,5357,1
"A6A3AE9EFBD9087857B9E8F48A661E50BE62A4DD","Editor\IconCache\AdvMapTile\MapObjects\_(AdvMapTile)\Conquest\Dirt",17483,17483,11683,1
"A6A3AE9EFBD9087857B9E8F48A661E50BE62A4DD","Editor\IconCache\AdvMapTile\MapObjects\_(AdvMapTile)\Conquest\Mud",17482,17482,12061,1
"A6A3AE9EFBD9087857B9E8F48A661E50BE62A4DD","Editor\IconCache\AdvMapTile\MapObjects\_(AdvMapTile)\Conquest\Paving",17485,17485,12169,1
"A6A3AE9EFBD9087857B9E8F48A661E50BE62A4DD","Editor\IconCache\AdvMapTile\MapObjects\_(AdvMapTile)\Conquest\Sand_Stone",17489,17489,11673,1
"A6A3AE9EFBD9087857B9E8F48A661E50BE62A4DD","Editor\IconCache\AdvMapTile\MapObjects\_(AdvMapTile)\Conquest\Stone",17484,17484,13234,1
"A6A3AE9EFBD9087857B9E8F48A661E50BE62A4DD","Editor\IconCache\AdvMapTile\MapObjects\_(AdvMapTile)\Dirt\DarkGround",17489,17489,11471,1
"A6A3AE9EFBD9087857B9E8F48A661E50BE62A4DD","Editor\IconCache\AdvMapTile\MapObjects\_(AdvMapTile)\Dirt\DirtRoad",17487,17487,11438,1
"A6A3AE9EFBD9087857B9E8F48A661E50BE62A4DD","Editor\IconCache\AdvMapTile\MapObjects\_(AdvMapTile)\Dirt\Ground",17485,17485,11581,1
"A6A3AE9EFBD9087857B9E8F48A661E50BE62A4DD","Editor\IconCache\AdvMapTile\MapObjects\_(AdvMapTile)\Dirt\Ground 2",17487,17487,11327,1
"A6A3AE9EFBD9087857B9E8F48A661E50BE62A4DD","Editor\IconCache\AdvMapTile\MapObjects\_(AdvMapTile)\Dirt\root",17483,17483,12782,1
"A6A3AE9EFBD9087857B9E8F48A661E50BE62A4DD","Editor\IconCache\AdvMapTile\MapObjects\_(AdvMapTile)\Dirt\Scatter_stone_Dirt_",17498,17498,12366,1
"A6A3AE9EFBD9087857B9E8F48A661E50BE62A4DD","Editor\IconCache\AdvMapTile\MapObjects\_(AdvMapTile)\Dirt\Weed",17483,17483,11573,1
"A6A3AE9EFBD9087857B9E8F48A661E50BE62A4DD","Editor\IconCache\AdvMapTile\MapObjects\_(AdvMapTile)\Grass\Dark_Grass",17489,17489,11523,1
"A6A3AE9EFBD9087857B9E8F48A661E50BE62A4DD","Editor\IconCache\AdvMapTile\MapObjects\_(AdvMapTile)\Grass\Field",17484,17484,11932,1
"A6A3AE9EFBD9087857B9E8F48A661E50BE62A4DD","Editor\IconCache\AdvMapTile\MapObjects\_(AdvMapTile)\Grass\Flowers",17486,17486,12104,1
"A6A3AE9EFBD9087857B9E8F48A661E50BE62A4DD","Editor\IconCache\AdvMapTile\MapObjects\_(AdvMapTile)\Grass\Grass",17484,17484,11209,1
"A6A3AE9EFBD9087857B9E8F48A661E50BE62A4DD","Editor\IconCache\AdvMapTile\MapObjects\_(AdvMapTile)\Grass\Nidle_Grass_Green",17496,17496,12050,1
"A6A3AE9EFBD9087857B9E8F48A661E50BE62A4DD","Editor\IconCache\AdvMapTile\MapObjects\_(AdvMapTile)\Grass\River-bed_grass",17494,17494,7343,1
"A6A3AE9EFBD9087857B9E8F48A661E50BE62A4DD","Editor\IconCache\AdvMapTile\MapObjects\_(AdvMapTile)\Grass\Road",17483,17483,10257,1
"A6A3AE9EFBD9087857B9E8F48A661E50BE62A4DD","Editor\IconCache\AdvMapTile\MapObjects\_(AdvMapTile)\Grass\Rock_Floor_grass",17495,17495,12055,1
"A6A3AE9EFBD9087857B9E8F48A661E50BE62A4DD","Editor\IconCache\AdvMapTile\MapObjects\_(AdvMapTile)\Grass\Rock_Floor_green_grass",17501,17501,12123,1
"A6A3AE9EFBD9087857B9E8F48A661E50BE62A4DD","Editor\IconCache\AdvMapTile\MapObjects\_(AdvMapTile)\Grass\Scatter_stone_grass",17498,17498,12058,1
"A6A3AE9EFBD9087857B9E8F48A661E50BE62A4DD","Editor\IconCache\AdvMapTile\MapObjects\_(AdvMapTile)\Grass\Scatter_stone_green_Grass",17504,17504,12433,1
"A6A3AE9EFBD9087857B9E8F48A661E50BE62A4DD","Editor\IconCache\AdvMapTile\MapObjects\_(AdvMapTile)\Grass\StoneRoad",17488,17488,11733,1
"A6A3AE9EFBD9087857B9E8F48A661E50BE62A4DD","Editor\IconCache\AdvMapTile\MapObjects\_(AdvMapTile)\Grass\Used_Grass",17489,17489,12194,1
"A6A3AE9EFBD9087857B9E8F48A661E50BE62A4DD","Editor\IconCache\AdvMapTile\MapObjects\_(AdvMapTile)\Lava\Dead_Land",17488,17488,9050,1
"A6A3AE9EFBD9087857B9E8F48A661E50BE62A4DD","Editor\IconCache\AdvMapTile\MapObjects\_(AdvMapTile)\Lava\Dead_Land_2",17490,17490,10060,1
"A6A3AE9EFBD9087857B9E8F48A661E50BE62A4DD","Editor\IconCache\AdvMapTile\MapObjects\_(AdvMapTile)\Lava\Dead_Land_3",17490,17490,10471,1
"A6A3AE9EFBD9087857B9E8F48A661E50BE62A4DD","Editor\IconCache\AdvMapTile\MapObjects\_(AdvMapTile)\Lava\Dead_Land_4",17490,17490,10471,1
"A6A3AE9EFBD9087857B9E8F48A661E50BE62A4DD","Editor\IconCache\AdvMapTile\MapObjects\_(AdvMapTile)\Lava\InfernoBricks",17492,17492,10531,1
"A6A3AE9EFBD9087857B9E8F48A661E50BE62A4DD","Editor\IconCache\AdvMapTile\MapObjects\_(AdvMapTile)\Lava\Lava",17483,17483,10119,1
"A6A3AE9EFBD9087857B9E8F48A661E50BE62A4DD","Editor\IconCache\AdvMapTile\MapObjects\_(AdvMapTile)\Lava\LavaRoad",17487,17487,9802,1
"A6A3AE9EFBD9087857B9E8F48A661E50BE62A4DD","Editor\IconCache\AdvMapTile\MapObjects\_(AdvMapTile)\Lava\lava_arena_brick",17495,17495,10514,1
"A6A3AE9EFBD9087857B9E8F48A661E50BE62A4DD","Editor\IconCache\AdvMapTile\MapObjects\_(AdvMapTile)\Sand\Dunes",17484,17484,9056,1
"A6A3AE9EFBD9087857B9E8F48A661E50BE62A4DD","Editor\IconCache\AdvMapTile\MapObjects\_(AdvMapTile)\Sand\River-bed",17488,17488,7339,1
"A6A3AE9EFBD9087857B9E8F48A661E50BE62A4DD","Editor\IconCache\AdvMapTile\MapObjects\_(AdvMapTile)\Sand\Rock",17483,17483,11861,1
"A6A3AE9EFBD9087857B9E8F48A661E50BE62A4DD","Editor\IconCache\AdvMapTile\MapObjects\_(AdvMapTile)\Sand\sand-dune",17488,17488,10207,1
"A6A3AE9EFBD9087857B9E8F48A661E50BE62A4DD","Editor\IconCache\AdvMapTile\MapObjects\_(AdvMapTile)\Sand\Sand-Dunes",17489,17489,9756,1
"A6A3AE9EFBD9087857B9E8F48A661E50BE62A4DD","Editor\IconCache\AdvMapTile\MapObjects\_(AdvMapTile)\Sand\SandRoad",17487,17487,10662,1
"A6A3AE9EFBD9087857B9E8F48A661E50BE62A4DD","Editor\IconCache\AdvMapTile\MapObjects\_(AdvMapTile)\Sand\Sand_Cracked",17491,17491,12459,1
"A6A3AE9EFBD9087857B9E8F48A661E50BE62A4DD","Editor\IconCache\AdvMapTile\MapObjects\_(AdvMapTile)\Sand\Sand_Dirt",17488,17488,12667,1
"A6A3AE9EFBD9087857B9E8F48A661E50BE62A4DD","Editor\IconCache\AdvMapTile\MapObjects\_(AdvMapTile)\Sand\Sand_Rock",17488,17488,13065,1
"A6A3AE9EFBD9087857B9E8F48A661E50BE62A4DD","Editor\IconCache\AdvMapTile\MapObjects\_(AdvMapTile)\Sand\Sand_Wet",17487,17487,12277,1
"A6A3AE9EFBD9087857B9E8F48A661E50BE62A4DD","Editor\IconCache\AdvMapTile\MapObjects\_(AdvMapTile)\Sand\Scatter_Stones_Sand",17498,17498,12033,1
"A6A3AE9EFBD9087857B9E8F48A661E50BE62A4DD","Editor\IconCache\AdvMapTile\MapObjects\_(AdvMapTile)\SubTerrain\SubTerrain",17489,17489,10547,1
"A6A3AE9EFBD9087857B9E8F48A661E50BE62A4DD","Editor\IconCache\AdvMapTile\MapObjects\_(AdvMapTile)\SubTerrain\SubTerrainRoad",17493,17493,9904,1
"A6A3AE9EFBD9087857B9E8F48A661E50BE62A4DD","Editor\IconCache\AdvMapTile\MapObjects\_(AdvMapTile)\SubTerrain\SubTerrain_(2)",17493,17493,10643,1
"A6A3AE9EFBD9087857B9E8F48A661E50BE62A4DD","Editor\IconCache\AdvMapTile\MapObjects\_(AdvMapTile)\SubTerrain\SubTerrain_(3)",17493,17493,11634,1
"A6A3AE9EFBD9087857B9E8F48A661E50BE62A4DD","Editor\IconCache\AdvMapTile\MapObjects\_(AdvMapTile)\Water\Bog",17482,17482,7742,1
"A6A3AE9EFBD9087857B9E8F48A661E50BE62A4DD","Editor\IconCache\AdvMapTile\MapObjects\_(AdvMapTile)\Water\LavaFlow",17487,17487,11313,1
"A6A3AE9EFBD9087857B9E8F48A661E50BE62A4DD","Editor\IconCache\AdvMapTile\MapObjects\_(AdvMapTile)\Water\Water",17484,17484,5159,1
"A6A3AE9EFBD9087857B9E8F48A661E50BE62A4DD","Editor\IconCache\AdvMapObjectLink\MapObjects\_(AdvMapObjectLink)\Monsters\Academy\Arch_Magi",17487,17487,5874,1
"A6A3AE9EFBD9087857B9E8F48A661E50BE62A4DD","Editor\IconCache\AdvMapObjectLink\MapObjects\_(AdvMapObjectLink)\Monsters\Academy\Genie",17484,17484,6413,1
"A6A3AE9EFBD9087857B9E8F48A661E50BE62A4DD","Editor\IconCache\AdvMapObjectLink\MapObjects\_(AdvMapObjectLink)\Monsters\Academy\Giant",17487,17487,6322,1
"A6A3AE9EFBD9087857B9E8F48A661E50BE62A4DD","Editor\IconCache\AdvMapObjectLink\MapObjects\_(AdvMapObjectLink)\Monsters\Academy\Gremlin",17486,17486,7238,1
"A6A3AE9EFBD9087857B9E8F48A661E50BE62A4DD","Editor\IconCache\AdvMapObjectLink\MapObjects\_(AdvMapObjectLink)\Monsters\Academy\Iron_Golem",17489,17489,8892,1
"A6A3AE9EFBD9087857B9E8F48A661E50BE62A4DD","Editor\IconCache\AdvMapObjectLink\MapObjects\_(AdvMapObjectLink)\Monsters\Academy\Magi",17483,17483,8939,1
"A6A3AE9EFBD9087857B9E8F48A661E50BE62A4DD","Editor\IconCache\AdvMapObjectLink\MapObjects\_(AdvMapObjectLink)\Monsters\Academy\Master_Genie",17491,17491,7211,1
"A6A3AE9EFBD9087857B9E8F48A661E50BE62A4DD","Editor\IconCache\AdvMapObjectLink\MapObjects\_(AdvMapObjectLink)\Monsters\Academy\Master_Gremlin",17493,17493,7766,1
"A6A3AE9EFBD9087857B9E8F48A661E50BE62A4DD","Editor\IconCache\AdvMapObjectLink\MapObjects\_(AdvMapObjectLink)\Monsters\Academy\Obsidian_Gargoyle",17496,17496,6444,1
"A6A3AE9EFBD9087857B9E8F48A661E50BE62A4DD","Editor\IconCache\AdvMapObjectLink\MapObjects\_(AdvMapObjectLink)\Monsters\Academy\Rakshasa",17492,17492,7824,1
"A6A3AE9EFBD9087857B9E8F48A661E50BE62A4DD","Editor\IconCache\AdvMapObjectLink\MapObjects\_(AdvMapObjectLink)\Monsters\Academy\Rakshasa_Rukh",17492,17492,9301,1
"A6A3AE9EFBD9087857B9E8F48A661E50BE62A4DD","Editor\IconCache\AdvMapObjectLink\MapObjects\_(AdvMapObjectLink)\Monsters\Academy\Steel_Golem",17490,17490,9347,1
"A6A3AE9EFBD9087857B9E8F48A661E50BE62A4DD","Editor\IconCache\AdvMapObjectLink\MapObjects\_(AdvMapObjectLink)\Monsters\Academy\Stone_Gargoyle",17493,17493,5275,1
"A6A3AE9EFBD9087857B9E8F48A661E50BE62A4DD","Editor\IconCache\AdvMapObjectLink\MapObjects\_(AdvMapObjectLink)\Monsters\Academy\Titan",17484,17484,8250,1
"A6A3AE9EFBD9087857B9E8F48A661E50BE62A4DD","Editor\IconCache\AdvMapObjectLink\MapObjects\_(AdvMapObjectLink)\Monsters\Dungeon\Assassin",17487,17487,6788,1
"A6A3AE9EFBD9087857B9E8F48A661E50BE62A4DD","Editor\IconCache\AdvMapObjectLink\MapObjects\_(AdvMapObjectLink)\Monsters\Dungeon\Black_Dragon",17491,17491,7725,1
"A6A3AE9EFBD9087857B9E8F48A661E50BE62A4DD","Editor\IconCache\AdvMapObjectLink\MapObjects\_(AdvMapObjectLink)\Monsters\Dungeon\Blood_Witch",17489,17489,5747,1
"A6A3AE9EFBD9087857B9E8F48A661E50BE62A4DD","Editor\IconCache\AdvMapObjectLink\MapObjects\_(AdvMapObjectLink)\Monsters\Dungeon\Chaos_Hydra",17489,17489,6938,1
"A6A3AE9EFBD9087857B9E8F48A661E50BE62A4DD","Editor\IconCache\AdvMapObjectLink\MapObjects\_(AdvMapObjectLink)\Monsters\Dungeon\Deep_Dragon",17492,17492,6783,1
"A6A3AE9EFBD9087857B9E8F48A661E50BE62A4DD","Editor\IconCache\AdvMapObjectLink\MapObjects\_(AdvMapObjectLink)\Monsters\Dungeon\Hydra",17484,17484,5787,1
"A6A3AE9EFBD9087857B9E8F48A661E50BE62A4DD","Editor\IconCache\AdvMapObjectLink\MapObjects\_(AdvMapObjectLink)\Monsters\Dungeon\Matriarch",17495,17495,6410,1
"A6A3AE9EFBD9087857B9E8F48A661E50BE62A4DD","Editor\IconCache\AdvMapObjectLink\MapObjects\_(AdvMapObjectLink)\Monsters\Dungeon\Matron",17491,17491,5541,1
"A6A3AE9EFBD9087857B9E8F48A661E50BE62A4DD","Editor\IconCache\AdvMapObjectLink\MapObjects\_(AdvMapObjectLink)\Monsters\Dungeon\Minotaur",17487,17487,8816,1
"A6A3AE9EFBD9087857B9E8F48A661E50BE62A4DD","Editor\IconCache\AdvMapObjectLink\MapObjects\_(AdvMapObjectLink)\Monsters\Dungeon\Minotaur_King",17493,17493,8656,1
"A6A3AE9EFBD9087857B9E8F48A661E50BE62A4DD","Editor\IconCache\AdvMapObjectLink\MapObjects\_(AdvMapObjectLink)\Monsters\Dungeon\Ravanger",17490,17490,8958,1
"A6A3AE9EFBD9087857B9E8F48A661E50BE62A4DD","Editor\IconCache\AdvMapObjectLink\MapObjects\_(AdvMapObjectLink)\Monsters\Dungeon\Rider",17490,17490,6628,1
"A6A3AE9EFBD9087857B9E8F48A661E50BE62A4DD","Editor\IconCache\AdvMapObjectLink\MapObjects\_(AdvMapObjectLink)\Monsters\Dungeon\Scout",17484,17484,7125,1
"A6A3AE9EFBD9087857B9E8F48A661E50BE62A4DD","Editor\IconCache\AdvMapObjectLink\MapObjects\_(AdvMapObjectLink)\Monsters\Dungeon\Witch",17491,17491,4351,1
"A6A3AE9EFBD9087857B9E8F48A661E50BE62A4DD","Editor\IconCache\AdvMapObjectLink\MapObjects\_(AdvMapObjectLink)\Monsters\Haven\Angel",17484,17484,4456,1
"A6A3AE9EFBD9087857B9E8F48A661E50BE62A4DD","Editor\IconCache\AdvMapObjectLink\MapObjects\_(AdvMapObjectLink)\Monsters\Haven\Archangel",17488,17488,4741,1
"A6A3AE9EFBD9087857B9E8F48A661E50BE62A4DD","Editor\IconCache\AdvMapObjectLink\MapObjects\_(AdvMapObjectLink)\Monsters\Haven\Archer",17485,17485,4428,1
"A6A3AE9EFBD9087857B9E8F48A661E50BE62A4DD","Editor\IconCache\AdvMapObjectLink\MapObjects\_(AdvMapObjectLink)\Monsters\Haven\Cavalier",17487,17487,5161,1
"A6A3AE9EFBD9087857B9E8F48A661E50BE62A4DD","Editor\IconCache\AdvMapObjectLink\MapObjects\_(AdvMapObjectLink)\Monsters\Haven\Cleric",17489,17489,4525,1
"A6A3AE9EFBD9087857B9E8F48A661E50BE62A4DD","Editor\IconCache\AdvMapObjectLink\MapObjects\_(AdvMapObjectLink)\Monsters\Haven\Footman",17486,17486,4621,1
"A6A3AE9EFBD9087857B9E8F48A661E50BE62A4DD","Editor\IconCache\AdvMapObjectLink\MapObjects\_(AdvMapObjectLink)\Monsters\Haven\Griffin",17486,17486,4929,1
"A6A3AE9EFBD9087857B9E8F48A661E50BE62A4DD","Editor\IconCache\AdvMapObjectLink\MapObjects\_(AdvMapObjectLink)\Monsters\Haven\Marksman",17487,17487,4529,1
"A6A3AE9EFBD9087857B9E8F48A661E50BE62A4DD","Editor\IconCache\AdvMapObjectLink\MapObjects\_(AdvMapObjectLink)\Monsters\Haven\Militiaman",17488,17488,4814,1
"A6A3AE9EFBD9087857B9E8F48A661E50BE62A4DD","Editor\IconCache\AdvMapObjectLink\MapObjects\_(AdvMapObjectLink)\Monsters\Haven\Paladin",17486,17486,5218,1
"A6A3AE9EFBD9087857B9E8F48A661E50BE62A4DD","Editor\IconCache\AdvMapObjectLink\MapObjects\_(AdvMapObjectLink)\Monsters\Haven\Peasant",17486,17486,5937,1
"A6A3AE9EFBD9087857B9E8F48A661E50BE62A4DD","Editor\IconCache\AdvMapObjectLink\MapObjects\_(AdvMapObjectLink)\Monsters\Haven\Priest",17485,17485,4692,1
"A6A3AE9EFBD9087857B9E8F48A661E50BE62A4DD","Editor\IconCache\AdvMapObjectLink\MapObjects\_(AdvMapObjectLink)\Monsters\Haven\Royal_Griffin",17495,17495,5528,1
"A6A3AE9EFBD9087857B9E8F48A661E50BE62A4DD","Editor\IconCache\AdvMapObjectLink\MapObjects\_(AdvMapObjectLink)\Monsters\Haven\Swordsman",17485,17485,4571,1
"A6A3AE9EFBD9087857B9E8F48A661E50BE62A4DD","Editor\IconCache\AdvMapObjectLink\MapObjects\_(AdvMapObjectLink)\Monsters\Inferno\ArchDevil",17489,17489,9425,1
"A6A3AE9EFBD9087857B9E8F48A661E50BE62A4DD","Editor\IconCache\AdvMapObjectLink\MapObjects\_(AdvMapObjectLink)\Monsters\Inferno\Balor",17487,17487,6870,1
"A6A3AE9EFBD9087857B9E8F48A661E50BE62A4DD","Editor\IconCache\AdvMapObjectLink\MapObjects\_(AdvMapObjectLink)\Monsters\Inferno\Cerberi",17487,17487,4848,1
"A6A3AE9EFBD9087857B9E8F48A661E50BE62A4DD","Editor\IconCache\AdvMapObjectLink\MapObjects\_(AdvMapObjectLink)\Monsters\Inferno\Demon",17491,17491,7469,1
"A6A3AE9EFBD9087857B9E8F48A661E50BE62A4DD","Editor\IconCache\AdvMapObjectLink\MapObjects\_(AdvMapObjectLink)\Monsters\Inferno\Devil",17484,17484,7102,1
"A6A3AE9EFBD9087857B9E8F48A661E50BE62A4DD","Editor\IconCache\AdvMapObjectLink\MapObjects\_(AdvMapObjectLink)\Monsters\Inferno\Familiar",17482,17482,5038,1
"A6A3AE9EFBD9087857B9E8F48A661E50BE62A4DD","Editor\IconCache\AdvMapObjectLink\MapObjects\_(AdvMapObjectLink)\Monsters\Inferno\Frightful_Nightmare",17488,17488,9265,1
"A6A3AE9EFBD9087857B9E8F48A661E50BE62A4DD","Editor\IconCache\AdvMapObjectLink\MapObjects\_(AdvMapObjectLink)\Monsters\Inferno\HellHound",17489,17489,4819,1
"A6A3AE9EFBD9087857B9E8F48A661E50BE62A4DD","Editor\IconCache\AdvMapObjectLink\MapObjects\_(AdvMapObjectLink)\Monsters\Inferno\Horned_Demon",17494,17494,7144,1
"A6A3AE9EFBD9087857B9E8F48A661E50BE62A4DD","Editor\IconCache\AdvMapObjectLink\MapObjects\_(AdvMapObjectLink)\Monsters\Inferno\Imp",17487,17487,5839,1
"A6A3AE9EFBD9087857B9E8F48A661E50BE62A4DD","Editor\IconCache\AdvMapObjectLink\MapObjects\_(AdvMapObjectLink)\Monsters\Inferno\Infernal_Succubus",17496,17496,6382,1
"A6A3AE9EFBD9087857B9E8F48A661E50BE62A4DD","Editor\IconCache\AdvMapObjectLink\MapObjects\_(AdvMapObjectLink)\Monsters\Inferno\Nightmare",17491,17491,5704,1
"A6A3AE9EFBD9087857B9E8F48A661E50BE62A4DD","Editor\IconCache\AdvMapObjectLink\MapObjects\_(AdvMapObjectLink)\Monsters\Inferno\Pit_Friend",17488,17488,7226,1
"A6A3AE9EFBD9087857B9E8F48A661E50BE62A4DD","Editor\IconCache\AdvMapObjectLink\MapObjects\_(AdvMapObjectLink)\Monsters\Inferno\Succubus",17487,17487,4592,1
"A6A3AE9EFBD9087857B9E8F48A661E50BE62A4DD","Editor\IconCache\AdvMapObjectLink\MapObjects\_(AdvMapObjectLink)\Monsters\Necropolis\Bone_Dragon",17490,17490,6638,1
"A6A3AE9EFBD9087857B9E8F48A661E50BE62A4DD","Editor\IconCache\AdvMapObjectLink\MapObjects\_(AdvMapObjectLink)\Monsters\Necropolis\Demilich",17487,17487,7474,1
"A6A3AE9EFBD9087857B9E8F48A661E50BE62A4DD","Editor\IconCache\AdvMapObjectLink\MapObjects\_(AdvMapObjectLink)\Monsters\Necropolis\Ghost",17486,17486,8048,1
"A6A3AE9EFBD9087857B9E8F48A661E50BE62A4DD","Editor\IconCache\AdvMapObjectLink\MapObjects\_(AdvMapObjectLink)\Monsters\Necropolis\Ghost_Dragon",17491,17491,2157,1
"A6A3AE9EFBD9087857B9E8F48A661E50BE62A4DD","Editor\IconCache\AdvMapObjectLink\MapObjects\_(AdvMapObjectLink)\Monsters\Necropolis\Lich",17483,17483,6679,1
"A6A3AE9EFBD9087857B9E8F48A661E50BE62A4DD","Editor\IconCache\AdvMapObjectLink\MapObjects\_(AdvMapObjectLink)\Monsters\Necropolis\Manes",17484,17484,7666,1
"A6A3AE9EFBD9087857B9E8F48A661E50BE62A4DD","Editor\IconCache\AdvMapObjectLink\MapObjects\_(AdvMapObjectLink)\Monsters\Necropolis\ShadowDragon",17494,17494,7290,1
"A6A3AE9EFBD9087857B9E8F48A661E50BE62A4DD","Editor\IconCache\AdvMapObjectLink\MapObjects\_(AdvMapObjectLink)\Monsters\Necropolis\Skeleton",17487,17487,5406,1
"A6A3AE9EFBD9087857B9E8F48A661E50BE62A4DD","Editor\IconCache\AdvMapObjectLink\MapObjects\_(AdvMapObjectLink)\Monsters\Necropolis\Skeleton_Archer",17494,17494,4920,1
"A6A3AE9EFBD9087857B9E8F48A661E50BE62A4DD","Editor\IconCache\AdvMapObjectLink\MapObjects\_(AdvMapObjectLink)\Monsters\Necropolis\Vampire",17486,17486,5759,1
"A6A3AE9EFBD9087857B9E8F48A661E50BE62A4DD","Editor\IconCache\AdvMapObjectLink\MapObjects\_(AdvMapObjectLink)\Monsters\Necropolis\Vampire_Lord",17491,17491,5727,1
"A6A3AE9EFBD9087857B9E8F48A661E50BE62A4DD","Editor\IconCache\AdvMapObjectLink\MapObjects\_(AdvMapObjectLink)\Monsters\Necropolis\Walking_Dead",17485,17485,7184,1
"A6A3AE9EFBD9087857B9E8F48A661E50BE62A4DD","Editor\IconCache\AdvMapObjectLink\MapObjects\_(AdvMapObjectLink)\Monsters\Necropolis\Wight",17485,17485,7794,1
"A6A3AE9EFBD9087857B9E8F48A661E50BE62A4DD","Editor\IconCache\AdvMapObjectLink\MapObjects\_(AdvMapObjectLink)\Monsters\Necropolis\Wraith",17485,17485,9615,1
"A6A3AE9EFBD9087857B9E8F48A661E50BE62A4DD","Editor\IconCache\AdvMapObjectLink\MapObjects\_(AdvMapObjectLink)\Monsters\Necropolis\Zombie",17492,17492,8282,1
"A6A3AE9EFBD9087857B9E8F48A661E50BE62A4DD","Editor\IconCache\AdvMapObjectLink\MapObjects\_(AdvMapObjectLink)\Monsters\Neutral\Air_Elemental",17492,17492,7249,1
"A6A3AE9EFBD9087857B9E8F48A661E50BE62A4DD","Editor\IconCache\AdvMapObjectLink\MapObjects\_(AdvMapObjectLink)\Monsters\Neutral\Crystal_Dragon",17488,17488,2150,1
"A6A3AE9EFBD9087857B9E8F48A661E50BE62A4DD","Editor\IconCache\AdvMapObjectLink\MapObjects\_(AdvMapObjectLink)\Monsters\Neutral\Death_Knight",17491,17491,9821,1
"A6A3AE9EFBD9087857B9E8F48A661E50BE62A4DD","Editor\IconCache\AdvMapObjectLink\MapObjects\_(AdvMapObjectLink)\Monsters\Neutral\Earth_Elemental",17494,17494,8788,1
"A6A3AE9EFBD9087857B9E8F48A661E50BE62A4DD","Editor\IconCache\AdvMapObjectLink\MapObjects\_(AdvMapObjectLink)\Monsters\Neutral\Fire_Elemental",17493,17493,10324,1
"A6A3AE9EFBD9087857B9E8F48A661E50BE62A4DD","Editor\IconCache\AdvMapObjectLink\MapObjects\_(AdvMapObjectLink)\Monsters\Neutral\Naga",17483,17483,2143,1
"A6A3AE9EFBD9087857B9E8F48A661E50BE62A4DD","Editor\IconCache\AdvMapObjectLink\MapObjects\_(AdvMapObjectLink)\Monsters\Neutral\Phoenix",17486,17486,9748,1
"A6A3AE9EFBD9087857B9E8F48A661E50BE62A4DD","Editor\IconCache\AdvMapObjectLink\MapObjects\_(AdvMapObjectLink)\Monsters\Neutral\Water_Elemental",17494,17494,7092,1
"A6A3AE9EFBD9087857B9E8F48A661E50BE62A4DD","Editor\IconCache\AdvMapObjectLink\MapObjects\_(AdvMapObjectLink)\Monsters\Rampart\Blade juggler",17491,17491,5486,1
"A6A3AE9EFBD9087857B9E8F48A661E50BE62A4DD","Editor\IconCache\AdvMapObjectLink\MapObjects\_(AdvMapObjectLink)\Monsters\Rampart\Druid",17484,17484,5818,1
"A6A3AE9EFBD9087857B9E8F48A661E50BE62A4DD","Editor\IconCache\AdvMapObjectLink\MapObjects\_(AdvMapObjectLink)\Monsters\Rampart\Druid elder",17490,17490,7047,1
"A6A3AE9EFBD9087857B9E8F48A661E50BE62A4DD","Editor\IconCache\AdvMapObjectLink\MapObjects\_(AdvMapObjectLink)\Monsters\Rampart\Gold dragon",17493,17493,7381,1
"A6A3AE9EFBD9087857B9E8F48A661E50BE62A4DD","Editor\IconCache\AdvMapObjectLink\MapObjects\_(AdvMapObjectLink)\Monsters\Rampart\Grand elf",17492,17492,5613,1
"A6A3AE9EFBD9087857B9E8F48A661E50BE62A4DD","Editor\IconCache\AdvMapObjectLink\MapObjects\_(AdvMapObjectLink)\Monsters\Rampart\Green dragon",17491,17491,7755,1
"A6A3AE9EFBD9087857B9E8F48A661E50BE62A4DD","Editor\IconCache\AdvMapObjectLink\MapObjects\_(AdvMapObjectLink)\Monsters\Rampart\Pixie",17484,17484,5911,1
"A6A3AE9EFBD9087857B9E8F48A661E50BE62A4DD","Editor\IconCache\AdvMapObjectLink\MapObjects\_(AdvMapObjectLink)\Monsters\Rampart\Spite",17485,17485,5966,1
"A6A3AE9EFBD9087857B9E8F48A661E50BE62A4DD","Editor\IconCache\AdvMapObjectLink\MapObjects\_(AdvMapObjectLink)\Monsters\Rampart\Treant",17485,17485,6241,1
"A6A3AE9EFBD9087857B9E8F48A661E50BE62A4DD","Editor\IconCache\AdvMapObjectLink\MapObjects\_(AdvMapObjectLink)\Monsters\Rampart\Treant guardian",17493,17493,6383,1
"A6A3AE9EFBD9087857B9E8F48A661E50BE62A4DD","Editor\IconCache\AdvMapObjectLink\MapObjects\_(AdvMapObjectLink)\Monsters\Rampart\Unicorn",17486,17486,8417,1
"A6A3AE9EFBD9087857B9E8F48A661E50BE62A4DD","Editor\IconCache\AdvMapObjectLink\MapObjects\_(AdvMapObjectLink)\Monsters\Rampart\War dancer",17489,17489,5659,1
"A6A3AE9EFBD9087857B9E8F48A661E50BE62A4DD","Editor\IconCache\AdvMapObjectLink\MapObjects\_(AdvMapObjectLink)\Monsters\Rampart\War unicorn",17493,17493,7037,1
"A6A3AE9EFBD9087857B9E8F48A661E50BE62A4DD","Editor\IconCache\AdvMapObjectLink\MapObjects\_(AdvMapObjectLink)\Monsters\Rampart\Wood elf",17485,17485,5170,1
"A6A3AE9EFBD9087857B9E8F48A661E50BE62A4DD","Editor\IconCache\AdvMapObjectLink\MapObjects\_(AdvMapObjectLink)\Objects-All-Terra\Academy\Academy_Military_Post",17637,17637,7147,1
"A6A3AE9EFBD9087857B9E8F48A661E50BE62A4DD","Editor\IconCache\AdvMapObjectLink\MapObjects\_(AdvMapObjectLink)\Objects-All-Terra\Academy\Golem_Forge",17590,17590,5123,1
"A6A3AE9EFBD9087857B9E8F48A661E50BE62A4DD","Editor\IconCache\AdvMapObjectLink\MapObjects\_(AdvMapObjectLink)\Objects-All-Terra\Academy\Stone_Parapet",17600,17600,6725,1
"A6A3AE9EFBD9087857B9E8F48A661E50BE62A4DD","Editor\IconCache\AdvMapObjectLink\MapObjects\_(AdvMapObjectLink)\Objects-All-Terra\Academy\Workshop",17588,17588,6455,1
"A6A3AE9EFBD9087857B9E8F48A661E50BE62A4DD","Editor\IconCache\AdvMapObjectLink\MapObjects\_(AdvMapObjectLink)\Objects-All-Terra\Dungeon\Battle_Academy",17594,17594,6220,1
"A6A3AE9EFBD9087857B9E8F48A661E50BE62A4DD","Editor\IconCache\AdvMapObjectLink\MapObjects\_(AdvMapObjectLink)\Objects-All-Terra\Dungeon\Blood_Stone",17594,17594,5460,1
"A6A3AE9EFBD9087857B9E8F48A661E50BE62A4DD","Editor\IconCache\AdvMapObjectLink\MapObjects\_(AdvMapObjectLink)\Objects-All-Terra\Dungeon\Dungeon_Military_Post",17637,17637,6869,1
"A6A3AE9EFBD9087857B9E8F48A661E50BE62A4DD","Editor\IconCache\AdvMapObjectLink\MapObjects\_(AdvMapObjectLink)\Objects-All-Terra\Dungeon\Maze",17583,17583,5635,1
"A6A3AE9EFBD9087857B9E8F48A661E50BE62A4DD","Editor\IconCache\AdvMapObjectLink\MapObjects\_(AdvMapObjectLink)\Objects-All-Terra\Heaven\Archers_Tower",17584,17584,5509,1
"A6A3AE9EFBD9087857B9E8F48A661E50BE62A4DD","Editor\IconCache\AdvMapObjectLink\MapObjects\_(AdvMapObjectLink)\Objects-All-Terra\Heaven\Barracks",17578,17578,6156,1
"A6A3AE9EFBD9087857B9E8F48A661E50BE62A4DD","Editor\IconCache\AdvMapObjectLink\MapObjects\_(AdvMapObjectLink)\Objects-All-Terra\Heaven\Haven_Military_Post",17634,17634,4970,1
"A6A3AE9EFBD9087857B9E8F48A661E50BE62A4DD","Editor\IconCache\AdvMapObjectLink\MapObjects\_(AdvMapObjectLink)\Objects-All-Terra\Heaven\PeasantHut",17583,17583,7418,1
"A6A3AE9EFBD9087857B9E8F48A661E50BE62A4DD","Editor\IconCache\AdvMapObjectLink\MapObjects\_(AdvMapObjectLink)\Objects-All-Terra\Inferno\Demon_Gate",17593,17593,6543,1
"A6A3AE9EFBD9087857B9E8F48A661E50BE62A4DD","Editor\IconCache\AdvMapObjectLink\MapObjects\_(AdvMapObjectLink)\Objects-All-Terra\Inferno\Imp_Crucible",17576,17576,4323,1
"A6A3AE9EFBD9087857B9E8F48A661E50BE62A4DD","Editor\IconCache\AdvMapObjectLink\MapObjects\_(AdvMapObjectLink)\Objects-All-Terra\Inferno\Inferno_Military_Post",17638,17638,6630,1
"A6A3AE9EFBD9087857B9E8F48A661E50BE62A4DD","Editor\IconCache\AdvMapObjectLink\MapObjects\_(AdvMapObjectLink)\Objects-All-Terra\Inferno\Kennels",17593,17593,6041,1
"A6A3AE9EFBD9087857B9E8F48A661E50BE62A4DD","Editor\IconCache\AdvMapObjectLink\MapObjects\_(AdvMapObjectLink)\Objects-All-Terra\Mines\Abandoned_Mine",17593,17593,6461,1
"A6A3AE9EFBD9087857B9E8F48A661E50BE62A4DD","Editor\IconCache\AdvMapObjectLink\MapObjects\_(AdvMapObjectLink)\Objects-All-Terra\Mines\Alchemist_Lab",17527,17527,7287,1
"A6A3AE9EFBD9087857B9E8F48A661E50BE62A4DD","Editor\IconCache\AdvMapObjectLink\MapObjects\_(AdvMapObjectLink)\Objects-All-Terra\Mines\Crystal_Cavern",17529,17529,6468,1
"A6A3AE9EFBD9087857B9E8F48A661E50BE62A4DD","Editor\IconCache\AdvMapObjectLink\MapObjects\_(AdvMapObjectLink)\Objects-All-Terra\Mines\Gem_Pond",17519,17519,5872,1
"A6A3AE9EFBD9087857B9E8F48A661E50BE62A4DD","Editor\IconCache\AdvMapObjectLink\MapObjects\_(AdvMapObjectLink)\Objects-All-Terra\Mines\Gold_Mine",17515,17515,6351,1
"A6A3AE9EFBD9087857B9E8F48A661E50BE62A4DD","Editor\IconCache\AdvMapObjectLink\MapObjects\_(AdvMapObjectLink)\Objects-All-Terra\Mines\Ore_Pit",17518,17518,6099,1
"A6A3AE9EFBD9087857B9E8F48A661E50BE62A4DD","Editor\IconCache\AdvMapObjectLink\MapObjects\_(AdvMapObjectLink)\Objects-All-Terra\Mines\Sawmill",17519,17519,8374,1
"A6A3AE9EFBD9087857B9E8F48A661E50BE62A4DD","Editor\IconCache\AdvMapObjectLink\MapObjects\_(AdvMapObjectLink)\Objects-All-Terra\Mines\Sulfur_Dune",17527,17527,6372,1
"A6A3AE9EFBD9087857B9E8F48A661E50BE62A4DD","Editor\IconCache\AdvMapObjectLink\MapObjects\_(AdvMapObjectLink)\Objects-All-Terra\Necropolis\Forgotten_Crypt",17574,17574,6616,1
"A6A3AE9EFBD9087857B9E8F48A661E50BE62A4DD","Editor\IconCache\AdvMapObjectLink\MapObjects\_(AdvMapObjectLink)\Objects-All-Terra\Necropolis\Graveyard",17583,17583,3534,1
"A6A3AE9EFBD9087857B9E8F48A661E50BE62A4DD","Editor\IconCache\AdvMapObjectLink\MapObjects\_(AdvMapObjectLink)\Objects-All-Terra\Necropolis\Necropolis_Military_Post",17644,17644,5401,1
"A6A3AE9EFBD9087857B9E8F48A661E50BE62A4DD","Editor\IconCache\AdvMapObjectLink\MapObjects\_(AdvMapObjectLink)\Objects-All-Terra\Necropolis\Ruined_Tower",17581,17581,2718,1
"A6A3AE9EFBD9087857B9E8F48A661E50BE62A4DD","Editor\IconCache\AdvMapObjectLink\MapObjects\_(AdvMapObjectLink)\Objects-All-Terra\Neutral\Fire_Lake",17547,17547,3859,1
"A6A3AE9EFBD9087857B9E8F48A661E50BE62A4DD","Editor\IconCache\AdvMapObjectLink\MapObjects\_(AdvMapObjectLink)\Objects-All-Terra\Preserve\Fairie_Tree",17579,17579,6630,1
"A6A3AE9EFBD9087857B9E8F48A661E50BE62A4DD","Editor\IconCache\AdvMapObjectLink\MapObjects\_(AdvMapObjectLink)\Objects-All-Terra\Preserve\High_Cabins",17585,17585,7008,1
"A6A3AE9EFBD9087857B9E8F48A661E50BE62A4DD","Editor\IconCache\AdvMapObjectLink\MapObjects\_(AdvMapObjectLink)\Objects-All-Terra\Preserve\Preserve_Military_Post",17637,17637,6551,1
"A6A3AE9EFBD9087857B9E8F48A661E50BE62A4DD","Editor\IconCache\AdvMapObjectLink\MapObjects\_(AdvMapObjectLink)\Objects-All-Terra\Preserve\Wood_Guard_Quarters",17601,17601,8068,1
"A6A3AE9EFBD9087857B9E8F48A661E50BE62A4DD","Editor\IconCache\AdvMapObjectLink\MapObjects\_(AdvMapObjectLink)\Objects-All-Terra\Random\RandomDwelling1Link",17553,17553,4000,1
"A6A3AE9EFBD9087857B9E8F48A661E50BE62A4DD","Editor\IconCache\AdvMapObjectLink\MapObjects\_(AdvMapObjectLink)\Objects-All-Terra\Random\RandomDwelling2Link",17554,17554,3654,1
"A6A3AE9EFBD9087857B9E8F48A661E50BE62A4DD","Editor\IconCache\AdvMapObjectLink\MapObjects\_(AdvMapObjectLink)\Objects-All-Terra\Random\RandomDwelling3Link",17553,17553,4679,1
"A6A3AE9EFBD9087857B9E8F48A661E50BE62A4DD","Editor\IconCache\AdvMapObjectLink\MapObjects\_(AdvMapObjectLink)\Objects-All-Terra\Random\RandomDwelling4Link",17554,17554,4784,1
"A6A3AE9EFBD9087857B9E8F48A661E50BE62A4DD","Editor\IconCache\AdvMapObjectLink\MapObjects\_(AdvMapObjectLink)\Objects-All-Terra\Random\RandomDwelling5Link",17553,17553,4792,1
"A6A3AE9EFBD9087857B9E8F48A661E50BE62A4DD","Editor\IconCache\AdvMapObjectLink\MapObjects\_(AdvMapObjectLink)\Objects-All-Terra\Random\RandomDwelling6Link",17553,17553,4797,1
"A6A3AE9EFBD9087857B9E8F48A661E50BE62A4DD","Editor\IconCache\AdvMapObjectLink\MapObjects\_(AdvMapObjectLink)\Objects-All-Terra\Random\RandomDwelling7Link",17555,17555,4770,1
"A6A3AE9EFBD9087857B9E8F48A661E50BE62A4DD","Editor\IconCache\AdvMapObjectLink\MapObjects\_(AdvMapObjectLink)\Objects-Grass\Anthills\Anthill1x1_1",17491,17491,3402,1
"A6A3AE9EFBD9087857B9E8F48A661E50BE62A4DD","Editor\IconCache\AdvMapObjectLink\MapObjects\_(AdvMapObjectLink)\Objects-Grass\Anthills\Anthill1x1_2",17491,17491,4942,1
"A6A3AE9EFBD9087857B9E8F48A661E50BE62A4DD","Editor\IconCache\AdvMapObjectLink\MapObjects\_(AdvMapObjectLink)\Objects-Grass\Anthills\Anthill2x1_1",17491,17491,6048,1
"A6A3AE9EFBD9087857B9E8F48A661E50BE62A4DD","Editor\IconCache\AdvMapObjectLink\MapObjects\_(AdvMapObjectLink)\Objects-Grass\Anthills\Anthill2x1_2",17491,17491,6365,1
"A6A3AE9EFBD9087857B9E8F48A661E50BE62A4DD","Editor\IconCache\AdvMapObjectLink\MapObjects\_(AdvMapObjectLink)\Objects-Grass\Bridges\Bridge_1",17487,17487,6981,1
"A6A3AE9EFBD9087857B9E8F48A661E50BE62A4DD","Editor\IconCache\AdvMapObjectLink\MapObjects\_(AdvMapObjectLink)\Objects-Grass\Bridges\Bridge_1end",17490,17490,5837,1
"A6A3AE9EFBD9087857B9E8F48A661E50BE62A4DD","Editor\IconCache\AdvMapObjectLink\MapObjects\_(AdvMapObjectLink)\Objects-Grass\Bridges\Bridge_Dam",17489,17489,6199,1
"A6A3AE9EFBD9087857B9E8F48A661E50BE62A4DD","Editor\IconCache\AdvMapObjectLink\MapObjects\_(AdvMapObjectLink)\Objects-Grass\Bridges\Bridge_end_Dam",17493,17493,6141,1
"A6A3AE9EFBD9087857B9E8F48A661E50BE62A4DD","Editor\IconCache\AdvMapObjectLink\MapObjects\_(AdvMapObjectLink)\Objects-Grass\Bridges\Bridge_ManyDam",17493,17493,4258,1
"A6A3AE9EFBD9087857B9E8F48A661E50BE62A4DD","Editor\IconCache\AdvMapObjectLink\MapObjects\_(AdvMapObjectLink)\Objects-Grass\Bridges\Bridge_Statuy_Vvode",17498,17498,3070,1
"A6A3AE9EFBD9087857B9E8F48A661E50BE62A4DD","Editor\IconCache\AdvMapObjectLink\MapObjects\_(AdvMapObjectLink)\Objects-Grass\Bushs\Bush_08",17486,17486,4896,1
"A6A3AE9EFBD9087857B9E8F48A661E50BE62A4DD","Editor\IconCache\AdvMapObjectLink\MapObjects\_(AdvMapObjectLink)\Objects-Grass\Bushs\Bush_09",17486,17486,5496,1
"A6A3AE9EFBD9087857B9E8F48A661E50BE62A4DD","Editor\IconCache\AdvMapObjectLink\MapObjects\_(AdvMapObjectLink)\Objects-Grass\Bushs\Bush_10",17486,17486,7979,1
"A6A3AE9EFBD9087857B9E8F48A661E50BE62A4DD","Editor\IconCache\AdvMapObjectLink\MapObjects\_(AdvMapObjectLink)\Objects-Grass\Bushs\Ferns",17484,17484,4666,1
"A6A3AE9EFBD9087857B9E8F48A661E50BE62A4DD","Editor\IconCache\AdvMapObjectLink\MapObjects\_(AdvMapObjectLink)\Objects-Grass\Flowers\Corns",17484,17484,4922,1
"A6A3AE9EFBD9087857B9E8F48A661E50BE62A4DD","Editor\IconCache\AdvMapObjectLink\MapObjects\_(AdvMapObjectLink)\Objects-Grass\Flowers\FlowerGroup",17490,17490,3263,1
"A6A3AE9EFBD9087857B9E8F48A661E50BE62A4DD","Editor\IconCache\AdvMapObjectLink\MapObjects\_(AdvMapObjectLink)\Objects-Grass\Flowers\Sunflowers",17489,17489,5456,1
"A6A3AE9EFBD9087857B9E8F48A661E50BE62A4DD","Editor\IconCache\AdvMapObjectLink\MapObjects\_(AdvMapObjectLink)\Objects-Grass\Grass\Grass01",17486,17486,6224,1
"A6A3AE9EFBD9087857B9E8F48A661E50BE62A4DD","Editor\IconCache\AdvMapObjectLink\MapObjects\_(AdvMapObjectLink)\Objects-Grass\Grass\Grass02",17486,17486,5707,1
"A6A3AE9EFBD9087857B9E8F48A661E50BE62A4DD","Editor\IconCache\AdvMapObjectLink\MapObjects\_(AdvMapObjectLink)\Objects-Grass\Grass\Grass03",17486,17486,2204,1
"A6A3AE9EFBD9087857B9E8F48A661E50BE62A4DD","Editor\IconCache\AdvMapObjectLink\MapObjects\_(AdvMapObjectLink)\Objects-Grass\Grass\Rush01",17485,17485,7002,1
"A6A3AE9EFBD9087857B9E8F48A661E50BE62A4DD","Editor\IconCache\AdvMapObjectLink\MapObjects\_(AdvMapObjectLink)\Objects-Grass\Grass\Rush02",17485,17485,2473,1
"A6A3AE9EFBD9087857B9E8F48A661E50BE62A4DD","Editor\IconCache\AdvMapObjectLink\MapObjects\_(AdvMapObjectLink)\Objects-Grass\Misc\Fences",17485,17485,3512,1
"A6A3AE9EFBD9087857B9E8F48A661E50BE62A4DD","Editor\IconCache\AdvMapObjectLink\MapObjects\_(AdvMapObjectLink)\Objects-Grass\Misc\Fireflies_01",17491,17491,112,1
"A6A3AE9EFBD9087857B9E8F48A661E50BE62A4DD","Editor\IconCache\AdvMapObjectLink\MapObjects\_(AdvMapObjectLink)\Objects-Grass\Misc\Haystock_01",17490,17490,6073,1
"A6A3AE9EFBD9087857B9E8F48A661E50BE62A4DD","Editor\IconCache\AdvMapObjectLink\MapObjects\_(AdvMapObjectLink)\Objects-Grass\Misc\Haystock_02",17490,17490,6892,1
"A6A3AE9EFBD9087857B9E8F48A661E50BE62A4DD","Editor\IconCache\AdvMapObjectLink\MapObjects\_(AdvMapObjectLink)\Objects-Grass\Misc\Pumpkin",17486,17486,4944,1
"A6A3AE9EFBD9087857B9E8F48A661E50BE62A4DD","Editor\IconCache\AdvMapObjectLink\MapObjects\_(AdvMapObjectLink)\Objects-Grass\Misc\Scarecow_01",17490,17490,3412,1
"A6A3AE9EFBD9087857B9E8F48A661E50BE62A4DD","Editor\IconCache\AdvMapObjectLink\MapObjects\_(AdvMapObjectLink)\Objects-Grass\Mountains\Mountain10x10",17492,17492,8210,1
"A6A3AE9EFBD9087857B9E8F48A661E50BE62A4DD","Editor\IconCache\AdvMapObjectLink\MapObjects\_(AdvMapObjectLink)\Objects-Grass\Mountains\Mountain12x12_1",17494,17494,9822,1
"A6A3AE9EFBD9087857B9E8F48A661E50BE62A4DD","Editor\IconCache\AdvMapObjectLink\MapObjects\_(AdvMapObjectLink)\Objects-Grass\Mountains\Mountain8x8",17490,17490,7860,1
"A6A3AE9EFBD9087857B9E8F48A661E50BE62A4DD","Editor\IconCache\AdvMapObjectLink\MapObjects\_(AdvMapObjectLink)\Objects-Grass\Mushrooms\Mushrooms",17488,17488,2411,1
"A6A3AE9EFBD9087857B9E8F48A661E50BE62A4DD","Editor\IconCache\AdvMapObjectLink\MapObjects\_(AdvMapObjectLink)\Objects-Grass\Rays\Rays_01",17486,17486,7274,1
"A6A3AE9EFBD9087857B9E8F48A661E50BE62A4DD","Editor\IconCache\AdvMapObjectLink\MapObjects\_(AdvMapObjectLink)\Objects-Grass\Rocks\Rock1x1_1",17488,17488,3688,1
"A6A3AE9EFBD9087857B9E8F48A661E50BE62A4DD","Editor\IconCache\AdvMapObjectLink\MapObjects\_(AdvMapObjectLink)\Objects-Grass\Rocks\Rock1x1_2",17488,17488,4339,1
"A6A3AE9EFBD9087857B9E8F48A661E50BE62A4DD","Editor\IconCache\AdvMapObjectLink\MapObjects\_(AdvMapObjectLink)\Objects-Grass\Rocks\Rock1x1_3",17488,17488,3553,1
"A6A3AE9EFBD9087857B9E8F48A661E50BE62A4DD","Editor\IconCache\AdvMapObjectLink\MapObjects\_(AdvMapObjectLink)\Objects-Grass\Rocks\Rock1x1_4",17488,17488,2470,1
"A6A3AE9EFBD9087857B9E8F48A661E50BE62A4DD","Editor\IconCache\AdvMapObjectLink\MapObjects\_(AdvMapObjectLink)\Objects-Grass\Rocks\Rock1x1_5",17488,17488,3140,1
"A6A3AE9EFBD9087857B9E8F48A661E50BE62A4DD","Editor\IconCache\AdvMapObjectLink\MapObjects\_(AdvMapObjectLink)\Objects-Grass\Rocks\Rock1x1_6",17488,17488,2822,1
"A6A3AE9EFBD9087857B9E8F48A661E50BE62A4DD","Editor\IconCache\AdvMapObjectLink\MapObjects\_(AdvMapObjectLink)\Objects-Grass\Rocks\Rock1x1_7",17488,17488,2848,1
"A6A3AE9EFBD9087857B9E8F48A661E50BE62A4DD","Editor\IconCache\AdvMapObjectLink\MapObjects\_(AdvMapObjectLink)\Objects-Grass\Rocks\Rock1x1_8",17488,17488,1881,1
"A6A3AE9EFBD9087857B9E8F48A661E50BE62A4DD","Editor\IconCache\AdvMapObjectLink\MapObjects\_(AdvMapObjectLink)\Objects-Grass\Rocks\Rock1x1_9",17488,17488,3359,1
"A6A3AE9EFBD9087857B9E8F48A661E50BE62A4DD","Editor\IconCache\AdvMapObjectLink\MapObjects\_(AdvMapObjectLink)\Objects-Grass\Rocks\Rock2x1_1",17488,17488,2965,1
"A6A3AE9EFBD9087857B9E8F48A661E50BE62A4DD","Editor\IconCache\AdvMapObjectLink\MapObjects\_(AdvMapObjectLink)\Objects-Grass\Rocks\Rock2x1_2",17488,17488,2252,1
"A6A3AE9EFBD9087857B9E8F48A661E50BE62A4DD","Editor\IconCache\AdvMapObjectLink\MapObjects\_(AdvMapObjectLink)\Objects-Grass\Stones\Stone_1",17486,17486,7296,1
"A6A3AE9EFBD9087857B9E8F48A661E50BE62A4DD","Editor\IconCache\AdvMapObjectLink\MapObjects\_(AdvMapObjectLink)\Objects-Grass\Stones\Stone_2",17486,17486,8664,1
"A6A3AE9EFBD9087857B9E8F48A661E50BE62A4DD","Editor\IconCache\AdvMapObjectLink\MapObjects\_(AdvMapObjectLink)\Objects-Grass\Trees\Bigtree",17486,17486,9638,1
"A6A3AE9EFBD9087857B9E8F48A661E50BE62A4DD","Editor\IconCache\AdvMapObjectLink\MapObjects\_(AdvMapObjectLink)\Objects-Grass\Trees\Log1x1_1",17487,17487,575,1
"A6A3AE9EFBD9087857B9E8F48A661E50BE62A4DD","Editor\IconCache\AdvMapObjectLink\MapObjects\_(AdvMapObjectLink)\Objects-Grass\Trees\Log1x1_2",17487,17487,520,1
"A6A3AE9EFBD9087857B9E8F48A661E50BE62A4DD","Editor\IconCache\AdvMapObjectLink\MapObjects\_(AdvMapObjectLink)\Objects-Grass\Trees\Log2x1_1",17487,17487,722,1
"A6A3AE9EFBD9087857B9E8F48A661E50BE62A4DD","Editor\IconCache\AdvMapObjectLink\MapObjects\_(AdvMapObjectLink)\Objects-Grass\Trees\Stump1",17485,17485,1516,1
"A6A3AE9EFBD9087857B9E8F48A661E50BE62A4DD","Editor\IconCache\AdvMapObjectLink\MapObjects\_(AdvMapObjectLink)\Objects-Grass\Trees\Stump2",17485,17485,969,1
"A6A3AE9EFBD9087857B9E8F48A661E50BE62A4DD","Editor\IconCache\AdvMapObjectLink\MapObjects\_(AdvMapObjectLink)\Objects-Grass\Trees\Stump3",17485,17485,1483,1
"A6A3AE9EFBD9087857B9E8F48A661E50BE62A4DD","Editor\IconCache\AdvMapObjectLink\MapObjects\_(AdvMapObjectLink)\Objects-Lava\Bridges\BridgLava",17488,17488,7467,1
"A6A3AE9EFBD9087857B9E8F48A661E50BE62A4DD","Editor\IconCache\AdvMapObjectLink\MapObjects\_(AdvMapObjectLink)\Objects-Lava\Bridges\BridgLava_end",17492,17492,6868,1
"A6A3AE9EFBD9087857B9E8F48A661E50BE62A4DD","Editor\IconCache\AdvMapObjectLink\MapObjects\_(AdvMapObjectLink)\Objects-Lava\Chains\Lavachain01",17490,17490,3648,1
"A6A3AE9EFBD9087857B9E8F48A661E50BE62A4DD","Editor\IconCache\AdvMapObjectLink\MapObjects\_(AdvMapObjectLink)\Objects-Lava\Craters\Crater_10x10_1",17493,17493,12911,1
"A6A3AE9EFBD9087857B9E8F48A661E50BE62A4DD","Editor\IconCache\AdvMapObjectLink\MapObjects\_(AdvMapObjectLink)\Objects-Lava\Craters\Crater_10x10_2",17493,17493,12872,1
"A6A3AE9EFBD9087857B9E8F48A661E50BE62A4DD","Editor\IconCache\AdvMapObjectLink\MapObjects\_(AdvMapObjectLink)\Objects-Lava\Craters\Crater_10x10_3",17493,17493,12804,1
"A6A3AE9EFBD9087857B9E8F48A661E50BE62A4DD","Editor\IconCache\AdvMapObjectLink\MapObjects\_(AdvMapObjectLink)\Objects-Lava\Craters\Crater_12x10",17491,17491,12912,1
"A6A3AE9EFBD9087857B9E8F48A661E50BE62A4DD","Editor\IconCache\AdvMapObjectLink\MapObjects\_(AdvMapObjectLink)\Objects-Lava\Craters\Crater_12x9",17490,17490,11804,1
"A6A3AE9EFBD9087857B9E8F48A661E50BE62A4DD","Editor\IconCache\AdvMapObjectLink\MapObjects\_(AdvMapObjectLink)\Objects-Lava\Crystals\CrystalMana",17490,17490,4449,1
"A6A3AE9EFBD9087857B9E8F48A661E50BE62A4DD","Editor\IconCache\AdvMapObjectLink\MapObjects\_(AdvMapObjectLink)\Objects-Lava\FireDots\FireDot01",17488,17488,3648,1
"A6A3AE9EFBD9087857B9E8F48A661E50BE62A4DD","Editor\IconCache\AdvMapObjectLink\MapObjects\_(AdvMapObjectLink)\Objects-Lava\FireDots\FireDot02",17488,17488,4413,1
"A6A3AE9EFBD9087857B9E8F48A661E50BE62A4DD","Editor\IconCache\AdvMapObjectLink\MapObjects\_(AdvMapObjectLink)\Objects-Lava\FireDots\FireDot03",17488,17488,3192,1
"A6A3AE9EFBD9087857B9E8F48A661E50BE62A4DD","Editor\IconCache\AdvMapObjectLink\MapObjects\_(AdvMapObjectLink)\Objects-Lava\FireDots\FireDot04",17488,17488,4391,1
"A6A3AE9EFBD9087857B9E8F48A661E50BE62A4DD","Editor\IconCache\AdvMapObjectLink\MapObjects\_(AdvMapObjectLink)\Objects-Lava\Lavacracks\Lavacrack3x2_1",17493,17493,10058,1
"A6A3AE9EFBD9087857B9E8F48A661E50BE62A4DD","Editor\IconCache\AdvMapObjectLink\MapObjects\_(AdvMapObjectLink)\Objects-Lava\Lavacracks\Lavacrack3x2_2",17493,17493,10233,1
"A6A3AE9EFBD9087857B9E8F48A661E50BE62A4DD","Editor\IconCache\AdvMapObjectLink\MapObjects\_(AdvMapObjectLink)\Objects-Lava\Lavacracks\Lavacrack3x2_3",17493,17493,9794,1
"A6A3AE9EFBD9087857B9E8F48A661E50BE62A4DD","Editor\IconCache\AdvMapObjectLink\MapObjects\_(AdvMapObjectLink)\Objects-Lava\Lavacracks\Lavacrack3x2_4",17493,17493,9856,1
"A6A3AE9EFBD9087857B9E8F48A661E50BE62A4DD","Editor\IconCache\AdvMapObjectLink\MapObjects\_(AdvMapObjectLink)\Objects-Lava\Lavacracks\Lavacrack5x3_1",17493,17493,8665,1
"A6A3AE9EFBD9087857B9E8F48A661E50BE62A4DD","Editor\IconCache\AdvMapObjectLink\MapObjects\_(AdvMapObjectLink)\Objects-Lava\Lavacracks\Lavacrack5x3_2",17493,17493,8672,1
"A6A3AE9EFBD9087857B9E8F48A661E50BE62A4DD","Editor\IconCache\AdvMapObjectLink\MapObjects\_(AdvMapObjectLink)\Objects-Lava\Lavacracks\Lavacrack5x3_3",17493,17493,9003,1
"A6A3AE9EFBD9087857B9E8F48A661E50BE62A4DD","Editor\IconCache\AdvMapObjectLink\MapObjects\_(AdvMapObjectLink)\Objects-Lava\Lavacracks\Lavacrack5x3_4",17493,17493,9138,1
"A6A3AE9EFBD9087857B9E8F48A661E50BE62A4DD","Editor\IconCache\AdvMapObjectLink\MapObjects\_(AdvMapObjectLink)\Objects-Lava\Lavacracks\Lavacrack7x2_1",17493,17493,4855,1
"A6A3AE9EFBD9087857B9E8F48A661E50BE62A4DD","Editor\IconCache\AdvMapObjectLink\MapObjects\_(AdvMapObjectLink)\Objects-Lava\Lavacracks\Lavacrack7x4_1",17493,17493,8579,1
"A6A3AE9EFBD9087857B9E8F48A661E50BE62A4DD","Editor\IconCache\AdvMapObjectLink\MapObjects\_(AdvMapObjectLink)\Objects-Lava\Lavacracks\Lavacrack7x5_1",17493,17493,10407,1
"A6A3AE9EFBD9087857B9E8F48A661E50BE62A4DD","Editor\IconCache\AdvMapObjectLink\MapObjects\_(AdvMapObjectLink)\Objects-Lava\LavaStones\LavaStone_1",17490,17490,5716,1
"A6A3AE9EFBD9087857B9E8F48A661E50BE62A4DD","Editor\IconCache\AdvMapObjectLink\MapObjects\_(AdvMapObjectLink)\Objects-Lava\LavaStones\LavaStone_10",17491,17491,5295,1
"A6A3AE9EFBD9087857B9E8F48A661E50BE62A4DD","Editor\IconCache\AdvMapObjectLink\MapObjects\_(AdvMapObjectLink)\Objects-Lava\LavaStones\LavaStone_2",17490,17490,4397,1
"A6A3AE9EFBD9087857B9E8F48A661E50BE62A4DD","Editor\IconCache\AdvMapObjectLink\MapObjects\_(AdvMapObjectLink)\Objects-Lava\LavaStones\LavaStone_3",17490,17490,5047,1
"A6A3AE9EFBD9087857B9E8F48A661E50BE62A4DD","Editor\IconCache\AdvMapObjectLink\MapObjects\_(AdvMapObjectLink)\Objects-Lava\LavaStones\LavaStone_4",17490,17490,4842,1
"A6A3AE9EFBD9087857B9E8F48A661E50BE62A4DD","Editor\IconCache\AdvMapObjectLink\MapObjects\_(AdvMapObjectLink)\Objects-Lava\LavaStones\LavaStone_5",17490,17490,5522,1
"A6A3AE9EFBD9087857B9E8F48A661E50BE62A4DD","Editor\IconCache\AdvMapObjectLink\MapObjects\_(AdvMapObjectLink)\Objects-Lava\LavaStones\LavaStone_6",17490,17490,5557,1
"A6A3AE9EFBD9087857B9E8F48A661E50BE62A4DD","Editor\IconCache\AdvMapObjectLink\MapObjects\_(AdvMapObjectLink)\Objects-Lava\LavaStones\LavaStone_7",17490,17490,6807,1
"A6A3AE9EFBD9087857B9E8F48A661E50BE62A4DD","Editor\IconCache\AdvMapObjectLink\MapObjects\_(AdvMapObjectLink)\Objects-Lava\LavaStones\LavaStone_8",17490,17490,7196,1
"A6A3AE9EFBD9087857B9E8F48A661E50BE62A4DD","Editor\IconCache\AdvMapObjectLink\MapObjects\_(AdvMapObjectLink)\Objects-Lava\LavaStones\LavaStone_9",17490,17490,7777,1
"A6A3AE9EFBD9087857B9E8F48A661E50BE62A4DD","Editor\IconCache\AdvMapObjectLink\MapObjects\_(AdvMapObjectLink)\Objects-Lava\Mountains\Mountain10x7",17491,17491,4178,1
"A6A3AE9EFBD9087857B9E8F48A661E50BE62A4DD","Editor\IconCache\AdvMapObjectLink\MapObjects\_(AdvMapObjectLink)\Objects-Lava\Mountains\Mountain4x3_1",17492,17492,4710,1
"A6A3AE9EFBD9087857B9E8F48A661E50BE62A4DD","Editor\IconCache\AdvMapObjectLink\MapObjects\_(AdvMapObjectLink)\Objects-Lava\Mountains\Mountain4x3_2",17492,17492,4935,1
"A6A3AE9EFBD9087857B9E8F48A661E50BE62A4DD","Editor\IconCache\AdvMapObjectLink\MapObjects\_(AdvMapObjectLink)\Objects-Lava\Mountains\Mountain4x3_3",17492,17492,4967,1
"A6A3AE9EFBD9087857B9E8F48A661E50BE62A4DD","Editor\IconCache\AdvMapObjectLink\MapObjects\_(AdvMapObjectLink)\Objects-Lava\Mountains\Mountain4x3_4",17492,17492,5651,1
"A6A3AE9EFBD9087857B9E8F48A661E50BE62A4DD","Editor\IconCache\AdvMapObjectLink\MapObjects\_(AdvMapObjectLink)\Objects-Lava\Mountains\Mountain8x12",17491,17491,5070,1
"A6A3AE9EFBD9087857B9E8F48A661E50BE62A4DD","Editor\IconCache\AdvMapObjectLink\MapObjects\_(AdvMapObjectLink)\Objects-Lava\Mountains\Mountain8x4_1",17492,17492,4712,1
"A6A3AE9EFBD9087857B9E8F48A661E50BE62A4DD","Editor\IconCache\AdvMapObjectLink\MapObjects\_(AdvMapObjectLink)\Objects-Lava\Mountains\Mountain8x4_2",17492,17492,4758,1
"A6A3AE9EFBD9087857B9E8F48A661E50BE62A4DD","Editor\IconCache\AdvMapObjectLink\MapObjects\_(AdvMapObjectLink)\Objects-Lava\Mountains\Mountain8x4_3",17492,17492,4692,1
"A6A3AE9EFBD9087857B9E8F48A661E50BE62A4DD","Editor\IconCache\AdvMapObjectLink\MapObjects\_(AdvMapObjectLink)\Objects-Lava\Mountains\Mountain8x4_4",17492,17492,5484,1
"A6A3AE9EFBD9087857B9E8F48A661E50BE62A4DD","Editor\IconCache\AdvMapObjectLink\MapObjects\_(AdvMapObjectLink)\Objects-Sand\Cactus\Cactus01",17487,17487,4659,1
"A6A3AE9EFBD9087857B9E8F48A661E50BE62A4DD","Editor\IconCache\AdvMapObjectLink\MapObjects\_(AdvMapObjectLink)\Objects-Sand\Cactus\Cactus_02",17488,17488,1861,1
"A6A3AE9EFBD9087857B9E8F48A661E50BE62A4DD","Editor\IconCache\AdvMapObjectLink\MapObjects\_(AdvMapObjectLink)\Objects-Sand\Cactus\Cactus_03",17488,17488,3192,1
"A6A3AE9EFBD9087857B9E8F48A661E50BE62A4DD","Editor\IconCache\AdvMapObjectLink\MapObjects\_(AdvMapObjectLink)\Objects-Sand\Cactus\Cactus_04",17488,17488,3761,1
"A6A3AE9EFBD9087857B9E8F48A661E50BE62A4DD","Editor\IconCache\AdvMapObjectLink\MapObjects\_(AdvMapObjectLink)\Objects-Sand\Cactus\Cactus_05",17488,17488,2154,1
"A6A3AE9EFBD9087857B9E8F48A661E50BE62A4DD","Editor\IconCache\AdvMapObjectLink\MapObjects\_(AdvMapObjectLink)\Objects-Sand\Cactus\Cactus_06",17488,17488,3370,1
"A6A3AE9EFBD9087857B9E8F48A661E50BE62A4DD","Editor\IconCache\AdvMapObjectLink\MapObjects\_(AdvMapObjectLink)\Objects-Sand\Cactus\Cactus_07",17488,17488,2037,1
"A6A3AE9EFBD9087857B9E8F48A661E50BE62A4DD","Editor\IconCache\AdvMapObjectLink\MapObjects\_(AdvMapObjectLink)\Objects-Sand\Cactus\Cactus_08",17488,17488,1561,1
"A6A3AE9EFBD9087857B9E8F48A661E50BE62A4DD","Editor\IconCache\AdvMapObjectLink\MapObjects\_(AdvMapObjectLink)\Objects-Sand\Craters\Crater4x3_1",17490,17490,7844,1
"A6A3AE9EFBD9087857B9E8F48A661E50BE62A4DD","Editor\IconCache\AdvMapObjectLink\MapObjects\_(AdvMapObjectLink)\Objects-Sand\Craters\Crater4x3_2",17490,17490,8901,1
"A6A3AE9EFBD9087857B9E8F48A661E50BE62A4DD","Editor\IconCache\AdvMapObjectLink\MapObjects\_(AdvMapObjectLink)\Objects-Sand\Craters\Crater8x6_1",17490,17490,9600,1
"A6A3AE9EFBD9087857B9E8F48A661E50BE62A4DD","Editor\IconCache\AdvMapObjectLink\MapObjects\_(AdvMapObjectLink)\Objects-Sand\Craters\Crater8x6_2",17490,17490,9862,1
"A6A3AE9EFBD9087857B9E8F48A661E50BE62A4DD","Editor\IconCache\AdvMapObjectLink\MapObjects\_(AdvMapObjectLink)\Objects-Sand\Craters\Crater8x6_3",17490,17490,9804,1
"A6A3AE9EFBD9087857B9E8F48A661E50BE62A4DD","Editor\IconCache\AdvMapObjectLink\MapObjects\_(AdvMapObjectLink)\Objects-Sand\Dinobones\Dinobones01",17490,17490,4538,1
"A6A3AE9EFBD9087857B9E8F48A661E50BE62A4DD","Editor\IconCache\AdvMapObjectLink\MapObjects\_(AdvMapObjectLink)\Objects-Sand\Dinobones\Dinobones02",17490,17490,5488,1
"A6A3AE9EFBD9087857B9E8F48A661E50BE62A4DD","Editor\IconCache\AdvMapObjectLink\MapObjects\_(AdvMapObjectLink)\Objects-Sand\Dinobones\Dinobones03",17490,17490,5090,1
"A6A3AE9EFBD9087857B9E8F48A661E50BE62A4DD","Editor\IconCache\AdvMapObjectLink\MapObjects\_(AdvMapObjectLink)\Objects-Sand\sandstones\Stone1x1_01",17490,17490,4637,1
"A6A3AE9EFBD9087857B9E8F48A661E50BE62A4DD","Editor\IconCache\AdvMapObjectLink\MapObjects\_(AdvMapObjectLink)\Objects-Sand\sandstones\Stone1x1_02",17490,17490,2450,1
"A6A3AE9EFBD9087857B9E8F48A661E50BE62A4DD","Editor\IconCache\AdvMapObjectLink\MapObjects\_(AdvMapObjectLink)\Objects-Sand\sandstones\Stone1x1_03",17490,17490,3577,1
"A6A3AE9EFBD9087857B9E8F48A661E50BE62A4DD","Editor\IconCache\AdvMapObjectLink\MapObjects\_(AdvMapObjectLink)\Objects-Sand\sandstones\Stone1x1_04",17490,17490,2389,1
"A6A3AE9EFBD9087857B9E8F48A661E50BE62A4DD","Editor\IconCache\AdvMapObjectLink\MapObjects\_(AdvMapObjectLink)\Objects-Sand\sandstones\Stone1x2_01",17490,17490,3365,1
"A6A3AE9EFBD9087857B9E8F48A661E50BE62A4DD","Editor\IconCache\AdvMapObjectLink\MapObjects\_(AdvMapObjectLink)\Objects-Sand\sandstones\Stone1x2_02",17490,17490,3576,1
"A6A3AE9EFBD9087857B9E8F48A661E50BE62A4DD","Editor\IconCache\AdvMapObjectLink\MapObjects\_(AdvMapObjectLink)\Objects-Sand\sandstones\Stone3x3_1",17489,17489,4026,1
"A6A3AE9EFBD9087857B9E8F48A661E50BE62A4DD","Editor\IconCache\AdvMapObjectLink\MapObjects\_(AdvMapObjectLink)\Objects-Sand\sandstones\Stone3x3_2",17489,17489,4120,1
"A6A3AE9EFBD9087857B9E8F48A661E50BE62A4DD","Editor\IconCache\AdvMapObjectLink\MapObjects\_(AdvMapObjectLink)\Objects-Sand\sandstones\Stone_2x2_01",17491,17491,2935,1
"A6A3AE9EFBD9087857B9E8F48A661E50BE62A4DD","Editor\IconCache\AdvMapObjectLink\MapObjects\_(AdvMapObjectLink)\Objects-Sand\sandstones\Stone_2x2_02",17491,17491,2900,1
"A6A3AE9EFBD9087857B9E8F48A661E50BE62A4DD","Editor\IconCache\AdvMapObjectLink\MapObjects\_(AdvMapObjectLink)\Objects-Sand\sandtrees\sandtree01",17489,17489,2778,1
"A6A3AE9EFBD9087857B9E8F48A661E50BE62A4DD","Editor\IconCache\AdvMapObjectLink\MapObjects\_(AdvMapObjectLink)\Objects-Sand\sandtrees\sandtree02",17489,17489,2984,1
"A6A3AE9EFBD9087857B9E8F48A661E50BE62A4DD","Editor\IconCache\AdvMapObjectLink\MapObjects\_(AdvMapObjectLink)\Objects-Sand\sandtrees\sandtrees03",17490,17490,2516,1
"A6A3AE9EFBD9087857B9E8F48A661E50BE62A4DD","Editor\IconCache\AdvMapObjectLink\MapObjects\_(AdvMapObjectLink)\Objects-Sand\sandtrees\sandtrees04",17490,17490,2671,1
"A6A3AE9EFBD9087857B9E8F48A661E50BE62A4DD","Editor\IconCache\AdvMapObjectLink\MapObjects\_(AdvMapObjectLink)\Objects-Sand\sand_mountains\SandMount10x10_1",17495,17495,9581,1
"A6A3AE9EFBD9087857B9E8F48A661E50BE62A4DD","Editor\IconCache\AdvMapObjectLink\MapObjects\_(AdvMapObjectLink)\Objects-Sand\sand_mountains\sandmount10x10_2",17495,17495,7974,1
"A6A3AE9EFBD9087857B9E8F48A661E50BE62A4DD","Editor\IconCache\AdvMapObjectLink\MapObjects\_(AdvMapObjectLink)\Objects-Sand\sand_mountains\SandMount10x10_3",17495,17495,8973,1
"A6A3AE9EFBD9087857B9E8F48A661E50BE62A4DD","Editor\IconCache\AdvMapObjectLink\MapObjects\_(AdvMapObjectLink)\Objects-Sand\sand_mountains\SandMount5x5_1",17493,17493,4347,1
"A6A3AE9EFBD9087857B9E8F48A661E50BE62A4DD","Editor\IconCache\AdvMapObjectLink\MapObjects\_(AdvMapObjectLink)\Objects-Sand\sand_mountains\SandMount5x5_2",17493,17493,5292,1
"A6A3AE9EFBD9087857B9E8F48A661E50BE62A4DD","Editor\IconCache\AdvMapObjectLink\MapObjects\_(AdvMapObjectLink)\Objects-Sand\sand_mountains\sandmount8x6_1",17493,17493,6549,1
"A6A3AE9EFBD9087857B9E8F48A661E50BE62A4DD","Editor\IconCache\AdvMapObjectLink\MapObjects\_(AdvMapObjectLink)\Objects-Sand\sand_mountains\SandMount8x8_1",17493,17493,8644,1
"A6A3AE9EFBD9087857B9E8F48A661E50BE62A4DD","Editor\IconCache\AdvMapObjectLink\MapObjects\_(AdvMapObjectLink)\Objects-Sand\sand_mountains\SandMount8x8_2",17493,17493,8559,1
"A6A3AE9EFBD9087857B9E8F48A661E50BE62A4DD","Editor\IconCache\AdvMapObjectLink\MapObjects\_(AdvMapObjectLink)\Objects-Subterra\Columns\Column_3x3_01",17492,17492,3981,1
"A6A3AE9EFBD9087857B9E8F48A661E50BE62A4DD","Editor\IconCache\AdvMapObjectLink\MapObjects\_(AdvMapObjectLink)\Objects-Subterra\Columns\Column_3x3_04",17492,17492,4658,1
"A6A3AE9EFBD9087857B9E8F48A661E50BE62A4DD","Editor\IconCache\AdvMapObjectLink\MapObjects\_(AdvMapObjectLink)\Objects-Subterra\Columns\Column_5x5_05",17492,17492,4861,1
"A6A3AE9EFBD9087857B9E8F48A661E50BE62A4DD","Editor\IconCache\AdvMapObjectLink\MapObjects\_(AdvMapObjectLink)\Objects-Subterra\Columns\Column_5x5_06",17492,17492,4744,1
"A6A3AE9EFBD9087857B9E8F48A661E50BE62A4DD","Editor\IconCache\AdvMapObjectLink\MapObjects\_(AdvMapObjectLink)\Objects-Subterra\Columns\Column_7x7_02",17492,17492,4625,1
"A6A3AE9EFBD9087857B9E8F48A661E50BE62A4DD","Editor\IconCache\AdvMapObjectLink\MapObjects\_(AdvMapObjectLink)\Objects-Subterra\Columns\Column_7x7_03",17492,17492,6092,1
"A6A3AE9EFBD9087857B9E8F48A661E50BE62A4DD","Editor\IconCache\AdvMapObjectLink\MapObjects\_(AdvMapObjectLink)\Objects-Subterra\Craters\Crater10x10_1",17492,17492,13341,1
"A6A3AE9EFBD9087857B9E8F48A661E50BE62A4DD","Editor\IconCache\AdvMapObjectLink\MapObjects\_(AdvMapObjectLink)\Objects-Subterra\Craters\Crater4x3_1",17490,17490,9421,1
"A6A3AE9EFBD9087857B9E8F48A661E50BE62A4DD","Editor\IconCache\AdvMapObjectLink\MapObjects\_(AdvMapObjectLink)\Objects-Subterra\Craters\Crater4x3_2",17490,17490,8806,1
"A6A3AE9EFBD9087857B9E8F48A661E50BE62A4DD","Editor\IconCache\AdvMapObjectLink\MapObjects\_(AdvMapObjectLink)\Objects-Subterra\Craters\Crater8x6_4",17490,17490,13008,1
"A6A3AE9EFBD9087857B9E8F48A661E50BE62A4DD","Editor\IconCache\AdvMapObjectLink\MapObjects\_(AdvMapObjectLink)\Objects-Subterra\crystals\crystal01",17488,17488,1288,1
"A6A3AE9EFBD9087857B9E8F48A661E50BE62A4DD","Editor\IconCache\AdvMapObjectLink\MapObjects\_(AdvMapObjectLink)\Objects-Subterra\crystals\crystal02",17488,17488,1256,1
"A6A3AE9EFBD9087857B9E8F48A661E50BE62A4DD","Editor\IconCache\AdvMapObjectLink\MapObjects\_(AdvMapObjectLink)\Objects-Subterra\crystals\crystal03",17488,17488,1420,1
"A6A3AE9EFBD9087857B9E8F48A661E50BE62A4DD","Editor\IconCache\AdvMapObjectLink\MapObjects\_(AdvMapObjectLink)\Objects-Subterra\crystals\crystal04",17488,17488,1685,1
"A6A3AE9EFBD9087857B9E8F48A661E50BE62A4DD","Editor\IconCache\AdvMapObjectLink\MapObjects\_(AdvMapObjectLink)\Objects-Subterra\Dungeonwalls\wall01",17485,17485,5161,1
"A6A3AE9EFBD9087857B9E8F48A661E50BE62A4DD","Editor\IconCache\AdvMapObjectLink\MapObjects\_(AdvMapObjectLink)\Objects-Subterra\Dungeonwalls\wall02",17485,17485,5170,1
"A6A3AE9EFBD9087857B9E8F48A661E50BE62A4DD","Editor\IconCache\AdvMapObjectLink\MapObjects\_(AdvMapObjectLink)\Objects-Subterra\Dungeonwalls\wall03",17485,17485,5168,1
"A6A3AE9EFBD9087857B9E8F48A661E50BE62A4DD","Editor\IconCache\AdvMapObjectLink\MapObjects\_(AdvMapObjectLink)\Objects-Subterra\Dungeonwalls\wall04",17485,17485,5094,1
"A6A3AE9EFBD9087857B9E8F48A661E50BE62A4DD","Editor\IconCache\AdvMapObjectLink\MapObjects\_(AdvMapObjectLink)\Objects-Subterra\Dungeonwalls\wall05",17485,17485,4799,1
"A6A3AE9EFBD9087857B9E8F48A661E50BE62A4DD","Editor\IconCache\AdvMapObjectLink\MapObjects\_(AdvMapObjectLink)\Objects-Subterra\Dungeonwalls\wall06",17485,17485,5136,1
"A6A3AE9EFBD9087857B9E8F48A661E50BE62A4DD","Editor\IconCache\AdvMapObjectLink\MapObjects\_(AdvMapObjectLink)\Objects-Subterra\Dungeonwalls\wall07",17485,17485,5131,1
"A6A3AE9EFBD9087857B9E8F48A661E50BE62A4DD","Editor\IconCache\AdvMapObjectLink\MapObjects\_(AdvMapObjectLink)\Objects-Subterra\Dungeonwalls\wall08",17485,17485,5054,1
"A6A3AE9EFBD9087857B9E8F48A661E50BE62A4DD","Editor\IconCache\AdvMapObjectLink\MapObjects\_(AdvMapObjectLink)\Objects-Subterra\Dungeonwalls\wallcorner01",17491,17491,3277,1
"A6A3AE9EFBD9087857B9E8F48A661E50BE62A4DD","Editor\IconCache\AdvMapObjectLink\MapObjects\_(AdvMapObjectLink)\Objects-Subterra\Dungeonwalls\wallcorner02",17491,17491,3213,1
"A6A3AE9EFBD9087857B9E8F48A661E50BE62A4DD","Editor\IconCache\AdvMapObjectLink\MapObjects\_(AdvMapObjectLink)\Objects-Subterra\Dungeonwalls\wallcorner03",17491,17491,3267,1
"A6A3AE9EFBD9087857B9E8F48A661E50BE62A4DD","Editor\IconCache\AdvMapObjectLink\MapObjects\_(AdvMapObjectLink)\Objects-Subterra\Dungeonwalls\wallcorner04",17491,17491,2950,1
"A6A3AE9EFBD9087857B9E8F48A661E50BE62A4DD","Editor\IconCache\AdvMapObjectLink\MapObjects\_(AdvMapObjectLink)\Objects-Subterra\Dungeonwalls\wallinner01",17490,17490,4785,1
"A6A3AE9EFBD9087857B9E8F48A661E50BE62A4DD","Editor\IconCache\AdvMapObjectLink\MapObjects\_(AdvMapObjectLink)\Objects-Subterra\Dungeonwalls\wallinner02",17490,17490,4747,1
"A6A3AE9EFBD9087857B9E8F48A661E50BE62A4DD","Editor\IconCache\AdvMapObjectLink\MapObjects\_(AdvMapObjectLink)\Objects-Subterra\Dungeonwalls\wallinner03",17490,17490,4787,1
"A6A3AE9EFBD9087857B9E8F48A661E50BE62A4DD","Editor\IconCache\AdvMapObjectLink\MapObjects\_(AdvMapObjectLink)\Objects-Subterra\Dungeonwalls\wallinner04",17490,17490,4671,1
"A6A3AE9EFBD9087857B9E8F48A661E50BE62A4DD","Editor\IconCache\AdvMapObjectLink\MapObjects\_(AdvMapObjectLink)\Objects-Subterra\Mushrooms\Mushroom1x1_1",17492,17492,587,1
"A6A3AE9EFBD9087857B9E8F48A661E50BE62A4DD","Editor\IconCache\AdvMapObjectLink\MapObjects\_(AdvMapObjectLink)\Objects-Subterra\Mushrooms\Mushroom1x1_2",17492,17492,913,1
"A6A3AE9EFBD9087857B9E8F48A661E50BE62A4DD","Editor\IconCache\AdvMapObjectLink\MapObjects\_(AdvMapObjectLink)\Objects-Subterra\Mushrooms\Mushroom1x1_3",17492,17492,741,1
"A6A3AE9EFBD9087857B9E8F48A661E50BE62A4DD","Editor\IconCache\AdvMapObjectLink\MapObjects\_(AdvMapObjectLink)\Objects-Subterra\Mushrooms\Mushroom1x1_4",17492,17492,784,1
"A6A3AE9EFBD9087857B9E8F48A661E50BE62A4DD","Editor\IconCache\AdvMapObjectLink\MapObjects\_(AdvMapObjectLink)\Objects-Subterra\Mushrooms\Mushroom1x1_5",17492,17492,576,1
"A6A3AE9EFBD9087857B9E8F48A661E50BE62A4DD","Editor\IconCache\AdvMapObjectLink\MapObjects\_(AdvMapObjectLink)\Objects-Subterra\Mushrooms\Mushroom1x1_6",17492,17492,2618,1
"A6A3AE9EFBD9087857B9E8F48A661E50BE62A4DD","Editor\IconCache\AdvMapObjectLink\MapObjects\_(AdvMapObjectLink)\Objects-Subterra\Mushrooms\Mushroom1x1_7",17492,17492,1848,1
"A6A3AE9EFBD9087857B9E8F48A661E50BE62A4DD","Editor\IconCache\AdvMapObjectLink\MapObjects\_(AdvMapObjectLink)\Objects-Subterra\Mushrooms\Mushroom1x1_8",17492,17492,1454,1
"A6A3AE9EFBD9087857B9E8F48A661E50BE62A4DD","Editor\IconCache\AdvMapObjectLink\MapObjects\_(AdvMapObjectLink)\Objects-Subterra\Mushrooms\Mushroom2x1_1",17492,17492,1598,1
"A6A3AE9EFBD9087857B9E8F48A661E50BE62A4DD","Editor\IconCache\AdvMapObjectLink\MapObjects\_(AdvMapObjectLink)\Objects-Subterra\Mushrooms\Mushroom2x1_2",17492,17492,948,1
"A6A3AE9EFBD9087857B9E8F48A661E50BE62A4DD","Editor\IconCache\AdvMapObjectLink\MapObjects\_(AdvMapObjectLink)\Objects-Subterra\Mushrooms\Mushroom2x1_3",17492,17492,1936,1
"A6A3AE9EFBD9087857B9E8F48A661E50BE62A4DD","Editor\IconCache\AdvMapObjectLink\MapObjects\_(AdvMapObjectLink)\Objects-Subterra\Mushrooms\Mushroom2x1_4",17492,17492,3848,1
"A6A3AE9EFBD9087857B9E8F48A661E50BE62A4DD","Editor\IconCache\AdvMapObjectLink\MapObjects\_(AdvMapObjectLink)\Objects-Subterra\Mushrooms\Mushroom2x2_1",17492,17492,2177,1
"A6A3AE9EFBD9087857B9E8F48A661E50BE62A4DD","Editor\IconCache\AdvMapObjectLink\MapObjects\_(AdvMapObjectLink)\Objects-Subterra\Mushrooms\Mushroom2x2_2",17492,17492,3593,1
"A6A3AE9EFBD9087857B9E8F48A661E50BE62A4DD","Editor\IconCache\AdvMapObjectLink\MapObjects\_(AdvMapObjectLink)\Objects-Subterra\Rocks\Rock2x2_1",17488,17488,6041,1
"A6A3AE9EFBD9087857B9E8F48A661E50BE62A4DD","Editor\IconCache\AdvMapObjectLink\MapObjects\_(AdvMapObjectLink)\Objects-Subterra\Stoloktites\Stologmite01",17491,17491,4228,1
"A6A3AE9EFBD9087857B9E8F48A661E50BE62A4DD","Editor\IconCache\AdvMapObjectLink\MapObjects\_(AdvMapObjectLink)\Objects-Subterra\Stoloktites\Stologmite02",17491,17491,4633,1
"A6A3AE9EFBD9087857B9E8F48A661E50BE62A4DD","Editor\IconCache\AdvMapObjectLink\MapObjects\_(AdvMapObjectLink)\Objects-Subterra\Stoloktites\Stologmite03",17491,17491,5053,1
"A6A3AE9EFBD9087857B9E8F48A661E50BE62A4DD","Editor\IconCache\AdvMapObjectLink\MapObjects\_(AdvMapObjectLink)\Objects-Subterra\Stoloktites\Stologmite04",17491,17491,4987,1
"A6A3AE9EFBD9087857B9E8F48A661E50BE62A4DD","Editor\IconCache\AdvMapObjectLink\MapObjects\_(AdvMapObjectLink)\Objects-Subterra\Stoloktites\Stologmite05",17491,17491,3381,1
"A6A3AE9EFBD9087857B9E8F48A661E50BE62A4DD","Editor\IconCache\AdvMapObjectLink\MapObjects\_(AdvMapObjectLink)\Objects-Subterra\Stoloktites\Stologtite01",17491,17491,3249,1
"A6A3AE9EFBD9087857B9E8F48A661E50BE62A4DD","Editor\IconCache\AdvMapObjectLink\MapObjects\_(AdvMapObjectLink)\Objects-Subterra\Stoloktites\Stologtite02",17491,17491,5565,1
"A6A3AE9EFBD9087857B9E8F48A661E50BE62A4DD","Editor\IconCache\AdvMapObjectLink\MapObjects\_(AdvMapObjectLink)\Objects-Subterra\Stoloktites\Stologtite03",17491,17491,5684,1
"A6A3AE9EFBD9087857B9E8F48A661E50BE62A4DD","Editor\IconCache\AdvMapObjectLink\MapObjects\_(AdvMapObjectLink)\Objects-Subterra\Stoloktites\Stologtite04",17491,17491,5685,1
"A6A3AE9EFBD9087857B9E8F48A661E50BE62A4DD","Editor\IconCache\AdvMapObjectLink\MapObjects\_(AdvMapObjectLink)\Objects-Subterra\Stoloktites\Stologtite05",17491,17491,4202,1
"A6A3AE9EFBD9087857B9E8F48A661E50BE62A4DD","Editor\IconCache\AdvMapObjectLink\MapObjects\_(AdvMapObjectLink)\Objects-Subterra\Stoloktites\Stologtite06",17491,17491,4019,1
"A6A3AE9EFBD9087857B9E8F48A661E50BE62A4DD","Editor\IconCache\AdvMapObjectLink\MapObjects\_(AdvMapObjectLink)\Objects-Subterra\Stoloktites\Stologtite07",17491,17491,3592,1
"A6A3AE9EFBD9087857B9E8F48A661E50BE62A4DD","Editor\IconCache\AdvMapObjectLink\MapObjects\_(AdvMapObjectLink)\Objects-Subterra\Stoloktites\Stologtite08",17491,17491,4043,1
"A6A3AE9EFBD9087857B9E8F48A661E50BE62A4DD","Editor\IconCache\AdvMapObjectLink\MapObjects\_(AdvMapObjectLink)\Objects-Subterra\Stoloktites\Stologtite09",17491,17491,3941,1
"A6A3AE9EFBD9087857B9E8F48A661E50BE62A4DD","Editor\IconCache\AdvMapObjectLink\MapObjects\_(AdvMapObjectLink)\Objects-Subterra\Stoloktites\Stologtite10",17491,17491,3637,1
"A6A3AE9EFBD9087857B9E8F48A661E50BE62A4DD","Editor\IconCache\AdvMapObjectLink\MapObjects\_(AdvMapObjectLink)\Objects-Subterra\Stoloktites\Stologtite11",17491,17491,3960,1
"A6A3AE9EFBD9087857B9E8F48A661E50BE62A4DD","Editor\IconCache\AdvMapObjectLink\MapObjects\_(AdvMapObjectLink)\Objects-Subterra\treeroots\treeroot01",17489,17489,2868,1
"A6A3AE9EFBD9087857B9E8F48A661E50BE62A4DD","Editor\IconCache\AdvMapObjectLink\MapObjects\_(AdvMapObjectLink)\Objects-Subterra\treeroots\treeroot02",17489,17489,3603,1
"A6A3AE9EFBD9087857B9E8F48A661E50BE62A4DD","Editor\IconCache\AdvMapObjectLink\MapObjects\_(AdvMapObjectLink)\Objects-Water\Damaged_Boats\DemolishGalleon",17698,17698,5995,1
"A6A3AE9EFBD9087857B9E8F48A661E50BE62A4DD","Editor\IconCache\AdvMapObjectLink\MapObjects\_(AdvMapObjectLink)\Objects-Water\Damaged_Boats\DemolishGalley",17703,17703,4047,1
"A6A3AE9EFBD9087857B9E8F48A661E50BE62A4DD","Editor\IconCache\AdvMapObjectLink\MapObjects\_(AdvMapObjectLink)\Objects-Water\Damaged_Boats\DemolishJunk",17693,17693,5603,1
"A6A3AE9EFBD9087857B9E8F48A661E50BE62A4DD","Editor\IconCache\AdvMapObjectLink\MapObjects\_(AdvMapObjectLink)\Objects-Water\Damaged_Boats\UnkemptGalleon",17712,17712,5843,1
"A6A3AE9EFBD9087857B9E8F48A661E50BE62A4DD","Editor\IconCache\AdvMapObjectLink\MapObjects\_(AdvMapObjectLink)\Objects-Water\Damaged_Boats\UnkemptGalley",17632,17632,5503,1
"A6A3AE9EFBD9087857B9E8F48A661E50BE62A4DD","Editor\IconCache\AdvMapObjectLink\MapObjects\_(AdvMapObjectLink)\Objects-Water\Damaged_Boats\UnkemptJunk",17666,17666,6457,1
"A6A3AE9EFBD9087857B9E8F48A661E50BE62A4DD","Editor\IconCache\AdvMapObjectLink\MapObjects\_(AdvMapObjectLink)\Objects-Water\Shipwrecks\Footman_wrick",17557,17557,3651,1
"A6A3AE9EFBD9087857B9E8F48A661E50BE62A4DD","Editor\IconCache\AdvMapObjectLink\MapObjects\_(AdvMapObjectLink)\Objects-Water\Shipwrecks\Peas_wrick",17588,17588,2895,1
"A6A3AE9EFBD9087857B9E8F48A661E50BE62A4DD","Editor\IconCache\AdvMapObjectLink\MapObjects\_(AdvMapObjectLink)\Objects-Water\Wrocks\Wrock2x2_1",17489,17489,5103,1
"A6A3AE9EFBD9087857B9E8F48A661E50BE62A4DD","Editor\IconCache\AdvMapObjectLink\MapObjects\_(AdvMapObjectLink)\Objects-Water\Wrocks\Wrock2x2_2",17489,17489,6210,1
"A6A3AE9EFBD9087857B9E8F48A661E50BE62A4DD","Editor\IconCache\AdvMapObjectLink\MapObjects\_(AdvMapObjectLink)\Objects-Water\Wrocks\Wrock2x2_3",17489,17489,6538,1
"A6A3AE9EFBD9087857B9E8F48A661E50BE62A4DD","Editor\IconCache\AdvMapObjectLink\MapObjects\_(AdvMapObjectLink)\Objects-Water\Wrocks\Wrock2x2_4",17489,17489,5350,1
"A6A3AE9EFBD9087857B9E8F48A661E50BE62A4DD","Editor\IconCache\AdvMapObjectLink\MapObjects\_(AdvMapObjectLink)\Objects-Water\Wrocks\Wrock2x3_1",17489,17489,5930,1
"A6A3AE9EFBD9087857B9E8F48A661E50BE62A4DD","Editor\IconCache\AdvMapObjectLink\MapObjects\_(AdvMapObjectLink)\Objects-Water\Wrocks\Wrock4x3_1",17489,17489,9031,1
"A6A3AE9EFBD9087857B9E8F48A661E50BE62A4DD","Editor\IconCache\AdvMapObjectLink\MapObjects\_(AdvMapObjectLink)\Objects-Water\Wrocks\Wrock4x3_2",17489,17489,7982,1
"A6A3AE9EFBD9087857B9E8F48A661E50BE62A4DD","Editor\IconCache\AdvMapObjectLink\MapObjects\_(AdvMapObjectLink)\Objects-Water\Wrocks\Wrock4x3_3",17489,17489,9351,1
"A6A3AE9EFBD9087857B9E8F48A661E50BE62A4DD","Editor\IconCache\AdvMapObjectLink\MapObjects\_(AdvMapObjectLink)\Objects-Water\Wrocks\Wrock5x3_1",17489,17489,9396,1
"A6A3AE9EFBD9087857B9E8F48A661E50BE62A4DD","Editor\IconCache\AdvMapObjectLink\MapObjects\_(AdvMapObjectLink)\Objects-Water\Wrocks\Wrock6x4_1",17489,17489,9120,1
"A6A3AE9EFBD9087857B9E8F48A661E50BE62A4DD","Editor\IconCache\AdvMapObjectLink\MapObjects\_(AdvMapObjectLink)\Objects-Water\Wrocks\Wrock6x4_2",17489,17489,9115,1
"A6A3AE9EFBD9087857B9E8F48A661E50BE62A4DD","Editor\IconCache\AdvMapObjectLink\MapObjects\_(AdvMapObjectLink)\Objects-Water\Wrocks\Wrock9x6",17487,17487,8837,1
"A6A3AE9EFBD9087857B9E8F48A661E50BE62A4DD","Editor\IconCache\AdvMapObjectLink\MapObjects\_(AdvMapObjectLink)\Objects-Water\Wrocks\Wrock9x6_1",17489,17489,8880,1
"A6A3AE9EFBD9087857B9E8F48A661E50BE62A4DD","Editor\IconCache\AdvMapObjectLink\MapObjects\_(AdvMapObjectLink)\Objects-Dirt\Bushs\Dirtbush01",17489,17489,5536,1
"A6A3AE9EFBD9087857B9E8F48A661E50BE62A4DD","Editor\IconCache\AdvMapObjectLink\MapObjects\_(AdvMapObjectLink)\Objects-Dirt\Bushs\Dirtbush02",17489,17489,3889,1
"A6A3AE9EFBD9087857B9E8F48A661E50BE62A4DD","Editor\IconCache\AdvMapObjectLink\MapObjects\_(AdvMapObjectLink)\Objects-Dirt\Bushs\Dirtbush03",17489,17489,4543,1
"A6A3AE9EFBD9087857B9E8F48A661E50BE62A4DD","Editor\IconCache\AdvMapObjectLink\MapObjects\_(AdvMapObjectLink)\Objects-Dirt\Bushs\Dirtbush04",17489,17489,4860,1
"A6A3AE9EFBD9087857B9E8F48A661E50BE62A4DD","Editor\IconCache\AdvMapObjectLink\MapObjects\_(AdvMapObjectLink)\Objects-Dirt\Bushs\Dirtbush1x2_1",17492,17492,5940,1
"A6A3AE9EFBD9087857B9E8F48A661E50BE62A4DD","Editor\IconCache\AdvMapObjectLink\MapObjects\_(AdvMapObjectLink)\Objects-Dirt\Bushs\Dirtbush1x2_2",17492,17492,7314,1
"A6A3AE9EFBD9087857B9E8F48A661E50BE62A4DD","Editor\IconCache\AdvMapObjectLink\MapObjects\_(AdvMapObjectLink)\Objects-Dirt\Bushs\Dirtbush1x2_3",17492,17492,6149,1
"A6A3AE9EFBD9087857B9E8F48A661E50BE62A4DD","Editor\IconCache\AdvMapObjectLink\MapObjects\_(AdvMapObjectLink)\Objects-Dirt\Bushs\Dirtbush2x2_1",17492,17492,7446,1
"A6A3AE9EFBD9087857B9E8F48A661E50BE62A4DD","Editor\IconCache\AdvMapObjectLink\MapObjects\_(AdvMapObjectLink)\Objects-Dirt\Bushs\Dirtbush2x2_2",17492,17492,7447,1
"A6A3AE9EFBD9087857B9E8F48A661E50BE62A4DD","Editor\IconCache\AdvMapObjectLink\MapObjects\_(AdvMapObjectLink)\Objects-Dirt\Grass\Grass01",17486,17486,5943,1
"A6A3AE9EFBD9087857B9E8F48A661E50BE62A4DD","Editor\IconCache\AdvMapObjectLink\MapObjects\_(AdvMapObjectLink)\Objects-Dirt\Graveyard\Graveyard",17583,17583,3534,1
"A6A3AE9EFBD9087857B9E8F48A661E50BE62A4DD","Editor\IconCache\AdvMapObjectLink\MapObjects\_(AdvMapObjectLink)\Objects-Dirt\Misc\SwampHaze2x2.(AdvMapObjectLink)",17510,17510,3353,1
"A6A3AE9EFBD9087857B9E8F48A661E50BE62A4DD","Editor\IconCache\AdvMapObjectLink\MapObjects\_(AdvMapObjectLink)\Objects-Dirt\Misc\SwampHaze2x3.(AdvMapObjectLink)",17510,17510,6470,1
"A6A3AE9EFBD9087857B9E8F48A661E50BE62A4DD","Editor\IconCache\AdvMapObjectLink\MapObjects\_(AdvMapObjectLink)\Objects-Dirt\Misc\SwampHaze3x3.(AdvMapObjectLink)",17510,17510,6361,1
"A6A3AE9EFBD9087857B9E8F48A661E50BE62A4DD","Editor\IconCache\AdvMapObjectLink\MapObjects\_(AdvMapObjectLink)\Objects-Dirt\Misc\SwampHaze_column.(AdvMapObjectLink)",17514,17514,5036,1
"A6A3AE9EFBD9087857B9E8F48A661E50BE62A4DD","Editor\IconCache\AdvMapObjectLink\MapObjects\_(AdvMapObjectLink)\Objects-Dirt\Misc\Will_o_the_wisp.(AdvMapObjectLink)",17513,17513,6364,1
"A6A3AE9EFBD9087857B9E8F48A661E50BE62A4DD","Editor\IconCache\AdvMapObjectLink\MapObjects\_(AdvMapObjectLink)\Objects-Dirt\Rocks\DStone1x1_1",17490,17490,5526,1
"A6A3AE9EFBD9087857B9E8F48A661E50BE62A4DD","Editor\IconCache\AdvMapObjectLink\MapObjects\_(AdvMapObjectLink)\Objects-Dirt\Rocks\DStone1x1_2",17490,17490,6095,1
"A6A3AE9EFBD9087857B9E8F48A661E50BE62A4DD","Editor\IconCache\AdvMapObjectLink\MapObjects\_(AdvMapObjectLink)\Objects-Dirt\Rocks\DStone1x1_3",17490,17490,6448,1
"A6A3AE9EFBD9087857B9E8F48A661E50BE62A4DD","Editor\IconCache\AdvMapObjectLink\MapObjects\_(AdvMapObjectLink)\Objects-Dirt\Rocks\DStone1x1_4",17490,17490,7365,1
"A6A3AE9EFBD9087857B9E8F48A661E50BE62A4DD","Editor\IconCache\AdvMapObjectLink\MapObjects\_(AdvMapObjectLink)\Objects-Dirt\Rocks\DStone1x1_5",17490,17490,6014,1
"A6A3AE9EFBD9087857B9E8F48A661E50BE62A4DD","Editor\IconCache\AdvMapObjectLink\MapObjects\_(AdvMapObjectLink)\Objects-Dirt\Rocks\DStone1x1_6",17490,17490,6414,1
"A6A3AE9EFBD9087857B9E8F48A661E50BE62A4DD","Editor\IconCache\AdvMapObjectLink\MapObjects\_(AdvMapObjectLink)\Objects-Dirt\Rocks\DStone1x1_7",17490,17490,6866,1
"A6A3AE9EFBD9087857B9E8F48A661E50BE62A4DD","Editor\IconCache\AdvMapObjectLink\MapObjects\_(AdvMapObjectLink)\Objects-Dirt\Rocks\DStone1x1_8",17490,17490,6114,1
"A6A3AE9EFBD9087857B9E8F48A661E50BE62A4DD","Editor\IconCache\AdvMapObjectLink\MapObjects\_(AdvMapObjectLink)\Objects-Dirt\Rocks\DStone1x1_9",17490,17490,4743,1
"A6A3AE9EFBD9087857B9E8F48A661E50BE62A4DD","Editor\IconCache\AdvMapObjectLink\MapObjects\_(AdvMapObjectLink)\Objects-Dirt\Rocks\DStone2x1_1",17490,17490,5964,1
"A6A3AE9EFBD9087857B9E8F48A661E50BE62A4DD","Editor\IconCache\AdvMapObjectLink\MapObjects\_(AdvMapObjectLink)\Objects-Dirt\Rocks\DStone2x1_2",17490,17490,6181,1
"A6A3AE9EFBD9087857B9E8F48A661E50BE62A4DD","Editor\IconCache\AdvMapObjectLink\MapObjects\_(AdvMapObjectLink)\Objects-Dirt\Snags\Snag1x2_1",17488,17488,3185,1
"A6A3AE9EFBD9087857B9E8F48A661E50BE62A4DD","Editor\IconCache\AdvMapObjectLink\MapObjects\_(AdvMapObjectLink)\Objects-Dirt\Snags\Snag1x2_2",17488,17488,3012,1
"A6A3AE9EFBD9087857B9E8F48A661E50BE62A4DD","Editor\IconCache\AdvMapObjectLink\MapObjects\_(AdvMapObjectLink)\Objects-Dirt\Snags\Snag1x2_3",17488,17488,3570,1
"A6A3AE9EFBD9087857B9E8F48A661E50BE62A4DD","Editor\IconCache\AdvMapObjectLink\MapObjects\_(AdvMapObjectLink)\Objects-Dirt\Snags\Snag1x2_4",17488,17488,3570,1
"A6A3AE9EFBD9087857B9E8F48A661E50BE62A4DD","Editor\IconCache\AdvMapObjectLink\MapObjects\_(AdvMapObjectLink)\Objects-Dirt\Snags\Snag1x3_1",17488,17488,3627,1
"A6A3AE9EFBD9087857B9E8F48A661E50BE62A4DD","Editor\IconCache\AdvMapObjectLink\MapObjects\_(AdvMapObjectLink)\Objects-Dirt\Snags\Snag1x3_2",17488,17488,4031,1
"A6A3AE9EFBD9087857B9E8F48A661E50BE62A4DD","Editor\IconCache\AdvMapObjectLink\MapObjects\_(AdvMapObjectLink)\Objects-Dirt\Snags\Snag1x3_3",17488,17488,3791,1
"A6A3AE9EFBD9087857B9E8F48A661E50BE62A4DD","Editor\IconCache\AdvMapObjectLink\MapObjects\_(AdvMapObjectLink)\Objects-Dirt\Snags\Snag2x2_1",17488,17488,4502,1
"A6A3AE9EFBD9087857B9E8F48A661E50BE62A4DD","Editor\IconCache\AdvMapObjectLink\MapObjects\_(AdvMapObjectLink)\Objects-Dirt\Snags\Snag2x2_2",17488,17488,5920,1
"A6A3AE9EFBD9087857B9E8F48A661E50BE62A4DD","Editor\IconCache\AdvMapObjectLink\MapObjects\_(AdvMapObjectLink)\Objects-Dirt\Snags\Snag2x2_3",17488,17488,4093,1
"A6A3AE9EFBD9087857B9E8F48A661E50BE62A4DD","Editor\IconCache\AdvMapObjectLink\MapObjects\_(AdvMapObjectLink)\Objects-Dirt\Snags\Snag2x2_4",17488,17488,4865,1
"A6A3AE9EFBD9087857B9E8F48A661E50BE62A4DD","Editor\IconCache\AdvMapObjectLink\MapObjects\_(AdvMapObjectLink)\Objects-Dirt\Trees\DirtTree1x1_1",17492,17492,2164,1
"A6A3AE9EFBD9087857B9E8F48A661E50BE62A4DD","Editor\IconCache\AdvMapObjectLink\MapObjects\_(AdvMapObjectLink)\Objects-Dirt\Trees\DirtTree1x1_2",17492,17492,1966,1
"A6A3AE9EFBD9087857B9E8F48A661E50BE62A4DD","Editor\IconCache\AdvMapObjectLink\MapObjects\_(AdvMapObjectLink)\Objects-Dirt\Trees\DirtTree1x1_3",17492,17492,1839,1
"A6A3AE9EFBD9087857B9E8F48A661E50BE62A4DD","Editor\IconCache\AdvMapObjectLink\MapObjects\_(AdvMapObjectLink)\Objects-Dirt\Trees\DirtTree1x1_4",17492,17492,1931,1
"A6A3AE9EFBD9087857B9E8F48A661E50BE62A4DD","Editor\IconCache\AdvMapObjectLink\MapObjects\_(AdvMapObjectLink)\Objects-Dirt\Trees\DirtTree1x1_5",17492,17492,1933,1
"A6A3AE9EFBD9087857B9E8F48A661E50BE62A4DD","Editor\IconCache\AdvMapObjectLink\MapObjects\_(AdvMapObjectLink)\Objects-Dirt\Trees\DirtTree1x1_6",17492,17492,2028,1
"A6A3AE9EFBD9087857B9E8F48A661E50BE62A4DD","Editor\IconCache\AdvMapObjectLink\MapObjects\_(AdvMapObjectLink)\Objects-Dirt\Trees\DirtTree2x3_1",17492,17492,3300,1
"A6A3AE9EFBD9087857B9E8F48A661E50BE62A4DD","Editor\IconCache\AdvMapObjectLink\MapObjects\_(AdvMapObjectLink)\Objects-Dirt\Trees\DirtTree2x3_2",17492,17492,3699,1
"A6A3AE9EFBD9087857B9E8F48A661E50BE62A4DD","Editor\IconCache\AdvMapObjectLink\MapObjects\_(AdvMapObjectLink)\Objects-Dirt\Trees\DirtTree2x3_3",17492,17492,3847,1
"A6A3AE9EFBD9087857B9E8F48A661E50BE62A4DD","Editor\IconCache\AdvMapObjectLink\MapObjects\_(AdvMapObjectLink)\Objects-Dirt\Trees\DirtTree2x3_4",17492,17492,4014,1
"A6A3AE9EFBD9087857B9E8F48A661E50BE62A4DD","Editor\IconCache\AdvMapObjectLink\MapObjects\_(AdvMapObjectLink)\Objects-Dirt\Trees\DirtTree4x5_1",17492,17492,4948,1
"A6A3AE9EFBD9087857B9E8F48A661E50BE62A4DD","Editor\IconCache\AdvMapObjectLink\MapObjects\_(AdvMapObjectLink)\Objects-Dirt\Trees\DirtTree4x5_2",17492,17492,5078,1
"A6A3AE9EFBD9087857B9E8F48A661E50BE62A4DD","Editor\IconCache\AdvMapObjectLink\MapObjects\_(AdvMapObjectLink)\Objects-Dirt\Trees\DirtTree5x6_1",17492,17492,5941,1
"A6A3AE9EFBD9087857B9E8F48A661E50BE62A4DD","Editor\IconCache\AdvMapObjectLink\MapObjects\_(AdvMapObjectLink)\Objects-Dirt\Trees\DirtTree5x6_2",17492,17492,7364,1
"A6A3AE9EFBD9087857B9E8F48A661E50BE62A4DD","Editor\IconCache\AdvMapObjectLink\MapObjects\_(AdvMapObjectLink)\Objects-Grass\Flowers\Wheats\Wheats",17485,17485,6563,1
"A6A3AE9EFBD9087857B9E8F48A661E50BE62A4DD","Editor\IconCache\AdvMapObjectLink\MapObjects\_(AdvMapObjectLink)\Objects-Grass\Trees\Birch\Birch01",17486,17486,1985,1
"A6A3AE9EFBD9087857B9E8F48A661E50BE62A4DD","Editor\IconCache\AdvMapObjectLink\MapObjects\_(AdvMapObjectLink)\Objects-Grass\Trees\Birch\Birch02",17486,17486,1627,1
"A6A3AE9EFBD9087857B9E8F48A661E50BE62A4DD","Editor\IconCache\AdvMapObjectLink\MapObjects\_(AdvMapObjectLink)\Objects-Grass\Trees\Birch\Birch03",17486,17486,2904,1
"A6A3AE9EFBD9087857B9E8F48A661E50BE62A4DD","Editor\IconCache\AdvMapObjectLink\MapObjects\_(AdvMapObjectLink)\Objects-Grass\Trees\Birch\Birch04",17486,17486,2288,1
"A6A3AE9EFBD9087857B9E8F48A661E50BE62A4DD","Editor\IconCache\AdvMapObjectLink\MapObjects\_(AdvMapObjectLink)\Objects-Grass\Trees\Birch\Birch5x4",17487,17487,5124,1
"A6A3AE9EFBD9087857B9E8F48A661E50BE62A4DD","Editor\IconCache\AdvMapObjectLink\MapObjects\_(AdvMapObjectLink)\Objects-Grass\Trees\Birch\Birch5x4_1",17489,17489,3941,1
"A6A3AE9EFBD9087857B9E8F48A661E50BE62A4DD","Editor\IconCache\AdvMapObjectLink\MapObjects\_(AdvMapObjectLink)\Objects-Grass\Trees\Birch\Birch5x6",17487,17487,5385,1
"A6A3AE9EFBD9087857B9E8F48A661E50BE62A4DD","Editor\IconCache\AdvMapObjectLink\MapObjects\_(AdvMapObjectLink)\Objects-Grass\Trees\Birch\Birch5x6_1",17489,17489,6391,1
"A6A3AE9EFBD9087857B9E8F48A661E50BE62A4DD","Editor\IconCache\AdvMapObjectLink\MapObjects\_(AdvMapObjectLink)\Objects-Grass\Trees\Birch\Birch_aut01",17490,17490,2189,1
"A6A3AE9EFBD9087857B9E8F48A661E50BE62A4DD","Editor\IconCache\AdvMapObjectLink\MapObjects\_(AdvMapObjectLink)\Objects-Grass\Trees\Birch\Birch_aut02",17490,17490,2189,1
"A6A3AE9EFBD9087857B9E8F48A661E50BE62A4DD","Editor\IconCache\AdvMapObjectLink\MapObjects\_(AdvMapObjectLink)\Objects-Grass\Trees\Birch\Birch_aut03",17490,17490,2189,1
"A6A3AE9EFBD9087857B9E8F48A661E50BE62A4DD","Editor\IconCache\AdvMapObjectLink\MapObjects\_(AdvMapObjectLink)\Objects-Grass\Trees\Birch\Birch_aut04",17490,17490,2189,1
"A6A3AE9EFBD9087857B9E8F48A661E50BE62A4DD","Editor\IconCache\AdvMapObjectLink\MapObjects\_(AdvMapObjectLink)\Objects-Grass\Trees\Birch\Birch_aut5x4",17491,17491,6205,1
"A6A3AE9EFBD9087857B9E8F48A661E50BE62A4DD","Editor\IconCache\AdvMapObjectLink\MapObjects\_(AdvMapObjectLink)\Objects-Grass\Trees\Birch\Birch_aut5x4_1",17493,17493,7040,1
"A6A3AE9EFBD9087857B9E8F48A661E50BE62A4DD","Editor\IconCache\AdvMapObjectLink\MapObjects\_(AdvMapObjectLink)\Objects-Grass\Trees\Birch\Birch_aut5x6",17491,17491,5943,1
"A6A3AE9EFBD9087857B9E8F48A661E50BE62A4DD","Editor\IconCache\AdvMapObjectLink\MapObjects\_(AdvMapObjectLink)\Objects-Grass\Trees\Birch\Birch_aut5x6_1",17493,17493,6547,1
"A6A3AE9EFBD9087857B9E8F48A661E50BE62A4DD","Editor\IconCache\AdvMapObjectLink\MapObjects\_(AdvMapObjectLink)\Objects-Grass\Trees\Oak\Oak01",17484,17484,4507,1
"A6A3AE9EFBD9087857B9E8F48A661E50BE62A4DD","Editor\IconCache\AdvMapObjectLink\MapObjects\_(AdvMapObjectLink)\Objects-Grass\Trees\Oak\Oak02",17484,17484,6220,1
"A6A3AE9EFBD9087857B9E8F48A661E50BE62A4DD","Editor\IconCache\AdvMapObjectLink\MapObjects\_(AdvMapObjectLink)\Objects-Grass\Trees\Oak\Oak03",17484,17484,6004,1
"A6A3AE9EFBD9087857B9E8F48A661E50BE62A4DD","Editor\IconCache\AdvMapObjectLink\MapObjects\_(AdvMapObjectLink)\Objects-Grass\Trees\Oak\Oak04",17484,17484,4727,1
"A6A3AE9EFBD9087857B9E8F48A661E50BE62A4DD","Editor\IconCache\AdvMapObjectLink\MapObjects\_(AdvMapObjectLink)\Objects-Grass\Trees\Oak\Oak5x4",17485,17485,6127,1
"A6A3AE9EFBD9087857B9E8F48A661E50BE62A4DD","Editor\IconCache\AdvMapObjectLink\MapObjects\_(AdvMapObjectLink)\Objects-Grass\Trees\Oak\Oak5x4_1",17487,17487,4282,1
"A6A3AE9EFBD9087857B9E8F48A661E50BE62A4DD","Editor\IconCache\AdvMapObjectLink\MapObjects\_(AdvMapObjectLink)\Objects-Grass\Trees\Oak\Oak6x5",17485,17485,5503,1
"A6A3AE9EFBD9087857B9E8F48A661E50BE62A4DD","Editor\IconCache\AdvMapObjectLink\MapObjects\_(AdvMapObjectLink)\Objects-Grass\Trees\Oak\Oak6x5_1",17487,17487,4495,1
"A6A3AE9EFBD9087857B9E8F48A661E50BE62A4DD","Editor\IconCache\AdvMapObjectLink\MapObjects\_(AdvMapObjectLink)\Objects-Grass\Trees\SpruceTrees\Spruce_01",17488,17488,2690,1
"A6A3AE9EFBD9087857B9E8F48A661E50BE62A4DD","Editor\IconCache\AdvMapObjectLink\MapObjects\_(AdvMapObjectLink)\Objects-Grass\Trees\SpruceTrees\Spruce_02",17488,17488,2948,1
"A6A3AE9EFBD9087857B9E8F48A661E50BE62A4DD","Editor\IconCache\AdvMapObjectLink\MapObjects\_(AdvMapObjectLink)\Objects-Grass\Trees\SpruceTrees\Spruce_03",17488,17488,2470,1
"A6A3AE9EFBD9087857B9E8F48A661E50BE62A4DD","Editor\IconCache\AdvMapObjectLink\MapObjects\_(AdvMapObjectLink)\Objects-Grass\Trees\SpruceTrees\Spruce_04",17488,17488,2456,1
"A6A3AE9EFBD9087857B9E8F48A661E50BE62A4DD","Editor\IconCache\AdvMapObjectLink\MapObjects\_(AdvMapObjectLink)\Objects-Grass\Trees\SpruceTrees\Spruce_5x4",17489,17489,5134,1
"A6A3AE9EFBD9087857B9E8F48A661E50BE62A4DD","Editor\IconCache\AdvMapObjectLink\MapObjects\_(AdvMapObjectLink)\Objects-Grass\Trees\SpruceTrees\Spruce_5x4_1",17491,17491,6856,1
"A6A3AE9EFBD9087857B9E8F48A661E50BE62A4DD","Editor\IconCache\AdvMapObjectLink\MapObjects\_(AdvMapObjectLink)\Objects-Grass\Trees\SpruceTrees\Spruce_5x6",17489,17489,6110,1
"A6A3AE9EFBD9087857B9E8F48A661E50BE62A4DD","Editor\IconCache\AdvMapObjectLink\MapObjects\_(AdvMapObjectLink)\Objects-Grass\Trees\SpruceTrees\Spruce_5x6_1",17491,17491,6315,1
"A6A3AE9EFBD9087857B9E8F48A661E50BE62A4DD","Editor\IconCache\AdvMapObjectLink\MapObjects\_(AdvMapObjectLink)\Objects-Lava\Mountains\Hellpikes\Hellpike10x10",17492,17492,7811,1
"A6A3AE9EFBD9087857B9E8F48A661E50BE62A4DD","Editor\IconCache\AdvMapObjectLink\MapObjects\_(AdvMapObjectLink)\Objects-Lava\Mountains\Hellpikes\Hellpike2x2_1",17492,17492,7566,1
"A6A3AE9EFBD9087857B9E8F48A661E50BE62A4DD","Editor\IconCache\AdvMapObjectLink\MapObjects\_(AdvMapObjectLink)\Objects-Lava\Mountains\Hellpikes\Hellpike2x2_2",17492,17492,7246,1
"A6A3AE9EFBD9087857B9E8F48A661E50BE62A4DD","Editor\IconCache\AdvMapObjectLink\MapObjects\_(AdvMapObjectLink)\Objects-Lava\Mountains\Hellpikes\Hellpike2x2_3",17492,17492,7088,1
"A6A3AE9EFBD9087857B9E8F48A661E50BE62A4DD","Editor\IconCache\AdvMapObjectLink\MapObjects\_(AdvMapObjectLink)\Objects-Lava\Mountains\Hellpikes\Hellpike2x2_4",17492,17492,7999,1
"A6A3AE9EFBD9087857B9E8F48A661E50BE62A4DD","Editor\IconCache\AdvMapObjectLink\MapObjects\_(AdvMapObjectLink)\Objects-Lava\Mountains\Hellpikes\Hellpike2x2_5",17492,17492,7756,1
"A6A3AE9EFBD9087857B9E8F48A661E50BE62A4DD","Editor\IconCache\AdvMapObjectLink\MapObjects\_(AdvMapObjectLink)\Objects-Lava\Mountains\Hellpikes\Hellpike2x2_6",17492,17492,7865,1
"A6A3AE9EFBD9087857B9E8F48A661E50BE62A4DD","Editor\IconCache\AdvMapObjectLink\MapObjects\_(AdvMapObjectLink)\Objects-Lava\Mountains\Hellpikes\Hellpike4x4_1",17492,17492,6877,1
"A6A3AE9EFBD9087857B9E8F48A661E50BE62A4DD","Editor\IconCache\AdvMapObjectLink\MapObjects\_(AdvMapObjectLink)\Objects-Lava\Mountains\Hellpikes\Hellpike4x4_2",17492,17492,7650,1
"A6A3AE9EFBD9087857B9E8F48A661E50BE62A4DD","Editor\IconCache\AdvMapObjectLink\MapObjects\_(AdvMapObjectLink)\Objects-Lava\Mountains\Hellpikes\Hellpike4x4_3",17492,17492,7043,1
"A6A3AE9EFBD9087857B9E8F48A661E50BE62A4DD","Editor\IconCache\AdvMapObjectLink\MapObjects\_(AdvMapObjectLink)\Objects-Lava\Mountains\Hellpikes\Hellpike4x4_4",17492,17492,7023,1
"A6A3AE9EFBD9087857B9E8F48A661E50BE62A4DD","Editor\IconCache\AdvMapObjectLink\MapObjects\_(AdvMapObjectLink)\Objects-Lava\Mountains\Hellpikes\Hellpike8x8_1",17492,17492,8046,1
"A6A3AE9EFBD9087857B9E8F48A661E50BE62A4DD","Editor\IconCache\AdvMapObjectLink\MapObjects\_(AdvMapObjectLink)\Objects-Lava\Mountains\Hellpikes\Hellpike8x8_2",17492,17492,7013,1
"A6A3AE9EFBD9087857B9E8F48A661E50BE62A4DD","Editor\IconCache\AdvMapObjectLink\MapObjects\_(AdvMapObjectLink)\Objects-Lava\Mountains\Hellpikes\Hellpike8x8_3",17492,17492,7084,1
"A6A3AE9EFBD9087857B9E8F48A661E50BE62A4DD","Editor\IconCache\AdvMapObjectLink\MapObjects\_(AdvMapObjectLink)\Objects-Dirt\Bushs\Bushs_leaf\DBushLeaf01",17490,17490,6046,1
"A6A3AE9EFBD9087857B9E8F48A661E50BE62A4DD","Editor\IconCache\AdvMapObjectLink\MapObjects\_(AdvMapObjectLink)\Objects-Dirt\Bushs\Bushs_leaf\DBushLeaf02",17490,17490,2795,1
"A6A3AE9EFBD9087857B9E8F48A661E50BE62A4DD","Editor\IconCache\AdvMapObjectLink\MapObjects\_(AdvMapObjectLink)\Objects-Dirt\Bushs\Bushs_leaf\DBushLeaf03",17490,17490,3700,1
"A6A3AE9EFBD9087857B9E8F48A661E50BE62A4DD","Editor\IconCache\AdvMapObjectLink\MapObjects\_(AdvMapObjectLink)\Objects-Dirt\Bushs\Bushs_leaf\DBushLeaf04",17490,17490,3408,1
"A6A3AE9EFBD9087857B9E8F48A661E50BE62A4DD","Editor\IconCache\AdvMapObjectLink\MapObjects\_(AdvMapObjectLink)\Objects-Dirt\Bushs\Bushs_leaf\DBushLeaf05",17490,17490,6172,1
"A6A3AE9EFBD9087857B9E8F48A661E50BE62A4DD","Editor\IconCache\AdvMapObjectLink\MapObjects\_(AdvMapObjectLink)\Objects-Dirt\Bushs\Bushs_leaf\DRUSH",17484,17484,2424,1
"A6A3AE9EFBD9087857B9E8F48A661E50BE62A4DD","Editor\IconCache\AdvMapObjectLink\MapObjects\_(AdvMapObjectLink)\Objects-Dirt\Bushs\Bushs_leaf\DRush01",17486,17486,2967,1
"A6A3AE9EFBD9087857B9E8F48A661E50BE62A4DD","Editor\IconCache\AdvMapObjectLink\MapObjects\_(AdvMapObjectLink)\Objects-Dirt\Bushs\Bushs_leaf\DRush02",17486,17486,3504,1
"A6A3AE9EFBD9087857B9E8F48A661E50BE62A4DD","Editor\IconCache\AdvMapObjectLink\MapObjects\_(AdvMapObjectLink)\Objects-Dirt\Bushs\Bushs_leaf\DRush03",17486,17486,2579,1
"A6A3AE9EFBD9087857B9E8F48A661E50BE62A4DD","Editor\IconCache\AdvMapObjectLink\MapObjects\_(AdvMapObjectLink)\Objects-Dirt\Bushs\Bushs_leaf\DRush04",17486,17486,3663,1
"A6A3AE9EFBD9087857B9E8F48A661E50BE62A4DD","Editor\IconCache\AdvMapObjectLink\MapObjects\_(AdvMapObjectLink)\Objects-Dirt\Bushs\Bushs_leaf\DRUSHS",17485,17485,7163,1
"A6A3AE9EFBD9087857B9E8F48A661E50BE62A4DD","Editor\IconCache\AdvMapObjectLink\MapObjects\_(AdvMapObjectLink)\Objects-Dirt\Bushs\Bushs_leaf\DRushs01",17487,17487,7480,1
"A6A3AE9EFBD9087857B9E8F48A661E50BE62A4DD","Editor\IconCache\AdvMapObjectLink\MapObjects\_(AdvMapObjectLink)\Objects-Dirt\Bushs\Bushs_leaf\DRushs02",17487,17487,6529,1
"A6A3AE9EFBD9087857B9E8F48A661E50BE62A4DD","Editor\IconCache\AdvMapObjectLink\MapObjects\_(AdvMapObjectLink)\Objects-Dirt\Bushs\Bushs_leaf\DRushs03",17487,17487,8661,1
"A6A3AE9EFBD9087857B9E8F48A661E50BE62A4DD","Editor\IconCache\AdvMapObjectLink\MapObjects\_(AdvMapObjectLink)\Objects-Dirt\Trees\Crooked\DirtTreeCrooked1x1_1",17499,17499,3621,1
"A6A3AE9EFBD9087857B9E8F48A661E50BE62A4DD","Editor\IconCache\AdvMapObjectLink\MapObjects\_(AdvMapObjectLink)\Objects-Dirt\Trees\Crooked\DirtTreeCrooked1x1_10",17500,17500,2610,1
"A6A3AE9EFBD9087857B9E8F48A661E50BE62A4DD","Editor\IconCache\AdvMapObjectLink\MapObjects\_(AdvMapObjectLink)\Objects-Dirt\Trees\Crooked\DirtTreeCrooked1x1_11",17500,17500,2680,1
"A6A3AE9EFBD9087857B9E8F48A661E50BE62A4DD","Editor\IconCache\AdvMapObjectLink\MapObjects\_(AdvMapObjectLink)\Objects-Dirt\Trees\Crooked\DirtTreeCrooked1x1_12",17500,17500,2656,1
"A6A3AE9EFBD9087857B9E8F48A661E50BE62A4DD","Editor\IconCache\AdvMapObjectLink\MapObjects\_(AdvMapObjectLink)\Objects-Dirt\Trees\Crooked\DirtTreeCrooked1x1_2",17499,17499,2743,1
"A6A3AE9EFBD9087857B9E8F48A661E50BE62A4DD","Editor\IconCache\AdvMapObjectLink\MapObjects\_(AdvMapObjectLink)\Objects-Dirt\Trees\Crooked\DirtTreeCrooked1x1_3",17499,17499,2907,1
"A6A3AE9EFBD9087857B9E8F48A661E50BE62A4DD","Editor\IconCache\AdvMapObjectLink\MapObjects\_(AdvMapObjectLink)\Objects-Dirt\Trees\Crooked\DirtTreeCrooked1x1_4",17499,17499,2454,1
"A6A3AE9EFBD9087857B9E8F48A661E50BE62A4DD","Editor\IconCache\AdvMapObjectLink\MapObjects\_(AdvMapObjectLink)\Objects-Dirt\Trees\Crooked\DirtTreeCrooked1x1_5",17499,17499,2739,1
"A6A3AE9EFBD9087857B9E8F48A661E50BE62A4DD","Editor\IconCache\AdvMapObjectLink\MapObjects\_(AdvMapObjectLink)\Objects-Dirt\Trees\Crooked\DirtTreeCrooked1x1_6",17499,17499,2833,1
"A6A3AE9EFBD9087857B9E8F48A661E50BE62A4DD","Editor\IconCache\AdvMapObjectLink\MapObjects\_(AdvMapObjectLink)\Objects-Dirt\Trees\Crooked\DirtTreeCrooked1x1_7",17499,17499,3908,1
"A6A3AE9EFBD9087857B9E8F48A661E50BE62A4DD","Editor\IconCache\AdvMapObjectLink\MapObjects\_(AdvMapObjectLink)\Objects-Dirt\Trees\Crooked\DirtTreeCrooked1x1_8",17499,17499,2840,1
"A6A3AE9EFBD9087857B9E8F48A661E50BE62A4DD","Editor\IconCache\AdvMapObjectLink\MapObjects\_(AdvMapObjectLink)\Objects-Dirt\Trees\Crooked\DirtTreeCrooked1x1_9",17499,17499,3002,1
"A6A3AE9EFBD9087857B9E8F48A661E50BE62A4DD","Editor\IconCache\AdvMapObjectLink\MapObjects\_(AdvMapObjectLink)\Objects-Dirt\Trees\Crooked\DirtTreeCrooked2x2_1",17499,17499,3742,1
"A6A3AE9EFBD9087857B9E8F48A661E50BE62A4DD","Editor\IconCache\AdvMapObjectLink\MapObjects\_(AdvMapObjectLink)\Objects-Dirt\Trees\Crooked\DirtTreeCrooked2x2_2",17499,17499,4156,1
"A6A3AE9EFBD9087857B9E8F48A661E50BE62A4DD","Editor\IconCache\AdvMapObjectLink\MapObjects\_(AdvMapObjectLink)\Objects-Dirt\Trees\Crooked\DirtTreeCrooked2x2_3",17499,17499,3482,1
"A6A3AE9EFBD9087857B9E8F48A661E50BE62A4DD","Editor\IconCache\AdvMapObjectLink\MapObjects\_(AdvMapObjectLink)\Objects-Dirt\Trees\Crooked\DirtTreeCrooked2x2_4",17499,17499,5448,1
"A6A3AE9EFBD9087857B9E8F48A661E50BE62A4DD","Editor\IconCache\AdvMapObjectLink\MapObjects\_(AdvMapObjectLink)\Objects-Grass\Trees\Oak\Aut\Oakaut01",17487,17487,2229,1
"A6A3AE9EFBD9087857B9E8F48A661E50BE62A4DD","Editor\IconCache\AdvMapObjectLink\MapObjects\_(AdvMapObjectLink)\Objects-Grass\Trees\Oak\Aut\Oakaut02",17487,17487,3064,1
"A6A3AE9EFBD9087857B9E8F48A661E50BE62A4DD","Editor\IconCache\AdvMapObjectLink\MapObjects\_(AdvMapObjectLink)\Objects-Grass\Trees\Oak\Aut\Oakaut03",17487,17487,2742,1
"A6A3AE9EFBD9087857B9E8F48A661E50BE62A4DD","Editor\IconCache\AdvMapObjectLink\MapObjects\_(AdvMapObjectLink)\Objects-Grass\Trees\Oak\Aut\Oakaut04",17487,17487,1508,1
"A6A3AE9EFBD9087857B9E8F48A661E50BE62A4DD","Editor\IconCache\AdvMapObjectLink\MapObjects\_(AdvMapObjectLink)\Objects-Grass\Trees\Oak\Aut\Oakaut5x4",17488,17488,4046,1
"A6A3AE9EFBD9087857B9E8F48A661E50BE62A4DD","Editor\IconCache\AdvMapObjectLink\MapObjects\_(AdvMapObjectLink)\Objects-Grass\Trees\Oak\Aut\Oakaut5x4_1",17490,17490,3735,1
"A6A3AE9EFBD9087857B9E8F48A661E50BE62A4DD","Editor\IconCache\AdvMapObjectLink\MapObjects\_(AdvMapObjectLink)\Objects-Grass\Trees\Oak\Aut\Oakaut6x5",17488,17488,4335,1
"A6A3AE9EFBD9087857B9E8F48A661E50BE62A4DD","Editor\IconCache\AdvMapObjectLink\MapObjects\_(AdvMapObjectLink)\Objects-Grass\Trees\Oak\Aut\Oakaut6x5_1",17490,17490,3601,1
"A6A3AE9EFBD9087857B9E8F48A661E50BE62A4DD","support\inst\data\EN\Game Manual.pdf",1145051,1145051,1085401,2
"A6A3AE9EFBD9087857B9E8F48A661E50BE62A4DD","support\inst\data\EN\readme 1.6.txt",24496,24496,5683,2
"A6A3AE9EFBD9087857B9E8F48A661E50BE62A4DD","support\inst\data\EN\data\p3-texts.pak",4653845,4653845,1194679,2
"A6A3AE9EFBD9087857B9E8F48A661E50BE62A4DD","support\inst\data\EN\data\sound.pak",193602532,193602532,193519748,2
"A6A3AE9EFBD9087857B9E8F48A661E50BE62A4DD","support\inst\data\EN\data\texts.pak",4379052,4379052,1042987,2
"A6A3AE9EFBD9087857B9E8F48A661E50BE62A4DD","support\inst\data\EN\datals\p5-texts.pak",4421065,4421065,924003,2
"A6A3AE9EFBD9087857B9E8F48A661E50BE62A4DD","support\inst\data\EN\datals\p6-texts.pak",3115882,3115882,1135732,2
"A6A3AE9EFBD9087857B9E8F48A661E50BE62A4DD","support\inst\data\EN\Editor Documentation\HOMM5_Combat_Replay.pdf",798749,798749,720097,2
"A6A3AE9EFBD9087857B9E8F48A661E50BE62A4DD","support\inst\data\EN\Editor Documentation\HOMM5_Dialogs_Replay.pdf",325110,325110,313703,2
"A6A3AE9EFBD9087857B9E8F48A661E50BE62A4DD","support\inst\data\EN\Editor Documentation\HOMM5_Preset_Editor.pdf",288780,288780,177628,2
"A6A3AE9EFBD9087857B9E8F48A661E50BE62A4DD","support\inst\data\EN\Editor Documentation\HOMM5_Spectator_Mode.pdf",11350,11350,5130,2
"A6A3AE9EFBD9087857B9E8F48A661E50BE62A4DD","support\inst\data\EN\Editor Documentation\HOMM5_Users_Campaign_Editor.pdf",181200,181200,107101,2
"A6A3AE9EFBD9087857B9E8F48A661E50BE62A4DD","support\inst\data\EN\video\intro.ogg",27496275,27496275,27275636,2
"A6A3AE9EFBD9087857B9E8F48A661E50BE62A4DD","support\inst\data\EN\video\outro.ogg",6392562,6392562,6341406,2
"A6A3AE9EFBD9087857B9E8F48A661E50BE62A4DD","support\inst\data\EN\music\CS\Death-Berein.ogg",1015009,1015009,1011737,2
"A6A3AE9EFBD9087857B9E8F48A661E50BE62A4DD","support\inst\data\EN\music\CS\Death-Nico.ogg",2562067,2562067,2558337,2
"A6A3AE9EFBD9087857B9E8F48A661E50BE62A4DD","support\inst\data\EN\music\CS\Heart-Griffin.ogg",2061965,2061965,2058508,2
"A6A3AE9EFBD9087857B9E8F48A661E50BE62A4DD","support\inst\data\EN\music\CS\Isabel-Trap.ogg",1846678,1846678,1843607,2
"A6A3AE9EFBD9087857B9E8F48A661E50BE62A4DD","support\inst\data\EN\music\CS\Nico-Vampire.ogg",1425532,1425532,1423596,2
"A6A3AE9EFBD9087857B9E8F48A661E50BE62A4DD","support\inst\data\EN\music\CS\Ritual-Isabel.ogg",1461367,1461367,1458747,2
"A6A3AE9EFBD9087857B9E8F48A661E50BE62A4DD","support\inst\data\FR\Game Manual.pdf",1173193,1173193,1110376,3
"A6A3AE9EFBD9087857B9E8F48A661E50BE62A4DD","support\inst\data\FR\Readme 1.6.txt",27162,27162,6012,3
"A6A3AE9EFBD9087857B9E8F48A661E50BE62A4DD","support\inst\data\FR\data\p3-texts.pak",4758078,4758078,1245124,3
"A6A3AE9EFBD9087857B9E8F48A661E50BE62A4DD","support\inst\data\FR\data\sound.pak",190994492,190994492,190911561,3
"A6A3AE9EFBD9087857B9E8F48A661E50BE62A4DD","support\inst\data\FR\data\texts.pak",4480255,4480255,1107884,3
"A6A3AE9EFBD9087857B9E8F48A661E50BE62A4DD","support\inst\data\FR\datals\p5-texts.pak",4532099,4532099,983287,3
"A6A3AE9EFBD9087857B9E8F48A661E50BE62A4DD","support\inst\data\FR\datals\p6-texts.pak",4643237,4643237,1006161,3
"A6A3AE9EFBD9087857B9E8F48A661E50BE62A4DD","support\inst\data\FR\Editor Documentation\HOMM5_Combat_Replay.pdf",794025,794025,716592,3
"A6A3AE9EFBD9087857B9E8F48A661E50BE62A4DD","support\inst\data\FR\Editor Documentation\HOMM5_Dialogs_Replay.pdf",325304,325304,313900,3
"A6A3AE9EFBD9087857B9E8F48A661E50BE62A4DD","support\inst\data\FR\Editor Documentation\HOMM5_Preset_Editor.pdf",305532,305532,194634,3
"A6A3AE9EFBD9087857B9E8F48A661E50BE62A4DD","support\inst\data\FR\Editor Documentation\HOMM5_Spectator_Mode.pdf",10364,10364,4915,3
"A6A3AE9EFBD9087857B9E8F48A661E50BE62A4DD","support\inst\data\FR\Editor Documentation\HOMM5_Users_Campaign_Editor.pdf",181898,181898,107664,3
"A6A3AE9EFBD9087857B9E8F48A661E50BE62A4DD","support\inst\data\FR\video\intro.ogg",27496316,27496316,27276103,3
"A6A3AE9EFBD9087857B9E8F48A661E50BE62A4DD","support\inst\data\FR\video\outro.ogg",6392478,6392478,6340936,3
"A6A3AE9EFBD9087857B9E8F48A661E50BE62A4DD","support\inst\data\FR\music\CS\Death-Berein.ogg",1008931,1008931,1006260,3
"A6A3AE9EFBD9087857B9E8F48A661E50BE62A4DD","support\inst\data\FR\music\CS\Death-Nico.ogg",2594505,2594505,2590571,3
"A6A3AE9EFBD9087857B9E8F48A661E50BE62A4DD","support\inst\data\FR\music\CS\Heart-Griffin.ogg",2052677,2052677,2047533,3
"A6A3AE9EFBD9087857B9E8F48A661E50BE62A4DD","support\inst\data\FR\music\CS\Isabel-Trap.ogg",1858333,1858333,1855214,3
"A6A3AE9EFBD9087857B9E8F48A661E50BE62A4DD","support\inst\data\FR\music\CS\Nico-Vampire.ogg",1407458,1407458,1405518,3
"A6A3AE9EFBD9087857B9E8F48A661E50BE62A4DD","support\inst\data\FR\music\CS\Ritual-Isabel.ogg",1458932,1458932,1456752,3
"A6A3AE9EFBD9087857B9E8F48A661E50BE62A4DD","support\inst\data\DE\Game Manual.pdf",1251580,1251580,1135177,4
"A6A3AE9EFBD9087857B9E8F48A661E50BE62A4DD","support\inst\data\DE\Readme 1.6.txt",23336,23336,5412,4
"A6A3AE9EFBD9087857B9E8F48A661E50BE62A4DD","support\inst\data\DE\data\p3-texts.pak",4618594,4618594,1267008,4
"A6A3AE9EFBD9087857B9E8F48A661E50BE62A4DD","support\inst\data\DE\data\sound.pak",206637508,206637508,206555386,4
"A6A3AE9EFBD9087857B9E8F48A661E50BE62A4DD","support\inst\data\DE\data\texts.pak",4354459,4354459,1114898,4
"A6A3AE9EFBD9087857B9E8F48A661E50BE62A4DD","support\inst\data\DE\datals\p5-texts.pak",4403919,4403919,1005029,4
"A6A3AE9EFBD9087857B9E8F48A661E50BE62A4DD","support\inst\data\DE\datals\p6-texts.pak",4965881,4965881,1305641,4
"A6A3AE9EFBD9087857B9E8F48A661E50BE62A4DD","support\inst\data\DE\Editor Documentation\HOMM5_Combat_Replay.pdf",792220,792220,715795,4
"A6A3AE9EFBD9087857B9E8F48A661E50BE62A4DD","support\inst\data\DE\Editor Documentation\Homm5_Dialogs_Replay.pdf",324202,324202,313853,4
"A6A3AE9EFBD9087857B9E8F48A661E50BE62A4DD","support\inst\data\DE\Editor Documentation\HOMM5_Preset_Editor.pdf",296474,296474,186307,4
"A6A3AE9EFBD9087857B9E8F48A661E50BE62A4DD","support\inst\data\DE\Editor Documentation\HOMM5_Spectator_Mode.pdf",4674,4674,3526,4
"A6A3AE9EFBD9087857B9E8F48A661E50BE62A4DD","support\inst\data\DE\Editor Documentation\HOMM5_Users_Campaign_Editor.pdf",181538,181538,107207,4
"A6A3AE9EFBD9087857B9E8F48A661E50BE62A4DD","support\inst\data\DE\video\intro.ogg",27496390,27496390,27275515,4
"A6A3AE9EFBD9087857B9E8F48A661E50BE62A4DD","support\inst\data\DE\video\outro.ogg",6392661,6392661,6341402,4
"A6A3AE9EFBD9087857B9E8F48A661E50BE62A4DD","support\inst\data\DE\music\CS\Death-Berein.ogg",1375128,1375128,1371383,4
"A6A3AE9EFBD9087857B9E8F48A661E50BE62A4DD","support\inst\data\DE\music\CS\Death-Nico.ogg",3552132,3552132,3541919,4
"A6A3AE9EFBD9087857B9E8F48A661E50BE62A4DD","support\inst\data\DE\music\CS\Heart-Griffn.ogg",2782138,2782138,2774586,4
"A6A3AE9EFBD9087857B9E8F48A661E50BE62A4DD","support\inst\data\DE\music\CS\Isabel-Trap.ogg",2466405,2466405,2457119,4
"A6A3AE9EFBD9087857B9E8F48A661E50BE62A4DD","support\inst\data\DE\music\CS\Nico-Vampire.ogg",1929974,1929974,1925790,4
"A6A3AE9EFBD9087857B9E8F48A661E50BE62A4DD","support\inst\data\DE\music\CS\Ritual-Isabel.ogg",1982703,1982703,1974814,4
"A6A3AE9EFBD9087857B9E8F48A661E50BE62A4DD","support\inst\data\IT\Readme 1.6.txt",13504,13504,5257,5
"A6A3AE9EFBD9087857B9E8F48A661E50BE62A4DD","support\inst\data\IT\Game Manual.pdf",1180531,1180531,1093049,5
"A6A3AE9EFBD9087857B9E8F48A661E50BE62A4DD","support\inst\data\IT\data\p3-texts.pak",4834215,4834215,1231330,5
"A6A3AE9EFBD9087857B9E8F48A661E50BE62A4DD","support\inst\data\IT\data\sound.pak",196043190,196043190,195961557,5
"A6A3AE9EFBD9087857B9E8F48A661E50BE62A4DD","support\inst\data\IT\data\texts.pak",4414799,4414799,1084469,5
"A6A3AE9EFBD9087857B9E8F48A661E50BE62A4DD","support\inst\data\IT\datals\p5-texts.pak",4114061,4114061,952940,5
"A6A3AE9EFBD9087857B9E8F48A661E50BE62A4DD","support\inst\data\IT\datals\p6-texts.pak",4522899,4522899,1269389,5
"A6A3AE9EFBD9087857B9E8F48A661E50BE62A4DD","support\inst\data\IT\Editor Documentation\HOMM5_Combat_Replay.pdf",793512,793512,716030,5
"A6A3AE9EFBD9087857B9E8F48A661E50BE62A4DD","support\inst\data\IT\Editor Documentation\HOMM5_Dialogs_Replay.pdf",325015,325015,313595,5
"A6A3AE9EFBD9087857B9E8F48A661E50BE62A4DD","support\inst\data\IT\Editor Documentation\HOMM5_Preset_Editor.pdf",303251,303251,193365,5
"A6A3AE9EFBD9087857B9E8F48A661E50BE62A4DD","support\inst\data\IT\Editor Documentation\HOMM5_Spectator_Mode.pdf",11436,11436,4741,5
"A6A3AE9EFBD9087857B9E8F48A661E50BE62A4DD","support\inst\data\IT\Editor Documentation\HOMM5_Users_Campaign_Editor.pdf",181767,181767,107415,5
"A6A3AE9EFBD9087857B9E8F48A661E50BE62A4DD","support\inst\data\IT\video\intro.ogg",27496551,27496551,27276189,5
"A6A3AE9EFBD9087857B9E8F48A661E50BE62A4DD","support\inst\data\IT\video\outro.ogg",6392737,6392737,6341483,5
"A6A3AE9EFBD9087857B9E8F48A661E50BE62A4DD","support\inst\data\IT\music\CS\Death-Berein.ogg",1021497,1021497,1018805,5
"A6A3AE9EFBD9087857B9E8F48A661E50BE62A4DD","support\inst\data\IT\music\CS\Death-Nico.ogg",2613621,2613621,2608527,5
"A6A3AE9EFBD9087857B9E8F48A661E50BE62A4DD","support\inst\data\IT\music\CS\Heart-Griffin.ogg",2080345,2080345,2078007,5
"A6A3AE9EFBD9087857B9E8F48A661E50BE62A4DD","support\inst\data\IT\music\CS\Isabel-Trap.ogg",1849273,1849273,1846205,5
"A6A3AE9EFBD9087857B9E8F48A661E50BE62A4DD","support\inst\data\IT\music\CS\Nico-Vampire.ogg",1439751,1439751,1437795,5
"A6A3AE9EFBD9087857B9E8F48A661E50BE62A4DD","support\inst\data\IT\music\CS\Ritual-Isabel.ogg",1463809,1463809,1461608,5
"A6A3AE9EFBD9087857B9E8F48A661E50BE62A4DD","support\inst\data\SP\Readme 1.6.txt",25688,25688,5542,6
"A6A3AE9EFBD9087857B9E8F48A661E50BE62A4DD","support\inst\data\SP\data\p3-texts.pak",4713866,4713866,1255401,6
"A6A3AE9EFBD9087857B9E8F48A661E50BE62A4DD","support\inst\data\SP\data\sound.pak",197596429,197596429,197515910,6
"A6A3AE9EFBD9087857B9E8F48A661E50BE62A4DD","support\inst\data\SP\data\texts.pak",4315272,4315272,1091836,6
"A6A3AE9EFBD9087857B9E8F48A661E50BE62A4DD","support\inst\data\SP\datals\p5-texts.pak",4500822,4500822,997794,6
"A6A3AE9EFBD9087857B9E8F48A661E50BE62A4DD","support\inst\data\SP\datals\p6-texts.pak",4919794,4919794,1293759,6
"A6A3AE9EFBD9087857B9E8F48A661E50BE62A4DD","support\inst\data\SP\Editor Documentation\HOMM5_Combat_Replay.pdf",793653,793653,716152,6
"A6A3AE9EFBD9087857B9E8F48A661E50BE62A4DD","support\inst\data\SP\Editor Documentation\HOMM5_Dialogs_Replay.pdf",325194,325194,313786,6
"A6A3AE9EFBD9087857B9E8F48A661E50BE62A4DD","support\inst\data\SP\Editor Documentation\HOMM5_Preset_Editor.pdf",306327,306327,196379,6
"A6A3AE9EFBD9087857B9E8F48A661E50BE62A4DD","support\inst\data\SP\Editor Documentation\HOMM5_Spectator_Mode.pdf",11448,11448,4763,6
"A6A3AE9EFBD9087857B9E8F48A661E50BE62A4DD","support\inst\data\SP\Editor Documentation\HOMM5_Users_Campaign_Editor.pdf",187779,187779,110899,6
"A6A3AE9EFBD9087857B9E8F48A661E50BE62A4DD","support\inst\data\SP\video\intro.ogg",27496911,27496911,27276859,6
"A6A3AE9EFBD9087857B9E8F48A661E50BE62A4DD","support\inst\data\SP\video\outro.ogg",6392617,6392617,6341432,6
"A6A3AE9EFBD9087857B9E8F48A661E50BE62A4DD","support\inst\data\SP\music\CS\Death-Berein.ogg",1020995,1020995,1018315,6
"A6A3AE9EFBD9087857B9E8F48A661E50BE62A4DD","support\inst\data\SP\music\CS\Death-Nico.ogg",2602514,2602514,2595047,6
"A6A3AE9EFBD9087857B9E8F48A661E50BE62A4DD","support\inst\data\SP\music\CS\Heart-Griffin.ogg",2072908,2072908,2068857,6
"A6A3AE9EFBD9087857B9E8F48A661E50BE62A4DD","support\inst\data\SP\music\CS\Isabel-Trap.ogg",1842809,1842809,1840206,6
"A6A3AE9EFBD9087857B9E8F48A661E50BE62A4DD","support\inst\data\SP\music\CS\Nico-Vampire.ogg",1430418,1430418,1428467,6
"A6A3AE9EFBD9087857B9E8F48A661E50BE62A4DD","support\inst\data\SP\music\CS\Ritual-Isabel.ogg",1468103,1468103,1465302,6
"A6A3AE9EFBD9087857B9E8F48A661E50BE62A4DD","splasha1.bmp",782456,782456,636191,7
"A6A3AE9EFBD9087857B9E8F48A661E50BE62A4DD","bina1\H5_Game.exe",14539448,14539448,4614711,7
"A6A3AE9EFBD9087857B9E8F48A661E50BE62A4DD","bina1\H5_MapEditor.exe",17355720,17355720,5928856,7
"A6A3AE9EFBD9087857B9E8F48A661E50BE62A4DD","bina1\dbghelp.dll",719360,719360,295146,7
"A6A3AE9EFBD9087857B9E8F48A661E50BE62A4DD","bina1\fmod.dll",162816,162816,154013,7
"A6A3AE9EFBD9087857B9E8F48A661E50BE62A4DD","bina1\granny2.dll",400951,400951,155679,7
"A6A3AE9EFBD9087857B9E8F48A661E50BE62A4DD","bina1\libcurl.dll",243152,243152,126426,7
"A6A3AE9EFBD9087857B9E8F48A661E50BE62A4DD","bina1\MFC71.dll",1060864,1060864,467923,7
"A6A3AE9EFBD9087857B9E8F48A661E50BE62A4DD","bina1\MFC71ENU.DLL",57344,57344,10449,7
"A6A3AE9EFBD9087857B9E8F48A661E50BE62A4DD","bina1\msvcp71.dll",499712,499712,114367,7
"A6A3AE9EFBD9087857B9E8F48A661E50BE62A4DD","bina1\msvcr71.dll",348160,348160,168628,7
"A6A3AE9EFBD9087857B9E8F48A661E50BE62A4DD","bina1\UbiStats.dll",169928,169928,77123,7
"A6A3AE9EFBD9087857B9E8F48A661E50BE62A4DD","bina1\zlib1.dll",59904,59904,32482,7
"A6A3AE9EFBD9087857B9E8F48A661E50BE62A4DD","bina1\zlibwapi.dll",72704,72704,39436,7
"A6A3AE9EFBD9087857B9E8F48A661E50BE62A4DD","bina1\uplay_r1_loader.dll",440488,440488,139361,7
"A6A3AE9EFBD9087857B9E8F48A661E50BE62A4DD","bina1\uplay32.dll",22184,22184,13165,7
"A6A3AE9EFBD9087857B9E8F48A661E50BE62A4DD","dataa1\a1-data.pak",465851057,465851057,453008778,7
"A6A3AE9EFBD9087857B9E8F48A661E50BE62A4DD","dataa1\a1p1-data.pak",20024399,20024399,19472435,7
"A6A3AE9EFBD9087857B9E8F48A661E50BE62A4DD","Editor Documentation\HOMM5_A1_CheatCodes.pdf",14205,14205,5993,7
"A6A3AE9EFBD9087857B9E8F48A661E50BE62A4DD","Editor Documentation\HOMM5_A1_Editor_Practical_Guide.pdf",5324454,5324454,5071632,7
"A6A3AE9EFBD9087857B9E8F48A661E50BE62A4DD","Editor Documentation\HOMM5_A1_Editor_Theory.pdf",3129302,3129302,2996315,7
"A6A3AE9EFBD9087857B9E8F48A661E50BE62A4DD","Editor Documentation\HOMM5_A1_Hero_Level_and_Experience.pdf",25860,25860,9206,7
"A6A3AE9EFBD9087857B9E8F48A661E50BE62A4DD","Editor Documentation\HOMM5_A1_IDs_for_Scripts.pdf",97840,97840,51934,7
"A6A3AE9EFBD9087857B9E8F48A661E50BE62A4DD","Editor Documentation\HOMM5_A1_RMG_Tutorial.pdf",1011644,1011644,724203,7
"A6A3AE9EFBD9087857B9E8F48A661E50BE62A4DD","Editor Documentation\HOMM5_A1_Script_Functions.pdf",596171,596171,371504,7
"A6A3AE9EFBD9087857B9E8F48A661E50BE62A4DD","hwcursors\a1_garrison_guarding.cur",2238,2238,1094,7
"A6A3AE9EFBD9087857B9E8F48A661E50BE62A4DD","hwcursors\a1_garrison_guarding2.cur",2238,2238,1138,7
"A6A3AE9EFBD9087857B9E8F48A661E50BE62A4DD","hwcursors\a1_garrison_guarding2_a.cur",2238,2238,1475,7
"A6A3AE9EFBD9087857B9E8F48A661E50BE62A4DD","hwcursors\a1_garrison_guarding3+.cur",2238,2238,1141,7
"A6A3AE9EFBD9087857B9E8F48A661E50BE62A4DD","hwcursors\a1_garrison_guarding3.cur",2238,2238,1141,7
"A6A3AE9EFBD9087857B9E8F48A661E50BE62A4DD","hwcursors\a1_garrison_guarding3plus_a.cur",2238,2238,1475,7
"A6A3AE9EFBD9087857B9E8F48A661E50BE62A4DD","hwcursors\a1_garrison_guarding3_a.cur",2238,2238,1472,7
"A6A3AE9EFBD9087857B9E8F48A661E50BE62A4DD","hwcursors\a1_garrison_guarding_a.cur",2238,2238,1444,7
"A6A3AE9EFBD9087857B9E8F48A661E50BE62A4DD","hwcursors\a1_MoveN.cur",4286,4286,2464,7
"A6A3AE9EFBD9087857B9E8F48A661E50BE62A4DD","hwcursors\a1_MoveN2.cur",4286,4286,2444,7
"A6A3AE9EFBD9087857B9E8F48A661E50BE62A4DD","hwcursors\a1_MoveN2_a.cur",4286,4286,2123,7
"A6A3AE9EFBD9087857B9E8F48A661E50BE62A4DD","hwcursors\a1_MoveN3.cur",4286,4286,2461,7
"A6A3AE9EFBD9087857B9E8F48A661E50BE62A4DD","hwcursors\a1_MoveN3plus.cur",4286,4286,2471,7
"A6A3AE9EFBD9087857B9E8F48A661E50BE62A4DD","hwcursors\a1_MoveN3plus_a.cur",4286,4286,2201,7
"A6A3AE9EFBD9087857B9E8F48A661E50BE62A4DD","hwcursors\a1_MoveN3_a.cur",4286,4286,2197,7
"A6A3AE9EFBD9087857B9E8F48A661E50BE62A4DD","hwcursors\a1_MoveN_a.cur",4286,4286,2176,7
"A6A3AE9EFBD9087857B9E8F48A661E50BE62A4DD","hwcursors\a1_Town2.cur",2238,2238,1469,7
"A6A3AE9EFBD9087857B9E8F48A661E50BE62A4DD","hwcursors\a1_Town2_a.cur",2238,2238,1251,7
"A6A3AE9EFBD9087857B9E8F48A661E50BE62A4DD","hwcursors\a1_Town3.cur",2238,2238,1474,7
"A6A3AE9EFBD9087857B9E8F48A661E50BE62A4DD","hwcursors\a1_Town3plus.cur",2238,2238,1488,7
"A6A3AE9EFBD9087857B9E8F48A661E50BE62A4DD","hwcursors\a1_Town3plus_a.cur",2238,2238,1269,7
"A6A3AE9EFBD9087857B9E8F48A661E50BE62A4DD","hwcursors\a1_Town3_a.cur",2238,2238,1256,7
"A6A3AE9EFBD9087857B9E8F48A661E50BE62A4DD","hwcursors\a1_Town_a.cur",2238,2238,1213,7
"A6A3AE9EFBD9087857B9E8F48A661E50BE62A4DD","hwcursors\a1_Use.cur",2238,2238,1682,7
"A6A3AE9EFBD9087857B9E8F48A661E50BE62A4DD","hwcursors\a1_UseN.cur",4286,4286,2259,7
"A6A3AE9EFBD9087857B9E8F48A661E50BE62A4DD","hwcursors\a1_UseN2.cur",4286,4286,2392,7
"A6A3AE9EFBD9087857B9E8F48A661E50BE62A4DD","hwcursors\a1_UseN2_a.cur",4286,4286,2039,7
"A6A3AE9EFBD9087857B9E8F48A661E50BE62A4DD","hwcursors\a1_UseN3.cur",4286,4286,2407,7
"A6A3AE9EFBD9087857B9E8F48A661E50BE62A4DD","hwcursors\a1_UseN3plus.cur",4286,4286,2360,7
"A6A3AE9EFBD9087857B9E8F48A661E50BE62A4DD","hwcursors\a1_UseN3plus_a.cur",4286,4286,2068,7
"A6A3AE9EFBD9087857B9E8F48A661E50BE62A4DD","hwcursors\a1_UseN3_a.cur",4286,4286,2090,7
"A6A3AE9EFBD9087857B9E8F48A661E50BE62A4DD","hwcursors\a1_UseN_a.cur",4286,4286,2036,7
"A6A3AE9EFBD9087857B9E8F48A661E50BE62A4DD","profiles\autoexec_a1.cfg",3390,3390,1089,7
"A6A3AE9EFBD9087857B9E8F48A661E50BE62A4DD","profiles\editor_a1.cfg",300,300,145,7
"A6A3AE9EFBD9087857B9E8F48A661E50BE62A4DD","video\intro_a1.xml",482,482,160,7
"A6A3AE9EFBD9087857B9E8F48A661E50BE62A4DD","video\outro_a1.xml",50,50,59,7
"A6A3AE9EFBD9087857B9E8F48A661E50BE62A4DD","profiles\default_profile\input_a1.cfg",15271,15271,2869,7
"A6A3AE9EFBD9087857B9E8F48A661E50BE62A4DD","music\a1\AITheme-Fortress.ogg",868656,868656,856619,7
"A6A3AE9EFBD9087857B9E8F48A661E50BE62A4DD","music\a1\Campaign-Dungeon.ogg",1652001,1652001,1637859,7
"A6A3AE9EFBD9087857B9E8F48A661E50BE62A4DD","music\a1\Campaign-Fortress.ogg",1720945,1720945,1707432,7
"A6A3AE9EFBD9087857B9E8F48A661E50BE62A4DD","music\a1\Campaign-Haven.ogg",1663505,1663505,1622158,7
"A6A3AE9EFBD9087857B9E8F48A661E50BE62A4DD","music\a1\Combat-Fortress.ogg",2132328,2132328,2116447,7
"A6A3AE9EFBD9087857B9E8F48A661E50BE62A4DD","music\a1\Heroes-Biara.ogg",1588904,1588904,1566409,7
"A6A3AE9EFBD9087857B9E8F48A661E50BE62A4DD","music\a1\Heroes-Duncan.ogg",1851405,1851405,1796863,7
"A6A3AE9EFBD9087857B9E8F48A661E50BE62A4DD","music\a1\Heroes-Freyda.ogg",1838389,1838389,1807191,7
"A6A3AE9EFBD9087857B9E8F48A661E50BE62A4DD","music\a1\Heroes-Rolf.ogg",1661649,1661649,1643479,7
"A6A3AE9EFBD9087857B9E8F48A661E50BE62A4DD","music\a1\Heroes-Shadwyn-Ylaya.ogg",1752669,1752669,1740504,7
"A6A3AE9EFBD9087857B9E8F48A661E50BE62A4DD","music\a1\Heroes-Wulfstan.ogg",1684373,1684373,1672513,7
"A6A3AE9EFBD9087857B9E8F48A661E50BE62A4DD","music\a1\LoseBattle-Fortress.ogg",347673,347673,342249,7
"A6A3AE9EFBD9087857B9E8F48A661E50BE62A4DD","music\a1\MainMenu-Theme.ogg",2325179,2325179,2308473,7
"A6A3AE9EFBD9087857B9E8F48A661E50BE62A4DD","music\a1\Seige-Fortress.ogg",2707291,2707291,2691878,7
"A6A3AE9EFBD9087857B9E8F48A661E50BE62A4DD","music\a1\Town-Fortress.ogg",1652234,1652234,1640439,7
"A6A3AE9EFBD9087857B9E8F48A661E50BE62A4DD","music\a1\WinBattle-Fortress.ogg",269997,269997,265293,7
"A6A3AE9EFBD9087857B9E8F48A661E50BE62A4DD","support\inst\install_hof.bat",365,365,172,7
"A6A3AE9EFBD9087857B9E8F48A661E50BE62A4DD","support\inst\install_hof_reg.reg",1238,1238,340,7
"A6A3AE9EFBD9087857B9E8F48A661E50BE62A4DD","Editor\IconCache\AdvMapObjectLink\MapObjects\_(AdvMapObjectLink)\ArenaObjects\Academy_Stuff_01.(AdvMapObjectLink)",17514,17514,2566,7
"A6A3AE9EFBD9087857B9E8F48A661E50BE62A4DD","Editor\IconCache\AdvMapObjectLink\MapObjects\_(AdvMapObjectLink)\ArenaObjects\Academy_Tower.(AdvMapObjectLink)",17511,17511,3538,7
"A6A3AE9EFBD9087857B9E8F48A661E50BE62A4DD","Editor\IconCache\AdvMapObjectLink\MapObjects\_(AdvMapObjectLink)\ArenaObjects\Acedemy_Bashenka.(AdvMapObjectLink)",17514,17514,5227,7
"A6A3AE9EFBD9087857B9E8F48A661E50BE62A4DD","Editor\IconCache\AdvMapObjectLink\MapObjects\_(AdvMapObjectLink)\ArenaObjects\Acedemy_house1.(AdvMapObjectLink)",17512,17512,7458,7
"A6A3AE9EFBD9087857B9E8F48A661E50BE62A4DD","Editor\IconCache\AdvMapObjectLink\MapObjects\_(AdvMapObjectLink)\ArenaObjects\Acedemy_house2.(AdvMapObjectLink)",17512,17512,6272,7
"A6A3AE9EFBD9087857B9E8F48A661E50BE62A4DD","Editor\IconCache\AdvMapObjectLink\MapObjects\_(AdvMapObjectLink)\ArenaObjects\Acedemy_house3.(AdvMapObjectLink)",17512,17512,5562,7
"A6A3AE9EFBD9087857B9E8F48A661E50BE62A4DD","Editor\IconCache\AdvMapObjectLink\MapObjects\_(AdvMapObjectLink)\ArenaObjects\Acedemy_house4.(AdvMapObjectLink)",17512,17512,5617,7
"A6A3AE9EFBD9087857B9E8F48A661E50BE62A4DD","Editor\IconCache\AdvMapObjectLink\MapObjects\_(AdvMapObjectLink)\ArenaObjects\Acedemy_house5.(AdvMapObjectLink)",17512,17512,6725,7
"A6A3AE9EFBD9087857B9E8F48A661E50BE62A4DD","Editor\IconCache\AdvMapObjectLink\MapObjects\_(AdvMapObjectLink)\ArenaObjects\Acedemy_Wall.(AdvMapObjectLink)",17510,17510,7218,7
"A6A3AE9EFBD9087857B9E8F48A661E50BE62A4DD","Editor\IconCache\AdvMapObjectLink\MapObjects\_(AdvMapObjectLink)\ArenaObjects\Boat_Mast1.(AdvMapObjectLink)",17508,17508,4775,7
"A6A3AE9EFBD9087857B9E8F48A661E50BE62A4DD","Editor\IconCache\AdvMapObjectLink\MapObjects\_(AdvMapObjectLink)\ArenaObjects\Boat_Mast2.(AdvMapObjectLink)",17508,17508,4037,7
"A6A3AE9EFBD9087857B9E8F48A661E50BE62A4DD","Editor\IconCache\AdvMapObjectLink\MapObjects\_(AdvMapObjectLink)\ArenaObjects\Boat_Mast3.(AdvMapObjectLink)",17508,17508,4056,7
"A6A3AE9EFBD9087857B9E8F48A661E50BE62A4DD","Editor\IconCache\AdvMapObjectLink\MapObjects\_(AdvMapObjectLink)\ArenaObjects\Boat_Mast4.(AdvMapObjectLink)",17508,17508,3989,7
"A6A3AE9EFBD9087857B9E8F48A661E50BE62A4DD","Editor\IconCache\AdvMapObjectLink\MapObjects\_(AdvMapObjectLink)\ArenaObjects\Boat_Mast5.(AdvMapObjectLink)",17508,17508,4130,7
"A6A3AE9EFBD9087857B9E8F48A661E50BE62A4DD","Editor\IconCache\AdvMapObjectLink\MapObjects\_(AdvMapObjectLink)\ArenaObjects\Boat_Mast6.(AdvMapObjectLink)",17508,17508,3873,7
"A6A3AE9EFBD9087857B9E8F48A661E50BE62A4DD","Editor\IconCache\AdvMapObjectLink\MapObjects\_(AdvMapObjectLink)\ArenaObjects\Boat_Ships.(AdvMapObjectLink)",17508,17508,8461,7
"A6A3AE9EFBD9087857B9E8F48A661E50BE62A4DD","Editor\IconCache\AdvMapObjectLink\MapObjects\_(AdvMapObjectLink)\ArenaObjects\C6M3_Crystal",17491,17491,3686,7
"A6A3AE9EFBD9087857B9E8F48A661E50BE62A4DD","Editor\IconCache\AdvMapObjectLink\MapObjects\_(AdvMapObjectLink)\ArenaObjects\Catapult",17487,17487,6109,7
"A6A3AE9EFBD9087857B9E8F48A661E50BE62A4DD","Editor\IconCache\AdvMapObjectLink\MapObjects\_(AdvMapObjectLink)\ArenaObjects\Dungeon_Shpilki.(AdvMapObjectLink)",17513,17513,3664,7
"A6A3AE9EFBD9087857B9E8F48A661E50BE62A4DD","Editor\IconCache\AdvMapObjectLink\MapObjects\_(AdvMapObjectLink)\ArenaObjects\Dungeon_Side_Tower.(AdvMapObjectLink)",17516,17516,4278,7
"A6A3AE9EFBD9087857B9E8F48A661E50BE62A4DD","Editor\IconCache\AdvMapObjectLink\MapObjects\_(AdvMapObjectLink)\ArenaObjects\Dungeon_Tower.(AdvMapObjectLink)",17511,17511,7268,7
"A6A3AE9EFBD9087857B9E8F48A661E50BE62A4DD","Editor\IconCache\AdvMapObjectLink\MapObjects\_(AdvMapObjectLink)\ArenaObjects\Dungeon_Wall.(AdvMapObjectLink)",17510,17510,7245,7
"A6A3AE9EFBD9087857B9E8F48A661E50BE62A4DD","Editor\IconCache\AdvMapObjectLink\MapObjects\_(AdvMapObjectLink)\ArenaObjects\Dungeon_Wall_2.(AdvMapObjectLink)",17512,17512,5991,7
"A6A3AE9EFBD9087857B9E8F48A661E50BE62A4DD","Editor\IconCache\AdvMapObjectLink\MapObjects\_(AdvMapObjectLink)\ArenaObjects\Dungeon_Women1.(AdvMapObjectLink)",17512,17512,3618,7
"A6A3AE9EFBD9087857B9E8F48A661E50BE62A4DD","Editor\IconCache\AdvMapObjectLink\MapObjects\_(AdvMapObjectLink)\ArenaObjects\Dungeon_Women2.(AdvMapObjectLink)",17512,17512,4740,7
"A6A3AE9EFBD9087857B9E8F48A661E50BE62A4DD","Editor\IconCache\AdvMapObjectLink\MapObjects\_(AdvMapObjectLink)\ArenaObjects\Dungeon_Women3.(AdvMapObjectLink)",17512,17512,4379,7
"A6A3AE9EFBD9087857B9E8F48A661E50BE62A4DD","Editor\IconCache\AdvMapObjectLink\MapObjects\_(AdvMapObjectLink)\ArenaObjects\Fortress_Arena.(AdvMapObjectLink)",17512,17512,5163,7
"A6A3AE9EFBD9087857B9E8F48A661E50BE62A4DD","Editor\IconCache\AdvMapObjectLink\MapObjects\_(AdvMapObjectLink)\ArenaObjects\Fortress_Arena_Bomb",17498,17498,4447,7
"A6A3AE9EFBD9087857B9E8F48A661E50BE62A4DD","Editor\IconCache\AdvMapObjectLink\MapObjects\_(AdvMapObjectLink)\ArenaObjects\Fortress_Pricipice.(AdvMapObjectLink)",17516,17516,7331,7
"A6A3AE9EFBD9087857B9E8F48A661E50BE62A4DD","Editor\IconCache\AdvMapObjectLink\MapObjects\_(AdvMapObjectLink)\ArenaObjects\Grass_CTower.(AdvMapObjectLink)",17510,17510,4833,7
"A6A3AE9EFBD9087857B9E8F48A661E50BE62A4DD","Editor\IconCache\AdvMapObjectLink\MapObjects\_(AdvMapObjectLink)\ArenaObjects\Grass_Nailzz.(AdvMapObjectLink)",17510,17510,2003,7
"A6A3AE9EFBD9087857B9E8F48A661E50BE62A4DD","Editor\IconCache\AdvMapObjectLink\MapObjects\_(AdvMapObjectLink)\ArenaObjects\Grass_SideTower",17494,17494,4318,7
"A6A3AE9EFBD9087857B9E8F48A661E50BE62A4DD","Editor\IconCache\AdvMapObjectLink\MapObjects\_(AdvMapObjectLink)\ArenaObjects\Grass_Stuff_01.(AdvMapObjectLink)",17512,17512,4183,7
"A6A3AE9EFBD9087857B9E8F48A661E50BE62A4DD","Editor\IconCache\AdvMapObjectLink\MapObjects\_(AdvMapObjectLink)\ArenaObjects\Grass_Stuff_02.(AdvMapObjectLink)",17512,17512,6940,7
"A6A3AE9EFBD9087857B9E8F48A661E50BE62A4DD","Editor\IconCache\AdvMapObjectLink\MapObjects\_(AdvMapObjectLink)\ArenaObjects\Grass_Stuff_03.(AdvMapObjectLink)",17512,17512,4827,7
"A6A3AE9EFBD9087857B9E8F48A661E50BE62A4DD","Editor\IconCache\AdvMapObjectLink\MapObjects\_(AdvMapObjectLink)\ArenaObjects\Grass_Stuff_04.(AdvMapObjectLink)",17512,17512,3949,7
"A6A3AE9EFBD9087857B9E8F48A661E50BE62A4DD","Editor\IconCache\AdvMapObjectLink\MapObjects\_(AdvMapObjectLink)\ArenaObjects\Grass_Stuff_05.(AdvMapObjectLink)",17512,17512,3288,7
"A6A3AE9EFBD9087857B9E8F48A661E50BE62A4DD","Editor\IconCache\AdvMapObjectLink\MapObjects\_(AdvMapObjectLink)\ArenaObjects\Grass_Stuff_06.(AdvMapObjectLink)",17512,17512,4232,7
"A6A3AE9EFBD9087857B9E8F48A661E50BE62A4DD","Editor\IconCache\AdvMapObjectLink\MapObjects\_(AdvMapObjectLink)\ArenaObjects\Grass_Wall.(AdvMapObjectLink)",17508,17508,8921,7
"A6A3AE9EFBD9087857B9E8F48A661E50BE62A4DD","Editor\IconCache\AdvMapObjectLink\MapObjects\_(AdvMapObjectLink)\ArenaObjects\Grass_WallOneSection.(AdvMapObjectLink)",17518,17518,8060,7
"A6A3AE9EFBD9087857B9E8F48A661E50BE62A4DD","Editor\IconCache\AdvMapObjectLink\MapObjects\_(AdvMapObjectLink)\ArenaObjects\Grave01.(AdvMapObjectLink)",17505,17505,5709,7
"A6A3AE9EFBD9087857B9E8F48A661E50BE62A4DD","Editor\IconCache\AdvMapObjectLink\MapObjects\_(AdvMapObjectLink)\ArenaObjects\Grave02.(AdvMapObjectLink)",17505,17505,4684,7
"A6A3AE9EFBD9087857B9E8F48A661E50BE62A4DD","Editor\IconCache\AdvMapObjectLink\MapObjects\_(AdvMapObjectLink)\ArenaObjects\Grave03.(AdvMapObjectLink)",17505,17505,4603,7
"A6A3AE9EFBD9087857B9E8F48A661E50BE62A4DD","Editor\IconCache\AdvMapObjectLink\MapObjects\_(AdvMapObjectLink)\ArenaObjects\Grave04.(AdvMapObjectLink)",17505,17505,4652,7
"A6A3AE9EFBD9087857B9E8F48A661E50BE62A4DD","Editor\IconCache\AdvMapObjectLink\MapObjects\_(AdvMapObjectLink)\ArenaObjects\Grave05.(AdvMapObjectLink)",17505,17505,5095,7
"A6A3AE9EFBD9087857B9E8F48A661E50BE62A4DD","Editor\IconCache\AdvMapObjectLink\MapObjects\_(AdvMapObjectLink)\ArenaObjects\Grave06.(AdvMapObjectLink)",17505,17505,4326,7
"A6A3AE9EFBD9087857B9E8F48A661E50BE62A4DD","Editor\IconCache\AdvMapObjectLink\MapObjects\_(AdvMapObjectLink)\ArenaObjects\Grave07.(AdvMapObjectLink)",17505,17505,5496,7
"A6A3AE9EFBD9087857B9E8F48A661E50BE62A4DD","Editor\IconCache\AdvMapObjectLink\MapObjects\_(AdvMapObjectLink)\ArenaObjects\Grave08.(AdvMapObjectLink)",17505,17505,5004,7
"A6A3AE9EFBD9087857B9E8F48A661E50BE62A4DD","Editor\IconCache\AdvMapObjectLink\MapObjects\_(AdvMapObjectLink)\ArenaObjects\Grave09.(AdvMapObjectLink)",17505,17505,5753,7
"A6A3AE9EFBD9087857B9E8F48A661E50BE62A4DD","Editor\IconCache\AdvMapObjectLink\MapObjects\_(AdvMapObjectLink)\ArenaObjects\Grave10.(AdvMapObjectLink)",17505,17505,4748,7
"A6A3AE9EFBD9087857B9E8F48A661E50BE62A4DD","Editor\IconCache\AdvMapObjectLink\MapObjects\_(AdvMapObjectLink)\ArenaObjects\Grave11.(AdvMapObjectLink)",17505,17505,4318,7
"A6A3AE9EFBD9087857B9E8F48A661E50BE62A4DD","Editor\IconCache\AdvMapObjectLink\MapObjects\_(AdvMapObjectLink)\ArenaObjects\Grave12.(AdvMapObjectLink)",17505,17505,5944,7
"A6A3AE9EFBD9087857B9E8F48A661E50BE62A4DD","Editor\IconCache\AdvMapObjectLink\MapObjects\_(AdvMapObjectLink)\ArenaObjects\Lava_CTower.(AdvMapObjectLink)",17509,17509,5930,7
"A6A3AE9EFBD9087857B9E8F48A661E50BE62A4DD","Editor\IconCache\AdvMapObjectLink\MapObjects\_(AdvMapObjectLink)\ArenaObjects\Lava_Wall.(AdvMapObjectLink)",17507,17507,6890,7
"A6A3AE9EFBD9087857B9E8F48A661E50BE62A4DD","Editor\IconCache\AdvMapObjectLink\MapObjects\_(AdvMapObjectLink)\ArenaObjects\Necropolis_Bones.(AdvMapObjectLink)",17514,17514,2531,7
"A6A3AE9EFBD9087857B9E8F48A661E50BE62A4DD","Editor\IconCache\AdvMapObjectLink\MapObjects\_(AdvMapObjectLink)\ArenaObjects\Necropolis_CTower.(AdvMapObjectLink)",17515,17515,4082,7
"A6A3AE9EFBD9087857B9E8F48A661E50BE62A4DD","Editor\IconCache\AdvMapObjectLink\MapObjects\_(AdvMapObjectLink)\ArenaObjects\Necropolis_Tower.(AdvMapObjectLink)",17514,17514,3404,7
"A6A3AE9EFBD9087857B9E8F48A661E50BE62A4DD","Editor\IconCache\AdvMapObjectLink\MapObjects\_(AdvMapObjectLink)\ArenaObjects\Necropolis_Wall.(AdvMapObjectLink)",17513,17513,5655,7
"A6A3AE9EFBD9087857B9E8F48A661E50BE62A4DD","Editor\IconCache\AdvMapObjectLink\MapObjects\_(AdvMapObjectLink)\ArenaObjects\Necropolis_Wall_Gate.(AdvMapObjectLink)",17518,17518,8269,7
"A6A3AE9EFBD9087857B9E8F48A661E50BE62A4DD","Editor\IconCache\AdvMapObjectLink\MapObjects\_(AdvMapObjectLink)\ArenaObjects\NE_Side_tower.(AdvMapObjectLink)",17511,17511,3359,7
"A6A3AE9EFBD9087857B9E8F48A661E50BE62A4DD","Editor\IconCache\AdvMapObjectLink\MapObjects\_(AdvMapObjectLink)\ArenaObjects\Rampart_Bushes.(AdvMapObjectLink)",17512,17512,2635,7
"A6A3AE9EFBD9087857B9E8F48A661E50BE62A4DD","Editor\IconCache\AdvMapObjectLink\MapObjects\_(AdvMapObjectLink)\ArenaObjects\Rampart_CTower.(AdvMapObjectLink)",17512,17512,4898,7
"A6A3AE9EFBD9087857B9E8F48A661E50BE62A4DD","Editor\IconCache\AdvMapObjectLink\MapObjects\_(AdvMapObjectLink)\ArenaObjects\Rampart_sidetower.(AdvMapObjectLink)",17515,17515,3237,7
"A6A3AE9EFBD9087857B9E8F48A661E50BE62A4DD","Editor\IconCache\AdvMapObjectLink\MapObjects\_(AdvMapObjectLink)\ArenaObjects\Rampart_Wall.(AdvMapObjectLink)",17510,17510,8508,7
"A6A3AE9EFBD9087857B9E8F48A661E50BE62A4DD","Editor\IconCache\AdvMapObjectLink\MapObjects\_(AdvMapObjectLink)\ArenaObjects\Rampart_Wall_two_pices.(AdvMapObjectLink)",17520,17520,5968,7
"A6A3AE9EFBD9087857B9E8F48A661E50BE62A4DD","Editor\IconCache\AdvMapObjectLink\MapObjects\_(AdvMapObjectLink)\ArenaObjects\TestObject",17489,17489,2157,7
"A6A3AE9EFBD9087857B9E8F48A661E50BE62A4DD","Editor\IconCache\AdvMapObjectLink\MapObjects\_(AdvMapObjectLink)\Conquest\conquestmap",17490,17490,5578,7
"A6A3AE9EFBD9087857B9E8F48A661E50BE62A4DD","Editor\IconCache\AdvMapObjectLink\MapObjects\_(AdvMapObjectLink)\Conquest\Hero1",17484,17484,3549,7
"A6A3AE9EFBD9087857B9E8F48A661E50BE62A4DD","Editor\IconCache\AdvMapObjectLink\MapObjects\_(AdvMapObjectLink)\Conquest\Hero2",17484,17484,5159,7
"A6A3AE9EFBD9087857B9E8F48A661E50BE62A4DD","Editor\IconCache\AdvMapObjectLink\MapObjects\_(AdvMapObjectLink)\Conquest\InfernoTown",17490,17490,4489,7
"A6A3AE9EFBD9087857B9E8F48A661E50BE62A4DD","Editor\IconCache\AdvMapObjectLink\MapObjects\_(AdvMapObjectLink)\Conquest\Mountain2x2Dirt",17494,17494,874,7
"A6A3AE9EFBD9087857B9E8F48A661E50BE62A4DD","Editor\IconCache\AdvMapObjectLink\MapObjects\_(AdvMapObjectLink)\Conquest\Mountain2x2Grass",17495,17495,957,7
"A6A3AE9EFBD9087857B9E8F48A661E50BE62A4DD","Editor\IconCache\AdvMapObjectLink\MapObjects\_(AdvMapObjectLink)\Conquest\Mountain3x3Dirt",17494,17494,1540,7
"A6A3AE9EFBD9087857B9E8F48A661E50BE62A4DD","Editor\IconCache\AdvMapObjectLink\MapObjects\_(AdvMapObjectLink)\Conquest\Mountain3x3Grass",17495,17495,1614,7
"A6A3AE9EFBD9087857B9E8F48A661E50BE62A4DD","Editor\IconCache\AdvMapObjectLink\MapObjects\_(AdvMapObjectLink)\Conquest\Mountain5x5Dirt",17494,17494,3117,7
"A6A3AE9EFBD9087857B9E8F48A661E50BE62A4DD","Editor\IconCache\AdvMapObjectLink\MapObjects\_(AdvMapObjectLink)\Conquest\Mountain5x5Grass",17495,17495,3227,7
"A6A3AE9EFBD9087857B9E8F48A661E50BE62A4DD","Editor\IconCache\AdvMapObjectLink\MapObjects\_(AdvMapObjectLink)\Conquest\Mountain7x7Dirt",17494,17494,5457,7
"A6A3AE9EFBD9087857B9E8F48A661E50BE62A4DD","Editor\IconCache\AdvMapObjectLink\MapObjects\_(AdvMapObjectLink)\Conquest\Mountain7x7Grass",17495,17495,5760,7
"A6A3AE9EFBD9087857B9E8F48A661E50BE62A4DD","Editor\IconCache\AdvMapObjectLink\MapObjects\_(AdvMapObjectLink)\Heroes\Runemage",17487,17487,5871,7
"A6A3AE9EFBD9087857B9E8F48A661E50BE62A4DD","Editor\IconCache\AdvMapObjectLink\MapObjects\_(AdvMapObjectLink)\Heroes\RuneMage.(AdvMapObjectLink)",17506,17506,6926,7
"A6A3AE9EFBD9087857B9E8F48A661E50BE62A4DD","Editor\IconCache\AdvMapObjectLink\MapObjects\_(AdvMapObjectLink)\Objects-All-Terra\AntiMagicGarrison_Wall_Snow",17505,17505,5645,7
"A6A3AE9EFBD9087857B9E8F48A661E50BE62A4DD","Editor\IconCache\AdvMapObjectLink\MapObjects\_(AdvMapObjectLink)\Objects-All-Terra\Catapult",17487,17487,6109,7
"A6A3AE9EFBD9087857B9E8F48A661E50BE62A4DD","Editor\IconCache\AdvMapObjectLink\MapObjects\_(AdvMapObjectLink)\Objects-All-Terra\DwarvenTreasury",17634,17634,7289,7
"A6A3AE9EFBD9087857B9E8F48A661E50BE62A4DD","Editor\IconCache\AdvMapObjectLink\MapObjects\_(AdvMapObjectLink)\Objects-All-Terra\DwarvenTreasury_Snow",17634,17634,7373,7
"A6A3AE9EFBD9087857B9E8F48A661E50BE62A4DD","Editor\IconCache\AdvMapObjectLink\MapObjects\_(AdvMapObjectLink)\Objects-All-Terra\DwarvenWarren",17561,17561,7245,7
"A6A3AE9EFBD9087857B9E8F48A661E50BE62A4DD","Editor\IconCache\AdvMapObjectLink\MapObjects\_(AdvMapObjectLink)\Objects-All-Terra\Fountain_Of_Youth_Snow",17563,17563,6007,7
"A6A3AE9EFBD9087857B9E8F48A661E50BE62A4DD","Editor\IconCache\AdvMapObjectLink\MapObjects\_(AdvMapObjectLink)\Objects-All-Terra\GargoyleStonevault",17638,17638,4776,7
"A6A3AE9EFBD9087857B9E8F48A661E50BE62A4DD","Editor\IconCache\AdvMapObjectLink\MapObjects\_(AdvMapObjectLink)\Objects-All-Terra\GargoyleStonevault_Snow",17638,17638,4984,7
"A6A3AE9EFBD9087857B9E8F48A661E50BE62A4DD","Editor\IconCache\AdvMapObjectLink\MapObjects\_(AdvMapObjectLink)\Objects-All-Terra\Garisson_Dwarven",17522,17522,5504,7
"A6A3AE9EFBD9087857B9E8F48A661E50BE62A4DD","Editor\IconCache\AdvMapObjectLink\MapObjects\_(AdvMapObjectLink)\Objects-All-Terra\Garisson_Dwarven_Snow",17522,17522,5703,7
"A6A3AE9EFBD9087857B9E8F48A661E50BE62A4DD","Editor\IconCache\AdvMapObjectLink\MapObjects\_(AdvMapObjectLink)\Objects-All-Terra\Garrison_Anti-Magic_Snow",17522,17522,6356,7
"A6A3AE9EFBD9087857B9E8F48A661E50BE62A4DD","Editor\IconCache\AdvMapObjectLink\MapObjects\_(AdvMapObjectLink)\Objects-All-Terra\Garrison_Dwarven_Wall",17500,17500,5492,7
"A6A3AE9EFBD9087857B9E8F48A661E50BE62A4DD","Editor\IconCache\AdvMapObjectLink\MapObjects\_(AdvMapObjectLink)\Objects-All-Terra\Garrison_Dwarven_Wall_Snow",17505,17505,5715,7
"A6A3AE9EFBD9087857B9E8F48A661E50BE62A4DD","Editor\IconCache\AdvMapObjectLink\MapObjects\_(AdvMapObjectLink)\Objects-All-Terra\Garrison_evil_Snow",17522,17522,4867,7
"A6A3AE9EFBD9087857B9E8F48A661E50BE62A4DD","Editor\IconCache\AdvMapObjectLink\MapObjects\_(AdvMapObjectLink)\Objects-All-Terra\Garrison_evil_Wall_Snow",17505,17505,5009,7
"A6A3AE9EFBD9087857B9E8F48A661E50BE62A4DD","Editor\IconCache\AdvMapObjectLink\MapObjects\_(AdvMapObjectLink)\Objects-All-Terra\Garrison_Good_Snow",17522,17522,6740,7
"A6A3AE9EFBD9087857B9E8F48A661E50BE62A4DD","Editor\IconCache\AdvMapObjectLink\MapObjects\_(AdvMapObjectLink)\Objects-All-Terra\Garrison_good_wall_Snow",17505,17505,5116,7
"A6A3AE9EFBD9087857B9E8F48A661E50BE62A4DD","Editor\IconCache\AdvMapObjectLink\MapObjects\_(AdvMapObjectLink)\Objects-All-Terra\Hill_Fort_Snow",17535,17535,5331,7
"A6A3AE9EFBD9087857B9E8F48A661E50BE62A4DD","Editor\IconCache\AdvMapObjectLink\MapObjects\_(AdvMapObjectLink)\Objects-All-Terra\Hut_Of_Magi_Snow",17562,17562,4129,7
"A6A3AE9EFBD9087857B9E8F48A661E50BE62A4DD","Editor\IconCache\AdvMapObjectLink\MapObjects\_(AdvMapObjectLink)\Objects-All-Terra\LibraryOfEnlightenment",17645,17645,7132,7
"A6A3AE9EFBD9087857B9E8F48A661E50BE62A4DD","Editor\IconCache\AdvMapObjectLink\MapObjects\_(AdvMapObjectLink)\Objects-All-Terra\LibraryOfEnlightenment_Snow",17645,17645,7113,7
"A6A3AE9EFBD9087857B9E8F48A661E50BE62A4DD","Editor\IconCache\AdvMapObjectLink\MapObjects\_(AdvMapObjectLink)\Objects-All-Terra\MagmaShrine",17582,17582,8251,7
"A6A3AE9EFBD9087857B9E8F48A661E50BE62A4DD","Editor\IconCache\AdvMapObjectLink\MapObjects\_(AdvMapObjectLink)\Objects-All-Terra\NagaTemple",17489,17489,6288,7
"A6A3AE9EFBD9087857B9E8F48A661E50BE62A4DD","Editor\IconCache\AdvMapObjectLink\MapObjects\_(AdvMapObjectLink)\Objects-All-Terra\PlaneCrash",17489,17489,3523,7
"A6A3AE9EFBD9087857B9E8F48A661E50BE62A4DD","Editor\IconCache\AdvMapObjectLink\MapObjects\_(AdvMapObjectLink)\Objects-All-Terra\SchoolofMagic",17635,17635,4550,7
"A6A3AE9EFBD9087857B9E8F48A661E50BE62A4DD","Editor\IconCache\AdvMapObjectLink\MapObjects\_(AdvMapObjectLink)\Objects-All-Terra\Stables_Snow",17544,17544,3830,7
"A6A3AE9EFBD9087857B9E8F48A661E50BE62A4DD","Editor\IconCache\AdvMapObjectLink\MapObjects\_(AdvMapObjectLink)\Objects-All-Terra\TombOfTheWarrior",17704,17704,10193,7
"A6A3AE9EFBD9087857B9E8F48A661E50BE62A4DD","Editor\IconCache\AdvMapObjectLink\MapObjects\_(AdvMapObjectLink)\Objects-All-Terra\TombOfTheWarrior_Snow",17704,17704,9377,7
"A6A3AE9EFBD9087857B9E8F48A661E50BE62A4DD","Editor\IconCache\AdvMapObjectLink\MapObjects\_(AdvMapObjectLink)\Objects-All-Terra\TreantThicket",17812,17812,7888,7
"A6A3AE9EFBD9087857B9E8F48A661E50BE62A4DD","Editor\IconCache\AdvMapObjectLink\MapObjects\_(AdvMapObjectLink)\Objects-All-Terra\WarAcademy",17642,17642,7036,7
"A6A3AE9EFBD9087857B9E8F48A661E50BE62A4DD","Editor\IconCache\AdvMapObjectLink\MapObjects\_(AdvMapObjectLink)\Objects-All-Terra\WarAcademy_Snow",17642,17642,6984,7
"A6A3AE9EFBD9087857B9E8F48A661E50BE62A4DD","Editor\IconCache\AdvMapObjectLink\MapObjects\_(AdvMapObjectLink)\Objects-All-Terra\WitchBank",17586,17586,5968,7
"A6A3AE9EFBD9087857B9E8F48A661E50BE62A4DD","Editor\IconCache\AdvMapObjectLink\MapObjects\_(AdvMapObjectLink)\Objects-All-Terra\WitchBank_Snow",17586,17586,5362,7
"A6A3AE9EFBD9087857B9E8F48A661E50BE62A4DD","Editor\IconCache\AdvMapObjectLink\MapObjects\_(AdvMapObjectLink)\Objects-Border-guards\Border_Guard_1",17584,17584,6858,7
"A6A3AE9EFBD9087857B9E8F48A661E50BE62A4DD","Editor\IconCache\AdvMapObjectLink\MapObjects\_(AdvMapObjectLink)\Objects-Border-guards\Border_Guard_2",17585,17585,5999,7
"A6A3AE9EFBD9087857B9E8F48A661E50BE62A4DD","Editor\IconCache\AdvMapObjectLink\MapObjects\_(AdvMapObjectLink)\Objects-Border-guards\Border_Guard_3",17586,17586,5931,7
"A6A3AE9EFBD9087857B9E8F48A661E50BE62A4DD","Editor\IconCache\AdvMapObjectLink\MapObjects\_(AdvMapObjectLink)\Objects-Border-guards\Border_Guard_4",17587,17587,5958,7
"A6A3AE9EFBD9087857B9E8F48A661E50BE62A4DD","Editor\IconCache\AdvMapObjectLink\MapObjects\_(AdvMapObjectLink)\Objects-Border-guards\Border_Guard_5",17587,17587,5954,7
"A6A3AE9EFBD9087857B9E8F48A661E50BE62A4DD","Editor\IconCache\AdvMapObjectLink\MapObjects\_(AdvMapObjectLink)\Objects-Border-guards\Border_Guard_6",17585,17585,6012,7
"A6A3AE9EFBD9087857B9E8F48A661E50BE62A4DD","Editor\IconCache\AdvMapObjectLink\MapObjects\_(AdvMapObjectLink)\Objects-Border-guards\Border_Guard_7",17587,17587,5927,7
"A6A3AE9EFBD9087857B9E8F48A661E50BE62A4DD","Editor\IconCache\AdvMapObjectLink\MapObjects\_(AdvMapObjectLink)\Objects-Border-guards\Border_Guard_8",17584,17584,6046,7
"A6A3AE9EFBD9087857B9E8F48A661E50BE62A4DD","Editor\IconCache\AdvMapObjectLink\MapObjects\_(AdvMapObjectLink)\Objects-Border-guards\Keymaster_Tent_1",17595,17595,5631,7
"A6A3AE9EFBD9087857B9E8F48A661E50BE62A4DD","Editor\IconCache\AdvMapObjectLink\MapObjects\_(AdvMapObjectLink)\Objects-Border-guards\Keymaster_Tent_2",17596,17596,5407,7
"A6A3AE9EFBD9087857B9E8F48A661E50BE62A4DD","Editor\IconCache\AdvMapObjectLink\MapObjects\_(AdvMapObjectLink)\Objects-Border-guards\Keymaster_Tent_3",17597,17597,5641,7
"A6A3AE9EFBD9087857B9E8F48A661E50BE62A4DD","Editor\IconCache\AdvMapObjectLink\MapObjects\_(AdvMapObjectLink)\Objects-Border-guards\Keymaster_Tent_4",17598,17598,5432,7
"A6A3AE9EFBD9087857B9E8F48A661E50BE62A4DD","Editor\IconCache\AdvMapObjectLink\MapObjects\_(AdvMapObjectLink)\Objects-Border-guards\Keymaster_Tent_5",17598,17598,5450,7
"A6A3AE9EFBD9087857B9E8F48A661E50BE62A4DD","Editor\IconCache\AdvMapObjectLink\MapObjects\_(AdvMapObjectLink)\Objects-Border-guards\Keymaster_Tent_6",17596,17596,5620,7
"A6A3AE9EFBD9087857B9E8F48A661E50BE62A4DD","Editor\IconCache\AdvMapObjectLink\MapObjects\_(AdvMapObjectLink)\Objects-Border-guards\Keymaster_Tent_7",17598,17598,5228,7
"A6A3AE9EFBD9087857B9E8F48A661E50BE62A4DD","Editor\IconCache\AdvMapObjectLink\MapObjects\_(AdvMapObjectLink)\Objects-Border-guards\Keymaster_Tent_8",17595,17595,5179,7
"A6A3AE9EFBD9087857B9E8F48A661E50BE62A4DD","Editor\IconCache\AdvMapObjectLink\MapObjects\_(AdvMapObjectLink)\Objects-Subterra\Brick_big",17488,17488,5971,7
"A6A3AE9EFBD9087857B9E8F48A661E50BE62A4DD","Editor\IconCache\AdvMapObjectLink\MapObjects\_(AdvMapObjectLink)\Objects-Subterra\Brick_crash",17490,17490,2837,7
"A6A3AE9EFBD9087857B9E8F48A661E50BE62A4DD","Editor\IconCache\AdvMapObjectLink\MapObjects\_(AdvMapObjectLink)\Objects-Subterra\Brick_crash_small",17496,17496,1221,7
"A6A3AE9EFBD9087857B9E8F48A661E50BE62A4DD","Editor\IconCache\AdvMapObjectLink\MapObjects\_(AdvMapObjectLink)\Objects-Subterra\Bridge_Door",17490,17490,7541,7
"A6A3AE9EFBD9087857B9E8F48A661E50BE62A4DD","Editor\IconCache\AdvMapObjectLink\MapObjects\_(AdvMapObjectLink)\Objects-Subterra\Bridge_End",17489,17489,1390,7
"A6A3AE9EFBD9087857B9E8F48A661E50BE62A4DD","Editor\IconCache\AdvMapObjectLink\MapObjects\_(AdvMapObjectLink)\Objects-Subterra\Bridge_L",17487,17487,5962,7
"A6A3AE9EFBD9087857B9E8F48A661E50BE62A4DD","Editor\IconCache\AdvMapObjectLink\MapObjects\_(AdvMapObjectLink)\Objects-Subterra\Bridge_Segment",17493,17493,2636,7
"A6A3AE9EFBD9087857B9E8F48A661E50BE62A4DD","Editor\IconCache\AdvMapObjectLink\MapObjects\_(AdvMapObjectLink)\Objects-Subterra\Bridge_T",17487,17487,6149,7
"A6A3AE9EFBD9087857B9E8F48A661E50BE62A4DD","Editor\IconCache\AdvMapObjectLink\MapObjects\_(AdvMapObjectLink)\Objects-Subterra\Bridge_X",17487,17487,5404,7
"A6A3AE9EFBD9087857B9E8F48A661E50BE62A4DD","Editor\IconCache\AdvMapObjectLink\MapObjects\_(AdvMapObjectLink)\Objects-Subterra\Chain_01",17487,17487,1778,7
"A6A3AE9EFBD9087857B9E8F48A661E50BE62A4DD","Editor\IconCache\AdvMapObjectLink\MapObjects\_(AdvMapObjectLink)\Objects-Subterra\Chain_02",17487,17487,1887,7
"A6A3AE9EFBD9087857B9E8F48A661E50BE62A4DD","Editor\IconCache\AdvMapObjectLink\MapObjects\_(AdvMapObjectLink)\Objects-Subterra\Down_Bridge_Door",17495,17495,5637,7
"A6A3AE9EFBD9087857B9E8F48A661E50BE62A4DD","Editor\IconCache\AdvMapObjectLink\MapObjects\_(AdvMapObjectLink)\Objects-Subterra\Down_Bridge_End",17494,17494,1202,7
"A6A3AE9EFBD9087857B9E8F48A661E50BE62A4DD","Editor\IconCache\AdvMapObjectLink\MapObjects\_(AdvMapObjectLink)\Objects-Subterra\Down_Bridge_L",17492,17492,5984,7
"A6A3AE9EFBD9087857B9E8F48A661E50BE62A4DD","Editor\IconCache\AdvMapObjectLink\MapObjects\_(AdvMapObjectLink)\Objects-Subterra\Down_Bridge_Segment",17498,17498,2678,7
"A6A3AE9EFBD9087857B9E8F48A661E50BE62A4DD","Editor\IconCache\AdvMapObjectLink\MapObjects\_(AdvMapObjectLink)\Objects-Subterra\Down_Bridge_T",17492,17492,5203,7
"A6A3AE9EFBD9087857B9E8F48A661E50BE62A4DD","Editor\IconCache\AdvMapObjectLink\MapObjects\_(AdvMapObjectLink)\Objects-Subterra\Down_Bridge_X",17492,17492,4905,7
"A6A3AE9EFBD9087857B9E8F48A661E50BE62A4DD","Editor\IconCache\AdvMapObjectLink\MapObjects\_(AdvMapObjectLink)\Objects-Subterra\Dwarf_Kladka_01",17494,17494,3875,7
"A6A3AE9EFBD9087857B9E8F48A661E50BE62A4DD","Editor\IconCache\AdvMapObjectLink\MapObjects\_(AdvMapObjectLink)\Objects-Subterra\Dwarf_Kladka_02",17494,17494,5052,7
"A6A3AE9EFBD9087857B9E8F48A661E50BE62A4DD","Editor\IconCache\AdvMapObjectLink\MapObjects\_(AdvMapObjectLink)\Objects-Subterra\Dwarf_Kladka_03",17494,17494,4982,7
"A6A3AE9EFBD9087857B9E8F48A661E50BE62A4DD","Editor\IconCache\AdvMapObjectLink\MapObjects\_(AdvMapObjectLink)\Objects-Subterra\Dwarf_Tubesi_01",17494,17494,4257,7
"A6A3AE9EFBD9087857B9E8F48A661E50BE62A4DD","Editor\IconCache\AdvMapObjectLink\MapObjects\_(AdvMapObjectLink)\Objects-Subterra\Dwarf_Tubesi_02",17494,17494,1946,7
"A6A3AE9EFBD9087857B9E8F48A661E50BE62A4DD","Editor\IconCache\AdvMapObjectLink\MapObjects\_(AdvMapObjectLink)\Objects-Subterra\Fakel_01",17487,17487,7100,7
"A6A3AE9EFBD9087857B9E8F48A661E50BE62A4DD","Editor\IconCache\AdvMapObjectLink\MapObjects\_(AdvMapObjectLink)\Objects-Subterra\Fakel_02",17487,17487,1799,7
"A6A3AE9EFBD9087857B9E8F48A661E50BE62A4DD","Editor\IconCache\AdvMapObjectLink\MapObjects\_(AdvMapObjectLink)\Objects-Subterra\Fakel_03",17487,17487,3255,7
"A6A3AE9EFBD9087857B9E8F48A661E50BE62A4DD","Editor\IconCache\AdvMapObjectLink\MapObjects\_(AdvMapObjectLink)\Objects-Subterra\Fire",17483,17483,1285,7
"A6A3AE9EFBD9087857B9E8F48A661E50BE62A4DD","Editor\IconCache\AdvMapObjectLink\MapObjects\_(AdvMapObjectLink)\Objects-Subterra\FireColumn_Big",17493,17493,3719,7
"A6A3AE9EFBD9087857B9E8F48A661E50BE62A4DD","Editor\IconCache\AdvMapObjectLink\MapObjects\_(AdvMapObjectLink)\Objects-Subterra\FireColumn_Duble",17495,17495,4214,7
"A6A3AE9EFBD9087857B9E8F48A661E50BE62A4DD","Editor\IconCache\AdvMapObjectLink\MapObjects\_(AdvMapObjectLink)\Objects-Subterra\FireColumn_Litle",17495,17495,3770,7
"A6A3AE9EFBD9087857B9E8F48A661E50BE62A4DD","Editor\IconCache\AdvMapObjectLink\MapObjects\_(AdvMapObjectLink)\Objects-Subterra\FlameEffect",17490,17490,111,7
"A6A3AE9EFBD9087857B9E8F48A661E50BE62A4DD","Editor\IconCache\AdvMapObjectLink\MapObjects\_(AdvMapObjectLink)\Objects-Subterra\Kolodec",17486,17486,8052,7
"A6A3AE9EFBD9087857B9E8F48A661E50BE62A4DD","Editor\IconCache\AdvMapObjectLink\MapObjects\_(AdvMapObjectLink)\Objects-Subterra\Lava_Road",17488,17488,4857,7
"A6A3AE9EFBD9087857B9E8F48A661E50BE62A4DD","Editor\IconCache\AdvMapObjectLink\MapObjects\_(AdvMapObjectLink)\Objects-Subterra\Lava_Road_X",17490,17490,5780,7
"A6A3AE9EFBD9087857B9E8F48A661E50BE62A4DD","Editor\IconCache\AdvMapObjectLink\MapObjects\_(AdvMapObjectLink)\Objects-Subterra\Loge",17483,17483,1238,7
"A6A3AE9EFBD9087857B9E8F48A661E50BE62A4DD","Editor\IconCache\AdvMapObjectLink\MapObjects\_(AdvMapObjectLink)\Objects-Subterra\Rail",17483,17483,5651,7
"A6A3AE9EFBD9087857B9E8F48A661E50BE62A4DD","Editor\IconCache\AdvMapObjectLink\MapObjects\_(AdvMapObjectLink)\Objects-Subterra\Rail_coner",17489,17489,6987,7
"A6A3AE9EFBD9087857B9E8F48A661E50BE62A4DD","Editor\IconCache\AdvMapObjectLink\MapObjects\_(AdvMapObjectLink)\Objects-Subterra\Rail_coner_faza",17494,17494,6597,7
"A6A3AE9EFBD9087857B9E8F48A661E50BE62A4DD","Editor\IconCache\AdvMapObjectLink\MapObjects\_(AdvMapObjectLink)\Objects-Subterra\Rail_coner_faza_invert",17501,17501,6497,7
"A6A3AE9EFBD9087857B9E8F48A661E50BE62A4DD","Editor\IconCache\AdvMapObjectLink\MapObjects\_(AdvMapObjectLink)\Objects-Subterra\Rail_razvilka_invert",17499,17499,5727,7
"A6A3AE9EFBD9087857B9E8F48A661E50BE62A4DD","Editor\IconCache\AdvMapObjectLink\MapObjects\_(AdvMapObjectLink)\Objects-Subterra\Rail_razvlika",17492,17492,5842,7
"A6A3AE9EFBD9087857B9E8F48A661E50BE62A4DD","Editor\IconCache\AdvMapObjectLink\MapObjects\_(AdvMapObjectLink)\Objects-Subterra\Rail_razvlika_faza_01",17500,17500,5098,7
"A6A3AE9EFBD9087857B9E8F48A661E50BE62A4DD","Editor\IconCache\AdvMapObjectLink\MapObjects\_(AdvMapObjectLink)\Objects-Subterra\Rail_razvlika_faza_01_invert",17507,17507,5095,7
"A6A3AE9EFBD9087857B9E8F48A661E50BE62A4DD","Editor\IconCache\AdvMapObjectLink\MapObjects\_(AdvMapObjectLink)\Objects-Subterra\Rail_razvlika_faza_02",17500,17500,6693,7
"A6A3AE9EFBD9087857B9E8F48A661E50BE62A4DD","Editor\IconCache\AdvMapObjectLink\MapObjects\_(AdvMapObjectLink)\Objects-Subterra\Rail_razvlika_faza_02_invert",17507,17507,6626,7
"A6A3AE9EFBD9087857B9E8F48A661E50BE62A4DD","Editor\IconCache\AdvMapObjectLink\MapObjects\_(AdvMapObjectLink)\Objects-Subterra\Rail_Wagon",17489,17489,5191,7
"A6A3AE9EFBD9087857B9E8F48A661E50BE62A4DD","Editor\IconCache\AdvMapObjectLink\MapObjects\_(AdvMapObjectLink)\Objects-Subterra\Torch",17484,17484,1320,7
"A6A3AE9EFBD9087857B9E8F48A661E50BE62A4DD","Editor\IconCache\AdvMapObjectLink\MapObjects\_(AdvMapObjectLink)\Objects-Subterra\Wood_Crap_01",17491,17491,5115,7
"A6A3AE9EFBD9087857B9E8F48A661E50BE62A4DD","Editor\IconCache\AdvMapObjectLink\MapObjects\_(AdvMapObjectLink)\Objects-Subterra\Wood_Crap_02",17491,17491,4473,7
"A6A3AE9EFBD9087857B9E8F48A661E50BE62A4DD","Editor\IconCache\AdvMapObjectLink\MapObjects\_(AdvMapObjectLink)\Objects-Subterra\Wood_Crap_03",17491,17491,5861,7
"A6A3AE9EFBD9087857B9E8F48A661E50BE62A4DD","Editor\IconCache\AdvMapObjectLink\MapObjects\_(AdvMapObjectLink)\Objects-Subterra\Wood_Crap_04",17491,17491,3362,7
"A6A3AE9EFBD9087857B9E8F48A661E50BE62A4DD","Editor\IconCache\AdvMapObjectLink\MapObjects\_(AdvMapObjectLink)\Objects-Subterra\Wood_Crap_Colonna",17496,17496,4451,7
"A6A3AE9EFBD9087857B9E8F48A661E50BE62A4DD","Editor\IconCache\AdvMapObjectLink\MapObjects\_(AdvMapObjectLink)\Objects-Subterra\Wood_Crap_Coner_01",17497,17497,4829,7
"A6A3AE9EFBD9087857B9E8F48A661E50BE62A4DD","Editor\IconCache\AdvMapObjectLink\MapObjects\_(AdvMapObjectLink)\Objects-Subterra\Wood_Crap_Coner_02",17497,17497,5000,7
"A6A3AE9EFBD9087857B9E8F48A661E50BE62A4DD","Editor\IconCache\AdvMapObjectLink\MapObjects\_(AdvMapObjectLink)\Snow_Buildings\Alchemist_Lab_Snow",17527,17527,6897,7
"A6A3AE9EFBD9087857B9E8F48A661E50BE62A4DD","Editor\IconCache\AdvMapObjectLink\MapObjects\_(AdvMapObjectLink)\Snow_Buildings\AntiMagicGarrison_Wall_Snow",17505,17505,5645,7
"A6A3AE9EFBD9087857B9E8F48A661E50BE62A4DD","Editor\IconCache\AdvMapObjectLink\MapObjects\_(AdvMapObjectLink)\Snow_Buildings\Dragon_Utopia_Snow",17599,17599,7440,7
"A6A3AE9EFBD9087857B9E8F48A661E50BE62A4DD","Editor\IconCache\AdvMapObjectLink\MapObjects\_(AdvMapObjectLink)\Snow_Buildings\DwarvenTreasury_Snow",17634,17634,7373,7
"A6A3AE9EFBD9087857B9E8F48A661E50BE62A4DD","Editor\IconCache\AdvMapObjectLink\MapObjects\_(AdvMapObjectLink)\Snow_Buildings\DwarvenWarren_Snow",17561,17561,7067,7
"A6A3AE9EFBD9087857B9E8F48A661E50BE62A4DD","Editor\IconCache\AdvMapObjectLink\MapObjects\_(AdvMapObjectLink)\Snow_Buildings\Elemantal_Stockpile_Snow",17644,17644,7382,7
"A6A3AE9EFBD9087857B9E8F48A661E50BE62A4DD","Editor\IconCache\AdvMapObjectLink\MapObjects\_(AdvMapObjectLink)\Snow_Buildings\Fountain_Of_Youth_Snow",17563,17563,6007,7
"A6A3AE9EFBD9087857B9E8F48A661E50BE62A4DD","Editor\IconCache\AdvMapObjectLink\MapObjects\_(AdvMapObjectLink)\Snow_Buildings\GargoyleStonevault_Snow",17638,17638,4984,7
"A6A3AE9EFBD9087857B9E8F48A661E50BE62A4DD","Editor\IconCache\AdvMapObjectLink\MapObjects\_(AdvMapObjectLink)\Snow_Buildings\Garisson_Dwarven_Snow",17522,17522,5703,7
"A6A3AE9EFBD9087857B9E8F48A661E50BE62A4DD","Editor\IconCache\AdvMapObjectLink\MapObjects\_(AdvMapObjectLink)\Snow_Buildings\Garrison_Anti-Magic_Snow",17522,17522,6356,7
"A6A3AE9EFBD9087857B9E8F48A661E50BE62A4DD","Editor\IconCache\AdvMapObjectLink\MapObjects\_(AdvMapObjectLink)\Snow_Buildings\Garrison_Dwarven_Wall_Snow",17505,17505,5715,7
"A6A3AE9EFBD9087857B9E8F48A661E50BE62A4DD","Editor\IconCache\AdvMapObjectLink\MapObjects\_(AdvMapObjectLink)\Snow_Buildings\Garrison_evil_Snow",17522,17522,4867,7
"A6A3AE9EFBD9087857B9E8F48A661E50BE62A4DD","Editor\IconCache\AdvMapObjectLink\MapObjects\_(AdvMapObjectLink)\Snow_Buildings\Garrison_evil_Wall_Snow",17505,17505,5009,7
"A6A3AE9EFBD9087857B9E8F48A661E50BE62A4DD","Editor\IconCache\AdvMapObjectLink\MapObjects\_(AdvMapObjectLink)\Snow_Buildings\Garrison_Good_Snow",17522,17522,6740,7
"A6A3AE9EFBD9087857B9E8F48A661E50BE62A4DD","Editor\IconCache\AdvMapObjectLink\MapObjects\_(AdvMapObjectLink)\Snow_Buildings\Garrison_good_wall_Snow",17505,17505,5116,7
"A6A3AE9EFBD9087857B9E8F48A661E50BE62A4DD","Editor\IconCache\AdvMapObjectLink\MapObjects\_(AdvMapObjectLink)\Snow_Buildings\Gem_Pond_Snow",17519,17519,6056,7
"A6A3AE9EFBD9087857B9E8F48A661E50BE62A4DD","Editor\IconCache\AdvMapObjectLink\MapObjects\_(AdvMapObjectLink)\Snow_Buildings\Gold_Mine_Snow",17515,17515,6658,7
"A6A3AE9EFBD9087857B9E8F48A661E50BE62A4DD","Editor\IconCache\AdvMapObjectLink\MapObjects\_(AdvMapObjectLink)\Snow_Buildings\Hill_Fort_Snow",17535,17535,5331,7
"A6A3AE9EFBD9087857B9E8F48A661E50BE62A4DD","Editor\IconCache\AdvMapObjectLink\MapObjects\_(AdvMapObjectLink)\Snow_Buildings\Hut_Of_Magi_Snow",17562,17562,4129,7
"A6A3AE9EFBD9087857B9E8F48A661E50BE62A4DD","Editor\IconCache\AdvMapObjectLink\MapObjects\_(AdvMapObjectLink)\Snow_Buildings\LibraryOfEnlightenment_Snow",17645,17645,7113,7
"A6A3AE9EFBD9087857B9E8F48A661E50BE62A4DD","Editor\IconCache\AdvMapObjectLink\MapObjects\_(AdvMapObjectLink)\Snow_Buildings\MagiVault_Snow",17543,17543,3895,7
"A6A3AE9EFBD9087857B9E8F48A661E50BE62A4DD","Editor\IconCache\AdvMapObjectLink\MapObjects\_(AdvMapObjectLink)\Snow_Buildings\Ore_Pit_Snow",17518,17518,5206,7
"A6A3AE9EFBD9087857B9E8F48A661E50BE62A4DD","Editor\IconCache\AdvMapObjectLink\MapObjects\_(AdvMapObjectLink)\Snow_Buildings\Red_Wood_Observatory_Snow",17524,17524,3057,7
"A6A3AE9EFBD9087857B9E8F48A661E50BE62A4DD","Editor\IconCache\AdvMapObjectLink\MapObjects\_(AdvMapObjectLink)\Snow_Buildings\Sawmill_Snow",17519,17519,7253,7
"A6A3AE9EFBD9087857B9E8F48A661E50BE62A4DD","Editor\IconCache\AdvMapObjectLink\MapObjects\_(AdvMapObjectLink)\Snow_Buildings\School_of_Magic",17635,17635,4908,7
"A6A3AE9EFBD9087857B9E8F48A661E50BE62A4DD","Editor\IconCache\AdvMapObjectLink\MapObjects\_(AdvMapObjectLink)\Snow_Buildings\Stables_Snow",17544,17544,3830,7
"A6A3AE9EFBD9087857B9E8F48A661E50BE62A4DD","Editor\IconCache\AdvMapObjectLink\MapObjects\_(AdvMapObjectLink)\Snow_Buildings\TombOfTheWarrior_Snow",17704,17704,9377,7
"A6A3AE9EFBD9087857B9E8F48A661E50BE62A4DD","Editor\IconCache\AdvMapObjectLink\MapObjects\_(AdvMapObjectLink)\Snow_Buildings\WarAcademy_Snow",17642,17642,6984,7
"A6A3AE9EFBD9087857B9E8F48A661E50BE62A4DD","Editor\IconCache\AdvMapObjectLink\MapObjects\_(AdvMapObjectLink)\Snow_Buildings\Water_Wheel_Snow",17536,17536,9395,7
"A6A3AE9EFBD9087857B9E8F48A661E50BE62A4DD","Editor\IconCache\AdvMapObjectLink\MapObjects\_(AdvMapObjectLink)\Snow_Buildings\Windmill_Snow",17544,17544,4633,7
"A6A3AE9EFBD9087857B9E8F48A661E50BE62A4DD","Editor\IconCache\AdvMapObjectLink\MapObjects\_(AdvMapObjectLink)\Snow_Buildings\WitchBank_Snow",17586,17586,5362,7
"A6A3AE9EFBD9087857B9E8F48A661E50BE62A4DD","Editor\IconCache\AdvMapObjectLink\MapObjects\_(AdvMapObjectLink)\Towns\DwarvenTown.(AdvMapObjectLink)",17491,17491,8025,7
"A6A3AE9EFBD9087857B9E8F48A661E50BE62A4DD","Editor\IconCache\AdvMapObjectLink\MapObjects\_(AdvMapObjectLink)\Towns\Heaven_Town_Ruines",17497,17497,7982,7
"A6A3AE9EFBD9087857B9E8F48A661E50BE62A4DD","Editor\IconCache\AdvMapTile\MapObjects\_(AdvMapTile)\Snow\Snow",17483,17483,8362,7
"A6A3AE9EFBD9087857B9E8F48A661E50BE62A4DD","Editor\IconCache\AdvMapTile\MapObjects\_(AdvMapTile)\Snow\SnowRoad",17487,17487,11099,7
"A6A3AE9EFBD9087857B9E8F48A661E50BE62A4DD","Editor\IconCache\AdvMapTile\MapObjects\_(AdvMapTile)\Snow\SnowRoad2",17488,17488,10227,7
"A6A3AE9EFBD9087857B9E8F48A661E50BE62A4DD","Editor\IconCache\AdvMapTile\MapObjects\_(AdvMapTile)\Snow\Snow_(2)",17487,17487,9842,7
"A6A3AE9EFBD9087857B9E8F48A661E50BE62A4DD","Editor\IconCache\AdvMapTile\MapObjects\_(AdvMapTile)\Snow\Snow_(3)",17487,17487,11167,7
"A6A3AE9EFBD9087857B9E8F48A661E50BE62A4DD","Editor\IconCache\AdvMapTile\MapObjects\_(AdvMapTile)\SubTerrain\Dwarf_floor",17490,17490,11256,7
"A6A3AE9EFBD9087857B9E8F48A661E50BE62A4DD","Editor\IconCache\AdvMapTile\MapObjects\_(AdvMapTile)\SubTerrain\Dwarf_Floor_Incrusted",17500,17500,13025,7
"A6A3AE9EFBD9087857B9E8F48A661E50BE62A4DD","Editor\IconCache\AdvMapTile\MapObjects\_(AdvMapTile)\SubTerrain\Dwarf_Floor_Raised",17497,17497,11682,7
"A6A3AE9EFBD9087857B9E8F48A661E50BE62A4DD","Editor\IconCache\AdvMapObjectLink\MapObjects\_(AdvMapObjectLink)\Heroes\Heaven\Ornella.(AdvMapObjectLink)",17505,17505,9949,7
"A6A3AE9EFBD9087857B9E8F48A661E50BE62A4DD","Editor\IconCache\AdvMapObjectLink\MapObjects\_(AdvMapObjectLink)\Heroes\Necropolis\Giovanni.(AdvMapObjectLink)",17506,17506,4793,7
"A6A3AE9EFBD9087857B9E8F48A661E50BE62A4DD","Editor\IconCache\AdvMapObjectLink\MapObjects\_(AdvMapObjectLink)\Objects-Subterra\Columns\Dwarf_Column",17491,17491,3283,7
"A6A3AE9EFBD9087857B9E8F48A661E50BE62A4DD","Editor\IconCache\AdvMapObjectLink\MapObjects\_(AdvMapObjectLink)\Objects-Subterra\crystals\crystals_brown",17493,17493,1559,7
"A6A3AE9EFBD9087857B9E8F48A661E50BE62A4DD","Editor\IconCache\AdvMapObjectLink\MapObjects\_(AdvMapObjectLink)\Objects-Subterra\crystals\crystals_brown02",17495,17495,1391,7
"A6A3AE9EFBD9087857B9E8F48A661E50BE62A4DD","Editor\IconCache\AdvMapObjectLink\MapObjects\_(AdvMapObjectLink)\Objects-Subterra\crystals\crystals_brown03",17495,17495,1407,7
"A6A3AE9EFBD9087857B9E8F48A661E50BE62A4DD","Editor\IconCache\AdvMapObjectLink\MapObjects\_(AdvMapObjectLink)\Objects-Subterra\crystals\crystals_brown04",17495,17495,1600,7
"A6A3AE9EFBD9087857B9E8F48A661E50BE62A4DD","Editor\IconCache\AdvMapObjectLink\MapObjects\_(AdvMapObjectLink)\Objects-Subterra\crystals\crystals_deepblue01",17498,17498,1596,7
"A6A3AE9EFBD9087857B9E8F48A661E50BE62A4DD","Editor\IconCache\AdvMapObjectLink\MapObjects\_(AdvMapObjectLink)\Objects-Subterra\crystals\crystals_deepblue02",17498,17498,1378,7
"A6A3AE9EFBD9087857B9E8F48A661E50BE62A4DD","Editor\IconCache\AdvMapObjectLink\MapObjects\_(AdvMapObjectLink)\Objects-Subterra\crystals\crystals_deepblue03",17498,17498,1419,7
"A6A3AE9EFBD9087857B9E8F48A661E50BE62A4DD","Editor\IconCache\AdvMapObjectLink\MapObjects\_(AdvMapObjectLink)\Objects-Subterra\crystals\crystals_deepblue04",17498,17498,1597,7
"A6A3AE9EFBD9087857B9E8F48A661E50BE62A4DD","Editor\IconCache\AdvMapObjectLink\MapObjects\_(AdvMapObjectLink)\Objects-Subterra\crystals\crystals_orange01",17496,17496,1581,7
"A6A3AE9EFBD9087857B9E8F48A661E50BE62A4DD","Editor\IconCache\AdvMapObjectLink\MapObjects\_(AdvMapObjectLink)\Objects-Subterra\crystals\crystals_orange02",17496,17496,1386,7
"A6A3AE9EFBD9087857B9E8F48A661E50BE62A4DD","Editor\IconCache\AdvMapObjectLink\MapObjects\_(AdvMapObjectLink)\Objects-Subterra\crystals\crystals_orange03",17496,17496,1419,7
"A6A3AE9EFBD9087857B9E8F48A661E50BE62A4DD","Editor\IconCache\AdvMapObjectLink\MapObjects\_(AdvMapObjectLink)\Objects-Subterra\crystals\crystals_orange04",17496,17496,1620,7
"A6A3AE9EFBD9087857B9E8F48A661E50BE62A4DD","Editor\IconCache\AdvMapObjectLink\MapObjects\_(AdvMapObjectLink)\Objects-Subterra\crystals\crystals_violet01",17496,17496,1583,7
"A6A3AE9EFBD9087857B9E8F48A661E50BE62A4DD","Editor\IconCache\AdvMapObjectLink\MapObjects\_(AdvMapObjectLink)\Objects-Subterra\crystals\crystals_violet02",17496,17496,1385,7
"A6A3AE9EFBD9087857B9E8F48A661E50BE62A4DD","Editor\IconCache\AdvMapObjectLink\MapObjects\_(AdvMapObjectLink)\Objects-Subterra\crystals\crystals_violet03",17496,17496,1424,7
"A6A3AE9EFBD9087857B9E8F48A661E50BE62A4DD","Editor\IconCache\AdvMapObjectLink\MapObjects\_(AdvMapObjectLink)\Objects-Subterra\crystals\crystals_violet04",17496,17496,1606,7
"A6A3AE9EFBD9087857B9E8F48A661E50BE62A4DD","Editor\IconCache\AdvMapObjectLink\MapObjects\_(AdvMapObjectLink)\Objects-Subterra\crystals\crystal_green01",17494,17494,1552,7
"A6A3AE9EFBD9087857B9E8F48A661E50BE62A4DD","Editor\IconCache\AdvMapObjectLink\MapObjects\_(AdvMapObjectLink)\Objects-Subterra\crystals\crystal_green02",17494,17494,1353,7
"A6A3AE9EFBD9087857B9E8F48A661E50BE62A4DD","Editor\IconCache\AdvMapObjectLink\MapObjects\_(AdvMapObjectLink)\Objects-Subterra\crystals\crystal_green03",17494,17494,1400,7
"A6A3AE9EFBD9087857B9E8F48A661E50BE62A4DD","Editor\IconCache\AdvMapObjectLink\MapObjects\_(AdvMapObjectLink)\Objects-Subterra\crystals\crystal_green04",17494,17494,1575,7
"A6A3AE9EFBD9087857B9E8F48A661E50BE62A4DD","Editor\IconCache\AdvMapObjectLink\MapObjects\_(AdvMapObjectLink)\Objects-Subterra\crystals\crystal_red01",17492,17492,1560,7
"A6A3AE9EFBD9087857B9E8F48A661E50BE62A4DD","Editor\IconCache\AdvMapObjectLink\MapObjects\_(AdvMapObjectLink)\Objects-Subterra\crystals\crystal_red02",17492,17492,1360,7
"A6A3AE9EFBD9087857B9E8F48A661E50BE62A4DD","Editor\IconCache\AdvMapObjectLink\MapObjects\_(AdvMapObjectLink)\Objects-Subterra\crystals\crystal_red03",17492,17492,1403,7
"A6A3AE9EFBD9087857B9E8F48A661E50BE62A4DD","Editor\IconCache\AdvMapObjectLink\MapObjects\_(AdvMapObjectLink)\Objects-Subterra\crystals\crystal_red04",17492,17492,1588,7
"A6A3AE9EFBD9087857B9E8F48A661E50BE62A4DD","Editor\IconCache\AdvMapObjectLink\MapObjects\_(AdvMapObjectLink)\Objects-Subterra\crystals\crystal_yellow01",17495,17495,1557,7
"A6A3AE9EFBD9087857B9E8F48A661E50BE62A4DD","Editor\IconCache\AdvMapObjectLink\MapObjects\_(AdvMapObjectLink)\Objects-Subterra\crystals\crystal_yellow02",17495,17495,1387,7
"A6A3AE9EFBD9087857B9E8F48A661E50BE62A4DD","Editor\IconCache\AdvMapObjectLink\MapObjects\_(AdvMapObjectLink)\Objects-Subterra\crystals\crystal_yellow03",17495,17495,1414,7
"A6A3AE9EFBD9087857B9E8F48A661E50BE62A4DD","Editor\IconCache\AdvMapObjectLink\MapObjects\_(AdvMapObjectLink)\Objects-Subterra\crystals\crystal_yellow04",17495,17495,1596,7
"A6A3AE9EFBD9087857B9E8F48A661E50BE62A4DD","Editor\IconCache\AdvMapObjectLink\MapObjects\_(AdvMapObjectLink)\Objects-Subterra\Dungeonwalls\Dwarf_Corne01",17492,17492,6134,7
"A6A3AE9EFBD9087857B9E8F48A661E50BE62A4DD","Editor\IconCache\AdvMapObjectLink\MapObjects\_(AdvMapObjectLink)\Objects-Subterra\Dungeonwalls\Dwarf_Corne02",17492,17492,6046,7
"A6A3AE9EFBD9087857B9E8F48A661E50BE62A4DD","Editor\IconCache\AdvMapObjectLink\MapObjects\_(AdvMapObjectLink)\Objects-Subterra\Dungeonwalls\Dwarf_Corne04",17492,17492,8011,7
"A6A3AE9EFBD9087857B9E8F48A661E50BE62A4DD","Editor\IconCache\AdvMapObjectLink\MapObjects\_(AdvMapObjectLink)\Objects-Subterra\Dungeonwalls\Dwarf_Corne3",17491,17491,7870,7
"A6A3AE9EFBD9087857B9E8F48A661E50BE62A4DD","Editor\IconCache\AdvMapObjectLink\MapObjects\_(AdvMapObjectLink)\Objects-Subterra\Dungeonwalls\Dwarf_Inner01",17492,17492,4812,7
"A6A3AE9EFBD9087857B9E8F48A661E50BE62A4DD","Editor\IconCache\AdvMapObjectLink\MapObjects\_(AdvMapObjectLink)\Objects-Subterra\Dungeonwalls\Dwarf_Inner02",17492,17492,4572,7
"A6A3AE9EFBD9087857B9E8F48A661E50BE62A4DD","Editor\IconCache\AdvMapObjectLink\MapObjects\_(AdvMapObjectLink)\Objects-Subterra\Dungeonwalls\Dwarf_Wall01",17491,17491,8360,7
"A6A3AE9EFBD9087857B9E8F48A661E50BE62A4DD","Editor\IconCache\AdvMapObjectLink\MapObjects\_(AdvMapObjectLink)\Objects-Subterra\Dungeonwalls\Dwarf_Wall02",17491,17491,6920,7
"A6A3AE9EFBD9087857B9E8F48A661E50BE62A4DD","Editor\IconCache\AdvMapObjectLink\MapObjects\_(AdvMapObjectLink)\Objects-Subterra\Dungeonwalls\Dwarf_Wall03",17491,17491,7514,7
"A6A3AE9EFBD9087857B9E8F48A661E50BE62A4DD","Editor\IconCache\AdvMapObjectLink\MapObjects\_(AdvMapObjectLink)\Objects-Subterra\Dungeonwalls\Dwarf_Wall04",17491,17491,7221,7
"A6A3AE9EFBD9087857B9E8F48A661E50BE62A4DD","Editor\IconCache\AdvMapObjectLink\MapObjects\_(AdvMapObjectLink)\Objects-Subterra\Dungeonwalls\WallCornerDown_01",17496,17496,1829,7
"A6A3AE9EFBD9087857B9E8F48A661E50BE62A4DD","Editor\IconCache\AdvMapObjectLink\MapObjects\_(AdvMapObjectLink)\Objects-Subterra\Dungeonwalls\WallDown_01",17490,17490,3390,7
"A6A3AE9EFBD9087857B9E8F48A661E50BE62A4DD","Editor\IconCache\AdvMapObjectLink\MapObjects\_(AdvMapObjectLink)\Objects-Subterra\Dungeonwalls\WallDown_02",17490,17490,3600,7
"A6A3AE9EFBD9087857B9E8F48A661E50BE62A4DD","Editor\IconCache\AdvMapObjectLink\MapObjects\_(AdvMapObjectLink)\Objects-Subterra\Dungeonwalls\WallDown_03",17490,17490,3418,7
"A6A3AE9EFBD9087857B9E8F48A661E50BE62A4DD","Editor\IconCache\AdvMapObjectLink\MapObjects\_(AdvMapObjectLink)\Objects-Subterra\Dungeonwalls\WallDown_04",17490,17490,3402,7
"A6A3AE9EFBD9087857B9E8F48A661E50BE62A4DD","Editor\IconCache\AdvMapObjectLink\MapObjects\_(AdvMapObjectLink)\Objects-Subterra\Dungeonwalls\WallInnerDown_01",17495,17495,3940,7
"A6A3AE9EFBD9087857B9E8F48A661E50BE62A4DD","Editor\IconCache\AdvMapObjectLink\MapObjects\_(AdvMapObjectLink)\Objects-Subterra\Dungeonwalls\W_Dno_Down",17489,17489,1261,7
"A6A3AE9EFBD9087857B9E8F48A661E50BE62A4DD","Editor\IconCache\AdvMapObjectLink\MapObjects\_(AdvMapObjectLink)\Objects-Subterra\Dungeonwalls\W_StalaktitDown_01",17497,17497,5447,7
"A6A3AE9EFBD9087857B9E8F48A661E50BE62A4DD","Editor\IconCache\AdvMapObjectLink\MapObjects\_(AdvMapObjectLink)\Objects-Subterra\Dungeonwalls\W_StalaktitDown_02",17497,17497,4415,7
"A6A3AE9EFBD9087857B9E8F48A661E50BE62A4DD","Editor\IconCache\AdvMapObjectLink\MapObjects\_(AdvMapObjectLink)\Objects-Subterra\Dungeonwalls\Zaglushka",17488,17488,3017,7
"A6A3AE9EFBD9087857B9E8F48A661E50BE62A4DD","Editor\IconCache\AdvMapObjectLink\MapObjects\_(AdvMapObjectLink)\Artifacts\H5A1\BearhideWraps.(AdvMapObjectLink)",17582,17582,7888,7
"A6A3AE9EFBD9087857B9E8F48A661E50BE62A4DD","Editor\IconCache\AdvMapObjectLink\MapObjects\_(AdvMapObjectLink)\Artifacts\H5A1\BeginnersMagicStick.(AdvMapObjectLink)",17527,17527,2238,7
"A6A3AE9EFBD9087857B9E8F48A661E50BE62A4DD","Editor\IconCache\AdvMapObjectLink\MapObjects\_(AdvMapObjectLink)\Artifacts\H5A1\DwarvenSmithyHammer.(AdvMapObjectLink)",17588,17588,4879,7
"A6A3AE9EFBD9087857B9E8F48A661E50BE62A4DD","Editor\IconCache\AdvMapObjectLink\MapObjects\_(AdvMapObjectLink)\Artifacts\H5A1\OgreClub.(AdvMapObjectLink)",17576,17576,5419,7
"A6A3AE9EFBD9087857B9E8F48A661E50BE62A4DD","Editor\IconCache\AdvMapObjectLink\MapObjects\_(AdvMapObjectLink)\Artifacts\H5A1\OgreShield.(AdvMapObjectLink)",17579,17579,8120,7
"A6A3AE9EFBD9087857B9E8F48A661E50BE62A4DD","Editor\IconCache\AdvMapObjectLink\MapObjects\_(AdvMapObjectLink)\Artifacts\H5A1\RuneOfFlame.(AdvMapObjectLink)",17557,17557,4922,7
"A6A3AE9EFBD9087857B9E8F48A661E50BE62A4DD","Editor\IconCache\AdvMapObjectLink\MapObjects\_(AdvMapObjectLink)\Artifacts\H5A1\RunicWarAxe.(AdvMapObjectLink)",17536,17536,3109,7
"A6A3AE9EFBD9087857B9E8F48A661E50BE62A4DD","Editor\IconCache\AdvMapObjectLink\MapObjects\_(AdvMapObjectLink)\Artifacts\H5A1\RunicWarHarness",17541,17541,7337,7
"A6A3AE9EFBD9087857B9E8F48A661E50BE62A4DD","Editor\IconCache\AdvMapObjectLink\MapObjects\_(AdvMapObjectLink)\Artifacts\H5A1\ScullOfMarkal.(AdvMapObjectLink)",17570,17570,5818,7
"A6A3AE9EFBD9087857B9E8F48A661E50BE62A4DD","Editor\IconCache\AdvMapObjectLink\MapObjects\_(AdvMapObjectLink)\Artifacts\H5A1\TarotDeck.(AdvMapObjectLink)",17531,17531,5816,7
"A6A3AE9EFBD9087857B9E8F48A661E50BE62A4DD","Editor\IconCache\AdvMapObjectLink\MapObjects\_(AdvMapObjectLink)\Artifacts\H5A1\TomeOfDarkMagic.(AdvMapObjectLink)",17802,17802,6027,7
"A6A3AE9EFBD9087857B9E8F48A661E50BE62A4DD","Editor\IconCache\AdvMapObjectLink\MapObjects\_(AdvMapObjectLink)\Artifacts\H5A1\TomeOfDestruction.(AdvMapObjectLink)",17578,17578,6522,7
"A6A3AE9EFBD9087857B9E8F48A661E50BE62A4DD","Editor\IconCache\AdvMapObjectLink\MapObjects\_(AdvMapObjectLink)\Artifacts\H5A1\TomeOfLightMagic.(AdvMapObjectLink)",17572,17572,5395,7
"A6A3AE9EFBD9087857B9E8F48A661E50BE62A4DD","Editor\IconCache\AdvMapObjectLink\MapObjects\_(AdvMapObjectLink)\Artifacts\H5A1\TomeOfSommoningMagic.(AdvMapObjectLink)",17576,17576,6341,7
"A6A3AE9EFBD9087857B9E8F48A661E50BE62A4DD","Editor\IconCache\AdvMapObjectLink\MapObjects\_(AdvMapObjectLink)\Monsters\Dwarves\Axe_Fighter",17491,17491,7954,7
"A6A3AE9EFBD9087857B9E8F48A661E50BE62A4DD","Editor\IconCache\AdvMapObjectLink\MapObjects\_(AdvMapObjectLink)\Monsters\Dwarves\Axe_Thrower",17489,17489,7297,7
"A6A3AE9EFBD9087857B9E8F48A661E50BE62A4DD","Editor\IconCache\AdvMapObjectLink\MapObjects\_(AdvMapObjectLink)\Monsters\Dwarves\Bear_Rider",17490,17490,7312,7
"A6A3AE9EFBD9087857B9E8F48A661E50BE62A4DD","Editor\IconCache\AdvMapObjectLink\MapObjects\_(AdvMapObjectLink)\Monsters\Dwarves\Berserker",17488,17488,9275,7
"A6A3AE9EFBD9087857B9E8F48A661E50BE62A4DD","Editor\IconCache\AdvMapObjectLink\MapObjects\_(AdvMapObjectLink)\Monsters\Dwarves\Blackbear_Rider",17494,17494,6183,7
"A6A3AE9EFBD9087857B9E8F48A661E50BE62A4DD","Editor\IconCache\AdvMapObjectLink\MapObjects\_(AdvMapObjectLink)\Monsters\Dwarves\Brawler",17487,17487,7401,7
"A6A3AE9EFBD9087857B9E8F48A661E50BE62A4DD","Editor\IconCache\AdvMapObjectLink\MapObjects\_(AdvMapObjectLink)\Monsters\Dwarves\Defender",17488,17488,7798,7
"A6A3AE9EFBD9087857B9E8F48A661E50BE62A4DD","Editor\IconCache\AdvMapObjectLink\MapObjects\_(AdvMapObjectLink)\Monsters\Dwarves\Fire_Dragon",17491,17491,4781,7
"A6A3AE9EFBD9087857B9E8F48A661E50BE62A4DD","Editor\IconCache\AdvMapObjectLink\MapObjects\_(AdvMapObjectLink)\Monsters\Dwarves\Flame_Mage",17493,17493,6894,7
"A6A3AE9EFBD9087857B9E8F48A661E50BE62A4DD","Editor\IconCache\AdvMapObjectLink\MapObjects\_(AdvMapObjectLink)\Monsters\Dwarves\Magma_Dragon",17491,17491,4722,7
"A6A3AE9EFBD9087857B9E8F48A661E50BE62A4DD","Editor\IconCache\AdvMapObjectLink\MapObjects\_(AdvMapObjectLink)\Monsters\Dwarves\Rune_Mage",17490,17490,7087,7
"A6A3AE9EFBD9087857B9E8F48A661E50BE62A4DD","Editor\IconCache\AdvMapObjectLink\MapObjects\_(AdvMapObjectLink)\Monsters\Dwarves\Stout_Defender",17490,17490,8720,7
"A6A3AE9EFBD9087857B9E8F48A661E50BE62A4DD","Editor\IconCache\AdvMapObjectLink\MapObjects\_(AdvMapObjectLink)\Monsters\Dwarves\Thane",17485,17485,9182,7
"A6A3AE9EFBD9087857B9E8F48A661E50BE62A4DD","Editor\IconCache\AdvMapObjectLink\MapObjects\_(AdvMapObjectLink)\Monsters\Dwarves\Warlord",17489,17489,9678,7
"A6A3AE9EFBD9087857B9E8F48A661E50BE62A4DD","Editor\IconCache\AdvMapObjectLink\MapObjects\_(AdvMapObjectLink)\Monsters\Neutral\Manticore",17488,17488,8645,7
"A6A3AE9EFBD9087857B9E8F48A661E50BE62A4DD","Editor\IconCache\AdvMapObjectLink\MapObjects\_(AdvMapObjectLink)\Monsters\Neutral\Mummy",17484,17484,5288,7
"A6A3AE9EFBD9087857B9E8F48A661E50BE62A4DD","Editor\IconCache\AdvMapObjectLink\MapObjects\_(AdvMapObjectLink)\Monsters\Neutral\SnowApe",56,56,50,7
"A6A3AE9EFBD9087857B9E8F48A661E50BE62A4DD","Editor\IconCache\AdvMapObjectLink\MapObjects\_(AdvMapObjectLink)\Monsters\Neutral\Wolf",17483,17483,5940,7
"A6A3AE9EFBD9087857B9E8F48A661E50BE62A4DD","Editor\IconCache\AdvMapObjectLink\MapObjects\_(AdvMapObjectLink)\Monsters\Renegates\Archangel",17491,17491,9636,7
"A6A3AE9EFBD9087857B9E8F48A661E50BE62A4DD","Editor\IconCache\AdvMapObjectLink\MapObjects\_(AdvMapObjectLink)\Monsters\Renegates\Champion",17487,17487,8537,7
"A6A3AE9EFBD9087857B9E8F48A661E50BE62A4DD","Editor\IconCache\AdvMapObjectLink\MapObjects\_(AdvMapObjectLink)\Monsters\Renegates\Cleric",17485,17485,8868,7
"A6A3AE9EFBD9087857B9E8F48A661E50BE62A4DD","Editor\IconCache\AdvMapObjectLink\MapObjects\_(AdvMapObjectLink)\Monsters\Renegates\Marksman",17490,17490,6918,7
"A6A3AE9EFBD9087857B9E8F48A661E50BE62A4DD","Editor\IconCache\AdvMapObjectLink\MapObjects\_(AdvMapObjectLink)\Monsters\Renegates\Peasant",17489,17489,8038,7
"A6A3AE9EFBD9087857B9E8F48A661E50BE62A4DD","Editor\IconCache\AdvMapObjectLink\MapObjects\_(AdvMapObjectLink)\Monsters\Renegates\RoyalGriffin",17493,17493,9229,7
"A6A3AE9EFBD9087857B9E8F48A661E50BE62A4DD","Editor\IconCache\AdvMapObjectLink\MapObjects\_(AdvMapObjectLink)\Monsters\Renegates\Swordsman",17487,17487,7870,7
"A6A3AE9EFBD9087857B9E8F48A661E50BE62A4DD","Editor\IconCache\AdvMapObjectLink\MapObjects\_(AdvMapObjectLink)\Objects-Dwellings\Academy\Academy_Military_Post",17637,17637,7147,7
"A6A3AE9EFBD9087857B9E8F48A661E50BE62A4DD","Editor\IconCache\AdvMapObjectLink\MapObjects\_(AdvMapObjectLink)\Objects-Dwellings\Academy\Golem_Forge",17590,17590,5123,7
"A6A3AE9EFBD9087857B9E8F48A661E50BE62A4DD","Editor\IconCache\AdvMapObjectLink\MapObjects\_(AdvMapObjectLink)\Objects-Dwellings\Academy\Stone_Parapet",17600,17600,6725,7
"A6A3AE9EFBD9087857B9E8F48A661E50BE62A4DD","Editor\IconCache\AdvMapObjectLink\MapObjects\_(AdvMapObjectLink)\Objects-Dwellings\Academy\Workshop",17588,17588,6455,7
"A6A3AE9EFBD9087857B9E8F48A661E50BE62A4DD","Editor\IconCache\AdvMapObjectLink\MapObjects\_(AdvMapObjectLink)\Objects-Dwellings\Dungeon\Battle_Academy",17594,17594,6221,7
"A6A3AE9EFBD9087857B9E8F48A661E50BE62A4DD","Editor\IconCache\AdvMapObjectLink\MapObjects\_(AdvMapObjectLink)\Objects-Dwellings\Dungeon\Blood_Stone",17594,17594,5460,7
"A6A3AE9EFBD9087857B9E8F48A661E50BE62A4DD","Editor\IconCache\AdvMapObjectLink\MapObjects\_(AdvMapObjectLink)\Objects-Dwellings\Dungeon\Dungeon_Military_Post",17637,17637,6869,7
"A6A3AE9EFBD9087857B9E8F48A661E50BE62A4DD","Editor\IconCache\AdvMapObjectLink\MapObjects\_(AdvMapObjectLink)\Objects-Dwellings\Dungeon\Maze",17583,17583,5635,7
"A6A3AE9EFBD9087857B9E8F48A661E50BE62A4DD","Editor\IconCache\AdvMapObjectLink\MapObjects\_(AdvMapObjectLink)\Objects-Dwellings\Dwarves\DwarvenDwelling_01.(AdvMapObjectLink)",17590,17590,5276,7
"A6A3AE9EFBD9087857B9E8F48A661E50BE62A4DD","Editor\IconCache\AdvMapObjectLink\MapObjects\_(AdvMapObjectLink)\Objects-Dwellings\Dwarves\DwarvenDwelling_01_Snow",17590,17590,5462,7
"A6A3AE9EFBD9087857B9E8F48A661E50BE62A4DD","Editor\IconCache\AdvMapObjectLink\MapObjects\_(AdvMapObjectLink)\Objects-Dwellings\Dwarves\DwarvenDwelling_02.(AdvMapObjectLink)",17596,17596,5448,7
"A6A3AE9EFBD9087857B9E8F48A661E50BE62A4DD","Editor\IconCache\AdvMapObjectLink\MapObjects\_(AdvMapObjectLink)\Objects-Dwellings\Dwarves\DwarvenDwelling_02_Snow",17596,17596,5696,7
"A6A3AE9EFBD9087857B9E8F48A661E50BE62A4DD","Editor\IconCache\AdvMapObjectLink\MapObjects\_(AdvMapObjectLink)\Objects-Dwellings\Dwarves\DwarvenDwelling_03.(AdvMapObjectLink)",17588,17588,6496,7
"A6A3AE9EFBD9087857B9E8F48A661E50BE62A4DD","Editor\IconCache\AdvMapObjectLink\MapObjects\_(AdvMapObjectLink)\Objects-Dwellings\Dwarves\DwarvenDwelling_03_Snow",17588,17588,7125,7
"A6A3AE9EFBD9087857B9E8F48A661E50BE62A4DD","Editor\IconCache\AdvMapObjectLink\MapObjects\_(AdvMapObjectLink)\Objects-Dwellings\Dwarves\DwarvenDwelling_04.(AdvMapObjectLink)",17640,17640,7677,7
"A6A3AE9EFBD9087857B9E8F48A661E50BE62A4DD","Editor\IconCache\AdvMapObjectLink\MapObjects\_(AdvMapObjectLink)\Objects-Dwellings\Dwarves\DwarvenDwelling_04_Snow",17640,17640,7924,7
"A6A3AE9EFBD9087857B9E8F48A661E50BE62A4DD","Editor\IconCache\AdvMapObjectLink\MapObjects\_(AdvMapObjectLink)\Objects-Dwellings\Heaven\Archers_Tower",17584,17584,5509,7
"A6A3AE9EFBD9087857B9E8F48A661E50BE62A4DD","Editor\IconCache\AdvMapObjectLink\MapObjects\_(AdvMapObjectLink)\Objects-Dwellings\Heaven\Barracks",17578,17578,6156,7
"A6A3AE9EFBD9087857B9E8F48A661E50BE62A4DD","Editor\IconCache\AdvMapObjectLink\MapObjects\_(AdvMapObjectLink)\Objects-Dwellings\Heaven\Haven_Military_Post",17634,17634,4970,7
"A6A3AE9EFBD9087857B9E8F48A661E50BE62A4DD","Editor\IconCache\AdvMapObjectLink\MapObjects\_(AdvMapObjectLink)\Objects-Dwellings\Heaven\PeasantHut",17583,17583,7418,7
"A6A3AE9EFBD9087857B9E8F48A661E50BE62A4DD","Editor\IconCache\AdvMapObjectLink\MapObjects\_(AdvMapObjectLink)\Objects-Dwellings\Inferno\Demon_Gate",17593,17593,6543,7
"A6A3AE9EFBD9087857B9E8F48A661E50BE62A4DD","Editor\IconCache\AdvMapObjectLink\MapObjects\_(AdvMapObjectLink)\Objects-Dwellings\Inferno\Imp_Crucible",17576,17576,4323,7
"A6A3AE9EFBD9087857B9E8F48A661E50BE62A4DD","Editor\IconCache\AdvMapObjectLink\MapObjects\_(AdvMapObjectLink)\Objects-Dwellings\Inferno\Inferno_Military_Post",17638,17638,6630,7
"A6A3AE9EFBD9087857B9E8F48A661E50BE62A4DD","Editor\IconCache\AdvMapObjectLink\MapObjects\_(AdvMapObjectLink)\Objects-Dwellings\Inferno\Kennels",17593,17593,6041,7
"A6A3AE9EFBD9087857B9E8F48A661E50BE62A4DD","Editor\IconCache\AdvMapObjectLink\MapObjects\_(AdvMapObjectLink)\Objects-Dwellings\Necropolis\Forgotten_Crypt",17574,17574,6616,7
"A6A3AE9EFBD9087857B9E8F48A661E50BE62A4DD","Editor\IconCache\AdvMapObjectLink\MapObjects\_(AdvMapObjectLink)\Objects-Dwellings\Necropolis\Graveyard",17583,17583,3534,7
"A6A3AE9EFBD9087857B9E8F48A661E50BE62A4DD","Editor\IconCache\AdvMapObjectLink\MapObjects\_(AdvMapObjectLink)\Objects-Dwellings\Necropolis\Necropolis_Military_Post",17644,17644,5382,7
"A6A3AE9EFBD9087857B9E8F48A661E50BE62A4DD","Editor\IconCache\AdvMapObjectLink\MapObjects\_(AdvMapObjectLink)\Objects-Dwellings\Necropolis\Ruined_Tower",17581,17581,3333,7
"A6A3AE9EFBD9087857B9E8F48A661E50BE62A4DD","Editor\IconCache\AdvMapObjectLink\MapObjects\_(AdvMapObjectLink)\Objects-Dwellings\Preserve\Fairie_Tree",17579,17579,6630,7
"A6A3AE9EFBD9087857B9E8F48A661E50BE62A4DD","Editor\IconCache\AdvMapObjectLink\MapObjects\_(AdvMapObjectLink)\Objects-Dwellings\Preserve\High_Cabins",17585,17585,7008,7
"A6A3AE9EFBD9087857B9E8F48A661E50BE62A4DD","Editor\IconCache\AdvMapObjectLink\MapObjects\_(AdvMapObjectLink)\Objects-Dwellings\Preserve\Preserve_Military_Post",17637,17637,6551,7
"A6A3AE9EFBD9087857B9E8F48A661E50BE62A4DD","Editor\IconCache\AdvMapObjectLink\MapObjects\_(AdvMapObjectLink)\Objects-Dwellings\Preserve\Wood_Guard_Quarters",17601,17601,8068,7
"A6A3AE9EFBD9087857B9E8F48A661E50BE62A4DD","Editor\IconCache\AdvMapObjectLink\MapObjects\_(AdvMapObjectLink)\Objects-Dwellings\Random\RandomDwelling1Link",17553,17553,4000,7
"A6A3AE9EFBD9087857B9E8F48A661E50BE62A4DD","Editor\IconCache\AdvMapObjectLink\MapObjects\_(AdvMapObjectLink)\Objects-Dwellings\Random\RandomDwelling2Link",17554,17554,3654,7
"A6A3AE9EFBD9087857B9E8F48A661E50BE62A4DD","Editor\IconCache\AdvMapObjectLink\MapObjects\_(AdvMapObjectLink)\Objects-Dwellings\Random\RandomDwelling3Link",17553,17553,4679,7
"A6A3AE9EFBD9087857B9E8F48A661E50BE62A4DD","Editor\IconCache\AdvMapObjectLink\MapObjects\_(AdvMapObjectLink)\Objects-Dwellings\Random\RandomDwelling4Link",17554,17554,4784,7
"A6A3AE9EFBD9087857B9E8F48A661E50BE62A4DD","Editor\IconCache\AdvMapObjectLink\MapObjects\_(AdvMapObjectLink)\Objects-Dwellings\Random\RandomDwelling5Link",17553,17553,4792,7
"A6A3AE9EFBD9087857B9E8F48A661E50BE62A4DD","Editor\IconCache\AdvMapObjectLink\MapObjects\_(AdvMapObjectLink)\Objects-Dwellings\Random\RandomDwelling6Link",17553,17553,4797,7
"A6A3AE9EFBD9087857B9E8F48A661E50BE62A4DD","Editor\IconCache\AdvMapObjectLink\MapObjects\_(AdvMapObjectLink)\Objects-Dwellings\Random\RandomDwelling7Link",17555,17555,4770,7
"A6A3AE9EFBD9087857B9E8F48A661E50BE62A4DD","Editor\IconCache\AdvMapObjectLink\MapObjects\_(AdvMapObjectLink)\Objects-Grass\Bridges\Bridge_1end_Snow",17495,17495,5637,7
"A6A3AE9EFBD9087857B9E8F48A661E50BE62A4DD","Editor\IconCache\AdvMapObjectLink\MapObjects\_(AdvMapObjectLink)\Objects-Grass\Bridges\Bridge_1_Snow",17492,17492,7121,7
"A6A3AE9EFBD9087857B9E8F48A661E50BE62A4DD","Editor\IconCache\AdvMapObjectLink\MapObjects\_(AdvMapObjectLink)\Objects-Snow\Bushes\Bush01",17485,17485,4830,7
"A6A3AE9EFBD9087857B9E8F48A661E50BE62A4DD","Editor\IconCache\AdvMapObjectLink\MapObjects\_(AdvMapObjectLink)\Objects-Snow\Bushes\Bush02",17485,17485,2173,7
"A6A3AE9EFBD9087857B9E8F48A661E50BE62A4DD","Editor\IconCache\AdvMapObjectLink\MapObjects\_(AdvMapObjectLink)\Objects-Snow\Bushes\Bush03",17485,17485,5479,7
"A6A3AE9EFBD9087857B9E8F48A661E50BE62A4DD","Editor\IconCache\AdvMapObjectLink\MapObjects\_(AdvMapObjectLink)\Objects-Snow\Bushes\Bush04",17485,17485,4548,7
"A6A3AE9EFBD9087857B9E8F48A661E50BE62A4DD","Editor\IconCache\AdvMapObjectLink\MapObjects\_(AdvMapObjectLink)\Objects-Snow\Hommocks\Snowhommock01",17492,17492,1411,7
"A6A3AE9EFBD9087857B9E8F48A661E50BE62A4DD","Editor\IconCache\AdvMapObjectLink\MapObjects\_(AdvMapObjectLink)\Objects-Snow\Hommocks\Snowhommock02",17492,17492,1487,7
"A6A3AE9EFBD9087857B9E8F48A661E50BE62A4DD","Editor\IconCache\AdvMapObjectLink\MapObjects\_(AdvMapObjectLink)\Objects-Snow\Hommocks\Snowhommock03",17492,17492,1285,7
"A6A3AE9EFBD9087857B9E8F48A661E50BE62A4DD","Editor\IconCache\AdvMapObjectLink\MapObjects\_(AdvMapObjectLink)\Objects-Snow\Mountains\SnowM_10x11_04",17493,17493,8766,7
"A6A3AE9EFBD9087857B9E8F48A661E50BE62A4DD","Editor\IconCache\AdvMapObjectLink\MapObjects\_(AdvMapObjectLink)\Objects-Snow\Mountains\SnowM_10x12_01",17493,17493,8662,7
"A6A3AE9EFBD9087857B9E8F48A661E50BE62A4DD","Editor\IconCache\AdvMapObjectLink\MapObjects\_(AdvMapObjectLink)\Objects-Snow\Mountains\SnowM_8x8_05",17491,17491,6216,7
"A6A3AE9EFBD9087857B9E8F48A661E50BE62A4DD","Editor\IconCache\AdvMapObjectLink\MapObjects\_(AdvMapObjectLink)\Objects-Snow\Mountains\SnowM_8x8_06",17491,17491,6778,7
"A6A3AE9EFBD9087857B9E8F48A661E50BE62A4DD","Editor\IconCache\AdvMapObjectLink\MapObjects\_(AdvMapObjectLink)\Objects-Snow\Mountains\SnowM_9x10_03",17492,17492,7189,7
"A6A3AE9EFBD9087857B9E8F48A661E50BE62A4DD","Editor\IconCache\AdvMapObjectLink\MapObjects\_(AdvMapObjectLink)\Objects-Snow\Mountains\SnowM_9x11_02",17492,17492,8340,7
"A6A3AE9EFBD9087857B9E8F48A661E50BE62A4DD","Editor\IconCache\AdvMapObjectLink\MapObjects\_(AdvMapObjectLink)\Objects-Snow\Stones\BigStone01",17489,17489,5685,7
"A6A3AE9EFBD9087857B9E8F48A661E50BE62A4DD","Editor\IconCache\AdvMapObjectLink\MapObjects\_(AdvMapObjectLink)\Objects-Snow\Stones\BigStone02",17489,17489,7759,7
"A6A3AE9EFBD9087857B9E8F48A661E50BE62A4DD","Editor\IconCache\AdvMapObjectLink\MapObjects\_(AdvMapObjectLink)\Objects-Snow\Stones\BigStone03",17489,17489,5308,7
"A6A3AE9EFBD9087857B9E8F48A661E50BE62A4DD","Editor\IconCache\AdvMapObjectLink\MapObjects\_(AdvMapObjectLink)\Objects-Snow\Stones\BigStone04",17489,17489,7355,7
"A6A3AE9EFBD9087857B9E8F48A661E50BE62A4DD","Editor\IconCache\AdvMapObjectLink\MapObjects\_(AdvMapObjectLink)\Objects-Snow\Stones\SmallStone01",17491,17491,2218,7
"A6A3AE9EFBD9087857B9E8F48A661E50BE62A4DD","Editor\IconCache\AdvMapObjectLink\MapObjects\_(AdvMapObjectLink)\Objects-Snow\Stones\SmallStone02",17491,17491,2457,7
"A6A3AE9EFBD9087857B9E8F48A661E50BE62A4DD","Editor\IconCache\AdvMapObjectLink\MapObjects\_(AdvMapObjectLink)\Objects-Snow\Stones\SmallStone03",17491,17491,4094,7
"A6A3AE9EFBD9087857B9E8F48A661E50BE62A4DD","Editor\IconCache\AdvMapObjectLink\MapObjects\_(AdvMapObjectLink)\Objects-Snow\Stones\SmallStone04",17491,17491,2199,7
"A6A3AE9EFBD9087857B9E8F48A661E50BE62A4DD","Editor\IconCache\AdvMapObjectLink\MapObjects\_(AdvMapObjectLink)\Objects-Snow\Stones\SmallStone05",17491,17491,2375,7
"A6A3AE9EFBD9087857B9E8F48A661E50BE62A4DD","Editor\IconCache\AdvMapObjectLink\MapObjects\_(AdvMapObjectLink)\Objects-Snow\Stones\SmallStone06",17491,17491,2247,7
"A6A3AE9EFBD9087857B9E8F48A661E50BE62A4DD","Editor\IconCache\AdvMapObjectLink\MapObjects\_(AdvMapObjectLink)\Objects-Snow\Stones\SmallStone07",17491,17491,1391,7
"A6A3AE9EFBD9087857B9E8F48A661E50BE62A4DD","Editor\IconCache\AdvMapObjectLink\MapObjects\_(AdvMapObjectLink)\Objects-Snow\Stones\SmallStone08",17491,17491,2139,7
"A6A3AE9EFBD9087857B9E8F48A661E50BE62A4DD","Editor\IconCache\AdvMapObjectLink\MapObjects\_(AdvMapObjectLink)\Objects-Snow\Stones\SmallStone09",17491,17491,2026,7
"A6A3AE9EFBD9087857B9E8F48A661E50BE62A4DD","Editor\IconCache\AdvMapObjectLink\MapObjects\_(AdvMapObjectLink)\Objects-Snow\Stones\SmallStone10",17491,17491,2767,7
"A6A3AE9EFBD9087857B9E8F48A661E50BE62A4DD","Editor\IconCache\AdvMapObjectLink\MapObjects\_(AdvMapObjectLink)\Objects-Snow\Stones\SmallStone11",17491,17491,3281,7
"A6A3AE9EFBD9087857B9E8F48A661E50BE62A4DD","Editor\IconCache\AdvMapObjectLink\MapObjects\_(AdvMapObjectLink)\Objects-Snow\Stones\SmallStone12",17491,17491,2783,7
"A6A3AE9EFBD9087857B9E8F48A661E50BE62A4DD","Editor\IconCache\AdvMapObjectLink\MapObjects\_(AdvMapObjectLink)\Objects-Snow\Trees\CrackedSpruce01",17494,17494,4333,7
"A6A3AE9EFBD9087857B9E8F48A661E50BE62A4DD","Editor\IconCache\AdvMapObjectLink\MapObjects\_(AdvMapObjectLink)\Objects-Snow\Trees\CrackedSpruce02",17494,17494,2885,7
"A6A3AE9EFBD9087857B9E8F48A661E50BE62A4DD","Editor\IconCache\AdvMapObjectLink\MapObjects\_(AdvMapObjectLink)\Objects-Snow\Trees\CrackedSpruce03",17494,17494,2365,7
"A6A3AE9EFBD9087857B9E8F48A661E50BE62A4DD","Editor\IconCache\AdvMapObjectLink\MapObjects\_(AdvMapObjectLink)\Objects-Snow\Trees\CrackedSpruce04",17494,17494,1300,7
"A6A3AE9EFBD9087857B9E8F48A661E50BE62A4DD","Editor\IconCache\AdvMapObjectLink\MapObjects\_(AdvMapObjectLink)\Objects-Snow\Trees\CrackedSpruce05",17494,17494,2767,7
"A6A3AE9EFBD9087857B9E8F48A661E50BE62A4DD","Editor\IconCache\AdvMapObjectLink\MapObjects\_(AdvMapObjectLink)\Objects-Snow\Trees\CrackedTree",17490,17490,3409,7
"A6A3AE9EFBD9087857B9E8F48A661E50BE62A4DD","Editor\IconCache\AdvMapObjectLink\MapObjects\_(AdvMapObjectLink)\Objects-Snow\Trees\SmallSpruce01",17492,17492,2133,7
"A6A3AE9EFBD9087857B9E8F48A661E50BE62A4DD","Editor\IconCache\AdvMapObjectLink\MapObjects\_(AdvMapObjectLink)\Objects-Snow\Trees\SmallSpruce02",17492,17492,2065,7
"A6A3AE9EFBD9087857B9E8F48A661E50BE62A4DD","Editor\IconCache\AdvMapObjectLink\MapObjects\_(AdvMapObjectLink)\Objects-Snow\Trees\SmallSpruce03",17492,17492,3181,7
"A6A3AE9EFBD9087857B9E8F48A661E50BE62A4DD","Editor\IconCache\AdvMapObjectLink\MapObjects\_(AdvMapObjectLink)\Objects-Snow\Trees\SnowSpruce01",17491,17491,3806,7
"A6A3AE9EFBD9087857B9E8F48A661E50BE62A4DD","Editor\IconCache\AdvMapObjectLink\MapObjects\_(AdvMapObjectLink)\Objects-Snow\Trees\SnowSpruce02",17491,17491,2685,7
"A6A3AE9EFBD9087857B9E8F48A661E50BE62A4DD","Editor\IconCache\AdvMapObjectLink\MapObjects\_(AdvMapObjectLink)\Objects-Snow\Trees\SnowSpruce03",17491,17491,4022,7
"A6A3AE9EFBD9087857B9E8F48A661E50BE62A4DD","Editor\IconCache\AdvMapObjectLink\MapObjects\_(AdvMapObjectLink)\Objects-Snow\Trees\SnowSpruce04",17491,17491,4571,7
"A6A3AE9EFBD9087857B9E8F48A661E50BE62A4DD","Editor\IconCache\AdvMapObjectLink\MapObjects\_(AdvMapObjectLink)\Objects-Snow\Trees\SnowSpruce05",17491,17491,3446,7
"A6A3AE9EFBD9087857B9E8F48A661E50BE62A4DD","Editor\IconCache\AdvMapObjectLink\MapObjects\_(AdvMapObjectLink)\Objects-Snow\Trees\SnowSpruce06",17491,17491,2510,7
"A6A3AE9EFBD9087857B9E8F48A661E50BE62A4DD","Editor\IconCache\AdvMapObjectLink\MapObjects\_(AdvMapObjectLink)\Objects-Snow\Trees\SnowSpruce07",17491,17491,3755,7
"A6A3AE9EFBD9087857B9E8F48A661E50BE62A4DD","Editor\IconCache\AdvMapObjectLink\MapObjects\_(AdvMapObjectLink)\Objects-Snow\Trees\SnowSpruce08",17491,17491,3978,7
"A6A3AE9EFBD9087857B9E8F48A661E50BE62A4DD","Editor\IconCache\AdvMapObjectLink\MapObjects\_(AdvMapObjectLink)\Objects-Snow\Trees\SnowSpruces5x4_1",17495,17495,4535,7
"A6A3AE9EFBD9087857B9E8F48A661E50BE62A4DD","Editor\IconCache\AdvMapObjectLink\MapObjects\_(AdvMapObjectLink)\Objects-Snow\Trees\SnowSpruces5x4_2",17495,17495,5595,7
"A6A3AE9EFBD9087857B9E8F48A661E50BE62A4DD","Editor\IconCache\AdvMapObjectLink\MapObjects\_(AdvMapObjectLink)\Objects-Snow\Trees\SnowSpruces6x5_1",17495,17495,6599,7
"A6A3AE9EFBD9087857B9E8F48A661E50BE62A4DD","Editor\IconCache\AdvMapObjectLink\MapObjects\_(AdvMapObjectLink)\Objects-Snow\Trees\SnowSpruces6x5_2",17495,17495,7660,7
"A6A3AE9EFBD9087857B9E8F48A661E50BE62A4DD","Editor\IconCache\AdvMapObjectLink\MapObjects\_(AdvMapObjectLink)\TESTS\DialogScene\Alaric_DSU",17489,17489,5684,7
"A6A3AE9EFBD9087857B9E8F48A661E50BE62A4DD","Editor\IconCache\AdvMapObjectLink\MapObjects\_(AdvMapObjectLink)\TESTS\DialogScene\Ballista_DS",17490,17490,6064,7
"A6A3AE9EFBD9087857B9E8F48A661E50BE62A4DD","Editor\IconCache\AdvMapObjectLink\MapObjects\_(AdvMapObjectLink)\TESTS\DialogScene\Beatrice",17487,17487,3247,7
"A6A3AE9EFBD9087857B9E8F48A661E50BE62A4DD","Editor\IconCache\AdvMapObjectLink\MapObjects\_(AdvMapObjectLink)\TESTS\DialogScene\Biara_DS_U",17489,17489,4173,7
"A6A3AE9EFBD9087857B9E8F48A661E50BE62A4DD","Editor\IconCache\AdvMapObjectLink\MapObjects\_(AdvMapObjectLink)\TESTS\DialogScene\Caldwell",17487,17487,5015,7
"A6A3AE9EFBD9087857B9E8F48A661E50BE62A4DD","Editor\IconCache\AdvMapObjectLink\MapObjects\_(AdvMapObjectLink)\TESTS\DialogScene\Catapult_DS",17490,17490,6848,7
"A6A3AE9EFBD9087857B9E8F48A661E50BE62A4DD","Editor\IconCache\AdvMapObjectLink\MapObjects\_(AdvMapObjectLink)\TESTS\DialogScene\DragonHeart",17490,17490,1809,7
"A6A3AE9EFBD9087857B9E8F48A661E50BE62A4DD","Editor\IconCache\AdvMapObjectLink\MapObjects\_(AdvMapObjectLink)\TESTS\DialogScene\Dunkan",17485,17485,4169,7
"A6A3AE9EFBD9087857B9E8F48A661E50BE62A4DD","Editor\IconCache\AdvMapObjectLink\MapObjects\_(AdvMapObjectLink)\TESTS\DialogScene\Dunkan_DSM",17489,17489,7250,7
"A6A3AE9EFBD9087857B9E8F48A661E50BE62A4DD","Editor\IconCache\AdvMapObjectLink\MapObjects\_(AdvMapObjectLink)\TESTS\DialogScene\Freida",17485,17485,5540,7
"A6A3AE9EFBD9087857B9E8F48A661E50BE62A4DD","Editor\IconCache\AdvMapObjectLink\MapObjects\_(AdvMapObjectLink)\TESTS\DialogScene\Freyda_DSU",17489,17489,3891,7
"A6A3AE9EFBD9087857B9E8F48A661E50BE62A4DD","Editor\IconCache\AdvMapObjectLink\MapObjects\_(AdvMapObjectLink)\TESTS\DialogScene\Godric_DSU",17489,17489,5476,7
"A6A3AE9EFBD9087857B9E8F48A661E50BE62A4DD","Editor\IconCache\AdvMapObjectLink\MapObjects\_(AdvMapObjectLink)\TESTS\DialogScene\Godrik_ds.(AdvMapObjectLink)",17507,17507,7422,7
"A6A3AE9EFBD9087857B9E8F48A661E50BE62A4DD","Editor\IconCache\AdvMapObjectLink\MapObjects\_(AdvMapObjectLink)\TESTS\DialogScene\Hangvul_DSU",17490,17490,4370,7
"A6A3AE9EFBD9087857B9E8F48A661E50BE62A4DD","Editor\IconCache\AdvMapObjectLink\MapObjects\_(AdvMapObjectLink)\TESTS\DialogScene\Isabell",17486,17486,7427,7
"A6A3AE9EFBD9087857B9E8F48A661E50BE62A4DD","Editor\IconCache\AdvMapObjectLink\MapObjects\_(AdvMapObjectLink)\TESTS\DialogScene\Isabel_Biara_DSM.(AdvMapObjectLink)",17514,17514,6580,7
"A6A3AE9EFBD9087857B9E8F48A661E50BE62A4DD","Editor\IconCache\AdvMapObjectLink\MapObjects\_(AdvMapObjectLink)\TESTS\DialogScene\Isabel_Biara_DSU.(AdvMapObjectLink)",17514,17514,5113,7
"A6A3AE9EFBD9087857B9E8F48A661E50BE62A4DD","Editor\IconCache\AdvMapObjectLink\MapObjects\_(AdvMapObjectLink)\TESTS\DialogScene\Isabel_DSU",17489,17489,3536,7
"A6A3AE9EFBD9087857B9E8F48A661E50BE62A4DD","Editor\IconCache\AdvMapObjectLink\MapObjects\_(AdvMapObjectLink)\TESTS\DialogScene\Laszlo_DSM",17489,17489,7867,7
"A6A3AE9EFBD9087857B9E8F48A661E50BE62A4DD","Editor\IconCache\AdvMapObjectLink\MapObjects\_(AdvMapObjectLink)\TESTS\DialogScene\Raelag_DSU",17489,17489,4069,7
"A6A3AE9EFBD9087857B9E8F48A661E50BE62A4DD","Editor\IconCache\AdvMapObjectLink\MapObjects\_(AdvMapObjectLink)\TESTS\DialogScene\Randall",17486,17486,4377,7
"A6A3AE9EFBD9087857B9E8F48A661E50BE62A4DD","Editor\IconCache\AdvMapObjectLink\MapObjects\_(AdvMapObjectLink)\TESTS\DialogScene\Rolf_DSM",17487,17487,7913,7
"A6A3AE9EFBD9087857B9E8F48A661E50BE62A4DD","Editor\IconCache\AdvMapObjectLink\MapObjects\_(AdvMapObjectLink)\TESTS\DialogScene\Rolf_DSU",17487,17487,6191,7
"A6A3AE9EFBD9087857B9E8F48A661E50BE62A4DD","Editor\IconCache\AdvMapObjectLink\MapObjects\_(AdvMapObjectLink)\TESTS\DialogScene\Shadya_DSU",17489,17489,5249,7
"A6A3AE9EFBD9087857B9E8F48A661E50BE62A4DD","Editor\IconCache\AdvMapObjectLink\MapObjects\_(AdvMapObjectLink)\TESTS\DialogScene\Thralsai_DSM",17491,17491,9835,7
"A6A3AE9EFBD9087857B9E8F48A661E50BE62A4DD","Editor\IconCache\AdvMapObjectLink\MapObjects\_(AdvMapObjectLink)\TESTS\DialogScene\Tieru",17484,17484,5584,7
"A6A3AE9EFBD9087857B9E8F48A661E50BE62A4DD","Editor\IconCache\AdvMapObjectLink\MapObjects\_(AdvMapObjectLink)\TESTS\DialogScene\Tieru_Ghost",17484,17484,5061,7
"A6A3AE9EFBD9087857B9E8F48A661E50BE62A4DD","Editor\IconCache\AdvMapObjectLink\MapObjects\_(AdvMapObjectLink)\TESTS\DialogScene\Tolghar_DSM",17490,17490,6877,7
"A6A3AE9EFBD9087857B9E8F48A661E50BE62A4DD","Editor\IconCache\AdvMapObjectLink\MapObjects\_(AdvMapObjectLink)\TESTS\DialogScene\Tolghar_DSU",17490,17490,5346,7
"A6A3AE9EFBD9087857B9E8F48A661E50BE62A4DD","Editor\IconCache\AdvMapObjectLink\MapObjects\_(AdvMapObjectLink)\TESTS\DialogScene\wall1.(AdvMapObjectLink)",17503,17503,7804,7
"A6A3AE9EFBD9087857B9E8F48A661E50BE62A4DD","Editor\IconCache\AdvMapObjectLink\MapObjects\_(AdvMapObjectLink)\TESTS\DialogScene\Wulfstan_DSM",17491,17491,6702,7
"A6A3AE9EFBD9087857B9E8F48A661E50BE62A4DD","Editor\IconCache\AdvMapObjectLink\MapObjects\_(AdvMapObjectLink)\TESTS\DialogScene\Wulfstan_DSU",17491,17491,6261,7
"A6A3AE9EFBD9087857B9E8F48A661E50BE62A4DD","Editor\IconCache\AdvMapObjectLink\MapObjects\_(AdvMapObjectLink)\TESTS\DialogScene\Ylaya_DSM",17488,17488,8059,7
"A6A3AE9EFBD9087857B9E8F48A661E50BE62A4DD","Editor\IconCache\AdvMapObjectLink\MapObjects\_(AdvMapObjectLink)\TESTS\DialogScene\Ylaya_DSU",17488,17488,4088,7
"A6A3AE9EFBD9087857B9E8F48A661E50BE62A4DD","Editor\IconCache\AdvMapObjectLink\MapObjects\_(AdvMapObjectLink)\TESTS\Dungeon\Cylinder2x2_1",17492,17492,1793,7
"A6A3AE9EFBD9087857B9E8F48A661E50BE62A4DD","Editor\IconCache\AdvMapObjectLink\MapObjects\_(AdvMapObjectLink)\TESTS\Dungeon\Kolonna_2x2_1",17492,17492,1793,7
"A6A3AE9EFBD9087857B9E8F48A661E50BE62A4DD","Editor\IconCache\AdvMapObjectLink\MapObjects\_(AdvMapObjectLink)\TESTS\Dungeon\Kolonna_2x2_2",17492,17492,1792,7
"A6A3AE9EFBD9087857B9E8F48A661E50BE62A4DD","Editor\IconCache\AdvMapObjectLink\MapObjects\_(AdvMapObjectLink)\TESTS\GroundHole\GroundHole",17489,17489,1791,7
"A6A3AE9EFBD9087857B9E8F48A661E50BE62A4DD","Editor\IconCache\AdvMapObjectLink\MapObjects\_(AdvMapObjectLink)\TESTS\Combat_Arena\Grass\Grass_Combat_B1",17494,17494,6747,7
"A6A3AE9EFBD9087857B9E8F48A661E50BE62A4DD","Editor\IconCache\AdvMapObjectLink\MapObjects\_(AdvMapObjectLink)\TESTS\Combat_Arena\Grass\Grass_Combat_B2",17494,17494,6608,7
"A6A3AE9EFBD9087857B9E8F48A661E50BE62A4DD","support\inst\data\EN\Readme 2.0.txt",15618,15618,4023,8
"A6A3AE9EFBD9087857B9E8F48A661E50BE62A4DD","support\inst\data\EN\Readme 2.1.txt",24564,24564,5847,8
"A6A3AE9EFBD9087857B9E8F48A661E50BE62A4DD","support\inst\data\EN\Game Manual 2.0.pdf",1096580,1096580,882117,8
"A6A3AE9EFBD9087857B9E8F48A661E50BE62A4DD","support\inst\data\EN\dataa1\a1-sound.pak",200672520,200672520,200312061,8
"A6A3AE9EFBD9087857B9E8F48A661E50BE62A4DD","support\inst\data\EN\dataa1\a1-texts.pak",2230139,2230139,629669,8
"A6A3AE9EFBD9087857B9E8F48A661E50BE62A4DD","support\inst\data\EN\dataa1\a1p1-texts.pak",1970264,1970264,361945,8
"A6A3AE9EFBD9087857B9E8F48A661E50BE62A4DD","support\inst\data\EN\dataa1\p3-texts.pak",4653845,4653845,1194679,8
"A6A3AE9EFBD9087857B9E8F48A661E50BE62A4DD","support\inst\data\EN\dataa1\texts.pak",4379052,4379052,1042987,8
"A6A3AE9EFBD9087857B9E8F48A661E50BE62A4DD","support\inst\data\FR\Readme 2.0.txt",15340,15340,3874,9
"A6A3AE9EFBD9087857B9E8F48A661E50BE62A4DD","support\inst\data\FR\Readme 2.1.txt",26474,26474,6234,9
"A6A3AE9EFBD9087857B9E8F48A661E50BE62A4DD","support\inst\data\FR\Game Manual 2.0.pdf",659442,659442,579780,9
"A6A3AE9EFBD9087857B9E8F48A661E50BE62A4DD","support\inst\data\FR\dataa1\a1-sound.pak",200286124,200286124,199911904,9
"A6A3AE9EFBD9087857B9E8F48A661E50BE62A4DD","support\inst\data\FR\dataa1\a1-texts.pak",2526524,2526524,658872,9
"A6A3AE9EFBD9087857B9E8F48A661E50BE62A4DD","support\inst\data\FR\dataa1\a1p1-texts.pak",2052863,2052863,381900,9
"A6A3AE9EFBD9087857B9E8F48A661E50BE62A4DD","support\inst\data\FR\dataa1\p3-texts.pak",4758078,4758078,1245124,9
"A6A3AE9EFBD9087857B9E8F48A661E50BE62A4DD","support\inst\data\FR\dataa1\texts.pak",4480255,4480255,1107884,9
"A6A3AE9EFBD9087857B9E8F48A661E50BE62A4DD","support\inst\data\DE\Readme 2.0.txt",17428,17428,4179,10
"A6A3AE9EFBD9087857B9E8F48A661E50BE62A4DD","support\inst\data\DE\Readme 2.1.txt",23678,23678,5531,10
"A6A3AE9EFBD9087857B9E8F48A661E50BE62A4DD","support\inst\data\DE\Game Manual 2.0.pdf",661664,661664,584237,10
"A6A3AE9EFBD9087857B9E8F48A661E50BE62A4DD","support\inst\data\DE\dataa1\a1-sound.pak",210595545,210595545,210093981,10
"A6A3AE9EFBD9087857B9E8F48A661E50BE62A4DD","support\inst\data\DE\dataa1\a1-texts.pak",2223071,2223071,644484,10
"A6A3AE9EFBD9087857B9E8F48A661E50BE62A4DD","support\inst\data\DE\dataa1\a1p1-texts.pak",1983353,1983353,377485,10
"A6A3AE9EFBD9087857B9E8F48A661E50BE62A4DD","support\inst\data\DE\dataa1\p3-texts.pak",4618594,4618594,1267008,10
"A6A3AE9EFBD9087857B9E8F48A661E50BE62A4DD","support\inst\data\DE\dataa1\texts.pak",4354459,4354459,1114898,10
"A6A3AE9EFBD9087857B9E8F48A661E50BE62A4DD","support\inst\data\IT\Readme 2.0.txt",17134,17134,4044,11
"A6A3AE9EFBD9087857B9E8F48A661E50BE62A4DD","support\inst\data\IT\Readme 2.1.txt",25164,25164,5582,11
"A6A3AE9EFBD9087857B9E8F48A661E50BE62A4DD","support\inst\data\IT\Game Manual 2.0.pdf",653878,653878,577046,11
"A6A3AE9EFBD9087857B9E8F48A661E50BE62A4DD","support\inst\data\IT\dataa1\a1-sound.pak",200672520,200672520,200312061,11
"A6A3AE9EFBD9087857B9E8F48A661E50BE62A4DD","support\inst\data\IT\dataa1\a1-texts.pak",2325589,2325589,630360,11
"A6A3AE9EFBD9087857B9E8F48A661E50BE62A4DD","support\inst\data\IT\dataa1\a1p1-texts.pak",1359496,1359496,370050,11
"A6A3AE9EFBD9087857B9E8F48A661E50BE62A4DD","support\inst\data\IT\dataa1\p3-texts.pak",4834215,4834215,1231330,11
"A6A3AE9EFBD9087857B9E8F48A661E50BE62A4DD","support\inst\data\IT\dataa1\texts.pak",4414799,4414799,1084469,11
"A6A3AE9EFBD9087857B9E8F48A661E50BE62A4DD","support\inst\data\SP\Readme 2.0.txt",18686,18686,4260,12
"A6A3AE9EFBD9087857B9E8F48A661E50BE62A4DD","support\inst\data\SP\Readme 2.1.txt",28598,28598,6281,12
"A6A3AE9EFBD9087857B9E8F48A661E50BE62A4DD","support\inst\data\SP\Game Manual 2.0.pdf",707772,707772,622254,12
"A6A3AE9EFBD9087857B9E8F48A661E50BE62A4DD","support\inst\data\SP\dataa1\a1-sound.pak",201177603,201177603,200734715,12
"A6A3AE9EFBD9087857B9E8F48A661E50BE62A4DD","support\inst\data\SP\dataa1\a1-texts.pak",2264345,2264345,647988,12
"A6A3AE9EFBD9087857B9E8F48A661E50BE62A4DD","support\inst\data\SP\dataa1\a1p1-texts.pak",2025722,2025722,378405,12
"A6A3AE9EFBD9087857B9E8F48A661E50BE62A4DD","support\inst\data\SP\dataa1\p3-texts.pak",4713866,4713866,1255401,12
"A6A3AE9EFBD9087857B9E8F48A661E50BE62A4DD","support\inst\data\SP\dataa1\texts.pak",4315272,4315272,1091836,12
"A6A3AE9EFBD9087857B9E8F48A661E50BE62A4DD","support\inst\data\PL\Game Manual.pdf",1677155,1677155,1420436,13
"A6A3AE9EFBD9087857B9E8F48A661E50BE62A4DD","support\inst\data\PL\Readme 1.6.txt",26408,26408,6389,13
"A6A3AE9EFBD9087857B9E8F48A661E50BE62A4DD","support\inst\data\PL\data\data.pak",1107919017,1107919017,1077959565,13
"A6A3AE9EFBD9087857B9E8F48A661E50BE62A4DD","support\inst\data\PL\data\p3-texts.pak",3420678,3420678,1280255,13
"A6A3AE9EFBD9087857B9E8F48A661E50BE62A4DD","support\inst\data\PL\data\sound.pak",201710445,201710445,201630149,13
"A6A3AE9EFBD9087857B9E8F48A661E50BE62A4DD","support\inst\data\PL\data\texts.pak",3179448,3179448,1086281,13
"A6A3AE9EFBD9087857B9E8F48A661E50BE62A4DD","support\inst\data\PL\datals\p5-data.pak",11188267,11188267,10834223,13
"A6A3AE9EFBD9087857B9E8F48A661E50BE62A4DD","support\inst\data\PL\datals\p5-texts.pak",3224169,3224169,1007796,13
"A6A3AE9EFBD9087857B9E8F48A661E50BE62A4DD","support\inst\data\PL\datals\p6-texts.pak",3541020,3541020,1318955,13
"A6A3AE9EFBD9087857B9E8F48A661E50BE62A4DD","support\inst\data\PL\Editor Documentation\HOMM5_Combat_Replay.pdf",820168,820168,740695,13
"A6A3AE9EFBD9087857B9E8F48A661E50BE62A4DD","support\inst\data\PL\Editor Documentation\HOMM5_Dialogs_Replay.pdf",343876,343876,331231,13
"A6A3AE9EFBD9087857B9E8F48A661E50BE62A4DD","support\inst\data\PL\Editor Documentation\HOMM5_Preset_Editor.pdf",308256,308256,198285,13
"A6A3AE9EFBD9087857B9E8F48A661E50BE62A4DD","support\inst\data\PL\Editor Documentation\HOMM5_Spectator_Mode.pdf",23628,23628,19036,13
"A6A3AE9EFBD9087857B9E8F48A661E50BE62A4DD","support\inst\data\PL\Editor Documentation\HOMM5_Users_Campaign_Editor.pdf",220564,220564,143527,13
"A6A3AE9EFBD9087857B9E8F48A661E50BE62A4DD","support\inst\data\PL\video\intro.ogg",27496748,27496748,27276693,13
"A6A3AE9EFBD9087857B9E8F48A661E50BE62A4DD","support\inst\data\PL\video\outro.ogg",6392670,6392670,6341306,13
"A6A3AE9EFBD9087857B9E8F48A661E50BE62A4DD","support\inst\data\PL\Music\CS\Death-Berein.ogg",1371712,1371712,1366782,13
"A6A3AE9EFBD9087857B9E8F48A661E50BE62A4DD","support\inst\data\PL\Music\CS\Death-Nico.ogg",3557356,3557356,3546457,13
"A6A3AE9EFBD9087857B9E8F48A661E50BE62A4DD","support\inst\data\PL\Music\CS\Heart-Griffin.ogg",2778266,2778266,2770225,13
"A6A3AE9EFBD9087857B9E8F48A661E50BE62A4DD","support\inst\data\PL\Music\CS\Isabel-Trap.ogg",2470705,2470705,2460997,13
"A6A3AE9EFBD9087857B9E8F48A661E50BE62A4DD","support\inst\data\PL\Music\CS\Nico-Vampire.ogg",1925162,1925162,1922459,13
"A6A3AE9EFBD9087857B9E8F48A661E50BE62A4DD","support\inst\data\PL\Music\CS\Ritual-Isabel.ogg",1981188,1981188,1973024,13
"A6A3AE9EFBD9087857B9E8F48A661E50BE62A4DD","support\inst\data\PL\Game Manual 2.0.pdf",608251,608251,430578,14
"A6A3AE9EFBD9087857B9E8F48A661E50BE62A4DD","support\inst\data\PL\Readme 2.0.txt",18498,18498,4818,14
"A6A3AE9EFBD9087857B9E8F48A661E50BE62A4DD","support\inst\data\PL\Readme 2.1.txt",28584,28584,7058,14
"A6A3AE9EFBD9087857B9E8F48A661E50BE62A4DD","support\inst\data\PL\dataa1\a1-sound.pak",456964097,456964097,456320988,14
"A6A3AE9EFBD9087857B9E8F48A661E50BE62A4DD","support\inst\data\PL\dataa1\a1-texts.pak",1630903,1630903,652072,14
"A6A3AE9EFBD9087857B9E8F48A661E50BE62A4DD","support\inst\data\PL\dataa1\a1p1-sound.pak",11132913,11132913,11015801,14
"A6A3AE9EFBD9087857B9E8F48A661E50BE62A4DD","support\inst\data\PL\dataa1\a1p1-texts.pak",1380478,1380478,387704,14
"A6A3AE9EFBD9087857B9E8F48A661E50BE62A4DD","support\inst\data\PL\dataa1\p0-data.pak",27084909,27084909,26449822,14
"A6A3AE9EFBD9087857B9E8F48A661E50BE62A4DD","support\inst\data\PL\dataa1\p0-texts.pak",3350279,3350279,1255872,14
"A6A3AE9EFBD9087857B9E8F48A661E50BE62A4DD","support\inst\data\PL\dataa1\p1-data.pak",30561898,30561898,29995354,14
"A6A3AE9EFBD9087857B9E8F48A661E50BE62A4DD","support\inst\data\PL\dataa1\p1-texts.pak",3373649,3373649,1262969,14
"A6A3AE9EFBD9087857B9E8F48A661E50BE62A4DD","support\inst\data\PL\dataa1\p2-data.pak",7446778,7446778,7102881,14
"A6A3AE9EFBD9087857B9E8F48A661E50BE62A4DD","support\inst\data\PL\dataa1\p2-texts.pak",3413445,3413445,1281517,14
"A6A3AE9EFBD9087857B9E8F48A661E50BE62A4DD","support\inst\data\PL\dataa1\p3-data.pak",49590328,49590328,48683847,14
"A6A3AE9EFBD9087857B9E8F48A661E50BE62A4DD","support\inst\data\PL\dataa1\p3-texts.pak",3144562,3144562,996457,14
"A6A3AE9EFBD9087857B9E8F48A661E50BE62A4DD","support\inst\data\PL\dataa1\texts.pak",3349438,3349438,1273845,14
"A6A3AE9EFBD9087857B9E8F48A661E50BE62A4DD","support\inst\data\RU\Game Manual.pdf",806057,806057,732864,15
"A6A3AE9EFBD9087857B9E8F48A661E50BE62A4DD","support\inst\data\RU\Readme 1.6.txt",38636,38636,14418,15
"A6A3AE9EFBD9087857B9E8F48A661E50BE62A4DD","support\inst\data\RU\data\data.pak",1197036098,1197036098,1158575797,15
"A6A3AE9EFBD9087857B9E8F48A661E50BE62A4DD","support\inst\data\RU\data\p0-data.pak",27084909,27084909,26449822,15
"A6A3AE9EFBD9087857B9E8F48A661E50BE62A4DD","support\inst\data\RU\data\p0-sound.pak",4513200,4513200,4512678,15
"A6A3AE9EFBD9087857B9E8F48A661E50BE62A4DD","support\inst\data\RU\data\p1-data.pak",30561898,30561898,29995354,15
"A6A3AE9EFBD9087857B9E8F48A661E50BE62A4DD","support\inst\data\RU\data\p2-data.pak",7446778,7446778,7102877,15
"A6A3AE9EFBD9087857B9E8F48A661E50BE62A4DD","support\inst\data\RU\data\p3c-texts.pak",4760970,4760970,1262777,15
"A6A3AE9EFBD9087857B9E8F48A661E50BE62A4DD","support\inst\data\RU\data\sound.pak",710456104,710456104,564724356,15
"A6A3AE9EFBD9087857B9E8F48A661E50BE62A4DD","support\inst\data\RU\datals\p5-data.pak",11188267,11188267,10834123,15
"A6A3AE9EFBD9087857B9E8F48A661E50BE62A4DD","support\inst\data\RU\datals\p5-texts.pak",4858142,4858142,1275148,15
"A6A3AE9EFBD9087857B9E8F48A661E50BE62A4DD","support\inst\data\RU\datals\p6-data.pak",20615008,20615008,19888449,15
"A6A3AE9EFBD9087857B9E8F48A661E50BE62A4DD","support\inst\data\RU\datals\p6-texts.pak",4929530,4929530,1287756,15
"A6A3AE9EFBD9087857B9E8F48A661E50BE62A4DD","support\inst\data\RU\Editor Documentation\HOMM5_A1_CheatCodes.pdf",100645,100645,91321,15
"A6A3AE9EFBD9087857B9E8F48A661E50BE62A4DD","support\inst\data\RU\Editor Documentation\HOMM5_A1_Editor_Practical_Guide.pdf",5359463,5359463,5158367,15
"A6A3AE9EFBD9087857B9E8F48A661E50BE62A4DD","support\inst\data\RU\Editor Documentation\HOMM5_A1_Editor_Theory.pdf",1612531,1612531,1558251,15
"A6A3AE9EFBD9087857B9E8F48A661E50BE62A4DD","support\inst\data\RU\Editor Documentation\HOMM5_A1_Hero_Level_and_Experience.pdf",61423,61423,54664,15
"A6A3AE9EFBD9087857B9E8F48A661E50BE62A4DD","support\inst\data\RU\Editor Documentation\HOMM5_A1_RMG_Tutorial.pdf",1143457,1143457,864279,15
"A6A3AE9EFBD9087857B9E8F48A661E50BE62A4DD","support\inst\data\RU\Editor Documentation\HOMM5_A1_Script_Functions.pdf",576580,576580,516881,15
"A6A3AE9EFBD9087857B9E8F48A661E50BE62A4DD","support\inst\data\RU\Editor Documentation\HOMM5_CheatCodes_rus.pdf",100645,100645,91321,15
"A6A3AE9EFBD9087857B9E8F48A661E50BE62A4DD","support\inst\data\RU\Editor Documentation\HOMM5_Combat_Replay_rus.pdf",963873,963873,869085,15
"A6A3AE9EFBD9087857B9E8F48A661E50BE62A4DD","support\inst\data\RU\Editor Documentation\HOMM5_Dialogs_Replay_rus.pdf",563967,563967,542164,15
"A6A3AE9EFBD9087857B9E8F48A661E50BE62A4DD","support\inst\data\RU\Editor Documentation\HOMM5_Editor_Practical_Guide_rus.pdf",5359463,5359463,5158367,15
"A6A3AE9EFBD9087857B9E8F48A661E50BE62A4DD","support\inst\data\RU\Editor Documentation\HOMM5_Editor_Theory_rus.pdf",1612531,1612531,1558251,15
"A6A3AE9EFBD9087857B9E8F48A661E50BE62A4DD","support\inst\data\RU\Editor Documentation\HOMM5_Hero_Level_and_Experience_rus.pdf",61423,61423,54664,15
"A6A3AE9EFBD9087857B9E8F48A661E50BE62A4DD","support\inst\data\RU\Editor Documentation\HOMM5_IDs_for_Scripts_rus.pdf",97840,97840,51934,15
"A6A3AE9EFBD9087857B9E8F48A661E50BE62A4DD","support\inst\data\RU\Editor Documentation\HOMM5_Preset_Editor_rus.pdf",770679,770679,490840,15
"A6A3AE9EFBD9087857B9E8F48A661E50BE62A4DD","support\inst\data\RU\Editor Documentation\HOMM5_Script_Functions_rus.pdf",576580,576580,516881,15
"A6A3AE9EFBD9087857B9E8F48A661E50BE62A4DD","support\inst\data\RU\Editor Documentation\HOMM5_Spectator_Mode_rus.pdf",73541,73541,65607,15
"A6A3AE9EFBD9087857B9E8F48A661E50BE62A4DD","support\inst\data\RU\Editor Documentation\HOMM5_Users_Campaign_Editor_rus.pdf",586819,586819,413203,15
"A6A3AE9EFBD9087857B9E8F48A661E50BE62A4DD","support\inst\data\RU\video\intro.ogg",57015489,57015489,56573420,15
"A6A3AE9EFBD9087857B9E8F48A661E50BE62A4DD","support\inst\data\RU\video\outro.ogg",9450416,9450416,9375610,15
"A6A3AE9EFBD9087857B9E8F48A661E50BE62A4DD","support\inst\data\RU\music\CS\Death-Berein.ogg",3933813,3933813,3917967,15
"A6A3AE9EFBD9087857B9E8F48A661E50BE62A4DD","support\inst\data\RU\music\CS\Death-Nico.ogg",12155154,12155154,12025767,15
"A6A3AE9EFBD9087857B9E8F48A661E50BE62A4DD","support\inst\data\RU\music\CS\Heart-Griffin.ogg",9784419,9784419,9776626,15
"A6A3AE9EFBD9087857B9E8F48A661E50BE62A4DD","support\inst\data\RU\music\CS\Isabel-Trap.ogg",9587076,9587076,9581055,15
"A6A3AE9EFBD9087857B9E8F48A661E50BE62A4DD","support\inst\data\RU\music\CS\Nico-Vampire.ogg",6922922,6922922,6915933,15
"A6A3AE9EFBD9087857B9E8F48A661E50BE62A4DD","support\inst\data\RU\music\CS\Ritual-Isabel.ogg",7334054,7334054,7320054,15
"A6A3AE9EFBD9087857B9E8F48A661E50BE62A4DD","support\inst\data\RU\Game Manual 2.0.pdf",676757,676757,596738,16
"A6A3AE9EFBD9087857B9E8F48A661E50BE62A4DD","support\inst\data\RU\Readme 2.1.txt",27362,27362,6889,16
"A6A3AE9EFBD9087857B9E8F48A661E50BE62A4DD","support\inst\data\RU\dataa1\a1-data.pak",1096765955,1096765955,391290202,16
"A6A3AE9EFBD9087857B9E8F48A661E50BE62A4DD","support\inst\data\RU\dataa1\a1-sound.pak",453294562,453294562,352541842,16
"A6A3AE9EFBD9087857B9E8F48A661E50BE62A4DD","support\inst\data\RU\dataa1\a1-texts.pak",2358002,2358002,678628,16
"A6A3AE9EFBD9087857B9E8F48A661E50BE62A4DD","support\inst\data\RU\dataa1\a1p1-sound.pak",11132913,11132913,11015801,16
"A6A3AE9EFBD9087857B9E8F48A661E50BE62A4DD","support\inst\data\RU\dataa1\a1p1-texts.pak",2391453,2391453,692939,16
"A6A3AE9EFBD9087857B9E8F48A661E50BE62A4DD","support\inst\data\CZ\Game Manual.pdf",1145051,1145051,1085401,17
"A6A3AE9EFBD9087857B9E8F48A661E50BE62A4DD","support\inst\data\CZ\Readme 1.6.txt",25866,25866,6731,17
"A6A3AE9EFBD9087857B9E8F48A661E50BE62A4DD","support\inst\data\CZ\data\data.pak",1107919017,1107919017,1077959565,17
"A6A3AE9EFBD9087857B9E8F48A661E50BE62A4DD","support\inst\data\CZ\data\p3-texts.pak",3435215,3435215,1262192,17
"A6A3AE9EFBD9087857B9E8F48A661E50BE62A4DD","support\inst\data\CZ\data\sound.pak",187355822,187355822,187274586,17
"A6A3AE9EFBD9087857B9E8F48A661E50BE62A4DD","support\inst\data\CZ\data\texts.pak",3198502,3198502,1082543,17
"A6A3AE9EFBD9087857B9E8F48A661E50BE62A4DD","support\inst\data\CZ\datals\p5-data.pak",11188267,11188267,10834223,17
"A6A3AE9EFBD9087857B9E8F48A661E50BE62A4DD","support\inst\data\CZ\datals\p5-texts.pak",3175118,3175118,940886,17
"A6A3AE9EFBD9087857B9E8F48A661E50BE62A4DD","support\inst\data\CZ\datals\p6-texts.pak",3575114,3575114,1324735,17
"A6A3AE9EFBD9087857B9E8F48A661E50BE62A4DD","support\inst\data\CZ\Editor Documentation\HOMM5_Combat_Replay.pdf",818775,818775,739398,17
"A6A3AE9EFBD9087857B9E8F48A661E50BE62A4DD","support\inst\data\CZ\Editor Documentation\HOMM5_Dialogs_Replay.pdf",342159,342159,329494,17
"A6A3AE9EFBD9087857B9E8F48A661E50BE62A4DD","support\inst\data\CZ\Editor Documentation\HOMM5_Preset_Editor.pdf",311950,311950,200978,17
"A6A3AE9EFBD9087857B9E8F48A661E50BE62A4DD","support\inst\data\CZ\Editor Documentation\HOMM5_Spectator_Mode.pdf",23022,23022,17351,17
"A6A3AE9EFBD9087857B9E8F48A661E50BE62A4DD","support\inst\data\CZ\Editor Documentation\HOMM5_Users_Campaign_Editor.pdf",218360,218360,140377,17
"A6A3AE9EFBD9087857B9E8F48A661E50BE62A4DD","support\inst\data\CZ\video\intro.ogg",27496536,27496536,27276844,17
"A6A3AE9EFBD9087857B9E8F48A661E50BE62A4DD","support\inst\data\CZ\video\outro.ogg",6392575,6392575,6341369,17
"A6A3AE9EFBD9087857B9E8F48A661E50BE62A4DD","support\inst\data\CZ\music\CS\Death-Berein.ogg",1375128,1375128,1371383,17
"A6A3AE9EFBD9087857B9E8F48A661E50BE62A4DD","support\inst\data\CZ\music\CS\Death-Nico.ogg",3552132,3552132,3541919,17
"A6A3AE9EFBD9087857B9E8F48A661E50BE62A4DD","support\inst\data\CZ\music\CS\Heart-Griffn.ogg",2782138,2782138,2774586,17
"A6A3AE9EFBD9087857B9E8F48A661E50BE62A4DD","support\inst\data\CZ\music\CS\Isabel-Trap.ogg",2466405,2466405,2457119,17
"A6A3AE9EFBD9087857B9E8F48A661E50BE62A4DD","support\inst\data\CZ\music\CS\Nico-Vampire.ogg",1929974,1929974,1925790,17
"A6A3AE9EFBD9087857B9E8F48A661E50BE62A4DD","support\inst\data\CZ\music\CS\Ritual-Isabel.ogg",1982703,1982703,1974814,17
"A6A3AE9EFBD9087857B9E8F48A661E50BE62A4DD","support\inst\data\CZ\Game Manual 2.0.pdf",1080527,1080527,886553,18
"A6A3AE9EFBD9087857B9E8F48A661E50BE62A4DD","support\inst\data\CZ\Readme 2.1.txt",24020,24020,6309,18
"A6A3AE9EFBD9087857B9E8F48A661E50BE62A4DD","support\inst\data\CZ\dataa1\a1-sound.pak",433817518,433817518,433348552,18
"A6A3AE9EFBD9087857B9E8F48A661E50BE62A4DD","support\inst\data\CZ\dataa1\a1-texts.pak",1654942,1654942,677716,18
"A6A3AE9EFBD9087857B9E8F48A661E50BE62A4DD","support\inst\data\CZ\dataa1\a1p1-sound.pak",11132913,11132913,11015801,18
"A6A3AE9EFBD9087857B9E8F48A661E50BE62A4DD","support\inst\data\CZ\dataa1\a1p1-texts.pak",1371432,1371432,375079,18
"A6A3AE9EFBD9087857B9E8F48A661E50BE62A4DD","support\inst\data\CZ\dataa1\p0-data.pak",27084909,27084909,26449822,18
"A6A3AE9EFBD9087857B9E8F48A661E50BE62A4DD","support\inst\data\CZ\dataa1\p0-texts.pak",3233799,3233799,1094520,18
"A6A3AE9EFBD9087857B9E8F48A661E50BE62A4DD","support\inst\data\CZ\dataa1\p1-data.pak",30561898,30561898,29995354,18
"A6A3AE9EFBD9087857B9E8F48A661E50BE62A4DD","support\inst\data\CZ\dataa1\p1-texts.pak",4666770,4666770,1249681,18
"A6A3AE9EFBD9087857B9E8F48A661E50BE62A4DD","support\inst\data\CZ\dataa1\p2-data.pak",7446778,7446778,7102881,18
"A6A3AE9EFBD9087857B9E8F48A661E50BE62A4DD","support\inst\data\CZ\dataa1\p2-texts.pak",3425977,3425977,1259510,18
"A6A3AE9EFBD9087857B9E8F48A661E50BE62A4DD","support\inst\data\CZ\dataa1\p3-data.pak",49590328,49590328,48683847,18
"A6A3AE9EFBD9087857B9E8F48A661E50BE62A4DD","support\inst\data\CZ\dataa1\p3-texts.pak",3075298,3075298,930299,18
"A6A3AE9EFBD9087857B9E8F48A661E50BE62A4DD","support\inst\data\CZ\dataa1\texts.pak",3198502,3198502,1082543,18
"A6A3AE9EFBD9087857B9E8F48A661E50BE62A4DD","support\inst\data\HU\Game Manual.pdf",2257039,2257039,2196141,19
"A6A3AE9EFBD9087857B9E8F48A661E50BE62A4DD","support\inst\data\HU\readme 1.6.txt",14662,14662,6078,19
"A6A3AE9EFBD9087857B9E8F48A661E50BE62A4DD","support\inst\data\HU\data\data.pak",1107919017,1107919017,1077959565,19
"A6A3AE9EFBD9087857B9E8F48A661E50BE62A4DD","support\inst\data\HU\data\p0-data.pak",27084909,27084909,26449822,19
"A6A3AE9EFBD9087857B9E8F48A661E50BE62A4DD","support\inst\data\HU\data\p0-texts.pak",4258750,4258750,1216905,19
"A6A3AE9EFBD9087857B9E8F48A661E50BE62A4DD","support\inst\data\HU\data\p1-data.pak",30561898,30561898,29995354,19
"A6A3AE9EFBD9087857B9E8F48A661E50BE62A4DD","support\inst\data\HU\data\p1-texts.pak",4290130,4290130,1226273,19
"A6A3AE9EFBD9087857B9E8F48A661E50BE62A4DD","support\inst\data\HU\data\p2-data.pak",7446778,7446778,7102881,19
"A6A3AE9EFBD9087857B9E8F48A661E50BE62A4DD","support\inst\data\HU\data\p2-texts.pak",4340459,4340459,1237982,19
"A6A3AE9EFBD9087857B9E8F48A661E50BE62A4DD","support\inst\data\HU\data\p3-texts.pak",4349480,4349480,1238797,19
"A6A3AE9EFBD9087857B9E8F48A661E50BE62A4DD","support\inst\data\HU\data\sound.pak",193602532,193602532,193519748,19
"A6A3AE9EFBD9087857B9E8F48A661E50BE62A4DD","support\inst\data\HU\data\texts.pak",4256571,4256571,1217051,19
"A6A3AE9EFBD9087857B9E8F48A661E50BE62A4DD","support\inst\data\HU\datals\p5-data.pak",11188267,11188267,10834223,19
"A6A3AE9EFBD9087857B9E8F48A661E50BE62A4DD","support\inst\data\HU\datals\p5-texts.pak",4474939,4474939,966721,19
"A6A3AE9EFBD9087857B9E8F48A661E50BE62A4DD","support\inst\data\HU\datals\p6-texts.pak",4867561,4867561,1018078,19
"A6A3AE9EFBD9087857B9E8F48A661E50BE62A4DD","support\inst\data\HU\Editor Documentation\HOMM5_Combat_Replay.pdf",807479,807479,728883,19
"A6A3AE9EFBD9087857B9E8F48A661E50BE62A4DD","support\inst\data\HU\Editor Documentation\HOMM5_Dialogs_Replay.pdf",339452,339452,326829,19
"A6A3AE9EFBD9087857B9E8F48A661E50BE62A4DD","support\inst\data\HU\Editor Documentation\HOMM5_Preset_Editor.pdf",307491,307491,197502,19
"A6A3AE9EFBD9087857B9E8F48A661E50BE62A4DD","support\inst\data\HU\Editor Documentation\HOMM5_Spectator_Mode.pdf",29414,29414,20836,19
"A6A3AE9EFBD9087857B9E8F48A661E50BE62A4DD","support\inst\data\HU\Editor Documentation\HOMM5_Users_Campaign_Editor.pdf",217296,217296,139515,19
"A6A3AE9EFBD9087857B9E8F48A661E50BE62A4DD","support\inst\data\HU\video\intro.ogg",27496275,27496275,27275636,19
"A6A3AE9EFBD9087857B9E8F48A661E50BE62A4DD","support\inst\data\HU\video\outro.ogg",6392562,6392562,6341406,19
"A6A3AE9EFBD9087857B9E8F48A661E50BE62A4DD","support\inst\data\HU\music\CS\Death-Berein.ogg",1015009,1015009,1011737,19
"A6A3AE9EFBD9087857B9E8F48A661E50BE62A4DD","support\inst\data\HU\music\CS\Death-Nico.ogg",2562067,2562067,2558337,19
"A6A3AE9EFBD9087857B9E8F48A661E50BE62A4DD","support\inst\data\HU\music\CS\Heart-Griffin.ogg",2061965,2061965,2058508,19
"A6A3AE9EFBD9087857B9E8F48A661E50BE62A4DD","support\inst\data\HU\music\CS\Isabel-Trap.ogg",1846678,1846678,1843607,19
"A6A3AE9EFBD9087857B9E8F48A661E50BE62A4DD","support\inst\data\HU\music\CS\Nico-Vampire.ogg",1425532,1425532,1423596,19
"A6A3AE9EFBD9087857B9E8F48A661E50BE62A4DD","support\inst\data\HU\music\CS\Ritual-Isabel.ogg",1461367,1461367,1458747,19
"A6A3AE9EFBD9087857B9E8F48A661E50BE62A4DD","support\inst\data\HU\Game Manual 2.0.pdf",1085199,1085199,893753,20
"A6A3AE9EFBD9087857B9E8F48A661E50BE62A4DD","support\inst\data\HU\Readme 2.1.txt",25040,25040,6267,20
"A6A3AE9EFBD9087857B9E8F48A661E50BE62A4DD","support\inst\data\HU\dataa1\a1-sound.pak",200668360,200668360,200307998,20
"A6A3AE9EFBD9087857B9E8F48A661E50BE62A4DD","support\inst\data\HU\dataa1\a1-texts.pak",2162283,2162283,665022,20
"A6A3AE9EFBD9087857B9E8F48A661E50BE62A4DD","support\inst\data\HU\dataa1\a1p1-sound.pak",11132913,11132913,11015801,20
"A6A3AE9EFBD9087857B9E8F48A661E50BE62A4DD","support\inst\data\HU\dataa1\a1p1-texts.pak",1370292,1370292,377205,20
"A6A3AE9EFBD9087857B9E8F48A661E50BE62A4DD","support\inst\data\HU\dataa1\p0-data.pak",27084909,27084909,26449822,20
"A6A3AE9EFBD9087857B9E8F48A661E50BE62A4DD","support\inst\data\HU\dataa1\p0-texts.pak",4258750,4258750,1216905,20
"A6A3AE9EFBD9087857B9E8F48A661E50BE62A4DD","support\inst\data\HU\dataa1\p1-data.pak",30561898,30561898,29995354,20
"A6A3AE9EFBD9087857B9E8F48A661E50BE62A4DD","support\inst\data\HU\dataa1\p1-texts.pak",4290130,4290130,1226273,20
"A6A3AE9EFBD9087857B9E8F48A661E50BE62A4DD","support\inst\data\HU\dataa1\p2-data.pak",7446778,7446778,7102881,20
"A6A3AE9EFBD9087857B9E8F48A661E50BE62A4DD","support\inst\data\HU\dataa1\p2-texts.pak",4340459,4340459,1237982,20
"A6A3AE9EFBD9087857B9E8F48A661E50BE62A4DD","support\inst\data\HU\dataa1\p3-data.pak",49590328,49590328,48683847,20
"A6A3AE9EFBD9087857B9E8F48A661E50BE62A4DD","support\inst\data\HU\dataa1\p3-texts.pak",3069757,3069757,916037,20
"A6A3AE9EFBD9087857B9E8F48A661E50BE62A4DD","support\inst\data\HU\dataa1\texts.pak",4256571,4256571,1217051,20
"A6A3AE9EFBD9087857B9E8F48A661E50BE62A4DD","support\inst\data\SCH\Game Manual.pdf",5800635,5800635,5442588,21
"A6A3AE9EFBD9087857B9E8F48A661E50BE62A4DD","support\inst\data\SCH\Readme 1.6.txt",12378,12378,5098,21
"A6A3AE9EFBD9087857B9E8F48A661E50BE62A4DD","support\inst\data\SCH\splash.bmp",921656,921656,744694,21
"A6A3AE9EFBD9087857B9E8F48A661E50BE62A4DD","support\inst\data\SCH\data\LocalizableTextures.pak",13712,13712,13375,21
"A6A3AE9EFBD9087857B9E8F48A661E50BE62A4DD","support\inst\data\SCH\data\p0-data.pak",27084909,27084909,26449822,21
"A6A3AE9EFBD9087857B9E8F48A661E50BE62A4DD","support\inst\data\SCH\data\p1-data.pak",30561898,30561898,29995354,21
"A6A3AE9EFBD9087857B9E8F48A661E50BE62A4DD","support\inst\data\SCH\data\p2-data.pak",13205064,13205064,12853856,21
"A6A3AE9EFBD9087857B9E8F48A661E50BE62A4DD","support\inst\data\SCH\data\p3-texts.pak",10079979,10079979,6553828,21
"A6A3AE9EFBD9087857B9E8F48A661E50BE62A4DD","support\inst\data\SCH\data\p3c-data.pak",69214487,69214487,67696073,21
"A6A3AE9EFBD9087857B9E8F48A661E50BE62A4DD","support\inst\data\SCH\data\sound.pak",193602532,193602532,193519748,21
"A6A3AE9EFBD9087857B9E8F48A661E50BE62A4DD","support\inst\data\SCH\data\texts.pak",10007624,10007624,6491976,21
"A6A3AE9EFBD9087857B9E8F48A661E50BE62A4DD","support\inst\data\SCH\data\widechar.chk",1,1,10,21
"A6A3AE9EFBD9087857B9E8F48A661E50BE62A4DD","support\inst\data\SCH\datals\p5-data.pak",11188267,11188267,10834223,21
"A6A3AE9EFBD9087857B9E8F48A661E50BE62A4DD","support\inst\data\SCH\datals\p5-texts.pak",4155549,4155549,606048,21
"A6A3AE9EFBD9087857B9E8F48A661E50BE62A4DD","support\inst\data\SCH\datals\p6-data.pak",20615008,20615008,19888446,21
"A6A3AE9EFBD9087857B9E8F48A661E50BE62A4DD","support\inst\data\SCH\datals\p6-texts.pak",10386029,10386029,6669492,21
"A6A3AE9EFBD9087857B9E8F48A661E50BE62A4DD","support\inst\data\SCH\Editor Documentation\HOMM5_Combat_Replay.pdf",837898,837898,754919,21
"A6A3AE9EFBD9087857B9E8F48A661E50BE62A4DD","support\inst\data\SCH\Editor Documentation\HOMM5_Dialogs_Replay.pdf",343056,343056,329419,21
"A6A3AE9EFBD9087857B9E8F48A661E50BE62A4DD","support\inst\data\SCH\Editor Documentation\HOMM5_Preset_Editor.pdf",326996,326996,213381,21
"A6A3AE9EFBD9087857B9E8F48A661E50BE62A4DD","support\inst\data\SCH\Editor Documentation\HOMM5_Spectator_Mode.pdf",36831,36831,28810,21
"A6A3AE9EFBD9087857B9E8F48A661E50BE62A4DD","support\inst\data\SCH\Editor Documentation\HOMM5_Users_Campaign_Editor.pdf",307254,307254,223606,21
"A6A3AE9EFBD9087857B9E8F48A661E50BE62A4DD","support\inst\data\SCH\video\claim.ogg",108868,108868,103067,21
"A6A3AE9EFBD9087857B9E8F48A661E50BE62A4DD","support\inst\data\SCH\video\intro.ogg",44097117,44097117,43741899,21
"A6A3AE9EFBD9087857B9E8F48A661E50BE62A4DD","support\inst\data\SCH\video\outro.ogg",7340174,7340174,7282569,21
"A6A3AE9EFBD9087857B9E8F48A661E50BE62A4DD","support\inst\data\SCH\music\CS\Death-Berein.ogg",1015009,1015009,1011737,21
"A6A3AE9EFBD9087857B9E8F48A661E50BE62A4DD","support\inst\data\SCH\music\CS\Death-Nico.ogg",2562067,2562067,2558337,21
"A6A3AE9EFBD9087857B9E8F48A661E50BE62A4DD","support\inst\data\SCH\music\CS\Heart-Griffin.ogg",2061965,2061965,2058508,21
"A6A3AE9EFBD9087857B9E8F48A661E50BE62A4DD","support\inst\data\SCH\music\CS\Isabel-Trap.ogg",1846678,1846678,1843607,21
"A6A3AE9EFBD9087857B9E8F48A661E50BE62A4DD","support\inst\data\SCH\music\CS\Nico-Vampire.ogg",1425532,1425532,1423596,21
"A6A3AE9EFBD9087857B9E8F48A661E50BE62A4DD","support\inst\data\SCH\music\CS\Ritual-Isabel.ogg",1461367,1461367,1458747,21
"A6A3AE9EFBD9087857B9E8F48A661E50BE62A4DD","support\inst\data\SCH\Game Manual 2.0.pdf",930503,930503,687663,22
"A6A3AE9EFBD9087857B9E8F48A661E50BE62A4DD","support\inst\data\SCH\Readme 2.1.txt",10710,10710,5040,22
"A6A3AE9EFBD9087857B9E8F48A661E50BE62A4DD","support\inst\data\SCH\dataa1\a1-sound.pak",200672520,200672520,200312061,22
"A6A3AE9EFBD9087857B9E8F48A661E50BE62A4DD","support\inst\data\SCH\dataa1\a1-texts.pak",1909160,1909160,241361,22
"A6A3AE9EFBD9087857B9E8F48A661E50BE62A4DD","support\inst\data\SCH\dataa1\a1p1-texts.pak",8515350,8515350,6870843,22
"A6A3AE9EFBD9087857B9E8F48A661E50BE62A4DD","support\inst\data\SCH\dataa1\LocalizableTextures.pak",20243,20243,19889,22
"A6A3AE9EFBD9087857B9E8F48A661E50BE62A4DD","support\inst\data\SCH\dataa1\p0-data.pak",27084909,27084909,26449822,22
"A6A3AE9EFBD9087857B9E8F48A661E50BE62A4DD","support\inst\data\SCH\dataa1\p1-data.pak",30561898,30561898,29995354,22
"A6A3AE9EFBD9087857B9E8F48A661E50BE62A4DD","support\inst\data\SCH\dataa1\p2-data.pak",7446778,7446778,7102881,22
"A6A3AE9EFBD9087857B9E8F48A661E50BE62A4DD","support\inst\data\SCH\dataa1\p3-texts.pak",4075521,4075521,597861,22
"A6A3AE9EFBD9087857B9E8F48A661E50BE62A4DD","support\inst\data\SCH\dataa1\sound.pak",200672520,200672520,200312061,22
"A6A3AE9EFBD9087857B9E8F48A661E50BE62A4DD","support\inst\data\SCH\dataa1\texts.pak",10007624,10007624,6491976,22
"A6A3AE9EFBD9087857B9E8F48A661E50BE62A4DD","support\inst\data\SCH\dataa1\widechar.chk",1,1,10,22
